{"type":"Topology","arcs":[[[82695,54230],[56,-3]],[[82751,54227],[8,-56],[-27,-12],[-37,71]],[[84569,46546],[31,5],[29,33],[7,26],[63,61]],[[84699,46671],[-3,-43],[11,-24],[29,25],[9,28],[21,-43],[-5,-74],[-19,-12],[-28,11],[0,-65],[12,-20],[12,-84]],[[84738,46370],[-16,-30],[-9,-72],[-34,-50],[-31,-87],[-54,-79],[-12,-43],[-22,-30],[-82,-5],[-25,-60],[-28,-10],[-30,-40],[-58,-2],[-28,18],[-6,52],[15,34],[56,51],[-1,27],[-47,21],[4,49],[16,23],[11,160],[27,50],[22,21],[35,81],[11,3]],[[84452,46452],[25,-49],[21,31],[32,-66],[10,66],[24,48],[5,64]],[[82657,54228],[-17,-21],[-29,7],[21,-55],[12,6],[45,-97],[26,-47],[-12,-27],[26,-28],[-22,-39],[-27,-5],[-29,21],[-14,-32],[-18,15],[-59,7],[-5,-53],[7,-29],[28,-40],[33,0],[-1,-36],[-20,-39],[-5,-70],[28,-7],[8,-40],[38,-9],[10,-51],[-6,-107],[42,-31],[12,-87],[42,-81],[13,-49],[11,-8],[7,-61],[-13,-30],[-19,-10],[-32,-89],[3,-65],[15,-61],[24,-20],[32,-74],[40,-53],[43,-45],[27,-64],[25,-13],[46,-86],[22,-83],[21,10],[20,-22],[0,-43],[-18,-35],[-21,-19],[-18,-37],[-31,24],[-34,-24],[-38,20],[-12,-20],[-19,31],[-36,10],[-33,31],[-22,86],[-24,0],[20,-55],[15,-72],[-10,-40],[-22,29],[-28,-16],[-19,-41],[-5,-51],[-30,-86],[0,-45],[-14,-20],[-14,-57],[-12,-134],[15,-52],[-12,-34],[-14,-99],[15,-71],[-9,-23],[5,-48],[34,50],[2,-31],[-8,-88],[-10,-37],[21,-23],[0,-30],[-35,-7],[-10,-39],[-25,-7],[-17,36],[-14,-54],[-24,-42],[-39,-127],[-19,-21],[-38,-13],[-16,-21],[0,-39],[-42,-32],[-20,-34],[5,-72],[-11,-17],[-53,-40],[-29,-49],[18,-10],[26,24],[19,-18],[-10,-29],[15,-35],[-1,-65],[-10,-32],[-19,-10],[10,-56],[38,12],[20,-31],[-18,-167],[-63,-2],[22,-41],[-7,-37],[1,-99],[-10,-58],[-25,-48],[-8,40],[-21,40],[-8,-35],[23,-77],[20,-42],[-28,-21],[1,-53],[-23,-24],[-21,-83],[-12,-91],[-36,-14],[-22,-37],[-48,-48],[-146,-118],[-51,-49],[-45,-57],[-25,0],[-5,22],[7,69],[-7,90],[2,99],[-21,69],[-4,51],[-31,-6],[-41,51],[-43,29],[-18,-5],[-44,-43],[-48,-24],[-22,9],[3,91],[-7,65],[-42,1],[-8,-31],[-26,-5],[-29,40],[-16,57],[-41,49],[-24,-54],[20,-44],[-112,-150],[-26,-8],[-37,56],[-25,15],[-27,-9],[-24,-30],[-40,-83],[-19,-27],[-23,16],[6,106],[-8,98],[5,74],[-20,89],[-2,48],[-23,-40],[9,-29],[-33,-37],[-38,45],[-42,-4],[-66,-71],[-42,-13],[-42,41],[-26,-40],[-13,99],[-30,20],[-68,-74],[-16,62],[11,63],[-12,84],[-13,11],[18,51],[-17,55],[-5,85],[-13,53],[10,74],[-15,84],[-34,28],[-14,28],[5,32],[20,23],[11,49],[10,123],[-11,84],[-28,36],[-2,69],[-24,10],[-28,76],[-16,-17],[-22,21],[-4,30],[-40,29],[-9,-38],[-37,33],[-8,91],[19,0],[14,25],[-5,39],[-23,-5],[-25,21],[-14,33],[-9,122],[8,49],[16,-5],[3,74],[-9,59],[40,-5],[-37,58],[-18,76],[-15,25],[-26,8],[-9,23],[7,60],[-10,49],[5,64],[-14,42],[-6,68],[24,30],[11,64],[-15,83],[37,141],[0,66],[10,35],[43,62],[27,82],[-2,72],[61,32],[23,53]],[[80456,53032],[-5,-30],[-27,-81],[5,-43],[28,-31],[-2,-72],[10,-37],[34,-61],[12,-36],[25,-14],[12,-53],[33,-55],[21,-10],[24,-78],[2,-26],[24,-4],[20,-45],[37,-33],[16,24],[48,9],[19,51],[95,45],[43,-35],[52,-10],[33,19],[29,-21],[17,8],[24,61],[53,24],[23,123],[-1,46],[32,32],[29,11],[20,25],[83,-8],[24,17],[33,-7],[14,-19],[-14,-70],[32,9],[19,-25],[46,-21],[21,-33],[29,12],[26,-42],[14,-5],[45,61],[28,59],[40,13],[29,-23],[55,45],[11,1],[29,-39],[19,19],[-2,38],[17,36],[13,55],[0,73],[11,24],[34,23],[4,71],[-18,6],[-8,57],[7,65],[39,28],[15,35],[43,70],[18,7],[-8,57],[-30,11],[2,66],[12,22],[-11,38],[20,58],[16,23],[13,42],[27,-29],[35,23],[14,73],[-9,28],[9,87],[23,48],[-14,95],[1,59],[10,86],[-14,23],[23,82],[7,75],[48,64],[1,37],[16,4],[29,-18],[10,-29],[29,63],[29,-14],[23,16],[22,-51],[29,17],[51,9],[9,16],[26,-22],[33,9],[16,-9],[51,2],[14,12],[39,-54],[16,-34],[43,-24]],[[89159,50335],[-1,-374],[0,-317],[1,-458],[0,-591],[0,-411],[-9,-99],[-11,-47],[-12,-11],[-3,-55],[18,-92],[17,-19],[0,-246],[0,-368],[0,-272],[0,-387]],[[89159,46588],[-33,33],[-65,140],[-32,97],[-71,132],[-61,93],[-28,80],[-84,-10],[-32,-31],[-44,-12],[-20,16],[-23,44],[-31,-22],[-49,-91],[-21,89],[6,21],[17,12],[-4,21],[1,70],[24,33],[3,64],[24,112],[-16,25],[-21,5],[-20,84],[-55,97],[60,-4],[27,-23],[43,-2],[1,23],[-34,-5],[-20,27],[-30,9],[-27,21],[-53,98],[3,30],[20,8],[24,-12],[23,53],[-42,64],[2,53],[-59,116],[-21,97],[-7,81],[-25,84],[-1,34],[-32,65],[4,33],[-28,-7],[-3,89],[14,23],[-34,37],[-20,48],[-3,37],[-23,-23],[-32,81],[-35,23],[-31,42],[-18,7],[-10,29],[-28,27],[-13,-8],[-19,23],[-55,29],[-37,-3],[-129,145],[-25,1],[-64,51],[-18,39],[-50,19],[-19,-5],[-82,37],[-43,-16],[-24,5],[-63,75],[-9,25],[-29,10],[-23,31],[-5,36],[-18,5],[10,126],[-45,-62],[-28,66],[-20,-10],[-12,-55],[-12,28],[-23,16],[-5,90],[-22,-21],[-19,11],[-18,-19],[-13,63],[-19,52],[-12,-30],[-26,46],[-18,86],[15,20],[-4,112],[46,84],[9,71],[-14,5],[-8,-37],[-37,-59],[-3,-39],[2,-99],[-26,-70],[4,-48],[-22,-33],[-27,-57],[0,-45],[13,-27],[-52,-118],[-16,-15],[-36,10],[-31,-30],[-17,14],[-32,93],[-2,77],[-15,64],[7,31],[35,-8],[14,51],[-15,45],[-13,8],[-6,104],[-23,-3],[-10,-30],[-25,56],[-14,77],[-63,93],[-38,17],[-31,-24],[-22,25],[11,70],[24,55],[22,12],[106,-23],[26,-49],[16,-5],[28,43],[55,148],[39,33],[23,3],[18,-43],[45,-15],[18,-25],[16,16],[28,-38],[8,47],[22,-76],[4,57],[-8,46],[33,48],[8,54],[-24,43],[22,64],[-64,-39],[-14,-22],[-31,-18],[-29,4],[-41,19],[-35,-7],[-63,-38],[-36,22],[-32,-35],[-17,16],[-7,38],[-15,15],[-59,-49],[-18,12],[-19,48],[-39,35],[-28,81],[-12,92],[25,48],[-25,9],[-30,62],[-31,25],[-38,43],[-26,4],[-14,-14],[-15,59],[-14,-43],[-33,-31],[-22,41],[-34,-2],[7,104],[13,22],[29,12],[21,78],[10,96],[-13,55],[68,41],[28,-5],[53,21],[29,22],[6,28],[27,47],[20,16],[6,31],[48,49],[46,22],[67,-13],[9,5],[54,-53],[42,-34],[28,-12],[37,-55],[28,-55],[47,-12],[13,11],[39,-15],[64,16],[34,-51],[-3,-45],[-15,-39],[26,-110],[21,-37],[22,-79],[-15,-50],[-6,-79],[-33,-63],[16,-147],[3,-58],[-10,-55],[9,-23],[2,-78],[9,-40],[38,-82],[20,-128],[17,-63],[19,11],[-8,48],[-8,98],[6,37],[17,30],[18,-19],[10,-37],[3,-152],[9,-76],[20,-11],[25,21],[-11,-63],[16,-111],[21,-21],[8,-29],[35,-18],[46,-4],[13,-11],[41,14],[26,42],[21,64],[22,17],[34,79],[19,15],[15,121],[16,39],[49,48],[19,37],[6,64],[17,56],[-3,36],[18,40],[22,5],[56,-27],[21,6],[53,61],[20,14],[37,4],[20,21],[-10,40],[4,32],[-29,35],[11,58],[58,45],[51,64],[72,66],[37,0],[41,-73],[43,-22],[36,-35],[85,-46],[39,-76],[16,-20],[24,-2],[44,-31],[49,-62],[51,-43],[13,-20],[46,-36],[28,-35],[23,-10],[54,10],[13,19],[19,-15],[10,-32],[34,-31],[16,34],[31,-22],[30,-2],[34,-30],[1,-83],[26,16],[41,4]],[[84206,46980],[-6,-35],[-32,-12],[-15,-45],[-12,41],[25,38],[40,13]],[[85619,47081],[-7,-18],[-28,4],[0,36],[24,7],[11,-29]],[[85841,47106],[-10,-31],[-40,22],[11,26],[39,-17]],[[85483,47134],[7,-31],[-22,-15],[-1,48],[16,-2]],[[82684,47140],[-27,-124],[-23,12],[2,96],[20,18],[28,-2]],[[86417,47439],[1,-30],[-18,-19],[-12,33],[29,16]],[[86379,47493],[-34,-4],[4,32],[30,-28]],[[86437,47568],[-22,-44],[-26,-3],[7,42],[41,5]],[[83599,47639],[1,-19],[-41,7],[0,26],[40,-14]],[[83543,47757],[4,-31],[-28,-12],[-14,25],[0,63],[38,-45]],[[88542,47929],[8,-35],[-28,-5],[-5,56],[25,-16]],[[87418,48038],[8,-24],[-19,-82],[-11,37],[22,69]],[[87390,48134],[-27,-53],[-13,51],[-29,27],[-1,21],[23,33],[38,-52],[9,-27]],[[87455,48211],[12,-28],[-13,-71],[-12,34],[13,65]],[[87326,48231],[-14,-31],[-26,39],[-12,51],[-19,17],[1,50],[28,4],[2,-59],[28,-60],[12,-11]],[[80529,47319],[-7,-4],[-63,36],[-47,11],[-17,-7],[-16,35],[-75,16],[-23,-27],[-35,31],[-4,40],[-31,-48],[-62,0],[-12,-57],[-12,-15],[-35,0],[-52,18],[-52,27],[-24,-3],[-16,34],[-34,14],[-26,53],[-50,43],[-56,6],[-29,16],[-162,27],[-41,58],[6,59],[40,88],[-1,41],[-24,16],[-13,-21],[-34,5],[-22,40],[-22,10],[-20,34],[-26,11],[-51,-19],[-20,9],[-41,-12],[-68,26],[-14,25],[29,59],[12,-23],[13,-60],[48,111],[5,77],[18,-30],[20,13],[12,45],[2,118],[16,91],[24,51],[6,37],[15,22],[15,-18],[3,-43],[17,-16],[22,42],[29,-30],[37,-24],[15,16],[32,0],[16,-14],[20,-42],[56,15],[1,43],[13,51],[29,-33],[36,10],[21,-12],[32,-98],[42,-24],[16,-29],[37,28],[78,-79],[14,2],[20,49],[40,-5],[4,-54],[23,-58],[23,-26],[10,-106],[8,-53],[40,-29],[24,14],[25,-32],[21,32],[40,-39],[58,-11],[24,9],[15,33],[11,-19],[54,-16],[47,-32],[24,-2],[60,18],[44,-47],[32,15],[28,64],[20,85],[5,71],[19,62],[54,31],[35,-31],[19,-111],[10,-24],[52,-12],[24,7],[18,44],[32,-24],[36,-67],[40,-16],[26,14],[25,-63],[35,-6],[47,20],[26,-3],[12,-20],[29,3],[-6,-49],[14,-77],[14,-30],[5,-45],[23,28],[11,-33],[-4,-83],[-13,-24],[0,-48],[23,-35],[35,-32],[18,-4],[27,-42],[30,-7],[16,-28],[64,51],[36,-12],[40,0],[15,25],[25,0],[19,34],[17,-7],[18,-40],[33,0],[34,-31],[24,-44],[-8,-65],[2,-41],[-12,-83],[-13,-144],[29,-121],[35,-26],[11,-30],[-8,-34],[-58,15],[-1,48],[-23,31],[-29,-20],[-26,5],[-20,19],[-15,-9],[-16,25],[-55,28],[-23,40],[-31,17],[-17,30],[-15,-7],[-19,38],[-41,27],[-35,-9],[-23,-18],[-24,-46],[-19,16],[-45,-41],[-42,32],[-22,0],[-21,28],[-95,22],[-27,1],[-37,27],[-21,-21],[-12,-44],[-35,31],[-28,1],[-2,21],[-44,15],[-31,-19],[-16,24],[-32,-5],[-42,28],[-43,15],[-60,37],[-123,131],[-35,27]],[[84316,48812],[23,-12],[4,-45],[-22,-4],[-5,61]],[[85342,49632],[6,-31],[-23,-20],[-10,36],[27,15]],[[85448,49928],[-4,-29],[-23,16],[13,43],[14,-30]],[[85491,50011],[2,-47],[-27,-4],[7,55],[18,-4]],[[85542,50153],[11,-13],[-13,-46],[-26,17],[28,42]],[[83290,51329],[6,50],[-4,41],[-17,63],[-10,79],[7,133],[7,32],[-4,44],[-17,-8],[-26,40],[10,47],[29,-61],[13,-8],[17,93],[-26,72],[0,31],[21,21],[-4,32],[16,75],[33,25],[-2,87],[11,43],[34,24],[14,28],[3,58],[9,35],[19,-18],[-2,-52],[36,-43],[27,-9],[13,29],[1,38],[18,54],[14,-7],[20,51],[6,84],[-1,55],[40,21],[53,-25],[30,-42],[32,15],[14,-13],[14,-65],[18,-28],[24,-6],[82,21],[12,-39],[32,18],[41,-30],[61,6],[20,-23],[27,-8],[63,-85],[19,24],[14,59],[35,-19],[76,-1],[54,-35],[14,11],[22,-19],[39,-12],[32,4],[17,34],[40,27],[11,22],[34,31],[9,59],[12,27],[57,5],[6,35],[-18,12],[-1,48],[20,33],[20,-9],[44,51],[-4,57],[28,44],[10,33],[19,-25],[38,-7],[-3,-48],[23,-57],[-30,-37],[-13,-41],[-17,-100],[-38,-117],[-21,-18],[-44,-78],[-8,-47],[-13,-27],[-24,-83],[3,-18],[-53,-60],[-70,-27],[-90,-23],[-31,-26],[-18,21],[-50,-3],[-42,16],[-46,110],[-26,-19],[-41,5],[-62,-6],[-12,9],[-67,0],[-44,-16],[-35,7],[-15,-19],[-51,-13],[-31,56],[-45,8],[-6,-29],[-52,-13],[-9,11],[-34,-15],[-13,-26],[-36,20],[-27,-14],[-28,39],[-31,23],[-49,-1],[-35,-29],[-29,-58],[-40,-113],[-12,-101],[-17,-44],[-8,-80],[7,-89],[19,-169],[43,-133],[23,-29],[24,19],[24,-40],[23,-75],[-4,-63],[15,-38],[15,-66],[36,30],[24,-30],[27,8],[24,-23],[26,57],[8,69],[19,31],[65,167],[45,27],[0,-44],[15,-27],[59,-12],[20,20],[29,-3],[10,23],[4,51],[15,19],[77,9],[35,-2],[29,-23],[55,17],[-9,39],[-28,5],[12,43],[56,7],[14,25],[45,-8],[46,-42],[14,-66],[-5,-55],[-10,-24],[-5,-62],[-20,-28],[-20,15],[-25,52],[2,27],[-16,31],[-10,-27],[-69,-25],[-26,-106],[-20,-29],[-47,-128],[-30,-64],[-52,-70],[-11,12],[-30,-12],[-23,-29],[-43,-31],[-12,-66],[-17,-43],[-43,-9],[-23,36],[-4,27],[-36,18],[4,-79],[30,-35],[28,-45],[5,-43],[18,-26],[23,-1],[34,-62],[16,-72],[14,-29],[24,-87],[-1,-46],[13,-29],[32,-36],[5,-34],[26,-13],[7,-22],[-9,-65],[29,-53],[24,-17],[-11,-47],[-21,15],[-29,-92],[11,-43],[-8,-45],[-17,-16],[14,-57],[29,-41],[24,-2],[24,-78],[35,-13],[-9,-37],[12,-51],[3,-47],[39,-8],[15,25],[10,-59],[-2,-111],[-20,-18],[-36,59],[20,-93],[-24,-1],[-4,28],[-20,20],[-28,-22],[-18,11],[-53,-28],[-37,-32],[-17,-61],[-1,-47],[18,-49],[-5,-25],[-27,-11],[-29,6],[-18,19],[-33,-13],[-13,28],[-29,25],[-19,50],[-1,43],[11,82],[4,120],[14,-3],[12,86],[-21,38],[-55,30],[-32,93],[-22,6],[-16,38],[-58,110],[-7,54],[6,33],[24,70],[25,42],[-5,74],[9,51],[-3,73],[-13,16],[12,41],[-17,52],[-64,27],[-53,-39],[-12,-38],[-69,-89],[-17,-28],[15,-122],[28,-30],[10,-30],[-8,-66],[8,-164],[7,-36],[-17,-57],[-9,-59],[-1,-98],[8,-38],[2,-94],[-7,-33],[11,-49],[0,-59],[12,-30],[-16,-117],[-22,-24],[0,-70],[-12,-90],[32,-108],[22,-153],[-12,-8],[-26,62],[-62,-50],[-31,18],[-20,-3],[-30,-71],[-23,-6],[-21,14],[-4,35],[-24,-8],[-9,43],[-22,21],[-23,95],[7,95],[8,43],[14,25],[19,109],[-10,75],[28,109],[10,144],[-8,41],[8,46],[-6,34],[7,76],[-13,1],[-35,147],[14,79],[-3,48],[-42,37],[-14,1],[-24,-35],[-14,6],[-37,-18],[-28,-32],[-24,125],[4,31],[-12,76],[-13,42],[25,21],[8,111],[-31,-1],[-4,50],[10,72],[8,17],[26,-16],[28,41],[9,37],[26,41],[-2,138],[14,47],[9,64],[38,43],[3,62],[-16,76],[7,70],[-8,46],[-1,61],[8,100],[35,68],[8,77],[15,65],[40,65],[-6,24],[21,31],[21,-111],[10,-23]],[[78040,52884],[0,33],[-17,88],[-23,73],[3,50],[26,29],[40,-5],[4,-41],[32,-43],[33,-57],[8,-75],[14,-82],[13,-37],[46,-31],[33,9],[19,-15],[68,-119],[26,-30],[10,-43],[-2,-37],[15,-38],[-2,-67],[13,-48],[23,-37],[29,-65],[35,-38],[32,7],[58,-14],[21,-29],[29,-68],[5,-67],[-100,-106],[14,-17],[38,23],[48,66],[26,15],[15,46],[39,27],[16,-11],[34,-47],[13,-34],[34,-37],[13,-41],[12,-118],[-3,-28],[-33,-2],[-49,-59],[-8,-37],[8,-40],[-26,-76],[22,6],[30,-29],[-4,-29],[-44,-25],[-2,-50],[-10,-25],[1,-45],[24,-18],[52,-106],[52,-52],[33,32],[28,-29],[19,-3],[24,-24],[46,24],[9,-55],[-3,-36],[13,-66],[2,-130],[23,-132],[-15,-70],[23,14],[20,-37],[7,-63],[31,19],[28,-47],[0,-49],[-13,-47],[-23,-55],[-10,-134],[17,46],[-1,37],[32,84],[17,-30],[16,3],[32,-28],[24,19],[29,-13],[88,-19],[-4,-86],[18,-64],[29,-16],[4,-99],[24,-51],[38,-11],[11,-44],[2,-127],[-37,-57],[-13,-49],[-17,-127],[8,-41],[28,-52],[-4,-44],[-18,-54],[-16,-136],[1,-35],[25,-97],[-5,-77],[-5,-142],[11,-54],[-12,-57],[-1,-123],[-9,-74],[-1,-156],[-13,-100],[-50,11],[-16,87],[-17,0],[-30,58],[-18,53],[-17,4],[-3,-64],[-16,-6],[5,-57],[-22,-59],[-13,20],[-78,79],[-23,48],[-24,20],[-25,-39],[43,-143],[3,-71],[-38,1],[-5,50],[-22,34],[-22,52],[-24,29],[4,22],[-15,37],[-41,54],[-33,77],[3,29],[-28,25],[3,46],[-34,62],[-18,8],[-6,36],[-42,27],[-12,22],[-27,0],[-5,32],[-22,22],[-3,24],[-37,67],[-34,43],[-36,29],[-12,42],[-49,86],[-108,161],[-8,35],[6,49],[-11,30],[-12,87],[-43,53],[-119,173],[-20,50],[-41,136],[-25,108],[-18,32],[-44,56],[-51,146],[-25,110],[15,60],[-8,84],[-20,44],[-39,128],[-3,49],[-18,38],[0,64],[-45,38],[6,42],[-17,24],[13,64],[-17,36],[-14,92],[-40,86],[-19,64],[-25,58],[-52,93],[-2,38],[-13,35],[-3,79],[-38,74],[-34,33],[-22,5],[-26,45],[-20,-15],[-29,33],[-8,42],[6,38],[-12,121],[-14,16],[1,73],[-17,32],[-1,51],[-17,113],[-36,171],[-16,58],[25,60],[-16,84],[-14,-22],[-15,21],[-34,100],[-25,31],[-25,8],[-56,88],[-47,50],[-67,21],[-23,75],[0,67],[-4,82],[-12,113],[-50,36],[-25,59],[-17,106],[-25,18],[-45,159],[-27,48],[-11,44],[-34,39],[-56,-2],[-36,46],[-42,115],[-24,58],[-21,12],[-29,45],[-30,69],[-80,163],[-15,10],[-26,83],[-11,22],[-22,121],[-14,45],[-2,44],[-26,58],[15,59],[-2,37],[-13,50],[23,16],[37,43],[27,-27],[28,14],[42,-29],[35,-37],[12,-56],[34,-58],[20,-18],[46,-14],[19,-19],[29,6],[17,-14],[35,3],[49,37],[40,-4],[49,-43],[8,-22],[25,-3],[64,55],[8,-5],[38,-98],[46,-77],[22,-28],[15,-58],[12,-90],[-4,-46],[17,0],[43,-32],[19,-42],[2,-35],[-5,-108],[11,-55],[16,4],[32,-24],[9,-24],[46,-52],[10,-64],[24,-45],[44,-31],[62,-72],[52,-80],[34,-41],[28,-62],[45,-28],[8,-34],[42,-84],[13,-15],[11,-125],[31,-29],[20,16],[30,-81],[20,-123],[15,-47],[35,-67],[29,-13],[53,-78],[11,-65],[14,-35]],[[83553,46096],[10,-31],[-1,-44],[-32,-67],[-22,-16],[-18,4],[-33,-47],[-16,27],[-65,24],[-19,34],[-31,98],[-35,41],[-43,39],[-6,30],[-55,30],[-19,-24],[-34,29],[-30,-1],[-39,38],[-27,61],[1,26],[23,50],[40,30],[38,12],[22,-7],[20,11],[20,-10],[28,19],[14,-16],[39,-5],[34,52],[35,-88],[48,-39],[3,-60],[21,-32],[30,22],[40,-60],[25,-86],[34,-44]],[[82096,46842],[21,-60],[-10,-22],[-32,48],[21,34]],[[83256,46868],[0,-81],[-27,27],[27,54]],[[83210,46927],[-9,-42],[-23,-51],[-18,61],[13,49],[37,-17]],[[84263,47070],[-8,-66],[-9,-12],[-35,8],[-34,-11],[-1,45],[25,42],[31,14],[31,-20]],[[82397,47067],[21,-24],[10,-43],[-16,-51],[-1,-44],[-15,-34],[-20,-75],[-16,-33],[18,-54],[-36,-8],[-34,5],[-30,-11],[-14,26],[-24,11],[-18,-24],[-48,61],[17,22],[37,3],[10,20],[4,79],[-13,76],[20,21],[47,93],[30,26],[71,-42]],[[83079,47150],[11,-52],[-29,-8],[5,50],[13,10]],[[83111,46873],[-4,-51],[-10,-24],[-45,-8],[-25,39],[-12,-19],[-26,6],[-5,-38],[50,-11],[5,-26],[-32,-6],[-20,28],[-24,-2],[-57,-34],[-14,7],[-6,48],[12,36],[0,36],[-27,-27],[-11,-38],[-39,-64],[-22,14],[-52,-53],[-15,18],[-28,-3],[-50,-53],[-62,-33],[-30,21],[-15,-5],[-13,-34],[-32,-9],[-69,52],[-9,31],[2,51],[24,50],[-16,28],[-5,41],[12,48],[54,51],[58,79],[44,-51],[21,-11],[5,33],[31,2],[20,-30],[5,-55],[35,-30],[-4,-23],[13,-43],[22,11],[23,-28],[28,54],[34,-2],[28,30],[-65,90],[-15,-14],[-50,69],[-33,72],[7,41],[46,39],[61,-13],[10,-12],[7,-57],[19,-55],[16,-23],[17,14],[22,50],[17,6],[40,-24],[13,-48],[33,44],[26,4],[22,-12],[18,-93],[-6,-44],[13,-60],[35,23]],[[84173,47059],[-7,-30],[-27,-13],[0,-48],[-20,2],[-7,-25],[12,-38],[-12,-34],[-67,-33],[-14,-25],[-30,-17],[-43,-4],[-38,9],[-30,-40],[-36,-20],[-23,-27],[-29,19],[-82,33],[-15,-71],[-49,13],[-27,-26],[-40,8],[-25,63],[-19,-28],[-34,12],[-14,28],[-59,0],[-16,-20],[-22,4],[-31,30],[-43,-24],[-42,19],[-5,23],[-1,83],[5,28],[27,50],[23,13],[6,31],[24,-4],[29,57],[17,13],[51,-3],[17,11],[20,-15],[17,12],[25,-40],[19,5],[46,-9],[15,-32],[50,-27],[22,-22],[25,-54],[20,3],[16,-21],[47,53],[43,21],[16,-11],[38,36],[-1,-40],[32,-24],[25,-43],[16,-10],[45,17],[14,16],[-2,59],[29,46],[45,19],[34,44],[17,40],[-19,17],[-23,-25],[-13,13],[14,56],[19,23],[32,-44],[0,-29],[13,-53]],[[82116,47059],[26,-50],[-4,-25],[-26,-47],[-20,-3],[-10,-25],[-49,-43],[-19,-52],[-5,-61],[-28,-18],[14,74],[-8,35],[-64,112],[-36,36],[-44,4],[-25,37],[-22,66],[-6,56],[68,-7],[46,-34],[46,12],[31,57],[22,8],[80,-65],[33,-67]],[[80282,47365],[-5,-9],[-57,31],[7,23],[38,-24],[17,-21]],[[82102,47856],[-4,-20],[-48,17],[-33,-42],[-13,45],[16,40],[52,-4],[30,-36]],[[81305,48535],[11,-35],[-11,-36],[-27,1],[-6,31],[18,35],[15,4]],[[78445,48721],[-30,-40],[-55,79],[20,32],[29,-19],[36,-52]],[[82332,49879],[10,-10],[-11,-128],[-19,57],[20,81]],[[82306,49691],[-4,-56],[5,-36],[-14,-32],[-39,-59],[-17,-2],[5,138],[-15,43],[-2,43],[11,99],[20,92],[40,58],[-2,-108],[16,-43],[-12,-19],[8,-118]],[[77888,49999],[-40,75],[-18,50],[0,101],[18,0],[59,-129],[1,-57],[-18,-8],[-2,-32]],[[77834,50281],[4,-26],[-23,-47],[-36,1],[-5,43],[2,61],[-10,49],[7,40],[61,-121]],[[77728,50512],[-31,-12],[-50,91],[5,54],[12,27],[28,-30],[8,-53],[28,-77]],[[80267,50926],[-9,-38],[-28,-13],[-7,56],[26,19],[18,-24]],[[80488,51197],[-17,-50],[-45,-39],[-16,-23],[-17,25],[7,49],[3,95],[6,16],[31,4],[19,-19],[14,11],[15,-28],[0,-41]],[[77575,50891],[-17,-2],[9,-81],[-40,-12],[-60,69],[-17,42],[-3,45],[-45,133],[-16,57],[14,61],[4,75],[31,4],[32,25],[15,-88],[12,-16],[25,-91],[13,-66],[13,-28],[12,-91],[18,-36]],[[77361,51567],[-4,-29],[-27,-38],[-21,24],[14,54],[1,53],[23,53],[15,-62],[-1,-55]],[[77355,51741],[22,-69],[-13,-23],[-30,87],[-17,71],[6,32],[22,-36],[10,-62]],[[78692,52193],[-4,-51],[-30,-14],[-10,35],[6,52],[15,25],[23,-47]],[[78746,52280],[6,-20],[-14,-48],[-12,-1],[-20,61],[4,63],[12,4],[24,-59]],[[78733,52416],[-23,-5],[-12,33],[5,29],[30,-57]],[[78624,52292],[-12,-60],[-21,44],[-22,16],[-47,4],[-34,-14],[-43,54],[27,57],[-9,54],[5,38],[19,-4],[30,-75],[28,9],[40,-48],[31,-48],[8,-27]],[[78645,52367],[14,-26],[-25,-24],[-50,74],[-32,36],[-42,5],[21,65],[24,6],[24,-18],[42,-51],[24,-67]],[[78929,52501],[-4,-64],[-23,-38],[-28,18],[-13,44],[26,24],[13,28],[29,-12]],[[79070,52464],[2,-92],[-13,-17],[-4,-41],[-33,13],[-9,48],[1,67],[-38,-31],[-20,7],[-3,44],[46,63],[21,-14],[31,24],[0,-43],[19,-28]],[[78464,52548],[-7,-82],[5,-79],[-18,-20],[-19,21],[-28,78],[3,70],[-12,44],[5,64],[20,-2],[51,-94]],[[78470,52618],[5,-39],[-22,2],[-29,66],[-54,24],[-22,32],[-14,43],[19,21],[22,-24],[54,-15],[40,-37],[1,-73]],[[78255,53018],[15,-64],[-11,-34],[-6,-63],[-18,-33],[-20,-7],[-32,32],[-19,95],[13,78],[25,-5],[33,41],[20,-40]],[[77035,53069],[-6,-52],[-28,69],[11,31],[23,-48]],[[76799,53223],[1,-29],[-20,-12],[-29,18],[-18,43],[-49,75],[-28,20],[-9,-11],[-65,106],[5,35],[16,38],[31,8],[27,-74],[30,-19],[43,-91],[32,-45],[23,-18],[10,-44]],[[80233,53545],[13,-49],[-16,-23],[-15,23],[18,49]],[[79389,53559],[2,-54],[-32,-11],[8,53],[22,12]],[[82673,53812],[16,-12],[-4,-83],[-27,24],[-8,66],[23,5]],[[82643,53835],[-6,-12],[-34,24],[-33,5],[4,50],[35,-15],[34,-52]],[[82693,54200],[12,-49],[-21,-24],[-20,46],[19,49],[10,-22]],[[80109,54064],[-4,-37],[-18,-73],[-39,-18],[-23,25],[20,35],[4,35],[-32,22],[-22,90],[51,97],[16,37],[9,-66],[37,-76],[1,-71]],[[76483,55228],[11,-31],[-12,-36],[-18,16],[19,51]],[[84274,45733],[5,-51],[-16,3],[-30,-36],[-9,-44],[-61,-30],[-5,-23],[-36,-9],[-8,82],[29,24],[36,15],[32,45],[17,51],[31,31],[16,-11],[-1,-47]],[[83871,45826],[16,-7],[-1,-46],[-37,-47],[-35,3],[-12,19],[38,41],[10,31],[21,6]],[[84295,45987],[8,-28],[-29,-76],[-19,36],[23,64],[17,4]],[[84424,47094],[2,-21],[-45,-24],[-13,-50],[-20,-7],[-23,-50],[-48,-54],[-21,29],[-27,5],[36,66],[31,26],[-3,51],[31,18],[-15,-52],[25,-15],[11,51],[43,55],[36,-28]],[[84529,47098],[-2,-57],[-25,-59],[-13,-61],[-22,-16],[-18,73],[-27,-18],[17,70],[21,19],[11,-41],[14,27],[30,85],[14,-22]],[[88582,47031],[-1,-39],[-54,6],[-39,16],[1,34],[26,38],[9,35],[27,13],[12,-16],[3,-52],[16,-35]],[[84759,47100],[-3,-78],[-100,-32],[-32,2],[-29,-24],[-16,8],[-19,-18],[-24,29],[22,62],[-4,49],[15,41],[33,11],[9,-44],[17,22],[119,4],[12,-32]],[[85580,47150],[7,-28],[-34,-42],[-53,44],[8,45],[52,-26],[20,7]],[[86418,47150],[15,-12],[-47,-48],[-20,21],[32,66],[20,-27]],[[86066,47296],[5,-32],[-23,-71],[-23,10],[-27,66],[-2,51],[12,23],[26,0],[33,-23],[-1,-24]],[[85232,47383],[-35,-12],[-42,-42],[-26,-84],[-13,19],[-41,12],[-23,-7],[-32,23],[-42,-16],[-31,-55],[-1,82],[17,29],[4,35],[18,44],[71,-21],[34,11],[49,60],[36,15],[4,-30],[21,-30],[25,0],[7,-33]],[[85408,47497],[4,-29],[-31,-10],[-1,52],[28,-13]],[[88593,47489],[30,-11],[0,-29],[-16,-73],[-2,-53],[-20,-28],[-7,-31],[6,-82],[-24,-10],[-20,-34],[-24,-10],[-16,-49],[-44,-72],[-42,-23],[-32,20],[-91,4],[-48,-28],[-11,21],[34,182],[11,18],[26,130],[20,44],[17,75],[60,88],[42,30],[63,23],[51,-5],[37,-97]],[[86582,47671],[-15,-17],[15,-91],[-15,-107],[-24,-62],[-17,-11],[-6,-33],[-24,-37],[-8,-57],[-21,6],[-15,-39],[-32,2],[3,41],[-11,33],[21,36],[-12,44],[17,48],[21,102],[25,20],[14,54],[15,20],[22,80],[30,35],[17,-67]],[[86661,47692],[-5,-37],[-24,51],[-29,0],[-5,32],[45,4],[18,-50]],[[85741,47722],[-9,-47],[-29,39],[2,23],[22,28],[14,-43]],[[81679,47850],[14,-39],[-52,-37],[-22,-49],[-46,13],[-23,-25],[-9,-46],[-78,9],[-39,-8],[-86,40],[-21,0],[-14,59],[42,77],[20,20],[42,6],[22,-8],[83,7],[22,-8],[41,10],[33,-2],[37,10],[34,-29]],[[79239,48073],[-2,-58],[-15,3],[-4,44],[21,11]],[[87356,48046],[4,-36],[-28,-47],[-24,-81],[-35,-34],[-8,26],[-23,27],[-5,30],[8,76],[12,183],[-8,57],[7,31],[47,-72],[-2,-26],[17,-33],[28,-24],[11,-40],[-1,-37]],[[83484,48413],[2,-99],[-7,-49],[-1,-82],[-26,82],[5,31],[0,171],[11,44],[16,-98]],[[86889,48500],[1,-44],[-18,-50],[-21,36],[5,80],[-12,61],[26,-7],[19,-76]],[[87432,48286],[-16,-94],[-26,-28],[-29,41],[-47,45],[-16,79],[12,68],[-9,24],[20,43],[1,40],[-27,7],[-16,22],[14,29],[26,-20],[15,42],[24,111],[25,14],[13,-12],[19,-52],[4,-43],[13,-36],[-9,-23],[1,-52],[10,-51],[-12,-16],[1,-63],[13,-35],[-4,-40]],[[86995,48774],[-20,-164],[-22,-34],[-23,-80],[0,-46],[-26,-67],[20,168],[21,29],[5,57],[24,137],[21,0]],[[83907,48829],[-5,-31],[1,-94],[-24,-20],[-24,44],[-21,75],[13,91],[36,14],[24,-79]],[[84105,49001],[-38,-93],[-11,-47],[1,-44],[13,-50],[-14,-52],[-17,-9],[-38,44],[-29,-20],[-8,34],[13,63],[6,63],[17,27],[-13,102],[-8,29],[22,56],[26,7],[44,58],[21,-11],[5,-115],[8,-42]],[[84207,48823],[18,-44],[-19,-48],[-22,-19],[-24,14],[-29,-37],[12,-40],[-25,-85],[-29,28],[-24,-20],[-19,89],[21,39],[-4,21],[37,112],[-2,25],[14,70],[14,130],[-2,97],[17,101],[30,48],[36,-68],[16,-59],[4,-118],[-20,56],[-28,-20],[-9,-101],[-14,-37],[5,-55],[-8,-35],[29,3],[25,-47]],[[87099,49395],[-28,-7],[-35,46],[0,32],[37,-55],[26,-16]],[[84223,49533],[13,-56],[-23,-75],[-23,-8],[-30,61],[-8,47],[18,38],[24,-18],[29,11]],[[84215,49774],[-16,-31],[-16,33],[22,18],[10,-20]],[[85702,49798],[9,-34],[-49,-20],[7,48],[14,18],[19,-12]],[[85647,49810],[1,-57],[-28,-64],[-30,-16],[-23,18],[-16,-31],[-15,5],[-5,40],[33,61],[35,2],[23,36],[25,6]],[[85755,49802],[-28,-47],[-15,46],[9,21],[21,-28],[13,8]],[[85344,49834],[1,-78],[-11,-31],[-23,4],[-39,-41],[-10,-24],[-57,-54],[-42,25],[-42,38],[-16,27],[-29,23],[-29,35],[-7,44],[-26,46],[-13,49],[-4,65],[7,44],[20,34],[27,-39],[31,43],[34,20],[83,6],[33,-8],[15,-29],[30,-14],[26,-30],[-13,-60],[13,-33],[18,15],[28,-20],[-5,-57]],[[79696,50145],[-13,-57],[-39,36],[25,43],[27,-22]],[[79831,50180],[25,28],[6,-19],[-27,-54],[-4,45]],[[86353,49774],[-12,-69],[-4,-101],[-14,21],[-44,32],[-20,38],[-16,8],[-16,35],[-82,60],[-39,42],[-7,45],[-19,28],[-96,20],[-12,-21],[17,-60],[-22,-14],[-35,31],[-34,5],[-34,30],[-42,-4],[-3,78],[-21,10],[-51,-84],[-4,-48],[-36,-3],[-18,-14],[-23,30],[-33,109],[-29,17],[6,46],[-18,20],[-19,-70],[-2,-57],[-10,-41],[-25,-13],[-1,39],[-15,66],[8,34],[29,43],[27,4],[0,53],[19,68],[58,-1],[37,14],[24,-11],[73,-5],[52,33],[3,-52],[16,-36],[66,59],[4,28],[20,13],[46,-13],[47,-39],[5,-18],[32,-16],[37,-34],[83,9],[12,-10],[28,-54],[25,-20],[12,-52],[3,-72],[9,-38],[27,-1],[31,-97]],[[80081,50192],[-25,-90],[-5,-76],[-27,-14],[-4,-37],[-22,-10],[-8,53],[-22,36],[-13,-33],[-24,-30],[-42,-18],[10,62],[-16,64],[8,53],[-5,76],[14,22],[-1,36],[9,71],[33,5],[77,-24],[36,-48],[19,-45],[8,-53]],[[87328,50679],[11,-25],[-9,-49],[-16,28],[14,46]],[[85018,50459],[-6,-51],[-22,41],[-6,75],[-11,24],[-12,83],[5,39],[21,27],[12,-25],[-6,-95],[25,-118]],[[85091,50785],[-16,-28],[-81,-20],[-15,-17],[-20,16],[-19,-8],[-46,1],[-51,-9],[-4,33],[-24,14],[18,44],[26,-18],[18,4],[40,-12],[80,19],[35,-11],[59,-8]],[[84203,50816],[5,-34],[-23,-39],[7,79],[11,-6]],[[86218,50745],[13,-43],[-17,-29],[-24,5],[-9,-24],[-36,-12],[-16,26],[-39,11],[-51,52],[0,28],[36,26],[39,40],[41,15],[16,-7],[37,32],[0,-35],[15,-22],[9,-41],[-14,-22]],[[84809,50808],[2,-49],[-59,-18],[-17,4],[-10,-32],[-44,27],[-19,-6],[-32,-36],[-36,-21],[-38,1],[-19,67],[-1,35],[15,92],[68,21],[109,-53],[20,-23],[5,41],[20,-7],[2,-45],[25,30],[9,-28]],[[88013,50816],[6,-31],[-39,-4],[-24,-29],[-31,5],[-22,-16],[-32,20],[-18,-28],[-25,31],[-30,8],[-99,80],[-65,16],[-6,49],[33,-14],[57,-8],[30,-12],[82,-3],[55,-41],[18,5],[46,-12],[24,4],[40,-20]],[[79657,50358],[-26,-80],[-17,-98],[0,-42],[37,-45],[-11,-42],[-29,13],[-20,-20],[-23,72],[-27,11],[-13,28],[-58,42],[-30,11],[-18,60],[-6,51],[12,75],[-4,24],[-28,35],[-9,129],[-13,20],[-39,13],[-12,27],[-32,-32],[-40,-7],[-21,37],[-23,-5],[-6,43],[8,40],[40,35],[21,30],[5,49],[-16,23],[4,28],[31,50],[42,13],[5,-43],[20,-24],[-14,-29],[18,-39],[11,74],[-10,70],[25,-1],[18,21],[44,-50],[1,-59],[38,-116],[-3,-73],[10,-99],[18,-100],[25,-64],[24,-5],[31,-22],[60,-29]],[[87578,50982],[-2,-26],[-48,2],[1,26],[49,-2]],[[85595,50915],[2,-44],[-28,-26],[-33,18],[-22,-7],[-42,3],[-15,-19],[-32,-5],[-28,26],[-15,32],[7,81],[22,25],[39,68],[40,-22],[11,-30],[26,-4],[41,-69],[27,-27]],[[85469,51134],[-13,-33],[-15,15],[-36,5],[24,37],[40,-24]],[[84306,51104],[13,-11],[-6,-86],[-34,-48],[-22,55],[-19,-26],[-9,-73],[-14,-17],[-18,38],[20,41],[-6,100],[-19,-20],[-28,-94],[-33,-43],[-17,81],[6,98],[18,52],[84,16],[12,-39],[-12,-48],[15,-40],[27,85],[15,5],[27,-26]],[[87499,51246],[-12,-63],[-29,11],[-14,47],[9,41],[29,-1],[17,-35]],[[86404,51256],[4,-44],[-10,-86],[-15,-70],[-36,10],[-29,62],[-10,88],[-17,47],[8,19],[65,36],[9,-22],[25,10],[6,-50]],[[86365,51384],[-8,-31],[-19,-22],[-77,-25],[-28,12],[2,43],[19,-12],[32,19],[28,-11],[39,35],[12,-8]],[[87881,51203],[-2,-25],[-21,-27],[-41,-23],[-42,31],[-24,-11],[-22,47],[2,33],[-15,102],[-11,31],[-28,-36],[-43,72],[-26,19],[-6,40],[85,-18],[28,-37],[20,31],[60,-101],[14,-53],[22,-60],[28,7],[22,-22]],[[85359,51404],[7,-28],[-46,12],[16,90],[22,-45],[1,-29]],[[86298,51582],[-10,-53],[-34,5],[9,32],[23,30],[12,-14]],[[83847,51602],[18,-40],[-11,-24],[-42,16],[4,31],[31,17]],[[79040,51603],[12,-49],[-16,-26],[-3,-39],[-28,12],[-18,-49],[-6,68],[-22,39],[19,63],[16,-21],[25,40],[21,-38]],[[83896,51641],[-1,-43],[-42,7],[0,36],[26,10],[17,-10]],[[85524,51392],[-19,-57],[-20,-12],[-27,33],[-7,43],[-44,-38],[-8,59],[9,43],[-20,12],[-27,63],[4,99],[12,8],[28,-47],[20,59],[13,-12],[29,-77],[-22,-98],[13,-45],[38,10],[28,-43]],[[85342,51550],[-15,-20],[-22,51],[7,44],[-4,42],[34,21],[12,-70],[-12,-68]],[[78808,51677],[0,-44],[-28,-23],[-18,2],[-24,28],[27,64],[43,-27]],[[86471,51696],[11,-23],[-28,-65],[-22,33],[-25,0],[-13,-20],[-19,12],[-20,53],[-23,9],[-4,34],[-25,58],[-19,-27],[26,-52],[9,-41],[17,-18],[21,13],[17,-41],[-23,-36],[-37,-7],[-15,59],[-28,3],[-34,36],[-39,7],[-10,89],[25,-10],[36,35],[34,6],[56,27],[92,-47],[16,-30],[24,-12],[0,-45]],[[79146,51696],[2,-55],[-23,18],[-33,50],[-18,2],[-36,-35],[-28,52],[15,26],[9,74],[26,2],[33,-71],[8,-35],[23,28],[22,-56]],[[85982,51755],[-46,32],[0,24],[46,-56]],[[79079,51874],[-23,11],[-20,46],[4,31],[39,-88]],[[85382,52191],[-5,25],[7,53],[16,-17],[1,-35],[-19,-26]],[[78967,52240],[-22,11],[-3,31],[23,4],[2,-46]],[[85380,52284],[-16,-15],[-9,33],[12,28],[13,-46]],[[78951,52339],[-11,-46],[-26,46],[37,0]],[[77202,52406],[-8,-52],[1,-52],[-6,-99],[-16,-46],[-34,5],[-25,145],[-35,52],[-27,22],[-1,38],[-22,90],[-21,59],[-42,88],[43,-7],[24,33],[8,41],[27,-40],[11,0],[36,-113],[21,-54],[28,-25],[12,-42],[15,-7],[11,-36]],[[85462,51712],[9,148],[-5,66],[9,66],[-39,84],[-13,79],[8,104],[19,53],[-32,31],[-4,97],[-25,-7],[7,50],[-6,58],[16,48],[21,93],[-6,33],[14,71],[3,55],[31,100],[63,143],[10,13],[27,-28],[-30,-96],[-22,-29],[-3,-60],[24,-15],[21,-46],[-6,-53],[12,-52],[-18,-138],[-22,-81],[-16,-8],[-55,-82],[5,-64],[39,-52],[35,41],[4,79],[16,43],[17,22],[29,7],[10,37],[-15,60],[13,42],[49,74],[26,24],[52,20],[21,-5],[-10,-72],[16,-23],[-12,-135],[0,-58],[-15,-9],[-57,-71],[-35,-17],[-4,-45],[-24,-29],[28,-61],[34,-16],[13,-23],[56,-33],[0,-92],[5,-29],[34,-12],[10,-39],[-90,48],[-17,35],[-59,2],[-31,37],[-53,16],[-14,-26],[-8,-79],[8,-27],[3,-63],[-10,-45],[2,-48],[35,-170],[7,-60],[51,-169],[49,-105],[-43,14],[0,41],[-56,48],[-22,88],[-33,112],[-39,45],[-12,45]],[[85745,53263],[3,-26],[-14,-65],[-1,-37],[-21,-87],[-21,-32],[-40,-9],[-28,39],[-4,81],[-10,11],[23,59],[12,52],[27,42],[13,36],[22,17],[14,-9],[25,-72]],[[84845,53441],[-12,-53],[-12,30],[24,23]],[[84903,53831],[-8,-42],[-33,48],[4,56],[-22,35],[0,57],[20,-17],[17,-73],[22,-64]],[[85241,54327],[14,-28],[-31,-72],[0,-69],[-14,-26],[-26,24],[15,36],[20,83],[-22,13],[-2,92],[8,65],[23,6],[19,-52],[-4,-72]],[[81768,47750],[7,-52],[-28,21],[-6,36],[27,-5]],[[87424,48087],[-20,-32],[-9,42],[11,18],[18,-28]],[[84333,50909],[2,-49],[-9,-18],[-25,12],[-3,79],[19,37],[16,-61]],[[77374,51924],[47,9],[33,-19],[2,-33],[-43,-8],[-42,12],[3,39]],[[82695,54230],[-17,30],[16,30],[23,-12],[34,-51]],[[80456,53032],[3,-84],[21,-56],[43,-46],[12,-39],[66,6],[13,-12],[43,20],[34,-38],[16,-33],[15,5],[35,-31],[31,10],[36,-36],[21,-44],[30,-34],[7,19],[-36,44],[-12,45],[9,70],[28,3],[-12,54],[22,102],[10,70],[-7,41],[0,63],[6,77],[13,18],[31,-45],[23,18],[-12,64],[10,113],[25,47],[39,47],[53,22],[42,3],[156,85],[42,18],[69,45],[24,43],[2,35],[27,48],[31,70],[9,43],[23,52],[12,60],[16,23],[68,120],[58,157],[13,121],[-7,54],[9,13]],[[81666,54482],[33,-22],[35,-46],[14,-95],[-4,-30],[38,-3],[16,-66],[26,-47],[5,-24],[24,13],[26,50],[14,74],[5,56],[-15,81],[-8,139],[35,42],[19,4],[10,40]],[[81939,54648],[13,-39]],[[81952,54609],[1,-115],[22,-137],[30,-14],[29,-26],[5,33],[-20,60],[0,93],[-18,109],[-17,48]],[[81984,54660],[15,24],[44,-28],[34,71],[21,24],[1,81],[-19,9],[-36,55],[12,60],[40,67],[10,44],[25,-50],[24,-4],[24,22],[13,48],[7,59],[37,55],[4,51],[21,82],[3,43],[13,41],[33,55],[8,38],[43,66],[14,54],[26,74],[6,92],[10,17],[12,60],[24,-21],[7,-90],[-4,-38],[-18,-72],[12,-26],[42,73],[22,71],[-7,45],[14,48],[18,6],[29,-30],[-5,-65],[22,-121],[15,-2],[22,-41],[19,28],[13,-36],[23,-10],[29,-76],[-6,-78],[-13,2],[-20,-44],[17,-59],[-3,-70],[-24,-32],[52,2],[7,26],[29,2],[25,54],[12,7],[15,-42],[15,-71],[-19,-32],[-33,3],[-5,-24],[12,-50],[25,19],[20,-14],[14,64],[24,13],[22,-19],[19,1],[51,-66],[40,-77],[65,-69],[32,-11],[33,20],[19,-48],[-2,-92],[-31,-55],[-132,-93],[-27,16],[-21,-23],[-22,50],[-20,12],[-18,-36],[-21,-6],[-22,-49],[23,-72],[32,-60],[30,-22],[30,-47],[14,-8],[12,-43],[-28,-48],[-59,-12],[-54,-24],[-37,-38],[-31,14],[-23,44],[-22,13],[-16,41],[-19,-26],[13,-56],[-23,-72]],[[78353,55436],[25,-34],[10,20],[32,-24],[18,-33],[33,-136],[41,-72],[14,-34],[50,-82],[23,-17],[45,-92],[28,-92],[10,-49],[53,-197],[6,-141],[-5,-35],[12,-88],[-11,-88],[-17,-39],[12,-81],[-15,-49],[-2,-50],[-11,-26],[19,-91],[21,-51],[-15,-83],[8,-94],[-6,-140],[11,-63],[46,-103],[35,-28],[21,-57],[-1,-35],[31,-72],[10,-49],[-2,-36],[40,-137],[-1,-36],[21,-53],[17,-93],[11,-110],[-5,-46],[-16,-12],[-31,17],[-27,127],[0,-85],[-10,-17],[-37,33],[-44,-20],[-23,-51],[-27,-36],[-16,39],[-9,63],[-13,41],[-44,41],[-47,61],[-29,18],[-20,46],[-16,19],[-23,-8],[-20,54],[-45,88],[-83,71],[-17,24],[-39,79],[-36,14],[-2,34],[-19,56],[-30,30],[-37,19],[-39,91],[-32,18],[-1,35],[25,53],[-2,42],[-11,28],[-8,87],[-27,48],[-25,66],[-19,86],[-31,43],[-12,34],[-20,17],[-26,47],[0,71],[16,18],[0,37],[-28,45],[-12,-5],[-12,83],[-7,11],[19,123],[-10,23],[2,54],[-8,108],[-34,32],[-25,101],[13,24],[6,49],[-1,53],[-12,42],[0,71],[-11,98],[8,81],[-7,116],[-28,120],[-21,41],[-13,87]],[[77812,55543],[11,145],[32,-3],[10,-65],[20,-31],[72,-43],[18,26],[26,-45],[4,-89],[25,-14],[18,21],[29,-15],[-8,-64],[12,-28],[-6,-96],[-16,-12],[-13,-68],[38,-83],[12,1],[21,35],[7,50],[79,69],[13,0],[19,-71],[25,0],[17,-25],[31,69],[2,47],[11,41],[28,48],[4,93]],[[80947,53210],[-12,-18],[-17,53],[3,49],[-5,95],[22,-3],[1,-100],[8,-76]],[[78950,53437],[-3,-41],[-23,18],[16,80],[10,-57]],[[82013,54923],[3,-43],[-28,-14],[8,45],[17,12]],[[77863,54972],[9,-19],[-15,-90],[-26,6],[0,73],[11,38],[21,-8]],[[77749,55498],[-8,-34],[-18,7],[-21,-32],[-3,53],[-14,42],[33,-2],[18,24],[13,-58]],[[82629,55730],[11,-54],[-35,-20],[24,74]],[[82500,56069],[-6,-59],[-23,20],[29,39]],[[82547,56061],[21,8],[10,-27],[-3,-44],[-12,-23],[-46,-38],[0,83],[30,41]],[[30691,41750],[10,-84],[32,-61],[7,-27],[9,-98],[45,-32],[14,-30],[-18,-33],[15,-54],[6,-95],[12,-45],[-2,-71],[9,-83],[16,-64],[-10,-52],[19,-62],[29,-34],[33,-59],[10,-33],[47,-60],[-1,-47],[-56,-166],[40,-64],[3,-36],[-13,-78],[-52,-19],[14,-36],[-1,-44],[14,-58],[-25,-36],[23,-72],[49,-49],[8,-24],[-25,-58],[0,-74],[17,-39],[26,-12],[58,-186],[4,-26],[-1,-140],[25,-125],[3,-95],[30,-60],[4,-65],[11,-47],[-3,-59],[24,-122],[-9,-86],[4,-68],[29,-31],[63,-3],[98,41]],[[31335,38689],[50,-103],[-2,-18],[-89,-558],[-6,-17],[-180,-152],[-65,-52],[-19,-59],[-24,-8],[-11,-45],[-18,-19],[-19,-91],[5,-53],[21,-21],[10,-70],[21,-48],[-42,-46],[-25,-146],[1,-42],[14,-36],[-2,-52],[17,-53],[23,-195],[-1,-49],[-43,-72],[-6,-89],[7,-53],[70,-184],[5,-33],[-8,-68],[-52,-18],[-19,-50],[-37,32],[-23,-3],[-22,-63],[0,-42],[-14,-58],[-22,-31],[-5,-59],[-27,-105],[-13,-109],[-36,-44],[-33,-123],[-19,9],[-6,-40],[-39,-75],[-6,-95],[-19,-45],[-4,-39],[6,-60],[-20,-85],[1,-80],[-30,-25],[-33,-78],[-4,-49],[21,-127],[-1,-48],[12,-30],[2,-127],[-15,-69],[35,-39],[-15,-107],[-35,-49],[-33,25],[-1,-61],[-18,-32],[-28,-164],[-6,-139],[-12,-46],[-27,14],[-16,-43],[-9,-76],[-6,-141],[30,-143],[15,-42],[32,-7],[20,-46],[-9,-44],[-31,-13],[14,-45],[4,-81],[22,-29],[-1,-42],[20,-36],[4,-44],[-6,-51],[11,-79],[39,-63],[-9,-57],[-22,-36],[3,-85],[25,-65],[30,35],[25,-29],[7,-52],[-30,-163],[10,-37],[-15,-39],[1,-93],[15,-17],[-5,-89],[12,-60],[-22,-23],[-36,4],[-5,-69],[-26,-70],[-21,-39],[-7,-63],[-18,-29],[11,-30],[-21,-90],[-9,-123],[-44,-24],[-4,-51],[23,-9],[9,-85],[10,-26],[-4,-88],[18,-90],[-17,-31],[11,-102],[-20,-61],[-38,1],[-6,-27],[-26,-36],[-4,-89],[-25,-11],[-23,19],[-12,-42],[-31,-6],[-7,-69],[4,-39],[-25,-10],[-14,-87],[10,-25],[6,-103],[14,-24],[-17,-29],[1,-35],[-17,-45],[23,-87],[-2,-84],[-15,-21],[0,-46],[27,-135],[22,-72],[-2,-115],[12,-92],[35,-59],[3,-33],[-10,-61],[-26,-35],[-23,3],[-50,-36],[-39,-46],[-13,-27],[-4,-52],[8,-121],[-17,-114],[-22,-57],[6,-47],[-22,-3],[-22,29],[-11,-31],[1,-59],[25,-118],[-16,-46],[0,-51],[-33,11],[-6,-75],[40,-75],[-11,-42],[-24,-8],[-15,-66],[-4,-61],[-23,-42],[13,-75],[16,-51],[-6,-179],[-9,-68],[5,-76],[9,-39],[-20,-32],[19,-94],[18,-47],[4,-68],[12,-56],[-18,-27],[-41,-21],[-25,13],[-24,-69],[18,-60],[5,-71],[-22,-22],[-8,-36],[10,-156],[-10,-78],[15,-46],[24,-24],[41,-8],[33,-32],[-2,-61],[-42,-15],[-10,-78],[18,-47],[41,-32],[6,-45],[-32,-49],[44,-97],[-28,-80],[-27,-25],[15,-66],[-8,-27],[3,-77],[107,1],[63,-15],[24,-59],[-32,-74],[-7,-68],[-20,-14],[-45,33],[-37,-21],[-43,13],[-19,-19],[-54,21],[-11,-17],[2,-59],[53,-35],[36,9],[16,-25],[32,-2],[25,-77],[44,-71],[8,-37],[-27,-46],[-28,-17],[8,-34],[-13,-30],[-52,-8],[-14,-22],[-9,-97],[15,-68],[22,-15],[14,-50],[-43,-81],[-41,-23],[42,-53],[4,-86],[18,-73],[0,-98],[-47,-60],[-22,-3],[-10,-78],[15,-37],[-23,-25],[38,-73],[-14,-38],[-27,21],[-13,-65],[-32,-55],[-44,-11],[-4,-101],[-31,-85],[-24,-95],[18,-46],[37,-44],[10,-81],[-5,-43],[-30,-66],[-40,-30],[-10,-33],[8,-61],[-2,-101],[-42,-71],[-74,-44],[-48,-143],[24,-19]],[[29695,23456],[-13,-18],[-87,-3],[-1,-38],[-25,-40],[-10,-50],[19,-56],[-6,-37],[21,-39]],[[29593,23175],[-30,-99],[25,-52],[-13,-68],[57,-74],[14,-55],[3,-111],[20,-49],[4,-62],[22,-12],[54,60],[34,27],[45,-27],[31,37],[57,-27],[-10,-64],[21,-44],[-9,-111],[-28,-36],[4,-40],[34,-40],[-15,-39],[-11,-102],[-27,-44],[27,-18],[20,-68],[58,-45],[31,-51],[-2,-59],[14,-11],[335,-7],[210,-3],[130,-72],[76,-4],[57,-23],[52,-37],[102,-33],[1,-27]],[[30986,21685],[-73,23],[-52,2],[-64,55],[-29,3],[-69,-50],[-4,-55],[-49,-84],[-48,26],[-132,-88],[-55,-49],[-18,30],[-37,-38],[-26,-48],[-8,-47],[6,-52],[-39,-132],[-10,-93],[15,-120],[-9,-94],[-17,-31],[-54,-38],[-30,-3],[-40,29],[-46,4],[-61,52],[-52,15],[-64,72],[-47,100],[8,44],[39,51],[52,-14],[32,26],[41,-17],[102,68],[23,4],[36,63],[15,54],[22,2],[-14,62],[-22,14],[-78,-45],[-104,-83],[-30,-62],[-20,-9],[-56,60],[-10,-59],[32,-40],[-33,-11],[-39,-36],[-5,-73],[33,-73],[-43,-5],[-56,48],[-5,35],[-38,11],[-89,81],[16,31],[44,16],[25,59],[-16,75],[-3,59],[55,32],[16,35],[26,-19],[14,-53],[69,47],[42,57],[86,-24],[62,6],[42,22],[-26,49],[-53,-4],[-42,15],[-38,-9],[-11,21],[-66,-3],[-24,-71],[-68,73],[-34,-12],[-19,23],[-16,-73],[30,8],[33,-27],[-31,-52],[-60,-46],[15,-35],[0,-75],[-45,-42],[-59,15],[-18,51],[29,46],[-70,71],[68,-2],[7,63],[-50,22],[-50,-63],[-16,85],[43,81],[-37,19],[29,58],[-14,26],[9,40],[-46,82],[13,23],[47,-98],[27,25],[27,-38],[31,22],[38,56],[53,15],[7,51],[19,18],[29,-25],[-2,-46],[25,-23],[22,-55],[-27,-121],[38,52],[6,74],[-51,87],[-3,43],[39,4],[21,24],[-16,44],[12,27],[-15,44],[-53,75],[-23,-8],[25,-58],[39,-16],[-4,-41],[-40,-24],[-30,40],[-41,0],[16,-52],[-62,-47],[-9,-81],[-39,-49],[-62,64],[-31,131],[44,-16],[-45,96],[-7,-46],[-62,90],[-9,123],[60,24],[1,40],[-19,37],[-36,-5],[-15,22],[-45,4],[-5,78],[-25,14],[-5,51],[42,39],[64,-10],[6,53],[18,0],[1,63],[41,40],[-24,33],[-28,-69],[4,-36],[-38,-50],[-27,4],[-23,35],[-30,91],[10,26],[-27,45],[46,33],[-96,46],[-5,47],[-53,30],[-2,24],[33,40],[90,10],[-32,52],[27,34],[33,-46],[54,-8],[-53,66],[-50,23],[8,43],[-7,94],[24,39],[50,15],[35,-17],[4,34],[-45,5],[-13,45],[11,83],[29,62],[-16,15],[-30,-71],[-20,-147],[-7,-2],[-51,90],[9,31],[-6,115],[-13,56],[17,26],[-15,83],[23,64],[-6,70],[54,72],[40,-44],[16,78],[-74,46],[-15,70],[-35,18],[-19,53],[-32,18],[0,31],[31,26],[28,-14],[98,-10],[28,-27],[19,15],[36,-38],[48,-30],[30,10],[-30,46],[-18,64],[21,76],[-36,14],[-60,-39],[-31,12],[-10,28],[-35,-9],[-26,12],[-93,0],[-30,37],[27,34],[7,44],[54,3],[32,-66],[14,27],[-21,26],[-5,38],[-45,29],[-6,27],[34,46],[23,71],[52,-2],[50,94],[-17,47],[-28,-6],[-34,71],[-7,48],[-48,9],[-24,-20],[-35,7],[-8,-55],[-33,48],[-16,-7],[-44,54],[-19,45],[-33,7],[-65,-12],[23,-144],[-55,-28],[-28,47],[-15,46],[1,85],[19,38],[33,11],[35,45],[0,28],[52,73],[18,-7],[13,56],[37,0],[68,133],[6,83],[37,8],[14,-58],[17,19],[0,50],[44,-4],[28,12],[34,-98],[23,-38],[-1,-71],[29,7],[31,-54],[-7,-73],[-54,-114],[18,-21],[26,11],[25,90],[45,64],[-19,66],[8,53],[-12,73],[30,57],[18,87],[-24,2],[16,151],[27,24],[26,45],[33,22],[13,-36],[41,-46],[43,-11],[0,43],[-34,-7],[-76,88],[-20,-20],[-37,10],[7,44],[36,26],[-28,68],[16,40],[64,5],[33,50],[24,8],[29,46],[23,5],[-1,54],[14,70],[-2,32],[-69,71],[2,26],[-34,27],[-25,36],[-40,21],[2,37],[40,35],[-2,37],[21,48],[24,81],[-19,19],[20,61],[-14,20],[-24,73],[7,83],[48,47],[-6,79],[19,45],[29,6],[4,57],[-26,41],[-7,125],[12,68],[40,0],[-23,70],[-13,80],[52,34],[18,-16],[22,-55],[-3,140],[7,45],[-15,20],[-18,-46],[-43,10],[-22,20],[-13,42],[15,35],[45,71],[-29,100],[-28,30],[-29,7],[-22,-42],[-21,-17],[14,-64],[-39,-50],[-45,6],[-42,-17],[-40,27],[-12,43],[2,52],[-29,15],[-15,83],[3,51],[-22,104],[-7,104],[26,32],[-11,30],[14,114],[32,70],[-15,62],[13,151],[21,38],[-7,96],[46,32],[32,48],[-1,63],[30,64],[16,54],[6,85],[-18,153],[-21,93],[-20,131],[-14,29],[-17,124],[17,117],[5,73],[-11,91],[-33,101],[-13,22],[-2,81],[20,39],[-2,57],[-17,29],[8,93],[10,26],[39,-45],[51,11],[21,31],[10,49],[8,139],[-4,57],[43,12],[12,54],[-8,53],[18,11],[25,116],[-1,74],[16,131],[51,82],[-1,69],[-13,71],[33,44],[13,73],[33,90],[37,53],[7,43],[5,89],[23,72],[13,59],[2,147],[15,19],[0,91],[-9,29],[47,144],[14,78],[33,32],[10,37],[3,90],[-18,38],[10,44],[-14,110],[21,85],[22,10],[14,74],[-9,45],[13,17],[16,71],[-9,62],[10,29],[8,66],[-37,102],[10,124],[-8,81],[6,36],[-15,105],[0,42],[-11,57],[-16,155],[4,101],[-15,113],[-2,95],[10,157],[11,52],[34,-15],[20,67],[17,8],[0,59],[-8,31],[35,47],[-11,71],[1,75],[9,31],[-13,45],[8,59],[-19,80],[-33,52],[2,91],[-10,54],[10,55],[27,26],[25,72],[-3,53],[12,56],[16,23],[10,49],[10,239],[11,42],[17,119],[24,3],[11,23],[6,74],[-15,70],[3,42],[-7,79],[24,25],[6,40],[17,30],[-9,63],[10,57],[15,22],[11,118],[-4,30],[18,102],[-8,89],[11,87],[-22,101],[5,83],[16,37],[-5,49],[34,49],[5,40],[19,24],[2,87],[-17,52],[7,74],[-13,32],[-16,108],[6,73],[-8,46],[12,63],[-4,29],[15,154],[-7,59],[7,48],[1,74],[26,77],[-2,80],[-24,24],[-12,-36],[-18,12],[6,51],[-4,103],[9,25],[1,81],[16,29],[15,-50],[22,26],[21,77],[-5,73],[9,55],[1,80],[7,57],[15,260],[14,83],[-1,113],[13,33],[13,101],[-10,50],[4,65],[-23,111],[10,61],[-16,61],[-6,51],[0,122],[11,46],[-7,47],[17,58],[-8,26],[10,86],[0,41],[-10,105],[2,57],[-17,71],[4,35],[-8,72],[-17,63],[3,110],[-22,194],[2,79],[13,110],[-25,62]],[[30446,41272],[21,9],[51,1],[45,40],[30,61],[23,94],[-21,142],[11,43],[37,2],[48,86]],[[30932,20273],[-3,-50],[-37,-20],[-78,-16],[-122,50],[-80,42],[-79,-35],[-44,-5],[-103,44],[-42,-34],[-15,52],[-52,20],[-29,45],[-16,-35],[-35,12],[7,63],[-38,7],[-1,-49],[-20,-21],[-77,49],[-19,-36],[-39,4],[-11,44],[17,35],[60,61],[31,-56],[33,5],[-5,34],[90,3],[49,-11],[22,18],[20,57],[77,-42],[40,-50],[46,-32],[6,27],[-49,28],[-41,94],[-64,3],[-17,13],[-18,77],[170,-122],[34,2],[35,42],[28,-28],[31,10],[47,-22],[28,-48],[25,34],[90,-77],[22,16],[-51,73],[-93,57],[-74,35],[-49,43],[-35,159],[13,42],[72,46],[63,13],[81,66],[12,41],[-10,54],[-90,-1],[-76,-24],[-20,-21],[-65,-15],[-60,88],[15,171],[49,-29],[30,29],[12,58],[-46,25],[-5,76],[41,2],[35,-63],[25,-3],[24,37],[25,5],[40,76],[-9,47],[11,29],[46,34],[12,-11],[41,-97],[24,-26],[61,25],[49,48],[32,-47]],[[30936,21517],[-1,-309],[-1,-308],[-1,-309],[0,-309]],[[30933,20282],[-1,-9]],[[19658,36230],[-4,-22],[-58,-33],[8,51],[16,21],[38,-17]],[[31284,19725],[-49,8],[4,44],[37,-23],[8,-29]],[[31429,20001],[-12,-35],[-45,3],[19,56],[38,-24]],[[31548,20050],[-22,-41],[-35,29],[27,25],[30,-13]],[[31111,19796],[-40,-26],[-3,44],[-32,-13],[5,54],[-98,36],[-35,-2],[-38,-23],[-28,44],[31,99],[-86,9],[-30,16],[-33,-42],[41,-56],[11,-31],[-26,-30],[-38,-1],[-4,48],[-44,25],[-68,86],[-49,36],[40,52],[128,18],[29,22],[135,7],[28,18],[81,6],[27,-34],[3,-37],[-55,-27],[-9,-47],[50,4],[40,-62],[-53,-4],[53,-57],[67,-132]],[[31143,20017],[-55,6],[-21,21],[-8,126],[-40,-7],[-4,40],[112,9],[60,-18],[21,9],[97,-5],[33,-22],[33,-60],[-7,-69],[-51,-67],[-39,9],[-3,43],[-22,26],[-30,-10],[-10,-41],[-66,10]],[[30473,20110],[-60,-14],[-33,17],[-24,-27],[-39,37],[-37,15],[1,49],[53,-16],[80,-7],[59,-54]],[[30582,20159],[-7,57],[72,18],[121,-38],[7,-22],[-158,-37],[-35,22]],[[30438,20246],[-44,-30],[-7,38],[51,-8]],[[30282,20198],[-22,-12],[-61,46],[-10,-41],[-26,2],[-13,34],[28,31],[58,-9],[46,-51]],[[30448,20625],[44,-16],[-12,-32],[-52,20],[20,28]],[[29917,20688],[16,-19],[-17,-81],[-35,-2],[-24,31],[51,35],[9,36]],[[29672,20692],[0,-32],[-37,3],[-13,56],[50,-27]],[[30102,20688],[-7,55],[54,24],[45,-29],[24,-91],[56,28],[6,-95],[-34,-66],[-51,36],[15,39],[-38,2],[-33,21],[-43,-13],[-13,38],[19,51]],[[29995,20617],[-59,82],[-8,66],[63,12],[24,41],[32,-39],[28,12],[4,-143],[-34,-8],[-6,-90],[-44,67]],[[30429,20957],[-5,-31],[14,-79],[-8,-49],[32,-69],[-29,-31],[-47,65],[-17,-11],[28,-56],[8,-91],[-40,20],[-38,43],[-17,49],[0,107],[51,32],[-4,49],[41,43],[31,9]],[[29493,21037],[26,-16],[-16,-41],[-29,26],[19,31]],[[29613,21071],[-27,-22],[27,-46],[-25,-23],[-31,47],[10,49],[46,-5]],[[29853,20690],[-36,13],[-44,-43],[-33,39],[35,31],[-9,26],[27,38],[-20,42],[-23,-27],[-47,21],[-9,-45],[16,-51],[-45,5],[-29,95],[16,22],[-31,42],[-34,7],[-36,29],[9,39],[28,-3],[39,23],[-13,50],[71,-16],[-8,45],[36,12],[27,-26],[17,-57],[61,-1],[71,-56],[-24,-23],[70,-32],[13,-27],[-18,-58],[-22,21],[-15,-81],[-40,-54]],[[29664,21126],[-30,-20],[-29,40],[-39,-23],[-12,64],[-64,59],[-13,30],[-57,-27],[-49,7],[-40,36],[-5,32],[-48,29],[7,41],[-49,56],[21,19],[47,-59],[27,-51],[44,-28],[20,10],[84,-34],[17,-33],[43,2],[30,-35],[32,-13],[63,-102]],[[29489,21481],[-20,26],[-60,-6],[-16,46],[37,13],[21,38],[-15,39],[37,13],[61,-38],[-29,-52],[12,-17],[-28,-62]],[[29257,21660],[-39,23],[0,66],[62,13],[15,-34],[-16,-71],[-22,3]],[[29508,21666],[-65,72],[-21,62],[73,-54],[13,-80]],[[29410,21656],[-18,17],[-7,114],[-35,2],[12,47],[49,-56],[47,-72],[-48,-52]],[[29307,21897],[-6,-15],[-53,-12],[45,61],[14,-34]],[[29525,21777],[-45,53],[-61,49],[10,59],[75,-87],[21,-74]],[[29236,21860],[-30,-8],[22,107],[38,-15],[-24,-41],[-6,-43]],[[29149,21953],[-16,2],[18,88],[24,-7],[-9,-61],[-17,-22]],[[29323,21974],[-19,80],[52,-32],[61,-66],[-13,-41],[-27,4],[-54,55]],[[29197,21884],[-25,-30],[-24,34],[8,43],[29,37],[28,10],[-15,38],[22,80],[12,-86],[-35,-126]],[[29460,22034],[-30,-30],[-50,50],[44,59],[36,-79]],[[29389,22215],[-11,10],[-5,68],[25,2],[16,-81],[-25,1]],[[29160,22270],[-37,-69],[6,-47],[-20,-40],[-30,-16],[0,54],[25,26],[1,107],[22,24],[33,-39]],[[29502,22312],[4,-61],[-26,3],[-14,32],[36,26]],[[29239,22249],[-17,-37],[-45,59],[34,31],[13,37],[53,3],[15,-45],[-13,-66],[-40,18]],[[29327,22397],[-1,-54],[-41,29],[-9,43],[51,-18]],[[29375,22326],[-10,22],[-13,94],[25,-21],[11,-75],[-13,-20]],[[29337,22472],[-69,-34],[2,-27],[-74,21],[-6,52],[10,42],[70,-22],[-4,44],[20,9],[5,47],[43,-68],[-11,-32],[14,-32]],[[29192,22578],[-14,39],[60,12],[-4,-27],[27,-40],[-9,-38],[-43,11],[-17,43]],[[29131,22752],[-3,-31],[-42,-56],[3,-72],[-43,16],[-14,39],[8,39],[27,10],[-19,43],[83,12]],[[29358,22556],[-57,59],[-18,57],[31,64],[-48,23],[25,34],[21,-31],[26,12],[14,-70],[17,-27],[23,-120],[-34,-1]],[[29227,22760],[13,63],[35,4],[-9,-49],[-39,-18]],[[29155,22870],[-39,-53],[-25,31],[-53,-13],[18,103],[35,-44],[20,-5],[20,49],[-49,27],[-27,49],[21,22],[53,-47],[51,-15],[33,-64],[-31,0],[-27,-40]],[[29042,23166],[-47,-51],[-3,62],[20,13],[-16,56],[29,42],[43,-27],[40,-105],[9,-53],[-45,15],[-12,64],[-18,-16]],[[29193,23568],[-5,-112],[-11,1],[-36,64],[-31,-8],[-7,32],[37,50],[29,-26],[24,-1]],[[29011,23470],[-21,11],[8,45],[46,38],[13,50],[30,-51],[-29,-54],[-20,0],[-27,-39]],[[29107,23604],[-28,29],[-64,-13],[-28,12],[9,62],[85,-4],[26,-86]],[[29137,23630],[-25,-15],[-14,41],[10,65],[36,-48],[-7,-43]],[[29111,23169],[-4,41],[-22,35],[-3,45],[-45,131],[11,31],[46,9],[20,-18],[52,15],[20,-26],[20,93],[15,28],[-42,56],[0,51],[-27,35],[19,56],[63,47],[38,-32],[26,6],[-1,-83],[15,-45],[-9,-54],[13,-46],[4,-117],[-11,-79],[-14,-28],[32,-105],[-3,-69],[-15,-82],[-48,-56],[-30,-2],[-28,21],[-13,58],[9,69],[-10,59],[7,46],[-8,47],[-24,8],[14,-83],[-1,-71],[-14,-30],[-34,-12],[-18,51]],[[29143,23822],[7,-36],[-17,-68],[-30,37],[40,67]],[[29072,23829],[-38,-82],[-38,-16],[-11,45],[53,9],[34,44]],[[29075,23871],[-3,-37],[-46,-46],[5,53],[-39,-16],[-13,28],[19,83],[23,-19],[20,25],[24,-14],[10,-57]],[[29313,23926],[18,22],[28,-41],[-34,-21],[-12,40]],[[29419,23912],[-43,50],[14,17],[38,-36],[-9,-31]],[[29307,23987],[19,2],[22,36],[32,-79],[-11,-24],[-53,45],[-9,20]],[[29306,23853],[-8,-53],[-26,-10],[-36,36],[-55,6],[-18,19],[-6,47],[24,50],[35,8],[6,79],[20,35],[17,-34],[22,-80],[-3,-92],[28,-11]],[[29293,24003],[-17,50],[13,65],[41,-52],[2,-44],[-39,-19]],[[29122,24017],[0,21],[-27,111],[52,-24],[15,16],[52,-36],[-2,-115],[-54,-57],[-36,84]],[[29125,23809],[-16,-23],[-27,70],[-5,49],[14,43],[-26,19],[-26,-18],[-27,22],[10,83],[-18,85],[30,34],[27,11],[31,-91],[18,-98],[29,-75],[8,-75],[-22,-36]],[[29091,24173],[18,63],[33,29],[40,-9],[20,39],[23,2],[6,-42],[-13,-31],[24,-96],[-85,43],[-19,23],[-27,-28],[-20,7]],[[29329,24224],[-25,12],[30,45],[42,19],[87,-42],[32,8],[-4,-50],[-79,4],[-56,-21],[-27,25]],[[29116,24286],[-42,41],[67,46],[19,-71],[-44,-16]],[[29198,24354],[-20,-36],[-27,49],[15,16],[32,-29]],[[29314,24721],[31,18],[10,-27],[-33,-42],[-8,51]],[[29423,24753],[28,-16],[-26,-52],[-21,-19],[-24,40],[18,51],[25,-4]],[[29521,25311],[11,-31],[-17,-47],[-54,68],[28,32],[32,-22]],[[29525,25384],[-1,-56],[-30,13],[10,49],[21,-6]],[[29235,25451],[11,-23],[-15,-81],[-42,-67],[-43,6],[-11,120],[16,13],[46,-11],[38,43]],[[29516,25459],[-32,-100],[-23,33],[18,32],[37,35]],[[29464,25487],[-11,-65],[-17,-26],[-17,51],[13,44],[32,-4]],[[29290,25585],[-8,-92],[-32,4],[11,73],[29,15]],[[29424,25518],[-11,60],[23,31],[33,-33],[-3,-62],[-22,-13],[-20,17]],[[29304,25495],[13,31],[-9,41],[19,88],[36,-15],[23,-90],[-37,-56],[-36,-24],[-9,25]],[[29537,25665],[22,-25],[-3,-55],[-23,-102],[-38,63],[13,75],[29,44]],[[29476,25645],[4,-52],[-44,25],[-10,55],[50,-28]],[[29349,25722],[-10,-37],[-31,27],[-2,40],[30,2],[13,-32]],[[29493,25763],[-1,-47],[-51,-3],[-33,17],[-10,41],[27,28],[23,-39],[45,3]],[[29368,25797],[-9,-50],[-30,27],[15,52],[24,-29]],[[29519,25793],[-28,-17],[-49,7],[-21,53],[-28,-17],[-18,34],[12,39],[36,5],[45,22],[38,-25],[17,-43],[-4,-58]],[[29369,25948],[23,44],[61,-20],[14,-24],[-41,-31],[-34,4],[-23,27]],[[29463,26038],[26,3],[21,-84],[-21,-17],[-24,38],[-2,60]],[[29141,26034],[17,-62],[-22,-13],[-25,63],[30,12]],[[29554,26063],[-6,-49],[-28,5],[-4,39],[38,5]],[[29349,26028],[-14,-29],[-21,17],[-16,42],[28,21],[23,-51]],[[29310,26126],[0,-36],[-43,5],[4,39],[39,-8]],[[29464,26130],[15,-37],[-38,-13],[-75,-51],[-35,63],[2,40],[37,13],[67,0],[27,-15]],[[29539,26103],[-26,-38],[-24,45],[12,64],[27,9],[20,-60],[-9,-20]],[[29390,26209],[11,-39],[-53,-8],[-6,28],[48,19]],[[29335,26177],[-36,12],[-7,29],[67,47],[23,-42],[-55,-22],[8,-24]],[[29616,26154],[23,-11],[10,74],[72,67],[27,-53],[38,-7],[13,-36],[-25,-62],[-7,-43],[-86,-116],[-30,-16],[-42,68],[2,25],[-19,78],[24,32]],[[29436,26288],[22,3],[6,-47],[-32,15],[4,29]],[[29414,26361],[20,38],[25,-46],[-41,-23],[-4,31]],[[29659,26485],[-13,54],[37,9],[-9,-70],[-15,7]],[[29404,26592],[28,18],[21,-19],[29,23],[28,-58],[-43,-4],[-22,-23],[-47,36],[6,27]],[[29217,26702],[-2,42],[49,5],[19,-47],[-54,-22],[-12,22]],[[29607,27341],[-59,48],[-1,43],[24,-6],[36,-85]],[[29351,26906],[-18,12],[17,93],[30,44],[0,61],[18,20],[-1,67],[12,55],[-18,137],[13,66],[-1,58],[26,50],[0,107],[20,45],[32,-15],[49,48],[43,-18],[1,-72],[24,-56],[-12,-48],[29,-29],[3,-35],[-37,-40],[-48,-25],[-8,-97],[-22,20],[-6,-60],[31,-34],[18,-42],[32,-28],[7,-45],[-44,-10],[45,-124],[-64,-24],[-7,-50],[19,-30],[-1,-58],[-55,-24],[-115,59],[-12,22]],[[29495,21963],[27,9],[4,-73],[-28,-3],[-3,67]],[[29175,22871],[-2,-84],[-19,-24],[-35,8],[14,46],[42,54]],[[29326,23258],[-4,104],[19,-10],[22,-59],[-37,-35]],[[29264,24305],[34,-9],[0,-32],[-45,4],[11,37]],[[29077,24946],[49,-7],[-5,-49],[-44,56]],[[30691,41750],[-3,79],[-21,40],[-19,7],[12,59],[31,42],[23,15],[6,41],[51,114],[9,43],[43,42],[-1,103],[11,39],[40,35],[3,35],[-38,53],[-45,-8],[-21,41],[-57,286],[1,34],[36,108],[0,34],[40,67],[-39,76],[-28,79],[8,102],[26,21],[5,91],[22,9],[1,43],[49,71],[-6,77],[35,20],[4,32],[-13,75],[-18,31],[-9,126],[-18,33],[15,35],[11,49],[6,153],[-4,69],[-1,171],[35,73],[23,12],[8,31],[-14,26],[31,68],[-125,447],[-123,446]],[[30673,45525],[50,10],[28,-12],[62,-8],[21,-18],[31,-9],[22,13],[5,-76],[8,-9],[40,17],[22,29],[30,10],[37,38],[55,162],[15,17],[50,5],[30,-32],[9,5],[10,55],[28,62],[27,22],[42,80],[38,-1],[38,40],[45,95],[36,58],[28,23],[11,28],[50,9],[72,50],[29,10],[16,-14],[18,18],[25,-3],[24,28],[22,-13],[35,-47],[37,90],[22,-17],[19,-66],[-8,-58],[2,-69],[10,-98],[-11,-57],[-10,-10],[-13,-67],[-11,-11],[4,-91],[15,-42],[-6,-58],[24,-38],[4,-72],[-11,-24],[0,-43],[-15,-27],[10,-38],[-4,-44],[13,-18],[-7,-36],[17,-66],[19,-7],[8,-44],[0,-86],[16,16],[20,-22],[19,-140],[57,-21],[21,-66],[34,-40],[35,-26],[-6,-65],[26,-48],[50,-9],[20,-27],[28,6],[34,-20],[16,40],[17,12],[40,-12],[32,-42],[13,-3],[28,-64],[21,-22],[20,1],[31,39],[17,-11],[7,-54],[21,-62],[15,-5],[31,-73],[34,14],[12,-38],[42,-20],[30,-43],[45,11],[30,-17],[0,-47],[31,-74],[37,-60],[6,-38],[31,-4],[41,17],[36,-20],[31,28],[30,-17],[25,2],[30,26],[5,-35],[35,-10],[26,-29],[42,-66],[52,-57],[7,-58],[14,-33],[-6,-46],[-18,-36],[3,-93],[18,-35],[15,-87],[-2,-49],[17,-31],[6,-261],[-1,-7],[-86,-2],[15,-26],[75,-180],[6,-27],[12,-287],[4,-127],[14,-29],[284,-21],[178,-13],[20,30],[15,-6],[2,-56],[-6,-71],[-28,-63],[-7,-37],[8,-91],[-4,-26],[17,-128],[7,-91],[41,-36],[62,-96],[43,-7],[18,-27],[3,-81],[15,-23],[8,-51],[-9,-12],[25,-90],[24,-105],[-4,-41],[-60,-377],[15,-18],[3,-59],[-20,-9],[-93,-386],[2,-16],[72,-128],[-28,-27],[-26,-47],[-30,-33]],[[33844,40219],[4,113],[-8,85],[-115,139],[-139,169],[-255,-7],[-230,-97],[-188,-80],[-63,-19],[-6,-11],[-37,-197],[-14,-60],[-80,-228],[-13,-46],[1,-280],[-38,-250],[-66,-423]],[[32597,39027],[-39,70],[-4,63],[-232,4],[-28,-31],[-20,28],[-38,-3],[-13,-43],[-15,-85],[-10,-16],[-21,-104],[-25,-59],[-12,-86],[-21,-23],[-23,50],[7,58],[-15,30],[-25,85],[8,30],[-12,45],[-28,23],[-21,-1],[-19,21],[-53,24],[-121,-3],[-34,9],[-46,-16],[-16,16],[-36,81],[-32,16],[-13,49],[-40,23],[-14,-95],[-2,-54],[-23,-44],[-99,-56],[-17,-121],[-66,-52],[-1,-75],[-21,-32],[-22,-64]],[[30446,41272],[-47,65],[-34,36],[-39,72],[-18,18],[-7,34],[-48,44],[-36,68],[-47,37],[8,31],[-12,134],[-31,67],[-36,31],[-46,23],[-39,68],[-27,26],[-42,64],[-27,21],[-19,68],[-35,41],[-28,18],[-29,-1],[-24,18],[-30,44],[-48,34],[-37,50],[-24,11],[-10,28],[-29,27],[-78,42],[-39,42],[-53,78],[-4,30],[-110,93],[-5,41],[-21,14],[-86,79],[-6,16],[-50,45],[-31,38],[-2,48],[-19,19],[-2,42],[-33,34],[-26,85],[-27,65],[-80,91],[-25,45],[-1,40],[-13,68],[-31,51],[-16,86],[-15,32],[-22,16],[2,112],[-33,22],[9,61],[28,-34],[22,185],[-11,105],[-73,185],[-9,52],[0,44],[-31,68],[-15,76],[-36,79],[6,58],[-18,45],[-51,57],[-4,52],[-34,24],[9,28],[-1,53],[-14,89],[8,12],[-16,74],[-16,30],[-10,47],[-37,52],[-54,64],[2,45],[13,28],[-21,137],[-23,65],[-3,31],[-24,50],[-20,83],[-13,21],[-24,84],[-14,85],[-17,34],[-3,57],[-16,52],[1,91],[-20,42],[-19,61],[-16,113],[1,35],[-16,16],[-4,81],[-20,12],[0,37],[-20,28],[3,25],[-14,75],[-23,62],[6,20],[-5,76],[-17,46],[-33,53],[10,34],[-23,92],[-38,74],[0,14],[-49,73],[-46,128],[8,24],[-41,121],[3,45],[-11,69],[-23,51],[-3,41],[-62,128],[-10,56],[-43,78],[-49,62],[-137,141],[-17,34],[-69,97],[-14,55],[0,53],[31,38],[27,-19],[21,62],[3,53],[-21,108],[-39,83],[-17,11],[-18,53],[9,25],[-2,45],[25,4],[5,33],[-44,124],[-32,74],[9,20],[-7,96],[14,47],[-4,45],[12,45],[49,82],[23,72],[34,57],[5,37],[22,57],[44,54],[22,64],[46,23],[8,41]],[[27683,49878],[21,-19],[-2,-34],[15,-84],[-1,-79],[16,-70],[-26,-31],[-13,-35],[-29,13],[-20,-9],[-9,-49],[12,-75],[32,-4],[-37,-101],[22,-47],[21,18],[26,44],[10,41],[34,-6],[27,-46],[22,-6],[30,-49],[39,26],[41,-53],[-5,-50],[21,-111],[15,-21],[26,-66],[55,-10],[12,-19],[15,30],[8,50],[22,17],[-8,55],[21,55],[37,35],[13,24],[10,66],[-13,63],[30,130],[3,60],[18,25],[8,71],[16,33],[-3,48],[17,115],[1,47],[25,5],[12,-62],[18,17],[-10,65],[43,100],[28,78],[26,43],[193,140],[130,94],[17,21],[148,236],[122,295],[26,65],[41,334],[18,-30],[33,3],[-19,128],[2,53],[9,18],[-4,57],[-29,34],[-16,37],[-14,89],[-26,37],[14,35],[20,-22],[31,7],[17,24]],[[29088,51771],[17,43],[22,-6],[25,-53],[33,-43],[17,-7],[13,29],[19,-62],[-5,-23],[24,-20],[13,8],[29,-69],[35,-65],[13,-60],[-4,-35],[19,-37],[6,-81],[13,-26],[34,-19],[15,11],[6,-40],[34,-25],[11,-44],[22,-19],[19,4],[27,-22],[21,-68],[-6,-17],[24,-44],[3,-54],[-13,-58],[53,-69],[21,12],[22,-16],[8,-55],[-3,-37],[16,-65],[-23,-66],[10,-61],[28,-4],[24,-32],[8,-37],[38,24],[24,-24],[21,49],[22,-28],[34,-13],[13,-23],[31,7],[12,22],[22,-6],[20,43],[34,2],[35,79],[20,28],[64,-47],[7,-48],[16,30],[19,-66],[20,20],[26,-4],[22,45],[41,38],[33,-18],[24,-45],[23,-12],[16,-71],[20,26],[33,-50],[28,3],[17,-28],[17,-51],[26,-24],[13,19],[12,-47],[-115,-373],[-75,-242],[12,-2],[41,-45],[29,-2],[17,28],[19,-6],[26,-55],[8,-60],[35,-45],[27,-74]],[[30565,49393],[-7,-45],[-20,-8],[-10,36],[-37,-22],[-21,25],[-1,52],[-33,21],[-43,-35],[-24,35],[-12,-22],[-33,-4],[-3,-34],[-35,-85],[-31,12],[-13,-21],[-105,-27],[-44,-34],[-31,15],[-32,-19],[-25,-39],[-25,-14],[-16,-43],[-34,-45],[-19,-1],[-22,-26],[-2,-31],[-62,-94],[-7,-23],[-26,4],[-12,-19],[-35,-25],[6,-80],[-22,-112],[4,-54],[-11,-86],[-39,-98],[-26,-115],[2,-40],[14,-31],[12,-135],[-18,-63],[-48,-22],[-40,-66],[-47,-65],[-23,-54],[-13,-114],[22,-70],[6,-46],[-13,-19],[-61,-22],[10,-42],[-7,-79],[36,-78],[35,-39],[0,-45],[-23,-15],[5,-35],[30,-35],[19,-70],[-1,-33],[22,-103],[47,-62],[2,-68],[22,-48],[26,-23],[30,-99],[26,-53],[4,-58],[-24,-83],[-12,-8],[-35,-95],[112,-1],[60,-26],[17,-15],[29,0],[24,-30],[23,-77],[-1,-55],[20,-25],[9,-47],[-10,-68],[224,0],[21,7],[33,31],[10,37],[40,34],[39,90],[54,76],[26,51],[3,-59],[-13,-14],[22,-92],[-26,-72],[-1,-401],[0,-267],[30,42],[27,-57],[41,-16],[25,14],[67,70],[41,-5],[25,-21],[40,7]],[[32597,39027],[5,-35],[45,-49],[28,-48],[23,-11],[27,-89],[5,-46],[37,-96],[8,-49],[15,-37],[31,-37],[25,-51],[2,-28],[39,-31],[32,-71],[54,-40],[7,-24],[45,-48],[-3,-34],[31,-80],[20,-5],[27,-34],[30,0],[38,-23],[30,-37],[44,-24],[51,-4],[31,11],[100,-126],[15,-34],[44,-43],[33,-74],[62,-64],[33,-26],[53,-77],[32,-20],[61,-23],[45,-82],[24,31],[71,-80],[22,0],[38,-59],[23,-62],[8,-48],[24,-50],[-4,-50],[-15,-40],[-36,-33],[4,-28],[-23,-33],[6,-30],[-21,-26],[1,-77],[-32,-45],[-27,-23],[-24,-82],[-10,-76],[-2,-82],[14,-27],[-20,-34],[-3,-62],[-29,-42],[6,-30],[-36,-26],[-15,-76],[-39,-55],[14,-52],[26,-19],[75,13],[60,-2],[90,-42],[46,-43],[55,-1],[43,-45],[29,2],[48,38],[37,-51],[44,35],[18,-5],[24,-57],[26,-16],[20,58],[4,52],[44,53],[38,-20],[20,3],[14,-36],[30,-31],[46,67],[6,47],[-9,37],[19,48],[20,0],[13,68],[37,27],[39,-12],[4,52],[18,34],[24,10],[20,74],[30,8],[1,67],[23,50],[19,141],[-6,125],[15,19],[5,79],[-15,70],[17,25],[-5,41]],[[34833,37104],[15,0],[24,-39],[38,50],[30,14],[64,-34],[21,-23],[20,-103],[3,-95],[17,-31],[9,-57],[18,-53],[-2,-43],[-14,-48],[-6,-183],[10,-103],[-30,-154],[-55,-41],[-21,-42],[-27,14],[-27,-97],[-48,9],[-3,-33],[-37,1],[-27,-49],[-35,5],[-20,-45],[-4,-66],[-31,-59],[-48,-12],[-20,-35],[-17,-4],[-31,-87],[-18,0],[-13,-38],[-14,17],[-22,-46],[-25,-21],[31,-54],[-6,-36],[-44,24],[-18,-18],[2,-47],[-31,-21],[-3,-51],[-45,-92],[-28,-20],[-5,-59],[-25,-40],[-6,-58],[-56,-63],[-17,-87],[-29,-48],[-10,-46],[-41,-72],[-36,-87],[-35,-15],[-24,-41],[-5,-76],[-24,-34],[-26,-60],[-30,-22]],[[33996,34450],[-8,-6]],[[33988,34444],[5,-38],[-8,-40],[-55,-90],[-10,-61],[19,-70],[6,-84],[-3,-29],[-29,-23],[16,-64],[-16,-64],[2,-41],[-17,-42],[-7,-49],[-23,-44],[24,-45],[0,-51],[-20,-97],[-30,-20],[-10,-27],[12,-29],[3,-69],[-10,-52],[22,-57],[1,-34],[-27,-78]],[[33833,33146],[-6,-50],[12,-170],[11,-41],[-2,-86],[-27,-26],[-39,11],[-14,-90],[6,-38],[-21,-42],[-9,-45],[-8,-135],[2,-36],[20,-56],[9,-79],[12,-30],[4,-90],[-22,-49],[-28,-7],[29,-46],[-16,-41],[11,-49],[26,-29],[18,-49],[45,-54],[42,-21],[18,-27],[18,2],[32,-45],[65,-60],[48,-79],[28,-57],[32,-96],[-3,-39],[-58,-141],[-11,-78],[8,-71],[32,-106],[39,-64],[50,-47],[45,11],[19,-30],[0,-72],[7,-45],[2,-145],[-6,-44],[-56,-135],[-46,-144],[-31,-71],[-40,-63],[-41,-86],[-15,-45],[-8,-73],[2,-49],[-17,-39],[-74,-82],[-82,-78],[-48,-36],[-46,-18],[-20,-20],[-45,-17],[-93,-61],[-158,-52],[-46,-31],[-25,0],[-127,-39],[-144,-40],[-46,3],[-32,-18],[-79,11],[-25,-17],[-59,25],[-30,-7],[-52,25],[-18,20],[-18,53],[-62,7],[-2,-27],[31,-63],[-23,-85],[12,-94],[41,-10],[40,-47],[-9,-27],[-28,34],[-11,-26],[39,-31],[-16,-162],[0,-51],[-14,-22],[-42,-6],[-14,-106],[7,-34],[-8,-57],[-32,-44],[19,-100],[25,-23],[21,-69],[-1,-72],[-23,-73],[-109,-97],[-103,-65],[-60,4],[-129,-6],[-24,14],[-54,77],[-32,-5],[-67,56],[-37,16],[-62,45],[-6,47],[-42,7],[-49,-70],[-15,-102],[8,-98],[24,-154],[19,-60],[-12,-65],[10,-74],[-16,-66],[-3,-45],[18,-62],[41,-57],[90,-30],[6,-31],[-21,-48],[6,-31],[33,-6],[36,13],[52,-5],[19,26],[-2,68],[-26,34],[57,56],[41,25],[28,-37],[33,-119],[3,-145],[-15,-70],[3,-22],[-32,-42],[-103,-34],[-40,76],[9,55],[-29,66],[-32,20],[-49,-5],[-35,-27],[-23,-37],[-34,-16],[-20,-53],[6,-22],[72,-50],[26,-31],[36,-6],[52,-43],[-33,-33],[-89,-46],[-74,-87],[0,-46],[-67,-120],[-17,-49],[5,-92],[26,-118],[-3,-44],[-21,-50],[26,-96],[-26,-39],[-4,-42],[-38,-54],[-51,-38],[-11,-26],[-9,-91],[40,-15],[-8,-76],[-25,-20],[-42,34],[-34,-22],[-14,23],[-51,5],[-32,-29],[-43,-19],[-28,-37],[13,-43],[-41,1],[-55,-12],[-54,-66],[-44,-103],[-31,-49],[-8,-94],[-26,-28],[-26,-62],[-18,-80],[-2,-53],[22,-137],[33,-95],[24,-34],[57,-47],[96,-172],[44,-26],[119,-22],[61,13],[27,-17],[38,-62],[9,-79],[-6,-97],[-31,-134],[-15,-16],[15,-100],[-22,1],[-11,-66],[-54,-74],[-39,-39],[-47,-85],[-50,-18],[-58,-67],[-2,-24],[-34,-13],[-35,-35],[-24,-84],[-57,-49],[-42,-64],[-21,-66],[-20,-100],[14,-43],[-15,-106],[-7,-126],[-28,-100],[-67,-77],[-70,-19],[-31,-46],[-122,-75],[-55,-132],[-21,-105],[4,-93],[-9,-43],[30,-197],[27,-104],[-43,-59],[51,-24],[70,-207],[88,-173],[-23,-24]],[[29593,23175],[74,45],[38,73],[1,46],[-17,48],[6,69]],[[30936,21517],[56,-113],[24,-29],[21,-55],[-71,-81],[-8,-67],[27,-34],[73,-10],[22,-17],[18,-103],[17,-45],[53,-73],[66,-63],[-4,-41],[76,-84],[108,-92],[39,-21],[79,-124],[178,-105],[40,-8],[108,20],[43,-8],[-49,-157],[-27,17],[-20,-28],[-61,13],[-68,5],[-8,-41],[-34,-13],[-56,0],[-15,-25],[-47,-7],[-33,17],[-40,45],[-63,22],[-142,17],[-35,-3],[-114,20],[-62,31],[-7,-29],[-54,-6],[-33,40]],[[32253,20313],[5,-30],[-59,0],[-52,-19],[-12,21],[-82,-71],[-42,40],[21,35],[22,-16],[64,45],[83,-13],[52,8]],[[32803,29293],[11,-59],[-38,26],[-26,61],[53,-28]],[[32734,28580],[17,-1],[19,-45],[-23,-63],[-35,31],[22,78]],[[32744,28721],[29,-26],[0,-88],[-33,85],[4,29]],[[59383,71976],[-22,-2]],[[59361,71974],[0,9]],[[59361,71983],[-6,26]],[[59355,72009],[24,-1],[39,22]],[[59418,72030],[-2,-5]],[[59416,72025],[-20,-35],[18,-24]],[[59414,71966],[-31,10],[0,0]],[[59361,71974],[-13,-16],[-14,-71],[-100,-71],[-48,-7],[-16,-30]],[[59170,71779],[-7,23],[-29,-4],[-15,20],[-19,-28]],[[59100,71790],[-27,-1],[-48,32],[-22,27],[-9,55],[-14,21],[-12,122],[24,-32],[21,10],[22,56],[16,9]],[[59051,72089],[21,8]],[[59072,72097],[8,-1]],[[59080,72096],[6,-29],[26,-23],[3,-18],[29,5],[35,38],[35,14],[36,-28],[32,27],[11,-34],[-3,-58],[14,15],[57,-22]],[[59416,72025],[34,-2]],[[59450,72023],[-3,-40],[-33,-17]],[[71610,72275],[23,-37],[29,36],[19,-23],[-15,-106],[36,-123],[5,-65],[18,-55],[17,-109],[29,-46],[64,-18],[39,-44],[15,-32],[33,-25],[18,-49],[-3,-40],[-20,-34],[-48,-46],[-3,-48],[14,-71],[7,-74],[-4,-110],[12,-53],[39,-67],[37,-32],[45,2],[44,-10],[10,-14],[-9,-53],[-14,-27],[12,-80],[57,-140],[-49,-112],[-34,33],[-9,-34],[-49,-35],[-6,-47],[-41,-26],[-48,67],[-16,101],[-23,-34],[-51,-7],[-18,-22],[19,-58],[2,-114],[15,-12],[38,-99],[27,-42],[-21,-111],[17,-59],[24,-35],[-33,-56],[18,-38],[-7,-63],[13,-27],[38,-11],[41,111],[17,-13],[30,-63],[18,-96],[18,-30],[7,-43],[23,-13],[15,-35],[58,15],[26,-10],[20,-41],[28,-25],[16,-36],[30,0],[17,-34],[-18,-37],[24,-55],[75,-62],[14,5],[41,-43],[17,-41],[54,-38],[5,-33]],[[72498,69224],[-44,-16],[-2,-30],[-49,-85],[-23,-13],[-26,-81],[-30,-28],[-4,-31],[8,-57],[-16,-46],[-31,-63],[18,-85],[-13,-75],[-28,-16],[-9,-77],[-18,-35],[1,-46],[30,-42],[24,-18],[33,-64],[21,-2],[20,30],[42,-29],[8,-26],[29,-34],[25,-11],[4,-25],[31,-32],[41,-14],[45,-143],[24,21],[18,-48],[43,-55],[21,-11],[46,-65],[33,38],[21,-6],[28,-33],[70,-99],[34,-1],[35,17],[16,-42],[12,-79],[34,-4],[38,-25],[34,0],[48,-64],[18,45],[-3,30],[64,-4],[71,-60],[-3,47],[54,12],[14,32],[40,-40],[18,-37],[80,-27],[22,-72],[-5,-101],[34,-17],[11,8],[34,-33],[8,-34],[26,-31],[32,5],[10,-53],[25,-13],[28,30],[14,-1],[45,39],[24,-25],[7,-91],[31,-47],[52,47],[54,-40],[22,16],[63,-53],[56,-61],[23,10],[22,37],[46,49],[12,-86],[14,-21],[24,8],[30,-32],[16,38],[26,2],[30,-26],[51,42],[28,6],[12,-30],[26,-23],[18,49],[8,74],[19,93],[-4,58],[-22,85],[-29,64],[5,66],[12,60],[-3,99],[24,84],[14,77],[-11,50]],[[74477,67878],[2,52],[70,18],[34,27],[30,44],[35,-29],[23,-35],[-2,-38],[12,-49],[-14,-108],[-17,-63],[9,-79],[33,-54]],[[74692,67564],[-26,-34],[-20,-61],[28,-30],[16,-69],[19,-38],[29,-18],[10,-34],[25,-7],[43,26],[28,-33],[18,3],[50,-45],[38,-14],[74,24],[18,17],[7,35],[57,34],[57,-64],[35,-8],[81,9],[15,13],[38,-1],[22,-17],[23,19],[13,36],[19,-2],[13,-39],[50,3],[26,29],[67,1],[13,47],[-9,52],[-14,26],[-1,49],[24,85],[-17,82],[-13,14],[-54,-9],[-34,13],[-18,39],[-4,64],[13,34],[1,78]],[[75452,67873],[28,-27],[27,2],[10,-45],[25,-3],[10,26],[21,-5],[48,60],[18,-46],[28,39],[48,-3],[30,36],[14,43],[-22,69],[34,52],[20,-2],[35,52],[64,33],[-6,53],[28,51],[9,48],[36,39],[49,1],[66,18],[18,-12],[18,68],[0,25],[72,51],[27,52],[-21,43],[4,28],[30,35],[37,13],[28,51],[21,-20],[20,-68],[22,2],[53,-17],[40,-25],[10,-22],[39,-13],[34,19],[7,81],[22,23],[34,-18],[8,70],[33,-9],[25,20],[52,5],[18,-64],[45,-7],[-14,-42],[-30,-15],[-10,-21],[6,-97],[15,3],[33,52],[25,-24],[15,-63],[18,-44],[6,-57],[-27,-13],[0,-25],[-46,-94],[-9,-34],[19,-25],[53,40],[43,-6],[60,-58],[51,17],[58,-85]],[[77034,68084],[-5,-86],[13,-26],[-6,-75],[-30,4],[-46,-86],[-19,-14],[-33,-62],[-3,-24],[12,-97],[64,-162],[-30,-21],[-45,46],[-1,40],[-28,58],[-48,7],[-21,-35],[-29,3],[-73,-23],[-36,-39],[-35,-94],[-31,-18],[-19,-51],[-27,-23],[-6,-25],[-28,-8],[-27,-68],[-36,-26],[-16,12],[-24,-37],[-5,-39],[-17,-35],[7,-47],[-5,-84],[13,-30],[-1,-53],[14,-42],[-39,-62],[3,-107],[-14,-11],[-30,-89],[-24,-41],[-20,-9],[-24,-47],[-16,-86],[8,-41],[31,-21],[5,-65],[-15,-78],[-15,-44],[-3,-38],[-20,-24],[-12,-62],[-18,-30],[-13,-69],[-20,-63],[-28,-185],[-25,-88],[-28,43],[-32,16],[-22,-5],[-17,34],[-36,8],[-14,-25],[-30,-3],[-24,68],[-18,-22],[14,-77],[6,-97],[16,-52],[-14,-193],[-2,-106],[-21,-64],[-29,21],[-16,-28],[10,-71],[-26,-63],[-3,-46],[10,-44],[-2,-60],[19,-73],[1,-80],[-22,-29],[-19,3],[0,-47],[-16,-33],[4,-39],[-35,17],[-41,71],[-10,-8],[-5,-66],[-21,-24]],[[75715,64490],[-11,87],[11,23],[-16,188],[-6,115],[-15,39],[-5,62],[-13,17],[-14,156],[8,68],[-17,91],[-12,94],[2,56],[-22,-24],[-8,38],[-26,-41],[-15,-7],[-25,23],[7,-111],[-41,-73],[-13,-55],[14,-106],[-28,-58],[-44,-4],[-20,117],[-26,45],[-4,-48],[-16,-21],[-6,92],[-14,96],[-24,82],[0,74],[15,9],[9,51],[-3,37],[21,50],[13,0],[7,60],[32,-7],[33,10],[19,29],[40,34],[15,-37],[12,64],[-3,34],[15,32],[23,-4],[21,21],[1,63],[11,17],[23,134],[-5,56],[10,17],[36,-38],[26,15],[-5,52],[-43,69],[-23,10],[-35,42],[-26,11],[-75,-9],[-19,-23],[-27,19],[-26,-15],[-66,39],[-114,-34],[-24,15],[-65,0],[-38,-11],[-66,35],[-61,50],[-21,-9],[-11,53],[8,66],[3,84],[-14,104],[13,53],[-22,77],[0,25],[-26,71],[-14,2],[-12,-39],[11,-51],[-34,-32],[-36,-1],[-61,79],[-24,142],[-26,32],[-17,-39],[40,-59],[-24,-19],[-13,23],[-26,-23],[-42,105],[-84,94],[0,-54],[30,-18],[9,-44],[-35,-37],[-17,-62],[-40,-38],[-25,-133],[15,-77],[28,17],[53,-87],[1,-35],[30,-53],[32,-19],[35,20],[20,-98],[37,-17],[-22,-77],[-22,16],[-9,-21],[-52,19],[-34,1],[-12,-13],[-2,-70],[-29,-102],[-22,4],[-11,37],[-24,-17],[7,-41],[-18,-48],[-15,-67],[17,-29],[15,-57],[73,-73],[21,-31],[73,-16],[-2,-56],[-15,-20],[-1,-42],[14,-31],[-3,-59],[-17,-32],[-16,-2],[-12,-58],[-3,-67],[50,-105],[13,0],[-23,-100],[7,-30],[36,-4],[32,-29],[-29,-63],[-2,-64],[28,-67],[-10,-62],[12,-103],[14,-77],[-3,-23],[20,-101],[-1,-47]],[[74738,64578],[-6,-26],[6,-85],[-18,-14],[24,-171],[-22,-8],[-33,40],[-34,-67],[-21,81],[5,66],[-4,78],[-17,5],[-17,-60],[0,-46],[16,-35],[-13,-80],[-23,6],[-6,47],[-22,-36],[-40,-25],[-19,73],[6,70],[-14,47],[-3,99],[-25,-43],[-23,-85],[-37,-62],[-37,-43],[-65,-25],[-35,-28],[-39,-6],[-38,-45],[-41,-85],[-22,-87],[2,-54],[30,-134],[14,-111],[-22,-20],[-42,-63],[-11,-29],[-9,-102],[-20,-29],[-37,-29],[-8,-51],[-21,-43],[-5,-32],[-29,-32],[-53,-38],[-18,-3],[-75,-42],[-54,-43],[6,106],[-30,16],[-67,-96],[-33,-127],[21,-23],[-30,-60],[-55,-87],[-23,-57],[-19,-11],[5,-43],[-30,-64],[-25,-81],[-33,-80],[-39,-64],[-14,-46],[-24,-41],[-19,-59],[-84,-76],[-45,-55],[-50,-110],[-4,-27],[-50,-123],[-42,-36],[-53,-70],[-49,-35],[-68,-82],[-49,-101],[-13,-59],[4,-35],[28,-32],[-17,-134],[-28,-38],[-59,-60],[-36,-19],[-28,-31],[-74,22],[-22,-12],[-28,16],[-19,-27],[-25,-163],[-1,-30],[-43,-80],[-25,3],[-22,-60],[-15,79],[-24,9],[-61,-38],[-31,-34],[-26,-58],[-25,-136],[-23,-77],[-11,-122],[1,-45],[15,-179],[14,-24],[10,-56],[-6,-56],[0,-71],[-15,-59],[1,-54],[11,-92],[20,-86],[3,-48],[-14,-65],[-29,9],[-10,-37],[18,-54],[28,-8],[29,-33],[6,-46],[-4,-87],[-13,-76],[-6,-133],[-10,-93],[-20,-115],[-82,-261],[0,-25],[-21,-120],[-9,-111],[9,-87],[10,-20],[9,-133],[-4,-121],[3,-206],[4,-123],[-4,-56],[-25,-13],[-50,21],[-13,16],[-38,1],[-26,-33],[-19,-58],[12,-76],[-22,-37],[-29,-97],[-32,-78],[-18,-111],[5,-33],[43,-94],[-36,12],[-32,-18],[-62,-59],[-47,-14],[-20,-23],[-38,-64],[-18,-60],[0,-56],[-11,-54],[-2,-105],[-19,-66],[-71,-83],[-15,-32],[-30,-10],[-37,-46],[-54,30],[-25,32],[-64,106],[-32,88],[-51,126],[-15,46],[-28,53],[17,35],[-25,17],[-42,186],[-14,97],[-10,182],[18,-63],[15,-12],[-10,-91],[28,-14],[12,22],[-23,34],[-10,104],[3,39],[-10,42],[-22,36],[-10,72],[-17,2],[-1,37],[-35,198],[-36,145],[-25,191],[-38,186],[-22,30],[-24,127],[-42,99],[-15,20],[-10,47],[-27,23],[-17,107],[-49,190],[-21,108],[-3,61],[-14,18],[-29,270],[-7,29],[4,46],[-7,38],[-17,178],[-31,100],[-10,99],[-11,34],[-10,98],[-11,54],[-12,9],[-12,64],[-1,41],[-42,45],[4,38],[-25,43],[-1,43],[-33,48],[9,47],[-15,105],[-2,53],[-33,36],[-22,124],[-28,109],[-27,53],[-12,43],[-2,54],[-17,98],[2,40],[-12,17],[-6,45],[0,105],[-13,90],[4,78],[-9,104],[-10,51],[4,28],[-19,64],[4,37],[-13,36],[-3,106],[-16,89],[-13,42],[-10,75],[-1,123],[-19,42],[-6,42],[9,66],[-18,72],[-1,52],[21,32],[-9,39],[27,51],[-14,42],[-14,-37],[-27,-4],[8,40],[-3,58],[-11,64],[4,46],[-11,71],[13,33],[-21,46],[-1,81],[-18,55],[4,64],[12,34],[11,154],[19,55],[18,79],[1,62],[17,86],[-17,22],[3,36],[-16,35],[-15,63],[4,51],[-19,11],[-2,29],[-32,39],[-9,72],[12,56],[37,44],[13,63],[-51,7],[-23,16],[9,72],[-16,71],[10,112],[26,31],[31,-27],[12,31],[-37,33],[-29,4],[-21,-28],[-75,24],[30,-52],[-2,-61],[-14,-38],[-36,-17],[11,-53],[-1,-56],[14,-47],[22,-34],[-14,-99],[-39,-96],[0,-63],[-31,-40],[-18,-3],[-46,-57],[-12,0],[-37,-42],[-9,9],[-25,-51],[-40,-21],[-49,-48],[-44,-32],[-40,-5],[-83,61],[-57,69],[-78,130],[-67,162],[-51,105],[-17,19],[-25,59],[-78,131],[-57,129],[-13,53],[8,63],[64,-4],[-9,-52],[11,-19],[41,31],[35,11],[11,26],[25,-21],[35,67],[13,-28],[48,64],[60,15],[39,125],[16,72],[42,69],[-16,61],[-19,-35],[0,-71],[-36,8],[-122,-58],[-32,-64],[-36,8],[-69,42],[-28,5],[-55,62],[-48,40],[-49,64],[-38,74],[2,60],[-38,47],[-4,102],[36,36],[37,76],[-73,-67],[-23,-65],[-40,4],[16,46],[-21,48],[5,49]],[[68939,65564],[19,36],[50,36],[81,-1],[1,186],[20,23],[26,-5],[25,-37],[18,17],[28,-17],[37,16],[78,-4],[30,-51],[28,-15],[56,2],[22,21],[16,59],[37,15],[48,41],[41,13],[-1,-79],[17,-26],[38,-6],[26,19],[-3,24],[22,32],[22,-3],[21,46],[-27,16],[-6,69],[6,32],[24,25],[-47,184],[-9,79],[-38,85],[-22,83],[3,116],[-18,44],[-32,-19],[-32,-2],[-27,14],[-14,51],[-27,55],[-14,57],[3,69],[15,46],[8,110],[0,92],[-29,34],[-66,-5],[-44,56],[-43,33],[-11,42],[12,139],[19,80],[76,128],[16,50],[30,59],[21,111],[30,62],[40,64],[31,16],[29,-24],[21,-38],[2,-44],[19,-66],[34,-23],[23,10],[65,60],[45,23],[69,4],[84,47],[8,84],[27,76],[45,72],[13,53],[17,115],[34,80],[145,137],[41,119],[51,177],[38,225],[52,49],[51,21],[56,81],[-2,41],[-23,65],[24,31],[33,95],[29,42],[29,71],[17,64],[20,-3],[16,34],[17,5],[23,55],[-26,68],[7,74],[22,79],[-16,99],[-18,57],[21,74],[29,37],[8,26],[24,-4],[12,48],[35,4],[24,37],[17,-11],[26,29],[27,12],[18,65],[-9,29],[-36,49],[-48,40],[-32,-13],[-19,17],[-32,-8],[-17,22],[-9,52],[5,77],[9,37],[-44,-24],[-29,23],[-23,37],[-4,71],[-10,21],[-36,18],[-43,79],[0,54],[29,43],[15,86],[-5,31],[-46,57],[0,64],[16,40],[30,9],[27,33],[9,35],[-12,29],[-78,-2],[-17,43],[31,65],[-16,62],[-24,2],[-22,36],[25,85],[17,27],[10,60],[44,13],[46,45],[35,-3],[71,-44],[98,-34],[54,9],[37,-50],[74,-34],[45,3],[55,68],[14,32],[27,-10],[39,14],[38,38],[43,-14],[28,12],[25,42],[11,64],[38,-6],[26,38],[10,71]],[[71402,72053],[208,222]],[[76088,55878],[3,-38],[-10,-47],[-1,-44],[-21,5],[-27,106],[-19,12],[0,61],[7,36],[39,34],[14,-23],[15,-102]],[[76036,56077],[-24,-65],[-8,64],[23,18],[9,-17]],[[75952,56414],[8,-25],[-25,-19],[-18,41],[5,30],[19,8],[11,-35]],[[75980,56460],[-20,32],[14,22],[6,-54]],[[75780,57149],[6,-50],[-28,-8],[-6,41],[15,36],[13,-19]],[[75717,58036],[3,-54],[-15,-33],[9,-23],[-17,-42],[-30,39],[-8,115],[15,44],[27,26],[16,-72]],[[75758,59304],[-2,-58],[-15,-3],[3,55],[14,6]],[[75847,59483],[0,-87],[-9,-57],[-15,2],[-17,-32],[17,-67],[-2,-47],[9,-48],[-5,-42],[5,-62],[-14,-47],[-26,-3],[18,-57],[-5,-69],[-35,-75],[-8,-71],[14,-15],[2,-40],[-10,-90],[1,-52],[-10,-65],[-26,44],[-8,79],[-13,13],[-5,88],[28,82],[0,57],[42,41],[-4,59],[-17,30],[1,137],[11,30],[-6,90],[17,29],[2,93],[13,73],[3,51],[-5,63],[31,118],[23,13],[5,-95],[-15,-44],[13,-27]],[[74458,64333],[11,60],[15,35],[5,-95],[-9,-46],[-22,9],[0,37]],[[74620,64458],[10,-9],[-7,-68],[-16,31],[13,46]],[[71610,72275],[-38,-21],[-42,11],[-27,-5],[-45,35],[-41,5],[-18,27],[-40,2],[-33,33]],[[71326,72362],[-28,39],[-29,21],[-2,66],[-37,-3],[-33,-29],[-40,-2],[-15,78],[-15,29],[-38,23],[-8,38],[23,37],[10,39],[-12,42],[2,92],[-28,90],[-24,40],[-39,38],[-22,7],[-22,-26],[-22,15],[-5,67],[-12,30],[-43,19],[-27,26],[-52,-18],[-69,53],[-33,-19]],[[70706,73154],[-49,73],[25,17],[8,28],[38,3],[27,38],[17,-45],[31,7]],[[70803,73275],[11,24],[38,22],[6,39],[20,12],[-35,61],[-40,54],[-2,31],[22,66],[-23,44],[3,86],[-29,50],[-5,121],[19,51],[-2,49],[-16,27],[-122,90],[-25,-10],[-29,11],[-29,-41],[-2,-41],[-27,2],[-37,42],[-17,68],[-1,45],[-14,32],[37,80],[-33,49],[-27,90],[11,58],[-2,65]],[[70453,74552],[52,11],[30,72],[-10,68],[-19,54],[50,147],[45,27],[57,-1],[54,82],[39,48],[35,-6],[-12,58],[13,52],[56,-41],[43,0],[80,100],[22,11],[14,-69],[16,-36],[-8,-48],[12,-44],[67,10],[11,28],[32,20],[20,-14],[26,42],[24,-53],[33,39],[30,86],[19,36],[2,58],[12,38],[27,42],[-2,44],[27,40],[40,18],[31,-19],[60,5],[39,-22],[53,11],[56,36],[58,-14],[28,38],[20,55],[31,50],[0,52],[42,44],[30,14],[15,34],[84,60],[91,84],[30,-5],[55,51],[38,7],[27,70],[24,13],[70,-2],[21,37],[-13,60]],[[72280,76130],[16,28],[-20,120],[4,19],[-20,83],[25,97],[69,42],[12,35],[-31,17],[-11,42],[57,53],[55,-4],[4,32],[-14,69],[-26,22],[19,76],[-65,260],[-37,111],[8,97],[-11,84],[14,107],[-2,40],[28,37],[-72,47],[-63,-14],[-34,32],[-3,31],[57,67],[84,14],[17,28],[75,30],[44,-10],[80,45],[111,51],[34,31],[21,-5],[19,-86],[39,-26],[67,45],[29,3],[50,-64],[31,35],[13,93],[-5,56],[-70,26],[-20,30],[22,116],[33,96],[22,170],[29,78],[46,231],[41,121],[8,145],[38,10],[56,-39],[48,-45],[105,-53],[46,-6],[25,17],[73,0],[27,-14],[40,8],[19,-20],[2,-77],[49,21],[70,82],[10,23],[82,11],[16,73],[29,16],[3,102],[-26,80],[5,58],[-22,171],[19,127],[37,125],[18,28],[62,13],[51,-6],[40,41],[27,-2],[37,23],[16,44],[34,58],[-2,46],[14,32],[-19,42],[2,45],[45,67],[24,-8],[39,21],[58,-25]],[[74256,80102],[21,-9],[35,29],[81,26]],[[74393,80148],[1,-79],[14,-35],[-32,-27],[-5,-30],[19,-39],[63,-41],[8,-27],[-33,-48],[62,-61],[19,0],[50,-57],[24,-1],[18,-29],[4,-75],[62,-61],[36,-5],[31,-60],[55,-8],[25,30],[58,0],[31,-76],[27,-43],[38,0],[16,33],[28,-2],[10,-71],[68,-76],[32,-75],[7,-106],[68,-170],[32,-18],[29,-62],[-2,-36],[22,-42],[-2,-84],[14,-16],[-31,-128],[-11,-24],[28,-109],[2,-53],[-81,-155],[-17,-149],[24,-30],[17,-85],[16,-13],[14,-49],[19,17],[45,-10],[31,-39],[33,-9],[25,13],[18,-34],[39,-11],[96,10],[52,-36],[78,-10],[77,24],[53,-19],[62,1],[99,-32],[53,-44],[44,-93],[28,-31],[62,-3],[39,-82],[26,-4],[44,-40],[30,-53],[94,-51],[96,18],[-17,-80],[2,-81],[51,-16],[22,-63],[28,-138],[39,-127],[7,-72],[14,-40],[108,-162],[12,-39],[3,-72],[35,-5],[199,32],[183,-37],[225,-46],[226,-46],[138,65],[13,0],[334,-85],[53,9],[63,-17],[27,-31],[42,-106],[41,-54],[289,-103],[171,-141],[9,-3],[216,67],[-1,-118],[29,-12],[81,0],[34,-28],[52,84],[20,7],[165,137],[250,169],[237,59],[154,38],[40,-13],[60,2],[73,-21],[54,29],[72,-14],[65,14],[50,57],[69,46],[45,9],[18,22],[74,50],[12,39],[44,62],[20,65],[32,53],[38,80],[45,45],[68,41],[25,27],[46,23],[44,80],[50,19],[3,52],[-29,88],[-57,73],[-32,71],[-13,63],[-21,28],[2,40],[39,106],[2,53],[52,158],[29,42],[46,27],[27,-11],[76,2],[17,-11],[48,-83],[37,-25],[99,-40],[103,-14],[44,-14],[71,93],[46,19],[30,57],[71,93],[32,106],[57,23],[56,-30],[52,12],[58,0],[84,29],[104,135],[44,17],[22,55],[-10,60],[40,114],[46,69],[22,48],[33,11],[23,31],[138,-19],[14,17],[15,76],[-3,35],[52,12],[32,-46],[28,4],[22,44],[35,18],[65,51],[27,4],[28,-18],[48,8],[31,-16],[27,46],[20,-25],[22,15],[26,-46],[71,-28],[38,9],[63,-20],[43,34],[19,33],[0,77],[-37,87],[-5,58],[-15,38],[-105,142],[-3,40],[-43,24],[-20,83],[-88,54],[-62,121],[-20,14],[-53,5],[-27,17],[-59,-18],[-43,4],[-21,-15],[-59,-110],[-59,-77],[-68,90],[-61,36],[-28,1],[-70,-22],[-71,16],[-44,-33],[-31,-56],[-34,-2],[-70,105],[-10,26],[-13,109],[6,16],[65,43],[10,28],[-6,115],[4,33],[63,137],[3,59],[58,179],[121,370]],[[82411,80527],[104,-87],[54,-29],[62,-5],[79,-58],[37,19],[77,72],[62,86],[70,77],[124,19],[33,16],[30,45],[10,146],[-59,17],[28,40],[14,89],[57,79],[6,97],[46,64],[18,38],[2,67],[44,76],[54,193],[12,-1],[94,122],[43,20],[17,40],[0,47],[20,32],[-6,69],[-37,63],[28,113],[-82,54],[-71,-30],[-33,9],[-6,92],[68,61],[48,82],[56,66],[17,36],[44,55],[92,-2],[43,27],[43,3],[35,32],[69,26],[54,0],[24,22],[47,13],[37,-15],[108,5],[40,19],[41,4],[28,31],[65,-24],[42,15],[26,-28],[66,-28],[42,-59],[31,17],[49,-84],[75,-21],[12,-29],[83,36],[30,-3],[83,-64],[26,-30],[28,11],[31,-46],[-18,-60],[47,17],[8,-33],[47,-71],[5,-31],[-22,-24],[66,-57],[37,-81],[-8,-44],[29,-16],[-29,-51],[60,-27],[-5,-63],[-19,-35],[56,-139],[18,-10],[3,-50],[-13,-28],[36,-31],[-2,-66],[29,-11],[14,-41],[-13,-95],[7,-58],[59,-92],[21,-67],[19,-21],[2,-49],[19,-64],[-21,-51],[20,-29],[-8,-50],[20,-31],[49,-31],[-3,-52],[-23,-61],[13,-59],[-7,-58],[38,-32],[21,-68],[31,-31],[44,2],[28,-32],[70,3],[11,18],[79,18],[36,-22],[-3,-61],[26,8],[38,-28],[10,-31],[39,7],[47,-23],[12,47],[27,-12],[19,-75],[39,-4],[12,-51],[44,-84],[94,-100],[38,18],[49,-23],[31,8],[-40,-135],[21,-34],[9,-57],[21,12],[29,-125],[-43,-95],[5,-38],[62,-96],[10,-96],[23,-20],[109,34],[44,-42],[35,16],[53,-15],[37,16],[38,-5],[47,27],[54,-17],[37,94],[4,46],[41,-5],[75,95],[26,11],[77,-21],[27,14],[45,76],[72,23],[21,24],[92,31],[43,-14],[19,-41],[25,-14],[-5,-72],[-32,-55],[9,-75],[13,-8],[35,-107],[-22,-36],[-3,-35],[-55,-90],[-53,-12],[-31,-48],[-8,-40],[20,-80],[-28,-28],[-15,-51],[-14,-85],[7,-36],[-16,-84],[-24,-30],[-15,-54],[21,-40],[-17,-41],[11,-46],[-59,-67],[8,-36],[-17,-84],[-40,-32],[-7,-111],[-21,-65],[-58,-36],[-17,-43],[-12,-111],[5,-69],[-45,-57],[-32,20],[-242,101],[-42,57],[-26,-68],[-27,-10],[-5,-62],[-52,-76],[-25,5],[-48,-38],[-30,5],[-32,-39],[36,-92],[55,-362],[-12,-22],[-1,-62],[-13,-73],[6,-111],[-7,-39],[27,-33],[5,-48],[-32,-114],[7,-25],[-29,-56],[5,-75],[-31,-36],[-62,10],[-11,-23],[-40,-5],[-50,-47],[-1,-34],[28,1],[23,-63],[-15,-22]],[[86258,76327],[-28,18],[-52,104],[-1,92],[-28,3],[-5,43],[-39,-9],[-28,17],[-33,-144],[7,-35],[-13,-33],[-3,-88],[-7,-19],[-52,-30],[-43,31],[-33,-38],[-9,-91],[-25,-41],[-44,-35],[-6,-30],[-61,7],[-61,-30],[-67,21],[-63,-22],[2,-66],[33,-97],[25,-30],[15,-44],[-33,-103],[-33,-9],[-34,47],[-26,-22],[-59,-1],[-45,40],[-13,-10],[-44,13],[-29,52],[-33,42],[-4,37],[-40,30],[-28,-51],[-47,-17],[-33,-134],[6,-32],[-22,-17],[-50,-118],[-32,-30],[-39,-111],[-68,-8],[-56,-61],[-8,-33],[-47,-43],[-94,-65],[1,-44],[-37,15],[-50,-100],[-20,-9],[-76,-113]],[[84546,74926],[-5,-57],[-41,-70],[-60,-39],[-50,16],[-9,-11],[-42,30],[-9,-50],[-50,7],[-45,-28],[5,-27],[-26,-20],[-46,8],[-4,-25],[-34,-18],[-65,-56],[-14,-24],[-53,-32],[-29,-34],[-14,-38],[-35,-49],[3,-34],[-87,-97],[-11,28],[-34,-16],[1,-78],[-28,0],[-19,-28],[-39,3],[-53,-50],[-18,98],[8,26],[28,-2],[127,85],[1,28],[-22,49],[38,52],[12,34],[-64,-5],[-16,15],[-16,69],[-36,-4],[-23,16],[23,40],[40,10],[16,45],[-14,31],[4,36],[18,30],[22,5],[26,32],[18,-3],[25,57],[37,60],[-1,36],[28,23],[4,48],[29,41],[25,70],[-46,70],[-24,70],[-55,50],[-7,66],[-24,-57],[-46,-4],[-59,56],[-18,-23],[-34,14],[-51,-53],[-14,-81],[-32,-9],[-8,-43],[-49,-72],[-33,-85],[1,-45],[-19,-32],[-36,-8],[-13,-19],[-86,-52],[-11,-34],[-38,-27],[-67,-35],[-54,-100],[-22,-104],[12,-59],[-13,-39],[-20,-6],[-47,-95],[-21,-30],[-22,40],[-18,-32],[-49,5],[-76,-75],[-31,13],[-26,69],[-26,27],[-45,-11],[-46,-62],[16,-64],[-19,-1],[-35,-97],[-5,-115],[42,-135],[34,-61],[29,-22],[40,-55],[36,4],[65,-21],[26,-23],[31,44],[51,4],[31,-31],[-7,-23],[20,-55],[26,-29],[7,-34],[35,-48],[-7,-55],[-27,36],[-23,-9],[-17,-64],[-9,-134],[8,-56],[48,-58],[39,-24],[43,-10],[34,12],[58,6],[35,56],[-11,64],[56,46],[36,41],[30,50],[3,39],[43,47],[26,8],[51,42],[52,-9],[29,-62],[30,-6],[-1,-52],[15,-20],[53,-5],[27,-57],[32,-25],[18,28],[21,-6],[68,5],[13,33],[27,20],[2,-46],[46,-38],[45,0],[55,-19],[-29,-42],[15,-59],[-17,-30],[-27,-5],[1,-52],[18,-22],[3,-43],[-34,-18],[9,-25],[-32,-27],[-33,11],[3,44],[-48,38],[-25,-27],[-45,-27],[-14,-30],[-31,-14],[-18,-27],[-42,-8],[-70,-49],[-37,-49],[-48,39],[19,-57],[8,-54],[-27,-42],[-5,40],[-23,2],[-29,-74],[14,-107],[-40,-18],[-55,-42],[-17,16],[19,71],[-25,25],[-46,-20],[-2,-60],[19,-20],[2,-39],[19,-12],[-57,-75],[-10,-66],[-28,5],[1,-65],[-26,14],[-45,-37],[-27,-117],[-36,-39],[-18,-124],[-42,-28],[-5,-111],[4,-41],[25,-18],[15,16],[32,-28],[-1,-28],[51,-77],[51,-46],[32,-7],[49,-57],[39,-28],[5,-38],[27,-120],[10,-102],[25,-61],[4,-56],[17,-71],[15,-32],[9,-80],[21,-34],[-2,-43],[22,-39],[7,-64],[17,-7],[4,-98],[-13,-72],[14,-51],[58,-71],[65,-53],[9,-17],[9,-78],[-15,-6],[21,-72],[31,-7],[28,-23],[47,-63],[27,-114],[-2,-28],[-27,-9],[-39,19],[-108,96],[-48,-54],[-38,10],[-9,41],[-37,79],[-49,31],[-40,3],[-36,-32],[-26,-45],[-38,-3],[-39,42],[-23,71],[4,33],[-29,68],[-35,3],[0,-48],[27,-22],[-1,-48],[19,-16],[42,-79],[35,-22],[27,-1],[80,63],[24,-16],[41,-7],[21,-87],[19,-37],[33,-12],[36,-34],[28,-48],[21,-55],[63,-80],[50,-49],[42,-105],[28,-106],[-20,-33],[-76,-12],[-62,-40],[-21,-37],[-36,-22],[-20,-37],[-43,-33],[-11,-70],[-29,-67],[-13,-7],[-25,58],[-12,-20],[9,-50],[13,-23],[45,-36],[28,24],[43,66],[29,13],[34,-14],[36,-60],[48,-126],[65,-48],[6,-18],[56,-1],[-43,-36],[-33,-66],[-24,-32],[-20,-46],[-68,-27],[-9,-33],[10,-27],[69,67],[18,-39],[15,33],[-10,42],[34,23],[14,-22],[-6,-60],[7,-28],[-15,-34],[-3,-61],[9,-43],[-27,-28],[-27,23],[-11,-15],[-25,18],[-7,49],[-33,-58],[7,-50],[35,5],[-2,-31],[19,-18],[0,-65],[-38,22],[34,-73],[-18,-58],[-26,-39],[8,-50],[19,-54],[-7,-20],[21,-59],[-14,-40],[-18,30],[-37,-10],[-12,-46],[-22,-25],[-14,72],[-26,21],[-7,-72],[-30,-66],[-12,-67],[-24,7],[-12,-25],[4,-56],[-12,-14],[-19,-58],[-17,-27],[-3,-35],[-20,-32],[23,-44],[-16,-66],[-21,14],[0,-68],[-8,-48],[-47,27],[-20,39],[-14,-28],[55,-66],[-18,-32],[-21,8],[-11,-45],[-2,-62],[-31,1],[-28,-52],[29,-24],[-13,-86],[-34,-20],[15,63],[18,37],[-36,6],[-17,-63],[-16,16],[-4,48],[-23,-20],[-41,18],[-9,-26],[1,-77],[18,-16],[15,18],[24,-39],[16,-57],[-7,-22],[-29,26],[-9,-60],[25,-16],[22,57],[15,-36],[-26,-39],[-31,-9],[-2,-22],[-21,-44],[-37,-106],[-36,38],[-37,23],[14,-69],[28,-16],[26,14],[14,17],[4,24],[17,8],[37,-44],[-23,-46],[-7,-115],[-16,7],[-21,-42],[10,-39],[18,-1],[19,-59],[5,-39],[-45,-13],[6,60],[-39,26],[0,36],[-17,13],[-18,-71],[-36,-43],[50,-47],[15,-48],[-15,-31],[-31,-7],[-10,26],[-43,1],[-30,-105],[28,-17],[5,-33],[-24,-27],[-54,-37],[-5,-24],[13,-46],[-48,-88],[-40,36],[-21,-28],[-62,22],[-24,-26],[-13,-74],[-50,14],[16,-43],[32,-1],[28,-31],[10,-45],[-38,-40],[-13,11],[-14,-106],[-28,-15],[-23,19],[-4,-47],[-31,-37],[-13,17],[-20,-75],[-23,4],[-25,-19],[-8,-62],[-51,-52],[0,43],[-15,11],[-30,-12],[-17,-65],[3,-43],[-33,-71],[-4,-40],[-55,-85],[8,-52],[-19,-46],[-32,-6],[-23,20],[-35,-57],[-26,2],[-33,-37],[-41,2],[-44,50],[-19,-8],[-17,-80],[-16,-23],[-26,-4],[-12,54],[-23,27],[-50,-23],[-56,-112],[-34,5],[3,81],[-10,23],[-43,-33],[-11,-26],[11,-46],[-7,-24],[22,-30],[-28,-36],[-10,54],[-23,39],[-46,-33]],[[81730,64823],[-41,-15]],[[81689,64808],[-37,-3],[-17,-41],[-13,62],[-19,64],[-8,51],[-23,21],[-12,54],[-2,60],[-21,39],[-17,-83],[-30,-22],[35,-61],[-15,-20],[45,-95],[-15,-79],[11,-115],[-29,-48],[-16,18],[-34,-2],[-20,-80],[-20,-11],[-13,43],[-24,25],[1,-105],[-20,-49],[-21,0],[-15,52],[-23,-19],[-28,-48],[-10,-43],[-16,-1],[-30,32],[-22,-55],[-33,-15],[-17,27],[-3,35],[-50,-29],[-61,-74],[-23,-18],[-16,-43],[-43,-9],[-11,11],[-38,-20],[-26,19],[-18,-38],[-15,8],[-61,-55],[-22,11],[-31,-54],[-11,-46],[-44,-7],[-17,92],[-15,-51],[13,-37],[-5,-35],[-34,-43],[-32,-59],[0,-79],[64,-13],[6,-44],[-20,-14],[20,-81],[20,-10],[15,-52],[-9,-37],[-28,-65],[-33,-27],[-12,12],[-31,-15],[-28,30],[-21,-16],[18,84],[-54,56],[-5,58],[-16,8],[8,110],[-24,8],[-7,53],[13,75],[-11,38],[29,53],[-2,42],[11,39],[27,20],[4,57],[-32,-10],[-15,42],[-11,-36],[-17,22],[8,31],[-29,4],[-12,-52],[-25,-21],[-34,2],[-28,-24],[-46,12],[3,24],[23,18],[-2,53],[-19,19],[-27,-17],[-32,45],[-29,-20],[-50,94],[18,41],[-23,11],[-25,-23],[12,-99],[11,-14],[-21,-60],[-23,7],[17,48],[-31,23],[-3,-39],[-21,-20],[-32,-8],[-40,-55]],[[79997,64207],[-38,66],[-6,22],[-25,11],[-36,-30],[-43,-6],[-14,29],[-17,-27],[-21,69],[-28,-2],[-29,46],[-18,9],[5,47],[-28,14],[-15,29],[-40,23],[-20,-7],[6,56],[-9,57],[7,18],[-13,58],[-17,5],[-8,55],[12,85],[10,20],[21,-17],[15,66],[-1,61],[-18,38],[-50,34],[-8,-21],[-40,-20],[-22,5],[-9,48],[-35,20],[-22,-3],[-15,-28],[-25,-13],[-27,58],[-18,22],[-39,9],[-9,62],[-24,58],[-28,29],[-27,1],[-5,-31],[-43,-19],[-32,-42],[-21,2],[-20,-45],[8,-76],[-28,-66],[-18,-16],[-30,14],[-29,-52],[-30,-34],[-26,24],[-10,56],[-39,-24],[-13,-37],[-11,-111],[-33,28],[-61,129],[-16,-18],[-12,-44],[1,-29],[-21,-28],[-19,56],[-1,28],[-26,29],[-16,-63],[-30,-42],[0,-39],[-43,-58],[-26,28],[-14,57],[-42,49],[-44,15],[-5,28],[-20,11],[-19,-86],[-34,-69],[-10,-49],[-27,-7]],[[78366,64732],[-29,28],[-55,-23],[-9,38],[-20,11],[-16,-26],[-14,-93],[-24,-33],[12,-30],[-2,-49],[14,-71],[19,-21],[22,-72],[-7,-51],[18,-74],[-16,-20],[-4,-144],[29,-40],[-19,-53],[-19,2],[-29,45],[-25,11],[-31,-12],[-30,-28],[-18,41],[7,68],[-18,23],[5,76],[-8,10]],[[78099,64245],[4,34],[-29,87],[-21,-29],[-32,-20],[-23,-30],[-25,-63],[-23,-27],[-46,-8],[-20,42],[-16,-2],[-39,-56],[-27,59],[7,57],[-9,32],[-24,1],[-13,20],[-8,76],[12,64],[-6,47],[-21,7],[-13,-23],[-22,28],[-16,-16],[-14,27],[-54,22],[-20,-14],[-32,2],[-24,17],[0,42],[33,119],[21,48],[-1,65],[-13,64],[29,79],[5,46],[29,8],[-16,67],[-21,1],[-14,29],[-38,-35],[-4,20],[-35,5],[-13,34],[-47,11],[14,68],[-9,86],[-21,20],[-6,30],[22,41],[-22,95],[-32,16],[0,99],[53,66],[3,34],[-42,-12],[-36,-27],[-23,26],[-30,4],[-18,-16],[-41,11],[-81,-55],[-70,-92],[-34,46],[53,105],[3,88],[-22,93],[-33,-5],[5,96],[0,85],[35,49],[24,-2],[-13,77],[0,65],[10,10],[23,98],[19,-32],[43,61],[18,45],[-3,60],[14,69],[35,-35],[16,8],[36,131],[13,25],[28,-21],[23,45],[-21,58],[-10,1],[-10,71],[44,40],[-13,79],[17,56],[1,75],[9,49],[-6,51],[5,34],[-10,52],[6,26],[-7,51],[7,30],[-13,26],[-5,48],[9,74],[-8,47],[1,110],[-32,15],[-45,42],[-5,-70],[-25,-11],[-25,110],[-7,99],[-20,43],[3,96],[-61,124],[-28,-7],[-16,23],[-11,60],[-24,-3],[-24,27],[-23,-84],[-2,-56],[-15,-1],[-16,-38]],[[75452,67873],[-2,57],[-57,25],[-41,45],[-26,-9],[-23,-49],[-33,6],[-18,29],[-51,17],[-12,14],[-30,-12],[-28,4],[32,93],[-37,28],[-28,10],[-18,-22],[-8,42],[-53,6],[-58,-28],[-30,-64],[-54,-29],[-32,-60],[-30,-93],[-31,-35],[-7,-45],[-20,-59],[-21,-11],[-22,-52],[-6,-49],[13,-59],[-29,-9]],[[74477,67878],[-25,19],[-18,-6],[-39,14],[-19,-50],[-62,9],[-41,-18],[-64,12],[-35,65],[-38,9],[-14,35],[-20,-2],[-11,38],[-19,17],[-33,-8],[-13,-89],[-16,-16],[-65,53],[-14,88],[-24,-45],[13,-87],[-37,-24],[-7,53],[-13,26],[-17,79],[-25,25],[-23,60],[-18,-32],[-50,26],[-24,-20],[-24,3],[-49,30],[-1,67],[19,46],[6,39],[-31,32],[-38,-59],[-33,6],[-34,33],[1,27],[-21,27],[-43,21],[-27,73],[-33,23],[-8,23],[7,49],[-16,18],[-12,50],[9,28],[-18,31],[-43,26],[-42,-33],[-20,0],[-18,-42],[-39,18],[-6,48],[-16,17],[-30,104],[-18,-7],[-3,47],[-25,40],[-36,-2],[-37,39],[-18,-17],[-60,104],[-21,48],[-41,46],[-51,35],[-19,3],[3,65],[-16,18],[-2,67],[-34,-1],[-34,25],[-18,-8],[-52,33],[-31,-48],[-26,24],[-8,-115],[-23,-24],[-3,-36],[-20,-37],[-27,7],[-28,104]],[[80835,63169],[-37,-83],[-15,8],[-18,-71],[-16,-8],[-31,-138],[-12,-16],[5,-54],[-27,-100],[1,-60],[-12,-56],[-43,-7],[-47,-74],[-14,-86],[-38,15],[-22,-20],[-25,8],[-5,-53],[-14,-34],[-30,-30],[-16,12],[-20,44],[-61,9],[-16,-10],[-20,46],[-25,0],[-57,68],[-28,11],[0,124],[-19,67],[8,49],[-11,104],[13,31],[-8,75],[17,54],[21,8],[48,69],[20,50],[39,28],[3,90],[38,67],[45,-51],[17,16],[0,52],[19,24],[35,10],[24,-34],[21,19],[37,-15],[21,11],[18,52],[29,-20],[34,28],[55,-59],[-3,58],[20,16],[41,-56],[40,-9],[12,-74],[9,-105]],[[81345,64373],[-31,-84],[-6,43],[18,40],[19,1]],[[81553,64955],[-10,-16],[-43,72],[24,6],[29,-62]],[[82629,65512],[8,-19],[-21,-42],[-13,69],[26,-8]],[[83681,68039],[-19,-56],[-15,35],[27,67],[7,-46]],[[83954,69290],[-10,-41],[-29,40],[32,21],[7,-20]],[[83999,69373],[-32,-20],[-2,33],[34,-13]],[[83728,74567],[3,-51],[-38,3],[-9,24],[24,28],[20,-4]],[[80707,63948],[-8,-37],[-43,19],[-27,-19],[-6,32],[40,39],[5,-27],[36,14],[3,-21]],[[80726,64037],[-20,-50],[-23,27],[7,33],[36,-10]],[[82803,65975],[24,-12],[-12,-61],[-18,13],[6,60]],[[83290,66539],[-15,-42],[-20,-28],[-7,55],[23,82],[19,-67]],[[83979,69124],[-9,-52],[-31,35],[-48,22],[-11,20],[1,46],[31,0],[56,-46],[11,-25]],[[83845,70036],[38,-39],[-1,-36],[-35,-22],[-47,39],[-31,13],[-15,22],[-56,51],[-8,28],[-31,46],[25,32],[58,-40],[53,-68],[50,-26]],[[81540,64930],[25,-49],[-2,-35],[-38,63],[15,21]],[[82953,74336],[-11,-59],[-22,-30],[-12,29],[24,19],[21,41]],[[59513,69808],[28,45],[5,59],[52,85],[-20,25]],[[59578,70022],[35,105],[29,107],[35,190],[29,255],[1,52],[22,7],[15,46],[7,105]],[[59751,70889],[49,7],[14,-25],[41,17],[19,112],[16,-21],[60,93]],[[59950,71072],[-5,-91],[8,-50],[7,-99],[8,-26],[-15,-67],[-21,-48]],[[59932,70691],[-54,-58],[5,-84],[-6,-65]],[[59877,70484],[-42,17],[-4,46],[-34,9],[-17,19],[-41,-46],[-29,-160],[14,-95],[-6,-31],[13,-61],[39,-31],[21,21],[-3,-77],[-25,16],[-49,-62],[-13,-78],[-16,-57],[16,-29],[83,21],[46,61],[19,2]],[[59849,69969],[-2,-52],[-15,-83],[11,-88],[-14,-81],[-18,-42],[-3,-44],[-29,-113],[-18,-108],[5,-48],[-10,-75],[6,-36],[-16,-69],[-11,-111],[-13,-63],[-13,-100]],[[59709,68856],[-19,-40]],[[59690,68816],[-11,46],[-6,99],[-23,115],[-2,38],[-38,195],[-18,32],[-15,144],[-42,198],[-22,125]],[[59513,69808],[-14,59]],[[59499,69867],[68,127],[11,28]],[[59877,70484],[4,-85],[-14,-104],[0,-80],[10,-88],[-22,-72],[-6,-86]],[[59751,70889],[19,47],[27,165],[22,33],[35,167],[-2,56],[30,9],[20,116],[-6,48],[10,63],[12,3],[27,82],[28,11],[22,35],[-4,64]],[[59991,71788],[19,-12],[62,-1],[17,30],[18,-48],[-1,-24],[41,-81],[-4,-30],[17,-43],[7,-51],[-32,-63],[-27,-25],[-34,-78],[12,-22],[-41,-24],[-32,-8],[-28,-66],[-7,-35],[25,-19],[2,-32],[-24,-14],[-4,-38],[-27,-32]],[[59463,57278],[-1,44],[9,85],[34,200],[23,50],[6,90],[-13,126],[0,44],[44,133],[42,48],[45,-78],[25,-8],[6,33],[20,34],[6,42],[-11,26],[18,110],[-9,69],[35,158],[-8,57],[1,71],[11,38],[36,34],[12,48],[16,25],[10,71],[16,30],[5,39],[52,178],[31,57],[84,25],[26,2],[5,64],[-8,58],[33,247],[42,120],[4,61],[17,83],[-6,98],[25,157]],[[60146,60047],[11,17],[50,23],[55,-16],[17,-24],[18,13],[14,78],[17,16],[31,5],[28,-62],[22,-87],[25,-47],[91,439],[32,-89],[30,-25],[32,-1],[26,-101],[29,-50],[49,11],[73,33],[31,42],[9,47],[18,-6],[23,-45],[14,-69],[16,27],[28,-2],[34,24],[7,24],[23,-32],[47,-4],[40,-47],[19,21],[35,4],[47,-36],[41,-75],[45,-45],[33,-13],[36,-39],[58,-134],[42,-148],[8,-17],[86,-111],[50,-84],[29,-77],[22,-95],[14,-42],[53,-59],[13,-23],[19,-63],[35,-91]],[[61771,59012],[-25,-83],[-53,-145],[-45,-140],[-35,-52],[-17,-114],[11,-161],[-1,-110],[4,-56],[43,-17],[32,23],[37,2],[38,18],[15,-6],[24,31],[38,17],[32,-14],[11,-39],[29,-11],[14,12]],[[61923,58167],[-9,-46],[-20,-27],[-20,-55],[-14,-68],[-14,-15],[13,-62],[23,-58],[3,-52],[13,-72],[34,-54],[31,-111],[33,-22],[13,-111],[10,-36],[28,-49],[13,-75],[36,-45],[20,1],[101,-189],[11,-13],[145,-99],[269,-183],[163,-113],[228,-158],[16,-17],[278,0]],[[63327,56438],[-162,-324],[-122,-243],[-148,-297],[-136,-288],[-178,-405],[-98,-220],[-8,-7],[-262,32],[-34,-23],[-88,-42],[-114,-112],[-44,-75],[-13,-71],[-13,-39],[-22,-23],[-136,-49],[-45,0],[-19,-15],[-40,-60],[-11,-54]],[[61634,54123],[-14,-16],[-37,28],[-75,-28],[-60,-7],[-28,15],[-30,71],[-33,40],[-34,74],[-18,-23],[-88,-71],[-5,-15],[-50,-36],[-94,-95],[-28,-119],[-48,-94],[-10,-53],[-28,33],[-71,8],[-31,29],[-48,-8],[-48,27],[-18,20],[-45,17],[-30,-16],[-59,14],[-21,-5],[-18,21],[-17,45],[-240,320],[-26,51],[-48,35],[-54,-1],[-9,8],[-95,-4],[-14,7],[-51,-3],[-30,45],[-4,56]],[[59977,54493],[-37,83],[-10,52],[2,121],[14,58],[-8,36],[7,52],[-41,40],[-16,-10],[-25,31],[-22,2],[-30,-45],[-19,45],[2,49],[-45,64],[-5,44],[-27,82],[-9,138],[-14,33],[-16,63],[-3,61],[-13,51],[-14,112],[-28,53],[-30,14],[-6,79],[-18,26],[-39,19],[-28,55],[-1,37],[-46,73],[-6,89],[-35,73],[-20,14],[-26,56],[-22,19],[-18,-3],[-31,37],[-28,-18],[-19,8],[-14,28],[-53,11],[-17,67],[61,187],[-13,36],[3,58],[22,31],[30,-14],[67,17],[26,-52],[17,-2],[19,29],[41,14],[27,51],[12,54],[-12,477]],[[59977,54493],[-38,0],[-20,24],[-3,-41],[-25,17],[-24,93],[13,71],[-48,13],[4,60],[-41,-47],[-5,19],[-161,-125],[-79,-84],[-113,-230]],[[59437,54263],[-123,-257],[-24,-17],[-70,7],[-14,10],[-35,60],[-11,1],[-38,-49],[-24,-15],[-106,-22],[-52,-64],[-3,-57],[-23,2],[-17,36],[-24,3],[-8,51],[-24,60],[-14,18],[-31,-64],[-45,-26],[-59,66],[-42,7],[-18,-29],[-37,-32],[-29,-109]],[[58566,53843],[-1,41],[-18,32],[-22,8],[-33,-17],[-10,138],[-33,22],[-22,28],[-37,13],[-23,87],[-18,13],[-15,43],[-23,34],[-11,49],[-19,2],[-10,34],[0,68],[-44,68],[-35,15],[-53,-162],[-36,-22],[-18,37],[-34,48],[-47,-10],[-17,43],[-17,-12],[-11,-46],[-30,-47],[-18,-7],[-22,-47],[-15,9],[-13,34],[-34,-3],[-47,88],[1,29],[-49,6],[-18,20],[-2,81],[-22,36],[-13,53],[-24,6],[-32,65],[1,33]],[[57622,54753],[-15,42],[-24,35],[-18,68],[-4,68],[11,63],[-25,98],[-13,28],[-26,12],[-14,40],[-45,20],[-4,36],[-28,31],[-28,0],[-21,19],[-7,72],[-14,65],[-21,18],[-24,43],[-3,52],[28,82],[0,19],[-40,39],[-43,70],[-12,46],[-3,43],[-16,4],[-47,58],[-4,22],[-54,40],[-64,71],[-12,47],[-35,49],[-7,45],[31,46],[-4,68],[-13,50],[-35,12],[-38,64],[-10,52],[-24,45],[-60,30],[-28,-6],[-23,37],[-28,-15],[-30,19],[-25,38],[1,55],[16,54],[14,21],[-21,69]],[[56713,56837],[4,16],[55,73],[49,25],[2,73],[27,97],[5,110],[29,71],[3,20],[-1,154],[34,53],[17,44],[15,79],[-3,37],[18,72],[43,17],[13,-7],[54,19],[42,25],[59,17],[14,-41],[2,-89],[32,-44],[24,-73],[22,-17],[104,-252],[39,-25],[107,74],[72,4],[84,-6],[35,-11],[35,7],[28,-121],[14,-31],[222,-4],[-5,59],[24,59],[27,42],[67,62],[64,30],[24,45],[12,43],[1,82],[24,33],[86,90],[131,-172],[74,-136],[24,7],[91,9],[20,16],[119,243],[38,93],[18,56],[21,105],[131,228],[6,32],[-20,77],[-5,99],[4,93],[-4,78],[-73,168],[185,1],[-6,75],[2,48],[132,-3],[-2,-48],[-16,-111],[-3,-143],[-14,-59],[28,-427],[-9,-64],[61,-46],[27,-62],[121,-203],[18,-83],[-3,-65],[3,-55],[-18,-74],[-7,-96],[6,-51],[47,0]],[[63327,56438],[100,314],[67,210],[100,314],[0,388],[0,259],[0,388]],[[63594,58311],[83,30],[45,23],[33,31],[16,38],[30,8],[46,-6],[23,28],[38,-2],[25,31],[30,15],[29,46],[18,12],[21,47],[4,51],[13,35],[62,39],[19,-26],[29,-6],[16,-28],[27,-3],[46,-26],[-12,-61],[0,-44],[-35,-84],[-1,-46],[-10,-49],[1,-88],[24,-17],[-16,-95],[6,-182],[7,-46],[-15,-12],[-2,-47],[-18,-16],[1,-30],[42,18],[0,59],[28,-40],[29,0],[6,-18],[-14,-46],[-26,5],[-9,28],[-42,-11],[-45,-45],[-12,-131],[4,-44],[-26,-230],[10,-97],[-20,-79],[-26,-35],[-10,-36],[2,-50],[-12,-41],[-30,-50],[-21,-54],[-8,-72],[-18,-53],[-10,-89],[-37,-95],[-12,-70],[-16,-40],[-35,-45],[-25,-52],[-10,-78],[4,-50],[-19,-51],[-2,-36],[-44,-158],[-18,-43],[-43,-123],[-33,-124],[-14,-79],[-34,-149],[3,-62],[-13,-94],[-52,-184],[-43,-137],[-14,-61],[-27,-61],[-28,-96],[-33,-74],[-35,-98],[-41,-171],[-30,-89],[-103,-229],[-24,-71],[-132,-286],[-50,-120],[-37,-68],[-21,-52],[-38,-66],[-70,-139],[-37,-91],[-21,-41],[-56,-75],[-165,-196],[-64,-59],[-91,-131],[-35,-45],[-60,-98],[-31,-66],[-21,-26],[-31,-76],[-28,-51],[-42,-51],[-13,-38],[-21,-29],[-53,-106],[-51,-118],[-54,-111],[-89,-203],[-34,-57],[-65,-151],[-45,-112],[-17,-52],[-30,-50],[-36,-119],[-31,-90],[-1,-21],[-52,-175],[-32,-75]],[[61537,50856],[-3,71],[-151,404],[-3,500],[0,360],[0,288],[0,360],[0,432],[-1,182],[4,16],[100,207],[151,447]],[[61537,50856],[-64,-150],[-29,8],[-4,-28],[-21,8],[-23,-38],[-10,8],[-24,-29],[5,-79],[-24,-16],[-14,-48],[12,-27],[-59,-102],[-26,15],[-37,-20],[-41,-55],[-19,-61],[4,-26],[-7,-73],[17,-35],[-17,-42],[-12,-67],[2,-39],[-45,-85],[-32,-130],[5,-40],[-23,-128],[-32,-99],[-24,-110],[-9,-71],[-53,-133],[-27,16],[-20,-41]],[[60886,49139],[-190,283],[-205,305],[-13,67],[-34,15],[-3,63],[31,52],[-11,140],[-5,14],[-142,165],[-119,138],[-239,276],[-119,138],[-238,276],[-141,162],[-14,22],[-27,0]],[[59417,51255],[-2,196],[16,293],[-17,152],[54,148],[-3,32],[16,87],[40,62],[8,50],[23,27],[33,166],[49,61],[31,13],[4,23],[-9,67],[17,28],[12,67],[16,20],[11,51],[0,112],[6,33],[-12,40],[3,60],[-29,142],[1,36],[15,38],[-13,66],[-16,4],[-11,50],[-13,97],[-25,4],[-19,49],[-8,87],[-31,49],[-2,71],[-11,48],[-1,45],[15,34],[1,82],[-29,38],[-16,-14],[-32,102],[-21,5],[6,37],[-13,28],[2,46],[-11,58],[-15,18]],[[61403,50652],[25,-5],[3,-31],[-29,-10],[1,46]],[[59712,45167],[-87,2],[-13,-12],[0,-81],[-12,-57],[-51,-157],[-7,-55],[39,-281],[15,-272],[-1,-96],[27,-96],[43,-4],[27,-20],[53,-98],[103,-249],[19,-73],[92,-233],[2,-120],[12,-6],[-32,-150],[-1,-28],[15,-127],[-12,-339],[-7,-31],[-21,-28],[-46,-19],[-43,0],[-32,-75],[2,-49],[-15,-74],[-23,-31],[12,-50],[29,-44],[-1,-146],[8,-86],[-19,-18],[-43,7],[-12,50],[21,44],[4,55],[-9,27],[-25,2],[-76,164],[-21,23],[-36,109],[-22,4],[-17,62],[6,56],[-5,30],[-43,84],[3,55],[27,37],[17,48],[2,96],[19,39],[25,82],[-6,123],[10,42],[-10,48],[-1,60],[-11,55],[-1,72],[-44,109],[-44,-30],[-30,-9],[-7,-23],[-45,4],[-32,-24],[-15,23],[-26,-51],[-6,31],[-46,83],[-24,89],[-17,39],[-3,56],[-22,27]],[[59222,43762],[-13,44],[-29,-34],[-21,30],[-32,78],[-27,18],[13,45],[-24,72],[25,26],[17,49],[13,86],[21,60],[-8,42],[10,129],[-16,29],[-1,42],[23,91],[29,16],[9,-21],[26,51],[33,8],[40,85],[-17,30],[-20,-12],[-15,24],[-9,59],[-13,32],[1,39],[16,100],[-3,166],[-25,27],[5,85],[38,111],[7,34],[-25,75],[-6,69],[11,55],[32,6],[18,22],[21,65],[27,46],[-40,149],[1,50],[-37,66],[-23,20],[-2,40],[16,66],[-8,43],[-34,56],[-11,71],[-22,8],[-2,-32],[-32,25],[5,57],[-19,21],[-1,33]],[[59144,46414],[20,10],[31,-56],[19,-13],[35,11],[21,-33],[8,-32],[22,-11],[21,18],[26,-11],[23,16],[36,-49],[24,-3],[-1,72],[18,41],[26,-30],[51,-103],[54,-137],[15,-55],[-3,-30],[16,-119],[-5,-63],[4,-74],[22,-85],[4,-30],[-8,-101],[-14,-59],[7,-59],[26,-48],[13,-78],[35,-22],[21,-71],[1,-43]],[[59637,44921],[16,-11],[-6,-51],[-21,7],[11,55]],[[60886,49139],[6,-7],[-2,-105],[-21,-27],[2,-106],[-18,-48],[2,-26],[-12,-72],[-15,-35],[4,-28],[-26,-102],[-2,-39],[-18,-61],[-3,-63],[-12,-61],[11,-60],[11,-16],[-1,-107],[31,-71],[21,1],[48,-99],[22,-99],[48,-25],[24,-78],[-1,-72],[-34,-43],[-34,-147],[-8,-85],[6,-53],[17,-45],[24,-38],[-6,-40],[9,-63],[-12,-45],[-18,-97],[-18,-30],[5,-30],[1,-83],[16,-61],[0,-48],[22,-35],[3,-29],[-12,-37],[23,-39],[1,-81],[25,-16],[17,-48],[1,-147],[29,-175],[11,-37],[-4,-67],[13,-35],[25,-25],[20,-61],[38,-17],[12,-50],[18,32],[21,-44],[9,-41],[30,2],[-3,-75]],[[61232,45800],[-23,-49],[-29,-29],[-25,-54],[-42,-62],[-34,-30],[-35,-46],[-77,-32],[-55,-89],[-21,-12],[-23,20],[-18,-12],[-46,-4],[-38,-55],[-29,-7],[-45,-80],[-40,32],[-26,47],[-28,-2],[-23,14],[-37,-16],[-18,-20],[-25,-138],[-38,-45],[-40,-21],[-21,-29],[-27,24],[-29,-7],[-33,21],[-17,35],[-63,13],[-20,-53],[-22,-27],[-29,-11],[-19,29],[-33,0],[-27,-16],[-22,5],[-9,70],[-40,42],[-23,41],[-32,12],[-17,-35],[-19,-11],[-11,-49],[-22,-15],[-22,13],[-148,5]],[[59144,46414],[-45,40],[-13,31],[-54,16],[-16,52],[-21,19],[-48,4],[-21,36],[-29,11],[-14,-15],[-18,28],[6,52],[-42,23],[-32,-12],[-33,60],[-4,61],[-51,67],[-26,-21],[-15,25],[-24,-21],[-24,10],[-21,28],[-36,94],[-21,111]],[[58542,47113],[-27,154],[-60,191],[-20,165],[-20,92],[-17,53],[-40,97],[-22,37],[-39,41],[-37,58],[-15,41],[-14,78],[-30,100],[-14,156],[6,36],[29,91],[-2,93],[-27,131],[-11,94],[-22,82],[-15,96],[-1,48],[22,144],[1,79]],[[58167,49270],[65,2],[25,-9],[20,56],[28,11],[29,42],[13,53],[27,54],[17,90],[28,81],[20,1],[-1,59],[25,99],[40,40],[8,64],[44,34],[9,58],[-14,64],[6,48],[-24,-6],[-47,51],[-15,-23],[-22,51],[10,64],[-10,55],[13,33],[13,72],[13,36]],[[58487,50450],[23,2],[10,26],[24,-17],[21,21],[2,62],[12,89],[-16,71],[2,71],[-3,61],[2,79],[-11,1],[-17,66],[2,40],[-51,51],[-12,86],[-15,35],[4,24]],[[58464,51218],[46,-4],[14,28],[25,23],[14,-10],[170,0],[255,0],[254,0],[175,0]],[[61082,47434],[-1,-67],[-20,-92],[-19,-1],[-8,-33],[-21,-12],[-8,31],[20,40],[6,34],[23,11],[28,89]],[[60984,48192],[7,-57],[-17,-24],[-37,57],[-16,63],[-15,-28],[-24,83],[10,25],[-8,69],[2,47],[25,41],[4,61],[17,-39],[-1,-53],[29,-173],[19,12],[5,-84]],[[61011,48715],[8,64],[18,36],[2,45],[-13,33],[4,27],[-9,65],[17,18],[19,-27],[8,-38],[-2,-44],[7,-73],[-16,-102],[-9,-15],[-34,11]],[[59991,71788],[-29,158],[10,56],[-4,51],[21,51],[-13,52],[-2,79],[-36,66],[-1,78],[18,38],[-8,54],[28,47]],[[59975,72518],[63,-56],[16,76],[20,4],[24,37],[2,91],[38,27],[46,1],[-8,50],[-13,5],[-15,97],[19,146],[15,46],[85,-42],[13,-20],[1,-44],[63,9],[57,-14],[58,56],[46,17],[52,37],[51,46],[27,-2],[67,-39],[37,-66],[37,-19],[66,8],[57,-22],[146,46],[60,37],[58,45],[57,63],[37,18],[50,43],[53,13],[84,-33],[78,6],[147,58],[47,75],[48,-46],[1,-67]],[[61765,73205],[6,-28],[-27,-39],[-121,-216],[-15,-17],[-104,-36],[-14,-19],[-25,-80],[-10,-180],[29,-106],[5,-117],[-28,-93],[-5,-73],[-15,-106],[5,-209],[-3,-30],[-58,-195],[-14,-25],[-69,-31],[-225,-234],[-123,-128],[-184,-191]],[[60770,71052],[-199,-217],[-178,-200],[-166,-191],[-94,26],[-30,15],[-54,81],[-30,-6],[-18,52],[-31,61],[-38,18]],[[61923,58167],[88,282]],[[62011,58449],[37,-56],[24,-23],[7,-65],[27,-59],[21,-85],[47,-107],[124,-199],[32,-34],[54,-8],[46,25],[59,-7],[11,26],[69,81],[24,40],[15,-7],[27,15],[27,47],[24,17],[23,44],[13,2],[49,-44],[35,-16],[29,14],[35,-49],[32,-10],[58,35],[62,80],[35,27],[48,81],[52,53],[43,8],[43,-45],[25,13],[50,-3],[59,12],[17,37],[20,7],[14,30],[50,26],[37,6],[65,-46],[14,-1]],[[34829,53172],[26,13],[8,40],[19,11],[18,41],[20,98],[21,57],[13,111],[-7,120],[52,160],[4,89],[-17,17],[-21,86],[-17,15],[-47,145],[5,49],[-20,32],[2,61],[-14,98],[8,46],[-3,84],[-12,26],[-1,91],[14,81],[45,124],[27,46]],[[34952,54913],[31,51],[15,70],[4,59],[13,48],[47,-17],[72,-77],[59,-26],[15,7],[47,-44],[24,-8],[27,-30],[32,-51],[8,-29],[59,-108],[38,-61],[29,-16],[16,-52],[41,-56],[45,-97],[10,43],[26,-30],[8,-35],[16,-126],[18,-82],[-9,-87]],[[35643,54159],[-28,-34],[-14,-65],[-43,-94],[-6,-49],[-60,-207],[-20,-20],[-17,-54],[2,-42],[-28,-111],[-22,-101],[-11,-30],[5,-37],[-18,-64],[-24,-60],[-48,-57],[-22,-49],[-29,7],[-48,37],[-30,57],[-36,-55],[-16,-4],[-60,41],[-5,29],[-28,-37],[-22,-48],[-35,-19],[-18,-45],[-15,29],[-21,-7],[-30,28],[-29,10],[-38,64]],[[50700,81255],[24,-73],[-9,-29],[12,-54],[20,-5],[27,-49],[31,-12],[20,32],[48,6],[24,-65],[11,-74],[20,-20],[33,15],[51,-42],[5,-73],[26,16],[39,-12],[35,7],[37,-72],[-8,-38],[23,-50],[-20,-49],[82,-25],[62,33],[7,55],[30,40],[20,-40],[-20,-63],[15,-25],[1,-79],[39,-2],[57,-62],[18,5],[40,-51],[21,-62],[46,28],[41,-4]],[[51608,80362],[47,-55],[29,4],[20,27],[58,-23]],[[51762,80315],[42,-12],[22,-42],[42,-119],[23,-5],[9,37],[47,-17],[40,-39],[31,-5],[35,38],[23,-11],[13,-39],[35,-28],[79,0],[71,-40],[-24,-83],[-37,-37],[-6,-26],[-38,-56],[-20,-120],[4,-30],[-50,-150],[13,-53],[-26,-126],[-1,-65],[18,-50]],[[52107,79237],[-29,-24],[0,-29],[-29,-35],[-37,-8],[-39,46],[-57,-58],[40,-32],[-24,-55],[-59,-81],[-22,-48],[-62,-44],[-4,-106],[-82,-95],[4,-25],[-23,-47],[20,-64],[-13,-65],[-36,-20],[6,-41],[44,5],[39,52],[-18,44],[24,45],[50,31],[37,4],[41,-15],[-3,-48],[21,-44],[-15,-78],[22,-7],[47,-113]],[[51950,78282],[-15,-32],[-46,-25],[-2,-62],[47,-45],[5,-75],[50,-57],[-19,-51],[-9,-60],[-29,-5],[-31,-46],[-30,16],[-37,-31],[33,-52],[1,-49],[39,-42],[32,-5],[10,-62],[-50,-136],[22,-39],[-14,-37],[36,-77],[10,3],[97,-69],[67,33],[19,-55],[-17,-53],[-42,-73],[6,-43]],[[52083,77053],[-18,-28]],[[52065,77025],[-8,12],[-11,-24]],[[52046,77013],[-10,-21],[-50,-18],[-18,-49],[-31,-13],[-23,-69],[-45,-11],[-16,-76],[2,-43],[-48,-29],[-24,1],[-22,-36],[-17,16],[-70,-23],[-37,22],[-11,-41],[-22,49],[-66,45],[-53,4],[-2,69],[-77,-4],[-16,31],[14,23],[44,21],[-53,54],[1,-78],[-27,14],[-31,-54],[-42,0],[-28,14],[-15,49],[-85,2],[-21,16],[-7,37],[-46,-11],[-56,-69],[-32,-22],[-31,-54],[-35,2],[-39,-38],[-37,-65],[-20,-94],[4,-20],[-5,-129],[4,-74],[24,-18],[12,-53]],[[50883,76270],[-32,0],[-37,22],[-81,-56],[-49,-19],[-12,25],[-40,26],[-39,-7],[-24,-37],[-24,9],[-10,40],[-61,38]],[[50474,76311],[4,61],[-71,19],[-10,-27]],[[50397,76364],[-31,68],[-51,2],[-19,34],[-41,5],[-30,27],[-43,4],[3,-71],[-17,-16],[-60,-1],[-32,-10],[-30,34],[-57,-24],[-23,18],[-12,35],[-40,31],[-32,-23],[-38,-10],[-25,44],[-22,16],[-9,39],[-61,6],[-82,52],[-44,-6],[-15,26],[17,31],[7,62],[-44,24],[-22,-17],[-30,21],[-13,54]],[[49501,76819],[37,8],[18,25],[33,79],[37,253],[18,163],[9,117],[-3,29],[20,63],[34,-3],[0,33],[-28,35],[-19,-41],[9,239],[12,91],[5,121],[22,21],[40,-44],[42,-71],[12,-104],[15,-9],[-11,111],[-13,58],[-24,52],[-98,113],[-10,47],[29,9],[-7,35],[21,21],[-6,46],[13,31],[-28,66],[-8,44],[19,17],[-19,39],[-17,-24],[-36,40],[-22,-6],[-15,43],[-27,4],[-57,45],[-14,76],[-54,90],[-19,16],[5,64],[30,70],[-48,66],[-11,61],[-20,-15],[-36,23],[-42,55],[23,19],[-7,64],[-67,14],[-5,51],[-68,-35],[-19,-1],[-76,83],[-32,-8],[-18,38],[-90,16],[-12,31],[-56,12],[-36,-42],[-41,3],[7,32],[-24,65],[-70,52],[90,28],[16,47],[-43,30],[9,29],[44,-6],[-16,43],[-28,23],[-54,-32],[-45,16],[5,83],[12,28],[44,35],[22,0],[39,29],[17,-21],[30,28],[56,24],[6,-37],[61,29],[33,-21],[19,36],[-10,26],[18,30],[40,-12],[78,28],[4,-24],[69,-99],[4,-34],[49,-34],[17,25],[73,60],[26,-48],[67,51],[37,12],[2,-51],[32,-5],[40,16],[20,34],[-13,26],[-5,73],[7,90],[-14,4],[-4,103],[-29,71],[-29,33],[-18,77],[11,24],[-7,52],[16,16],[60,-22],[57,35],[33,-8],[11,-33],[-20,-48],[51,-122],[14,29],[69,-20],[77,-2],[37,-9],[54,-36],[80,46],[52,60],[-42,17],[-7,28],[25,86],[18,22],[122,84],[24,0],[114,49],[61,66],[36,80],[15,133],[-3,134],[12,65],[-7,45],[41,43],[68,37],[44,7],[108,39]],[[33108,60162],[-54,8],[-18,-6],[-10,29],[17,28],[-32,59],[-19,89],[16,31],[19,-6],[28,-31],[18,-71],[24,-53],[11,-77]],[[33001,61008],[-13,-29],[-18,-2],[-7,31],[18,45],[20,-45]],[[32902,61212],[-8,-37],[6,-78],[-11,-52],[-27,-27],[-20,80],[-8,94],[7,56],[14,1],[47,-37]],[[32904,61212],[12,39],[-9,55],[21,36],[17,-34],[1,-36],[57,-73],[-62,-25],[-26,-4],[-11,42]],[[65496,39679],[18,-31],[-9,-97],[-32,-24],[-42,2],[-55,51],[-17,43],[-2,33],[-17,55],[21,82],[29,24],[48,-7],[34,-43],[13,-65],[11,-23]],[[62555,44505],[4,-74],[-23,-79],[-12,28],[7,44],[-7,60],[-13,35],[44,-14]],[[52379,76141],[32,37],[-19,46],[15,91],[40,51],[58,30],[24,43],[36,-2],[30,16],[-11,52],[16,51],[-6,36],[23,15],[17,-106],[-9,-72],[1,-59],[20,-24],[1,-110],[8,-45],[-2,-105],[-42,-92],[0,-142],[-19,-47],[2,-32],[-21,-22],[-15,-52],[3,-39],[-35,18],[3,24],[-47,25],[-44,59],[33,60],[-56,19],[30,103],[-17,14],[-36,-18],[14,66],[21,16],[-48,76],[0,19]],[[49661,78293],[-12,-36],[-32,54],[-8,44],[48,-35],[4,-27]],[[34829,53172],[-25,0],[0,69],[-11,12],[-27,-19],[-11,8],[-38,83],[-26,-37],[-17,19],[-22,-36],[-29,-2],[-12,-37],[-58,2],[-32,-21],[-17,28],[-24,15],[-15,25],[-18,3],[-7,-70],[-13,-33],[-15,-5],[-5,-48],[17,-4],[11,-45],[30,-59],[2,-80],[-10,-40],[-18,-11],[-97,54],[-32,8]],[[34310,52951],[-27,43],[-35,8],[-27,78],[-6,55],[-17,24],[-12,77],[-18,39],[-9,83],[-41,98],[-17,87],[8,34],[-19,61],[-2,120],[-24,13],[-55,-9],[-26,26],[4,70],[-22,52],[-29,32],[-7,60],[-24,80],[-25,47],[-10,94],[28,76],[4,73],[8,24],[24,115],[-23,103],[19,54],[25,7],[11,31],[64,1],[49,20],[7,84],[16,-17],[13,24],[-15,49],[-24,40],[17,38],[5,46]],[[34098,54991],[23,42],[10,150],[17,76],[30,36],[25,-13],[58,-6],[24,-22],[75,-28],[84,-47],[18,-3],[-3,53],[28,45],[58,6],[84,-13],[31,-36],[21,4],[1,38],[36,11],[67,-4],[84,-26],[120,-57],[14,-55],[-12,-44],[-12,-104],[-27,-81]],[[34310,52951],[-26,-21],[-18,18],[-46,-36],[-32,25],[-25,1],[-26,59],[-37,-42],[-29,12],[-24,-40],[-10,-49],[-27,-61],[-21,-8],[-42,6],[-32,-33],[-24,1],[-1,-47],[-9,-30],[-34,1],[-10,28],[-21,-4],[-20,19],[-22,-70],[-28,-19],[9,-60],[-11,-39],[-45,9],[-25,-47],[-17,-8],[-18,18],[-8,38],[-23,25],[-64,29],[-22,55],[-70,146],[-19,-3],[-12,25],[10,36],[-28,14],[-5,40],[7,197],[-45,56],[-1,57],[-26,135],[2,94],[9,121],[13,30],[-1,43],[25,109],[2,58],[-12,39],[7,33],[23,17],[21,36],[6,39],[17,28],[4,47],[15,19],[-37,85],[4,31],[-25,40],[0,48],[14,55],[-30,38],[-33,15],[-8,18],[-31,-8],[-30,43],[21,24],[15,68],[-1,36],[15,172],[-30,41],[-12,49],[-22,14],[-34,-42],[-24,8],[-10,-19],[-60,22],[-19,-6]],[[33127,54829],[-177,405],[30,116],[41,46],[3,38],[-13,51],[6,48],[-19,98],[21,69],[55,10],[9,18],[30,17],[20,-19],[28,49],[20,10],[35,46],[30,56],[6,38],[-22,38],[-29,10],[-20,-37],[-27,55],[12,63],[-36,113],[36,62],[5,59],[22,49],[36,1],[40,81],[28,38],[31,18],[7,62],[15,23],[25,11],[9,35],[-57,155]],[[33327,56761],[25,-38],[16,-50],[18,-29],[15,33],[58,-74],[26,-23],[80,-106],[40,-74],[67,-154],[32,-45],[27,-76],[22,-44],[7,-37],[-1,-113],[-5,-61],[-18,-36],[-13,-80],[-4,-70],[12,-29],[29,106],[18,36],[34,-2],[27,-36],[31,2],[17,-17],[32,-55],[81,-155],[14,-69],[23,18],[49,-60],[34,-86],[8,-117],[-13,-87],[6,-53],[-23,-89]],[[85656,74077],[55,-193],[19,-83],[81,-197],[39,-71],[24,-101],[50,-128],[23,-146],[7,-99],[9,-49],[-13,-89],[5,-120],[-15,-49],[-1,-70],[14,-119],[30,41],[13,-29],[-15,-44],[-10,-111],[-15,-64],[3,-71],[-27,-35],[1,-57],[-26,-21],[-3,-40],[-18,-53],[-20,-3],[-34,-43],[-103,9],[-28,7],[-18,-18],[10,-36],[-16,-25],[-1,-71],[-59,55],[-5,-27],[-40,21],[-12,41],[-52,-31],[-24,9],[-29,-35],[16,-33],[21,-8],[-7,-53],[-31,-22],[-15,28],[-20,79],[-35,-71],[6,-35],[26,-51],[-13,-21],[-31,2],[14,-42],[-21,-35],[-26,59],[19,100],[-40,-17],[-38,-45],[-5,-42],[-30,-69],[-21,18],[-50,-36],[-7,-39],[-20,-17],[-15,33],[3,92],[-46,35],[-15,42],[6,62],[20,-1],[13,55],[-10,99],[21,29],[-24,70],[0,47],[42,177],[-13,36],[36,43],[38,99],[-34,2],[-1,24],[24,40],[-44,126],[10,50],[-20,66],[-8,69],[-13,38],[-61,57],[-20,36],[27,60],[29,-27],[23,43],[-15,58],[18,4],[14,-45],[24,35],[42,2],[22,-22],[30,-77],[11,41],[-29,48],[6,37],[-29,5],[-15,43],[-12,75],[37,-18],[9,42],[-25,6],[-38,77],[2,63],[-12,33],[-8,85],[43,11],[-5,31]],[[85185,73618],[-1,64],[27,23],[73,159],[37,30],[61,7],[26,-13],[78,17],[13,-18],[67,6],[37,30],[26,56],[2,68],[25,30]],[[85112,72830],[-18,-12],[-7,83],[12,16],[13,-87]],[[85262,71113],[-2,-27],[-27,-69],[-103,-47],[-38,5],[-13,-22],[-32,40],[9,61],[29,51],[49,33],[85,25],[43,-50]],[[85105,71701],[-10,-52],[-38,-29],[-26,45],[44,58],[30,-22]],[[85574,71883],[-3,-61],[-53,8],[-11,84],[21,0],[16,-35],[30,4]],[[85763,71914],[-37,-82],[-36,82],[57,68],[16,-68]],[[85156,73438],[-34,-54],[-24,26],[40,37],[18,-9]],[[85140,73485],[-27,3],[-11,106],[15,22],[27,-42],[-4,-89]],[[86258,76327],[12,-49],[23,-36],[12,-51]],[[86305,76191],[-23,-13],[-38,39],[-26,-40],[-52,-56],[0,-41],[-35,-14],[-31,-103],[-18,3],[-4,-46],[-30,-37],[-24,-64],[-8,-106],[39,-55],[-12,-44],[-13,-98],[12,-123],[-10,-43],[-41,3],[-101,-95],[-10,-61],[-26,-56],[-28,-7],[-32,-51],[-57,-29],[2,-69],[-43,-38],[-40,-22],[-17,-36],[-39,-9],[-43,15],[-33,-48],[-4,-39],[-70,-36],[-28,-48],[-3,-57],[18,-31],[-26,-91],[-29,-38],[-2,-75],[23,-43],[43,-8],[45,-25],[22,-62],[46,-82],[21,-9],[33,-66],[20,15],[22,-44],[1,-31]],[[85185,73618],[-26,-29],[-39,41],[-10,25],[-93,-51],[-47,36],[-25,71],[-58,25],[12,-34],[22,-12],[-30,-84],[-30,-16],[-8,-27],[-35,4],[-13,90],[-17,20],[-23,-36],[-40,22],[35,111],[-35,-21],[-30,36],[-31,-15],[-32,10],[40,41],[14,41],[3,56],[28,55],[21,68],[21,32],[34,26],[-34,77],[18,105],[25,69],[-1,27],[40,86],[-24,91],[-33,76],[-49,7],[-51,64],[-29,19],[-2,-43],[-22,-29],[-25,58],[-8,54],[-34,8],[-31,47],[13,16],[6,62],[-6,29]],[[45274,64169],[11,99],[2,109],[12,86],[29,115],[31,83],[21,0],[30,23],[15,36],[11,77],[20,42],[4,85],[15,97],[32,42],[4,63],[-10,25],[17,34],[20,92],[22,58],[4,39],[17,56],[21,44],[16,58],[2,100],[41,38],[48,112],[41,71],[35,86],[44,40],[10,45],[19,25],[20,135],[2,66],[-5,104],[18,134],[19,45],[26,149],[28,81],[11,94],[-3,26],[23,73],[31,25],[39,75],[31,6],[34,33],[84,108],[17,35],[16,63],[19,111],[9,72],[28,85],[17,81],[19,127],[30,33],[17,45],[9,54],[36,32],[50,16],[41,-1],[49,30],[76,24],[16,19],[144,117],[44,109],[17,21],[61,121],[79,74],[52,58],[34,58],[29,79],[23,32],[34,83],[25,99],[65,137],[28,91],[18,75],[12,160],[-25,80],[-52,83],[19,60],[-4,203],[6,128],[-10,21],[44,134],[6,55],[51,110],[33,60],[27,116],[-7,71],[13,70],[-4,60],[41,61],[32,66],[36,49],[32,74],[35,67],[2,27],[25,55],[22,-3],[58,81],[38,15],[59,42],[6,13],[104,71],[25,45],[15,-2],[34,44],[36,23],[48,60],[29,55],[43,138],[31,79],[74,267],[24,140],[50,217],[27,161],[41,6],[19,23],[31,-5],[42,56],[14,3],[16,-44],[5,-77],[11,-16],[9,-59],[28,-39],[23,-57],[16,-10],[28,-49],[38,-42],[110,-52],[115,57],[16,-21],[39,3],[25,40],[23,-32],[49,-20],[61,23],[42,44],[27,9],[9,-31],[3,-59],[23,-30],[17,12],[55,-27],[40,31],[54,-35]],[[49382,72041],[8,-49],[113,-142],[-23,-93],[33,-59],[13,-8],[-29,-62],[17,-47],[20,-106],[-12,-120],[5,-72],[-11,-50],[22,-24],[14,-71],[-20,-87],[2,-76],[29,-73],[20,-29],[0,-44],[-16,-29],[37,-110],[27,-25],[78,-105],[-21,-57],[-27,-15],[-11,-41],[-9,-98],[11,-40],[-182,15],[-169,14],[-50,-24],[-52,-8],[-16,-16],[31,-146],[-49,-12],[-60,-33],[-122,-40],[-4,-149],[-20,-2],[-20,-38],[1,-57],[50,-72],[22,-80],[-29,-69],[4,-72],[-53,-48],[-46,-21],[-43,-4],[-33,-16],[-27,-28],[-31,-72],[-39,-57],[-70,-60],[-83,-117],[-27,-52],[-45,-141],[-29,-68],[-27,-17],[-24,17],[-9,52],[-68,-20],[-76,0],[-39,-8],[-41,-20],[-38,-8],[-24,-41],[-48,37],[-53,0],[-31,-25],[-25,-48],[-75,4],[-90,-123],[-35,-56],[-31,-25],[-56,-75],[-10,-31],[-64,-73],[-9,-34],[0,-579]],[[47588,67763],[-38,0],[12,-116],[-7,-57],[13,-98],[-11,-40],[-58,-18],[-57,6],[-57,-7],[-21,-22],[-68,-109],[-46,-6],[-37,35],[-44,-29],[-17,0],[-83,75],[-57,17],[-46,-6],[-95,-57],[-36,-16],[21,-80],[-6,-64],[-36,-65],[-47,-130],[-22,-110],[-87,-42],[-8,-23],[-6,-69],[-25,-133],[-39,-305],[-14,-81],[-19,-80],[-20,-35],[-58,-81],[-78,-92],[-19,-40],[-47,-179],[-23,-63],[-22,-23],[-105,-86],[-34,-58],[-25,-98],[-11,-63],[-22,-179],[-6,-80],[-14,-116],[-5,-97],[0,-81],[-9,-81],[-24,-68],[-37,-64],[-52,-127],[5,-63],[-16,-87],[-23,-57],[-25,-29],[-86,-5],[-86,5],[-80,23],[-81,6],[-42,-11],[-108,0],[-42,-7],[-78,-28]],[[47588,67763],[0,-216]],[[47588,67547],[0,-354],[0,-379],[-7,-10],[-276,0],[-139,0],[-196,0],[-308,0],[0,-392],[0,-261],[0,-349],[0,-438],[-5,-29],[-28,-15],[-61,-56],[-74,-29],[-110,-146],[-29,-77],[-13,-76],[21,-148],[9,-288],[12,-381],[-278,0],[-274,0],[-187,0],[-164,0],[-192,0],[-13,-110],[-12,-66],[-9,-88],[7,-62]],[[45262,63793],[-13,40],[25,336]],[[26751,58131],[2,1],[6,-2],[12,-18],[44,-235],[20,-69],[53,-142],[32,-73],[20,-22],[18,-55],[49,-119],[38,-16],[18,-33]],[[27063,57348],[-13,-52],[-58,67],[-14,-25],[5,-43],[-23,-27],[1,-218],[8,7],[45,-56],[8,-30],[-41,-48],[-16,-56],[21,-64],[4,-58],[-10,-53],[-23,-20],[-28,-51],[31,-38],[16,-84],[-3,-39]],[[26973,56460],[-1,40],[-19,67],[-51,86],[15,35],[-13,69],[6,26],[-33,16],[-21,27],[-18,40],[-28,-16],[22,-71],[32,-41],[3,-67],[-19,-8],[-32,32],[-32,1],[-45,103],[30,63],[-3,28],[15,31],[-12,115],[-43,95],[-37,55],[-51,47],[-22,38],[-25,22],[-52,26],[-17,-4],[-27,34],[-17,66],[12,52],[-35,111],[-25,-5],[-66,118],[-24,-4],[-18,-28],[26,-68],[37,-31],[15,1],[26,-71],[-26,-55],[-29,-36],[-7,-44],[-16,14],[-36,97],[-16,26],[-38,14],[-47,31],[-39,101],[-18,87],[-5,67],[15,85],[49,73],[-9,33],[0,57],[-38,43],[-30,19],[9,35],[38,-4],[-2,47],[13,34]],[[26194,58214],[19,67],[10,8],[24,-34],[161,-121],[13,4],[57,70],[72,-66],[18,23],[12,-44],[29,-33],[4,-46],[32,-10],[15,13],[25,-40],[75,52],[-9,74]],[[26194,58214],[-24,18],[-10,47],[-29,68],[-65,100],[-23,50],[-26,23],[-11,33],[-33,52],[-54,152],[-20,92],[-10,20],[-76,98],[-14,42],[-62,91],[-30,72],[-54,74],[-10,26],[5,37],[23,44],[32,-44],[9,-34],[34,34]],[[25746,59309],[64,8],[10,-9],[27,52],[11,98],[26,30],[16,-16],[16,29],[-10,47],[4,25],[-14,124],[2,52],[62,21],[37,-19],[27,16],[8,40],[28,69],[24,45],[50,-79],[15,-2],[11,-32],[21,23],[13,42],[53,76],[22,23],[10,45],[20,40],[37,17],[-5,56],[15,45],[34,60],[-1,46],[9,41],[27,44],[37,-7],[20,-75],[48,-8],[12,-24],[40,32],[14,-4],[15,50],[15,-23],[44,25],[43,11],[114,118],[19,28],[35,-27],[37,8]],[[26908,60470],[-14,-7],[-30,-81],[-5,38],[-30,-48],[21,-55],[11,23],[16,-143],[14,-79],[-8,-78],[-36,-116],[-23,-53],[-17,-127],[-7,-118],[-11,-67],[-3,-74],[17,-221],[-9,-186],[15,-62],[-2,-42],[-30,8],[-9,35],[3,55],[17,12],[5,119],[-28,-6],[16,-89],[-24,-36],[-26,-14],[13,-70],[4,-51],[25,7],[-13,-53],[-14,-119],[-15,-4],[2,-55],[-21,-44],[14,-33],[24,21],[13,-105],[0,-32],[-30,-31],[-9,-66],[-21,-39],[0,-59],[9,-75],[23,-93],[16,-26]],[[55173,53835],[5,-88],[-8,-113],[-24,-36],[-37,-203],[-22,-74],[-19,-38],[-20,-105],[-18,-41],[-10,-60],[2,-126],[-4,-48],[1,-177],[-16,-74],[-14,-133],[-27,-101],[4,-86],[8,-73],[-3,-90],[15,-63],[-3,-65],[-24,-70],[-27,-144],[-11,-107],[6,-87],[3,-102],[-24,-51],[-70,-176],[-32,-59],[-74,-43],[-53,-96],[-32,-126],[-24,-81],[-6,-62],[-26,-77],[-39,-80],[-42,-74],[-12,-43],[-3,-47],[14,-201],[-14,-142],[3,-55],[2,-150],[9,-30],[-5,-42],[-26,-105],[-17,-43],[-48,-188],[-87,-53],[-13,-22],[-17,-79],[-71,-72],[-30,-93],[-21,-27],[-25,-58],[-28,-96],[-36,-43],[-18,-8],[-32,35],[-23,-22],[-12,14],[3,104],[-15,62],[32,69],[-22,63],[-5,35],[-62,-65],[-35,-14],[-18,-44],[-22,0],[-24,38],[-22,-23],[3,-55],[-9,-75],[-33,-55],[-21,-8],[-28,-49],[-10,52],[-23,23],[-29,46],[-16,57],[-11,-34]],[[53631,49163],[-13,13],[-35,76],[-13,45],[-26,7],[-42,-100],[-64,-32],[-13,-84],[-27,-22],[-13,21],[-16,-84],[-34,-61]],[[53335,48942],[-31,79],[-13,74],[-19,42],[11,25],[-4,35],[-31,65],[-81,139],[-12,63],[-68,101]],[[53087,49565],[27,138],[34,51],[22,12],[19,46],[24,-21],[22,-74],[48,-21],[21,25],[1,25],[-20,43],[32,141],[-34,28],[-37,48],[5,70],[16,39],[-35,86],[-25,-18],[-3,38],[21,69],[2,53],[-10,36],[-7,101],[31,-2],[24,-36],[14,23],[37,26],[34,-49],[110,49],[3,100],[-10,87],[-3,62],[22,-12],[23,53],[25,-10],[36,-44],[19,-84],[10,-75],[10,8],[19,-61],[-6,-26],[40,-25],[14,7],[49,-37],[23,1],[41,58],[50,119],[26,-116],[11,-22],[-16,-37],[10,-38],[20,11],[10,-18],[25,1],[15,58],[25,44],[-21,37],[25,80],[3,87],[33,27],[8,41],[1,103],[-8,39],[25,40],[-7,18],[12,66],[-14,22],[10,72],[-21,116],[6,59],[12,38],[-1,60],[13,69],[-9,45],[-30,53],[-18,14],[-37,-10],[-11,88],[-17,25],[-38,12],[-26,18],[4,31],[21,57],[-13,144],[20,88],[27,37],[9,72],[44,2],[27,45],[2,42],[31,71],[5,56],[-18,32],[-15,68],[-20,39],[-7,101],[-19,29],[-37,-3],[-18,24],[-53,10],[-10,-34],[-32,-11],[-27,-42],[-36,7],[-46,-43],[-18,1],[-1,36],[14,13],[2,69],[-14,56],[-16,39],[17,145],[-8,32],[12,54],[21,29],[3,67]],[[53692,53077],[271,-5],[14,11],[28,-21],[33,17],[6,26],[40,-60],[34,-19],[12,17],[26,-53],[36,-15],[16,33],[23,-6],[32,-62],[37,31],[79,-39],[34,-67],[38,-23],[12,-56],[25,46],[-7,63],[-19,77],[11,124],[15,-7],[11,32]],[[54499,53121],[78,345],[-9,70],[12,63],[-7,52],[13,40],[16,137],[20,37],[25,8],[22,-12],[12,22],[32,-15],[26,18],[42,14],[13,21],[21,-4],[34,51],[26,-34],[21,-13],[31,2],[19,-12],[14,-41],[18,15],[16,-14],[28,14],[28,-50],[18,56],[51,15],[23,-5],[19,-66],[12,0]],[[58566,53843],[16,17],[4,-73],[-30,-85],[-16,-121],[21,-36],[9,-46],[-32,-167],[-4,-94],[20,0],[21,-62],[16,42],[15,-6],[20,-60],[34,7],[3,-47],[22,-28],[-7,-70],[-60,-157],[-96,-160],[-56,-151],[-54,-37],[-13,-22],[-5,-69],[-21,-65],[-30,-14],[-25,-31],[-5,-23],[-3,-96],[6,-69],[-30,-93],[-9,-95],[-24,-42],[-5,-94],[-18,-218],[6,-79],[-8,-5],[-6,-90],[3,-69],[-16,-32],[-2,-48],[6,-54],[-3,-49],[6,-31],[0,-88]],[[58216,51033],[-22,-25],[-18,-43],[-21,-2],[-32,-75],[-27,-92],[-6,-67],[8,-90],[-1,-45],[-12,-50],[-35,-29],[-6,-30],[-28,-45],[11,-91],[-2,-44],[34,-39]],[[58059,50266],[-5,-54],[15,-8],[11,-57],[19,-45],[21,-24],[-6,-69],[8,-58],[-10,-39],[6,-146],[-6,-111],[3,-68],[34,-112],[10,-66],[8,-139]],[[58542,47113],[-249,-78],[-262,-82],[-6,-17],[12,-51],[-1,-51],[-11,-50],[-35,-97],[-46,-93],[-26,-39],[-37,-41],[-1,-42],[25,-16],[16,-25],[29,-155],[13,-100],[-13,-74],[-1,-110],[-13,-45],[16,-44],[5,-82],[-3,-47],[18,-71],[-38,-97],[-4,-53],[-20,-100],[-1,-85],[-10,-71],[-23,-57],[0,-41],[14,-50],[13,-101],[12,-44],[94,-135],[7,-29],[24,-37],[23,-98],[23,-10],[40,16],[11,-20],[57,-30],[6,35],[-21,33],[8,53],[26,29],[17,-14],[47,36],[0,-314],[0,-418],[-27,-19],[-21,16],[-7,32],[18,48],[-25,38],[-35,-43],[-39,-31],[-39,-46],[-13,28],[-36,-6],[-16,49],[-9,85],[-14,15],[-14,77],[-37,88],[-24,-22],[-30,87],[10,25],[-24,99],[-23,41],[-29,8],[-14,20],[-15,-16],[-12,30],[-36,6],[-7,37],[-29,25],[-12,-21],[-41,2],[-33,65],[-15,103],[-13,46],[-52,65],[-7,97],[-8,40],[-47,-23],[3,-50],[-11,-30],[-4,-70],[-26,-54],[-31,-2],[-18,-28],[-15,18],[-42,14],[-21,28],[-33,-17],[-36,23],[-48,-2],[-40,64],[-35,-4],[-28,42],[-30,-27],[-9,35],[-36,39],[-15,64],[4,31],[-10,49],[13,65],[-13,48],[-43,-34],[-50,-5],[-32,-28],[-43,-14],[-30,-60],[-33,-10],[-21,30],[-17,2],[23,74],[-3,91],[-24,41],[-47,4],[-3,71],[-41,27]],[[56657,45571],[-11,-42],[-26,-48],[-53,14],[-41,23],[-34,-6],[-49,-56],[-51,-17],[-28,8],[-23,20],[-28,-25],[-53,34],[-19,-49],[-36,-33],[-16,-33],[-11,91],[-21,131],[43,63],[-4,110],[-9,28],[11,77],[-31,137],[2,19],[-14,96],[-45,70],[-40,111],[-6,74],[-11,55],[13,68],[0,105],[6,142],[7,37],[14,212],[-10,37],[-14,119],[-14,59],[-12,15],[-2,49],[6,71],[23,127],[2,67],[-5,57],[-16,50],[-197,-1],[-154,-1],[1,83],[24,131],[-78,-1],[-10,-49],[-215,0],[4,-38],[-13,-49],[-3,-94],[10,-94],[-25,-58],[-19,4],[6,-90],[-12,-79],[6,-78],[-162,0],[-9,40],[-62,0],[-3,-37],[-42,-11],[-49,10],[-21,-20],[-1,-44],[-33,3],[-22,33],[-31,-20],[-21,8],[-24,-17],[-23,7],[-2,41],[-29,57],[-4,41],[-21,35],[-15,48],[-1,43],[-19,23],[-33,105],[-4,35],[-24,26],[-14,53],[-6,69],[13,41],[-13,72],[-26,35],[-18,69],[-10,80],[-3,81],[2,138],[-34,73],[-2,79],[-23,22],[-29,-5],[-26,24],[-194,-7],[-254,-9],[-35,-13],[-93,9],[-29,15],[-33,-5],[-21,17],[-84,-14],[-73,6],[-10,-20],[-44,20]],[[53662,48460],[-41,-1],[-31,25],[-29,-9],[-29,-58],[2,-28],[-33,-11],[-43,-31],[2,41],[-23,13],[-30,62],[-16,50]],[[53391,48513],[37,23],[46,-1],[6,324],[-22,37],[-2,25],[40,32],[8,37],[17,7],[43,116],[55,26],[12,24]],[[55173,53835],[-9,134],[6,111],[9,46],[-7,108],[-23,79],[11,38],[16,-10],[24,13],[15,32],[15,73],[50,118],[20,83],[32,24],[11,34],[38,45],[10,24],[86,4],[29,-23],[19,-55],[31,-15],[47,-56],[23,-47],[23,-14],[35,-99],[-3,-41],[42,-69],[52,10],[22,15],[59,-37],[21,-45],[20,-7],[19,18],[16,-25],[50,-24],[27,29],[25,0],[40,-31],[39,1],[33,-23],[22,-30],[27,-13],[33,4],[19,23],[13,59],[20,50],[-6,49],[28,24],[27,135],[19,-8],[12,65],[24,1],[9,-43],[23,-23],[19,15],[27,-59],[34,-27],[17,41],[33,38],[47,31],[22,24],[37,-2],[39,59],[20,-7],[55,89],[28,26],[42,-52],[15,-53],[34,-3],[47,41],[35,-21],[13,37],[27,-5],[22,13],[12,63],[-12,25],[16,72],[60,37],[42,-67],[39,-24],[28,6],[15,-21],[29,39],[45,-62],[27,-1],[20,-51],[16,-8],[22,20],[45,4],[30,-29],[26,65],[18,23],[25,6],[63,-58],[27,-17]],[[58823,81838],[33,-8],[2,-29],[57,3],[38,23],[21,35],[9,84],[15,23],[37,-7],[55,-36],[56,-3],[75,70],[79,-7],[14,-39],[43,38],[32,0],[43,-75],[27,-32],[4,-80],[45,-78],[43,-45],[-3,-62],[-69,-17],[9,-60],[18,-35],[-1,-50],[17,-39],[0,-77],[35,15],[60,-16],[35,-35],[59,29],[38,-18],[7,-53],[43,-57],[18,-44],[10,-68],[18,-64],[-18,-37],[13,-70],[27,-24],[13,-48],[35,-18],[39,45],[75,-1],[45,-80],[37,14],[37,-22],[17,-37],[24,33],[64,45],[39,-2],[40,15],[24,31],[42,5],[13,-49],[33,-28],[-3,-44],[38,-78],[53,-44],[22,-47],[47,11],[2,69],[35,0],[13,-39],[42,-25],[46,8],[7,-28],[46,-28],[23,-36],[27,3],[41,29],[16,-54],[25,-22],[32,13],[35,-21],[15,-57],[49,-41],[48,35],[40,-7],[-21,-78],[33,-70],[-5,-51],[-53,-70],[-9,-44],[-66,-16],[-2,-29],[23,-43],[39,-9],[34,-38],[-24,-15],[-30,16],[-34,-39],[-20,-92],[49,-2],[32,-120],[-30,-39],[50,-20],[-42,-88],[0,-48],[-14,-38],[-9,-80],[-102,-5],[-20,13],[-63,-8],[-15,14],[-45,3],[-30,-47],[-10,-59],[-16,4],[-32,-33],[-58,-12],[-26,-65],[0,-58],[-16,-59],[23,-28],[-23,-28],[4,-52]],[[60615,78960],[-24,-16],[-75,15],[-30,-15],[-48,9],[-27,-32],[-41,-88],[-35,30],[-53,-36],[-36,-39],[-16,-42],[-37,28],[-48,-12],[-43,-29],[-24,-42],[-26,19],[-80,-9],[-36,-30],[-40,-59],[-33,-24],[-60,-94],[-22,68],[-39,-81],[-65,-37],[-8,-23],[18,-139],[35,-113]],[[59722,78169],[-14,-4],[-45,47],[-1,55],[-27,43],[-44,4],[-18,-15],[-29,58],[-35,24],[-36,-1],[-72,58],[-48,-14],[-12,-27]],[[59341,78397],[-27,-2],[-30,-39],[-36,47],[-48,0],[-58,-12],[-34,11],[-80,-33],[-67,30],[-6,38],[-35,11],[-83,77],[42,2],[26,25],[-15,31],[-65,27],[-36,-8],[-17,37],[49,5],[29,-20],[69,-4],[46,-24],[42,16],[-25,37],[-119,58],[-14,-20],[-51,14],[-27,-21],[-27,17],[-40,-26],[-42,16],[-54,-16],[-66,-49],[5,-69],[-77,-182],[-34,-47],[-31,-59],[-34,-44],[-47,11],[-4,-38],[-42,-20],[17,-38],[-33,-28],[-17,47],[-22,-8],[-4,-76],[20,-19],[-11,-41],[35,5],[2,-82],[-13,-56],[-14,-5]],[[58238,77873],[-2,75],[-23,28],[-69,29],[-98,-72],[-10,-23],[-32,27],[-30,-57],[-37,12],[-68,43],[-18,68],[-18,12]],[[57833,78015],[19,34],[59,-11],[15,45],[-17,45],[28,60],[26,9],[19,34],[6,71],[48,19],[4,64],[19,45],[-22,44],[-4,84],[7,29],[60,48],[12,-21],[-1,-83],[45,33],[31,10],[34,-40],[36,53],[33,-66],[20,19],[45,0],[-24,72],[-22,12],[11,118],[-7,45],[-24,30],[-25,2],[-16,27],[-38,24],[12,57],[-20,45],[8,115],[-55,17],[-35,54],[-20,-4],[-12,54],[18,46],[4,60],[11,22],[-32,127],[-48,-24],[-33,52],[-9,50],[-100,22],[-40,50],[-26,-14],[-40,63],[-36,10],[-49,65],[-69,12],[-23,-32],[-22,11],[-46,-43],[-41,20],[-23,-26],[-28,24],[-40,-39],[-23,-38]],[[57393,79626],[-87,-27],[-5,-50],[-31,-76],[-71,-15],[-46,-19],[-136,-21],[-39,-74],[-29,-26],[-34,-8],[-28,54],[-37,29],[-28,49],[-37,7],[-55,-32],[-70,38],[-28,-16],[-27,30],[-60,11],[-29,-20],[-28,13],[-35,50],[-32,6],[-15,-48],[-35,-1],[-17,-34]],[[56354,79446],[-13,72],[-23,26],[-41,-9],[-33,81],[-34,1],[-24,92],[-39,1]],[[56147,79710],[6,104],[47,66],[35,156],[20,13],[5,45]],[[56260,80094],[57,-15],[31,22],[-41,49],[8,61],[-3,53],[-23,93],[37,88],[14,9],[77,150],[93,136],[35,37],[51,76],[65,9],[8,50],[27,27],[-9,87],[-28,50],[-1,28],[44,25],[-42,39],[-18,40],[-11,75],[-36,46],[-31,71],[18,37],[-25,65]],[[56557,81502],[-4,51],[44,23],[64,-34],[73,76],[14,52],[27,41],[92,2],[78,16],[50,22],[47,-16],[115,4],[87,-16],[26,-25],[65,-4],[10,-26],[62,-2],[52,-30],[46,9],[44,-10],[21,-88],[37,-2],[25,19],[63,-32],[30,19],[72,-25],[39,54],[38,-73],[39,27],[32,-11],[7,-52],[21,-12],[26,52],[43,18],[25,36],[33,-13],[16,-79],[21,-53],[47,6],[43,58],[58,-32],[16,20],[73,11],[50,-55],[7,-48],[56,-35],[23,53],[-14,53],[-1,66],[-14,6],[10,85],[26,68],[39,69],[38,47],[5,31],[49,2],[33,-19],[14,31],[47,11],[81,-10]],[[56557,81502],[-19,52],[6,85],[32,138],[-11,52],[-67,66],[-51,19],[-13,33],[63,127],[49,44],[47,16],[37,32],[15,42],[-4,156],[-14,43],[10,37],[-31,68],[-54,196],[-29,189]],[[56523,82897],[44,-23],[77,28],[35,-10],[43,13],[16,-34],[33,-4],[42,41],[81,36],[-11,42],[21,31],[60,-9],[34,65],[49,2],[28,28],[23,-38],[-17,-42],[38,-17],[30,10],[13,50],[-25,51],[-36,-10],[-10,25],[23,43],[9,57],[27,28],[-9,61],[4,60],[16,52],[35,45],[64,12],[48,101],[45,1],[29,-16],[16,43],[46,47],[-9,15],[-90,21],[24,103],[18,30],[0,57]],[[57387,83892],[63,23],[44,69],[36,6],[48,-26],[86,2],[15,74],[74,102],[66,24]],[[57819,84166],[39,-55],[27,24],[65,-3],[23,-71],[43,9],[48,28],[96,-40],[4,-38],[-14,-59],[33,-57],[62,48],[34,0],[17,34],[33,10],[33,-15],[31,20],[70,-36],[28,-37],[7,-37],[27,-7],[14,-34],[47,-13],[-7,-59],[9,-35],[-35,-70],[46,-71],[13,-69],[-19,-40],[-34,-26],[-12,-82],[93,-68],[17,-27],[-29,-74],[41,-26],[21,-58],[11,-68],[50,-49],[67,-33],[28,-54],[-26,-100],[33,-24],[59,19],[57,-29],[53,-56],[-23,-16],[15,-51],[55,-34],[19,-28],[0,-60],[-39,-6],[-28,-28],[-20,-48],[-56,-53],[-34,-11],[-48,6],[-36,21],[-11,37],[-35,10],[-65,-16],[-4,-48],[-33,-48],[21,-22],[18,-51],[33,-23],[18,-71],[-25,-25],[27,-60],[8,-118],[-11,-35],[32,-32],[23,-90]],[[54579,35377],[-19,-20],[-69,122],[-35,80],[-37,49],[-41,77],[-22,51],[-10,65],[-28,51],[-7,66],[-35,106],[-28,73],[-17,206],[-15,25],[-27,130],[3,33],[21,21],[-11,83],[-26,53],[-19,18],[-2,45],[5,114],[-20,83],[1,40],[-19,47],[0,65],[10,42],[-21,181],[14,115],[-15,82],[-5,68],[-16,57],[-33,82],[2,67],[-27,106],[-11,59],[-4,86],[10,48],[3,59],[-5,38],[2,103],[-17,94],[16,61],[-5,67],[-12,52],[-6,76],[31,28],[4,39],[-7,177],[-34,156],[-20,44],[-7,38],[-43,108],[-51,94],[2,45],[-23,65],[-12,78],[-64,172],[-40,139],[-20,58],[-10,99],[-24,92],[-14,122],[-16,68],[-24,23],[-18,103],[-83,303],[-7,55],[-18,56],[-14,66],[-27,61],[-5,53],[-46,119],[-31,40],[-20,48],[-19,23],[-27,157],[-24,52],[-15,107],[-22,236],[1,46],[13,123]],[[53268,41896],[19,5],[30,37],[42,24],[41,-49],[61,1],[26,-8],[23,29],[50,47],[19,43],[36,30],[42,15],[28,-20],[27,13],[36,-35],[7,-56],[48,-66],[53,-59],[16,-40],[40,-9],[34,21],[236,-1],[143,0],[213,0],[143,0],[214,0],[230,-1],[11,-43],[75,-163],[36,-29],[36,-14],[42,13],[69,-34],[70,10],[27,-28],[7,16],[44,0],[23,-19],[83,24],[29,-23],[35,-52],[48,-5],[19,-22],[28,26],[52,28],[34,4],[46,-47],[236,89],[183,71],[136,54]],[[56494,41673],[27,8],[206,85],[52,3],[51,-31],[26,20],[76,-34],[50,-77],[15,-40],[19,-22]],[[57016,41585],[-29,7],[-27,-27],[-28,16],[-38,-22],[-26,-33],[-41,-85],[-20,-10],[-24,60],[-15,3],[-20,-43],[-31,-2],[-13,-32],[-22,-19],[-114,-200],[-19,-1],[-21,132],[-11,7],[-29,61],[-13,63],[-16,8],[-76,-13],[-258,-100],[-160,-61],[-139,-12],[0,-392],[1,-432],[0,-576],[1,-343],[1,-356],[-4,-21],[-276,0],[0,-309],[0,-384],[1,-396],[0,-496]],[[55550,37577],[0,-556],[0,-517],[0,-387],[0,-355],[0,-298],[-24,-3],[-19,-29],[-72,-31],[-24,-85],[-13,-20],[-52,-33],[11,-58],[-35,-43],[-22,-8],[-35,54],[-58,15],[-74,-21],[-23,-13],[-25,11],[-39,-13],[-34,26],[-37,44],[-46,19],[-39,-4],[-6,43],[-50,-14],[4,64],[-13,20],[-12,59],[20,51],[-15,81],[-28,-6],[-15,17],[-1,53],[-25,49],[-57,-30],[-2,-45],[-34,-70],[11,-48],[-9,-44],[-27,-10],[-21,-38],[-31,-27]],[[55550,37577],[38,-77],[32,-29],[36,-55],[23,-78],[27,-123],[12,-13],[21,-93],[-5,-27],[42,-162],[2,-102],[11,-35],[-25,-83],[-36,-87],[-5,-70],[7,-40],[-6,-39],[8,-76],[16,-41],[44,47],[75,-34],[72,24],[32,-13],[53,-5],[24,40],[-2,47],[20,23],[27,0],[34,27],[24,57],[14,66],[17,36],[24,14],[24,52],[32,11],[10,35],[38,94],[-3,54],[16,37],[-5,41],[16,39],[2,64],[9,55],[45,98],[18,-9],[27,26],[27,10],[28,-15],[26,4],[63,-99],[16,-9],[50,-92],[29,-13],[28,15],[27,-13],[20,-43],[25,-21],[19,10],[58,-47],[37,-3],[30,15],[40,38],[35,-15],[58,11],[56,72],[21,103],[9,75],[39,169],[11,75],[-2,80],[114,69],[35,-3],[18,35],[17,65],[51,83],[38,39],[6,76],[19,153],[-1,27],[19,91],[34,69],[42,35],[20,42],[55,18],[16,83],[25,13],[21,35],[34,31],[14,29],[-2,37],[23,22],[7,51],[32,45],[10,51],[39,50],[34,8],[17,-8],[28,12],[81,63],[15,42],[-2,41],[24,52],[34,3],[15,19],[35,-3]],[[58152,39055],[87,35],[27,-3],[52,-39],[52,-55],[30,-1],[16,-24],[31,0],[27,16],[34,-12],[18,16],[39,12],[75,-30],[16,7],[35,-43]],[[58691,38934],[-3,-11],[72,-427],[-5,-149],[7,-44],[27,-55],[27,-143],[32,-64],[4,-125],[33,-149],[-1,-261],[1,-286],[-6,-62],[7,-98],[-22,-78],[10,-99]],[[58874,36883],[-32,-14],[-113,137],[-33,-8],[-52,-87],[-23,-110],[-19,-63],[-46,-108],[-6,-43],[1,-141],[5,-53],[21,21],[23,-80],[4,-71],[50,-99],[103,-60],[122,-3],[-5,35],[-2,89],[14,151],[23,15],[11,-16]],[[58920,36375],[66,-12],[150,8]],[[59136,36371],[-15,-159],[-45,-229],[-23,-207],[1,-24],[-15,-155],[-33,-110],[1,-27],[-13,-71],[-82,-143],[-25,-3],[5,-35],[-35,-34],[-33,2],[-5,-26],[-54,-112],[-19,-28],[-84,-202],[-47,-177],[2,-39],[-29,-48],[-21,-60],[-16,-66],[-62,-193],[-47,-158],[-106,-256],[-41,-69],[-22,-13],[-42,-80],[-25,-36],[-38,-28],[-4,-29],[-36,-74],[-14,-46],[-18,-15],[-14,-49],[-34,-65],[-29,-69],[-70,-110],[-19,-49],[-94,-122],[-16,-8],[-17,-57],[-54,-88],[-46,-39],[-34,-60],[-20,-13],[-44,-70],[-66,-71],[-12,-26],[-50,-33],[-76,-62],[-36,-38],[-64,-6],[-54,28],[-38,4],[-47,-19],[-30,-30],[-12,-34],[-4,-52],[24,-44],[-30,-16],[-52,9],[-37,30],[-49,12],[-41,-14],[-7,-39],[-24,-46],[4,-31],[-76,5],[-29,12],[-27,29],[-34,7],[-27,23],[-49,8],[-97,35],[-58,-19],[-18,-31],[13,-25],[-118,20],[-13,-4],[-85,50],[-19,-1],[-42,-39],[-38,4],[-42,-36],[-3,-42],[-36,-10],[-17,-21],[-8,-51],[-53,-32],[-52,23],[-46,-39],[-24,-1],[-46,29],[-38,8],[-38,-19],[5,-43],[-49,15],[-39,-9],[-87,-126],[-39,-37],[-4,-34],[-29,-7],[-26,34],[-60,-13],[-68,98],[-26,106],[-52,10],[-8,33],[-78,-13],[14,124],[-12,30],[-21,12],[-51,2],[-32,-41],[10,-58],[-20,-32],[-25,157],[16,60],[28,14],[-12,117],[-31,75],[-3,50],[-15,35],[-30,36],[1,21],[-21,68],[-23,30],[14,58],[-12,26],[-24,-25],[-9,38],[-8,87],[15,60],[17,13],[32,-45],[20,18],[33,59],[17,90],[-5,85],[9,48],[-10,76],[-10,136],[-29,132],[-45,119],[-32,65],[-58,187],[-34,104],[-7,50],[-24,65],[-6,36],[-41,132],[-6,59],[-15,46],[-11,88],[-18,73],[-13,120],[-34,184],[-13,34],[-21,127],[-18,28],[-22,70],[-18,29],[-12,86],[-24,48],[4,30]],[[58050,35183],[-27,65],[-51,62],[-10,53],[-13,14],[-21,-22],[-39,-5],[-24,-46],[-45,-2],[-38,-89],[-29,-2],[-14,-31],[-32,4],[-23,-91],[-59,-130],[-10,-60],[-20,-51],[-28,-37],[-63,-44],[-4,-24],[24,-48],[31,-132],[18,-31],[22,-104],[6,-56],[26,-3],[35,-80],[4,-20],[40,-64],[35,-4],[19,-19],[32,-5],[24,86],[-2,32],[24,33],[-1,69],[19,12],[22,50],[45,25],[32,-9],[61,38],[79,84],[-11,55],[3,43],[13,48],[32,31],[7,84],[24,17],[13,55],[-34,145],[-29,12],[-23,44],[-40,48]],[[60461,24863],[44,-9],[18,-41],[-13,-25],[-61,3],[-12,29],[24,43]],[[32495,62218],[-25,17]],[[32470,62235],[25,34],[0,-51]],[[32495,62218],[-22,2],[-3,15]],[[65627,66421],[24,-37],[-31,-32],[7,69]],[[65576,66842],[29,106],[34,-23],[5,60],[23,36],[14,-31],[-15,-29],[19,-36],[-24,-62],[19,-14],[-14,-48],[0,-51],[-10,-55],[-21,-37],[-3,-66]],[[65632,66592],[-16,-8],[-21,33],[6,61],[5,137],[-6,34],[-24,-7]],[[65661,66218],[7,-47],[24,-113],[33,-118],[53,-111],[11,-45],[27,-63],[59,-93],[48,-40],[51,-26],[38,-28],[42,-5],[32,-37],[36,4],[52,-26],[15,-28],[36,-8],[22,23],[31,-11],[8,-30],[43,-42],[6,-53],[30,-49],[24,-71],[2,-34],[20,-56],[35,-49],[25,-103],[15,-18],[16,-52],[35,-50],[25,-2],[19,-22],[23,0],[19,-56],[-6,-94],[-9,-48],[-29,-67],[-12,-90],[-11,-9],[-29,-89],[-14,-75],[-31,-108],[-48,-43],[-31,-50],[-37,-76],[-31,-88],[-4,-37],[-32,-57],[-9,-79],[-12,-16],[-24,-142],[-14,-27],[-67,15],[1,54],[10,56],[-8,17],[-37,-24],[-7,-55],[-34,-46],[3,-40],[-31,-40],[-9,-34],[7,-52],[-24,-154],[-17,-51],[5,-51],[-4,-68],[20,-80],[-7,-82],[17,-64],[-3,-35],[11,-46],[-36,-41],[-58,5],[-82,-25],[-81,-57],[-36,-47],[-35,-77],[-4,-74],[-12,-93],[-15,-67],[4,-23],[-28,-37],[-32,-85],[-44,11],[-43,-7],[-34,-22],[-71,-6],[-58,-31],[-25,-92],[-26,-43],[-10,-53],[21,-57],[-13,-67],[0,-41],[-18,-48],[-13,-10],[-32,-67],[-61,-35],[-19,3],[-18,37],[-23,10],[-36,-7],[-20,8],[-102,-31],[-12,-44],[-63,-24],[-24,-48],[-24,-20],[-67,-9],[-46,-28],[-23,-25]],[[64747,61417],[-81,360],[-19,19],[-69,319],[-83,389],[-57,269]],[[64438,62773],[221,152],[238,165],[190,131],[184,127],[90,562],[44,272],[49,309],[-3,26],[-122,391]],[[65329,64908],[1,168],[10,73],[26,88],[15,112],[20,48],[9,71],[17,54],[-2,60],[-20,33],[11,23],[41,31],[44,-10],[53,42],[-18,81],[-24,-6],[-25,20],[14,55],[-9,49],[-4,76],[16,49],[-6,35],[-2,87],[12,38],[29,33],[19,-13],[8,-116],[24,-11],[14,51],[20,11],[20,36],[2,33],[17,9]],[[66362,63712],[13,-62],[-30,-47],[-15,-87],[-18,-41],[-24,2],[1,79],[16,43],[14,5],[28,100],[15,8]],[[69940,74863],[-12,-51],[-22,23],[34,28]],[[69710,75007],[-70,-22],[-35,12],[-22,74],[-36,9],[-5,52],[32,27],[16,31],[64,80],[3,24],[-36,19],[16,26],[-69,121],[-23,4],[-8,-61],[-15,-28],[-49,-37],[-27,-32],[-51,-25],[-23,-36],[-23,-8],[-42,78],[-20,17],[-34,-43],[0,-69],[-32,-36],[30,-104],[-6,-85],[-24,-20],[-50,28],[-116,-33],[24,-37],[68,21],[-14,-44],[-26,-44],[25,-54],[-53,-19],[-20,-23],[-3,-93],[-24,-68],[-50,-12],[-64,16],[-95,39],[-24,-5],[-25,-30],[-23,-5],[-19,-39],[-17,-165],[68,-27],[16,-27],[3,-67],[43,-9],[29,17],[38,-5],[24,-86],[-37,-88],[5,-90],[11,-59],[24,-56],[41,-54],[8,-39],[-11,-66],[-20,-64],[-35,-23],[-12,-59],[-28,-73],[-41,-87],[-9,-60],[6,-70],[-11,-66]],[[68827,73250],[-4,19],[-37,19],[-24,-13],[-18,26],[-25,-33],[-43,-16],[-31,52],[-8,34],[-25,25],[-75,-12],[-12,-12],[-48,12]],[[68477,73351],[7,50],[-14,41],[7,60],[0,90],[35,94],[-25,47],[-32,5],[-37,26],[-21,39],[-52,45],[-47,27],[-38,-28],[-37,7],[-111,122],[-63,94],[-60,43],[-36,33],[-58,80],[-24,51],[-44,-15],[-16,9],[-115,132],[-64,122],[-246,281],[-39,69],[-8,61],[5,33],[-24,148],[-45,40],[-41,124],[-17,98],[-4,75],[-25,63],[-62,72],[-52,27],[-52,-80],[-51,38],[-33,-12],[-33,29],[-56,-5],[-34,-18],[-34,13],[-32,43],[-57,46],[-6,71],[23,52],[-29,86],[14,24],[35,-17],[4,25],[-42,64],[-30,17],[-2,86],[15,58],[-19,13],[-26,47],[-49,4],[-59,-14],[-65,46],[-10,64],[-24,35],[-23,-11],[-40,17],[-78,134],[-16,-56],[-18,-22],[-58,25],[-42,-29],[4,-27],[45,-36],[5,-56],[-28,20],[-30,-3],[-33,18],[-25,-36],[8,-35],[-24,-103],[-64,-24],[-66,8],[-49,-53],[-25,-68],[-46,-50],[6,-68],[-3,-58],[14,-51],[2,-53],[15,-41],[22,-13],[-39,-68],[-61,19],[-226,20]],[[65549,75631],[0,264],[0,528],[-1,529],[0,397],[1,398],[260,122],[157,74],[292,128],[14,-6],[150,-147],[154,-152],[216,-213],[162,-160],[18,-84],[17,-39],[62,-101],[167,-288],[11,-7],[125,35],[203,49],[339,-46],[119,96],[28,-9],[60,-118],[27,-44],[68,-69],[78,-242],[85,66],[-14,-317],[-11,-22],[-2,-224],[3,-9],[136,-3],[9,-145],[42,-312],[35,-33],[259,24],[24,-15],[29,25],[23,-82],[31,-17],[-18,-139],[44,-63],[65,-54],[37,9],[9,39],[-16,37],[-5,59],[14,55],[25,20],[15,57],[82,90],[1,92],[48,46],[48,6],[1,43],[24,16],[40,55],[69,18],[74,86],[49,107],[39,34],[22,-39],[21,1],[35,98],[19,-5],[40,34]],[[69707,76164],[36,19],[39,-43],[6,-27],[-34,-21],[-39,-45],[-36,-8],[-6,-54],[-40,-21],[-36,-44],[-27,-65],[-79,-77],[9,-42],[39,-6],[37,-52],[44,36],[19,-12],[16,-42],[-1,-59],[44,-45],[30,-1],[70,-45],[14,26],[27,3],[-3,99],[31,-22],[17,16],[15,62],[-12,36],[25,23],[49,-128],[3,-68],[29,1],[16,-23],[20,23],[17,-16],[5,-73],[81,-17],[39,-76],[59,-4],[15,-31],[33,29],[32,-50],[-63,-50],[-30,-15],[-10,-54],[-23,1],[-22,-40],[-38,30],[-24,-28],[18,-30],[-16,-43],[-37,43],[-38,-19],[-8,-33],[-32,-31],[4,-41],[-37,3],[-21,-47],[-25,-11],[-22,29],[-32,13],[-31,42],[-46,-18],[-41,6],[-26,-20]],[[69771,74894],[12,-64],[-30,-33],[-29,21],[12,30],[-28,67],[7,38],[56,-59]],[[72280,76130],[-81,136],[-62,20],[-61,-3],[-22,24],[-12,47],[-31,30],[-17,37],[-9,56],[-33,-20],[-95,28],[-53,40],[-31,2],[-99,-14],[-34,21],[-78,9],[-19,-10],[-43,18],[-21,-13],[-45,14],[-11,21],[-47,17],[-34,-9],[-40,-36],[-51,3],[-28,-15],[-42,19],[-53,7],[-18,-9],[-39,12],[-24,-8],[-9,-37],[-26,-32],[-130,26],[-87,72],[-42,14],[-43,66],[-83,58],[-61,-19],[-21,20],[-17,-49],[-75,-40],[-20,-26],[-19,-70],[3,-59],[-22,-75],[-4,-42],[26,-97],[-7,-13],[-42,17],[-3,38],[-56,32],[-48,-8],[-28,11],[-32,56],[-69,17],[-51,45],[-53,-6],[-71,49],[-43,-13],[-30,-30],[-50,20],[-21,-33],[-19,9],[-31,-43],[-6,-51],[-35,-15],[-17,-101],[-23,-56],[25,-25]],[[65549,75631],[-28,1],[-67,-34],[-35,-4],[-23,19],[-20,56],[-35,49],[-36,98],[-42,87],[-12,79],[-47,67],[-150,155],[-42,16],[-176,-50],[-120,-76],[-60,-76],[-91,-141]],[[64565,75877],[13,111],[-23,86],[55,146],[22,111],[19,69],[-9,42],[-39,39],[-56,20],[-27,-20],[-29,51],[-31,-5],[-35,-25],[-22,34],[-23,79],[-33,92],[-79,-21],[-28,19],[13,71],[2,76],[-13,67],[-37,43],[-33,96],[-11,68],[-36,69],[-1,87],[-42,43],[-98,27],[-32,46],[-1,102],[20,50],[56,-17],[97,4],[51,-67],[31,-18],[43,40],[29,-19],[38,22],[-35,31],[-26,-10],[-33,84],[-64,61],[3,82],[27,9],[46,55],[0,35],[18,55],[24,43],[55,7],[55,35],[46,-19],[124,22],[45,-5],[95,-51],[56,-8],[30,24],[-21,25],[-112,82],[2,65],[36,80],[12,10],[34,81],[13,49],[19,145],[0,40],[-20,53],[3,77],[26,86],[-23,11],[-6,67],[-46,60],[-84,-4],[-45,29],[-27,-62],[-26,-13],[-7,-36],[-35,3],[-31,45],[-25,-6],[-41,20],[-72,84],[-88,32],[-23,-21],[-69,-23],[-29,-49],[-28,-16],[-12,-34],[-53,8],[-9,-37],[-25,-12],[-12,-32],[-23,4],[-37,-65],[-16,-2],[-44,-53],[-50,21],[-9,-29],[-38,21],[-46,-56],[-21,-79]],[[63674,78514],[-54,44],[-38,45],[-22,-2],[-31,41],[-37,4],[-12,46],[-21,13],[28,59],[34,-3],[24,-43],[42,11],[25,39],[-86,191],[-47,178],[-25,11],[-21,37],[-52,126],[-36,33],[-110,-2],[-59,39],[-13,-13],[-8,-74],[-52,51],[-15,28],[10,33],[-29,56],[35,45],[-20,28],[-7,100],[-167,78],[77,290],[48,52],[26,53],[2,61],[-14,24],[-57,51],[35,281],[16,37],[61,36],[37,56],[5,37],[-17,45],[8,51],[73,102],[18,-7],[103,-149],[28,-59],[13,-66],[27,-57],[50,-31],[17,18],[85,52],[28,50],[-51,181],[-8,141],[43,10],[51,50],[36,57],[63,26],[15,32],[-21,47],[21,79],[99,0],[58,74],[61,21],[33,21],[15,68],[38,22],[2,61],[16,40],[58,-22],[-12,65],[31,15],[18,-32],[68,-6],[18,9],[38,-32],[1,-33],[-37,-16],[18,-42],[20,-3],[67,30],[8,-39],[37,24],[-5,58],[29,46],[62,-8],[16,33],[52,27],[12,-59],[35,-105],[44,-9],[35,24],[47,-28],[54,33],[71,-17],[13,-24],[43,-31],[-4,-57],[22,-40],[73,-20],[22,-38],[26,-13],[18,-74],[35,-42],[49,-24],[-15,-49],[-12,-86],[15,-41],[44,-3],[23,35],[-10,60],[0,103],[-38,24],[6,36],[32,21],[48,-31],[23,-35],[42,-16],[10,-51],[62,-76],[52,-11],[46,-66],[76,67],[41,45],[26,106],[45,-8],[27,47],[-3,33],[24,19],[25,-48],[25,-8],[2,54],[47,-7],[84,24],[9,-44],[20,-11],[23,-64],[38,-11],[12,25],[43,-8],[13,24],[0,78],[9,26],[53,-24],[33,12],[31,-19],[33,49],[25,-50],[34,-1],[21,-22],[-12,-57],[25,-35],[6,-43],[73,-64],[75,-9],[26,-27],[41,9],[23,-90],[28,28],[42,6],[41,90],[0,42],[28,52],[32,-5],[11,-59],[34,-33],[117,-19],[27,6],[154,69],[19,53],[20,164],[23,68],[-34,86],[-32,19],[-93,15],[-24,46],[0,26],[-117,4],[-39,26],[22,82],[-50,16],[-38,32],[-27,-10],[-10,70],[55,0],[41,56],[44,36],[46,-5],[30,44],[27,15],[45,51],[-22,39],[-5,44],[-31,20],[-8,66],[-35,21],[5,41],[37,21],[64,86],[8,33],[29,20],[44,-16],[36,15],[26,-32],[69,13],[28,-23],[48,31],[4,55],[-16,21],[-80,26],[-34,42],[-45,-16],[-37,32],[-40,3],[-18,56],[22,69],[20,6],[26,-39],[48,41],[-14,47],[-40,-3],[-22,-23],[-39,11],[-37,42],[54,106],[-38,34],[36,81],[32,24],[30,-3],[17,-30],[83,-2],[16,-28],[47,-11],[-1,49],[114,6],[-6,-49],[30,-37],[24,53],[-10,33],[34,29],[39,10],[76,-5],[11,50],[57,-6],[105,50],[41,-28],[42,16],[-7,43],[47,8],[40,21],[38,-1],[41,19],[39,-30],[53,40],[49,-54],[35,20],[-9,61],[9,45],[60,15],[13,46],[66,-21],[32,44],[34,12],[7,-48],[131,58],[70,4],[23,23],[54,3],[66,19],[19,33],[94,0],[38,25],[16,32],[97,2],[40,67],[-33,30],[20,40],[60,-7],[35,8],[33,90],[28,-5],[28,-39],[15,41],[-10,50],[50,-21],[18,-41],[41,34],[40,-21],[54,-9],[36,-24],[30,-46],[41,-14],[38,-31],[49,39],[25,50],[34,-9],[23,21],[43,-8],[-8,-36],[51,-89],[-8,-109],[16,-66],[49,-27],[23,-51],[-32,-27],[-1,-67],[15,-44],[-3,-47],[-58,4],[21,-44],[-3,-36],[38,-48],[39,57],[34,-9],[9,-44],[64,13],[15,67],[85,-15],[23,84],[51,-83],[-10,-26],[51,-25],[-35,-31],[18,-38],[-13,-46],[23,-17],[56,79],[-41,0],[5,33],[27,20],[92,-10],[6,-40],[24,-40],[82,-23],[44,10],[3,31],[59,28],[-12,-91],[-18,-25],[-41,10],[-43,-57],[-7,-52],[-21,-13],[0,-52],[45,-30],[9,-51],[60,76],[64,39],[48,-1],[5,-33],[42,14],[16,-47],[38,-22],[14,53],[-1,67],[45,-3],[13,43],[30,44],[71,-13],[113,102],[-20,42],[38,25],[40,-2],[150,88],[14,55],[56,-17],[57,28],[3,32],[56,23],[-24,-56],[20,-39],[-48,-94],[-52,18],[-29,-10],[42,-107],[302,-299],[71,-98],[30,-60],[139,-305],[158,-372],[118,-288],[145,-406],[16,37],[37,14],[71,47],[8,39],[-15,46],[18,60],[34,0],[23,53],[45,-25],[26,-30],[58,-40],[-25,-109],[28,-5],[68,12],[18,-72],[-2,-60],[60,3],[24,28],[63,-14],[23,-25],[35,-4],[16,21],[42,2],[19,-20],[62,56],[18,55],[59,-15],[23,21],[14,43],[90,0],[18,-27],[31,-8],[29,-28],[30,-9],[36,-50],[7,-54],[35,-33],[27,-78],[-6,-32],[17,-54],[3,-49],[33,-27],[76,-16],[36,-27],[19,-33],[38,-3],[-6,-97],[21,-13],[19,-59],[24,-44],[3,-46],[18,-25],[34,19],[36,-17],[23,19],[21,-34],[43,-11],[29,-28],[50,16],[18,-33],[27,70],[33,24],[48,67],[13,31],[38,-7],[8,-51],[-30,-18],[-21,-44],[64,-45],[1,-44],[22,-47],[47,-66],[39,-4],[20,-26],[10,-57]],[[67606,78075],[48,10],[55,44],[31,51],[25,84],[0,96],[-25,85],[-31,51],[-55,43],[-31,10],[-65,-10],[-55,-43],[-31,-51],[-25,-85],[0,-96],[25,-84],[31,-51],[55,-44],[48,-10]],[[64636,78014],[-18,-29],[-21,39],[29,25],[10,-35]],[[70803,73275],[-29,57],[-36,36],[-36,-10],[-21,10],[-64,6],[-17,-42],[-31,-11],[-70,-48],[-50,3],[3,36],[32,33],[2,43],[-22,2],[-52,29],[-30,-17],[-28,4],[-30,-29],[-28,-54],[-20,-3],[-46,-40],[-19,-30],[-29,-92],[-70,-12],[-41,-23],[-37,-55],[-80,-100],[-25,-11],[-38,15],[-16,37],[-7,50],[-18,53],[-9,68],[6,86],[10,29],[3,173],[12,82],[-1,40],[14,21],[3,48],[-27,28],[-45,-31],[-23,33],[30,148],[-9,42],[-32,26],[-68,85],[-59,-17],[-46,-61],[-31,-115],[-88,-143],[21,-36],[11,-70],[-34,-95],[-40,3],[-33,42],[-26,-22],[-76,3],[-42,-86],[0,-32],[19,-83],[-34,-67],[-22,-10],[-34,38],[-33,79],[-30,17],[-24,-14],[4,-29],[-43,10],[-12,-42],[-26,-21],[-36,-10],[-26,-22],[-9,-60],[-25,5],[-37,-48],[-12,-2],[-37,77],[-25,18],[-2,53]],[[69710,75007],[1,-28],[-32,-11],[-58,-50],[-3,-52],[-32,-28],[4,51],[-61,29],[-18,28],[-26,2],[-50,43],[-109,-62],[-19,-4],[-12,-41],[10,-59],[-26,-15],[-26,52],[-20,-91],[-4,-45],[18,-53],[-2,-69],[59,-4],[48,26],[45,-24],[41,-1],[11,20],[52,-26],[71,44],[45,-21],[32,-102],[46,20],[29,-8],[15,51],[48,11],[35,42],[27,14],[18,-25],[-9,-43],[31,-30],[38,4],[-2,-94],[31,0],[57,48],[13,-54],[30,-20],[31,51],[68,17],[25,20],[51,-21],[93,-1],[44,21],[11,30],[40,14],[34,-11]],[[69582,74801],[55,-38],[-32,-28],[-23,66]],[[56523,82897],[3,48],[-18,85],[-127,118],[-32,14],[-25,-25]],[[56324,83137],[-24,56],[0,67],[12,89],[30,32],[-7,66],[-48,37],[-15,57],[-92,8],[-42,-24],[-97,57],[-40,37],[-28,1],[-28,45],[-38,-14]],[[55907,83651],[-12,157],[-23,96],[-19,33],[-8,74],[3,115]],[[55848,84126],[38,7],[11,45],[101,83],[25,2],[114,61],[33,-15],[83,3],[47,-26],[57,33],[36,-48],[75,28],[54,-25],[36,14],[69,-11],[69,-43],[50,20],[44,-20],[54,57],[70,46],[25,-86],[35,-62],[96,-19],[54,-3],[17,-36],[45,-52],[85,-82],[28,-61],[56,-37],[32,-7]],[[30565,49393],[5,20],[49,557],[24,278],[33,372],[31,354],[5,40],[4,105],[6,32],[-13,53],[-1,55],[-25,43],[-9,62],[-16,46],[13,51],[-14,80],[-31,31],[-31,64],[-24,21],[-31,71],[-5,33],[5,410],[28,-1],[41,12],[31,36],[21,-11],[32,46],[18,-8],[21,-43],[38,-15],[25,20],[-19,169],[-23,55],[-23,14],[-13,-20],[-17,18],[-39,7],[-27,-8],[-13,19],[-25,-18],[1,351],[29,38],[27,2],[19,18],[31,-7],[32,-22],[155,1],[175,0],[-21,28],[-6,51],[17,86],[28,-48],[12,-62],[16,-39],[39,7],[19,30],[34,92],[21,47],[42,49],[28,-29],[21,-90],[30,-84],[11,-45],[12,-97],[-7,-166],[9,-46],[53,29]],[[31423,52537],[130,-242],[17,-25],[33,2],[20,-17],[21,25],[30,17],[28,59],[35,38],[45,2],[19,-66],[-20,-72],[7,-48],[31,20],[17,84],[17,43],[35,8],[6,18],[12,99],[32,7],[18,39],[33,37],[30,-14],[35,48],[15,51],[39,51],[13,-6],[-9,-61],[12,-15],[14,47],[48,75],[13,40],[8,142],[16,37],[65,16],[40,67],[57,27],[11,68],[3,77],[-6,12],[-89,9],[-35,-5],[-60,25],[-3,22],[13,54],[3,59],[-8,53],[-22,86],[-32,102],[2,73],[-8,97],[13,55],[-1,46],[-34,74],[-31,32],[-27,43],[-36,83],[-18,82],[-21,28],[-3,37],[19,20],[23,-35],[20,-62],[63,19],[34,-6],[32,-31],[17,-102],[19,-17],[34,39],[35,-11],[35,3],[31,-46],[11,7],[13,58],[38,-27],[26,-66],[17,-26],[37,-94],[30,-22],[26,21],[13,37],[0,71],[-11,66],[7,70],[26,13],[31,-3],[6,51],[21,28],[22,-1],[53,-45],[23,6],[21,31],[28,-7],[28,17],[32,45],[21,-7],[28,12],[7,64],[16,26],[35,2],[11,14],[-1,44],[40,-18],[39,15],[18,32],[12,72],[39,32],[23,36],[19,48],[4,55],[-19,100],[-21,19]],[[35643,54159],[14,16],[10,85],[14,23],[-4,59],[13,48],[35,-47],[46,-112],[12,-80],[0,-127],[18,58],[10,-14],[-3,-90],[3,-134],[-4,-67],[16,-85],[-1,-45],[26,-189],[12,-16],[23,-139],[22,-101],[8,-81],[26,-76],[7,-44],[35,-123],[20,-10],[18,12],[41,0],[50,-39],[26,-50],[10,-175],[-13,-82],[8,-30],[-24,-54],[-18,9],[-5,-40],[-31,-59],[-21,-21],[-18,-36],[-9,-46],[-34,-52],[-9,-52],[-30,-105],[-51,-118],[-38,-8],[-14,-20],[-25,-81],[-37,-17],[-34,-95],[-18,-92],[-16,-56],[-21,-38],[-49,-121],[-7,-75],[0,-93],[-31,-55],[-26,-25],[2,-85],[-21,-41],[-19,-5],[-36,35],[-57,-44],[-21,-36],[-23,-20],[-10,-32],[48,5],[40,27],[22,-96],[21,38],[33,7],[25,21],[68,97],[21,9],[43,43],[11,35],[36,18],[30,67],[36,38],[11,29],[-5,30],[19,15],[29,-2],[4,-68],[-22,-52],[23,-64],[0,-118],[15,-60],[21,-41],[10,-72],[25,-88],[27,-22],[11,-77],[15,51],[26,46],[20,-2],[27,28],[37,13],[46,-43],[38,-5],[53,84],[16,-20],[-8,-22],[0,-11],[2,-8],[19,-16],[-3,-62],[-10,-27],[-5,-76],[-16,-43],[-14,-89],[2,-60],[-17,-51],[22,-13],[25,91],[3,59],[26,94],[9,65],[19,83],[24,52],[6,51],[32,50],[12,47],[43,-12],[47,136],[30,-113],[25,6],[19,35],[-9,31],[-27,4],[6,97],[40,-20],[10,73],[9,31],[-7,46],[27,14],[11,41],[5,67],[-3,35],[32,70],[4,-36],[21,-10],[35,35],[-1,42],[28,-21],[2,-40],[18,-6],[15,27],[4,57],[47,-48],[33,39],[27,-34],[12,-35],[20,-22],[36,-11],[15,-50],[11,53],[25,-59],[43,31],[15,-66],[22,5],[0,-59],[21,-10],[51,16],[0,-75],[11,-7],[25,45],[8,-41],[30,-42],[18,28],[23,-60],[10,7],[21,59],[11,-99],[17,35],[22,-23],[6,-97],[26,24],[13,51],[16,-38],[-20,-33],[8,-63],[-7,-59],[23,-27],[15,28],[-5,60],[23,56],[20,10],[57,-23],[-9,-44],[19,-20],[21,-51],[14,-11],[5,-52],[34,-2],[17,-17],[9,-86],[-3,-34],[-15,-18],[-28,-83],[29,8],[15,40],[28,-29],[10,-65],[-9,-53],[-22,0],[-37,-154],[-11,-57],[-1,-49],[-12,-81],[20,-33],[-24,-48],[8,-34],[18,47],[50,93],[8,46],[0,53],[9,64],[1,68],[18,10],[7,33],[16,3],[41,41],[11,-9],[0,-57],[-14,-27],[-15,-63],[-32,-30],[-1,-25],[54,-7],[1,34],[12,48],[27,49],[11,-12],[39,31],[32,7],[41,-19],[6,47],[-9,35],[9,31],[40,-3],[31,-19],[78,-65],[27,-31],[31,-8],[22,-47],[25,-24],[24,-39],[53,-4],[11,-31],[61,0],[19,14],[-17,38],[49,-7],[35,-57],[5,-27],[44,-16],[14,11],[34,-18],[24,26],[33,-6],[155,33],[23,24],[27,-11],[35,-1],[80,-24],[35,-39],[41,-63],[9,3],[54,-72],[36,-22],[77,-111],[26,-11],[20,-63],[30,-24],[41,-75],[37,-24],[19,0],[22,-87],[35,-53],[40,-113],[22,-46],[49,-80],[23,-11],[16,-69],[29,-53],[26,-9],[53,-42],[14,-27],[25,-97],[13,-11],[66,-4],[30,-65],[56,-30],[46,12],[81,-8],[37,28],[22,-7],[114,-49],[25,-39],[20,-83],[24,-73],[18,-119],[13,-133],[12,-43],[4,-110],[15,-29],[4,-61],[9,-20],[9,-92],[-3,-46],[9,-51],[-2,-35],[11,-70],[12,-16],[0,-90],[18,-50],[-5,-187],[-6,-46],[8,-34],[-26,-55],[2,-50],[13,-11],[10,-48],[-11,-93],[-23,-100],[-2,-63],[-24,-129],[-28,-133],[-6,-61],[-23,-78],[-20,-84],[-25,-65],[-25,-35],[-27,-96],[-21,-25],[-11,-55],[-14,18],[-30,-52],[-8,-71],[-18,-34],[-24,-87],[-60,-106],[-12,-59],[-32,-87],[-47,-28],[-53,-70],[-37,-58],[-38,-101],[-3,-29],[-34,-118],[-14,-15],[-18,-50],[-8,-52],[-33,-93],[-61,-277],[-37,-124],[-73,-217],[-6,-7],[-69,-162],[-53,-50],[-7,10],[17,88],[-9,74],[-33,12],[-6,37],[-21,9],[-4,-66],[-25,-75],[26,-9],[-5,-43],[-13,-38],[-25,-26],[13,-53],[-32,-60],[-4,-35],[-25,-43],[1,-54],[13,-2],[12,-101],[-12,-92],[-15,-20],[1,-39],[37,22],[1,-62],[-18,-120],[1,-57],[-22,-209],[12,-81],[4,-89],[2,-151],[21,-278],[17,-74],[-23,-137],[-3,-59],[-11,-40],[-3,-61],[-13,-44],[-10,-128],[-12,-82],[3,-56],[-13,-103],[-11,-49],[-2,-77],[9,-90],[0,-86],[13,-45],[-34,-82],[-4,-26],[-30,-21],[-32,-59],[-35,-108],[-10,-46],[-18,-142],[-6,-94],[1,-126],[12,-195],[-3,-101],[-21,-108],[-14,-31],[-32,-28],[-21,-34],[-33,-149],[-13,-96],[-25,-72],[-18,-107],[-20,-66],[-18,-19],[-28,-89],[-41,-24],[-19,-50],[-4,-61],[-42,-136],[1,-53],[-30,-91],[15,-49],[-2,-64],[16,-131],[-8,-39],[-69,-75],[-62,-33],[-55,-46],[-29,-42],[-40,-88],[-15,-16],[-8,-42],[1,-53],[20,-48],[-19,-24],[-19,-74],[-89,10],[-68,-2],[-20,-15],[-94,-5],[-25,26],[6,54],[19,35],[1,59],[-13,4],[-54,-47],[8,-56],[22,-29],[-2,-43],[-14,-15],[-63,-13],[-26,-18],[-24,15],[-30,48],[-36,25],[-41,-28],[-12,3],[-17,-47],[-21,-16],[-31,31],[-9,44],[-24,-17],[-4,-28],[-46,-34],[-20,-2],[-11,-73],[11,-25],[46,-25],[-21,-46],[-25,9],[-47,-27],[-21,21],[-45,-86],[-47,-54],[-14,10],[-37,-52],[10,-33],[-2,-57],[-29,-10],[-58,39],[-40,8],[-60,-41],[-23,-53],[-1,-36],[-19,-2],[-36,53],[-18,-33],[6,-34],[-52,-46],[-73,-80],[-31,-41],[-23,-74],[-36,-61],[-73,-84],[-27,-14],[-26,-30],[-53,-79],[-19,-39],[2,-55],[-18,-83],[-15,-8],[-24,-64],[-43,-49],[-14,40],[-31,33],[-12,-48],[10,-25],[-13,-35],[-48,16],[5,-50],[26,9],[45,-32],[-20,-30],[-23,-85],[-27,-156],[8,-67],[-23,-45],[-25,-8],[-11,-32],[43,-46],[8,-41],[-14,-58],[-5,-93],[15,-30],[2,-122],[13,-20],[-9,-50],[5,-27],[-7,-86],[16,-24],[-7,-43],[-19,-36],[20,-66],[-20,-31],[6,-69],[17,-54],[-11,-41],[1,-55],[-15,-107],[-35,-158],[-3,68],[-22,13],[5,-74],[25,-39],[-14,-39],[-35,-20],[-32,-42],[-80,-118],[-58,-117],[-72,-182],[-34,-110],[-18,-75],[-13,-29],[-75,-373],[-113,-335],[-29,-57],[-16,-44],[-42,-92],[-32,-59],[-115,-171],[-83,-88],[-47,-103],[-7,70],[13,22],[-21,53],[11,29],[35,-35],[24,8],[14,36],[33,13],[43,88],[21,69],[28,-13],[25,32],[18,60],[7,85],[-6,36],[6,47],[16,-7],[30,20],[14,86],[58,60],[14,87],[-3,166],[23,-76],[20,95],[-3,39],[-16,33],[-21,-19],[2,-35],[-35,-20],[-28,7],[-10,-69],[-27,32],[5,56],[-30,13],[-31,44],[-1,80],[-13,5],[-8,-71],[13,-52],[-7,-15],[25,-74],[-14,-36],[-11,-94],[-25,-19],[5,-127],[-26,-6],[-8,-71],[12,-39],[-50,-32],[-8,-71],[-36,-4],[-21,-26],[-18,2],[-22,-70],[0,-70],[-25,-32],[-1,-49],[-30,-21],[-12,-65],[21,-55],[-19,-17],[-6,-51],[33,-37],[4,-34],[-35,-60],[-34,-125],[-27,-174],[-41,-173],[-55,-127],[-76,-118],[-49,-86],[-31,-37]],[[35172,32401],[-44,52],[7,147],[-7,129],[7,41],[52,73],[7,48],[48,78],[5,18],[-21,44],[-64,47],[-40,66],[-25,64],[-6,65],[-28,103],[-16,6],[-29,54],[-37,36],[-19,-16],[-39,49],[-52,87],[-6,51],[-30,65],[-63,20],[-42,55],[-16,41],[-16,-33],[-48,56],[-22,60],[-4,40],[-25,52],[-42,67],[-17,-17],[1,-35],[-22,-3],[-9,-37],[-28,-39],[-41,-3],[0,163],[-18,27],[-44,107],[-38,46],[-19,45],[-23,29],[-42,84],[-44,63],[-34,3],[-41,-14],[-17,-68],[-14,-27],[-39,8],[-51,-1],[-18,48]],[[33999,34445],[-3,5]],[[34833,37104],[-3,81],[30,89],[20,85],[-9,54],[16,125],[23,111],[-3,58],[20,114],[-20,104],[25,56],[-34,38],[-16,41],[-53,59],[-59,-43],[-32,-48],[-45,-11],[-27,-18],[-55,25],[-9,28],[-4,111],[-23,76],[-4,79],[8,50],[-11,28],[5,59],[-18,64],[-10,67],[-6,105],[11,53],[-3,57],[-31,52],[-3,70],[-30,73],[-9,-10],[-85,16],[-33,41],[-29,77],[-25,-10],[-20,-57],[-20,-27],[-42,-6],[-10,-24],[-47,32],[-19,-3],[-37,29],[-16,-15],[-32,1],[-24,19],[-39,1],[-11,42],[-23,1],[-30,-23],[-27,14],[-13,48],[17,75],[-8,31],[4,55],[13,39],[-13,37],[3,98],[21,71],[-14,25],[16,41],[5,51],[-6,52],[7,22],[-23,68],[13,87],[-36,63],[-5,54],[5,54],[-26,33],[-9,93],[-12,28]],[[39182,44118],[13,-34],[-10,-66],[11,-40],[-16,-11],[-10,48],[2,48],[-13,11],[3,49],[20,-5]],[[39273,44389],[-3,-44],[-44,-68],[0,40],[47,72]],[[37639,50216],[0,-82],[-11,-12],[-13,62],[10,68],[14,-36]],[[37881,50536],[-2,-86],[-30,-6],[2,44],[14,41],[16,7]],[[36309,50820],[-2,-27],[-21,-52],[-16,10],[-4,6],[-3,10],[1,8],[7,13],[2,17],[22,41],[14,-26]],[[37530,51100],[1,-31],[-26,-40],[-13,31],[15,47],[23,-7]],[[36572,51218],[12,-35],[-11,-44],[-12,-7],[-23,30],[11,49],[23,7]],[[36612,51361],[11,-27],[-14,-88],[-28,-1],[-3,27],[21,76],[13,13]],[[35883,51475],[-6,-55],[-26,-9],[-46,-54],[0,55],[40,71],[32,28],[6,-36]],[[36761,51499],[3,-71],[-15,-4],[-4,42],[16,33]],[[35781,51479],[9,-39],[-21,-91],[-11,-102],[-17,4],[-29,-102],[-34,-59],[-31,-37],[-32,-55],[-30,-20],[-17,35],[14,48],[9,56],[43,65],[13,42],[-6,22],[4,99],[15,33],[11,52],[22,53],[22,31],[32,20],[20,-11],[14,-44]],[[35787,51752],[9,-12],[-4,-59],[-15,-46],[-48,-68],[31,139],[27,46]],[[36538,51501],[-10,-97],[-11,-31],[0,-56],[-21,-22],[-8,-86],[-56,-75],[14,-38],[-13,-94],[-22,-36],[-41,-16],[-32,75],[-11,-126],[-42,-15],[-27,14],[-24,-13],[-1,-45],[-18,-1],[-12,-27],[-19,0],[-24,-26],[-64,65],[-28,-43],[-37,28],[-3,-42],[-30,-16],[-43,18],[-8,66],[-42,89],[-18,61],[-1,63],[9,82],[-6,151],[8,60],[-3,84],[12,63],[11,110],[12,56],[20,41],[25,19],[22,-3],[12,34],[76,-16],[84,-38],[39,-24],[63,6],[11,26],[48,25],[13,-7],[67,-3],[10,-33],[20,5],[32,-17],[28,6],[49,-19],[16,-22],[-1,-44],[-23,-64],[-2,-52]],[[35840,51665],[-18,32],[2,39],[24,90],[50,33],[28,-35],[10,-41],[-18,-47],[-24,-24],[-40,-70],[-14,23]],[[36157,51773],[26,59],[31,34],[56,8],[22,-47],[-3,-28],[-22,-36],[-69,-8],[-8,-7],[-33,25]],[[35935,51874],[-4,45],[10,19],[34,-14],[12,-19],[-1,-81],[-31,6],[-20,44]],[[36101,52005],[32,-4],[75,54],[25,0],[9,-49],[-46,-55],[-20,-42],[-18,-70],[-49,-37],[-18,40],[-38,13],[-25,-15],[-13,20],[-11,47],[5,49],[31,9],[41,-4],[20,44]],[[36006,51974],[-14,-44],[-25,23],[13,38],[9,71],[9,19],[-7,67],[23,14],[-2,-92],[9,-72],[-15,-24]],[[36024,52071],[3,67],[17,36],[29,3],[20,28],[7,-23],[-1,-55],[-34,-56],[-32,-33],[-9,33]],[[36055,52264],[-21,-2],[0,37],[40,60],[32,-12],[-24,-79],[-27,-4]],[[36093,52364],[-10,21],[19,32],[19,-24],[-28,-29]],[[35985,53048],[15,3],[24,-97],[-18,-40],[-23,2],[-18,69],[6,55],[14,8]],[[36546,36050],[15,-31],[-10,-79],[-23,-62],[-18,-21],[15,101],[-7,46],[5,32],[23,14]],[[36515,36662],[-19,-41],[-24,55],[19,45],[32,32],[7,-30],[-15,-61]],[[36800,37607],[-9,-24],[-65,-104],[-13,6],[61,91],[26,31]],[[37440,38064],[-48,-18],[-17,35],[26,45],[8,43],[27,-27],[4,-78]],[[37749,38501],[-36,-26],[-15,41],[12,30],[39,-45]],[[33988,34444],[11,1]],[[35172,32401],[-26,-54],[-18,-132],[-48,-78],[-19,-79],[4,-31],[-58,-56],[-42,-71],[-6,-33],[-25,-10],[-12,59],[-18,-28],[11,-44],[-66,-60],[-17,-9],[-93,-82],[-40,49],[-49,-8],[-33,56],[-37,1],[-25,16],[-53,-1],[-27,-17],[-50,-56],[-23,-12],[-44,9],[-31,44],[-7,41],[-35,-1],[-20,21],[-42,14],[-30,36],[-60,100],[-23,12],[-93,-7],[-24,14],[-55,-26],[-21,57],[-50,106],[-33,19],[-33,99],[-20,26],[-13,90],[0,148],[14,33],[-8,57],[18,51],[-5,75],[15,26],[38,-1],[27,46],[8,68],[-20,53],[-10,141],[-12,74]],[[74393,80148],[39,2],[52,59],[-8,49],[23,56],[50,13],[44,-6],[27,15],[17,-26],[49,-6],[80,38],[26,73],[33,-27],[19,35],[67,38],[-16,45],[0,66],[27,22],[69,16],[22,67],[48,17],[70,58],[58,1],[10,37],[34,23],[47,60],[33,1],[36,23],[44,-3],[16,43],[28,15],[21,45],[27,25],[42,14],[72,-11],[23,18],[17,71],[27,4],[12,-37],[57,-64],[19,10],[12,45],[56,5],[14,-90],[26,-14],[88,6],[32,-14],[194,-11],[25,-93],[5,-89],[13,-37],[28,-19],[37,-79],[82,18],[43,-58],[78,1],[35,-32],[28,26],[39,13],[40,32],[15,-40],[33,30],[54,-28],[38,-36],[29,20],[26,-34],[37,30],[74,-16],[51,-78],[41,-15],[67,56],[7,55],[46,24],[32,-17],[72,77],[43,127],[9,135],[-44,30],[-31,41],[-22,77],[13,35],[-43,60],[-8,35],[34,123],[-4,50],[38,95],[47,5],[2,62],[29,78],[79,36],[26,37],[38,112],[2,39],[30,3],[9,-31],[66,-37],[25,-35],[65,-24],[34,-2],[66,-80],[25,-10],[140,-3],[155,-100],[48,-22],[40,-37],[27,13],[72,-16],[86,-36],[37,-34],[-14,-48],[3,-82],[23,-69],[-3,-103],[31,-47],[-15,-39],[15,-60],[40,-12],[31,-63],[49,-24],[59,-45],[63,1],[15,-48],[42,-10],[54,-37],[51,31],[53,-22],[41,0],[79,88],[57,7],[90,46],[54,3],[55,45],[86,-31],[39,4],[57,-17],[20,-38],[53,-25],[54,21],[60,0],[37,-21],[51,-54],[21,-65],[49,-50],[39,-12],[101,-3],[60,-22],[-4,-47],[7,-61],[-8,-44],[25,-8],[4,-38],[61,-39],[23,-49],[57,-63],[109,12],[28,-12],[71,7],[48,-22],[15,-26],[59,6],[25,-22],[101,-38],[36,19],[17,27],[64,-56],[36,-4],[65,40],[48,49],[56,42],[45,-11],[44,29],[103,9],[111,67],[43,-1],[41,-20],[59,48],[27,8],[10,46],[37,88],[102,114],[48,34],[27,1],[34,46],[87,67],[52,-25],[52,10],[26,-8],[68,-53],[59,-100],[44,-44],[106,-6],[84,66],[46,8],[99,-53],[30,-56]],[[63674,78514],[-42,-24],[10,-38],[-63,-57],[-8,-28],[-40,32],[-14,-22],[18,-41],[4,-56],[-32,-6],[-15,34],[-30,-18],[-20,-41],[-29,-18],[-5,-33],[-58,-19],[-46,-31],[-75,9],[-5,-40],[-46,-137],[-18,-69],[-2,-55],[-21,1],[-26,-125],[-16,-24],[-20,-83],[-28,-1],[-50,-44],[-19,-30],[-12,-73],[6,-47],[20,-30],[22,2],[53,-30],[10,-47],[24,-35],[22,5],[12,-68],[19,-42],[41,-138],[-13,-15],[-22,-113],[24,-4],[5,58],[20,130],[41,-2],[-28,-63],[-31,-174],[-1,-88],[22,-25],[-23,-37],[-6,-105],[19,-34],[47,-54],[5,-99],[10,-34],[32,-30],[43,-111],[20,-24],[35,-101],[23,-42],[6,-37],[25,-71],[46,-40]],[[63494,75932],[-35,-75],[-23,-78],[-47,-50],[-41,-18],[-15,-57],[-16,-9],[-20,-80],[-35,-9],[-34,21],[-69,18],[-30,25],[-10,71],[-34,82],[-23,-7],[-33,86],[-38,40],[-7,37],[-54,-24],[-7,48],[-26,5]],[[62897,75958],[-38,28],[-20,31],[-26,-5],[-20,21],[-30,1],[-19,46],[-19,8],[-53,62],[32,129],[-11,35],[-60,20],[-35,-13],[-47,89],[-38,6],[-53,43],[-27,-81],[-23,60],[-33,17],[-55,-29],[-25,0],[-21,-43],[-39,-7],[-32,-37],[-53,27],[-7,32],[21,53],[-38,19],[-40,47],[-90,38],[-57,72],[3,27],[-47,40],[-22,5],[-43,-21],[-48,51],[-66,-2],[-31,-23],[-146,23],[-34,33],[-13,30],[-28,-1],[-28,24],[-46,0],[-38,47],[-62,47],[-48,-17],[-69,39],[-48,-24],[-20,-84]],[[61107,76821],[-15,10],[-24,60],[-36,33],[-72,117],[-36,72],[-59,74],[-38,71],[-29,15],[-28,50],[-50,41],[-79,20],[-37,23],[-19,52],[-52,67],[-13,44],[-29,-33],[-38,21],[-43,5],[-35,58],[-18,87],[-27,36],[-97,68],[-39,-3],[-30,35],[66,38],[-11,35],[-2,55],[14,32],[83,-59],[-6,-58],[35,9],[-22,41],[76,-2],[20,22],[37,-16],[28,24],[-24,121],[-6,-90],[-12,2],[2,117],[66,68],[30,154],[27,20],[26,-38],[10,75],[23,12],[55,-61],[31,-1],[0,47],[-72,60],[-8,32],[-41,59],[-37,15],[-45,42],[-25,115],[32,-31],[51,4],[19,27],[49,29],[9,-29],[41,-17],[32,4],[-6,37],[-50,7],[8,53],[20,23],[22,-8],[69,26],[43,37],[33,44],[51,-14],[1,145],[-49,15],[-40,-20],[-2,-36],[-86,-31],[-55,-1],[-59,-18]],[[57819,84166],[18,80],[-25,153],[-36,33],[-4,48],[-32,32],[15,36],[-37,38],[-38,4],[28,94],[-14,44],[34,24],[5,75],[-92,81],[5,56],[-49,0]],[[57597,84964],[16,93],[27,15],[9,55],[72,29],[-35,30],[-11,101],[-38,76],[0,57],[17,43],[-41,208],[19,69],[60,58],[41,107],[18,74],[47,9],[31,40],[-47,61]],[[57782,86089],[15,56],[-22,72],[26,55],[38,-62],[42,-14],[15,84],[43,12],[73,-25],[36,24],[11,56],[41,42],[178,-36],[87,-40],[21,6],[5,69],[-73,17],[-27,79],[-41,19],[-49,0],[-30,-18],[-90,5],[-85,94],[-50,28],[14,43],[0,75],[18,73],[-90,-32],[-51,-68],[-50,-12],[-63,15]],[[57724,86706],[94,118],[27,20],[66,81],[37,17],[51,77],[112,86],[94,138],[66,62],[156,230],[82,111],[76,62],[20,38],[67,77],[39,92],[22,79],[36,67],[-18,36],[-71,85],[-7,46],[-69,54],[-43,50],[-93,50],[-68,69],[-73,92],[62,29],[35,59],[50,55],[22,54],[-8,78],[-66,56],[-63,25],[-7,64],[-29,62],[48,21],[9,38],[-30,59],[-78,7],[-23,25],[-31,87],[22,50],[43,9],[3,64],[-70,18],[39,54],[7,105],[26,31],[-38,37],[114,47],[-10,64],[-33,87],[-16,77],[-85,137],[-19,84],[-32,45],[-25,64],[-64,91],[-11,40],[14,48],[116,177],[110,121],[26,102],[-99,79],[-81,135],[-17,14],[-159,52],[-17,19],[-61,179],[75,122],[24,62],[-96,37],[138,74]],[[58042,91587],[31,4],[49,46],[26,94],[157,46],[62,48],[48,103],[60,-48],[95,-5],[20,83],[-24,77]],[[58566,92035],[117,-24],[41,-28],[81,17],[15,63],[94,-22],[-48,64],[37,21],[52,-46],[69,-19],[10,-27],[110,-14],[58,-31],[-3,-37],[-69,-46],[-102,30],[-123,15],[1,-23],[103,-32],[-4,-35],[74,0],[111,-16],[122,-27],[-41,-70],[8,-57],[47,-5],[12,74],[65,6],[158,-16],[67,-35],[167,-20],[18,35],[177,-57],[25,-28],[54,-10],[17,-31],[57,-16],[161,-97],[31,-9],[71,-59],[60,-17],[74,-65],[33,-52],[70,-36],[33,-53],[63,13],[74,-58],[164,-116],[94,-11],[140,-89],[-11,-33],[40,-49],[30,29],[63,-47],[60,-18],[10,-45],[-18,-32],[3,-56],[41,-24],[-10,-99],[63,-47],[6,-91],[-50,-118],[-121,-122],[-7,-32],[-76,-78],[-38,-14],[-62,-53],[-106,-48],[-66,-15],[-34,-26],[-113,-19],[-106,-27],[-174,19],[-106,33],[-76,49],[-107,31],[-134,6],[-36,15],[-140,23],[-109,33],[-137,105],[-23,8],[-66,-41],[-37,2],[-41,72],[-42,15],[-84,-1],[-12,32],[-56,39],[-29,-51],[-106,73],[-71,68],[2,57],[-60,34],[-70,15],[-50,-14],[31,-43],[67,-41],[-22,-46],[63,-65],[52,-9],[23,-52],[58,1],[-41,-58],[44,-7],[45,-57],[97,-21],[-24,-78],[98,-33],[53,-38],[93,-40],[63,-74],[-18,-20],[57,-43],[2,-60],[-28,1],[2,-103],[-40,-63],[-74,-55],[31,-25],[-2,-34],[40,-20],[3,-48],[53,-74],[-11,-44],[46,-63],[-40,-58],[49,-83],[-36,-30],[45,-38],[-15,-24],[57,-42],[33,-2],[37,-51],[57,30],[54,1],[46,-82],[23,11],[49,-54],[16,-66],[73,-21],[41,-28],[70,1],[59,-18],[34,-44],[41,-15],[47,13],[2,38],[59,12],[48,31],[24,59],[-11,52],[-37,41],[25,56],[-48,24],[-7,38],[-33,4],[-97,-53],[-60,32],[-80,114],[-25,51],[-51,21],[-33,115],[35,-9],[67,33],[25,110],[30,13],[109,-41],[85,-49],[25,-55],[70,-39],[86,-1],[-51,-78],[94,41],[114,-32],[61,-40],[45,-9],[73,-59],[47,6],[91,39],[33,-37],[96,11],[-31,102],[-10,97],[-30,57],[-44,30],[-111,189],[10,86],[21,32],[126,71],[54,47],[45,69],[45,34],[61,10],[90,31],[87,75],[56,60],[73,120],[23,16],[123,-46],[29,-33],[140,24],[43,-60],[69,-28],[16,-57],[34,0],[58,-60],[22,135],[34,80],[35,39],[6,57],[26,32],[-34,61],[28,21],[9,59],[-25,52],[-56,65],[-46,25],[-63,5],[-15,25],[9,71],[58,134],[36,131],[-12,22],[43,238],[-23,47],[-232,159],[42,32],[141,-67],[71,-9],[75,10],[221,-5],[77,-18],[101,-39],[23,-70],[69,-64],[72,-47],[3,-51],[49,-114],[-17,-22],[-80,7],[-103,-30],[-181,-21],[-10,-80],[-80,-35],[-30,-52],[9,-69],[99,-63],[79,-31],[72,-156],[53,-32],[72,5],[52,22],[26,-36],[96,17],[134,48],[50,-5],[37,47],[7,69],[-15,48],[27,33],[-6,44],[49,61],[-34,67],[51,52],[39,-13],[30,31],[76,-8],[48,15],[62,-4],[-34,50],[11,52],[81,-1],[144,68],[217,138],[100,90],[44,-21],[106,35],[63,47],[138,35],[77,-29],[-11,-40],[-38,-14],[25,-47],[42,12],[92,78],[-37,29],[-28,55],[-58,-3],[144,88],[38,13],[137,74],[185,47],[70,-24],[-206,-26],[96,-21],[-34,-94],[-32,-33],[54,-96],[4,-57],[-85,-31],[-51,21],[-34,-15],[-22,-54],[158,-2],[120,-22],[63,53],[27,-9],[24,-54],[59,-5],[21,122],[48,49],[78,47],[110,18],[46,34],[69,-20],[119,13],[61,-41],[67,-13],[66,9],[76,103],[91,5],[13,58],[251,87],[24,-42],[39,-16],[86,-78],[-5,-38],[-55,3],[-40,-50],[17,-51],[-2,-73],[157,-39],[50,26],[30,48],[-53,117],[38,30],[48,-19],[107,20],[65,53],[66,86],[-2,66],[-25,46],[-72,-5],[3,53],[-21,52],[-105,142],[26,50],[117,4],[8,64],[24,38],[43,11],[105,-25],[29,-19],[209,-26],[131,-3],[216,-40],[115,-46],[85,-24],[116,-57],[86,-90],[59,-16],[97,-52],[111,-20],[9,-45],[73,-16],[60,-42],[97,-39],[87,-11],[38,-22],[-20,-33],[39,-43],[37,-6],[160,-130],[64,-27],[34,-52],[-21,-53],[56,-7],[59,51],[-7,38],[98,146],[51,139],[-30,50],[-59,-29],[-83,32],[-31,56],[-70,89],[-29,65],[23,36],[-37,54],[-41,11],[-54,46],[-87,23],[-59,36],[-69,-32],[-23,60],[28,147],[31,-16],[74,30],[21,49],[-64,66],[50,150],[-15,38],[29,98],[-2,38],[-50,34],[-125,-42],[-22,64],[59,69],[-49,46],[46,47],[32,79],[106,30],[178,102],[85,92],[62,85],[46,114],[35,149],[14,20],[14,118],[33,100],[80,78],[7,51],[45,26],[34,-55],[163,12],[134,-6],[252,15],[31,-17],[228,-57],[85,-70],[-20,-28],[38,-199],[-40,-80],[-35,-40],[-21,-81],[-47,-33],[3,-74],[-43,-70],[-103,-48],[1,-58],[74,-81],[129,-75],[28,-29],[-11,-57],[54,-71],[-14,-111],[-25,-35],[22,-48],[2,-72],[-87,-70],[2,-37],[43,-45],[-36,-69],[55,-118],[-11,-51],[-41,-59],[35,-78],[5,-126],[-44,-53],[-2,-40],[27,-109],[76,-83],[62,-29],[129,-95],[29,-46],[-53,-33],[-10,-40],[-91,-93],[-2,-54],[33,-83],[1,-63],[-37,-29],[-15,-53],[-63,-57],[-50,1],[-16,-52],[-41,-32],[13,-46],[-14,-42],[-95,-11],[43,-49],[5,-31],[-67,-26],[4,-28],[-79,-93],[-63,7],[-1,-67],[26,-45],[-2,-42],[-137,-16],[-29,-55],[-81,-12],[-76,28],[-33,43],[107,45],[-29,25],[-73,-46],[-39,15],[-66,90],[-28,-27],[-66,-15],[-56,23],[-74,1],[-5,-122],[76,-61],[96,-17],[48,-40],[127,-46],[218,18],[79,-6],[69,-18],[43,-52],[44,-2],[99,44],[14,65],[-9,30],[35,85],[125,21],[17,48],[136,48],[46,69],[59,37],[23,129],[-15,38],[55,78],[176,146],[26,147],[-34,138],[-103,118],[38,86],[-15,49],[11,43],[48,46],[157,58],[119,14],[55,26],[155,28],[65,-16],[24,-62],[-10,-55],[143,-96],[39,-37],[-19,-43],[13,-43],[-35,-58],[52,-28],[-36,-67],[-9,-75],[31,-44],[-51,-81],[154,-87],[103,-43],[52,24],[79,-15],[29,27],[-39,35],[-103,-6],[-53,41],[-84,4],[-44,30],[12,81],[-9,39],[18,77],[60,58],[98,11],[-4,64],[-37,22],[0,56],[-67,73],[6,67],[-15,85],[-76,23],[-49,37],[-85,11],[-48,67],[-91,11],[-107,55],[-67,-3],[-81,16],[-116,-75],[-105,-27],[-57,27],[-72,6],[-80,-34],[-58,58],[41,132],[-11,40],[-82,116],[-14,36],[40,65],[30,136],[-9,49],[76,71],[19,46],[67,79],[0,84],[-16,28],[-85,70],[-12,66],[-45,50],[-53,125],[-61,48],[-85,38],[1,21],[124,122],[12,97],[115,53],[109,24],[166,82],[41,65],[9,78],[-13,137],[-18,52],[-69,77],[65,40],[93,-34],[59,-44],[-27,-29],[75,-83],[-36,-46],[41,-126],[-57,-55],[-20,-93],[-44,-18],[-18,-87],[12,-38],[63,-45],[-27,-27],[39,-44],[-36,-52],[-49,-27],[32,-40],[108,-41],[79,-16],[195,-18],[184,-27],[49,9],[63,-18],[60,-103],[77,-13],[49,-27],[167,27],[-24,26],[-59,-30],[-40,16],[-32,88],[-72,-3],[11,86],[-71,11],[-41,35],[-56,-30],[-122,43],[-44,39],[-101,20],[-51,45],[-56,10],[-46,101],[-37,109],[91,43],[164,26],[178,-123],[39,-2],[106,31],[27,69],[-74,68],[-63,-2],[-41,-26],[-52,23],[31,38],[70,23],[38,49],[58,33],[114,29],[145,-18],[103,5],[172,-103],[129,-32],[100,-39],[-52,-29],[168,-100],[25,-55],[110,-37],[127,4],[187,46],[42,-33],[65,-2],[19,-25],[-93,-127],[-46,-41],[-146,-60],[-10,-20],[26,-90],[-42,-46],[57,-130],[-48,-54],[-21,-72],[80,20],[-4,51],[34,38],[-21,25],[58,91],[124,-46],[1,-68],[-40,-111],[5,-83],[-96,-96],[2,-55],[58,-44],[64,-11],[20,40],[-65,107],[71,-7],[77,13],[81,81],[-65,182],[-44,139],[-65,122],[66,79],[-1,48],[44,18],[24,66],[-58,78],[-16,54],[-55,25],[-104,12],[-88,67],[-80,42],[32,23],[0,50],[-28,35],[-70,6],[-100,34],[-105,2],[-104,69],[-36,41],[36,43],[-41,15],[-15,50],[39,42],[19,67],[-25,66],[-68,24],[6,117],[-71,16],[22,42],[72,38],[-29,29],[19,49],[72,-7],[117,19],[76,25],[119,8],[424,-4],[68,23],[177,9],[119,31],[60,-31],[116,1],[49,63],[74,1],[41,25],[213,20],[82,-17],[-19,-54],[-136,-61],[-88,-66],[267,31],[41,41],[32,79],[-52,23],[-68,109],[-73,46],[19,32],[-82,41],[-135,4],[-23,61],[61,-6],[88,57],[120,-70],[61,23],[-21,39],[-71,-12],[-84,83],[-83,32],[-126,8],[55,53],[195,-18],[123,44],[4,51],[80,47],[78,20],[18,35],[-105,3],[-126,25],[35,44],[156,-12],[90,-24],[112,46],[3,31],[80,63],[144,62],[164,-1],[-24,31],[117,9],[-28,33],[179,20],[73,32],[119,-22],[97,14],[28,47],[74,-6],[428,74],[53,27],[-61,27],[-143,-2],[-15,71],[72,-14],[160,-1],[-28,53],[179,-5],[39,-28],[74,23],[144,4],[37,24],[201,-31],[-37,-44],[27,-42],[65,-1],[47,32],[98,-57],[102,44],[179,0],[-12,59],[101,48],[114,31],[73,-19],[93,8],[25,-48],[137,-46],[-21,-100],[50,13],[5,113],[-65,58],[-24,48],[-67,36],[-69,7],[-54,96],[176,-30],[201,14],[21,-18],[151,45],[58,-31],[189,-20],[34,-29],[93,5],[-228,60],[-94,4],[-35,25],[54,30],[36,87],[-103,41],[15,79],[80,6],[0,65],[162,98],[102,77],[115,57],[88,26],[86,65],[110,-16],[120,59],[181,-14],[85,-69],[98,-28],[150,16],[30,-75],[-147,-114],[-160,-42],[-2,-44],[131,-2],[126,14],[-37,-76],[78,11],[61,33],[94,-20],[91,19],[117,-28],[61,-58],[-108,-56],[-130,-143],[-46,-32],[164,1],[64,16],[90,-17],[70,17],[39,51],[-11,66],[205,-12],[180,24],[203,-38],[82,37],[333,-42],[179,-122],[131,-62],[19,-56],[-35,-26],[68,-45],[31,46],[80,25],[56,-68],[17,-126],[50,0],[52,-44],[-14,-46],[-61,-68],[-99,22],[-195,91],[-12,-45],[85,-20],[15,-53],[92,2],[36,-66],[103,-42],[-29,-102],[-165,-126],[-36,-43],[-102,-41],[-102,-25],[-54,-84],[-58,-40],[-77,20],[-141,-86],[-127,-40],[-80,-61],[-59,1],[-31,-102],[-113,-69],[-135,-35],[-103,-83],[-37,-57],[-111,-64],[-88,-26],[-112,11],[-63,-11],[-3,-50],[-70,-50],[-27,-59],[-38,-20],[-116,10],[-47,-29],[-15,-68],[-37,-23],[-12,-65],[-50,-53],[-101,-63],[54,-19],[75,51],[107,31],[144,-45],[-10,37],[-102,41],[-22,73],[52,58],[115,-31],[72,24],[81,-14],[110,6],[103,45],[78,-9],[5,49],[148,19],[82,22],[59,37],[78,0],[198,89],[-1,19],[132,27],[6,46],[-71,12],[-105,-47],[-135,0],[-74,40],[7,34],[79,33],[50,71],[77,3],[78,-16],[119,-46],[42,72],[105,8],[6,-24],[-100,-18],[27,-63],[39,-32],[102,-40],[158,-22],[124,24],[81,83],[79,-118],[-23,-65],[-50,-71],[39,-43],[61,-21],[19,-49],[78,54],[-85,53],[-12,41],[117,14],[54,37],[157,-4],[122,47],[83,21],[211,-20],[120,-1],[127,-34],[106,-15],[280,0],[95,-19],[57,-37],[-81,-28],[-60,24],[-38,-117],[30,-42],[127,-52],[171,-37],[52,-55],[226,-49],[2,16],[-195,32],[-16,35],[125,-18],[118,-5],[110,-27],[93,26],[160,-7],[22,-42],[106,-9],[-18,43],[71,46],[145,-65],[56,37],[10,100],[50,36],[-62,77],[12,25],[-36,87],[88,56],[36,-22],[78,13],[-19,46],[87,10],[33,46],[108,-55],[135,-35],[43,-46],[79,-25],[31,-31],[59,35],[70,13],[50,-24],[-5,-58],[144,26],[-3,47],[79,0],[92,-25],[132,-14],[126,-135],[36,16],[90,-27],[48,-52],[105,-57],[-24,-51],[-120,23],[-177,-41],[-17,-51],[35,-15],[265,-44],[-30,-36],[-149,32],[-74,-22],[-121,-6],[63,-54],[118,-49],[63,-10],[77,9],[35,-38],[68,-35],[-34,-23],[43,-38],[-104,-86],[-59,-15],[-33,36],[-89,39],[10,32],[-106,33],[-80,65],[-25,-25],[39,-54],[78,-37],[73,-78],[-3,-29],[50,-46],[11,-57],[73,-72],[-27,-34],[13,-48],[67,11],[37,-38],[39,-116],[73,-50],[30,-65],[111,-55],[39,-65],[46,-7],[42,-35],[47,60],[29,-72],[-3,-41],[45,-21],[51,7],[89,79],[112,234],[43,129],[44,95],[77,116],[49,36],[27,-66],[-24,-36],[71,-29],[47,-81],[138,-82],[144,-38],[89,4],[81,30],[8,30],[62,33],[80,-4],[28,35],[56,18],[101,6],[219,-64],[32,-35],[129,-51],[22,-57],[93,-61],[18,49],[49,49],[-50,32],[55,52],[3,43],[50,23],[57,-3],[92,28],[81,-42],[41,-89],[47,8],[22,38],[77,-22],[78,39],[-74,85],[-6,114],[-38,36],[38,38],[1,48],[44,55],[43,-17],[32,44],[-162,4],[-48,-40],[-55,0],[-26,37],[11,45],[54,68],[59,43],[84,3],[63,-13],[140,10],[84,23],[37,89],[-96,68],[17,51],[184,-32],[45,-39],[189,-42],[86,9],[153,-16],[110,6],[61,-19],[166,-15],[73,-19],[234,-30],[84,-34],[114,-16],[188,-66],[-2,-14],[-307,19],[-99,-5],[-108,48],[-65,-37],[-45,-67],[-69,22],[-29,-39],[62,-30],[51,0],[42,33],[88,18],[517,28],[-121,-142],[-70,-46],[-75,-75],[6,100],[74,34],[18,30],[-68,17],[-64,-5],[-64,-47],[48,-30],[-12,-68],[-148,-39],[-86,-83],[121,-20],[63,45],[45,-7],[118,52],[58,50],[85,104],[120,126],[26,14],[153,5],[182,-16],[156,-35],[180,-59],[94,-85],[32,-45],[-13,-42],[-86,-44],[-84,71],[-102,-76],[40,-44],[164,-23],[50,13],[37,-51],[-33,-27],[106,-20],[79,8],[10,-28],[-43,-69],[31,-27],[64,43],[176,-23],[36,-21],[50,-67],[84,-75],[9,-30],[-46,-31],[67,-37],[112,-26],[104,0],[175,28],[87,6],[85,41],[472,77],[97,-8],[111,4],[250,-10],[112,-16],[148,-45],[199,-81],[125,-91],[43,-51],[50,-94],[23,-89],[-71,-120],[5,-29],[-50,-66],[31,-48],[94,-51],[68,-25],[37,7],[114,-26],[22,-38],[-24,-66],[29,-103],[3,-69],[-20,-33],[90,-36],[30,-58],[-49,-87],[-2,-57],[38,5],[-6,55],[69,78],[-3,48],[-46,118],[18,38],[-8,54],[46,28],[28,39],[90,31],[51,61],[115,14],[41,-15],[110,38],[87,-19],[82,4],[70,46],[115,-89],[109,-30],[121,17],[113,-1],[111,-42],[154,6],[14,-21],[72,3],[158,111],[46,44],[74,-28],[-4,-39],[88,-56],[-14,-102],[27,-79],[156,-32],[84,-47],[42,-5],[32,-42],[10,-103],[47,-39],[202,29],[151,95],[37,35],[-38,75],[6,69],[-46,50],[-22,86],[-23,34],[-83,-12],[-35,20],[20,44],[100,43],[-20,100],[10,89],[15,14],[196,-25],[188,-46],[221,-18],[20,-34],[141,-65],[31,26],[-63,48],[58,17],[129,-59],[40,24],[283,-24],[114,16],[118,-56],[108,0],[53,-13],[64,-45],[119,-34],[54,0],[79,-27],[71,-41],[87,-32],[43,25],[113,-41],[-33,-56],[26,-20],[89,9],[81,-44],[178,-139],[0,-243],[0,-287],[0,-287],[0,-287],[0,-287],[0,-288],[0,-287],[0,-287],[0,-2],[-61,-27],[-19,-38],[-65,-75],[-63,-6],[-94,-56],[-43,-43],[-55,-28],[2,50],[-82,-5],[-96,22],[-51,-1],[-52,43],[-32,83],[-75,12],[35,-62],[-75,-37],[-50,44],[-61,10],[-116,4],[30,-62],[39,-43],[35,-11],[40,-54],[72,76],[39,5],[59,35],[42,-8],[-10,-66],[-25,-51],[25,-82],[60,-67],[91,-54],[79,82],[33,-63],[23,-100],[-4,-45],[62,-47],[19,-154],[-38,-29],[-70,22],[-31,-28],[31,-35],[38,33],[46,-9],[13,-50],[-35,-38],[90,-49],[59,-50],[56,-24],[23,-46],[-46,-76],[26,-53],[54,-26],[19,-82],[-15,-48],[-33,-4],[-14,-55],[-65,-14],[0,-89],[-17,-30],[-42,44],[-125,41],[-119,60],[-105,20],[-104,4],[7,61],[-22,26],[-59,20],[-30,-43],[28,-60],[-5,-22],[-117,-38],[-56,-52],[-32,-45],[-179,-72],[-70,-49],[-23,6],[-34,-55],[-100,-43],[-35,-49],[-56,-27],[-41,17],[-56,0],[-41,-75],[-53,-13],[-71,33],[-20,-61],[7,-41],[-58,-30],[-1,-32],[-44,-39],[-35,11],[-29,33],[-50,-24],[59,-46],[-10,-42],[-35,4],[-34,-54],[-72,21],[25,-99],[-29,-25],[-36,4],[-65,-95],[-96,-22],[-17,-45],[-54,7],[-10,-62],[-53,-48],[-103,-27],[-5,-36],[-58,-9],[23,-54],[-45,-39],[-28,-177],[-38,-26],[-41,27],[0,30],[-45,23],[-58,129],[-11,67],[-99,77],[-18,50],[-33,-31],[-116,2],[-35,-8],[-39,24],[-108,-15],[-251,-125],[-40,-15],[-58,-62],[-31,-51],[-122,-166],[-49,-10],[18,169],[31,60],[-10,92],[39,55],[-38,3],[-56,-18],[-92,-106],[-57,-29],[-108,-78],[20,-45],[-52,-91],[-57,-33],[-23,96],[-66,89],[-46,-13],[5,-56],[-49,-16],[-41,41],[-51,14],[-50,-5],[13,-85],[-54,-3],[-35,-48],[3,-106],[-39,-25],[-22,-44],[37,-45],[3,-84],[-65,-9],[-19,-63],[-35,-28],[53,-61],[-2,-23],[-70,-46],[-22,-39],[-92,-95],[-66,-143],[-49,-184],[9,-91],[53,-62],[67,-21],[20,87],[51,18],[81,-75],[60,-14],[30,-60],[-24,-22],[0,-43],[-22,-19],[-24,-59],[-68,-44],[-12,-33],[-1,-104],[21,-54],[-20,-75],[-1,-92],[51,-34],[28,22],[59,-31],[-11,-54],[27,-137],[8,-101],[-71,-46],[-17,-55],[-64,29],[-51,95],[32,73],[52,20],[49,68],[-35,19],[-22,-62],[-47,31],[-31,-23],[-36,-2],[-28,-38],[54,-58],[-29,-30],[-96,-51],[-29,-48],[-6,-66],[-67,-186],[-8,-133],[18,-114],[17,-58],[24,-25],[25,-63],[29,-43],[-7,-45],[-50,-72],[-41,-38],[-14,-35],[-78,-3],[-44,-15],[-28,47],[-40,15],[-91,-36],[-89,-90],[-56,-78],[-46,-39],[-42,-111],[-16,-107],[6,-59],[29,-71],[-2,-43],[-29,-12],[22,-48],[-4,-62],[26,-11],[9,-61],[-9,-25],[-107,81],[-43,-16],[-26,-39],[-26,7],[-79,-55],[-82,-107],[-10,59],[-32,44],[-40,-45],[58,-38],[2,-40],[-32,-64],[23,-31],[-15,-35],[-7,-89],[8,-104],[-44,-40],[11,-25],[-39,-86],[0,-38],[-73,-111],[-23,-59],[-51,-74],[-42,-11],[-20,-23],[-25,-79],[-16,2],[-35,-66],[-60,-65],[-91,-137],[12,56],[0,54],[-17,24],[6,44],[-22,36],[-30,18],[-15,131],[6,149],[-5,105],[-13,149],[-18,108],[16,69],[-28,7],[-18,36],[-43,194],[-20,251],[-14,119],[-14,166],[-18,118],[-40,205],[-33,270],[-16,224],[0,46],[20,158],[8,163],[9,68],[20,38],[15,106],[31,170],[35,104],[21,38],[73,46],[40,63],[35,32],[48,79],[48,122],[-20,134],[-36,66],[50,49],[19,-30],[53,-20],[64,19],[32,85],[38,42],[62,-24],[62,22],[46,39],[89,104],[102,84],[46,53],[2,20],[57,78],[27,22],[70,121],[-6,49],[38,75],[83,88],[41,30],[38,63],[14,56],[85,30],[65,85],[68,68],[15,43],[54,71],[34,12],[67,66],[14,52],[-2,71],[74,70],[55,13],[27,34],[35,-6],[35,21],[38,61],[45,5],[40,25],[42,-3],[54,34],[44,-2],[21,37],[-80,48],[37,33],[-1,26],[41,47],[47,28],[27,64],[-22,51],[-53,25],[29,97],[50,21],[14,139],[-4,96],[13,99],[32,37],[49,15],[33,56],[56,6],[69,-33],[51,32],[-68,44],[-45,13],[-46,66],[-62,10],[-19,-17],[-70,-3],[-54,-29],[-65,-9],[-42,-26],[-58,-13],[-10,-121],[-39,-49],[3,-77],[13,-32],[-47,-131],[46,-38],[55,-22],[-4,-28],[-60,-24],[-19,-57],[-38,37],[7,55],[-46,17],[-40,-27],[-57,10],[-25,-49],[-53,-62],[-42,-64],[-108,-67],[-30,-31],[-10,-38],[-75,-83],[-74,-53],[-24,-84],[-54,-22],[-26,13],[-44,-21],[-28,-53],[-34,18],[25,76],[-22,30],[71,91],[5,30],[-67,2],[-70,-56],[-27,24],[41,71],[-26,88],[16,68],[39,30],[2,40],[48,32],[-7,41],[42,80],[-6,67],[-27,34],[-71,-54],[-20,-50],[-108,-61],[-16,12],[2,70],[-41,11],[-5,45],[-41,11],[-81,-5],[-19,-44],[-165,-1],[-50,-53],[-79,28],[-92,0],[-30,-39],[-91,-37],[-29,-57],[-68,-16],[-13,-57],[5,-55],[-29,-69],[-48,-35],[-101,-114],[-26,-52],[1,-61],[-54,-57],[-43,-17],[-25,-53],[-39,-5],[-56,-65],[-52,-26],[-108,-157],[-43,-18],[22,-96],[-74,-15],[-1,-50],[17,-77],[-56,-81],[17,-30],[35,-12],[46,64],[35,-20],[25,18],[38,-42],[50,14],[17,-34],[52,-53],[-15,-28],[11,-69],[-106,11],[-38,-28],[-49,41],[-44,-22],[4,-40],[-46,-5],[-40,-28],[-40,20],[-28,49],[-120,40],[-9,-87],[-69,-4],[-41,-44],[-7,-52],[-49,0],[-51,19],[-42,42],[-67,-22],[-2,-34],[-38,-29],[-84,-15],[-100,4],[-75,142],[36,-6],[61,45],[61,-5],[30,-16],[96,13],[56,40],[-49,40],[-48,-16],[-56,18],[-34,106],[-34,15],[-26,51],[-28,-24],[-72,13],[-35,-13],[-3,-62],[-23,0],[-91,63],[-16,32],[-81,23],[-45,27],[-113,33],[-61,-19],[-68,-48],[-15,-47],[34,-20],[-65,-42],[-27,13],[-40,-14],[3,-47],[38,17],[33,-24],[-57,-69],[-97,15],[-12,67],[-49,17],[-85,-10],[-34,-27],[10,-43],[-65,20],[-13,-38],[-76,54],[-20,-11],[-40,29],[-93,11],[-8,24],[-70,21],[-34,-34],[-2,-71],[15,-38],[-45,-4],[-42,-38],[-58,88],[37,61],[-84,15],[-89,-18],[-35,9],[-63,-22],[-103,8],[-49,-5],[-90,14],[-80,2],[-97,-49],[-50,25],[-42,-4],[-161,-74],[-89,-58],[-57,-60],[-30,-45],[-46,-103],[-55,-84],[-111,-93],[-22,1],[-56,-44],[-45,-64],[-21,-46],[-41,-149],[-6,-51],[-60,-47],[-46,-13],[-37,-30],[-53,-118],[-22,5],[-41,-35],[-41,-77],[-61,-14],[-36,-38],[-12,-38],[-25,-3],[-3,-45],[-73,-46],[-74,-142],[-29,-22],[-6,-38],[-33,-13],[-10,-44],[31,-60],[-43,8],[-5,-29],[-38,-16],[-23,-77],[-37,-57],[-35,-6],[-41,-49],[-10,-49],[-26,9],[-69,-82],[-62,-61],[-14,-30],[-58,-22],[-68,-79],[-4,-35],[-24,-41],[-66,-63],[-32,-41],[-45,-33],[-47,-17],[-88,-111],[-13,-42],[26,-57],[108,-32],[27,-55],[63,6],[75,23],[79,-15],[63,29],[34,-31],[-20,-48],[8,-44],[-28,-10],[23,-57],[-16,-25],[12,-57],[-7,-63],[-26,-30],[-8,-49],[7,-68],[25,-20],[19,32],[32,16],[42,-28],[21,24],[29,107],[-37,5],[-26,58],[66,73],[42,26],[65,-24],[-56,-94],[-22,20],[-27,-17],[4,-39],[32,-7],[30,-38],[63,-16],[-49,-69],[-11,-63],[-22,-28],[-45,-8],[-29,-37],[35,-34],[95,12],[67,21],[64,50],[41,48],[27,99],[46,35],[8,-63],[-14,-54],[-44,-59],[-10,-44],[-27,-43],[44,-13],[27,19],[43,109],[7,82],[22,58],[2,74],[-10,41],[2,81],[54,-36],[63,-28],[59,-5],[118,58],[5,-47],[51,-53],[67,-38],[25,-50],[-22,-46],[29,-58],[43,-32],[8,-36],[48,-52],[66,-53],[24,-46],[60,-57],[35,0],[15,-93],[-68,-93],[-71,25],[9,-50],[33,-35],[49,-21],[-16,-40],[22,-32],[0,-82],[-46,-75],[14,-48],[97,-112],[-31,-18],[-26,-59],[33,-55],[-64,-68],[-25,-84],[-56,-36],[-3,-108],[-19,-49],[-34,-5],[-11,-117],[12,-33],[-15,-78],[-31,-35],[-3,-51],[-19,-57],[14,-42],[-20,-42],[18,-48],[11,-67],[-9,-29],[2,-82],[39,-54],[-47,-43],[-22,-70],[36,-61],[-10,-37],[15,-67],[-30,-89],[-6,-66],[-25,-51],[10,-43],[-23,-94],[16,-40],[-24,-28],[-15,-54],[-7,-68],[2,-69],[-8,-46],[-26,-30],[-8,-36],[-26,-18],[-60,-81],[-14,-39],[-52,-82],[-29,-28],[-36,-67],[-16,-72],[-42,-107],[-2,-35],[-24,-60],[-19,-4],[-99,-184],[-14,-74],[-21,-44],[-17,-68],[-1,-66],[-39,-54],[-29,-131],[-25,-53],[-63,-109],[-31,-87],[-41,-61],[-35,-38],[-70,-143],[-17,-12],[-72,-87],[-18,-66],[-29,-32],[-28,-80],[-53,-59],[-8,-45],[-30,-48],[0,-35],[-29,-54],[-65,-43],[-28,-82],[-37,-52],[-9,-75],[-23,-20],[-14,-98],[-37,-66],[-36,-21],[-24,-100],[-46,-28],[-39,-46],[-18,-37],[-18,-7],[-33,-43],[-69,-63],[-40,-23],[-24,-48],[-50,-65],[-24,8],[-31,-30],[-34,1],[-45,-39],[-40,-9],[-40,-43],[-44,66],[-24,9],[-27,-36],[-11,68],[-55,-20],[-21,48],[-27,11],[-32,-34],[5,104],[14,128],[-14,19],[-22,-52],[-37,-28],[-39,-62],[-29,16],[40,99],[-10,19],[-54,-8],[-4,-38],[-45,-101],[-19,-24],[-13,-78],[-55,-55],[-24,-126],[-17,51],[-77,8],[-36,22],[-17,-20],[56,-81],[-20,-36],[-24,-96]],[[59722,78169],[12,-34],[80,-172],[41,-43],[60,19],[27,47],[64,-25],[32,54],[45,7],[31,-22],[56,-16],[7,-33],[-38,-2],[-23,-68],[6,-93],[-45,-13],[-15,-22],[-49,24],[-15,-29],[-41,-3],[-21,42],[-38,28],[-24,3],[-37,-28],[-7,-40],[-66,-58],[-20,-62],[-21,24],[-69,-8],[-80,-53],[-35,-98],[-19,-7],[-35,-56],[-53,-38],[-66,9],[-21,15],[-18,41],[-17,-3],[-38,42],[27,24],[19,60],[0,73],[20,54],[-16,94],[-41,52],[-43,-16],[-50,66],[-50,48],[-41,5],[-25,-25],[-41,12],[-9,39],[12,29],[65,61],[50,56],[62,43],[29,10],[60,58],[20,-4],[43,36],[-17,40],[-5,84]],[[56324,83137],[-19,-7],[-272,17],[-220,14],[-347,23],[-19,11]],[[55447,83195],[61,82],[36,100],[-11,68],[31,33],[93,-1],[74,59],[81,135],[18,-6],[-46,-74],[-82,-103],[13,-15],[52,5],[27,-21],[61,-7],[42,23],[-14,146],[24,32]],[[0,89305],[0,2],[0,287],[0,287],[0,288],[0,287],[0,287],[0,287],[0,287],[0,244],[80,-37],[55,2],[44,-54],[142,-44],[58,-66],[-18,-54],[126,-39],[57,-28],[21,-56],[99,-77],[41,29],[56,-20],[12,-42],[42,8],[97,-73],[-18,-33],[78,-46],[73,5],[53,-26],[-25,-43],[-45,-31],[9,-32],[98,-46],[56,-5],[-58,97],[27,37],[149,-84],[36,-190],[68,44],[30,-28],[-24,-88],[-4,-100],[41,-74],[20,-85],[-79,-56],[46,-42],[29,5],[74,-40],[0,-101],[38,-1],[37,54],[41,14],[24,-76],[63,18],[3,39],[-39,39],[-63,13],[-38,35],[74,45],[-4,82],[-23,87],[-71,49],[-53,-16],[-28,33],[285,8],[81,-39],[73,-60],[91,-19],[85,28],[129,21],[74,-36],[-11,-33],[94,-61],[-9,-40],[79,-62],[61,-32],[82,-91],[114,-60],[19,-46],[50,0],[57,-24],[16,-34],[-21,-36],[-48,21],[-70,-23],[-108,-87],[-11,-52],[23,-52],[-50,-41],[-133,55],[-17,32],[-42,-24],[27,-31],[78,-37],[-16,-72],[-59,32],[-155,-19],[-142,77],[9,25],[-110,22],[3,-47],[79,-24],[0,-86],[63,-6],[-11,-56],[-97,-68],[97,6],[30,-96],[-64,-58],[-65,-14],[-39,-27],[-22,-49],[6,-34],[-38,-40],[22,-30],[97,-31],[22,-87],[-57,-21],[-68,48],[4,-77],[-28,-32],[-51,-14],[-73,26],[-5,63],[-59,-37],[-108,47],[-23,79],[-162,101],[17,53],[-85,-11],[-44,-22],[-111,21],[-48,72],[-40,10],[-25,35],[27,22],[7,49],[-39,78],[-8,83],[-76,35],[-220,83],[-75,-39],[-47,-57],[-241,2],[-68,39],[32,98],[-28,47],[-32,-20],[-68,95],[-6,48],[47,9],[12,63],[52,22],[1,41],[-36,49],[-46,-74],[-54,-5],[-53,75],[-46,-4],[33,-58],[-25,-32],[-128,-14],[-16,-97],[29,-88],[74,-61],[50,-26],[4,-56],[-66,-79],[-7,-92],[-38,-54],[-94,-44]],[[99999,93032],[0,-279],[0,-35],[-93,-67],[-148,2],[-83,-40],[-59,132],[79,114],[77,39],[106,85],[56,10],[65,39]],[[0,92718],[0,35],[0,279],[73,29],[114,-18],[70,25],[189,-34],[188,-135],[76,-40],[-54,-69],[-81,-43],[-263,-35],[-129,-42],[-90,33],[-93,15]],[[86644,76608],[-11,-34],[-35,17],[12,36],[34,-19]],[[89591,83103],[26,18],[30,54],[24,-69],[51,-96],[-4,-51],[-23,-78],[10,-93],[25,-121],[25,-12],[-4,-54],[29,-36],[22,-121],[10,-124],[9,-38],[-9,-36],[3,-60],[-9,-134],[-21,28],[-31,-105],[17,-14],[-6,-63],[-17,-58],[18,-62],[1,-70],[25,-21],[16,-48],[-14,-44],[-11,-84],[67,-36],[-6,-59],[-17,-10],[44,-63],[13,-132],[26,-158],[6,-76],[25,-170],[59,-171],[34,-153],[3,-62],[24,-62],[0,-54],[17,-108],[28,-103],[16,-33],[62,-72],[-9,-47],[-36,81],[-62,75],[-10,30],[-40,58],[-26,22],[-85,21],[-56,25],[-27,29],[-38,-23],[29,-35],[-54,-31],[-29,-35],[-27,-80],[4,-74],[-54,-204],[-68,-313],[-1,-146],[13,-71],[47,-122],[42,-38],[29,-64],[4,-105],[25,-113],[-10,-36],[24,-61],[23,5],[46,48],[25,-17],[4,-106],[15,-96],[13,-25],[-28,-79],[-29,-9],[-23,108],[2,88],[-51,20],[-26,-6],[-37,16],[-45,-3],[-13,75],[-54,-32],[-20,-31],[-49,-175],[-22,-170],[-45,-62],[-30,64],[-9,141],[-18,78],[-4,108],[65,260],[0,67],[-22,73],[4,42],[-11,64],[4,76],[39,151],[24,53],[-5,106],[-10,96],[-12,45],[-49,122],[-17,96],[30,50],[31,194],[-4,67],[17,85],[10,124],[-10,127],[14,108],[-7,150],[-29,105],[23,211],[20,37],[19,66],[-4,49],[-22,57],[1,32],[-28,61],[0,30],[-58,81],[-14,35],[-2,77],[-48,45],[10,16],[-8,99],[15,47],[-11,29],[0,96],[34,49],[17,71],[6,155],[18,92],[-27,86],[-6,97],[-12,19],[53,49],[75,37],[2,-58],[20,-31],[41,8],[34,69],[-19,35],[-5,45],[42,25],[21,-24],[23,33],[-54,7],[31,114],[-3,23],[-67,114],[-16,50],[34,37]],[[2155,89161],[17,-44],[-57,-23],[-69,-8],[48,82],[61,-7]],[[69480,90164],[-24,-32],[-58,-7],[-81,59],[9,27],[-42,75],[84,-2],[13,-17],[87,-26],[-13,-48],[25,-29]],[[94857,91586],[-96,35],[-4,85],[11,52],[-24,39],[10,50],[71,38],[2,-51],[-24,-25],[22,-68],[-15,-30],[47,-125]],[[94897,91894],[-5,-64],[-57,-20],[-4,102],[46,23],[20,-41]],[[64280,93187],[8,78],[47,87],[72,38],[25,-25],[104,-26],[42,60],[-23,28],[75,48],[8,110],[47,12],[13,46],[-34,49],[-60,-7],[-50,27],[61,84],[114,35],[78,-27],[24,30],[-70,19],[4,108],[46,41],[59,5],[61,40],[121,-16],[95,60],[112,29],[103,-50],[51,-11],[75,5],[16,-22],[172,-35],[31,-62],[-89,-65],[-2,-105],[-23,-26],[-111,1],[7,-62],[-39,-32],[17,-27],[-61,-79],[-24,-77],[55,-59],[-65,-78],[4,-70],[39,-24],[9,-67],[40,-100],[98,-139],[22,-64],[132,-117],[134,-111],[116,-43],[44,-34],[-55,-57],[-75,-10],[-225,20],[-64,-30],[-87,10],[-43,44],[-60,31],[-59,-44],[9,-47],[-29,-19],[-49,47],[-62,27],[-20,50],[-55,10],[-135,-16],[-42,37],[-85,-5],[-39,22],[77,33],[-4,56],[-50,39],[163,15],[-24,57],[-47,-23],[-68,24],[-60,77],[-31,70],[54,52],[-27,13],[-57,-61],[-76,-35],[-72,39],[-10,61],[-87,-21],[-33,-31],[-78,-16],[-91,63],[6,21],[-40,117]],[[74136,94276],[-36,-54],[-70,22],[106,32]],[[76388,95760],[-61,-53],[-80,33],[141,20]],[[65829,94848],[-100,2],[-45,61],[-146,-11],[-15,38],[183,45],[-63,25],[-126,21],[23,40],[-38,48],[156,18],[67,-47],[75,67],[-34,37],[21,39],[59,25],[105,-13],[88,-28],[-50,111],[173,40],[-46,53],[66,6],[129,58],[58,43],[57,-1],[73,41],[97,-4],[83,36],[10,45],[51,23],[159,7],[66,91],[156,18],[127,-34],[190,10],[49,-36],[141,46],[71,36],[88,-20],[122,48],[42,-14],[56,63],[95,-5],[65,48],[58,13],[105,-27],[-66,86],[99,40],[83,55],[149,58],[74,2],[105,35],[243,-27],[130,-142],[-51,-121],[-112,-92],[-16,-40],[-104,-13],[-152,-52],[-61,-36],[-128,-26],[-141,-57],[-267,-62],[-252,-75],[-126,-31],[-68,7],[-85,-54],[-76,0],[-211,-85],[-62,6],[-184,-87],[-77,-59],[-77,-25],[-58,-107],[-17,-59],[-102,-6],[49,-35],[-26,-26],[-95,-14],[-17,-55],[-76,-18],[-104,65],[-40,-36],[39,-19],[-36,-69],[-63,-22],[-41,26],[-41,-65],[44,-52],[0,-35],[-61,-12],[-35,-45],[-79,-46],[3,-42],[-107,40],[43,-70],[18,-74],[-98,-59],[-6,-56],[-67,-19],[-33,-33],[12,-34],[-96,-82],[-91,-31],[-128,17],[-96,33],[-94,-9],[-115,64],[-34,3],[-118,-33],[-62,-36],[-60,26],[67,24],[-20,51],[94,62],[140,50],[-89,10],[-65,-11],[-25,-32],[-91,-19],[-35,13],[-88,74],[66,11],[107,79],[131,36],[-13,52],[94,60],[233,-25],[-65,35],[-152,44],[126,9],[0,37],[-82,17],[43,40],[181,12],[12,31],[-60,19],[-44,-18],[-50,77],[102,3],[136,35],[47,-22],[120,4]],[[90800,77092],[9,-33],[-74,-52],[-12,56],[45,30],[32,-1]],[[90685,77420],[-40,-79],[-52,-15],[-57,-83],[-13,-48],[-26,-52],[-36,-29],[-23,-37],[-2,-60],[-36,-3],[-9,60],[20,38],[68,86],[20,67],[49,76],[12,52],[28,71],[21,1],[47,-49],[29,4]],[[91332,77988],[13,-25],[-24,-34],[-56,-3],[-33,-34],[-62,-30],[-62,-110],[-22,-24],[-40,-12],[-19,38],[-40,-107],[-47,-50],[-45,-89],[-31,-6],[-33,-52],[-34,5],[90,129],[19,89],[27,19],[37,60],[2,42],[25,-8],[21,17],[31,60],[30,12],[-4,93],[22,29],[14,-86],[19,-17],[67,13],[86,129],[49,11],[16,-31],[-16,-28]],[[91759,78446],[40,0],[-32,-74],[-33,-26],[-29,-80],[-33,-43],[-21,0],[-86,-122],[-30,-16],[-21,9],[8,40],[20,24],[31,82],[40,16],[58,111],[36,12],[17,49],[35,18]],[[92278,78975],[-13,-63],[-38,-67],[-61,-79],[-25,23],[10,32],[35,6],[49,82],[30,69],[13,-3]],[[93367,80996],[8,-69],[-27,-18],[-48,-134],[-31,-39],[-58,-12],[-50,-74],[-45,42],[8,61],[-13,45],[33,-3],[25,41],[61,13],[24,23],[40,110],[8,44],[51,53],[14,-31],[0,-52]],[[93460,81132],[14,-62],[-29,-79],[-41,12],[-22,22],[6,53],[36,36],[36,18]],[[93211,81094],[-20,12],[-5,53],[44,-5],[11,-58],[-30,-2]],[[96682,83247],[-100,82],[-55,55],[17,13],[48,-26],[14,-35],[39,-33],[37,-56]],[[88102,83577],[-42,-115],[-27,22],[-70,-29],[34,59],[70,55],[35,8]],[[88345,83542],[38,-1],[-54,-100],[0,-50],[-78,-99],[-17,21],[-45,126],[-53,-48],[-5,59],[32,62],[20,12],[8,53],[32,46],[27,-28],[42,-10],[53,-43]],[[96295,83368],[-45,14],[-8,30],[-33,4],[-46,65],[-30,62],[0,34],[-25,59],[-53,29],[43,53],[92,-35],[-17,-31],[7,-56],[63,-120],[48,-57],[4,-51]],[[91867,85885],[16,-21],[-48,-49],[-17,32],[49,38]],[[95751,85798],[-21,-64],[-62,0],[-42,-38],[-38,-11],[-149,-128],[-19,-35],[-28,22],[54,42],[13,48],[34,69],[-3,35],[55,90],[88,49],[31,41],[46,32],[22,-81],[27,-44],[-8,-27]],[[59962,89285],[-73,4],[-22,61],[81,6],[14,-71]],[[63978,91658],[-53,-5],[-49,-39],[-66,-106],[-130,-64],[-126,-29],[-57,1],[-104,103],[14,42],[-13,52],[23,117],[40,55],[100,70],[129,9],[248,-143],[44,-63]],[[97067,92060],[-39,-45],[2,-61],[-34,-52],[-87,-4],[-195,73],[-32,40],[-74,25],[8,42],[47,44],[76,39],[104,-22],[53,-27],[111,-19],[60,-33]],[[66816,92042],[-18,-55],[-76,-21],[-47,21],[-31,-20],[-99,16],[11,59],[-48,41],[-105,8],[-99,58],[-35,43],[11,36],[-44,31],[20,79],[60,24],[-3,26],[82,35],[81,-62],[34,-49],[96,-89],[63,-16],[129,-106],[18,-59]],[[64786,92847],[-31,-75],[-89,4],[-8,44],[-59,46],[-84,14],[0,44],[135,33],[31,-48],[58,-49],[47,-13]],[[88309,93044],[14,-27],[-55,-46],[-118,-2],[-83,48],[48,38],[136,11],[58,-22]],[[71743,93617],[33,-35],[-115,-59],[-47,-43],[-63,-17],[-186,4],[-1,46],[88,51],[23,49],[83,51],[51,-3],[134,-44]],[[85786,93676],[-14,-63],[-36,-10],[-87,19],[-57,47],[144,19],[50,-12]],[[85643,93767],[28,32],[88,9],[72,28],[62,-4],[55,-65],[-58,-29],[-247,29]],[[72100,93741],[-46,-37],[-135,22],[-67,35],[-22,34],[153,135],[63,-35],[54,-154]],[[70756,93936],[-22,-98],[-50,-21],[-64,33],[-39,41],[33,50],[73,11],[69,-16]],[[83410,93933],[-14,-36],[-118,0],[-40,40],[37,31],[64,3],[71,-38]],[[71303,93982],[-17,-32],[-87,10],[-37,40],[141,-18]],[[69907,94006],[23,-107],[-71,62],[-231,-27],[-113,-37],[-90,54],[38,72],[-24,87],[135,52],[133,11],[45,-45],[10,-97],[87,44],[58,-69]],[[71089,94176],[-33,-40],[-123,9],[72,48],[84,-17]],[[89853,94059],[25,-51],[-108,-32],[-116,26],[-61,-4],[-285,49],[-201,64],[-79,-3],[-150,-45],[-41,7],[-14,46],[39,30],[91,-11],[72,19],[46,55],[58,115],[72,58],[67,-10],[63,24],[125,7],[149,-53],[125,-96],[104,-67],[36,-57],[-26,-20],[9,-51]],[[73197,94520],[-33,-49],[-132,55],[73,14],[92,-20]],[[72935,94544],[27,-55],[-87,8],[-1,35],[61,12]],[[87849,94426],[-61,-11],[-85,59],[-20,40],[-62,29],[42,43],[121,-79],[65,-81]],[[89193,94536],[-17,-83],[-166,-55],[-31,17],[-45,76],[16,86],[35,20],[151,13],[46,-24],[11,-50]],[[81501,94706],[6,-28],[-75,-98],[-53,-18],[-53,-61],[-170,29],[-63,46],[-99,24],[-31,49],[144,29],[5,82],[29,8],[178,-32],[156,-9],[26,-21]],[[73760,94781],[26,-36],[-36,-27],[-93,27],[19,37],[84,-1]],[[73910,94770],[10,-39],[-86,-26],[-41,17],[37,55],[80,-7]],[[73673,94880],[67,39],[53,-11],[-42,-45],[-78,17]],[[74174,95022],[-48,-46],[-79,-41],[-13,84],[54,-19],[86,22]],[[72844,95243],[-153,-57],[-55,49],[124,18],[84,-10]],[[91896,95121],[-16,-64],[-35,-29],[-10,-63],[-226,-51],[-22,-23],[-141,-4],[-288,26],[-141,87],[-160,29],[-122,71],[-120,28],[-40,37],[59,94],[29,104],[106,-45],[-36,-34],[43,-47],[99,-17],[61,60],[129,-12],[158,1],[48,-22],[-37,-55],[46,-41],[80,4],[63,26],[279,-25],[38,-34],[102,-28],[54,27]],[[87775,95330],[11,-48],[-52,-35],[-110,-4],[0,41],[40,70],[-15,63],[18,50],[59,9],[32,-60],[63,-27],[-46,-59]],[[73132,95577],[-100,-22],[-140,27],[41,20],[199,-25]],[[90379,95338],[-177,-63],[-18,-52],[63,-28],[-48,-27],[-9,-49],[-99,-66],[-92,-12],[-69,33],[-93,-9],[-151,52],[-59,87],[-46,39],[11,58],[53,43],[80,29],[-3,61],[-95,15],[-93,-13],[-67,-107],[29,-31],[3,-71],[58,-47],[61,-98],[228,-52],[72,-34],[-68,-27],[-178,-14],[-86,-34],[-44,4],[-106,63],[-36,38],[-131,-46],[-72,-2],[-211,-44],[-79,-7],[-61,79],[-98,-10],[18,-58],[-60,-92],[-91,-17],[-56,33],[-181,36],[-75,40],[-28,74],[-100,44],[-79,48],[-58,74],[-22,57],[143,-7],[15,23],[-68,86],[26,30],[-59,77],[37,37],[108,-9],[-43,65],[0,38],[77,35],[88,11],[31,50],[109,39],[119,12],[42,-64],[222,-92],[-33,-24],[100,-54],[92,0],[18,-26],[-30,-61],[66,-16],[107,16],[-55,51],[12,141],[36,40],[54,2],[98,-28],[-54,78],[87,-13],[123,-63],[111,-86],[143,-32],[146,36],[100,-20],[68,-39],[172,-71],[101,-20],[54,-39]],[[76845,95756],[-83,-7],[15,-57],[-141,-1],[-62,26],[-100,1],[1,44],[210,2],[60,16],[100,-24]],[[81099,95949],[103,32],[55,-20],[25,-94],[-183,82]],[[76797,96001],[-61,-44],[-101,0],[95,55],[67,-11]],[[91492,96028],[-48,-65],[-208,-2],[4,20],[111,44],[141,3]],[[76812,96297],[-14,-71],[-130,-56],[-84,52],[228,75]],[[74913,96340],[16,-67],[-124,-10],[-46,41],[47,52],[107,-16]],[[79928,96368],[-33,-35],[-96,19],[32,34],[97,-18]],[[79917,96833],[-36,-40],[-328,37],[23,18],[302,14],[39,-29]],[[79281,97090],[-16,-44],[-158,-98],[-167,-6],[-132,-40],[-235,-22],[-460,-14],[-55,-37],[-271,-97],[-145,-10],[-68,56],[70,71],[147,103],[-14,43],[80,101],[-9,41],[86,75],[72,8],[-11,50],[67,78],[1,53],[78,67],[69,9],[-4,49],[76,18],[41,-46],[94,81],[164,-29],[68,-33],[-58,-28],[-52,-67],[-29,-84],[140,25],[57,34],[178,8],[24,-72],[86,-9],[32,-72],[108,-4],[80,-28],[66,-130]],[[71559,97631],[-9,-15],[-246,-11],[-40,34],[-105,19],[85,43],[315,-70]],[[76007,97868],[12,-59],[-172,-67],[-119,-24],[-195,3],[100,53],[-51,23],[-285,23],[53,30],[-41,84],[185,9],[179,-19],[62,-27],[272,-29]],[[64262,97879],[-220,20],[124,66],[96,-86]],[[77745,97354],[-2,-64],[-131,-62],[-133,-9],[-324,1],[-138,25],[-129,79],[-241,2],[-142,65],[-112,-39],[-107,52],[-4,42],[-70,21],[-15,139],[-72,-3],[-84,40],[-143,-60],[12,65],[141,61],[106,68],[145,23],[-112,48],[46,39],[134,60],[111,-24],[47,47],[238,-7],[342,44],[130,-83],[-81,-49],[135,-42],[90,63],[172,39],[229,-131],[-87,-146],[11,-118],[-49,-53],[-141,4],[144,-61],[84,-76]],[[63911,97945],[-55,1],[-98,51],[102,44],[92,-5],[-41,-91]],[[65498,98276],[-101,41],[97,27],[208,15],[111,-71],[-315,-12]],[[62968,98211],[-57,-40],[-111,-12],[-3,74],[-162,-25],[-109,72],[507,57],[171,62],[91,-25],[114,10],[106,-43],[30,-55],[-195,2],[-78,58],[-62,-9],[-157,-113],[-85,-13]],[[67283,98374],[-41,-114],[-102,-10],[-28,-39],[-82,-11],[-74,-61],[-205,52],[-186,-37],[-110,57],[-3,66],[49,61],[80,50],[132,10],[110,-18],[417,33],[43,-39]],[[66147,98356],[-80,25],[87,27],[214,6],[2,-58],[-143,-19],[-80,19]],[[65490,98357],[-247,-36],[-93,34],[-38,41],[192,30],[186,-69]],[[64357,98325],[4,-29],[-146,-34],[-63,-47],[-230,-5],[-109,-19],[24,-54],[-90,-22],[-181,14],[-52,-40],[68,-21],[58,-53],[-154,-18],[-30,-33],[-118,-7],[-107,17],[82,74],[-133,-4],[-97,-40],[-123,60],[-2,23],[122,33],[94,-28],[215,54],[-65,29],[12,46],[112,13],[115,-41],[223,81],[-1,53],[-118,-21],[-56,47],[188,45],[290,24],[90,-26],[-204,-49],[276,6],[106,-28]],[[72168,98467],[175,-19],[-31,-46],[-333,-31],[-39,31],[70,53],[158,12]],[[66292,98507],[-26,-50],[-85,-1],[-103,43],[52,47],[162,-39]],[[65926,98420],[-149,78],[40,26],[195,-28],[29,-31],[148,-25],[-124,-42],[-139,22]],[[65156,98479],[-30,31],[113,20],[198,-44],[123,21],[168,-36],[8,-22],[286,-73],[-33,-39],[-140,-33],[-108,68],[-242,26],[-109,60],[-113,-4],[-121,25]],[[64021,98522],[14,57],[125,-36],[-139,-21]],[[75429,98571],[-100,-56],[-331,28],[21,63],[384,-13],[26,-22]],[[77151,98333],[55,-24],[-209,-31],[-48,-69],[52,-98],[60,-17],[-65,-53],[-598,-55],[-160,-26],[-213,-55],[-330,92],[-110,76],[-160,0],[-17,35],[175,31],[-51,37],[100,23],[128,3],[42,96],[-58,43],[10,76],[108,19],[-15,43],[117,28],[163,15],[230,43],[83,42],[-23,31],[187,10],[216,-121],[4,-32],[112,-67],[227,-52],[-12,-43]],[[65907,98728],[-142,13],[71,50],[131,-2],[113,-27],[142,-7],[47,-35],[-74,-21],[-141,1],[-147,28]],[[67361,98858],[73,31],[254,-7],[9,-46],[-68,-15],[-216,15],[-52,22]],[[66193,98893],[-113,-3],[74,70],[294,17],[39,-61],[-294,-23]],[[93009,80427],[18,-22],[-29,-89],[11,-60],[-32,-50],[-33,21],[2,42],[63,158]],[[66389,97895],[-57,36],[203,45],[72,-16],[39,-57],[-200,-38],[-57,30]],[[65475,97966],[85,45],[-8,89],[317,-18],[2,-108],[-50,-30],[-280,7],[-66,15]],[[64617,98012],[-122,53],[107,8],[81,67],[133,-4],[69,-90],[-27,-41],[-241,7]],[[65980,97982],[-86,63],[15,87],[-91,51],[418,-7],[206,-52],[23,-28],[-190,4],[-110,-26],[-79,-62],[-106,-30]],[[64943,98178],[131,67],[55,-62],[-63,-35],[-123,30]],[[66737,98503],[99,32],[297,12],[-23,-47],[-170,-63],[-255,33],[52,33]],[[67436,98416],[103,49],[248,9],[24,62],[84,58],[123,-1],[101,-32],[61,-66],[-1,-59],[-124,-64],[-160,-39],[-359,-34],[-143,67],[43,50]],[[65926,98600],[153,23],[-52,-62],[-101,39]],[[65457,98597],[-17,68],[69,4],[197,-40],[-58,75],[109,7],[267,-38],[34,-33],[-212,-12],[-171,-46],[-53,31],[-165,-16]],[[66267,98669],[126,45],[79,-22],[-69,-45],[-136,22]],[[61237,89026],[-72,-4],[-42,73],[51,-1],[63,-68]],[[68702,91901],[-20,-77],[-55,6],[26,64],[49,7]],[[63291,77173],[-24,-41],[-34,9],[7,30],[51,2]],[[94970,91948],[1,-46],[-41,-12],[-23,48],[63,10]],[[73140,92611],[45,-39],[-46,-54],[-43,3],[44,90]],[[74735,96259],[24,-7],[-89,-82],[-42,55],[107,34]],[[54113,81123],[48,0],[4,86],[64,-18],[34,-111],[26,9],[90,-32],[23,-40],[34,2],[32,-18],[68,-2],[24,-33],[-10,-41],[-53,-52],[20,-35],[20,5],[56,-95],[13,-46],[33,-19],[32,53],[40,26],[-13,115],[75,-32],[37,-33],[5,-28],[75,-7],[36,18],[1,-50],[-43,-32],[38,-38],[33,-62],[70,25],[60,-62],[17,13],[53,-14],[2,-59],[19,-60],[38,-14],[17,-96]],[[55231,80346],[-28,-17],[-55,1],[-6,-24],[-52,-74],[-38,-20],[-20,-43],[-4,-63],[-25,-42],[-27,-5],[-15,-51],[-37,-34],[-54,-29],[-44,4],[-58,23],[-39,-65],[-23,-82]],[[54706,79825],[-20,66],[-58,12],[-5,22],[-58,9],[-22,-38],[-90,17],[-60,66],[-38,-8],[-58,45],[-58,27],[-78,14],[-4,-71],[-13,-71],[-33,9],[-27,-60],[-2,-48],[-70,27],[-36,-45],[-67,19],[-26,67],[-46,34]],[[53837,79918],[-25,58],[-32,46],[-35,-5],[-28,32],[-23,58],[-34,14],[-49,101],[-22,22],[-35,-3],[-42,59],[-6,46],[-67,134],[20,22],[19,72],[-15,37],[-62,43],[-17,73],[-29,41],[8,28],[63,-19],[49,75],[46,3],[41,28],[26,-21],[25,50],[42,3],[20,49],[41,25],[19,-17],[43,67],[64,6],[16,33],[40,13],[96,68],[-36,33],[10,34],[57,-12],[40,-62],[-6,-36],[45,-19],[9,26]],[[51762,80315],[2,64],[39,77],[2,54],[-24,6],[-53,48],[-35,93],[6,41]],[[51699,80698],[8,54],[30,24],[23,65],[-5,65],[-34,5],[-10,31],[20,25],[-42,72],[-24,21]],[[51665,81060],[19,91],[-17,38],[-36,-5],[30,63],[42,38],[-19,53],[33,60],[3,100],[-30,49],[4,29],[-45,50],[-3,43],[32,23],[51,9],[43,-20],[41,28],[52,13],[24,49],[-35,29],[25,43],[72,70],[6,78],[-20,49],[-21,-11],[-57,25],[2,83],[19,13],[74,3],[12,119],[29,65],[-3,92],[6,68]],[[51998,82497],[17,43],[-50,11],[-15,65],[18,78],[39,46],[64,17],[13,-10],[124,25],[22,-8],[6,-41],[32,-48],[-30,-30],[41,-52],[24,17],[8,40],[-20,46],[27,13],[23,-27],[38,-11],[-23,79],[25,100],[31,18],[49,-33],[70,20],[-55,41],[-23,57],[46,-3],[6,39],[-58,47],[21,71],[-65,-17],[-7,65],[65,16],[40,30],[2,23],[-44,65],[-14,39],[-32,28],[-8,92]],[[52405,83448],[46,6],[103,-32],[8,-26],[59,3]],[[52621,83399],[32,21],[69,-37],[47,-12],[17,-63],[-3,-61],[51,-49],[159,-84],[44,37],[40,-22],[-3,-91],[-88,-81],[38,-46],[80,32],[19,-42],[60,-17],[9,50],[35,43],[11,37],[125,24],[22,34],[43,35],[44,98],[54,-23],[-5,-24],[55,-15],[37,41],[29,-91],[49,-26],[53,-63],[56,25],[35,-37],[-14,-42],[37,-68],[-20,-20],[46,-60],[34,-18],[44,5],[0,-30]],[[53962,82759],[11,-110],[15,-37],[14,-99],[-5,-81],[-13,-48],[-56,-51],[20,-82],[47,-46],[13,-30],[59,-62],[-3,-47],[-26,-43],[19,-84],[25,-13],[-3,-76],[21,-25],[-18,-84],[-31,-74],[37,-73],[4,-92],[59,-39],[5,-69],[16,-33],[-18,-120],[-41,-118]],[[53837,79918],[-4,-89],[-24,-51],[-54,35],[-18,-45],[-14,-74],[-36,-40],[-67,-26],[-43,-35],[-37,-47],[4,-32],[47,-81],[17,-44],[-27,-72],[42,-15],[8,-29],[-10,-88],[-26,-13],[-46,48],[-9,64],[-26,6],[-43,-27],[-20,36],[-62,-8],[-10,-42],[-64,3],[-32,-20],[-56,8],[-19,-43],[-38,-5],[-43,-60],[-25,13],[-24,-20],[-81,73],[-51,27],[-23,-20],[-26,8],[6,-60],[-41,-78],[-33,-4],[1,48],[-32,-8],[-1,43],[-34,49],[-38,10],[-73,-4]],[[52652,79209],[-77,66],[-71,17],[-31,-16],[-30,39],[-66,47],[-27,-21],[-20,-42],[19,-30],[-29,-34],[-29,24],[-45,-31],[-49,-4],[-25,20],[-38,-30],[-27,23]],[[53947,82897],[-3,-35]],[[53944,82862],[-90,-20],[15,32],[-8,41],[42,20],[-30,36],[-34,-17],[-4,45],[58,-32],[54,-70]],[[53126,83208],[-19,-30],[-50,24],[32,39],[37,-33]],[[53805,83158],[-56,-27],[-42,-62],[-38,22],[-26,36],[37,28],[-19,38],[-4,56],[58,-14],[25,29],[48,5],[11,-26],[-29,-39],[35,-46]],[[57597,84964],[-80,16],[-32,34],[-30,-3],[-95,-54],[-65,60],[-27,48],[-39,41],[-7,41],[-58,6],[-22,39],[-31,-7],[-57,64],[-54,-18],[-10,39],[-33,-2],[-27,-28],[-69,-31],[-47,-5],[-36,-45],[-27,1]],[[56751,85160],[26,89],[18,28],[2,103],[21,22],[-5,36],[-46,27],[-21,-46],[-49,-44],[-36,44],[-67,14],[-18,54],[2,37],[-30,30],[-23,70],[11,28],[70,19],[0,26],[-56,-5],[-44,67],[56,37],[-53,18],[24,70],[-14,50],[80,41],[49,-2],[44,19],[-4,48],[63,13],[26,35],[63,-23],[20,30],[138,18],[59,-18],[25,46],[50,-3],[2,36],[88,2],[25,-27],[52,1],[50,-24],[57,4],[45,-44],[81,-20],[81,6],[129,-25],[40,42]],[[56452,85527],[-40,-64],[-32,-20],[-59,-68],[-62,7],[-59,-27],[-37,-128],[-39,-40],[-12,44],[22,52],[33,38],[-36,16],[-16,34],[-41,17],[34,71],[-25,47],[26,25],[33,-8],[58,50],[39,4],[34,24],[16,-26],[71,18],[54,-28],[38,-38]],[[56494,85570],[-44,-26],[-45,39],[26,42],[37,-5],[26,-50]],[[56192,85751],[-35,32],[82,12],[38,68],[32,-11],[6,-37],[55,-12],[30,-83],[-85,-20],[-23,-59],[-27,-9],[-48,112],[-25,7]],[[55848,84126],[-24,104],[1,78],[11,50],[0,71],[13,52],[2,90],[44,36],[49,75],[6,144],[77,154],[20,18],[63,8],[135,82],[32,0],[-3,-45],[19,-46],[104,-110],[27,-14],[34,-147],[25,-32],[47,-16],[51,-37],[72,27],[23,32],[49,31],[46,62],[8,65],[-14,197],[-16,33],[2,72]],[[58042,91587],[-35,45],[10,64],[102,92],[32,50],[-60,121],[-201,74],[-7,31],[-59,22],[-84,104],[-70,-7],[-84,-77],[-59,-16],[-65,21],[-101,-11],[-23,-48],[-61,-69],[-46,-11],[-8,-49],[-33,-52],[-2,-86],[-26,-34],[-14,-70],[18,-102],[-41,-75],[-74,-5],[-51,-36],[-23,-101],[-72,-42],[-55,59],[-92,24],[-112,62],[-39,-9],[-15,-49],[-70,-17],[-79,-39],[-49,40],[-47,-7],[-71,28],[-46,-8],[-16,65],[-97,109],[-100,145],[-97,16],[-60,-30],[-18,-34],[34,-54],[-34,-26],[-80,36],[-34,-39]],[[55728,91592],[-145,-8],[67,-65],[4,-61],[-33,-83],[-76,-68],[78,-37],[-87,-73],[-248,89],[-110,-2],[-57,42],[-74,-22],[-10,-81],[9,-137],[-76,-108],[-159,78],[-28,-38],[-115,-74],[-55,-152],[-35,-52],[-79,-28],[-20,-49],[87,-129],[-7,-85],[-104,-95],[-103,-166],[-67,-62],[15,-124],[-119,-71],[-143,-16],[29,-162],[-23,-82],[-14,-136],[1,-85],[-41,-58],[-15,-76],[-39,-54],[-147,-234],[131,-83],[13,-135],[-50,-107],[-11,-6],[-196,47],[-70,-19],[-84,-59],[-108,-172],[-34,-34],[10,-83],[-59,-95],[64,-166],[-33,-45],[14,-109],[-18,-85],[54,-144],[9,-59],[-43,-293],[70,-82],[55,-20],[73,-102],[-16,-95],[-38,-95],[-47,5],[-64,-20],[-7,-19],[34,-131],[60,-138],[0,-69],[-30,-57],[7,-102],[-18,-39],[-84,-88],[-56,2],[-26,-17],[15,-59],[-21,-63],[-37,-22],[-5,-36],[30,-115],[7,-63],[-40,-190],[-59,-14],[-4,55]],[[53177,85807],[-19,63],[-78,15],[-39,32],[-28,-1],[-32,35],[-25,77],[13,61],[-9,65],[-48,-46],[-11,-95],[-21,-44],[-24,-100],[-62,-47],[-13,-26],[-46,-10],[-18,55],[-33,-53],[-66,-38],[7,-34],[-31,-48],[-85,-90],[-25,-39],[-120,-134],[-44,-28],[-64,-82],[-32,24],[-26,-36],[-73,-10],[-10,-24],[-63,-3],[-65,19],[-43,-11],[-35,60],[-40,-9],[-31,-30],[-21,23],[23,79],[-63,16],[-72,38],[-45,44],[-14,39],[-62,22],[-37,62],[-26,73],[15,65],[26,33],[-28,38],[100,-19],[14,34],[-17,40],[38,36],[28,72],[-22,58],[-55,81],[-24,-40],[31,-55],[-59,-10],[-48,-32],[-34,51],[-42,36],[-5,47],[34,68],[37,46],[35,-19],[51,0],[23,56],[-32,34],[16,57],[53,15],[-4,23],[41,55],[-6,61],[19,10],[58,88],[-44,9],[-25,-80],[-37,-16],[-33,-46],[1,-66],[-48,10],[13,53],[-118,33],[-8,43],[-29,8],[26,63],[-7,58],[18,23],[40,-47],[47,-17],[25,31],[9,135],[-60,-11],[1,-33],[-63,-39],[-56,51],[-18,53],[57,43],[-54,16],[-12,99],[18,33],[102,-27],[26,28],[101,27],[58,0],[79,-44],[50,42],[8,28],[54,-10],[21,-31],[38,-2],[84,22],[-20,30],[-61,-31],[-126,55],[-34,-63],[-85,25],[-52,7],[-107,-20],[-37,-33],[-83,38],[-45,70],[37,24],[-27,40],[16,39],[65,20],[11,47],[-28,39],[-66,1],[-5,62],[75,45],[33,51],[-34,32],[16,62],[-63,55],[31,28],[58,-46],[11,31],[53,-13],[85,20],[28,62],[131,54],[-54,34],[-12,39],[16,47],[60,4],[24,-15],[43,35],[88,0],[75,-33],[15,23],[-29,64],[-95,-11],[13,67],[-30,51],[100,49],[64,-60],[47,40],[22,-22],[69,87],[69,-49],[23,-73],[42,15],[-35,58],[-36,15],[-16,47],[19,20],[108,-13],[-3,44],[-27,59],[62,16],[-28,33],[43,23],[104,-17],[21,64],[48,7],[28,45],[51,24],[29,-76],[43,-49],[95,22],[77,-20],[55,32],[-6,79],[77,55],[120,47],[-14,28],[-88,23],[35,32],[59,22],[-48,30],[-83,-51],[26,-50],[-41,-75],[-74,-30],[-63,-57],[-49,-10],[-44,-31],[-45,4],[-30,65],[-4,37],[56,18],[8,35],[-123,-65],[-11,59],[125,90],[5,109],[125,101],[-4,32],[46,58],[77,14],[51,28],[80,-65],[44,62],[-1,31],[-32,52],[61,104],[-77,-22],[-28,30],[44,38],[104,31],[56,53],[38,-11],[99,23],[8,32],[-44,91],[72,74],[-1,33],[-54,26],[-15,60],[86,99],[6,67],[66,15],[9,48],[-66,4],[43,53],[99,29],[23,19],[-22,45],[-63,35],[47,32],[-25,49],[34,34],[22,60],[55,8],[58,92],[-28,60],[91,-6],[54,36],[31,-6],[39,103],[27,-4],[89,36],[87,-1],[53,19],[-41,37],[-128,-54],[-75,35],[54,57],[56,26],[-21,39],[73,47],[77,-27],[-19,69],[39,25],[20,63],[-103,-69],[-7,40],[-62,44],[76,9],[-18,33],[84,-3],[135,35],[50,33],[-72,44],[110,43],[-17,-75],[64,-31],[25,31],[-12,55],[39,46],[-80,-1],[0,66],[100,69],[-19,42],[46,76],[168,65],[128,79],[-72,12],[14,47],[53,56],[112,44],[-22,68],[83,115],[58,-75],[50,-22],[-53,118],[98,17],[69,106],[54,27],[136,12],[-30,-71],[41,5],[14,43],[37,3],[30,63],[55,49],[29,-42],[-26,-128],[16,-40],[-46,-75],[17,-44],[61,107],[4,110],[76,19],[30,29],[77,13],[23,74],[39,15],[46,-23],[6,-36],[90,-59],[10,93],[-28,61],[-42,-16],[-49,16],[-21,33],[-63,34],[64,35],[106,0],[46,31],[87,-39],[84,-21],[101,-7],[9,-72],[100,19],[-23,63],[59,7],[7,74],[112,83],[97,56],[24,49],[103,-15],[-50,47],[-70,10],[-6,43],[35,16],[50,-39],[25,103],[54,-28],[82,-6],[52,20],[101,-33],[33,-40],[-131,-126],[-30,-46],[5,-71],[-51,-26],[34,-30],[-62,-45],[-10,-73],[86,-1],[16,40],[58,62],[-22,37],[159,164],[16,49],[85,90],[66,46],[36,-72],[-28,-67],[4,-38],[-40,-121],[42,-3],[87,59],[43,57],[2,65],[41,2],[29,77],[-75,26],[37,60],[62,-11],[25,52],[86,-34],[87,27],[1,-46],[98,-15],[-18,-52],[-98,-88],[48,-19],[-19,-51],[-107,-76],[80,-21],[73,59],[35,100],[75,87],[73,6],[45,-16],[45,-50],[-8,-43],[96,28],[141,-36],[34,-55],[36,-14],[168,-112],[1,-38],[-37,-21],[-107,-9],[-42,-31],[-22,-45],[-51,-25],[-252,27],[-131,27],[-6,-47],[112,-16],[152,-51],[-5,-39],[30,-36],[-51,-67],[112,26],[32,-7],[16,72],[34,4],[45,-44],[108,-3]],[[53896,91146],[2,-47],[-44,0],[-44,-59],[-65,17],[4,78],[38,30],[43,-16],[54,40],[12,-43]],[[54100,91280],[-13,47],[79,-12],[-66,-35]],[[51465,85984],[6,-75],[-36,15],[30,60]],[[51474,86249],[-64,4],[25,48],[39,-52]],[[51524,86308],[-18,-59],[-31,21],[-17,66],[15,39],[32,-23],[19,-44]],[[51560,86430],[10,-42],[-23,-45],[-51,25],[-3,21],[67,41]],[[51419,86503],[-45,34],[7,72],[27,-21],[11,-85]],[[51579,86777],[-1,-112],[-55,-21],[-45,59],[101,74]],[[51377,87066],[8,-33],[-26,-37],[-29,52],[47,18]],[[51351,87476],[24,4],[75,-28],[-85,-39],[-14,63]],[[51593,87701],[12,-42],[-65,-8],[5,56],[48,-6]],[[51663,87768],[22,-28],[-54,-53],[-19,61],[51,20]],[[52122,88147],[18,-28],[-50,-35],[-37,20],[9,47],[60,-4]],[[52253,88253],[21,-47],[-47,-11],[-25,23],[51,35]],[[52356,88258],[23,-40],[-40,-10],[-44,41],[61,9]],[[52198,88313],[-38,39],[63,36],[27,-5],[22,-43],[-26,-35],[-48,8]],[[52538,88442],[-9,-19],[-69,-27],[-39,-2],[-59,-28],[-63,18],[11,27],[63,51],[117,31],[6,-36],[42,-15]],[[52322,88502],[123,69],[-17,-59],[-106,-10]],[[53135,89013],[-30,-29],[-38,70],[52,-11],[16,-30]],[[53458,89513],[11,-23],[-67,-61],[-17,42],[3,69],[35,34],[35,-61]],[[53334,89664],[-22,-53],[-46,12],[18,43],[50,-2]],[[53626,91052],[21,-84],[-33,-43],[-47,0],[59,127]],[[54166,91205],[-66,-61],[-73,-36],[-84,-25],[30,92],[97,67],[144,15],[-48,-52]],[[54561,91278],[-6,-45],[-85,-9],[27,68],[64,-14]],[[54779,91509],[65,-15],[-39,-36],[-26,51]],[[54591,91411],[8,-39],[-21,-62],[-108,-8],[-53,-94],[-59,-15],[-132,-5],[-57,-12],[72,85],[-9,59],[77,41],[-21,42],[6,51],[60,95],[64,-1],[-12,-102],[19,-57],[75,44],[-26,44],[57,19],[53,-38],[7,-47]],[[54601,91553],[0,-47],[-47,9],[-37,38],[84,0]],[[53999,91375],[11,55],[78,4],[92,52],[-12,74],[45,4],[35,-47],[28,-101],[-16,-45],[-76,-43],[-53,4],[-16,30],[97,37],[-27,27],[-125,-71],[-61,20]],[[54313,91521],[-19,57],[30,54],[62,32],[20,51],[80,23],[-25,-84],[-59,-66],[-60,-25],[-29,-42]],[[55019,91823],[4,-49],[-45,-12],[10,-87],[-122,-13],[-79,-30],[-114,-30],[-11,31],[56,18],[-24,32],[4,71],[45,39],[55,5],[-3,48],[141,40],[77,-29],[6,-34]],[[55277,92048],[10,-49],[-64,-36],[5,-52],[-156,-34],[-74,35],[82,27],[19,89],[82,6],[47,47],[49,-33]],[[55449,92157],[-59,-103],[-79,-29],[-98,96],[30,40],[46,6],[46,37],[51,-62],[63,15]],[[55775,92200],[-57,-27],[-43,13],[-5,60],[48,37],[66,-24],[-9,-59]],[[55550,92232],[-1,-50],[-44,0],[-52,91],[86,-14],[11,-27]],[[56367,92322],[-53,-27],[-80,20],[-20,23],[88,36],[65,-52]],[[56571,92437],[-18,-51],[-105,-76],[-74,44],[-14,53],[63,40],[52,-1],[48,61],[48,-70]],[[56685,92528],[9,-42],[-65,-44],[-47,34],[-16,75],[49,28],[70,-51]],[[56228,92441],[-78,-16],[34,111],[77,24],[64,-39],[99,62],[15,-39],[-26,-59],[-49,-25],[-75,12],[-61,-31]],[[57259,92745],[-17,-37],[-150,-24],[-67,65],[73,55],[64,-17],[41,-32],[56,-10]],[[54248,90964],[-37,-20],[-53,3],[2,32],[88,-15]],[[58339,92050],[-63,-44],[6,78],[49,2],[8,-36]],[[55503,92148],[12,-17],[-38,-62],[-52,31],[78,48]],[[55185,92163],[24,48],[61,-22],[-85,-26]],[[47788,92824],[-12,-82],[-110,-41],[-82,-14],[-90,-76],[-27,40],[169,84],[51,73],[101,16]],[[55322,94753],[38,-25],[-18,-48],[-44,-29],[-79,75],[103,27]],[[56784,96654],[-119,-127],[-29,-56],[-149,-76],[-34,-65],[-147,-15],[-76,15],[21,42],[-19,59],[66,32],[-63,48],[-71,-42],[-353,-36],[-13,73],[87,19],[20,76],[112,106],[-82,27],[-136,69],[32,31],[195,42],[195,-7],[158,33],[140,-61],[-111,-49],[14,-46],[69,-17],[72,-49],[87,-11],[101,34],[33,-49]],[[55840,96880],[-65,32],[-36,67],[-133,60],[191,36],[85,38],[224,-31],[70,-47],[10,-127],[-336,-38],[-10,10]],[[57505,97157],[-68,-34],[-86,40],[-19,38],[61,19],[60,-56],[52,-7]],[[53372,96891],[-232,124],[-51,-8],[-57,99],[-109,102],[10,70],[79,-18],[94,-83],[-34,-24],[57,-68],[173,-103],[70,-91]],[[58177,97275],[-56,-29],[-102,33],[-139,-19],[-74,-32],[-73,12],[160,71],[103,-1],[77,-35],[104,0]],[[55582,97402],[103,1],[101,-41],[-118,-34],[-75,37],[-11,37]],[[55613,97122],[-124,-8],[-50,-25],[27,-38],[-191,-28],[21,-51],[-41,-115],[40,-53],[-70,-33],[-64,15],[-70,-87],[32,-85],[-70,-153],[-105,2],[-92,-108],[-10,-90],[-34,-99],[-106,-114],[69,-48],[-55,-56],[-51,-19],[-132,28],[-14,53],[-95,30],[-101,92],[205,49],[-63,13],[-207,-11],[-53,23],[-32,50],[-185,37],[-14,47],[-101,83],[-13,63],[147,30],[92,-22],[300,-10],[-2,28],[-244,25],[41,46],[488,63],[-52,31],[-250,-18],[-64,26],[-129,-51],[-145,1],[-30,-20],[-206,6],[-36,165],[77,24],[102,-2],[223,13],[72,61],[73,10],[66,60],[317,5],[-146,46],[23,65],[93,74],[-104,3],[-38,-64],[-88,-49],[-156,-14],[-49,49],[-15,65],[-113,-7],[-116,-82],[81,-37],[-3,-32],[-105,3],[-1,-47],[-92,-19],[-27,-34],[-262,19],[-15,65],[-56,11],[-81,63],[-5,62],[-91,11],[-104,77],[59,62],[-81,18],[1,56],[189,-48],[72,6],[-33,52],[-90,-16],[-85,65],[99,101],[-145,6],[30,-60],[-117,-40],[-33,68],[-89,89],[16,57],[-53,52],[136,92],[173,72],[107,-5],[156,-37],[81,32],[205,31],[49,-61],[-65,-40],[-203,-19],[-101,-46],[231,-4],[28,-55],[95,-73],[66,-12],[-76,115],[185,154],[86,-21],[112,-89],[65,-167],[30,-11],[145,-145],[7,101],[-53,43],[-26,138],[-50,88],[-10,86],[125,5],[-40,50],[18,40],[76,30],[89,-48],[182,-22],[81,-28],[149,-98],[-101,-92],[13,-42],[157,78],[105,-50],[43,-59],[18,-163],[132,15],[102,-11],[33,-87],[151,-39],[298,-53],[-4,-62],[-131,-59],[-230,-3]],[[59193,98037],[-74,-54],[-339,-35],[-32,25],[401,52],[44,12]],[[57547,97948],[-6,-125],[-64,-8],[-118,-68],[-186,-56],[39,-58],[-89,-74],[-128,-35],[-115,20],[-134,-35],[-65,-70],[-313,19],[-142,108],[-196,-22],[-58,15],[-190,-11],[-24,46],[-148,6],[-142,49],[-15,33],[160,20],[74,23],[382,12],[10,67],[-476,-22],[-191,-38],[-195,3],[-84,36],[-93,75],[183,38],[-119,33],[-102,87],[156,-4],[230,-26],[-82,69],[65,40],[76,-58],[63,36],[-8,36],[-78,21],[-17,43],[93,17],[108,-41],[192,-121],[268,35],[-23,-72],[169,-21],[53,115],[-64,31],[15,36],[124,-8],[-23,53],[144,-30],[10,-94],[-69,-24],[151,-61],[57,24],[-13,53],[172,32],[129,-17],[14,-23],[193,-19],[98,-25],[241,-7],[101,-58]],[[55728,91592],[87,-40],[-8,-42],[46,-14],[109,-105],[126,-69],[43,-52],[64,-1],[84,-29],[124,-73],[28,-47],[-1,-50],[50,-1],[15,-44],[77,-69],[-45,-29],[-4,-83],[19,-87],[-34,-58],[93,-38],[-8,-75],[-32,-12],[-11,-67],[28,-59],[70,-93],[18,-44],[-30,-35],[-3,-108],[-66,-74],[22,-132],[46,-26],[37,-65],[9,-58],[30,-72]],[[56711,89741],[-57,-19],[-162,19],[-80,-55],[-69,46],[-74,-6],[-28,27],[-40,-4],[10,-43],[-29,-56],[35,-21],[-59,-43],[-75,-30],[36,-20],[-24,-32],[-126,-10],[59,-62],[-46,-32],[23,-47],[-42,-54],[-25,-55],[-34,-2],[-21,-69],[37,-79],[-19,-44],[36,-8],[32,-70],[32,-20],[-41,-47],[-59,-37],[-78,-91],[-19,-95],[-58,-107],[-51,14],[-52,-47],[-2,-50],[-66,7],[-53,-39],[-36,-43],[-82,-8],[0,-45],[-50,6],[-5,-65],[-28,-6],[-35,-79],[-33,18],[-44,-32],[-40,12],[-40,-89],[13,-69],[-31,-36],[-37,24],[-34,-35],[-61,0],[32,-132],[-50,-53],[-47,-2],[-32,-33],[-39,56],[-26,-23],[1,-54],[62,-115],[-63,-161],[-1,-55],[17,-61],[-84,-50],[-4,-37],[26,-49],[-20,-50],[4,-53],[26,-42],[-15,-165],[24,-29],[10,-67],[-12,-48],[49,-35],[44,6],[18,-76],[78,48],[13,-46],[37,-32],[50,-66],[41,0],[-2,-90],[64,-26],[48,-46],[22,-70],[47,-29],[-58,-54],[62,-17],[-14,-26],[-37,4],[-34,-19],[-26,-55],[-114,-106],[-36,12],[-29,-26],[36,-41],[41,28],[45,-16],[-56,-50],[32,-49],[-98,-67],[-31,-86],[-50,8],[3,65],[-36,-11],[-11,-87],[-31,11],[-6,-54],[-51,-35],[-31,0],[-19,-41],[-47,-20],[-192,25],[49,-42],[63,18],[41,-31],[22,-52],[-40,-27],[16,-64],[-13,-33],[25,-35],[-39,-116],[26,-47],[-18,-19],[-33,26],[-36,-24],[60,-75],[-18,-47],[5,-72],[16,-49],[-9,-36],[-34,-29],[-13,-37],[-6,-68],[24,-39],[-31,-55],[8,-37],[-17,-81],[-14,-29],[6,-48],[-34,-14],[-12,-59],[-33,-74],[-15,-95],[-52,-97],[-34,41],[-44,28],[-22,-17],[-123,-13],[-27,11],[-74,-15],[23,-67],[-15,-17],[-41,31],[-61,-59],[-39,-76],[-3,-55],[45,-93],[1,-23],[-50,-77],[-25,-2],[-58,27],[-71,-9],[-68,-42],[-29,0],[-77,32],[-20,69],[0,34],[37,55],[-39,43],[1,48],[-29,31],[-19,63],[-40,69],[-29,92],[56,-31],[35,25],[-59,89],[26,27],[33,-14],[24,25],[4,35],[-17,59],[-39,-1],[-32,59],[-5,41],[-62,52],[-12,63],[-17,13],[-18,60],[-27,142],[-14,37],[-43,38],[-16,91],[-39,23],[13,36],[-16,55],[30,90],[-5,19],[25,75],[-19,73],[-22,0],[-44,-45],[-20,6],[-32,55],[-44,9],[10,65],[-3,96],[-19,50],[14,36],[-11,63],[-23,26],[6,45],[25,34],[38,1],[23,-58]],[[54756,84844],[-67,-232],[-28,-61],[-38,-140],[-22,-128],[-21,-61],[-21,-6],[-4,182],[61,188],[27,12],[48,130],[21,107],[44,9]],[[55288,85160],[-27,-80],[-36,-11],[0,-59],[-14,-58],[8,-33],[39,-26],[-45,-23],[-28,-39],[13,-31],[-79,-51],[-24,-41],[4,-54],[-43,-43],[7,126],[-36,72],[22,70],[-18,75],[13,39],[46,54],[38,76],[37,16],[17,40],[35,-36],[32,34],[39,-17]],[[53260,85270],[-2,-35],[-38,-36],[-18,11],[-1,55],[59,5]],[[53279,85369],[0,-61],[-27,-16],[-78,37],[86,71],[19,-31]],[[57724,86706],[-29,-39],[-69,-12],[-24,19],[-87,29],[-16,-34],[-86,-40],[-56,14],[-45,-35],[-64,23],[-58,-59],[10,-32],[-52,-10],[-58,46],[-6,-47],[-85,0],[-6,-36],[-63,-23],[-49,0],[-46,-24],[-39,-60],[-26,5],[-22,38],[-74,-36],[-71,-24],[-59,6],[-90,-46],[-13,30],[4,57],[-40,-5],[-54,83],[39,53],[-18,23],[-57,-45],[-35,-11],[-45,15],[50,75],[-93,4],[-64,31],[-52,54],[-28,43],[-31,-22],[-14,-45],[-40,69],[-13,87],[-27,44],[19,60],[-16,37],[35,56],[-5,31],[28,40],[-9,170],[31,15],[-9,47],[-34,76],[5,30],[-32,73],[-38,27],[15,79],[28,49],[-20,23],[6,62],[-37,3],[-25,78],[22,61],[-35,11],[22,48],[-10,44],[32,45],[43,9],[22,44],[-6,50],[49,96],[70,32],[10,-49],[83,37],[47,48],[-49,63],[21,47],[44,-14],[19,77],[49,46],[43,-32],[27,56],[-1,33],[124,84],[3,58],[62,-12],[3,44],[31,61],[30,10],[45,88],[97,87],[22,83],[33,52],[32,14],[32,44],[83,29],[52,-57],[30,47],[-35,17],[-6,36],[62,-14],[-45,130],[20,168],[-74,70],[-74,33],[-41,-10],[-43,87],[-31,-16],[-68,31]],[[56345,86527],[1,-75],[-33,-37],[-72,-29],[-1,108],[105,33]],[[56110,86580],[-57,23],[39,28],[18,-51]],[[55950,88258],[-50,-56],[-9,41],[59,15]],[[56942,89299],[-48,-7],[-52,-43],[-20,40],[26,24],[50,9],[44,-23]],[[79997,64207],[-31,27],[-28,-17],[-9,-53],[-27,-20],[-14,-45],[-35,3],[-23,-14],[-1,-55],[-15,-103],[-30,-4],[-18,-38],[-26,19],[-33,-6],[-22,-42],[-24,35],[10,25],[-24,25],[-15,-41],[21,-11],[-1,-78],[11,-42],[-24,-23],[-21,-43],[-17,-53],[8,-44],[-6,-46],[5,-53],[-6,-25],[-49,-16],[-37,-83],[-43,-55],[-22,20],[-20,-43],[-9,-91],[-15,-27],[-16,-70],[2,-36],[-10,-82],[8,-66],[-18,-24],[-2,-74],[-26,-25],[-9,-46],[10,-54],[38,-83],[11,-89],[42,-110],[34,-65],[48,-49],[37,-57],[33,-90],[-21,-44],[6,-72],[-26,10],[1,-38],[35,-10],[36,-122],[36,-78],[96,-142],[6,-45],[24,-59],[107,-180],[19,-56],[24,-20],[15,-86],[23,-21],[14,46],[34,-58],[23,-23],[-2,-56],[27,-17],[18,-77],[30,-51],[12,-69],[45,-126],[3,-42],[21,-6],[23,-41],[26,-22],[12,-46],[-7,-59],[12,-100],[19,-91],[19,-53],[-1,-87],[15,-73],[0,-32],[14,-53],[24,-221],[11,-26],[-1,-67],[-21,-9],[4,-58],[15,-38],[-18,-67],[0,-39],[22,-30],[3,-47],[-4,-73],[44,-126],[-2,-36],[-22,-11],[-1,-32],[-20,-15],[-27,-60],[0,-55],[26,-42],[10,-39],[-15,-31],[-21,18],[0,-89],[6,-55],[-4,-40],[21,-58],[-25,-11],[-20,-49],[19,-21],[13,-53],[-29,-95],[-19,8],[-11,-38],[-3,-93],[-24,-26],[-31,7],[-17,-38],[-8,-44],[-42,-1],[-18,-23],[-12,-50],[-30,-25],[-5,-32],[-24,-1],[-42,-19],[-12,-29],[-18,-97],[-32,10],[-28,-34],[-56,-51],[-14,-33],[-57,-40],[-15,-37],[-15,13],[0,19],[-12,25],[-59,14],[-5,57],[-17,29],[-15,-12],[-16,32],[-8,-10],[8,-37],[-5,-16],[-6,-31],[16,-75],[-4,-68],[-80,16],[-2,-12],[67,-47],[21,-25],[-2,-27],[-34,-45],[-15,-53],[23,-25],[-24,-46],[-60,91],[-69,146],[8,-46],[30,-56],[30,-68],[24,-41],[14,-57],[13,-13],[1,-53],[-26,-58],[-24,-3],[-41,51],[-51,100],[-27,67],[-18,32],[-18,2],[65,-133],[5,-32],[29,-87],[-1,-99],[-48,-32],[-133,-107],[-27,-50],[-30,-116],[-21,-46],[-21,-11],[-23,-62],[-68,-39],[-29,14],[23,40],[5,40],[-22,51],[11,69],[-2,62],[8,294],[6,105],[10,65],[22,2],[29,51],[3,31],[-23,55],[-29,3],[-26,63],[-27,9],[-26,-44],[-7,66],[-39,91]],[[79013,57833],[12,5],[17,52],[20,9],[41,-10],[22,9],[25,63],[28,29],[6,32],[-14,59],[4,37],[62,-17],[21,-21],[23,66],[17,-12],[44,19],[34,24],[30,-102],[20,33],[24,-44],[38,-20],[-7,106],[8,49],[-27,22],[-25,56],[-20,17],[-16,49],[8,63],[-5,77],[-14,45],[15,21],[21,-11],[23,73],[39,-13],[36,-42],[31,42],[12,67],[-13,61],[68,-5],[18,6],[13,47],[46,8],[17,18],[49,103],[46,30],[27,-43],[27,52],[12,74],[2,77],[-8,111],[-11,34],[-10,94],[41,200],[-3,96],[-23,90],[-19,53],[1,72],[-5,44],[-24,20],[-7,57],[11,69],[-2,48],[10,57],[19,7],[14,62],[4,94]],[[79866,60301],[-8,58],[18,41],[-26,47],[-5,39],[37,13],[2,32],[20,59],[0,44],[-16,28],[-7,46],[-22,5],[-13,51],[-22,-7],[-15,53],[-18,25],[-10,55],[-15,18],[4,52],[17,4],[43,46],[15,43],[-3,34],[-38,-3],[-16,38],[-24,21],[-10,51],[-18,23],[-24,3],[-30,64],[2,54],[-12,15],[-19,-59],[-27,24],[-5,67],[-25,30],[-4,26],[0,166],[-32,10],[-10,55],[-21,53],[-13,65],[-21,-19],[-46,79],[-48,118],[-31,38],[-39,129],[3,43],[-36,94],[-7,38],[-23,-24],[-20,26],[-39,71],[2,27],[-23,51],[6,56],[19,45],[-16,39],[-49,19],[-17,27],[-42,8],[-50,66],[-17,41],[-23,9],[-12,32],[-58,77],[-31,28],[-17,-3],[-33,53],[24,37],[27,18],[14,41],[-5,43],[-15,24],[20,30],[39,31],[18,-30],[24,18],[35,-48],[32,9],[9,46],[42,54],[-7,67],[26,43],[22,15],[1,48],[-14,48],[-24,26],[-36,-14],[-9,9],[6,74],[-29,42],[-40,-1],[-20,16],[24,55],[27,0],[18,49],[-2,23],[-30,24],[-11,36],[-18,4],[-26,63],[-28,29],[-38,16],[-29,-34],[-49,-37],[-5,-49],[-26,-53],[-24,43],[-23,9],[-19,42],[-18,-19],[-40,21],[-29,25],[-28,99],[-17,17],[-18,91],[2,154],[22,46],[-7,93],[-23,-18],[-22,20],[-18,-45],[-20,-2],[-4,75],[-12,65],[-32,32],[2,37],[-26,55],[-46,64],[-20,44],[-9,54]],[[79769,57859],[9,-15],[-32,-66],[-3,39],[26,42]],[[78911,57805],[1,-70],[-21,-126],[-7,74],[-13,62],[-23,32],[22,26],[19,49],[22,-47]],[[79687,57857],[-10,-32],[-23,48],[-1,45],[9,20],[-9,37],[6,0],[9,-18],[11,-12],[-2,-31],[10,-57]],[[79744,63812],[-7,-45],[-14,6],[-27,49],[32,26],[16,-36]],[[79883,64049],[-31,-67],[-27,-21],[13,79],[13,46],[32,-37]],[[79013,57833],[-45,70],[-60,9],[-35,19],[-19,40],[-6,-41],[-30,-45],[-34,-5],[-33,78],[17,52],[29,18],[14,79],[-17,78],[-36,76],[-16,-16],[-20,-144],[-35,28],[-26,-39],[-24,40],[5,130],[-10,65],[10,107],[-23,48],[-16,-7],[4,82],[-21,-15]],[[78586,58540],[0,69],[-19,57],[-16,79],[-24,79],[4,117],[14,42],[-28,68],[-29,56],[-20,17],[5,80],[-11,74],[2,45],[-25,75],[-15,80],[1,167],[50,1],[17,73],[35,39],[20,101],[27,48],[14,95],[46,64],[52,32],[51,13],[26,27],[37,-21],[39,-10],[13,-14],[29,14],[7,-13],[31,21],[38,11],[59,-25],[23,2],[14,29],[37,0],[12,17],[57,-34],[0,-46],[20,-50],[15,9],[23,67]],[[79217,60095],[1,-32],[19,-62],[26,-44],[28,6],[23,27],[23,-35],[36,-9],[12,-45],[23,-42],[49,-12],[27,90],[-19,59],[-18,29],[-12,62],[26,23],[25,-3],[14,19],[9,48],[24,-23],[27,13],[5,33],[21,38],[8,-39],[18,-32],[28,-21],[24,-62],[42,1],[24,65],[13,-21],[37,54],[21,60],[36,-32],[10,52],[19,41]],[[51608,80362],[26,61],[-47,137],[27,56],[17,68],[24,40],[44,-26]],[[65632,66592],[17,-13],[9,-46],[-3,-91],[6,-23],[-6,-155],[6,-46]],[[65329,64908],[-23,-48],[-269,69],[-193,49],[-238,61],[-13,14],[-87,215],[-175,432],[-7,102]],[[64324,65802],[39,-20],[17,-26],[11,-101],[59,-7],[13,-14],[43,6],[33,19],[81,105],[10,-26],[47,4],[30,-8],[15,16],[18,-25],[27,28],[25,-41],[51,12],[40,-41],[76,7],[27,24],[47,24],[18,34],[38,39],[17,-10],[17,36],[11,62],[21,19],[28,127],[-6,32],[19,41],[45,48],[59,74],[60,139],[17,52],[31,37],[15,75],[28,-4],[9,36],[28,47],[23,20],[48,95],[17,105]],[[64904,65746],[18,41],[33,20],[32,-37],[-10,-35],[-49,-3],[-24,14]],[[64811,65806],[-25,19],[36,32],[-11,-51]],[[50700,81255],[168,139],[62,27]],[[50930,81421],[12,-74],[67,23],[39,-19],[9,-28],[33,0],[54,38],[28,55]],[[51172,81416],[11,1]],[[51183,81417],[37,-11],[-5,53],[41,20],[5,-33],[31,4],[22,34],[49,-54],[29,48],[19,-21],[-4,-37],[41,-67],[48,0],[23,17],[21,-39],[82,-47],[-56,-186],[43,-36],[56,-2]],[[62897,75958],[-37,-80],[-25,2],[-8,-28],[4,-55],[17,3],[12,-61],[41,-48],[40,-31],[29,-59],[-14,-36],[-6,-54],[-35,-40],[-46,41],[-33,49],[-67,-19],[-42,24],[-30,33],[3,43],[-58,31],[-14,20],[-59,8],[-69,-88]],[[62500,75613],[-13,-16],[-37,6],[0,-39],[-58,10],[-17,-27],[-54,20],[-25,-9],[-21,20],[-19,-30],[-72,-11],[-37,-30],[-46,10],[-35,-10]],[[62066,75507],[-1,28],[-32,21],[-25,-11],[-30,80],[-34,41],[-12,31],[-53,39],[10,43],[-39,5],[-27,-12],[-23,-72],[-12,-7],[-78,40],[-39,-8],[-19,11],[-41,-46],[-30,37],[-48,14]],[[61533,75741],[26,69],[17,17],[27,91],[-5,107],[-25,62],[-19,135],[-12,24],[-15,144],[-12,42],[-20,25],[-50,27],[-15,-5],[-35,112],[-25,-4],[-22,46],[-48,18],[-28,-3],[-51,43],[-17,-13],[-33,103],[-64,40]],[[55713,75948],[31,-17],[19,36],[5,91],[12,17],[54,28],[26,31],[39,-57],[32,69],[58,17]],[[55989,76163],[32,-7],[39,41],[34,16],[43,-16],[38,25],[31,-20]],[[56206,76202],[52,-106],[54,-50],[33,-16],[10,-82],[36,-90],[-21,-76],[5,-90],[-10,-53]],[[56365,75639],[-46,-12],[-6,-86],[-20,7],[-19,-31],[-46,-6],[-67,26],[-22,-22],[-20,10],[-34,-24],[-4,-25],[-44,-77],[-22,-1],[-21,-30],[-20,20],[-35,0],[-24,-23],[-31,5],[-61,-11]],[[55823,75359],[-7,33],[-28,10],[-20,-18],[-18,25],[-11,70],[-24,20],[-27,130],[17,47],[-14,20],[-13,66],[25,25],[-9,81],[19,80]],[[55823,75359],[0,-66],[20,-55],[-5,-47],[-30,-57],[-23,3],[-34,-102],[-18,-114],[-58,-15],[-32,-84],[21,-47],[-26,-18],[0,-44],[-27,-51],[-56,31]],[[55555,74693],[-5,37],[10,50],[-31,39],[5,23],[-19,56],[-30,20],[-75,74],[-27,47],[26,31],[1,61],[-16,22],[-31,87],[29,130],[31,44],[-21,37],[5,102],[14,40],[-24,33],[-5,40],[42,116],[6,135],[-43,28],[-18,-9]],[[55379,75936],[-6,63],[8,77],[-28,49],[35,84],[5,28],[28,48],[24,73],[37,23],[-1,-58],[24,-33],[68,46]],[[55573,76336],[20,-21],[31,-110],[24,-1],[46,-61],[14,-51],[13,-101],[-8,-43]],[[63494,75932],[21,-26],[58,-124],[11,-35],[38,-63],[26,-80],[17,-126],[52,-110],[43,-45],[-8,-57],[22,-37],[38,-25],[37,-8],[54,10],[21,-38],[30,-13],[28,-52],[9,-71],[-39,35],[-48,5],[-15,-16],[-30,26],[-32,-54],[-56,-34],[-24,-36],[-14,-43],[12,-52],[-17,-36],[6,-31],[-14,-52],[8,-42],[-29,-51],[-6,-83],[31,-52],[-5,-47],[-23,24],[-20,-39],[1,-63],[-13,-88],[-19,7],[3,42],[-21,41],[-26,6],[-9,-34],[5,-53],[-8,-56],[-23,-76],[6,-27],[4,-186]],[[63576,73967],[-27,7],[-47,-28],[-49,100],[-5,27],[-29,-10],[-23,36],[-5,39],[-55,53],[-6,40],[19,33],[51,14],[18,42],[-10,36],[-36,42],[-10,31],[5,36],[60,47],[-80,156],[-26,33],[-31,-13],[-66,-70],[-15,-24],[-50,-38],[-23,-44],[-53,-41],[-22,-68],[-43,-14],[-34,-72],[-37,-62],[-27,-29]],[[62920,74226],[-11,53],[1,81],[-23,28],[6,27],[30,-15],[20,23],[-28,57],[-34,32],[9,41],[20,6],[14,44],[-51,47],[-39,-18],[-44,57],[-19,47],[-32,21],[-27,67],[-43,22],[8,38],[65,-9],[21,62],[8,61],[-109,101],[-16,24],[-43,135],[18,34],[33,25],[12,49],[-17,8],[-34,49],[-54,31],[-15,53],[5,29],[-37,20],[-14,57]],[[62815,74215],[-116,52],[-52,9],[-26,20],[-25,92],[-47,32],[-35,96],[-27,28],[-19,98],[-22,20]],[[62446,74662],[-9,36]],[[62437,74698],[42,13],[30,26],[30,-49],[7,-69],[26,20],[14,-38],[40,-26],[36,33],[36,13],[20,-11],[4,-58],[-10,-54],[54,-48],[0,-69],[18,-51],[31,-115]],[[55573,76336],[11,61],[-22,41],[14,29],[30,-18],[7,28],[38,21]],[[55651,76498],[36,16],[0,64],[34,23],[13,26],[-13,77],[55,45],[12,-54],[46,-41],[24,-5],[13,-49],[24,-18],[10,-50],[39,-19],[-6,-63],[52,-14],[13,-23],[35,1],[-6,-75],[-25,-53],[-3,-42],[-28,-40],[13,-41]],[[59975,72518],[18,58],[-8,40],[-42,112],[-2,22],[69,119],[42,45],[7,30],[-7,83],[-17,39],[-30,33],[-60,-87],[-55,-20],[7,-77],[-33,4],[-46,-40],[-85,87],[-31,19],[-44,51],[-22,-2],[-38,-26],[-39,-61],[-38,-43],[-28,-66],[-28,-34],[0,-49],[-40,-22],[-17,14],[-20,-48],[-42,-22],[-29,-28],[-114,-7],[-13,-29],[-40,12],[-38,-44],[-37,12],[-44,32],[-41,43],[-48,104],[-25,74],[-21,33],[-72,38],[-9,19],[-91,69],[-19,26],[-111,28],[-46,-4],[-25,24],[-23,-31],[-9,-32],[-3,-93],[3,-53],[-26,-73],[12,-34],[-22,-60],[-52,40],[-26,-5],[-4,-26],[-65,-21],[-32,-42],[-35,-1],[-19,37],[-30,2],[-32,29],[-16,-8],[-24,44],[-16,9],[-15,45],[-2,78],[-26,21],[21,44],[-39,36],[-26,-20],[-32,2],[-40,21],[-50,55],[-8,-23],[-44,14],[5,-49],[-26,-32],[-14,-39],[-19,66],[-85,24],[-18,-60],[-33,16],[-24,-18],[-11,47],[51,17],[10,24],[32,-14],[10,14],[65,-8],[3,84],[40,0],[33,65],[-59,-17],[-30,8],[-57,-24],[-17,7],[-65,-9],[-13,22],[-48,-38],[-10,57],[21,33],[23,6],[24,-21],[22,22],[18,83],[-18,-1],[-62,45],[-39,3],[9,69],[-11,39],[7,30],[-22,53],[34,32],[-4,58],[11,49],[-10,34],[-34,3],[-15,27],[-32,15],[-23,-15],[-11,60],[-18,41],[-35,-7],[-8,-55],[-46,60],[-31,13],[-18,30],[59,46],[10,38],[-30,31],[-16,77],[19,34],[25,-16],[35,-76],[-5,-60],[43,-30],[43,8],[4,33],[-25,94],[-26,11],[-10,60],[28,20],[54,66],[-14,40],[-23,-14],[-20,20],[0,48],[21,22],[-17,44],[-23,28],[-19,63],[71,103],[-9,57],[-121,-36],[-27,-23],[-58,-13],[-23,21],[22,75],[1,182],[13,38],[31,7],[23,51],[4,49],[26,11],[65,110],[77,-7],[23,35],[58,3],[9,-50],[32,-28],[31,-7],[63,6],[21,28],[-30,36],[-21,41],[22,20],[58,-20],[13,-30],[-20,-49],[46,17],[66,5],[55,-7],[25,-15],[38,21],[51,-22],[30,7],[13,52],[-54,3],[-35,47],[54,53],[82,12],[61,36],[17,-22],[53,20],[-24,34],[-86,-13],[-26,62],[-65,65],[28,132],[28,17],[108,-36],[74,-17],[70,-3],[37,39],[28,-17],[91,-35],[37,-24],[72,3],[44,12],[42,56],[1,66],[71,46],[59,62],[73,54],[35,70],[25,5],[72,64],[88,24],[110,79],[153,-26],[36,5],[91,-20],[42,16],[59,-17],[29,9],[25,27],[16,52],[21,-4],[23,-40],[-2,-63],[35,-87],[20,-27],[65,-46],[25,-1],[76,43],[11,14],[31,-18],[21,-42],[4,-96],[28,-59],[60,-68],[33,33],[14,44],[60,-14],[41,-32],[15,-65],[27,-20],[35,0],[37,-22],[30,-38],[29,4],[13,39],[36,3],[0,-36],[31,-45],[24,5],[97,-42],[58,5],[27,28],[22,-12],[19,27],[40,24],[31,0],[32,20],[33,-16],[43,36],[18,-7],[27,-43],[38,-5],[36,-30],[39,10],[40,-34],[44,26],[46,47],[25,-4],[39,32],[36,57],[20,-6],[34,21],[28,36],[75,54],[36,77]],[[62066,75507],[6,-49],[40,-34],[29,-104],[5,-61],[-21,-85],[-25,-37],[18,-26],[-9,-43],[23,-45],[12,-56],[-15,-34],[68,-50],[34,-9],[62,20],[58,-41],[28,-57],[32,-43],[26,-55]],[[62446,74662],[-67,73],[-30,-39],[-11,-72],[-4,-80],[-38,-30],[-19,15],[-38,-5],[-4,-36],[8,-79],[30,-32],[-2,-63],[-11,-24],[15,-59],[23,-28],[-7,-70],[13,-57],[-2,-138],[38,-3],[9,-32],[-24,-42],[-11,-85],[-31,-76],[0,-54],[44,-13],[20,-50],[15,7],[25,-36],[-15,-48],[13,-28],[-6,-79],[65,-89],[-11,-34],[1,-53]],[[62434,73223],[-9,15],[-43,-1],[-41,-58],[-24,-13],[-10,-38],[-20,4],[-15,60],[16,41],[-4,55],[-38,33],[-27,1],[-27,-51],[-115,11],[-40,44],[-20,-5],[-50,33],[-41,-28],[-46,31],[-19,-28],[-39,-103],[-57,-21]],[[57782,76005],[-13,-86],[33,-84],[7,-38],[33,-53],[42,-41],[146,-104],[55,-18],[-10,-61],[-25,-74],[-44,-23],[-55,4],[-46,37],[-62,30],[-62,-25],[-20,-40],[-57,24],[-59,-14],[-15,-27],[-13,-64],[-38,-73],[-30,-41],[-36,-12],[-102,-90],[-18,-56],[-48,-67],[-27,-25],[8,-26],[-40,-51],[-5,46],[15,65],[-13,42],[28,20],[31,43],[45,40],[21,1],[44,52],[-11,34],[-135,-34],[-63,6],[-9,73]],[[57234,75295],[25,16],[35,88],[27,26],[5,38],[-15,33],[3,96],[17,2],[41,54],[26,15],[-11,126],[-73,67]],[[57314,75856],[12,60],[42,4],[27,83],[87,16],[24,45],[42,-10],[27,20],[41,-68],[32,-38],[21,26],[55,23],[58,-12]],[[57225,74965],[0,-12],[-68,-28],[-29,17],[27,46],[43,20],[27,-43]],[[57682,75245],[-15,-43],[-21,35],[36,8]],[[50883,76270],[-2,-39],[40,-24],[-15,-48],[-31,10],[-8,-67],[25,-41],[6,-60],[-23,-69],[-104,-115],[-91,-64],[-43,-40],[-46,-93],[-19,-17],[-145,-50],[-89,-47],[-10,-25],[-35,2],[-18,-15],[-77,-129],[44,-62],[-25,-27],[-51,-27],[-14,-24],[-55,-166],[-40,-65],[-17,-53],[-22,-27],[-19,-58],[-54,-125],[-4,-29],[-31,-85],[6,-112],[24,-81],[1,-59],[25,-74],[31,-47],[45,-22],[23,-42],[-42,-56],[-28,-21],[-21,-51],[-31,-9],[-35,-29],[-23,-60],[-30,-39],[4,-52],[-29,-17],[-10,-36],[-2,-73],[-18,-26],[-37,-127],[12,-32],[29,-28],[-61,-36],[-41,15],[-27,-22],[-21,20],[-22,-10],[-41,-46],[-5,-28],[-51,-40],[-39,-90],[-24,-148],[-29,-36],[-19,-65],[-37,-22],[-22,42],[-22,16],[-59,-15],[-23,-67],[-27,-9],[-49,42],[-15,-9],[-67,10],[-28,-5],[-24,-29],[-38,10],[-14,17],[-36,-10],[-30,16],[-34,-15],[-26,12],[-47,-20],[-58,-1],[-25,-75],[-55,-50],[-50,7],[-26,-28],[-53,-27],[-41,-128],[-1,-27]],[[48517,72647],[-6,0]],[[48511,72647],[-22,12],[-2,-60],[-46,-30],[-5,18],[-46,28],[-34,57],[-33,3],[-19,52],[-15,14],[-17,56],[-4,100],[-45,35],[-11,66],[21,20],[-39,100],[-68,82],[-41,38],[-38,22],[-107,-7]],[[47940,73253],[-17,173],[-15,42],[16,40],[13,66],[25,35],[18,79],[41,53],[27,-11],[22,101],[-50,-4],[-11,47],[-42,88],[-12,13],[25,167],[33,47],[26,21],[-2,28],[25,63],[-18,55],[-35,3],[-1,33],[-21,14],[-2,43],[-21,41],[4,67],[-24,21],[-32,57],[-12,50],[60,-5],[85,10],[10,66],[21,39],[12,80],[-45,99],[25,41],[16,1],[28,59],[-17,49],[11,35],[-9,36],[10,47],[-7,111],[-29,101],[35,22],[16,57],[31,66],[42,16],[49,72],[32,87],[-45,53],[-52,7],[-7,37],[15,74],[-37,38],[-55,5],[-38,14],[-16,-14],[-26,26],[-30,-71],[-43,-17],[-17,10],[-33,-16],[-6,28],[-31,15],[-49,-24],[-27,4],[-15,-28],[-37,-3],[-14,44],[14,45],[20,26],[-23,30],[-8,53],[-35,-30],[-78,-29],[-34,-48]],[[47569,76003],[-36,-35],[-5,112],[28,90],[-20,90],[-18,37],[34,14],[-3,38],[-23,32],[-21,-42],[-25,25],[26,113],[-38,-15],[-8,90],[-23,11],[-7,44],[9,80],[22,26],[24,-3],[23,52],[36,30],[41,-26],[52,22],[17,25],[64,29],[-33,27],[7,43],[61,63],[8,31],[79,19],[65,-7],[48,-29],[18,-47],[20,-17],[128,0],[34,6],[38,-19],[54,13],[26,15],[43,-15],[45,11],[15,43],[40,-54],[79,-5],[14,-23],[25,7],[29,-25],[95,-23],[28,-19],[84,-8],[13,-11],[55,13],[101,52],[30,-8],[45,20],[24,-36],[99,-58],[23,10],[28,38],[48,7],[76,-45],[32,-32],[74,-7],[85,47]],[[50397,76364],[-7,-62],[12,-31],[53,19],[19,21]],[[45018,67873],[15,-21],[-32,-100],[-16,28],[-30,18],[6,27],[23,-7],[34,55]],[[45724,67976],[4,-103],[-21,-35],[-35,-33],[-30,17],[-27,47],[-9,87],[25,35],[6,64],[30,-12],[50,-3],[7,-64]],[[45191,68078],[27,-1],[27,-34],[5,-27],[-37,-47],[-31,46],[9,63]],[[45436,68045],[-33,-73],[-36,-15],[-44,122],[-22,84],[21,21],[19,-15],[30,20],[43,14],[28,55],[30,27],[48,-13],[-29,-32],[-35,-62],[0,-38],[-17,-60],[-3,-35]],[[46118,68382],[21,11],[17,-23],[2,-94],[-8,-42],[3,-47],[-18,-69],[-15,-28],[-30,-9],[-38,-30],[-25,-54],[-19,-9],[-18,28],[46,44],[15,34],[19,108],[31,95],[17,85]],[[45067,68430],[10,-51],[-12,-30],[5,-33],[-23,-95],[-48,169],[25,61],[43,-21]],[[46254,68672],[18,-17],[-12,-45],[-5,-76],[-39,-41],[-25,-8],[-18,-43],[-23,11],[7,81],[23,47],[62,40],[12,51]],[[50423,74108],[-39,1],[15,40],[24,-41]],[[50446,74346],[4,-36],[-31,-57],[-46,-39],[-24,-2],[-13,26],[23,75],[17,25],[50,23],[20,-15]],[[50931,74745],[32,-26],[-17,-85],[-23,-39],[-12,-60],[-17,-34],[-44,-53],[-29,55],[-37,0],[-17,21],[-2,59],[-28,36],[-45,-55],[-11,39],[-20,-5],[-7,48],[59,58],[38,58],[63,58],[58,8],[-4,-67],[10,-25],[36,-11],[17,20]],[[51195,74826],[-1,-59],[-14,-3],[-65,63],[-41,-1],[-18,51],[5,20],[80,11],[40,-40],[14,-42]],[[79217,60095],[42,23],[22,24],[22,63],[5,32],[-6,111],[12,85],[14,25],[-39,90],[3,24],[31,56],[-2,31],[-20,28],[28,28],[18,122],[-11,50],[-24,24],[-22,1],[-21,67],[-2,42],[11,37],[-46,19],[-44,31],[-10,21],[-8,78],[-30,44],[-11,49],[-31,52],[6,108],[-6,47],[-3,131],[18,84],[2,116],[-28,82],[-65,72],[-17,34],[-19,69],[-18,22],[-21,87],[-28,61],[-12,58],[-19,60],[-13,8],[-26,-27],[-8,20],[-34,17],[-28,29],[-58,23],[-38,-23],[-6,-37],[9,-35],[-24,-10],[-13,-53],[-16,-18],[-2,-57],[-10,-26],[-28,10],[-24,-21],[-36,-52],[-17,-40],[-18,22],[5,37],[-13,32],[-43,14],[-29,33],[-32,58],[-11,33],[-21,2],[-48,-101],[-32,21],[-17,-93],[-42,-26],[-6,-44],[-28,-24],[-58,-91],[-31,-75],[-42,50],[-22,8],[17,136],[12,56],[16,22],[28,69],[-7,41],[5,46],[-9,24],[5,52],[-32,53],[13,47],[22,27],[3,28],[20,39],[-8,22],[6,104],[24,91],[-25,54],[1,47],[-11,131],[13,11],[2,56],[-34,-2],[-41,27],[-28,0],[-36,-74],[-38,33],[-12,-26],[-29,23],[-21,131],[25,58],[19,116],[-4,48],[-19,24],[-27,102],[-16,18],[-24,-29],[-29,-58],[-4,40]],[[77805,63534],[13,133],[18,86],[22,44],[26,33],[42,-14],[-6,46],[8,81],[26,24],[14,52],[10,87],[19,-8],[59,63],[39,62],[4,22]],[[62920,74226],[-34,23],[-24,-4],[-47,-30]],[[52405,83448],[-5,74],[13,68],[-20,170],[-49,15],[-42,69],[-27,-33],[-27,22],[15,49],[12,94],[43,33],[11,33],[-29,86],[-49,25],[8,49],[-3,200],[22,51],[30,-36],[35,1],[46,-45],[35,-11],[-5,61],[46,101],[22,22],[42,-1],[16,-41],[-4,-52],[49,18],[-39,66],[-6,63],[35,59],[41,16],[41,-16],[25,48],[-114,-44],[-42,20],[-67,-19],[-54,-30],[-52,-128],[27,-29],[-13,-51],[-47,51],[-28,94],[88,151],[54,-1],[55,33],[70,-12],[50,14],[45,45],[59,124],[50,77],[64,5],[43,28],[33,39],[20,-11],[-31,-73],[32,-78],[-8,-26],[6,-89],[-26,-30],[-50,-159],[26,-199],[53,-27],[66,12],[49,-51],[-15,-66],[-44,-68],[-34,13],[-22,-34],[-48,14],[-44,-32],[11,-28],[-4,-106],[-26,-44],[-32,-12],[-15,-62],[-52,-20],[17,-28],[-41,-51],[-34,-64],[4,-35],[31,-68],[-6,-25],[-54,-25],[20,-65],[48,-39],[1,-66],[-55,8],[-30,-40]],[[53290,83354],[-10,-45],[-55,7],[-44,-22],[-74,60],[-43,16],[13,47],[-17,35],[20,24],[39,10],[38,-46],[57,-19],[43,14],[34,-58],[-1,-23]],[[53449,83526],[24,-7],[-1,-41],[-52,2],[-24,-34],[-27,36],[46,40],[34,4]],[[52780,83494],[15,-49],[-27,-18],[-52,33],[5,58],[45,-1],[14,-23]],[[53015,83533],[-5,-61],[-27,-106],[-28,52],[16,51],[44,64]],[[54208,83585],[-22,-82],[-81,35],[-22,21],[1,79],[13,42],[111,-95]],[[52962,83545],[-35,-20],[-63,20],[-55,69],[-21,-2],[-43,42],[0,55],[-20,53],[-36,38],[40,24],[17,-23],[117,63],[50,-42],[4,-47],[65,26],[-11,-39],[36,-77],[-3,-54],[-23,-82],[-19,-4]],[[53504,83904],[16,-47],[-33,-32],[-10,40],[27,39]],[[53344,83446],[36,-31],[-58,-83],[-59,103],[12,45],[25,14],[-21,57],[-44,61],[-62,24],[-50,-4],[-1,37],[-22,23],[14,56],[-39,150],[14,34],[36,-4],[108,123],[34,-111],[29,32],[44,78],[-45,18],[106,90],[67,-17],[38,-32],[-31,-71],[25,-71],[0,-51],[-38,-59],[-17,8],[-43,-42],[-7,-64],[61,-50],[-14,-54],[-58,-16],[-38,-50],[22,-40],[6,-44],[-53,-27],[23,-32]],[[52451,84512],[-49,-36],[-27,50],[27,71],[52,-12],[-3,-73]],[[53095,84851],[-32,-75],[-48,36],[25,23],[55,16]],[[53195,70942],[37,-41],[58,-15],[65,-72],[12,-21],[63,-51],[106,-20],[26,3],[69,36],[25,27],[52,-5],[61,-59],[60,-1],[57,-32],[51,-16],[82,-114],[45,-14],[26,-25],[51,-4],[80,-32],[24,-41],[24,-91],[-4,-70],[4,-63],[33,-152],[37,-97],[39,-62],[78,-65],[88,-28],[102,-2],[60,-23],[60,-38],[57,-18],[28,-33],[63,-40],[43,-21],[22,-39],[69,-40],[42,-75],[67,-90],[24,-45],[35,-26],[41,-48],[36,-16],[51,5],[27,14],[54,57],[23,14],[37,51],[80,178],[31,130],[0,99],[-12,53],[-23,51],[-19,93],[-9,91],[5,139],[37,126],[53,94],[83,125],[65,49],[38,46],[46,34],[52,-6],[47,24],[43,68],[30,11],[45,-27],[60,12],[15,14],[16,-35],[48,-10],[37,-45],[83,-39],[15,-17],[61,-28],[5,-75],[13,-22],[-15,-89],[28,-18],[13,-41],[45,-17],[73,-4],[48,-20],[44,-32],[25,-51],[53,1],[74,-9],[34,24],[87,-37],[14,-30],[-3,-36],[26,-67],[10,-47]],[[56986,70064],[-25,-44],[-11,-49],[-45,-66],[0,-135],[8,-73],[29,-135],[-24,-165],[-37,-96],[-24,-86],[0,-22],[35,-146],[-2,-78],[18,-67],[1,-98],[23,-101],[7,-64],[0,-398],[0,-475],[0,-577],[0,-336],[0,-504],[0,-336],[0,-504],[0,-337],[0,-336],[0,-336]],[[56939,64500],[0,-359],[0,-502],[-1,-287],[-3,-4],[-274,0],[0,-287]],[[56661,63061],[-206,211],[-137,140],[-137,141],[-172,175],[-137,141],[-172,175],[-171,176],[-206,211],[-137,140],[-138,141],[-206,211],[-205,210],[-197,202],[-6,-2],[-273,-257]],[[54161,65076],[-208,-217],[-9,3],[-167,285],[-32,35],[-176,81],[-245,114]],[[53324,65377],[-111,431],[-17,27],[-219,138],[-12,1],[-63,-45],[-16,2],[-36,56],[-19,100],[-41,45],[-4,16],[-3,237],[-14,73],[-158,414],[-7,32],[30,106],[98,87],[16,85],[-3,29],[7,81],[-23,45],[-6,60],[-23,153],[10,76],[18,48],[-8,37],[19,28],[20,143],[-40,197],[-4,33],[21,299],[-1,109],[-6,88],[-44,277],[-33,111],[-35,96],[-38,86],[65,64]],[[52644,69242],[62,59],[36,14],[34,80],[29,85],[26,51],[21,106],[-7,94],[-38,192],[3,48],[41,107],[14,20],[31,0],[24,24],[20,48],[6,65],[21,2],[34,44],[19,60],[158,133],[34,56],[-8,45],[-24,54],[2,153],[13,160]],[[52644,69242],[-71,570],[-61,491],[-7,19],[-149,190],[-34,39],[-12,34],[-10,159],[-54,148],[-29,13],[-31,39],[-34,14],[-11,40],[-5,101],[-38,118],[-21,136],[11,116],[31,59],[40,36],[16,88],[73,67],[39,68],[-7,19],[17,48],[-6,79],[18,116],[33,80],[-32,27],[-8,66],[13,61],[-3,82],[-19,57],[-4,44],[9,121],[12,63],[-3,56],[13,62],[-1,56],[-51,25],[1,20],[66,67],[15,52],[-5,36],[50,17],[-6,66]],[[52389,73107],[55,19],[29,28],[23,55],[48,44],[14,23],[37,1],[90,58],[53,-4],[1,-33],[-25,-34],[12,-35],[24,8],[6,27],[35,31],[27,-17],[4,-59],[16,-91],[36,-55],[-21,-37],[13,-39],[33,-12],[28,25],[8,53],[46,19],[43,63],[1,19],[34,26],[28,-141],[-26,-29],[-39,-115],[-23,-79],[-49,-36],[-29,-30],[-11,-69],[0,-80],[11,-57],[25,-71],[24,-40],[41,-12],[0,-39],[47,-23],[4,-72],[9,-27],[-4,-88],[19,-74],[-27,-65],[1,-34],[-28,-44],[0,-48],[-17,-25],[-43,-100],[-21,-13],[-8,-51],[-46,-28],[-15,-43],[-70,-56],[-33,-89],[12,-108],[32,-84],[46,-77],[44,-32],[63,34],[6,-60],[-18,-33],[12,-36],[18,2],[36,31],[-1,44],[20,15],[36,-54],[-5,-55],[22,-70],[-13,-30],[16,-40],[18,4],[35,-19],[37,-2]],[[53053,71323],[19,-24],[-46,-82],[-24,44],[-19,-11],[-1,97],[45,-3],[26,-21]],[[58238,77873],[5,-41],[-18,-170],[-28,-16],[-115,-26],[8,44],[-23,7],[1,81],[-46,-29],[0,-49],[20,-25],[-8,-40],[-38,-29],[-4,-89],[20,-34],[-57,-95],[7,-74],[-10,-26],[12,-87],[-18,-74],[-8,-77]],[[57938,77024],[-40,-3],[-59,15],[-67,50],[-13,67],[-22,13],[-37,-23],[-18,44],[-76,-5],[-37,61],[-62,32],[-40,-12],[-26,-23],[-49,-18],[-84,-19],[-44,-23],[-61,-82],[-42,-79],[-31,-9],[-32,-27],[-54,-9],[-30,29],[-47,8],[-33,18],[-72,-4],[-57,33],[-39,-23],[-56,-4],[-99,37],[-22,16],[-36,-5],[-30,25],[-44,4],[-54,-23],[-59,-7],[-19,36],[10,56],[38,21],[2,36],[-35,17],[-59,61]],[[56303,77305],[-3,44],[-28,13],[-21,44],[-6,55],[38,40],[22,-16],[18,24],[-40,31],[-38,50],[-16,6],[-30,-28],[-37,-98],[-22,-3],[-28,81],[-42,27],[-55,-6],[-27,54],[-41,2],[-12,46],[43,9],[-2,31],[-30,14],[4,42],[20,65],[-25,32],[-55,27],[-62,50],[-62,92],[11,21],[-12,44],[8,84],[-20,-11],[-39,89],[-25,15],[-40,46],[-27,66]],[[55622,78387],[12,21],[105,-4],[44,77],[64,-20],[31,47],[4,38],[29,19],[-10,34],[20,81],[22,6],[24,33],[5,70],[25,32],[16,47],[-4,46],[30,40],[23,53],[10,65],[39,56],[-4,57],[45,49],[31,79],[41,16],[13,25],[30,-17],[51,39],[2,21],[34,49]],[[57393,79626],[52,-1],[37,-30],[8,-36],[23,-12],[3,-37],[42,-97],[17,-100],[27,-62],[16,-16],[13,-51],[25,-14],[2,-53],[18,-40],[24,-13],[23,-80],[64,-74],[19,-47],[5,-58],[31,-99],[-4,-91],[8,-44],[-19,-81],[-19,-35],[9,-25],[-16,-105],[11,-47],[-3,-54],[11,-36],[4,-75],[-8,-41],[17,-57]],[[55622,78387],[-15,19],[-72,13],[-38,-20],[-28,23],[-39,-3],[-14,-32],[-66,-73],[-32,2],[-45,-31],[-23,0]],[[55250,78285],[-39,-27],[-24,15],[-28,-54],[-45,-42],[-56,24],[-36,-8],[-53,12],[-65,31],[-18,52],[-68,11],[-16,17],[-11,55],[-37,25],[-39,50],[-24,47],[-14,52],[-35,18],[-15,29],[-40,22]],[[54587,78614],[-4,25],[-35,48],[-29,135],[-49,0]],[[54470,78822],[38,49],[12,32],[45,16],[20,61],[-26,29],[15,61],[-12,33],[60,59],[13,40],[-16,57],[-41,10],[13,60],[22,4],[52,-43],[72,15],[-4,78],[15,72],[15,25]],[[54763,79480],[53,-4],[37,-63],[57,-58],[41,-22],[80,7],[34,-5],[88,22],[39,-8],[21,25],[-4,75],[23,51],[73,17],[34,-5],[20,15],[37,-1],[21,60],[33,21],[40,-39],[33,-17],[59,40],[10,28],[39,3],[27,47],[31,83],[0,28],[84,24],[90,-46],[88,42],[52,-70],[32,-57],[56,18],[41,2],[15,17]],[[54763,79480],[-22,17],[3,36],[-27,37],[-9,66],[-30,51],[5,45],[26,66],[-3,27]],[[55231,80346],[27,-3],[9,-66],[58,7],[21,66],[28,10],[26,39],[18,-22],[14,-63],[19,-30],[40,-5],[4,-59],[-9,-41],[22,-19],[21,21],[45,-23],[17,70],[43,20],[13,30],[53,-10],[47,15],[24,-40],[46,-20],[31,68],[33,-9],[28,28],[43,-21],[48,9],[43,-44],[17,16],[49,-57],[5,-39],[52,-22],[53,-46],[41,-12]],[[53962,82759],[42,-10],[36,13],[8,87],[-37,8],[-46,-22],[-21,27]],[[53947,82897],[43,-13],[116,68],[63,20],[77,40],[105,34],[54,30],[100,15],[29,72],[49,76],[19,14],[103,28],[27,35],[83,48],[105,23],[48,20],[119,8],[32,-33],[39,-133],[5,-67],[36,-30],[79,-21],[104,19],[65,45]],[[47986,83548],[-43,-38],[-19,-91],[-22,-52],[-52,-27],[-30,13],[-17,-40],[44,-37],[-38,-37],[-32,6],[-43,-60],[21,-34],[51,-50],[17,-51],[36,-2],[27,-35],[47,4],[36,-19],[22,54],[6,49],[44,68],[47,-40],[16,-63],[51,-37],[-9,-57],[16,-18],[69,34],[27,1]],[[48258,82989],[44,-56],[-21,-12],[-45,13],[-8,-50],[37,-29],[6,-127],[36,-39],[-5,-106],[-29,-21],[33,-41],[-1,-41],[19,-60],[-5,-58],[15,-26],[-37,-86],[-24,-86],[2,-69],[-44,-88],[-23,-22],[36,-66],[-14,-35],[-33,11],[-30,-11],[-53,17],[-30,-33],[-34,-8],[-116,-7],[-33,-38],[-10,-40],[-66,-21],[-18,-42],[-67,-44],[-21,46],[-38,4],[12,-77],[-54,-38],[-11,-25],[-88,-30],[-9,-24],[-61,-3],[-67,-44],[-22,49],[-36,-29],[-70,-36],[11,85],[86,52],[-30,19],[-22,-20],[-63,-15],[-43,-34],[13,78],[-36,8],[-34,61],[-30,-37],[-6,57],[31,17],[-4,42],[93,48],[-27,39],[-37,-12],[-30,10],[-41,-21],[-9,51],[48,46],[31,-20],[33,20],[27,-18],[31,10],[-3,100],[46,38],[3,34],[26,10],[85,4],[78,27],[16,36],[-10,48],[-49,-84],[-39,-19],[-74,28],[-75,-26],[67,85],[23,6],[20,72],[-3,51],[46,104],[31,-21],[55,24],[8,36],[-25,35],[-105,-16],[-31,-11],[-64,49],[-43,8],[11,38],[-46,-5],[-36,91],[62,33],[6,93],[95,20],[-13,59],[-40,0],[-42,-23],[0,51],[20,9],[-42,144],[56,72],[22,-12],[90,-12],[48,-17],[14,-43],[30,56],[50,-14],[107,13],[-35,50],[64,54],[26,6],[47,97],[-87,-3],[-46,-13],[-49,23],[-6,22],[85,89],[26,59],[-17,23],[29,38],[25,58],[29,-13],[38,29],[58,7],[40,-31],[39,-9],[-9,-50],[26,-1],[0,59],[-20,30],[7,44],[41,21],[10,36],[52,-46],[57,-31],[-61,-51],[-25,-47]],[[47986,83548],[32,-15],[32,16],[20,72],[53,-10],[78,40],[61,-21],[43,0],[18,-25],[-7,-54],[20,-49],[28,-28],[25,-55],[27,-12],[-13,-83],[59,-13],[28,-110],[-7,-43],[-33,6],[9,50],[-26,4],[-6,-67],[31,-8],[-18,-64],[-69,-14],[-14,-80],[-35,-32],[-64,36]],[[49259,81560],[-54,-41],[-43,-8],[-25,-20],[-22,-58],[-29,-7],[-70,8],[-49,46],[-18,57],[-20,27],[-30,-5],[-4,-30],[-82,-5],[-6,68],[-24,31],[-74,3],[-18,-47],[-38,-2],[-26,-29],[-31,35],[12,28],[-61,14],[34,33],[-5,39],[-46,36],[47,24],[14,39],[30,-11],[51,33],[39,42],[35,-2],[88,83],[28,63],[12,89],[-20,49],[21,54],[-21,33],[-2,63],[-27,18],[-50,-16],[-26,-37],[-41,-16],[-29,5],[44,69],[66,58],[5,48],[29,30],[23,37],[24,0],[83,52],[14,-18],[43,4],[64,33],[58,-52],[-17,67],[35,33],[-11,79],[41,78],[-27,35],[8,94],[38,14],[-10,45],[34,52],[-15,35],[-59,-14],[-16,-30],[-34,2],[-46,95],[-19,67],[-44,69],[37,122],[17,21],[14,70],[31,35],[-49,22],[-36,-8],[-4,-52],[-68,-7],[5,-24],[-39,-30],[-44,0],[-32,41],[-30,-21],[0,-61],[-44,2],[-25,41],[-73,52],[-27,-32],[-48,22],[-13,38],[1,54],[35,4],[10,72],[35,45],[14,65],[60,95],[-15,51],[-69,71],[16,28],[-9,78],[30,37],[-31,26],[-24,-75],[-52,37],[-45,-22],[6,66],[-38,-2],[12,-82],[24,-48],[-32,-36],[-16,-44],[10,-30],[-30,-99],[14,-27],[-35,-40],[-37,-1],[-5,56],[21,28],[-2,67],[39,111],[-18,18],[-14,74],[31,55],[17,88],[-20,54],[24,82],[32,37],[-5,50],[20,81],[-91,-112],[-52,30],[-41,39],[13,41],[-74,4],[12,34],[74,5],[49,75],[-32,8],[6,51],[64,163],[-36,11],[-22,32],[-17,84],[30,77],[-13,121],[54,49],[35,-42],[54,72],[5,100],[-10,51],[60,19],[-21,45],[34,57],[17,101],[72,-30],[70,-6],[26,-24],[62,22],[97,6],[42,27],[35,-10],[91,34],[52,-12],[-31,-74],[12,-57],[-37,-62],[-61,-40],[-21,-39],[-87,-73],[-9,-25],[-47,-26],[12,-26],[-42,-35],[62,-23],[-20,-64],[-25,20],[-12,-80],[24,-20],[55,20],[42,36],[41,4],[13,30],[57,4],[57,-30],[45,20],[72,-3],[63,-17],[90,21],[49,-13],[28,-40],[20,-80],[-62,-89],[-17,-54],[-2,-62],[-29,-56],[-18,-85],[-61,-80],[-25,-89],[-65,-60],[-16,-57],[68,-53],[-20,-32],[-38,-21],[-50,7],[-45,-47],[-14,-38],[-68,-19],[33,-27],[101,-5],[38,55],[47,-4],[90,-70],[45,-11],[90,-161],[53,-30],[13,-58],[4,-114],[14,-33],[11,-83],[31,-63],[26,-131],[48,-71],[88,-37],[62,-48],[37,-74],[9,-46],[34,-29],[12,-33],[34,-17],[-30,-63],[19,-71],[79,-148],[-90,-12],[40,-29],[73,-87],[35,-111],[-4,-81],[-47,-45],[-38,-55],[41,-29],[21,-38],[37,-3],[29,82],[24,21],[110,3],[86,-27],[33,-21],[69,-67],[29,-87],[6,-80],[-39,-124],[-13,-109],[-22,-12],[-47,-69],[-13,-46],[-42,-45],[-41,28],[-28,-28],[18,-60],[-8,-52],[-42,-34],[-60,-67],[58,-28],[59,-8],[34,13],[90,11],[-12,-50],[9,-48],[-16,-52],[-91,-52],[-23,-76],[-40,17],[-49,-46],[-71,-23],[-27,-41],[-42,8],[-82,39],[-62,-16],[-48,0],[-67,-38],[-35,62],[-33,-35],[-72,10],[-99,-34],[-77,-16],[5,-39],[-15,-28],[-125,24],[-13,-27],[-59,59],[-47,23],[-110,-34],[-10,-21],[-48,-30],[-10,-49],[5,-51],[-15,-39],[-25,-19],[-4,-49],[-50,4],[-35,49],[-23,-14],[-51,70],[-10,-34],[-36,6],[-31,-22],[-72,1],[-13,-58],[-61,-22],[-24,-56],[2,-46],[-31,-28],[-31,71],[-42,24],[-29,-44],[-35,-1],[5,63],[49,33],[20,-15],[81,93],[27,42],[7,55],[36,36],[28,5],[18,45],[50,79],[6,118],[53,-10],[28,33],[7,68],[16,22],[107,21],[93,-22],[13,-13],[91,12],[16,15],[-3,45],[14,36],[40,57],[34,23],[8,60]],[[49699,81039],[-24,-63],[-41,-8],[-50,48],[-3,20],[59,38],[59,-35]],[[48861,82535],[0,-35],[-27,-17],[-9,-22],[-32,-29],[-42,29],[-21,54],[5,72],[35,15],[42,-15],[20,-59],[29,7]],[[48591,83801],[-26,-42],[-50,27],[-12,62],[9,57],[26,19],[28,-26],[25,-97]],[[48324,83928],[2,-27],[-53,-32],[-29,62],[-40,-34],[-8,37],[23,71],[80,38],[6,-74],[19,-41]],[[48389,84149],[16,-21],[-62,-156],[-27,2],[-4,62],[22,20],[20,60],[35,33]],[[48419,84334],[-8,-47],[-36,-22],[-18,12],[-65,-29],[-50,-4],[-2,38],[36,21],[21,54],[-44,34],[0,43],[27,21],[37,-2],[29,-67],[64,-20],[9,-32]],[[48243,84694],[22,-28],[-16,-38],[-43,34],[37,32]],[[47987,84847],[-7,-102],[-33,-11],[-18,62],[28,99],[30,-48]],[[48019,85036],[-1,-66],[-43,-17],[-17,26],[-54,22],[101,55],[14,-20]],[[48176,84860],[-42,17],[3,77],[39,28],[28,-27],[25,11],[-12,66],[29,31],[44,-64],[0,-99],[13,-54],[57,-46],[30,16],[41,-4],[-12,-43],[-64,-80],[-29,84],[-82,-20],[-45,87],[-23,20]],[[48068,85088],[-35,40],[51,71],[-39,14],[-25,94],[20,59],[44,-31],[27,17],[-6,48],[132,103],[22,28],[28,-54],[-7,-45],[-35,-42],[-22,-96],[12,-36],[-51,-67],[-84,-63],[-32,-40]],[[49097,85692],[-50,48],[22,31],[29,-19],[20,-44],[-21,-16]],[[49242,85795],[-31,-51],[-37,41],[-64,-22],[-34,24],[-12,34],[12,64],[67,0],[20,-63],[41,-25],[38,-2]],[[49695,86628],[6,-55],[-18,-18],[-1,-59],[-37,-176],[-28,15],[32,119],[-27,74],[-27,-50],[-59,48],[3,38],[73,9],[-12,80],[-31,45],[72,49],[-13,-52],[33,-21],[34,-46]],[[49725,86790],[2,-24],[-32,-95],[-20,22],[-3,54],[24,64],[29,-21]],[[56365,75639],[55,-14],[48,50],[35,1],[55,-17],[12,15],[69,38],[13,-15],[29,20],[-2,31],[38,7],[29,-12],[68,18],[18,-68],[34,-20],[46,3],[81,-62],[30,-31],[74,44],[39,-10],[33,25],[20,-22],[66,31],[15,51],[-3,41],[-32,99],[17,22],[35,11],[27,-19]],[[57234,75295],[-9,49],[-26,17],[-52,-1],[-54,11],[-66,47],[-11,-12],[-35,18],[-21,27],[-19,-39],[-35,-21],[-17,-30],[-48,3],[-17,53],[-42,-3],[-29,-38],[8,-28],[-64,-59],[-35,2],[-49,28],[-33,-49],[30,-63],[22,-15],[-14,-57],[11,-28],[89,-38],[55,-96],[-24,-30],[-36,85],[-34,15],[-34,39],[-25,2],[-37,-27],[3,-37],[19,-34],[32,-18],[27,-30],[7,-59],[-12,-32],[-42,35],[-8,41],[-33,72],[-77,34],[-17,-40],[45,-95],[48,-33],[-15,-36],[-67,51],[-20,54],[-2,75],[-75,52],[-36,44],[-19,48],[43,39],[-21,53],[-55,-77],[-30,-17],[1,-39],[15,-26],[-30,-117],[5,-64],[39,-56],[8,-48],[33,-58],[19,-100],[49,-59],[6,-25],[41,-76],[19,-75],[-11,-23],[-24,9],[-18,67],[-36,19],[-49,-16],[-5,-39],[38,-59],[17,-64],[-11,-31],[-38,-16],[-15,-28],[-29,0],[-19,21],[-16,-45],[39,8],[18,-38],[41,-5],[40,-27],[8,-46],[32,20],[32,-23],[-7,-37],[35,-43],[50,-18],[-2,-27],[33,-52],[20,4],[46,-30],[33,-50],[-22,-47],[12,-66],[-6,-67],[16,-16],[5,-45],[-4,-55],[-34,-7],[-13,60],[-38,20],[-24,74],[-64,44],[-11,-27],[-51,-1],[-37,-36],[-21,8],[-1,-44],[28,2],[19,-24],[-4,-113],[43,-44],[14,11],[42,-56],[-22,-26],[-60,-17],[-7,-47],[-36,30],[16,54],[-34,12],[-13,30],[-67,12],[10,-83],[43,-124],[-5,-28],[29,-58],[4,-55],[23,-76],[-2,-42],[-18,-10],[16,-79],[18,-21],[-14,-57],[-17,49],[-17,-5],[-25,77],[-18,28],[-15,59],[-40,-1],[-24,-55],[-18,-147],[-32,34],[8,35],[-4,59],[-21,84],[-20,45],[-23,11],[4,60],[-29,8],[-31,-32],[-4,-67],[6,-42],[-19,-37],[-15,47],[-32,6],[-1,80],[-29,51],[-9,64],[7,36],[25,37],[-2,65],[-34,95],[-42,54],[-28,10],[-1,57],[-48,38],[3,63],[20,-1],[33,44],[14,105],[27,-5],[36,-25],[20,16],[25,67],[24,26],[29,-3],[52,-50],[23,-36],[30,-4],[23,-24],[27,-5],[47,-36],[51,-73],[30,22],[-24,32],[15,29],[35,-15],[42,26],[-30,62],[-60,17],[-56,47],[-13,39],[-28,-50],[-23,71],[-15,-6],[-11,-43],[-66,18],[-40,22],[-62,-47],[-13,17],[-33,-4],[-18,-22],[-45,55],[-60,-60],[-16,21],[12,33],[-16,60],[-13,2],[-3,59],[-13,37],[-20,15],[-7,46],[-31,-8],[-11,22],[9,51],[15,17],[44,15],[30,-48],[21,77],[-24,26],[-19,-16],[-31,36],[-28,2],[-16,-75],[-13,70],[-55,83],[-11,42],[-23,-1],[-21,26],[-19,59],[11,42],[-34,17],[12,50],[-51,40]],[[57311,72171],[-15,-32],[12,-44],[-19,-83],[-26,-21],[-46,21],[-49,-19],[-57,5],[-27,-17],[-56,0],[-57,-27],[-100,-4],[6,64],[-14,31],[-40,6],[-45,49],[-30,-5],[-58,13],[-72,27],[-12,-10],[-55,3],[-19,39],[16,73],[19,42],[21,3],[-2,78],[16,3],[13,-68],[64,-4],[10,35],[28,-2],[1,-77],[18,16],[3,-58],[22,-18],[70,25],[35,21],[34,-14],[36,12],[23,-40],[55,-11],[34,4],[30,-26],[43,28],[36,-6],[-15,-88],[4,-28],[29,-7],[18,36],[47,28],[25,-20],[46,67]],[[57558,72290],[-25,-16],[-2,86],[13,60],[16,-12],[-17,-66],[15,-52]],[[56392,72743],[18,-21],[-7,-73],[-29,12],[-11,23],[-3,71],[16,32],[16,-44]],[[57844,72815],[-1,-34],[-30,-109],[-55,-92],[-19,-48],[-23,-30],[-19,36],[13,76],[-16,46],[17,16],[13,48],[25,38],[61,50],[34,3]],[[56798,72996],[3,-47],[-45,0],[9,51],[33,-4]],[[57020,72980],[9,44],[26,-39],[-17,-34],[-18,29]],[[57577,73089],[12,-35],[-30,-14],[-23,-36],[-23,8],[3,37],[29,30],[32,10]],[[57475,73110],[11,44],[25,-8],[-16,-45],[-20,9]],[[57022,73170],[-21,-35],[-28,14],[13,56],[30,8],[6,-43]],[[57090,73255],[19,-56],[-12,-75],[-29,-26],[-29,88],[51,69]],[[56768,73379],[31,-12],[-19,-39],[-12,51]],[[57054,73382],[-25,-3],[12,55],[31,-22],[-18,-30]],[[56969,73477],[-26,32],[0,25],[69,-33],[-8,-53],[-35,29]],[[56770,73537],[6,-36],[-23,-49],[-10,48],[27,37]],[[57322,73537],[-36,-66],[-48,-30],[-22,17],[26,51],[34,-3],[46,31]],[[56540,73588],[-6,-48],[-19,0],[-8,44],[33,4]],[[57513,73560],[-52,-48],[-21,2],[-22,39],[-33,-16],[-2,31],[21,30],[32,12],[40,-20],[29,-1],[8,-29]],[[55805,73598],[-2,-34],[-22,-47],[-30,50],[-24,72],[18,38],[16,-39],[30,-15],[14,-25]],[[56942,73584],[-10,-35],[-73,125],[17,42],[24,-45],[31,-8],[-3,-36],[14,-43]],[[56502,73659],[19,58],[18,-40],[-21,-26],[-16,8]],[[55759,73753],[-33,34],[-29,-6],[-11,41],[-25,-17],[-12,28],[17,76],[25,-11],[17,41],[21,-19],[12,-44],[36,-83],[-18,-40]],[[57267,74030],[-7,-71],[7,-67],[-14,-46],[-38,-33],[-30,54],[27,25],[7,44],[-16,48],[-25,30],[2,38],[40,13],[47,-35]],[[55718,74073],[-7,43],[11,52],[32,23],[1,-106],[-11,-20],[-26,8]],[[56854,74184],[-17,-21],[-14,37],[-31,27],[2,48],[32,-20],[2,-36],[26,-35]],[[56829,73809],[2,-56],[-12,-48],[-50,-4],[-28,71],[-41,124],[-19,11],[-1,38],[-38,-2],[-76,14],[-10,30],[9,35],[-36,40],[-17,45],[-67,88],[-33,10],[-32,25],[47,69],[44,19],[36,-51],[7,-46],[47,-63],[23,0],[43,-47],[59,-2],[15,-47],[25,-34],[-8,-76],[18,-66],[-2,-30],[23,-31],[42,-28],[30,12]],[[57392,74322],[-53,-47],[-71,31],[-2,44],[37,45],[-33,11],[-21,-52],[-15,-7],[-43,30],[-12,26],[3,40],[56,17],[29,20],[0,32],[50,2],[21,-30],[-11,-28],[25,-33],[40,-101]],[[55581,74543],[-26,-20],[-37,40],[-7,48],[-42,71],[-15,47],[11,22],[49,17],[27,-19],[-25,-76],[15,-44],[5,-60],[45,-26]],[[57069,74890],[-43,-131],[-16,64],[-19,-41],[-28,6],[-7,73],[50,13],[18,-27],[45,43]],[[57136,75127],[-28,-28],[-35,33],[31,34],[32,-39]],[[56885,75293],[-2,-66],[-38,-29],[-37,55],[16,51],[21,28],[40,-39]],[[59222,43762],[-271,-187],[-158,-104],[-68,-66],[-166,-78],[-91,-67],[-47,-47],[-29,-8],[3,-72],[18,-100],[22,-55],[6,-67],[-6,-40],[8,-43]],[[58443,42828],[-19,-10],[-20,14],[-14,-14],[-21,17],[-33,-13],[-48,18],[-53,-30],[-17,6],[-22,-27],[-28,-6],[-61,-57],[-24,-34],[-16,-43],[-31,-10],[-20,-50],[3,-21],[-9,-126],[5,-48],[-9,-47],[-25,-50],[-25,-7],[-101,-79],[-46,-70],[-68,-58],[-26,-42],[-37,-113],[-18,-95],[-43,-82],[-74,-152],[-2,-42],[-28,-59],[-45,-23],[-49,-47],[-27,14],[-12,22],[-45,37],[-23,2],[-34,28],[-62,-64],[-32,15],[-4,38],[-47,55],[-51,-25],[-45,8],[-21,27]],[[56494,41673],[1,23],[-26,38],[-23,-4],[-9,37],[-28,42],[-21,64],[-34,26],[-33,54],[-13,57],[-52,81],[-30,92],[-23,47],[-26,5],[-24,39],[-20,80],[7,45],[-14,9],[-20,114],[-1,95],[0,426],[0,521],[0,434],[0,347],[138,0],[173,0],[250,0],[-37,122],[17,131],[29,102],[-4,61],[-16,47],[2,181],[6,28],[-8,125],[14,54],[0,37],[14,37],[-14,70],[1,82],[-7,10],[4,76],[-10,63]],[[47143,56719],[0,-30],[-14,-105],[4,-39],[-13,-20],[-45,-13],[-25,-66],[1,-139],[-32,-37],[-40,-100],[-29,-27],[-41,-67],[-26,-66],[-27,-23],[-16,-43],[-9,-82],[-19,-44]],[[46812,55818],[-16,13],[-46,72],[-39,47],[-132,104],[-54,35],[4,36],[18,46],[-28,89],[-50,14],[-22,46],[-24,21],[-23,48],[20,16],[-7,53],[5,28],[-24,93],[-24,-5],[-27,-26],[-3,55],[-28,79],[18,42],[18,-36],[37,75],[-26,12],[-17,-33],[-21,85],[1,89],[15,10],[12,42],[-41,30],[-3,42]],[[46305,57040],[26,20],[25,-19],[24,30],[13,44],[7,58],[34,5],[19,52],[18,28],[18,97],[28,73],[8,83],[23,22],[48,18],[31,-31],[61,27],[3,40],[177,2],[21,-7],[10,-63],[21,-27],[21,-48],[12,-51],[32,-82],[-1,-33],[50,-86],[-14,-64],[-6,-64],[39,-11],[2,-141],[33,-85],[-23,-34],[-21,-54],[-8,-69],[24,-53],[18,16],[35,89],[30,-3]],[[46529,56191],[-2,-38],[-15,-53],[-14,40],[-96,51],[15,25],[77,16],[35,-41]],[[46305,57040],[7,47],[-11,34],[-2,94],[-24,-34],[-7,49],[-36,79],[-7,35],[-33,-24],[23,69],[0,42],[-34,27],[2,35],[-29,19],[-28,61],[-58,51],[-55,98],[-31,-1],[0,61],[-33,87],[-21,-1],[8,79],[-46,74],[13,41],[-15,28],[-12,59],[-15,15],[-6,-49],[-15,-51],[-16,-16],[-14,50],[17,51]],[[45827,58149],[17,39],[27,106],[10,67],[27,82],[12,19],[46,1],[50,56],[17,32],[73,-16],[40,33],[40,9],[-2,110],[3,58],[-33,51],[-34,33],[6,41],[29,33],[36,-5],[8,41],[5,79],[-17,47],[-1,66]],[[46186,59131],[90,-6],[56,-17],[35,2],[-2,-69],[9,-25],[20,-3],[19,40],[38,-59],[35,-5],[22,-36],[18,15],[28,-19],[12,-29],[47,24],[31,35],[27,-11],[13,16],[49,-20],[32,20],[36,8],[35,-16]],[[46836,58976],[-17,-30],[1,-36],[-17,-56],[43,-87],[22,-26],[23,11],[9,36],[24,42],[5,30],[40,-1],[29,-60],[-1,-42],[27,-76],[19,10],[8,34],[28,49],[1,38],[18,1],[18,34],[32,22],[57,-40],[53,-55],[41,-16],[11,54],[15,30],[57,50],[17,-6],[15,56],[-29,64],[25,24],[49,-18],[42,-45],[9,-37],[-9,-36],[6,-42],[16,-11],[-3,-60],[30,-30],[6,-57],[-14,-147],[37,-11],[10,-63],[42,-61],[27,-14],[6,-72],[-21,6],[-39,-94],[-20,-73],[4,-25],[39,18],[10,40],[38,1],[16,-31],[2,-72],[-11,-65],[9,-16],[4,-114],[19,-65],[26,2],[5,-39],[28,-12],[14,-46],[-7,-56]],[[47780,57685],[-12,-44],[-21,-18],[-18,-65],[14,-56],[-11,-155],[3,-36],[18,-56],[15,-18],[47,15],[-18,-109],[0,-21],[47,-53],[-44,-46],[-8,-37],[-3,-96],[43,-19],[31,-82],[1,-96],[7,-37],[-30,7],[-36,22],[-20,41],[-63,-3],[-14,-22],[4,-42],[-9,-77],[23,-32],[45,-42],[15,-47],[-28,-4],[-3,-41],[-13,-44],[7,-40],[-7,-57],[-28,-97],[-21,25],[-51,-18]],[[47642,56185],[-17,25],[-5,50],[-33,4],[-15,-74],[3,-33],[-38,-93],[2,-43],[-19,-14],[-54,-6],[-24,35],[-8,48],[-18,-3],[-10,25],[-28,1],[8,61],[15,55],[0,68],[-23,72],[4,86],[-16,86],[-14,12],[6,43],[-19,73],[-29,57],[-18,-10],[-17,22],[-42,-16],[-22,-31],[-15,49],[-25,5],[-28,-20]],[[47642,56185],[12,-12],[11,-61],[5,-67],[23,-102],[5,-69],[-10,-33],[1,-71],[-9,-47],[-31,-70],[-29,-48],[0,-34],[14,-31],[12,24],[19,-25],[4,-46],[61,-47],[31,16],[34,-18],[26,-50],[-6,-47],[16,-23],[2,-51],[23,-42],[10,23],[27,-33],[7,-25],[31,3],[-1,-65],[15,-85],[1,-35],[-16,-58],[15,-33],[-5,-57],[-15,4],[-6,-77],[-25,-49],[7,-61],[-14,-30],[9,-100],[0,-201],[9,-13]],[[47905,54339],[-48,5],[-33,53],[-31,30],[-44,28],[-43,15],[-12,28],[-39,28],[-46,63],[-39,30],[-28,43],[-47,38],[-73,96],[-53,101],[-8,39],[-25,24],[-2,33],[-28,34],[-40,80],[-55,97],[-2,24],[-65,104],[-32,58],[-17,0],[-56,29],[-36,38],[-10,83],[-20,36],[-44,49],[-83,67],[-4,63],[-30,63]],[[54499,53121],[-18,74],[-12,83],[6,44],[-14,67],[0,48],[9,45],[-19,66],[-12,-1],[-19,70],[-36,6],[-170,374],[-24,74],[-17,80],[19,-6],[27,21],[-24,35],[-9,88],[-20,79],[-61,82],[-17,45],[-8,80],[3,30],[-11,105],[1,84],[-11,47],[-28,32],[20,76],[6,66],[-7,57],[11,65],[-4,73],[-9,34],[-29,-8],[-23,63],[9,40],[29,59],[11,-1],[40,40],[18,45],[7,53],[34,162],[31,47],[50,263],[58,81],[-3,27],[17,50]],[[54300,56165],[52,-4],[14,-27],[21,-6],[36,17],[39,60],[39,12],[21,27],[25,7],[10,72],[39,42],[0,-43],[16,-22],[5,-51],[24,-23],[16,-45],[25,14],[7,34],[61,25],[41,84],[60,35],[11,24],[49,34],[38,-13],[22,3],[48,30],[122,7],[22,10],[8,52],[15,39],[39,40],[30,90],[28,65],[11,46],[18,29],[-21,40],[-33,30],[-11,58],[58,68],[19,-8],[26,15],[30,-16],[92,12],[29,17],[23,-2],[50,52],[28,-9],[53,-3],[21,12],[21,50],[-4,27],[91,85],[14,48],[34,84],[6,55],[21,18],[10,43],[18,22],[17,51],[33,-2],[16,42],[15,68],[16,32],[31,8],[17,37],[9,66],[-12,92],[5,37],[17,19],[22,-1],[39,44],[12,54],[36,-12],[21,57],[38,25],[19,24],[73,-21],[39,-26]],[[56350,58121],[0,-16],[40,-118],[29,-41],[50,-101],[93,-306],[14,-126],[-19,-88],[11,-68],[-4,-81],[-23,-53],[-26,-23],[-6,-73],[5,-26],[32,0],[-4,-52],[-20,-58],[7,-42],[30,13],[30,-18],[13,11],[43,-4],[53,-18],[15,4]],[[56350,58121],[26,167],[-11,108],[-37,1],[-11,39],[-32,25],[-18,44],[-7,55],[15,177],[-2,48],[-29,-16],[0,76],[-20,129],[-10,36],[20,86],[-32,29],[-35,47],[-16,-42],[-24,-20],[-34,2],[-16,21],[-19,68],[12,64],[23,89],[22,46],[34,31],[36,81],[2,24],[-18,62],[-4,56],[-18,33],[-5,53],[-11,24],[32,93],[15,24],[80,85],[0,57],[-25,16],[-4,127],[-17,42],[28,50],[56,30],[-5,78],[18,47],[7,47],[30,62],[16,14],[17,64],[0,105],[-17,44],[6,47],[22,28],[25,53],[20,5],[42,-18],[21,4],[55,35],[66,-11],[32,-22],[11,17],[0,569],[-1,401],[0,267],[0,402],[0,535]],[[56939,64500],[162,0],[216,0],[270,0],[271,0],[162,0],[162,0],[271,0],[227,0],[30,111],[13,21],[22,-17],[2,-27],[-16,-88],[195,0],[290,0]],[[59216,64500],[105,-164],[86,23],[37,10],[23,131]],[[59467,64500],[131,0],[259,0],[258,0],[130,0]],[[60245,64500],[-3,-104],[7,-79],[24,-122],[36,-108],[23,-44],[30,-73],[-20,-31],[-1,62],[-23,24],[-17,-65],[17,-67],[6,-112],[17,-105],[0,-37],[-13,-21],[-2,-66],[14,-132],[-10,-46],[2,-35],[17,-91],[1,-68],[-7,-28],[3,-55],[11,-48],[13,-182],[7,-18],[21,-154],[32,-87],[35,18],[18,-18],[20,-54],[31,-18],[32,-71],[19,-20],[-9,-45],[21,-57],[26,-3],[36,-31],[21,-34],[26,-8],[16,-65]],[[60722,62202],[-39,-66],[-33,-135],[-24,-31],[-2,-35],[-24,9],[-41,-10],[-40,-59],[-20,23],[-22,-54],[-59,-37],[-2,-71],[-11,-58],[-16,-38],[-26,15],[-49,-22],[-37,32],[-4,-177],[-23,-63],[-7,-74],[16,-63],[3,-95],[-17,-39],[-35,-200],[-24,-66],[-15,-110],[3,-50],[-15,-30],[-14,-84],[-25,-56],[-3,-22],[29,-489]],[[61771,59012],[15,31],[25,-14],[43,-78],[32,40],[-2,51],[19,54],[13,3],[61,52]],[[61977,59151],[12,-37],[42,-95],[13,-55],[4,-52],[10,-29],[2,-87],[-11,-50],[-48,-27],[-46,-91],[-40,-11],[-39,-42],[-20,-72],[-13,-13],[-31,13],[4,-46],[29,-8],[14,33],[50,22],[69,-1],[33,-54]],[[60722,62202],[26,-114],[26,-80],[20,-89],[19,-67],[35,-209],[4,-46],[16,-92],[10,-96],[10,-190],[10,-109],[22,-124],[31,-42],[-1,-31],[17,-87],[-7,-52],[36,3],[21,-112],[15,-42],[-5,-80],[31,-26],[12,54],[-8,54],[-13,18],[-1,53],[28,66],[36,-71],[19,-18],[-13,-65],[31,-103],[6,-44],[39,-37],[21,40],[22,10],[27,-8],[18,-24],[32,-75],[-2,-36],[23,-31],[21,7],[17,-21],[59,-21],[14,-42],[28,-46],[8,-50],[47,-109],[10,-50],[22,-36],[15,-71],[36,-6],[10,-28],[17,-1],[22,-24],[3,-31],[30,-75],[52,-46],[2,-37],[13,-53],[10,-112],[27,-16],[13,23],[37,-94],[23,-31],[10,-90],[26,-23],[27,-7],[10,52],[24,-46],[9,-65]],[[61218,60841],[8,-25],[-36,-15],[-22,16],[-41,-5],[6,40],[-12,33],[-31,34],[14,22],[32,20],[13,-33],[-2,-47],[9,-39],[19,-9],[15,43],[28,-35]],[[54470,78822],[-30,-19],[-4,-50],[-60,-23],[-29,4],[-52,-55],[-21,18],[-91,2],[-58,-28],[-18,-54],[-30,-28],[-49,-23],[-27,12],[-71,0],[-28,26],[-44,16],[-53,4]],[[53805,78624],[-62,25],[-68,-6],[-47,26],[-65,7],[-44,25],[-30,-1],[-44,22],[-17,43],[-20,14],[-1,46],[-20,7],[-23,65],[19,53],[-66,-27],[-55,-38],[-41,16],[-79,-8],[-43,-17],[-18,-26],[-27,-82],[-32,-3],[-35,15],[-26,41],[-37,-11],[-21,13]],[[52903,78823],[2,41],[-26,34],[-36,-41],[-10,-33],[-25,-11],[-69,53],[-1,44],[-77,24]],[[52661,78934],[10,28],[-27,90]],[[52644,79052],[36,85],[-28,72]],[[62434,73223],[1,-36],[31,-31],[1,-80],[-15,-54],[46,-29],[14,-53],[-15,-67],[33,-76],[36,1],[16,-102],[2,-49],[12,-31],[-9,-44],[12,-20],[26,20],[24,-10],[30,-35],[20,-60],[27,-11],[17,15],[51,12],[35,-34],[26,18],[9,-33],[-21,-32],[-56,-14],[-11,-19],[1,-50],[-10,-45],[22,-65],[22,-36],[-6,-39],[18,-35],[-10,-34],[-33,-40],[-27,15],[-16,-38],[-6,-76],[-22,12],[-3,-40],[-19,-13],[-13,-56],[16,-39],[4,-59],[-56,24],[1,-57],[-24,-28],[9,-48],[30,-29],[-6,-105],[-22,-34],[-10,-43],[18,-33],[48,-147],[18,-24],[45,-6],[21,-77],[13,-24],[8,-50],[33,-62],[4,-53],[-35,-49],[22,-13],[-7,-61],[49,3],[57,-39],[66,-79],[12,-23],[83,-127],[18,-19],[36,14],[25,-16],[21,-47],[-6,-23],[31,-79],[-5,-29],[24,-25],[26,-54],[45,-144],[-42,-204],[-2,-238],[91,0],[4,-11],[-1,-295],[40,-21],[12,-59],[20,0],[35,-60],[-4,-37],[20,-89],[21,-23]],[[63480,69088],[-3,-19],[-51,19],[-35,36],[-48,7],[-25,-24]],[[63318,69107],[-60,54],[-16,6],[-88,-4],[-44,-33],[-24,-42],[-43,-196],[-29,-102],[-39,-99],[-50,-102]],[[62925,68589],[-49,-18],[-256,42],[-199,32],[-7,5],[-223,326],[-184,269],[-102,150],[-218,337],[-147,155],[-170,180],[-142,149],[-15,11],[-94,32],[-242,73],[-4,-2]],[[60873,70330],[41,73],[-16,62],[-52,-25],[-19,96],[22,12],[-79,504]],[[51950,78282],[45,-26],[49,16],[50,44],[43,-32],[38,-8],[18,38],[25,10],[9,47],[25,27],[6,40],[-15,38],[60,67],[7,32],[34,0],[-4,-105],[49,-74],[64,-33],[-18,-48],[29,-21],[19,-64],[33,27],[-16,31],[0,59],[19,46],[43,65],[12,45],[-1,101],[48,4],[4,-70],[30,-45],[32,0],[62,46],[18,-9],[22,-78],[32,24],[-18,38],[11,49],[-29,19],[1,50],[18,43],[27,11],[28,-44],[37,-9],[11,40],[-27,39],[16,48],[7,63]],[[53805,78624],[-3,-30],[-25,-14],[-49,-57],[-16,-31],[12,-47],[28,3],[36,-19],[-6,-32],[-31,-34],[1,-57],[32,-1],[-15,-58],[3,-32],[55,-38],[22,-54],[-3,-37],[-38,5]],[[53808,78091],[24,13],[-20,50],[-48,51],[-12,-45],[-105,32],[-17,-32],[4,-41],[-39,-8],[-45,-43],[-82,-56],[-12,42],[-47,-38],[-4,-39],[-25,-77],[35,-21],[9,-72],[13,-36],[42,-55],[-23,-70],[-19,-17],[-23,30],[-11,-53],[9,-86],[0,-66],[23,-137],[31,-64],[64,-90],[26,-9],[40,-40],[85,-112],[61,-52],[40,-47],[60,-233],[31,-189],[36,-115],[41,-74],[46,-56],[48,-85],[44,-38],[6,-43],[36,-31],[34,-12],[36,-44],[90,-15],[46,12],[45,-4],[70,13],[32,-14],[14,-74],[-45,-64],[-29,-23],[-9,-37],[5,-42],[31,-43],[78,-58],[81,-70],[129,-72],[60,-58],[56,-87],[76,-47],[26,-31],[45,-25],[9,-54],[56,-57],[55,-109],[22,-89],[-23,-53],[-11,-61],[-3,-59],[-48,15],[-39,41],[-18,43],[-2,78],[-20,32],[-4,45],[-18,20],[-93,8],[-83,59],[9,56],[-55,9],[-38,-42],[-36,-83],[-12,-52],[-37,-73],[7,-68],[-39,-93],[7,-66],[30,-37],[35,-3],[27,-39],[46,-39],[41,-46],[-10,-39],[6,-73],[-6,-69],[14,-50],[-13,-44],[-29,-13],[-12,18],[-39,-11],[-63,-58],[-20,-54],[10,-112],[-2,-57],[-28,-47],[-36,-27],[-47,-91],[-22,-112],[-91,-14],[-27,24],[-11,81],[7,77],[38,22],[32,112],[-1,61],[-15,47],[44,37],[32,-2],[27,53],[1,49],[-18,33],[-20,69],[-14,155],[-10,54],[-36,72],[-17,76],[-7,100],[-15,55],[-32,62],[-21,3],[-35,-48],[-35,21],[-6,25],[-38,55],[-25,3],[-35,39],[6,53],[19,36],[-31,101],[-38,60],[-57,-36],[-46,11],[26,56],[-50,62],[-25,-21],[-42,21],[-9,48],[-47,130],[-36,61],[-58,-13],[-52,37],[-34,-6],[-44,-33],[-18,60],[-24,39],[-76,35],[-48,99],[-29,41],[-29,19],[-25,97],[-64,77],[-25,-2],[-47,141],[-33,40],[-45,34],[-59,18],[6,47],[-55,109],[-27,31],[-45,23],[13,52],[-26,32],[-51,-5],[13,119],[-8,69],[-22,70],[-31,51],[-9,53],[-8,138],[-15,64],[-29,56],[-40,16],[-33,37],[-20,-17],[-42,39],[-38,55],[-70,64],[-131,45],[-82,-74],[-16,-64],[-49,-51],[-24,-87],[-51,-58],[-74,-35],[-54,0]],[[53452,77111],[17,27],[-19,16],[-10,-24],[12,-19]],[[53459,75965],[0,0],[0,1],[0,0],[0,-1]],[[54313,73892],[15,-36],[-23,-90],[-30,-62],[-51,-132],[3,-17],[-15,-86],[-19,-43],[4,-99],[30,-21],[-10,-45],[18,-51],[15,-10],[8,-42],[-43,-49],[-23,-83],[12,-64],[-17,-17],[-54,41],[-28,-18],[-34,32],[-47,23],[-26,87],[-32,57],[-53,42],[-54,-9],[-59,51],[-31,48],[-33,15],[-48,54],[-29,54],[-34,8],[-30,39],[-68,-3],[-29,43],[-29,26],[-18,66],[22,123],[20,35],[41,31],[49,-56],[35,19],[21,74],[29,-8],[29,25],[17,-27],[5,-40],[34,4],[10,-31],[28,-32],[39,-16],[64,44],[24,-16],[46,-4],[44,20],[22,-3],[35,21],[27,44],[48,18],[51,-35],[24,17],[19,35],[43,8],[36,41]],[[52348,74336],[-5,-61],[-24,54],[29,7]],[[52720,75190],[9,-21],[-21,-82],[-35,-66],[8,-68],[22,-35],[-11,-53],[1,-81],[-13,-123],[-1,-89],[-22,-141],[-3,-57],[-29,-9],[-30,42],[-25,16],[-24,-22],[-25,15],[-16,-38],[7,-55],[-7,-32],[-50,-66],[-34,30],[-21,-25],[-17,41],[-6,55],[-15,4],[-37,96],[15,31],[-11,107],[21,62],[-5,103],[17,-10],[14,65],[-17,35],[-27,-4],[1,83],[25,32],[-9,64],[1,56],[-21,22],[2,41],[-23,89],[-26,-4],[-21,31],[14,40],[-16,20],[27,104],[22,-34],[58,-13],[34,40],[34,10],[21,27],[51,96],[37,24],[4,42],[17,12],[87,-82],[-1,-48],[13,-24],[-4,-52],[30,-23],[-6,-33],[23,-74],[14,-71]],[[52900,76508],[-29,-46],[-53,-16],[-10,37],[43,1],[37,38],[12,-14]],[[52644,79052],[-10,-50],[27,-68]],[[63576,73967],[-3,-67],[12,-134],[30,-199],[32,-66],[21,-24],[65,-50],[107,-24],[30,0],[60,-29],[20,-43],[28,-101],[43,-68],[63,-67],[107,-105],[77,-25],[50,-24],[101,-40],[51,12],[46,28],[144,51],[94,47],[104,38],[47,-6],[11,-35],[53,-13],[34,16],[6,73],[-31,178],[-3,49]],[[64975,73339],[76,-11],[50,22],[46,45],[24,-4],[46,49],[1,77],[19,63],[42,47],[34,63],[25,10],[57,61],[79,25],[75,-31],[40,12],[49,-3],[-1,49],[39,51],[41,-11],[43,20],[25,-26],[58,-22],[35,52],[15,-7],[35,-106],[3,-65],[40,-26],[54,-1],[30,-31],[23,-1],[44,-34],[39,-18],[7,-56],[46,-27],[30,8],[9,27],[53,-27],[44,13],[51,-28],[46,-59],[22,11],[17,-24],[5,-100],[39,-75],[80,-45],[28,-35],[33,-15],[32,-87],[29,-60],[29,-76],[204,6],[25,-7],[5,-34],[-9,-98],[20,-167],[-14,-64],[20,-75],[3,-61],[-7,-56],[11,-31]],[[67019,72346],[5,-41],[-27,-102],[1,-30],[-24,-23],[-2,-55],[13,-46],[-9,-25],[-14,-141],[-29,-53],[-4,-49],[-30,-38],[-35,-20],[49,-126],[-68,-7],[-34,-69],[-10,-53],[12,-145],[-12,-75],[7,-42],[40,-46],[62,-6],[-17,-83],[-17,-22],[-52,-124],[2,-90],[49,-288],[22,-142],[-6,-102],[-10,-25],[9,-169],[-4,-43],[8,-95],[10,-7],[223,-58],[25,-46],[21,-154],[-11,-117],[-90,-194],[-171,-367]],[[66901,69028],[120,-260],[16,-18],[2,-69],[18,-61],[22,-39],[22,-121],[24,-66],[67,-123],[43,-33],[87,-38],[29,-40],[30,-70],[46,17],[7,-27],[-8,-125],[12,-95],[10,-193],[-16,-84],[12,-71],[33,-6],[69,25],[23,-22],[3,-60],[-9,-35],[2,-65],[8,-30],[-23,-34],[-2,-84],[-9,-34],[-108,10],[-44,-36],[-47,-9],[-37,-37],[-14,-87],[-33,14],[-8,-34],[-66,-42],[-13,-43],[-14,-190],[-28,-39],[4,-64],[-9,-26],[-6,-189],[-9,-48]],[[67107,66347],[-49,-82],[-63,37],[-4,23],[-39,26],[-110,38],[-9,75],[-14,24],[-34,-16],[-18,-51],[-26,28],[-17,-34],[-35,26],[-39,-6],[-11,-14],[-36,34],[-44,-3],[-21,9],[-24,35],[-72,-22],[-21,-16],[-34,14],[-20,54],[-31,29],[-74,17],[-62,-7],[-42,-21],[-27,11],[-31,75],[-10,4],[-39,-37],[-4,54],[-70,8],[-17,14],[-37,5],[-20,105],[-15,21],[-10,57],[14,41],[-22,56],[-3,45],[-13,61],[4,99],[-18,134],[-14,25],[-1,42],[-32,46],[-13,53],[-63,8],[-64,28],[-64,-24],[-51,-77],[-49,-18],[-22,4],[-21,-28],[-15,-83],[-19,-24],[-25,-4],[-35,18],[-18,-38],[-28,-15],[-48,-74],[-36,-43],[-50,6],[-17,44],[-47,12],[-23,63],[-44,-4],[-43,22],[-48,-26],[-30,5],[-62,84],[-6,47],[-16,33],[-94,59],[-63,68],[-32,50],[-36,30],[-1,76],[-9,32],[-40,61],[-49,20],[-43,65],[-22,22],[-42,8],[-38,-12],[-38,14],[-25,25],[-32,56],[-32,98],[0,63],[-35,75],[-19,95],[-4,98],[-22,47],[-28,8],[-18,48],[3,47],[20,-12],[7,54],[-22,41],[-55,2],[-3,30],[16,55],[-8,16],[-2,75],[-37,61],[-18,45],[-16,12],[-43,122],[-28,41],[-4,106],[-15,43],[-24,14],[-20,-9],[-88,-101],[-19,-4],[-14,77],[-36,11],[-29,-11],[-24,39],[-44,49],[-15,53],[32,4],[31,-20],[23,28],[-25,50],[-52,4],[10,-58],[-23,2],[-20,-42],[17,-55],[3,-98],[-16,-32],[-65,8],[-9,-47],[-22,3]],[[65010,67088],[-23,2],[-3,42],[25,-9],[1,-35]],[[65614,67384],[-5,-45],[-32,-80],[-37,-52],[-19,27],[-29,-31],[-19,3],[-56,-57],[-57,-29],[-4,67],[19,-8],[107,78],[13,36],[-7,63],[38,-27],[40,39],[48,16]],[[51183,81417],[-4,26],[-38,-4],[-46,25],[-32,-34],[-39,36],[-42,3],[-22,55],[28,23],[75,10],[63,-60],[20,-38],[43,3],[-12,41],[-48,15],[-22,26],[36,24],[-23,88],[2,81],[-9,32],[37,15],[40,61],[62,129],[24,98],[21,167],[21,99],[46,-36],[46,28],[65,74],[19,8],[19,71],[40,48],[108,59],[101,4],[107,28],[38,-16],[9,-47],[82,-62]],[[50930,81421],[53,23],[60,-38],[55,13],[74,-3]],[[31052,58875],[2,-63],[-15,-52],[-12,101],[-32,31],[5,27],[52,-44]],[[51121,81599],[-17,-36],[-50,45],[4,27],[36,-4],[27,-32]],[[51359,82420],[-27,-64],[-23,32],[39,76],[11,-44]],[[51506,82604],[-60,-45],[-8,19],[68,26]],[[47780,57685],[11,-4],[34,33],[33,110],[18,21],[25,-13],[25,7],[6,-55],[21,-2],[6,-47],[39,-8],[28,-16],[18,-39],[22,27],[-10,38],[7,46],[47,22],[28,-16],[13,56],[-12,28],[8,94],[41,-50],[28,-5],[-4,64],[43,32],[20,-49],[-13,-58],[19,-32],[1,-71],[-17,-40],[18,-42],[45,-15],[31,91],[28,38],[59,23],[19,-16]],[[48465,57837],[14,-43],[20,-29],[51,11],[30,-24],[13,-57],[4,-54],[21,-17],[2,-89],[35,-18],[37,-97],[29,15],[28,-42],[26,-4],[24,-22],[14,77],[21,12],[17,32],[21,-14],[47,57],[24,4],[13,20],[26,7],[16,-17],[60,-3],[31,-40],[39,-8],[12,-55],[29,-15],[22,-96],[28,-75],[13,-11],[21,55]],[[49253,57297],[8,-124],[-28,-79],[-4,-46],[31,-24],[12,-52],[6,-89],[25,-323],[-31,-49],[2,-48],[-22,-17],[-22,-46],[-19,-64],[-29,-140],[-13,-176],[2,-43],[-18,-72],[-17,-14],[-32,-114],[-5,-43],[9,-34],[-15,-56],[22,-204],[18,-58],[9,-96],[19,-102],[-3,-66],[18,3],[-1,-51],[25,9],[27,-33],[13,-129],[-15,-5],[2,-113],[-17,-1]],[[49210,54798],[-29,16],[-9,-36],[-23,24],[-21,-8],[-19,44],[20,85],[-27,-4],[-23,-138],[-18,2],[-95,41],[-33,4],[-32,19],[-10,20],[-37,22],[-98,-9],[10,-38],[71,32],[32,-8],[21,-20],[-174,-30],[-46,-21],[-130,-13],[-11,-9],[-64,-3],[-29,-21],[-62,-20],[-33,-21],[-47,-45],[-76,-52],[-8,-17],[-39,-20],[-12,-20],[-80,-40],[-40,-67],[-32,-12],[-52,-59],[-27,-42],[-23,5]],[[49134,54774],[-1,-9]],[[49133,54765],[-40,11],[8,30],[33,-32]],[[55651,76498],[-2,46],[-62,40],[-52,79],[-34,-14],[-26,43],[-26,2],[-29,42],[-44,87],[-38,26],[-7,55]],[[55331,76904],[16,32],[31,8],[33,-24],[7,65],[-13,51],[-51,99],[25,23],[52,5],[18,31],[-71,89],[-11,42],[-41,13],[-19,55],[10,28],[-4,51],[55,124],[12,88],[-54,22],[-44,-34]],[[55282,77672],[32,50],[-13,20],[-1,56],[17,44],[69,4],[-4,35],[-24,4],[-52,36],[-36,53],[12,102],[-21,-17],[-8,47],[15,28],[-34,85],[16,66]],[[56303,77305],[-24,-31],[0,-55],[-29,-35],[-28,-15],[-14,-107],[11,-55],[23,-44],[13,-93],[79,-83],[31,-68],[18,-7],[-13,-66],[-44,-61],[-14,-53],[-61,-10],[-22,-32],[15,-43],[-14,-97],[26,-36],[-4,-60],[-24,-45],[-22,-7]],[[46836,58976],[3,44],[-17,46],[-6,57],[16,42],[-7,77],[12,39],[-15,15],[-3,67],[-23,21],[-10,50],[3,39],[-15,54],[-40,23],[-20,-53],[-20,43],[3,47],[-30,46],[-28,92],[24,27],[14,45],[0,46],[-15,29],[-3,39],[8,80],[-10,49],[-18,21],[-5,39],[-29,21],[-4,74],[19,61],[-27,86]],[[46593,60342],[80,3],[38,65],[7,78],[-13,12],[4,75],[33,208],[23,-8],[33,42],[3,26],[29,-25],[31,-87],[70,-104],[37,-96],[24,106],[22,31],[3,47],[56,11],[63,-4],[49,-36],[50,5],[32,-6],[46,34],[69,6],[-8,68],[21,73],[12,1],[-4,-110],[283,0],[225,-1],[235,0],[162,0],[161,1],[43,470],[-3,13],[-67,93],[-5,18],[-15,283],[-22,416],[-28,530],[-29,552],[-20,360],[-22,389],[-29,520],[-24,417],[-19,347],[-16,278],[-19,332],[-26,452],[185,0],[307,1]],[[48660,66228],[85,-110],[97,-132],[200,-270],[136,-186],[121,-163],[192,-261],[241,-326],[144,-196],[121,-163],[144,-196],[177,-240],[9,-61],[-9,-115],[6,-36],[36,0],[18,-43],[44,-24],[34,-54],[2,-64],[35,-62],[22,-5],[10,-37],[21,13],[25,-22],[35,36],[27,-35],[33,-92],[27,-21],[49,-14],[76,-32],[35,-30],[40,-55],[-5,-138],[17,-83],[-19,-48],[-5,-43],[-20,-57],[16,-41],[41,-57],[37,8],[219,84]],[[51174,62857],[1,-570],[0,-285],[1,-381],[-11,-28],[-4,-79],[1,-227],[-35,-68],[-24,-122],[3,-59],[-22,-56],[-9,-99],[-18,-28],[-32,-20],[-22,-48],[-24,-30],[-5,-82],[-121,42],[-17,-5],[-3,-45],[-255,-18],[-209,-14],[-16,-14],[-83,-155],[-57,-12],[-27,-17],[-43,31],[-45,-18],[-37,19],[-1,-49]],[[50060,60420],[-126,89],[-45,-36],[-19,44],[-80,-5],[-80,-145],[-21,-22],[-65,-38],[-96,-126],[-39,-9],[-36,2],[-10,-23],[-6,-141],[-35,-25],[-65,63],[-21,9],[-38,-33],[-27,-58],[-41,-46],[-24,-140],[9,-85],[-48,-26],[-16,41],[-37,-11],[-7,-67],[10,-144],[-49,-11],[-10,-62],[-38,19],[-56,85],[-51,29],[3,42],[-37,-50],[-11,-48],[-17,-15],[-33,-60],[-7,-29],[34,-98],[5,-75],[-7,-44],[-17,-17],[-29,14],[-23,-13],[0,-39],[27,-67],[-18,-55],[13,-73],[-23,7],[-3,-30],[-24,-41],[7,-27],[-21,-19],[-5,-28],[-43,-42],[-41,6],[-37,-15],[-22,-21],[-28,-58],[-28,-30],[25,-30],[-8,-63],[21,-31],[4,-88],[-13,-19],[1,-70],[-17,-76],[-19,-24],[-27,-7],[-2,-49],[18,-88],[-14,-92],[4,-56],[-16,-93]],[[46186,59131],[-197,2],[-210,2],[-15,-9],[-49,-63],[-70,-66],[-82,-2],[-33,16],[-40,-7],[-41,-45],[-42,-15],[-38,5],[-16,-14]],[[45353,58935],[-20,57],[-1,31],[20,39],[15,-1],[27,47],[9,-34],[17,12],[-22,46],[-17,-7],[-26,-45],[-15,-1],[4,75],[-10,21],[0,52],[10,30],[2,100]],[[45346,59357],[22,57],[233,-4],[3,94],[37,23],[22,-3],[26,18],[39,-14],[28,11],[14,25],[2,52],[23,43],[34,-54],[65,-49],[13,-30],[39,-3],[34,-32],[21,-32],[54,-7],[40,39],[57,22],[9,54],[-23,64],[-18,20],[-35,-12],[-66,-57],[-17,6],[-22,32],[-15,60],[-17,20],[-40,-24],[-20,19],[-12,58],[-20,23],[-50,16],[-47,-45],[-11,23],[-25,-6],[-20,-37],[-14,-72],[-290,3]],[[45399,59658],[-4,30],[-18,33],[1,86],[-20,-42],[-9,38],[-1,64],[-16,91],[-22,46],[-16,96],[-13,38],[-20,19],[-33,115],[-42,48],[-25,0],[-9,-43],[-24,55],[46,24],[14,23],[51,51],[72,176],[39,137],[19,52],[36,122],[-1,20]],[[45404,60937],[9,54],[1,62],[12,95],[23,41],[15,132],[21,30],[33,16],[22,-34],[40,12],[27,-2],[39,-18],[34,19],[17,28],[71,1],[30,10],[42,62],[12,-27],[93,-8],[32,2],[21,16],[17,-14],[91,-162],[11,-10],[4,-62],[15,-12],[27,-50],[18,34],[20,-43],[53,28],[25,-56],[7,-42],[15,-37],[8,-82],[16,-47],[-3,-43],[32,-11],[10,-61],[34,7],[16,-90],[17,-23],[-3,-53],[21,-8],[1,-35],[24,-31],[19,5],[42,-60],[7,-46],[18,-41],[33,-41]],[[50998,58568],[20,37],[-16,52],[-1,32],[13,47],[-8,62],[8,101],[-2,149],[61,93],[18,35],[44,141],[10,137],[1,138],[34,12],[43,85],[28,31],[98,45],[19,-23],[96,11],[28,59],[50,11],[158,-127],[30,15],[39,-31],[39,-75],[45,-100],[29,-110],[36,-71],[18,-9],[33,8],[30,64],[54,-3],[101,124],[19,10],[70,-20],[47,-56],[42,-79],[38,-6],[40,-81],[74,-44],[90,-22],[30,9],[59,-14],[14,12],[50,119],[20,27],[11,41],[64,69],[143,63],[27,4],[50,-12],[135,1],[84,-43],[31,-25],[57,-74],[40,5],[21,-24],[54,-11],[17,47],[8,55],[34,27],[37,68],[18,51],[16,0],[32,30],[26,-14],[22,14],[11,52],[26,44],[68,-6]],[[53779,59725],[127,-361]],[[53906,59364],[32,-306],[0,-92],[11,-15],[57,-4],[25,-17],[10,-47],[33,-43],[-18,-79],[6,-65],[-10,-77],[-12,-37],[21,-52],[-8,-76],[-62,-66],[-25,-46],[-32,-37],[-51,22],[-30,-63],[-15,-56],[-18,-31],[-3,-49],[-49,-145],[-18,-105],[-19,-198],[-20,-30],[-32,-12],[0,-61],[-9,-60],[14,-39],[-11,-109],[-8,-41],[-59,-39],[-34,-53],[11,-46],[-3,-44],[-19,-74],[2,-45],[-6,-108],[-9,-42],[-15,-1],[-17,-56],[-28,-31],[-21,10],[-29,-16],[7,-57],[-17,-37],[-26,-8],[-8,-70],[5,-46],[-14,-57],[3,-82],[-40,-110],[-13,-62],[5,-46],[-17,-48],[-33,-68],[-18,-53],[0,-36],[28,-80],[-20,-18],[-19,-42],[-33,-38],[-24,-62],[10,-34],[-17,-88],[-26,-23],[-8,-57],[-19,-21],[-50,-4],[-12,11],[-10,72],[-1,72],[-15,39],[-35,28],[-13,74],[-63,65],[-30,-105],[-72,-2],[-33,71],[-68,-119],[-29,-8],[-21,-140],[-29,-16],[-11,-35],[-27,-26],[-8,-33],[-27,-24],[-15,-55],[-38,-64],[-41,-89],[-37,-52],[2,-55],[-12,-28],[21,-47],[2,-29],[-14,-33],[0,-47],[-10,-51],[3,-28],[-7,-78],[-12,-14],[-14,-56],[-29,-90],[-2,-38]],[[52387,54606],[-35,-60],[-31,49],[-7,-45],[7,-53],[-16,-42],[-74,3],[-10,-10],[-65,-13],[-8,-11],[-49,15],[-59,31],[-23,-3],[-26,18],[2,-60],[-18,-29],[-19,-8],[-21,-36],[-30,24],[-4,-40],[-36,5],[-1,88],[-16,2],[11,-95],[-21,-9],[-44,-1],[-53,-21],[-48,-9],[-2,77],[-13,3],[5,-70],[-32,23],[-45,70],[-52,104],[-31,114],[-15,101],[-19,93],[-6,99],[10,32],[-32,22],[-18,37],[9,47],[28,-3],[-3,34],[-39,-31],[-14,26],[-34,127],[-33,91],[-17,21],[-30,69],[-58,87],[-29,26],[-77,29],[-71,13],[-119,-13],[27,26],[-7,42],[-18,31],[-13,-17],[-9,-59],[4,-30],[-48,0],[-36,-9],[-43,4],[-62,-12]],[[50751,55500],[9,110],[-2,48],[13,33],[-15,58],[4,36],[-6,67],[16,41],[-10,30],[7,34],[-6,142],[14,40],[-20,63],[2,119],[-15,55],[10,143],[7,43],[-10,63],[2,56],[11,46],[-6,158],[8,23],[5,141],[33,10],[26,-8],[30,38],[17,93],[-6,81],[31,89],[27,54],[-6,60],[38,41],[16,-4],[24,71],[4,58],[12,18],[0,42],[-23,64],[22,87],[29,-18],[22,112],[-4,60],[-11,8],[-14,62],[6,47],[-10,72],[1,46],[-16,18],[-50,144],[-5,29],[11,65],[25,80]],[[52020,54420],[9,-39],[-35,-25],[-9,20],[26,62],[9,-18]],[[50751,55500],[-111,-21],[-22,-10],[-95,-23],[-74,-35]],[[50449,55411],[4,19],[42,18],[-11,85],[-16,34],[-9,50],[-17,23],[-7,39],[9,39],[-3,78],[-16,63],[26,3],[-1,576],[1,158],[-5,87],[9,31],[-9,48],[-2,282],[-9,51],[-40,85],[-10,44],[-2,58],[-15,34],[7,43],[-2,211],[-4,20],[-156,213],[-2,22],[8,92],[-2,74],[22,59],[3,67],[8,47]],[[50250,58164],[21,49],[16,-17],[18,12],[-5,36],[14,66],[38,0],[22,33],[-3,36],[27,53],[37,-3],[9,-37],[33,22],[45,10],[36,-10],[38,78],[40,64],[27,128]],[[50663,58684],[19,65],[-14,22],[-13,99],[36,35],[39,12],[39,46],[21,11],[25,-57],[20,-14],[15,-48],[54,-101],[10,-57],[59,-51],[25,-78]],[[53391,48513],[-17,84],[23,80],[-27,142],[-3,28],[-28,80],[26,-14],[5,37],[-35,-8]],[[53268,41896],[-4,14],[2,113],[9,131],[8,14],[0,174],[-12,218],[8,47],[-19,68],[4,59],[26,3],[14,27],[4,40],[23,34],[10,74],[7,148],[14,34],[15,127],[14,69],[18,47],[-2,32],[9,108],[9,43],[3,94],[-8,48],[4,55],[21,87],[3,36],[24,13],[3,137],[6,30],[-6,71],[34,57],[6,50],[29,37],[51,121],[4,30],[-5,65],[66,124],[24,11],[28,-6],[26,49],[13,79],[20,23],[17,47],[18,99],[3,40],[14,50],[8,87],[-4,104],[4,143],[7,26],[8,105],[0,76],[-5,39],[-25,75],[8,52],[-4,27],[-64,149],[-4,64],[-22,84],[-31,89],[2,52],[-35,102],[7,55],[-15,85],[0,37],[-48,177],[25,78],[10,3],[25,80],[22,35],[24,-1],[7,68],[-17,98],[11,14],[-4,69],[-26,83],[-42,185],[-51,243],[-8,58],[-17,40],[-5,150],[-5,34],[-30,76],[-24,46],[-45,155],[-17,81],[-33,102],[13,15],[48,16],[41,37],[27,-11],[51,39],[17,46],[32,6],[23,20]],[[55282,77672],[-35,-3],[-33,47],[5,36],[-28,43],[-20,10],[-42,-13],[-20,25],[-43,23],[-13,-29],[-28,0],[-29,21],[-42,-46],[-42,57],[-31,-25],[-53,11],[-32,29],[-22,-24],[-48,41],[-23,34],[-41,-57],[-55,24],[-29,-12],[-28,-53],[-11,-59],[-36,15],[-60,108],[-48,-5],[-12,-29],[-14,-134],[12,-47],[-16,-34],[25,-52],[25,13],[61,-114],[28,-180],[31,-73],[21,-13],[76,-126],[10,-40],[31,-37],[72,-111],[43,-20],[13,-24],[-5,-48],[17,-54],[31,-62],[41,-41],[21,-67],[-23,-13]],[[54883,76564],[-18,9],[-55,97],[-68,65],[-53,96],[-71,25],[-54,58],[-27,1],[-51,-23],[-15,-18],[-32,23],[-18,42],[4,48],[-129,141],[-30,60],[-60,98],[4,48],[34,3],[8,40],[-64,105],[-22,24],[-27,64],[-5,99],[10,56],[-26,90],[-47,47],[-41,60],[-50,31],[-16,-37],[-11,-81],[-22,-45],[3,-44],[-25,-6],[-28,-91],[-32,0],[-23,79],[-37,62],[-13,43],[0,54],[-23,113],[21,30]],[[53774,78030],[84,-37],[22,23],[69,19],[43,-11],[27,28],[24,75],[31,-71],[59,-37],[12,26],[37,-20],[23,-28],[48,11],[-12,87],[23,23],[-29,41],[50,36],[6,23],[60,10],[2,93],[7,25],[-30,44],[20,59],[105,53],[5,40],[37,-4],[16,25],[-4,46],[30,31],[48,-26]],[[55121,76343],[2,-47],[14,-35]],[[55137,76261],[-71,82],[-6,35],[-39,18],[-8,23],[-67,70],[-22,-7],[-80,42],[-66,64],[10,22],[42,-26],[36,-40],[37,-10]],[[54903,76534],[14,17],[34,-18],[9,-41],[102,-109],[59,-40]],[[54758,76580],[-6,-32],[-38,7],[-34,-15],[-59,20],[23,31],[29,-16],[58,12],[27,-7]],[[54511,76639],[-9,-23],[-34,-12],[2,41],[41,-6]],[[54636,76670],[-68,25],[25,33],[34,-7],[9,-51]],[[54583,76761],[-22,19],[20,37],[54,-3],[34,-14],[10,-45],[-61,-6],[-35,12]],[[54132,77495],[57,-56],[48,-70],[-44,0],[-61,126]],[[54031,77554],[-24,-3],[-27,102],[-8,63],[42,-53],[6,-82],[11,-27]],[[54089,77716],[-37,46],[-22,5],[-24,32],[25,24],[14,70],[28,-51],[0,-43],[42,-63],[-26,-20]],[[53774,78030],[0,27],[34,34]],[[64113,66085],[12,13],[0,70],[-15,56],[-6,59],[-7,189],[7,62],[28,60],[7,91],[13,40],[27,112],[24,17],[33,45],[26,-32],[12,-80],[34,-12],[18,-37],[5,-63],[-11,-7],[0,-61],[-14,-24],[-9,-52],[13,-55],[-1,-68],[21,-14],[7,-84],[-8,-106],[-24,-57],[-16,-101],[-17,-26],[-46,-5]],[[64226,66015],[-33,-38],[-33,5],[-27,39],[-20,64]],[[64438,62773],[-266,-75],[-134,-37],[-222,-62],[-170,-47],[-26,-19],[-242,-248],[-159,-395],[-37,-191],[-8,-23],[-66,-76],[-17,-10],[-44,8],[-62,172],[-11,12],[-107,-30],[-248,51],[-58,61],[-16,6],[-144,2],[-23,-16],[-44,8],[-54,-16],[-17,8],[-12,-30],[-99,-4],[-36,65],[-32,32],[-32,-1],[-24,-30],[-38,-77],[23,-43],[-26,-24],[-10,-71],[5,-32],[-8,-60],[10,-53],[18,-35],[-11,-21],[-2,-44],[-22,7],[-13,-79],[-33,-30],[-13,-47],[-23,-18]],[[61885,61261],[0,58],[-18,54],[4,61],[-9,40],[-19,43],[-26,36],[0,73],[-29,35],[-10,56],[-18,6],[-10,161],[-41,70],[-17,45],[-62,97],[-6,-5],[-36,56],[-13,57],[-22,50],[-9,54],[-16,31],[-14,65],[-4,62],[-23,61],[-24,18],[-16,56],[10,79],[-21,21],[-10,50],[11,63],[-30,33],[-16,103],[-15,23],[-3,93],[-30,24],[-15,29],[2,67],[-18,44],[-27,1],[-29,104],[-36,53],[-35,35],[-13,37],[-16,6],[-27,50],[-40,-13],[-45,50],[-32,64],[-42,141],[3,23],[-58,104],[-16,78],[-18,27],[-1,47],[-25,71],[25,52],[-3,59],[-11,6],[-11,109],[-28,89],[-13,83],[20,-2],[11,74],[-1,61],[28,89],[-16,26],[-1,64],[-34,131],[-15,39],[17,16],[-20,55],[-22,10],[-10,33],[8,30],[-26,83],[-18,95],[-13,96],[-30,44],[-11,80],[-25,50],[-50,61],[-29,54],[-9,-2],[-36,48],[-14,0],[-53,81],[-25,-25],[-18,12],[-26,57],[8,43],[-86,236],[30,11],[7,54],[-14,132],[-35,74],[-47,187],[-15,15],[-18,49],[-25,-2],[-17,58],[11,51],[-2,45],[-45,35],[-24,95],[-18,50],[-21,94],[-22,74],[-36,74],[-34,111],[-40,84],[-6,56],[-31,77],[-39,76],[-19,102],[-21,68],[-18,29],[-8,43],[-39,73],[10,30],[-30,14],[-16,23],[-42,-21],[-34,7],[-42,38],[13,67],[36,144],[-7,79],[16,88],[-3,48],[8,83],[27,177]],[[59708,68737],[296,-93],[15,5],[113,170],[63,194],[14,20],[199,74],[6,10],[39,173],[10,20],[87,88],[-139,292],[-145,279],[138,73],[262,137],[157,80],[50,71]],[[62925,68589],[251,-58],[16,-52],[29,-170],[20,-43],[212,4]],[[63453,68270],[17,-24],[1,-61],[10,-55],[23,-47],[-3,-52],[38,-95],[38,-72],[-21,-12],[-5,-41],[24,-76],[27,5],[33,-40],[42,-4],[20,-55],[-29,5],[-13,-18],[40,-58],[9,-78],[20,-33],[30,32],[12,-20],[39,-113],[48,-55],[19,-2],[35,-75],[-23,-12],[13,-123],[44,-52],[7,-46],[0,-63],[-14,-21],[-2,-43],[-23,16],[-15,38],[-12,-33],[16,-61],[18,-26],[5,-70],[32,-145],[32,-77],[32,-20],[17,-89],[10,-137],[28,-43],[18,-57],[3,-57],[20,-20]],[[64226,66015],[15,-1],[18,-53],[21,53],[13,-17],[-17,-61],[-25,-48],[-7,-59],[37,12],[43,-39]],[[61718,61454],[0,-58],[-9,-12],[-19,63],[-31,-18],[-36,48],[46,-4],[9,36],[17,-5],[23,-50]],[[61644,61503],[-24,58],[31,29],[-7,-87]],[[57016,41585],[-11,-50],[2,-30],[19,-78],[26,-41],[33,-150],[32,-59],[13,-37],[26,-37],[4,-62],[10,-44],[35,-61],[8,-46],[-3,-70],[21,-70],[27,-148],[18,-34],[27,-8],[5,-45],[21,-16],[13,-33],[37,-37],[8,-32],[38,-46],[22,-6],[32,-31],[28,-6],[23,-36],[29,-21],[14,-72],[5,-67],[-4,-83],[20,13],[70,0],[29,-21],[-4,-74],[7,-46],[-9,-86],[0,-129],[33,-61],[25,-65],[30,-140],[11,-14],[70,-11],[50,-37],[25,14],[21,-9],[64,-61],[50,-23],[-5,-107],[14,-39],[46,-12],[31,-66]],[[58443,42828],[2,-211],[126,2],[32,-37],[39,38],[41,-16],[40,-80],[32,-19],[46,-6],[48,-77],[14,-51],[29,-9],[55,2],[22,-6],[106,-85],[7,-51],[54,-14],[21,17],[-9,-77],[-29,-69],[34,-133],[6,-76],[13,-36],[-18,-68],[-1,-42],[15,-17],[-2,-122],[-12,-14],[-5,-132],[9,-59],[-5,-48],[23,-58],[-14,-51],[3,-26],[-35,-39],[14,-110],[-10,-36],[-27,-2],[-27,-24],[0,-104],[36,-8],[12,-52],[-10,-96],[-16,-45],[-2,-58],[18,-9],[-3,-99],[22,-19],[38,-57],[-8,-83],[1,-60],[-15,1],[-19,-42],[-11,-106],[-30,-73],[-25,-83],[-37,-4],[-12,-70],[7,-122],[-8,-47],[-35,-89],[19,-90],[-125,-270],[-146,-313],[-40,-54]],[[68939,65564],[-22,-63],[-66,76],[-18,-30],[-47,-6],[-5,27],[-26,33],[-4,39],[-18,55],[-24,0],[-15,67],[-2,67],[-13,95],[-27,96],[7,71],[-10,26],[-21,-12],[-27,35],[-52,5],[-28,-12],[6,147],[10,55],[-5,29],[-47,77],[11,35],[-16,53],[-26,46],[-50,8],[-20,-17],[-18,-62],[26,10],[12,29],[22,6],[49,-80],[-8,-8],[-34,38],[-30,4],[-110,-32],[-52,-40],[-76,25],[-46,-12],[-21,-43],[-31,12],[-66,7],[-24,-8],[-16,-50],[-40,27],[-28,-20],[-16,25],[-81,36],[-34,-7],[-39,24],[-38,4],[-27,-10],[-24,-47],[4,-52],[-34,20],[-19,-5],[-36,22],[-42,-22],[-71,24],[-82,-1],[-31,-46],[-31,19],[-30,3],[-18,-12],[-1,-55],[-54,1],[-13,-37],[-32,-1],[16,72],[-27,23],[-26,0]],[[66901,69028],[8,-7],[205,-119],[212,-123],[28,-10],[303,52],[112,-39],[32,-25],[24,56],[85,50],[95,-2],[60,-16],[121,64],[201,106],[40,70],[-32,51],[3,38],[18,66],[6,122],[-15,95],[27,185],[51,31],[32,61],[9,65],[40,47],[29,21],[20,-3],[2,-40],[37,-2],[53,-16],[71,36],[41,33],[5,38],[-33,1],[-15,17],[-8,60],[44,1],[40,60],[24,-1],[25,32],[22,70],[36,-26],[28,-2],[48,35],[41,-28],[28,-90],[19,-7],[44,26],[31,50],[30,83],[21,32],[-13,111],[3,111],[-10,57],[15,64],[22,20],[19,57],[-11,68],[25,41],[-3,80],[22,46],[39,3],[23,20],[31,-15],[37,30],[9,31],[21,3],[48,69],[-3,36],[-36,72],[4,76],[-17,51],[-42,14],[-32,109],[13,52],[32,7],[90,-50],[54,-10],[94,15],[51,44],[16,63],[-2,64],[7,54],[-19,19],[-23,46],[-3,36],[30,15],[4,66],[34,44],[24,73],[47,39],[15,38],[-1,36],[26,38],[9,38],[-29,56],[25,74],[-8,69],[-30,45],[10,33],[-29,100],[-21,51],[-47,46],[14,57],[45,54],[44,79],[24,59],[30,-36],[16,54],[22,5],[49,69],[34,20],[12,42],[66,18],[31,36],[37,10],[47,-4],[22,12],[68,15],[89,1],[36,10],[62,-14],[23,-24],[41,0],[6,34],[27,3],[50,57],[42,16]],[[71326,72362],[76,-309]],[[57938,77024],[-2,-78],[9,-39],[-12,-49],[-28,-42],[-38,28],[-46,-12],[-18,-25],[-17,-67],[-35,-26],[11,-26],[-17,-86],[2,-172],[-41,4],[-9,-34],[-23,-17],[2,-37],[-34,-6],[-11,-53],[43,-2],[18,-17],[16,-87],[43,-91],[22,-27],[9,-58]],[[77812,55543],[-35,72],[-12,56],[-44,90],[-31,32],[-2,86],[4,52],[-31,23],[-16,89],[-15,-18],[-29,33],[-8,27],[2,49],[-14,88],[-44,71],[-12,-31],[-17,18],[-5,53],[12,19],[-25,63],[-14,55],[-24,-26],[-23,35],[-1,85],[-11,48],[-23,-3],[-6,47],[-43,-29],[5,-63],[-11,-39],[-40,54],[-10,95],[-12,74],[11,67],[-4,48],[10,67],[18,72],[1,44],[15,11],[-16,76],[16,65],[17,118],[21,19],[-14,39],[21,49],[3,52],[-12,23],[24,64],[34,161],[7,71]],[[77429,57794],[12,98],[-12,59],[5,37],[39,73],[19,5],[8,77],[21,23],[37,64],[9,52],[33,103],[18,69],[4,58],[25,19],[21,55],[6,52],[-21,45],[6,47],[-16,29],[8,61],[-22,-4],[-3,75],[-19,121],[2,71],[-33,44],[-17,40],[-12,62],[-6,88],[-16,25],[3,76],[24,34],[-5,41],[4,73],[-10,89],[1,76],[-13,28],[-4,58],[-21,43],[-20,75],[-53,76],[-57,102],[-36,132],[-34,66],[-15,48],[-13,99],[1,43],[-10,43],[14,53],[19,41],[28,-19],[6,60],[19,13],[24,-16],[2,56],[-7,86],[0,77],[9,58],[3,81],[20,80],[42,-3],[21,85],[5,61],[-25,43],[-6,-37],[-30,-58],[-7,16],[-7,93],[-19,51],[-5,39],[-25,60],[19,73],[-24,93],[-35,23],[-25,86],[-34,59],[-3,40],[-15,18],[-14,58],[-14,15],[-46,85],[-14,53],[-9,63],[19,51],[-19,102],[-19,55],[6,38],[-22,12],[-9,-36],[-21,39],[-4,89],[20,2],[30,36],[38,17],[2,23],[-12,139],[-17,35],[20,64],[23,44],[-1,108],[-11,56],[22,56],[-2,35],[47,48],[2,87],[26,-7],[30,-40],[25,-11],[62,-8],[31,40],[30,11],[16,25],[21,-36],[25,25],[10,33],[2,113],[28,44],[17,2],[32,-34],[41,23],[23,54],[-11,28],[5,58],[41,-22],[33,12],[19,51],[29,16],[12,-33],[32,-40]],[[78586,58540],[-2,55],[-36,93],[-7,79],[-33,64],[-17,-35],[-27,33],[-38,28],[-11,-4],[-19,77],[-43,95],[-31,28],[-37,78],[-17,19],[-23,-2],[-12,-29],[-55,-16],[-99,33],[-45,-36],[-24,51],[22,69],[-14,46],[18,69],[-15,41],[19,59],[-10,54],[20,37],[-9,63],[-17,0],[-67,30],[-16,24],[-10,-29],[-60,-17],[-13,13],[-70,-59],[-20,-82],[30,-61],[8,-55],[-12,-45],[-10,-77],[-10,-32],[-8,-95],[6,-99],[8,-41],[-8,-59],[11,-50],[-18,-70],[-28,-60],[-12,-78],[1,-52],[-18,-18],[-30,-108],[-5,-48],[-16,-61],[5,-80],[-20,-13],[-6,-33],[5,-122],[-20,-24],[-1,-34],[-37,-99],[-16,-55],[1,-53],[-27,-49],[14,-85],[-11,-47],[2,-164],[-7,-32],[11,-84],[23,-102],[16,-43],[-26,-41],[7,-50],[34,-23],[27,5],[13,39],[20,3],[27,24],[45,-12],[11,-90],[7,-21],[1,-71],[11,-197],[22,-53],[18,-73],[15,-19],[17,36],[14,-75],[9,-115],[38,-369],[17,-83],[19,-60],[-6,-18],[-30,55],[-9,49],[0,86],[-23,51],[-5,82],[-26,13],[-19,-47],[11,-107],[12,-23],[21,-76],[19,-5],[7,-70],[25,-41],[19,2],[16,28],[43,-121],[23,-12],[41,-60],[54,3],[15,23],[29,-15],[10,16],[24,-12],[26,-30],[57,-191],[38,-56],[46,-84]],[[77686,55586],[-20,38],[7,43],[15,9],[7,-66],[-9,-24]],[[77338,56385],[-6,-52],[-15,11],[-16,-24],[-5,57],[4,173],[43,-72],[-11,-64],[6,-29]],[[77796,57354],[-2,-71],[-29,-24],[-8,83],[39,12]],[[77787,57474],[9,-11],[6,-64],[-25,26],[-8,31],[18,18]],[[78489,58575],[12,-13],[-6,-67],[-15,21],[9,59]],[[78444,58768],[-14,-42],[-16,15],[-10,79],[15,8],[25,-60]],[[30067,63184],[12,-99],[3,-71],[-20,-50],[16,-46],[22,-21],[-6,-54],[-34,-70],[14,-66],[4,-56],[-7,-42],[-27,-54],[-32,0],[-13,-20],[26,-51],[-1,-37],[56,-67],[-15,-54],[-3,-104]],[[30062,62222],[-42,83],[-40,31],[-33,-7],[-70,-1],[-48,-22],[-39,-5],[-36,-20],[-28,21],[-39,6],[-70,40],[-22,-1],[-34,-23],[-21,21],[-43,-54],[-10,-26],[11,-51],[-19,0],[-26,67],[-60,87],[-23,11],[-18,-15],[-32,35],[-12,47],[10,28],[8,75],[47,36],[27,-6],[36,-32],[16,-2],[45,-33],[19,-1],[38,-25],[22,15],[44,-7],[22,-16],[34,0],[19,-17],[31,9],[64,-24],[18,18],[17,54],[55,-4],[21,-10],[8,82],[-62,66],[-19,59],[-25,33],[-29,62],[27,29],[-24,74],[20,111],[-24,46],[-56,55],[-56,28],[-18,-14],[-35,6],[-16,51],[10,32],[24,31],[56,50],[46,-5],[56,19],[58,-37],[6,-17],[41,-25],[19,-32],[53,-2],[31,-28],[16,19],[59,-13]],[[29763,63402],[51,-32],[-20,-18],[-29,19],[-2,31]],[[29650,62705],[-11,27],[27,25],[99,-82],[10,-61],[-63,23],[-25,31],[-25,13],[-12,24]],[[30067,63184],[4,62],[26,45],[40,8],[41,-34],[41,-8],[29,18],[29,40],[15,-16],[32,-4],[13,-29],[45,-49],[53,5],[37,-68],[47,-21],[25,33],[26,0],[14,-25],[-2,-59],[10,-62],[18,-54],[19,-26],[54,31],[29,-4],[28,-23],[49,-5],[-26,-58],[-46,4],[-51,22],[-9,-61],[7,-17],[52,10],[18,-33],[87,-39],[18,27],[66,-39],[44,-88],[63,-90],[6,-45],[-31,-91],[-3,-36],[-33,12],[-23,-96],[-24,-4],[-29,98],[-20,22],[-46,-10],[-42,32],[-80,-25],[-21,28],[-78,8],[-37,-34],[-15,-47],[-25,-50],[-66,-3],[-43,-19],[-11,43],[5,54],[-8,22],[-28,11],[-16,-48],[-24,-3],[-24,-46],[-32,28],[-15,-39],[12,-58],[-40,-133],[-29,-55],[-16,-79],[-14,-42],[-28,76],[-32,46],[-8,78],[-32,50]],[[54300,56165],[19,62],[3,93],[-33,27],[-27,171],[-45,198],[-42,103],[-21,10],[-5,31],[-26,47],[-14,2],[-124,204],[-7,43],[-80,187],[-24,40],[16,59],[32,65],[17,72],[72,10],[81,-41],[46,21],[45,-6],[14,18],[29,2],[47,-31],[15,0],[67,35],[-40,51],[-65,133],[-7,48],[-16,53],[-22,20],[3,59],[-24,98],[4,60],[-12,56],[-4,108],[10,64],[1,70],[21,66],[-14,49],[-5,49],[12,48],[-19,68],[6,15],[-7,74],[-38,52],[2,104],[-22,168],[-17,8],[-21,52],[-25,22],[-31,72],[4,48],[-24,64],[-99,-2]],[[53779,59725],[-34,320],[-10,69],[10,60],[39,22],[12,37],[-5,36],[32,41],[-1,84],[20,89],[149,420],[182,393],[119,256],[5,23],[13,304],[20,473],[17,394],[24,549],[8,46],[55,194],[-3,32],[-79,171],[-23,35],[-12,38],[0,53],[18,34],[-85,260],[-34,61],[-2,280],[-53,577]],[[63318,69107],[21,-124],[16,-20],[28,-105],[-60,8],[-32,-43],[-34,-80],[48,-16],[24,34],[32,-25],[-3,-36],[19,-156],[47,-148],[18,-10],[-7,-49],[18,-67]],[[63431,68943],[-35,-63],[-18,17],[-22,79],[-11,19],[32,46],[8,60],[43,-111],[3,-47]],[[24972,59741],[0,73],[21,45],[40,61],[33,-7],[14,68],[20,30],[30,14],[-19,59],[8,49],[45,17],[13,-15]],[[25177,60135],[38,-19],[55,-41],[19,-73],[22,0],[11,-49],[28,0],[-2,-27],[70,-45],[2,-63],[56,23],[14,50],[41,-7],[18,-51],[27,-7],[26,21],[33,-66],[-12,-64],[-9,-91],[17,-19],[-3,-33],[-22,-20]],[[25606,59554],[-16,-24],[23,-35],[-2,-22],[-31,-39],[-5,-23],[-78,1],[-36,20],[-14,-14],[-22,30],[-16,-14],[-72,27],[-77,73],[-52,58],[-37,13],[-40,-1],[-42,24],[-36,-5],[-8,40],[-73,78]],[[24972,59741],[-84,73],[-49,32],[-36,9],[-56,-11],[-71,9],[-42,17],[-65,58],[-59,71],[-40,60],[-40,71],[-54,80]],[[24376,60210],[10,14],[13,76],[-8,64],[10,50],[0,55],[23,45],[-36,94],[-1,30],[126,436],[8,13],[204,1],[140,0],[15,59],[-8,50],[17,50],[1,42],[-22,6],[-19,35],[-29,22],[4,36],[-29,89],[-92,99],[-15,58],[-14,5],[-33,93],[-20,1],[-19,37],[122,-2],[1,317],[7,8],[196,0],[183,-1],[122,0]],[[25233,62092],[3,-448],[-10,-311],[-14,-347],[54,5],[35,-5]],[[25301,60986],[36,-20],[44,-60],[50,60],[29,-27],[34,-50]],[[25494,60889],[-27,-29],[-23,-59],[-159,-249],[-38,-28],[-17,-28],[1,-52],[-17,-68],[23,-73],[-4,-73],[-24,-5],[-32,-90]],[[84699,46671],[15,23],[18,56],[17,27],[2,52],[10,33],[36,11],[30,23],[24,-1],[46,30],[28,0],[46,23],[47,-23],[48,15],[47,44],[39,-39],[47,43],[34,12],[35,47],[28,-28],[33,15],[28,-29],[4,-29],[-81,-140],[-20,-9],[-26,-35],[-42,-6],[-31,-25],[-21,-61],[-21,-25],[-74,-19],[-61,-79],[-27,1],[-47,-40],[-19,4],[-64,-54],[-32,-44],[-19,-39],[-18,-5],[-20,-30]],[[84452,46452],[36,27],[9,23],[72,44]],[[84880,47112],[20,13],[-14,-77],[-21,9],[15,55]],[[81666,54482],[70,-4],[21,8],[56,50],[20,49],[34,56],[57,72],[36,30],[-10,-69],[-11,-26]],[[81952,54609],[28,18],[4,33]],[[52065,77025],[-19,-12]],[[49382,72041],[47,-8],[81,31],[70,96],[32,8],[35,47],[22,101],[44,67],[37,17],[20,32],[40,-29],[44,36],[13,46],[36,27],[24,-51],[38,-18],[44,44],[26,108],[56,66],[4,23],[30,10],[59,63],[56,26],[20,38],[30,25],[67,20],[17,14],[29,-10],[128,24],[41,0],[69,35],[41,-24],[49,9],[51,61],[32,56],[23,2],[24,-34],[22,-6],[16,41],[28,-19],[34,-3],[52,28],[26,39],[24,12],[77,-16],[93,16],[18,-13],[78,3],[88,-65],[4,-48],[52,-32],[44,13],[31,55],[51,42],[31,-6],[46,17],[45,28],[16,56],[23,40],[35,15],[22,-21],[11,-39],[25,-18],[41,-4],[25,-34],[51,19],[18,-7],[22,33],[10,57],[30,7],[30,-16],[28,-39],[34,-14],[17,-42],[37,-23],[40,16],[50,46],[16,-18],[58,-13],[29,21]],[[53324,65377],[-246,-301],[-189,-231],[-189,-231],[-132,-162],[-170,-207],[-208,-255],[-112,-136],[-128,-218],[-114,-203],[-215,-382],[-24,-26],[-186,-74],[-237,-94]],[[48660,66228],[-193,246],[-173,212],[-211,258],[-110,134],[-220,268],[-165,201]],[[61232,45800],[26,-20],[8,-43],[3,-65],[-24,-37],[33,-34],[-30,-78],[16,-68],[-13,-32],[0,-33],[-44,-75],[34,-58],[-13,-84],[2,-45],[17,-114],[-1,-32],[14,-59],[-11,-74],[8,-36],[-10,-35],[11,-81],[-14,-54],[23,-27],[-1,-39],[24,-90],[-24,-34],[-6,-46],[14,-37],[-8,-81],[4,-40],[-2,-114],[-11,-83],[16,-44],[-12,-42],[9,-43],[5,-69],[12,-47],[4,-56],[-11,-61],[3,-48],[21,23],[14,-51],[-4,-40],[-13,-16],[-18,-71],[39,50],[23,-35],[-9,-85],[10,-53],[-3,-56],[-14,-12],[-11,-57],[-21,-32],[11,-55],[-49,-28],[-6,-35],[19,-12],[22,14],[6,-31],[-29,-127],[-1,-30],[-41,-63],[-17,-58],[-56,-115],[-16,-86],[-32,-91],[-49,-32],[-4,-52],[15,-36],[-29,-10],[-14,-49],[-46,-59],[-49,-51],[-43,-54],[-20,-41],[-11,-55],[-33,-7],[-27,-28],[-44,-8],[-34,-20],[-103,-86],[-51,-49],[-36,-16],[-52,-65],[-9,1],[-92,-105],[-41,-55],[-35,-72],[-20,-67],[-35,31],[3,-40],[22,-26],[-25,-82],[-14,-17],[-57,-126],[-22,-28],[-20,-52],[-18,-65],[0,-49],[-16,-17],[-18,14],[-14,-60],[-27,-10],[-10,55],[-22,-58],[-15,-11],[-70,-90],[-17,-29],[-24,-77],[-66,-147],[-33,-51],[-26,-55],[-17,-12],[-52,-79],[-16,44],[-18,-47],[-2,-91],[8,-63],[-30,-30],[20,-22],[-17,-70],[-5,-47],[13,-9],[9,-61],[22,-28],[8,-41],[40,-34],[3,-55],[32,-81],[-17,-99],[4,-75],[11,-12],[11,-95],[33,-110],[-1,-74],[11,-60],[8,-122],[-8,-148],[1,-38],[14,-16],[19,20],[-11,49],[8,88],[22,15],[12,-155],[-14,-89],[0,-72],[8,-125],[23,-21],[-34,-134],[1,-81],[-17,-94],[-4,-125],[-12,-11],[8,-72],[42,-13],[-16,-99],[2,-43],[-53,-153],[-31,-65],[-24,-63],[-127,-123],[-46,-23],[-75,-58],[-16,-5],[-118,-83],[-40,-40],[-34,-22],[-86,-88],[-78,-103],[-29,-79],[-10,-70],[-13,-48],[-26,-47],[24,-127],[23,-7],[14,-39],[16,28],[7,61],[17,5],[-8,-92],[-3,-161],[-7,-63],[0,-111]],[[58920,36375],[1,148],[-3,48],[-13,49],[-6,75],[12,78],[-7,62],[-30,48]],[[61085,42459],[9,-27],[-10,-50],[-20,11],[-3,42],[24,24]],[[58059,50266],[5,57],[27,14],[49,-36],[9,-96],[24,13],[22,-13],[32,22],[22,-12],[13,28],[22,-2],[22,66],[7,109],[1,82],[57,-65],[19,52],[20,-10],[28,31],[30,-46],[19,-10]],[[58216,51033],[22,3],[49,31],[17,-81],[18,3],[52,69],[3,31],[27,43],[27,90],[33,-4]],[[77429,57794],[-14,-73],[-30,-105],[-19,-8],[-8,101],[10,93],[-9,50],[0,61],[-10,91],[33,31],[16,83],[21,6],[-1,100],[14,99],[-17,68],[20,216],[-23,-46],[-21,28],[31,134],[-5,48],[-19,25],[-1,32],[22,33],[-13,19],[-19,-25],[-12,50],[34,20],[7,28],[-26,38],[5,74],[18,88],[-29,182],[-2,92],[-27,56],[-14,112],[-20,49],[-17,62],[-15,25],[3,48],[-15,41],[-11,-103],[-16,6],[0,101],[-11,77],[13,71],[-32,114],[-5,65],[-37,169],[-14,82],[6,46],[-6,57],[4,67],[-18,53],[-5,42],[19,39],[-14,114],[-4,137],[-10,40],[-31,56],[-2,40],[13,27],[8,91],[-6,88],[7,40],[-29,18],[-40,-12],[-19,66],[-22,38],[-20,129],[4,44],[-27,78],[-9,68],[-57,88],[-4,-26],[17,-43],[-17,-41],[17,-108],[-31,-166],[-20,-39],[-13,-55],[-18,-32],[-50,-24],[-47,69],[-6,-24],[25,-67],[-14,-42],[-60,-32],[-25,-50],[-27,-8],[-35,-37],[-18,-56],[-7,-57],[-39,-84],[-36,-50],[-30,14],[-1,56],[-31,-35],[-13,23],[-3,44],[-39,-75],[-32,11],[-5,103],[-15,1],[-18,-61],[-18,-2],[-26,62],[22,48],[10,44],[1,51],[-11,43],[-35,2],[-3,-56],[-22,-67],[-18,-14],[-6,-31],[-28,-11],[-9,39],[2,65],[12,132],[4,87],[16,-5],[10,99],[10,50],[-6,57],[23,36],[-2,58],[15,69],[1,61],[16,20],[-5,134],[12,42],[-15,76],[-11,22],[-5,67],[-10,41],[12,30],[-3,39],[-23,114],[-2,41],[-31,68],[-9,91],[-10,59],[-22,61],[-22,-4],[-3,91],[7,26],[-9,93],[-22,-45],[5,-117],[-12,-37],[-50,64],[-22,56],[-48,142],[-4,45],[19,22],[16,-16],[15,-56],[37,-40],[37,37],[16,50],[-1,44],[-19,5],[-49,84],[-13,61],[-19,6],[-6,28],[29,77],[-39,0],[-21,28],[-22,7],[-10,64],[-29,-24],[-23,10],[-11,-40],[-28,0],[-20,54],[12,35],[-5,52],[-18,-16],[-21,-50],[-25,44],[8,33],[28,28],[-17,48],[-2,51],[-26,-20],[-12,-78],[-12,63],[-31,63],[-24,81],[-20,18],[-33,208]],[[75628,63962],[-25,66],[3,82],[14,57],[24,26],[28,-57],[28,-1],[10,-58],[23,22],[-14,113],[-4,138],[5,88],[-5,52]],[[77304,57620],[-15,-51],[-34,-57],[2,57],[35,59],[12,-8]],[[77299,58628],[12,-39],[-6,-34],[-7,-110],[-20,-9],[-4,40],[14,52],[0,35],[11,65]],[[77370,58631],[6,-44],[-2,-61],[-14,-34],[-16,1],[-16,80],[0,42],[42,16]],[[77389,58725],[-35,-44],[-10,71],[19,1],[26,-28]],[[77248,58851],[-16,12],[10,47],[14,-17],[-8,-42]],[[77240,58954],[-16,-32],[-19,33],[18,20],[17,-21]],[[77351,59080],[0,-60],[-21,-68],[-25,-14],[9,52],[0,49],[-8,49],[8,42],[37,-50]],[[76340,61008],[4,-31],[-10,-47],[-22,9],[28,69]],[[76294,61175],[-9,-84],[-14,-36],[-28,-27],[-19,-34],[-5,54],[26,33],[35,94],[14,0]],[[77107,61286],[-5,-110],[-31,45],[7,36],[-9,49],[19,36],[24,-16],[-5,-40]],[[76040,62660],[0,-53],[-28,-17],[-41,93],[34,40],[12,-21],[22,0],[1,-42]],[[76102,63015],[-1,-31],[-30,-48],[-23,11],[-37,111],[25,36],[24,-47],[17,4],[25,-36]],[[75973,63240],[-18,2],[-9,63],[27,-28],[0,-37]],[[75628,63962],[-2,-46],[-18,8],[-39,92],[-2,83],[-23,72],[12,46],[5,55],[-20,67],[5,36],[-17,2],[2,47],[-16,142],[-24,87],[-7,87],[-19,71],[-36,95],[-25,49],[-59,-48],[5,-35],[-17,-56],[-21,-10],[-30,30],[-17,-2],[-22,62],[-12,1],[-17,54],[-15,94],[-26,84],[12,104],[-19,71],[-95,31],[36,-42],[11,-26],[39,-18],[11,-28],[-2,-75],[-10,-24],[-27,1],[0,-47],[11,-31],[-28,-103],[23,-24],[7,-63],[26,-84],[2,-87],[-16,-64],[-16,-15],[-11,-49],[-20,6],[-15,-37],[-17,-104],[-24,-33],[-45,36],[8,72],[-33,5],[-15,168],[-12,-12],[10,-92],[-10,-34],[14,-86],[-20,-34],[-46,-8],[5,-44],[-36,2],[-7,89],[-13,-28],[0,-45],[-20,-38],[-8,65],[-23,-18],[-3,-57],[-14,6],[-9,48],[-23,14],[-7,47],[3,45],[-9,89]],[[75537,64365],[13,-87],[-6,-60],[-25,24],[-6,82],[4,32],[20,9]],[[75318,64708],[11,-74],[-13,-47],[-21,-32],[-17,15],[15,43],[5,114],[20,-19]],[[75407,64840],[25,-62],[-14,-47],[-17,33],[-6,41],[12,35]],[[75219,64788],[18,-35],[-6,-55],[1,-93],[-18,-58],[-32,-48],[-15,29],[8,80],[11,48],[4,64],[-11,99],[-25,31],[6,89],[20,17],[6,-37],[33,-131]],[[75178,64992],[-31,-46],[-21,-1],[3,48],[35,18],[14,-19]],[[75185,65052],[-40,0],[17,47],[23,-47]],[[67019,72346],[20,7],[14,-44],[40,-59],[19,-12],[54,-8],[33,20],[32,-16],[28,-48],[23,-20],[9,-60],[14,-31],[27,62],[17,15],[18,-29],[27,-5],[83,95],[45,28],[5,51],[-6,58],[28,24],[1,26],[-27,66],[11,19],[61,-2],[46,26],[26,35],[45,9],[43,32],[35,-20],[-3,45],[24,40],[40,3],[20,43],[30,14],[36,80],[8,41],[-3,92],[8,42],[43,141],[-5,89],[14,25],[70,56],[122,5],[34,59],[-1,49],[14,52],[37,26],[14,-33],[63,-39],[23,-36],[36,-27],[27,10],[20,-14],[16,23]],[[55379,75936],[-16,24],[-38,25],[-9,61],[-63,103],[-11,39],[-26,-10],[-23,58],[-4,49],[-52,-24]],[[55121,76343],[28,34],[0,45],[-20,42],[2,54],[-11,43],[5,32],[52,16],[-3,77],[14,55],[61,59],[25,-46],[23,21],[-17,59],[-27,55],[78,15]],[[54903,76534],[-20,30]],[[29140,63292],[-19,9],[7,34]],[[29128,63335],[12,-43]],[[29128,63335],[-6,-1],[-20,-41],[-42,-10],[-62,6],[-32,38],[-48,8],[-24,-11],[-37,17],[-37,5],[-77,-27],[-35,4],[-60,-8],[-26,-27],[-36,-3],[-28,16],[-37,-7],[-10,-21],[-70,-12],[-35,7],[32,95],[61,102],[61,56],[19,42],[9,56],[-9,27],[-35,29],[13,43],[-23,14],[-11,27],[-24,0],[-25,-18],[-22,12],[-57,2],[-28,18],[-18,-20],[-34,8],[-19,26],[-39,83],[-36,33],[-25,51],[-19,194],[-24,90],[-24,14],[-9,43],[-86,-31],[-26,-19],[-22,0],[-32,27],[-24,-2],[-47,36],[-5,17],[-49,14],[-22,28],[-30,-23],[-18,55],[-56,41],[-47,89],[11,34],[-24,52],[-15,-15],[19,-44],[-12,-19],[-69,3],[-64,-4],[-31,24],[-26,67],[-26,-66],[-23,4],[-6,38],[-33,18],[-38,6],[-48,-13],[-16,41],[-58,47],[-21,31],[13,21],[77,-1],[44,19],[11,63],[-31,37],[-34,24],[-61,-14],[-28,18],[-121,-3],[-41,9],[-5,-43],[-80,-92],[-22,-71],[-34,-12],[-17,-49],[-18,-27],[-28,1],[-15,34],[-12,-29],[-45,-15],[-42,1],[-21,-66],[2,-61],[-13,-20],[-28,13],[-45,-32],[-45,-65],[-15,9],[13,68],[-17,20],[-35,-16],[-39,-46],[-23,-5],[-18,21],[58,53],[43,32],[18,23],[16,-14],[39,14],[-4,48],[-26,41],[11,87],[27,77],[17,10],[22,45],[37,56],[41,41],[87,49],[5,22],[29,17],[19,-5],[11,33],[34,29],[13,-13],[27,23],[27,-27],[13,34],[57,2],[38,11],[47,54],[52,27],[19,-9],[33,12],[13,-17],[40,-7],[72,0],[28,-33],[58,24],[24,-52],[18,-8],[12,38],[26,-1],[7,-25],[56,22],[38,-5],[18,-47],[35,-33],[42,-22],[71,20],[10,-36],[25,-17],[19,-28],[36,-34],[13,7],[7,-59],[32,-70],[15,-4],[32,-66],[54,-21],[46,16],[56,-8],[7,-40],[22,20],[31,-20],[23,-35],[28,-8],[22,-48],[39,-14],[27,-30],[22,-67],[25,-54],[15,13],[22,-50],[27,-18],[41,17],[3,30],[49,-56],[52,-69],[-3,-53],[-27,32],[-7,-53],[5,-24],[29,11],[13,62],[10,-4],[30,-71],[44,-47],[41,-24],[1,-32],[74,-5],[69,-68],[6,-43],[68,6],[14,20],[25,-8],[27,-27],[16,-36],[-35,-107],[-19,4],[-3,-51],[20,-32],[27,16],[32,-15],[29,27],[10,-36],[18,26],[27,-4],[13,-19],[42,11],[41,-39],[27,-8],[5,-30],[36,-47],[31,-75],[26,-28],[25,-8],[27,10],[20,-39],[0,-35],[-25,-30],[-10,-36],[-35,8],[-52,-20],[-65,-6],[-45,-65],[-33,-15]],[[27064,64293],[8,-23],[-15,-31],[-67,-56],[-20,-4],[-48,18],[-25,57],[41,-11],[15,24],[-29,98],[-1,47],[24,61],[36,-8],[47,-30],[0,-34],[27,-54],[-6,-37],[13,-17]],[[28435,64534],[-4,-48],[-13,-13],[-58,39],[-12,33],[38,15],[49,-26]],[[28334,64588],[-14,29],[19,20],[23,-7],[-5,-45],[-23,3]],[[28278,64692],[-13,18],[0,37],[28,3],[19,-43],[-7,-30],[-27,15]],[[28215,64769],[-26,-6],[-15,45],[29,0],[14,18],[38,-60],[-41,-22],[1,25]],[[25746,59309],[6,17],[-35,58],[-5,45],[-31,95],[-21,39],[-27,-37],[-27,28]],[[25494,60889],[28,-17],[25,54],[27,17],[7,28],[51,32],[30,-16],[30,-56],[17,-3],[28,33],[54,-31],[55,-19],[21,0],[30,25],[20,-10],[63,9],[37,-14],[36,54],[20,12],[39,3],[26,48],[25,12],[30,-16],[27,-40],[33,-22],[65,9],[50,58],[21,1],[40,-33],[49,-31],[5,-59],[51,3],[3,29],[48,-11],[96,-168],[-21,10],[-28,-61],[11,-40],[35,-36],[10,-29],[28,13],[-46,47],[23,18],[36,-56],[1,-38],[38,21],[3,23],[60,-17],[14,-21],[8,-48],[21,-59],[34,-27]],[[27683,49878],[23,26],[34,12],[18,63],[17,-13],[16,25],[32,225],[31,137],[-7,49],[-11,2],[-14,60],[-23,-114],[-17,-18],[-24,26],[16,41],[-18,18],[-27,-74],[-29,-36],[-12,-35],[-40,53],[-53,116],[-46,29],[-25,27],[-11,47],[23,20],[35,58],[-5,74],[8,40],[-14,96],[-18,70],[8,67],[13,13],[8,77],[-25,65],[-23,95],[28,69],[55,2],[19,31],[9,84],[15,72],[11,10],[-8,71],[-12,55],[17,24],[17,67],[39,48],[46,111],[8,71],[-3,82],[16,27],[-13,43],[6,69],[-6,38],[-15,15],[-5,50],[9,45],[60,34],[27,46],[41,23],[12,-7],[32,51],[58,5],[28,17],[21,57],[32,-26],[1,25],[7,21],[10,1],[3,42],[14,36],[1,31]],[[28103,52659],[16,-23],[29,-74],[18,-2],[9,-39],[28,-10],[26,-60],[35,-31],[36,-57],[58,-33],[17,-31],[34,19],[15,-13],[8,-60],[28,-34],[21,-4],[12,-139],[17,-20],[43,-23],[25,14],[20,-30],[28,-11],[13,-24],[45,16],[26,-6],[16,-23],[49,18],[-2,81],[29,37],[24,-30],[22,-4],[7,-28],[19,7],[35,-105],[38,-56],[40,1],[62,-85],[39,-26]],[[27761,50299],[32,-25],[-9,-40],[-43,-141],[-37,1],[1,103],[14,66],[42,36]],[[24894,51110],[-5,-41],[-21,-9],[-14,21],[15,51],[25,-22]],[[25192,51438],[15,-20],[-22,-57],[-10,-6],[-18,-58],[-33,-14],[-22,22],[40,62],[21,55],[29,16]],[[24946,51523],[-1,-83],[-15,-32],[-24,-23],[-25,9],[-15,34],[-18,12],[2,50],[14,40],[67,19],[15,-26]],[[24611,51572],[-30,-22],[-29,28],[-9,22],[-7,69],[25,-2],[29,22],[21,-34],[0,-83]],[[24843,51669],[-6,-46],[-43,6],[-25,18],[-5,27],[11,71],[49,-28],[19,-48]],[[24774,51412],[-13,-82],[-19,-56],[-24,1],[-40,-36],[-67,7],[-29,70],[19,68],[56,67],[18,-12],[21,66],[-32,49],[-7,56],[-33,46],[-16,101],[-4,59],[-14,10],[-20,-21],[-16,28],[37,56],[25,28],[16,-4],[11,-61],[21,-26],[7,-115],[16,-51],[34,-42],[11,-40],[2,-95],[18,-11],[22,-60]],[[24857,51996],[9,47],[18,-20],[-16,-39],[-11,12]],[[28083,52624],[-3,-74],[-7,6],[-6,-11],[-6,41],[22,38]],[[28103,52659],[-7,62],[-13,2],[-27,36],[7,39],[35,84],[24,5],[52,-28],[7,45],[-14,39],[3,42],[-23,17],[-9,92],[8,44],[24,79],[12,13],[31,93],[27,34],[16,-60],[12,29],[14,-45],[27,-3],[-3,82],[41,13],[13,-55],[35,-1],[7,29],[-17,70],[8,26],[39,60],[-1,101],[39,69],[0,51],[14,42],[25,27],[16,85],[29,41],[15,103],[-8,31],[-20,-7],[-17,39],[3,35],[16,4],[15,52],[-19,18],[-17,-26],[-7,-71],[-22,43],[-3,87],[24,40],[3,25],[-14,45],[8,23],[11,92],[0,94],[-13,167],[-2,86],[4,85],[-14,97],[-15,21],[-25,-6],[17,60],[24,19],[14,-12],[26,54],[4,50],[-15,58],[-14,79],[-9,10],[-28,84],[20,29],[10,56],[-5,34],[15,85],[-20,54],[1,33],[-34,10],[-11,51],[-36,68],[14,34],[-38,99],[-30,49]],[[28362,55999],[21,139],[25,31],[-11,80],[25,1],[28,-82],[19,38],[47,65],[-11,39],[16,61],[34,59],[-8,67],[-26,93],[-11,7],[-16,106],[-17,40],[30,80]],[[28507,56823],[19,-44],[9,-54],[39,-50],[22,-76],[21,-13],[17,-37],[-7,-35],[30,5],[-28,-99],[22,-30],[27,6],[7,90],[-10,103],[0,80],[-19,59],[-31,26],[15,43],[62,35],[12,40],[19,15],[37,62],[29,33],[18,38],[1,37],[19,45],[5,56],[14,11],[11,45],[47,48],[18,5],[9,-26],[20,20],[19,-9],[14,25],[12,63],[0,34],[-22,48],[19,149],[4,63],[-20,69],[15,44],[21,29],[6,66],[-4,87],[31,55],[25,16],[11,50],[64,70],[4,33],[28,41],[17,2],[5,35],[94,-78],[4,-77],[9,-53],[27,16],[22,123],[18,51],[-7,70],[15,67],[51,22],[49,-45],[34,-5],[84,5],[31,10],[66,115],[33,36],[49,81],[85,54],[53,55],[34,126],[-9,75],[46,16],[-3,-40],[14,-23],[17,31],[8,79],[20,-12],[31,40],[10,42],[35,-11],[80,-69],[36,-134],[-7,-45],[-45,-55],[-7,-41]],[[30187,58657],[-34,-31],[-145,-77],[-11,-22],[-69,-263],[-62,-20],[-26,-101],[-36,-84],[-14,-79],[-42,-128],[-8,-159],[-15,-102],[-2,-56],[5,-36],[-40,-160],[-16,-22],[-27,-93],[-10,-49],[-22,-47],[4,-17],[34,1],[22,14],[46,60],[9,-84],[12,-29],[30,24],[12,-47],[30,-235],[6,-19],[74,-161],[-2,-47],[16,-88],[-42,-89],[10,-67],[-9,-106],[6,-45],[-5,-36],[8,-39],[36,-29],[32,-5],[12,-31],[3,-78],[20,-73],[24,-31],[45,-15],[16,25],[34,14],[103,-20],[27,-33],[62,27],[16,31],[56,22],[35,-9],[16,-40],[16,-4],[40,-40],[44,23],[17,-20],[111,-287],[71,-186],[37,13],[18,-37],[51,79],[47,-20],[17,2],[54,-30],[14,20],[38,14],[40,-10],[44,27],[36,-7],[26,13],[23,42],[31,-3],[43,-21],[27,-50],[-4,-37],[18,-44],[-2,-40],[-14,-14],[-32,-71],[-12,-44],[-2,-51],[10,-59],[-9,-40],[-45,-61],[-10,-47],[9,-63],[-3,-44],[8,-27],[-9,-111],[4,-18],[-12,-152],[20,-137],[-6,-40],[5,-55],[13,-31],[13,-110],[17,-96],[26,-15],[19,-32],[18,-101],[28,-45],[-1,-25],[-24,-67],[-16,-13],[-107,-206],[4,-34],[20,8],[17,-20],[18,4],[14,-71],[25,-16],[44,-108],[36,-42],[6,-38],[-12,-30],[14,-82],[13,-13],[-4,-67],[19,-63],[24,-131],[1,-38],[12,-57],[0,-44],[14,-57],[2,-59]],[[28297,53346],[9,-32],[-17,-31],[-16,45],[24,18]],[[28513,54289],[-8,-19],[-45,0],[36,51],[17,-32]],[[47940,73253],[-27,-12],[-76,-86],[-55,-12],[-54,49],[-73,-3],[-52,22],[-70,-42],[-29,9],[28,97],[0,45],[12,29],[12,75],[-8,63],[7,56],[1,85],[-20,74],[26,123],[-6,99],[-30,89],[-40,-42],[-42,-16],[4,80],[-19,66],[56,16],[30,51],[-19,76],[-26,-58],[-2,-57],[-58,-25],[-47,21],[0,64],[19,65],[-4,56],[24,97],[-1,98],[32,30],[41,92],[6,58],[56,256],[-11,44],[12,43],[28,177],[34,64],[-16,48],[12,125],[-3,80],[-19,67],[-13,83],[2,43],[-15,104],[-14,51],[3,70],[33,63]],[[45336,70657],[-16,-24],[-36,2],[-46,33],[-31,63],[15,31],[36,-31],[42,15],[47,-63],[-11,-26]],[[43037,73154],[11,-50],[-40,6],[0,41],[29,3]],[[43000,73639],[18,-45],[-17,-26],[-86,-19],[-55,21],[-34,41],[-5,52],[22,4],[23,-40],[62,-8],[33,19],[39,1]],[[42191,73975],[-36,-40],[-16,19],[-45,-3],[-25,46],[18,42],[31,-4],[46,-46],[27,-14]],[[42052,74062],[4,-26],[-42,-17],[-26,44],[34,26],[30,-27]],[[42252,74065],[-24,-6],[-56,30],[-15,46],[55,-34],[40,-36]],[[42494,74117],[-11,-30],[-47,0],[-27,14],[-18,54],[26,25],[42,-4],[29,-30],[6,-29]],[[41331,74586],[21,-49],[-13,-39],[-30,25],[8,63],[14,0]],[[64975,73339],[-4,72],[-20,160],[-5,165],[14,100],[1,101],[-10,83],[10,89],[18,54],[14,74],[-29,73],[-35,15],[-20,80],[-29,30],[3,49],[-52,-8],[-49,27],[-13,-53],[-23,64],[25,76],[52,13],[59,-40],[37,43],[-18,38],[-31,13],[-25,40],[-4,36],[38,107],[-36,31],[-41,-35],[-33,32],[-12,-13],[-42,0],[-26,-17],[-40,62],[8,58],[-19,69],[10,121],[36,100],[-10,31],[36,176],[15,-36],[26,-104],[62,1],[43,-22],[16,14],[13,75],[19,-15],[-2,-47],[21,-55],[-1,-36],[39,0],[21,26],[20,-8],[45,42],[39,0],[-11,94],[24,13],[31,-37],[1,-24],[46,16],[33,73],[-44,131],[-55,67],[-25,17],[-62,79],[-13,34],[-6,114],[-24,88],[-10,112],[-22,26],[-38,11],[-85,-22],[-22,-15],[-49,6],[-44,-61],[-39,-126],[23,-43],[-1,-72],[-24,-102],[-27,22],[-43,53],[9,66],[-44,67]],[[59708,68737],[13,105],[-12,14]],[[53692,53077],[1,32],[-15,32],[-30,7],[-14,-20],[-77,9],[-16,-16],[-37,11],[-38,23],[-26,-6],[-14,14],[-37,-18],[-28,6],[-97,-4],[-23,22],[-88,-11],[-9,-78]],[[53144,53080],[-166,0],[-203,0],[-33,26],[-17,31],[-3,44]],[[52722,53181],[5,21],[1,107],[14,110],[1,73],[23,116],[-16,110],[-34,94],[-38,59],[-5,121],[-10,35],[21,75],[-24,42],[-28,-13],[-18,-51],[-45,34],[-11,27],[-24,6],[-43,47],[6,68],[-20,57],[-7,83],[9,39],[-15,42],[-23,-35],[-18,23],[-6,-46],[-35,-5],[-20,34],[4,60],[13,23],[8,69]],[[53087,49565],[-26,46],[-10,82],[-49,88],[-45,64],[-3,79],[-18,27],[-33,77],[-79,132],[-74,117],[-49,127],[33,-12],[8,-18],[46,-46],[30,20],[-3,29],[-63,33],[-24,26],[-20,-26],[-15,49],[-28,19],[-8,92],[-35,65],[-20,49],[-3,46],[44,-7],[-9,32],[-44,-3],[-23,52],[-2,95],[-61,176],[18,-16],[22,-72],[29,-39],[3,-71],[48,32],[12,25],[-2,44],[-29,-45],[-22,-9],[-6,40],[2,53],[-36,12],[-35,55],[-4,75],[-39,113],[-44,180],[19,2],[4,-44],[36,27],[21,-68],[23,66],[3,52],[47,108],[11,46],[-1,75],[12,68],[2,58],[-13,174],[20,-6],[0,-59],[12,2],[80,-43],[23,27],[-32,24],[-30,43],[-20,-4],[-24,103],[-30,43],[1,40],[59,40],[29,-25],[-2,96],[-16,90],[9,30],[21,25],[21,1],[17,-35]],[[52723,52408],[29,-37],[17,3],[16,37],[197,-2],[166,-1],[-1,453],[0,197],[-3,22]],[[52499,51471],[10,-4],[1,-63],[-19,4],[-5,54],[13,9]],[[50663,58684],[-14,25],[-74,211],[-1,44],[49,24],[-12,92],[-26,70],[-38,11],[-17,-16],[-23,-53],[-64,11],[-17,14],[-117,200],[-28,12],[-12,29],[0,151],[4,23],[51,-32],[5,29],[-38,45],[-27,81],[-28,27],[-16,-2],[-11,34],[-37,-3],[-6,51],[-26,44],[-38,112],[-8,50],[13,72],[-11,33],[-44,80],[-10,57],[19,107],[-10,50],[9,53]],[[50250,58164],[-63,-3],[-52,-32],[0,41],[-182,75]],[[49953,58245],[-36,-3],[-20,-37],[-10,21],[-31,-65],[-21,-3],[-12,-43],[-17,49],[-46,0],[-58,12],[-10,-12],[-69,2],[-22,15],[-35,2],[-11,-17],[-104,-2],[-216,-4],[-31,-70],[-16,-83],[-3,-50],[11,-65],[22,-73],[-5,-51],[20,-23],[-11,-44],[3,-87],[8,-31],[0,-66],[6,-22],[-16,-64],[12,-35],[-2,-54],[20,-45]],[[50449,55411],[-52,-18],[-68,-47]],[[50329,55346],[-3,29],[-23,6],[-23,48],[-7,46],[-21,0],[-40,55],[-13,40],[-1,54],[-24,36],[2,38],[-32,69],[7,38],[-14,44],[29,33],[0,74],[13,94],[-6,43],[-21,-8],[-13,41],[-1,62],[18,29],[14,50],[-6,182],[-5,108],[36,46],[-5,57],[-19,61],[-19,18],[-29,50],[-22,97],[30,11],[9,42],[-21,93],[9,63],[12,29],[9,109],[-30,65],[-27,-6],[-5,-25],[-23,-10],[-1,90],[35,-2],[-1,63],[-8,46],[5,74],[8,33],[-5,47],[4,159],[-13,8],[-10,45],[-29,1],[-14,54],[-30,55],[-30,27],[1,70],[15,33],[13,144],[-13,20],[-20,-6],[-18,27]],[[50329,55346],[-24,-31],[-24,-69],[-5,-50],[-23,-36],[-53,-13],[-111,14],[-46,-32],[-34,-55],[-35,-30],[-78,-48],[-37,-71],[-37,-16],[-45,-73],[-69,-9],[-51,-57],[-24,-3],[-69,-44],[-39,-47],[-11,-35],[-46,-32],[-19,-39],[-30,-9],[-41,64],[-33,41],[-47,20],[-46,32],[-76,20],[-43,27]],[[49134,54774],[28,4],[11,-17],[37,37]],[[45827,58149],[-18,-23],[-9,33],[5,42],[-15,17],[-21,-53],[-11,25],[17,50],[-42,11],[-14,26],[-1,84],[-26,13],[31,100],[11,-4],[17,46],[28,22],[-13,29],[-31,-31],[-11,-24],[-21,5],[-2,28],[-7,31],[-14,14],[31,88],[69,-9],[-7,23],[-40,30],[-38,-15],[-25,-49],[-68,-59],[-14,15],[-24,-4],[12,72],[17,46],[-19,13],[-14,-43],[-42,-18],[-23,14],[-32,52],[-9,108],[-30,-3],[-29,55],[-24,29],[-18,0]],[[45542,58236],[-8,-47],[-31,2],[-17,37],[22,16],[19,44],[15,-52]],[[45650,58342],[-21,-71],[-11,31],[14,38],[18,2]],[[45507,58295],[-29,5],[13,43],[20,-5],[-4,-43]],[[45479,58453],[-33,4],[1,26],[40,3],[-8,-33]],[[45549,58463],[19,54],[13,-16],[2,-72],[-38,-19],[-13,27],[17,26]],[[45701,58532],[-4,-40],[-18,-25],[-21,5],[28,56],[15,4]],[[45509,58669],[48,17],[-10,-75],[-15,-8],[-20,30],[-3,36]],[[48517,72647],[-1,-10],[-3,-3],[-2,13]],[[15902,80048],[150,0],[244,0],[183,0],[366,0],[306,0],[305,0],[183,0],[244,0],[306,0],[244,0],[366,0],[244,0],[245,0],[366,0],[244,0],[306,0],[366,0],[247,0],[180,0],[244,0],[184,0],[244,0],[366,0],[244,0],[306,0],[183,0],[305,0],[183,0],[306,0],[5,11],[-1,206],[50,-7],[43,-37],[4,-72],[28,-146],[0,-61],[33,-47],[31,-15],[47,8],[22,-36],[99,-9],[33,-69],[74,15],[11,32],[54,19],[77,-8],[27,-21],[65,-25],[-15,-53],[49,0],[39,-122],[26,9],[-3,36],[41,22],[31,-9],[24,-61],[53,-23],[21,-52],[32,-29],[41,-6],[42,16],[57,61],[41,32],[23,-4],[15,-68],[71,-10],[98,19],[29,-9],[26,-53],[22,-13],[27,16],[129,-17],[194,156],[65,28],[17,-3],[260,-213],[215,-176],[313,-265],[175,-153],[30,-152],[51,-92],[27,-10],[19,31],[33,-5],[30,26],[24,-12],[-14,-54],[15,-49],[5,-84],[39,-81],[30,33],[63,-2],[41,-70],[-48,-126],[43,-2],[79,-75],[169,-155],[16,-45],[27,-242],[40,-363],[40,-364],[-2,-35],[-71,-287],[-1,-40],[-20,-94],[4,-23],[-11,-76],[-18,-44],[-19,-8],[-43,-80],[-67,-50],[-25,-53],[-7,-138],[24,-88],[99,-96],[80,-2],[120,115],[199,191],[286,91],[341,251],[28,50],[1,34],[-33,38],[-8,48],[2,94],[-33,118],[135,96],[320,-2],[193,-2],[12,12],[95,253],[38,58],[31,18],[8,35],[31,40],[55,35],[47,100],[119,162],[39,36],[73,49],[43,-7]],[[29246,77748],[227,2],[138,1],[305,4],[221,2],[31,131],[28,29],[42,-23],[35,53],[50,-20],[1,48],[30,45],[10,59],[27,45],[51,46],[-3,36],[43,75],[-15,43],[2,42],[18,40],[-10,41],[26,84],[32,35],[18,164],[206,424],[12,12],[43,-17],[8,-105],[37,-34],[40,27],[33,5],[29,31],[43,2],[24,38],[28,-16],[65,-82],[44,-94],[4,-464],[5,-231],[-8,-74],[39,-36],[59,-15],[6,-45],[-18,-23],[17,-61],[-12,-60],[33,-68],[31,22],[19,-14]],[[31340,77852],[31,-143],[24,-66],[-69,-99],[-28,8],[-22,-30],[-37,23],[-10,-53],[-30,-3],[-34,15],[-19,-19],[6,-34],[-13,-35],[-34,-26],[-21,5],[-4,55],[-44,3],[-82,-49],[11,-61],[-30,1],[-34,22],[-20,83],[-44,-33],[11,-42],[-15,-31],[-25,-91],[-8,-55],[-20,-52],[-20,-12],[-30,52],[-17,-16],[-13,-65],[-25,35],[-22,-25],[-39,-92],[-19,9],[-36,63],[-34,-32],[-36,-62],[9,-80],[-42,-19],[-7,-77],[-38,-31],[-14,-64],[-25,-78],[-14,-16],[-29,-113],[-1,-87],[17,-35],[27,15],[3,-46],[-59,-33],[6,-27],[-37,-48],[-18,-62],[21,-16],[50,-12],[42,-97],[-7,-78],[25,-1],[9,-80],[26,-34],[46,-24],[57,34],[35,48],[1,-105],[-11,4],[-72,-22],[-53,-7],[-21,-39],[-43,-24],[0,115],[-32,-44],[-37,-18],[-5,-37],[-34,1],[-38,-48],[-6,102],[-15,3],[-26,55],[-25,-99],[5,-61],[-20,-59],[-28,1],[-64,-29],[-19,17],[-59,-21],[-23,8],[-26,-24],[-41,4],[-20,-19],[-27,16],[-23,-16],[-26,8],[-108,-58],[-110,-87],[-19,-7],[-36,-56],[-16,-40],[-30,-20],[16,132],[-1,69],[-12,5],[0,-133],[-32,-125],[-18,-35],[-31,-11],[-20,-79],[23,-33],[46,-11],[17,-54],[-24,-182],[-13,1],[-6,-95],[-18,-60],[7,-26],[-25,-50],[-29,-36],[-41,-98],[-20,-64],[-21,-39],[-25,-84],[-36,-64],[-26,-5],[23,122],[-39,37],[-37,-7],[-25,56],[-30,24],[-48,81],[-16,-9],[43,-85],[11,-52],[0,-98],[22,-41],[1,-32],[40,-77],[23,1],[5,-68],[-17,-51],[19,-21],[-18,-111],[5,-25],[-13,-44],[-25,-8],[-13,-67],[-12,1],[-13,-58],[-15,-28],[2,-50],[-18,-26],[-91,-217],[-19,-56],[-22,-128],[-14,71],[2,34],[32,142],[-8,27],[37,68],[-2,39],[25,21],[-22,83],[-28,7],[20,84],[-35,12],[24,37],[-14,30],[-34,-17],[-54,59],[-27,74],[18,4],[3,44],[27,63],[-25,28],[-29,8],[10,54],[26,-8],[16,50],[-26,32],[27,34],[5,62],[-39,20],[27,95],[39,44],[-8,45],[-41,-62],[-59,-23],[9,-30],[-16,-44],[14,-104],[-24,-16],[7,-43],[-26,-79],[9,-29],[2,-114],[33,-78],[-7,-40],[9,-55],[19,-51],[-9,-46],[-23,43],[-51,52],[-38,3],[-47,36],[-14,31],[-13,67],[-51,-56],[-14,17],[-3,58],[23,64],[-13,30],[-27,-119],[10,-63],[12,-7],[65,25],[-5,-37],[22,-56],[20,-20],[74,-15],[22,-43],[1,-29],[79,-70],[-1,-47],[-18,-52],[-9,-60],[-26,-5],[24,-56],[31,-42],[-22,-36],[-24,12],[8,-78],[-24,-33],[47,-40],[8,-44],[-8,-32],[-37,-21],[-6,31],[-44,51],[-2,46],[-72,40],[44,-68],[16,-61],[25,-9],[26,-69],[44,-14],[14,44],[40,-26],[38,-2],[17,-119],[-14,-57],[17,-18],[4,-46],[-31,-20],[27,-33],[16,-139],[-45,17],[-49,-51],[-60,-12],[-31,-40],[-45,25],[-12,-64],[48,-4],[23,20],[24,-20],[53,32],[41,-6],[-10,-69],[6,-55],[19,-22],[1,91],[38,53],[18,-27],[19,-60],[-1,-75],[-8,-50],[-40,-19],[-70,-133],[-33,0],[-48,32],[-16,-7],[-21,61],[-7,-59],[-29,21],[-55,7],[58,-52],[55,-24],[1,-47],[-48,-28],[29,-33],[-57,-77],[-49,-6],[50,-39],[33,41],[26,9],[48,-19],[11,-38],[-46,-77],[-19,9],[-24,-34],[-66,10],[-85,-51],[-15,-33],[-34,-39],[-44,-33],[-37,-54],[-45,-97],[-12,-49],[-10,-94],[-17,-3],[-17,-35],[-61,19],[-32,-5],[-53,-28],[-57,-52],[-48,-78],[-55,-130],[-19,-129],[-51,-101],[-29,-15],[-26,13],[-6,-56],[-39,-67],[-29,-24],[-10,-41],[-33,-44],[-40,-17],[-51,-55],[-21,-3],[-32,34],[-13,-28],[28,-28],[8,-44],[-31,-50],[-23,-7],[-34,54],[-11,-24],[33,-60],[-16,-36],[-42,-48],[14,-38],[-40,-80],[-26,14],[4,-58],[-38,-41],[-29,-84],[-17,-89],[10,-58],[16,-24],[-32,-76],[-20,28],[9,-95],[-21,-33],[-6,-66],[6,-86],[20,-13],[-6,-100],[17,-72],[-2,-49],[39,-293],[21,-118],[71,-297],[99,-294],[7,-62],[-15,-28],[1,-112],[-8,0],[1,99],[8,73],[-6,60],[-43,1],[4,64],[-27,39],[5,-75],[9,-30],[16,-136],[100,-407],[10,-87],[46,-210],[8,-7],[21,-95],[10,-93],[2,-129],[-6,-18],[-7,-155],[-10,-126],[-4,-104],[-14,-17],[-5,-60],[-12,-14],[-19,-64],[-10,-72],[8,-71],[-22,-43],[-9,-43],[-43,12],[-36,-56],[-40,24],[-15,-24],[-49,-14],[-25,62],[8,59],[19,-33],[37,-35],[6,29],[-16,32],[-32,19],[-15,25],[-18,76],[-30,147],[-20,40],[-47,40],[-33,2],[5,33],[-38,67],[-6,112],[-8,28],[-1,62],[-19,3],[-32,43],[-12,87],[7,107],[-24,43],[-15,-79],[-32,27],[-18,52],[-51,194],[-3,68],[-20,27],[-5,45],[23,16],[10,59],[40,84],[-6,70],[-18,-15],[-31,53],[-23,17],[-11,-49],[32,-27],[2,-30],[-11,-74],[-13,0],[-31,66],[-13,8],[21,159],[-6,51],[34,146],[8,172],[-2,89],[-11,7],[-20,56],[-5,63],[-21,36],[-48,-4],[-17,56],[-21,19],[-16,61],[-52,69],[-1,79],[-33,28],[-19,63],[-24,55],[-30,39],[-19,8],[-46,60],[-35,-11],[-34,3],[-33,-40],[-15,-32],[28,-13],[-2,-25],[-44,11],[-40,-40],[-22,-35],[-43,-35],[-66,-5],[-51,-16],[2,60],[-15,52],[-88,135],[-10,71],[-16,-3],[6,-59],[-34,45],[-55,51],[-83,43],[37,20],[22,25],[-38,23],[-34,-21],[-21,11],[-54,-34],[-101,-18],[29,38],[-21,37],[-13,-15],[-26,50],[0,-62],[-48,-89],[-40,-15],[-1,38],[-27,-22],[-5,-26],[-54,-22],[2,43],[-39,64],[-6,34],[8,38],[-9,64],[-30,-3],[-17,-116],[-2,-66],[-65,38],[-32,-46],[-25,14],[-51,3],[-29,40],[-22,11],[-24,-37],[-88,-43],[-25,-26],[-6,-40],[-74,-8],[-17,37],[-56,15],[-25,55],[-45,15],[-51,-96],[-8,-44],[27,-45],[47,-24],[36,9],[31,32],[13,34],[25,-32],[-14,-60],[43,-64],[18,-2],[14,63],[40,40],[-2,-75],[28,-28],[-24,-51],[-10,22],[-51,-121],[-23,-10],[15,-46],[35,-30],[7,-45],[23,7],[25,-33],[39,3],[21,-59],[29,-59],[-46,-67],[-33,11],[-21,22],[-28,89],[-34,8],[-4,16],[-38,34],[-7,28],[-35,49],[-17,-2],[-31,37],[13,-99],[-17,-47],[4,-63],[-41,-51],[-12,47],[6,46],[-40,29],[-46,1],[-40,-104],[-34,33],[-29,-3],[-41,14],[-42,25],[-27,32],[30,63],[-16,69],[-12,-16],[-59,22],[-10,65],[-21,-1],[4,48],[-15,14],[-54,4],[9,41],[-38,0],[-5,-19],[-37,-24],[-5,-28],[12,-50],[-8,-20],[-39,-30],[-75,21],[-38,19],[-95,74],[-48,23],[-71,-1],[-79,-19],[-25,-22],[-16,62],[29,29],[6,59],[-26,15],[-19,-69],[-3,-52],[16,-58],[-51,4],[-165,-133],[13,59],[-41,-17],[17,99],[-14,50],[-23,-8],[-14,-59],[-38,31],[-3,-103],[23,-69],[15,-26],[-49,-99],[-26,-30],[0,-61],[-62,-96],[-11,-4],[-50,-63],[-24,-16],[-36,-2],[-108,-84],[-15,59],[-24,-31],[-12,31],[-16,-31],[-31,11],[-7,-43],[18,-17],[32,-66],[-69,-67],[-35,68],[-18,-12],[17,-49],[0,-52],[-27,-52],[-77,-10],[-17,-34],[24,-33],[7,31],[22,-17],[-44,-118],[-23,25],[-70,-4],[9,-22],[28,-3],[8,-50],[26,-36],[-44,-203],[-31,14],[-27,-30],[0,-32],[31,-7],[22,23],[-2,-80],[-14,-16],[5,-48],[-20,-7],[-1,-106],[19,-29],[17,-138],[-6,-67],[27,-38],[-3,-39],[15,-49],[-1,-45],[18,-30],[3,-50],[26,37],[1,-47]],[[23017,66787],[-32,-2],[-48,-62],[-70,103],[-34,17],[-39,-4],[-78,11],[-22,21],[-19,47],[-59,40],[-16,-12],[-28,35],[-16,38],[-27,-1],[-19,19],[-34,4],[-8,68],[-14,9],[-5,51],[-18,114],[-59,132],[8,87],[-18,76],[6,50],[-10,42],[1,43],[-26,42],[-28,7],[-11,36],[-34,48],[-4,56],[-34,68],[-21,77],[-34,31],[-24,51],[-31,171],[-27,66],[-7,56],[-29,69],[-13,110],[-26,33],[-15,56],[-55,69],[-6,40],[-35,24],[-18,31],[2,32],[-40,38],[-12,51],[-41,18],[-21,-12],[-95,24],[-38,-9],[-53,50],[-21,-23],[-8,-41],[-31,4],[-46,-23],[-27,-88],[-29,-143],[-4,-71],[-25,-25],[-32,-68],[-12,-42],[-43,10],[-49,45],[-18,39],[-36,14],[-29,36],[-5,24],[-37,9],[-36,26],[-58,109],[-23,6],[-26,30],[-25,45],[-11,69],[-30,89],[-5,51],[5,93],[-19,41],[-29,101],[-9,65],[-34,72],[-22,19],[-40,58],[-37,23],[-53,88],[-10,39],[-49,63],[-26,62],[-40,63],[-44,29],[-34,76],[-20,79],[-44,33],[-177,1],[-295,1],[0,-259],[-285,0],[-201,0],[-289,0],[-17,3],[-122,82],[-227,145],[-228,146],[-227,146],[-239,153],[5,54],[22,69],[-297,-47],[-204,-32],[-166,-26]],[[17465,70568],[-11,80],[-26,18],[-7,78],[8,28],[-19,128],[-52,131],[-74,112],[-56,61],[-31,55],[-46,20],[-13,-32],[-30,18],[5,54],[-14,66],[-28,51],[-67,-10],[-42,13],[-78,59],[-15,63],[-51,65],[-45,30],[-32,-13],[-41,5],[-36,31],[-35,7],[-94,-13],[-10,41],[-38,37],[12,69],[-10,31],[7,57],[-16,28],[11,96],[-4,38],[-40,23],[-30,41],[8,89],[-11,25],[-27,7],[-45,102],[-28,15],[-19,71],[-35,57],[-7,55],[-22,22],[-17,54],[-28,49],[-29,29],[-17,37],[-14,103],[2,85],[19,-19],[16,44],[6,71],[-19,70],[-22,29],[-34,-17],[-26,16],[-69,126],[1,95],[-18,79],[-16,20],[8,77],[-6,66],[27,18],[16,-126],[28,-12],[21,-37],[10,41],[-4,49],[-24,49],[-23,19],[10,28],[-28,80],[47,51],[22,-20],[49,30],[-23,34],[-19,-43],[-41,8],[-35,46],[-25,-28],[-5,-104],[18,-24],[-25,-38],[-40,52],[-15,-2],[-26,54],[-28,22],[-26,-20],[18,82],[-7,71],[-43,105],[-34,36],[-50,101],[-60,94],[-21,64],[10,38],[-38,184],[2,56],[13,58],[-7,85],[-16,81],[-73,158],[-69,89],[5,33],[-17,72],[37,148],[17,0],[29,181],[-15,71],[11,25],[17,146],[-11,96],[-16,78],[-29,22],[13,43],[0,90],[-39,61],[-6,62],[-15,63],[4,93],[7,43],[-6,56],[-28,49],[-9,56],[29,106],[19,179],[19,8],[8,39],[29,196],[6,69],[25,419],[-1,123],[9,32],[17,158],[3,85],[-5,28],[17,39],[-15,20],[4,72],[10,50],[-16,56],[6,65],[-9,37],[16,24],[-1,59],[-15,68],[34,-23],[71,15],[26,28],[-40,20],[-8,21],[-65,-31],[-38,60],[46,49],[-4,165],[-51,9],[-2,38],[15,47],[46,29],[-36,24],[-4,26],[-40,8],[-11,106],[-30,76],[-9,109],[-20,112],[-17,41],[-43,55],[-14,110],[-13,41],[21,86],[24,29],[49,-44],[47,-20],[49,-47],[98,-7],[32,-17],[94,-12],[37,20],[31,-33],[57,28],[1,-34],[32,-84],[2,-38],[-19,-44],[-28,-7],[-31,-106],[52,41],[8,42],[41,94],[16,0],[17,-86],[-45,-36],[10,-55],[24,-45],[-22,-106],[-28,-20],[-31,-55],[-13,64],[-21,-22],[-12,-56],[18,-29],[28,16],[21,-40],[42,69],[10,40],[24,-6],[35,60],[-12,40],[-13,115],[9,46],[-7,33],[24,94],[31,42],[-43,62],[-8,108],[-39,37],[11,90],[15,29],[-25,108],[-34,-3],[-34,71],[6,61]],[[10832,91946],[0,-252],[0,-420],[0,-420],[0,-503],[0,-420],[0,-336],[0,-588],[0,-335],[1,-336],[0,-420],[0,-420],[0,-336],[0,-587],[6,-15],[124,-44],[30,43],[114,-61],[27,11],[52,59],[28,14],[147,7],[7,-27],[-30,-130],[50,-55],[86,-52],[26,-77],[275,-296],[52,-191],[39,45],[123,93],[63,4],[41,77],[-1,100],[54,14],[4,78],[93,26],[123,72],[62,-54],[67,-89],[-22,-72],[46,-85],[63,-18],[41,-67],[44,-41],[0,-45],[49,-76],[97,-61],[68,-109],[46,-49],[24,-99],[58,-82],[26,-81],[43,-73],[102,-220],[53,-88],[36,-86],[-31,-67],[86,-30],[-21,-97],[66,-38],[-5,-26],[25,-93],[59,5],[135,-108],[73,-20],[53,-64],[42,-17],[26,-64],[92,-22],[14,-47],[0,-54]],[[13883,84031],[-42,-91],[13,-55],[-6,-62],[44,-151],[-25,-29],[-42,-110],[-38,-78],[-59,-58],[-55,14],[-25,-34],[-19,30],[1,67],[-22,37],[17,40],[-32,40],[2,32],[51,82],[2,120],[-6,95],[-48,93],[-29,37],[-7,42],[-42,-30],[-20,28],[-89,-71],[-44,-18],[36,-34],[-18,-74],[-30,-40],[-7,-56],[-58,50],[-25,87],[48,61],[40,93],[-6,87],[42,22],[-41,57],[-3,35],[-53,14],[-11,52],[-41,38],[12,60],[-47,-21],[-1,80],[-54,34],[-52,67],[26,29],[-90,68],[-8,33],[-41,-18],[-79,39],[19,55],[26,34],[-31,81],[1,32],[-45,52],[3,47],[21,7],[101,-73],[8,20],[-96,73],[-8,103],[-36,-80],[-49,96],[-55,66],[-8,66],[6,53],[24,22],[-7,53],[-65,-112],[-72,81],[-74,26],[-17,64],[-41,85],[15,12],[-7,69],[-30,-27],[-25,47],[4,35],[-28,133],[-36,-7],[-7,-92],[43,-105],[17,-72],[-16,-20],[35,-97],[13,-77],[-26,-53],[-45,20],[-30,82],[-25,-8],[-33,26],[-72,-27],[-5,57],[17,29],[-61,172],[-27,-34],[-31,-2],[-57,42],[-10,61],[-34,-30],[-77,36],[4,-35],[114,-54],[-9,-33],[37,-10],[71,-88],[-1,-30],[30,-76],[-14,-24],[-82,-27],[-34,9],[-29,-53],[-63,56],[-6,31],[-37,19],[-42,-3],[-108,94],[-10,32],[-104,105],[-15,68],[-56,61],[-130,79],[-91,64],[-62,26],[-181,130],[55,17],[51,82],[-24,32],[-17,68],[41,59],[47,-74],[24,3],[-80,101],[-22,-52],[-33,-19],[-40,-59],[-132,-68],[-81,4],[-69,21],[-114,60],[-39,29],[39,25],[4,39],[-35,14],[-63,-38],[-33,-4],[-66,38],[-230,48],[-111,-25],[-115,-11],[-85,-30],[-37,48],[-83,70],[-62,-7],[-59,67],[-44,0],[8,43],[34,48],[-11,36],[-52,0],[-27,-56],[-33,-35],[-43,-4],[-51,52],[-102,2],[72,88],[-3,28],[-62,27],[-79,-39],[23,49],[-29,20],[-73,-40],[-22,37],[83,35],[-34,21],[-35,-17],[-48,35],[-19,44],[55,75],[76,-2],[-12,31],[-72,0],[-64,-60],[-46,-19],[-33,9],[-74,-71],[-66,40],[2,-43],[-24,-12],[-31,30],[-40,-5],[-31,24],[8,50],[-42,-8],[-37,-73],[-78,-38],[2,-55],[41,26],[10,-71],[36,60],[16,-81],[-30,-41],[11,-31],[54,63],[35,-61],[4,-32],[-40,-27],[-53,-67],[38,-28],[-7,-47],[-32,-13],[-34,-78],[-44,-20],[-101,8],[-116,30],[-65,-72],[-45,-4],[-19,-100],[-31,0],[-53,-79],[-25,-7],[-35,-53],[-63,34],[-28,-64],[-74,-56],[7,-40],[-55,16],[-5,-38],[-51,3],[-29,20],[-47,-48],[-49,-5],[-65,65],[23,77],[67,42],[59,4],[47,38],[24,55],[53,71],[-32,5],[-101,-87],[-76,27],[-38,60],[49,147],[67,84],[17,37],[4,62],[23,16],[7,86],[-37,104],[45,33],[51,6],[85,81],[87,62],[32,0],[31,-56],[50,-11],[61,35],[56,-24],[138,-30],[-27,38],[-31,-12],[-41,30],[-38,8],[-124,92],[47,44],[28,62],[39,40],[93,41],[-30,19],[-91,-34],[-43,-58],[-20,-62],[-130,4],[-51,27],[-27,-26],[-60,-25],[-31,-27],[-27,-57],[-57,-30],[-57,-11],[-50,-44],[-26,-96],[-59,-45],[-13,-34],[-37,-31],[-30,-48],[6,-32],[-27,-71],[-78,-73],[30,-45],[-8,-42],[-33,-64],[-33,-15],[-46,4],[-36,-40],[42,-11],[-15,-52],[-73,-41],[-43,13],[-28,-11],[-4,-43],[-57,-15],[19,-44],[-98,-49],[14,-22],[-32,-35],[-16,-118],[135,-3],[25,-35],[35,-4],[46,-40],[-2,-46],[-28,-70],[-70,-64],[-58,-3],[-19,-72],[-32,2],[23,-63],[-83,-38],[37,-59],[-32,-49],[-45,7],[-39,-69],[-30,26],[-27,-38],[-65,13],[-13,-74],[-74,-41],[7,-50],[-23,-8],[-59,38],[-2,-73],[-56,-53],[-66,-32],[-80,-59],[-14,-58],[12,-79],[-39,-36],[-24,-76],[-54,17],[-78,-77],[-39,-59],[-64,53],[5,-54],[-47,-33],[25,-56],[-51,-5],[-24,36],[-45,-11],[-14,-49],[29,-3],[-5,-50],[-53,20],[-27,-31],[-53,7],[-77,-99],[80,16],[38,-24],[-39,-32],[9,-31],[-35,-24],[-11,-58],[-33,4],[-72,-16],[-19,-53],[-47,5],[-72,-28],[-33,-28],[-25,-73],[-31,27],[15,35],[-57,23],[-8,-36],[-32,-7],[-53,-69],[-26,-7],[-49,-40],[-12,-47],[-20,-3],[-18,67],[-19,-81],[-28,-10],[-39,41],[-28,-53],[-71,-42],[-25,18],[-41,-1],[10,56],[26,53],[-14,38],[-51,-15],[-24,-49],[-2,-77],[-50,-87],[-34,-2],[-4,-38],[21,-27],[-41,-21],[-47,-41],[-41,10],[1,35],[-46,118],[-24,-6],[-14,-42],[29,-30],[-8,-97],[-39,-36],[-26,2],[-45,92],[-40,23],[-9,-54],[41,-41],[2,-26],[-72,-66],[-19,26],[30,49],[-15,101],[79,55],[25,-27],[35,35],[50,76],[46,11],[-17,45],[90,138],[111,105],[103,42],[92,5],[85,-128],[36,71],[49,4],[10,-37],[44,11],[0,24],[-56,40],[-13,41],[29,61],[2,34],[24,60],[50,64],[48,34],[75,77],[81,28],[36,26],[42,52],[64,45],[45,-37],[28,5],[0,136],[20,45],[82,123],[65,47],[39,58],[64,41],[0,93],[20,104],[9,112],[21,87],[-11,38],[18,82],[66,90],[57,61],[28,137],[-35,-44],[-108,-51],[-26,-29],[-163,-78],[-45,19],[-25,71],[-44,29],[21,59],[-24,21],[-60,-82],[-27,-63],[33,-109],[17,-15],[-33,-50],[-62,11],[-93,191],[-46,53],[-10,34],[-38,2],[-52,-77],[-37,61],[-59,17],[1,45],[-27,46],[-88,-70],[-45,-55],[-16,18],[-131,-91],[-1,-38],[-55,-33],[-98,17],[13,48],[41,23],[-22,132],[51,55],[-30,20],[-70,9],[-15,57],[17,30],[6,61],[64,66],[-40,73],[-6,39],[-56,104],[-7,51],[-37,71],[-37,50],[9,25],[-32,44],[-5,-128],[-14,-44],[-63,5],[-15,-36],[-78,-48],[-147,-34],[-72,-1],[-62,20],[-32,70],[4,45],[-59,34],[-20,53],[-75,59],[-65,31],[-37,63],[27,11],[4,49],[-59,-32],[-41,8],[15,39],[88,75],[-9,44],[51,49],[50,29],[0,-56],[56,-3],[54,-19],[15,-56],[73,52],[41,-26],[-8,-55],[12,-32],[41,10],[50,43],[11,51],[-33,26],[-88,26],[26,20],[18,63],[-85,-79],[-99,6],[-55,-10],[-18,45],[-52,-14],[-11,24],[-76,-15],[-20,31],[39,49],[-42,50],[-38,4],[-7,-49],[-39,9],[-30,32],[-1,79],[-57,19],[-25,50],[39,33],[1,34],[-41,26],[-60,-26],[-17,45],[81,63],[-54,68],[90,3],[47,14],[-36,65],[10,88],[30,35],[90,149],[39,46],[73,12],[16,48],[-20,68],[0,59],[44,99],[79,11],[-38,62],[59,51],[61,19],[105,-21],[46,-69],[45,-5],[25,-38],[71,15],[59,49],[21,45],[58,33],[100,155],[43,-18],[-1,-36],[118,10],[24,-8],[108,29],[66,75],[44,63],[6,45],[-44,129],[-13,117],[-64,65],[-6,28],[-72,26],[8,37],[117,-8],[64,78],[5,43],[-27,53],[-83,74],[-67,-95],[-81,12],[-102,-42],[-52,-59],[-67,-35],[-27,-30],[-10,-64],[-38,-30],[-26,67],[13,24],[-115,85],[-41,-30],[93,-50],[-22,-56],[-40,42],[-72,45],[-78,15],[-43,-12],[-103,12],[-85,-50],[-12,16],[-95,-47],[-114,36],[-207,42],[-50,31],[-31,53],[24,53],[1,44],[-81,48],[-18,46],[78,73],[-6,26],[66,14],[-16,31],[-175,42],[-128,9],[-90,60],[-99,50],[72,74],[67,0],[5,51],[60,52],[37,-20],[42,8],[51,40],[42,66],[122,68],[54,-32],[94,-11],[71,27],[-109,51],[35,48],[128,65],[98,13],[65,56],[123,26],[80,6],[50,-25],[13,-37],[-38,-61],[12,-63],[-10,-70],[58,-52],[91,11],[64,-15],[100,19],[30,-38],[74,-1],[58,23],[73,-19],[64,55],[32,69],[59,10],[11,-25],[57,-15],[33,20],[-39,59],[-104,37],[-65,-1],[-57,-23],[23,66],[-18,44],[-93,95],[-48,5],[-55,97],[86,35],[57,-89],[30,-19],[-18,-61],[58,-77],[73,-45],[75,20],[21,23],[56,-25],[77,-64],[46,-2],[102,18],[9,75],[-30,42],[-63,-8],[-91,46],[-71,-11],[-49,-68],[-70,18],[-84,81],[-4,62],[42,80],[39,23],[-68,36],[-43,-4],[-124,-33],[-83,33],[-56,-11],[-209,43],[-21,21],[-13,112],[-42,94],[-53,70],[-81,52],[-69,66],[-45,14],[-55,48],[-107,74],[-136,44],[-49,59],[-123,69],[49,47],[36,71],[13,124],[-12,55],[118,3],[41,-11],[172,12],[71,19],[123,8],[106,43],[95,67],[94,110],[36,28],[36,154],[-6,35],[27,59],[115,96],[21,59],[73,61],[51,65],[43,7],[5,-55],[58,35],[81,2],[133,51],[179,133],[75,11],[7,-30],[-37,-98],[47,14],[24,57],[-41,79],[78,97],[89,34],[-3,-59],[178,18],[187,26],[135,66],[91,69],[115,135],[59,27],[49,-51],[53,3],[66,-43],[104,-7],[8,-65],[-65,-50],[-67,-5],[-5,-27],[47,-59],[105,24],[7,49],[89,52],[-26,25],[50,37],[93,-38],[49,-48],[-32,-55],[48,-45],[64,2],[50,-22],[66,61],[105,-6],[59,24],[135,-24],[75,0],[91,-40],[-82,-74],[16,-77],[193,6],[-8,-37],[-53,-31],[146,-5],[59,-35],[18,40],[88,12],[19,20],[78,0],[109,-35],[64,40],[151,-1],[153,-55],[31,3],[84,-62],[34,24],[128,-37],[-2,-31],[189,-40],[77,15],[171,-4],[41,-17],[57,11],[78,-55],[182,-59],[98,3],[57,35],[319,43],[99,-25],[78,-36],[91,-90],[46,-4],[126,-50],[67,-64],[53,13],[60,-13]],[[13153,83403],[-40,49],[23,22],[22,-21],[-5,-50]],[[13543,83470],[-24,-42],[-31,34],[31,24],[24,-16]],[[13104,83539],[-12,62],[40,-16],[16,-48],[-23,-32],[-21,34]],[[13138,83336],[-39,-4],[-4,29],[-50,76],[-8,41],[-42,87],[27,88],[15,-29],[-6,-63],[25,-16],[15,-67],[62,-99],[5,-43]],[[13478,83512],[-40,6],[25,78],[-15,38],[15,32],[38,-34],[14,-90],[-37,-30]],[[12974,83660],[-4,-35],[-38,15],[3,49],[32,14],[7,-43]],[[13384,83746],[50,-66],[-29,-90],[-21,32],[-10,59],[10,65]],[[12931,83742],[-52,-88],[-6,69],[21,31],[37,-12]],[[12959,83766],[-24,46],[30,17],[14,-33],[-20,-30]],[[12971,83967],[-51,-52],[-38,13],[-16,35],[49,19],[11,-19],[45,4]],[[6763,84019],[27,16],[0,-66],[-45,-15],[-7,33],[25,32]],[[13622,83845],[-16,-133],[-13,-54],[-35,-43],[-88,73],[-43,18],[-41,77],[44,42],[-16,46],[0,63],[22,16],[-11,42],[25,39],[83,33],[28,-24],[38,-77],[29,-80],[-6,-38]],[[12887,84129],[59,47],[24,-33],[2,-52],[-47,3],[-45,-57],[-45,15],[29,57],[23,20]],[[13181,84259],[45,16],[7,-65],[47,-24],[28,-41],[-21,-31],[12,-61],[-50,-18],[-35,31],[-6,55],[-54,-4],[-17,35],[7,64],[37,43]],[[13340,83411],[-8,-79],[-40,3],[-41,26],[9,58],[-44,49],[-44,14],[19,91],[-27,4],[-49,40],[-6,23],[-42,27],[-71,2],[-12,31],[22,31],[44,-21],[-8,50],[-21,37],[17,70],[-52,-22],[-30,18],[-8,54],[66,62],[-24,48],[-14,153],[-39,1],[-52,25],[7,81],[82,-22],[31,10],[35,-56],[-2,-105],[40,8],[51,-40],[56,-85],[20,-41],[0,-63],[32,-15],[16,-60],[-31,-12],[86,-138],[27,-5],[5,-53],[-6,-82],[6,-117]],[[13163,84315],[-10,-68],[-61,-23],[-50,69],[34,51],[62,6],[25,-35]],[[13332,84279],[21,-83],[-40,-43],[-78,91],[7,30],[-3,88],[28,-22],[32,-58],[33,-3]],[[7104,84426],[-17,-44],[-35,-20],[-35,-49],[-15,19],[26,57],[45,39],[31,-2]],[[7199,84402],[-35,-28],[-36,35],[31,25],[40,-1],[0,-31]],[[13067,84538],[39,5],[79,-113],[-11,-24],[-61,-36],[-40,12],[-5,43],[18,21],[-19,92]],[[12810,84366],[11,-32],[-31,-43],[-7,-43],[24,-37],[-15,-74],[-25,18],[-48,-35],[3,51],[-17,55],[13,26],[-19,41],[47,18],[13,48],[-50,49],[5,26],[-36,40],[-14,95],[65,46],[45,-21],[22,-42],[37,-20],[26,-100],[-42,-10],[-7,-56]],[[12802,84708],[92,-19],[54,-31],[77,1],[36,-36],[12,-40],[-15,-33],[16,-96],[-60,-104],[-55,8],[-50,-21],[-37,14],[4,74],[-14,39],[0,99],[-34,14],[-6,37],[-49,56],[29,38]],[[7526,84755],[-86,-53],[-31,-29],[-23,32],[42,73],[29,-23],[69,0]],[[12333,84759],[15,-18],[-23,-75],[-59,-12],[5,52],[17,20],[-21,75],[4,50],[58,-27],[4,-65]],[[12605,84512],[2,-106],[-10,-127],[7,-44],[-35,-26],[-36,65],[-48,120],[-28,120],[-59,47],[20,37],[-15,45],[11,44],[-29,64],[22,53],[-54,-8],[-40,65],[47,68],[-4,23],[38,27],[70,-65],[37,-25],[7,-49],[45,-76],[24,-106],[9,-85],[19,-61]],[[7416,85140],[-67,59],[17,24],[56,-43],[-6,-40]],[[7733,85021],[-41,-68],[-6,-36],[-72,3],[-2,-45],[-27,-52],[-40,-7],[-21,40],[-40,-8],[27,-40],[-38,-22],[-43,10],[-57,-69],[-19,6],[-24,-59],[14,-22],[-42,-41],[1,-32],[-36,-9],[-34,-55],[-47,22],[70,109],[-23,11],[-39,-17],[6,58],[-11,47],[-67,0],[-37,-20],[30,-35],[31,38],[42,3],[-10,-89],[-22,-40],[-42,37],[-39,16],[-1,106],[-19,48],[-58,51],[54,103],[45,29],[60,56],[51,-11],[33,-69],[13,-73],[22,2],[0,61],[15,26],[-15,55],[-32,41],[0,47],[56,52],[41,-36],[5,-58],[58,43],[44,-4],[-3,81],[94,-7],[12,-43],[26,-15],[25,47],[42,-3],[43,-48],[-36,-34],[-2,-64],[85,-17]],[[12114,85215],[-40,-8],[-8,39],[24,46],[32,-38],[-8,-39]],[[7384,85274],[34,46],[52,-30],[22,-61],[-62,37],[-46,8]],[[12264,84887],[-28,39],[1,31],[-55,74],[16,25],[-53,50],[-33,64],[9,52],[19,20],[-32,40],[2,31],[50,9],[34,41],[33,-31],[47,62],[49,-25],[69,-52],[129,-65],[-5,-128],[-20,-11],[-100,11],[13,-44],[36,-11],[60,30],[19,-4],[28,-149],[-26,-23],[-42,6],[-159,138],[23,-139],[-45,-57],[-39,16]],[[12612,85372],[-23,42],[55,14],[62,-79],[-94,23]],[[12679,84713],[-41,-36],[-33,47],[12,25],[-12,43],[44,95],[-53,117],[-17,85],[-2,88],[-22,79],[1,45],[-33,56],[-15,88],[27,3],[45,-84],[5,-31],[69,5],[32,-17],[40,12],[5,-52],[46,-80],[32,-81],[8,-81],[-29,20],[-13,65],[-29,43],[-8,44],[-47,13],[29,-80],[55,-108],[20,-20],[20,-152],[-32,-26],[-45,24],[4,-50],[-63,-99]],[[7787,85428],[-2,-56],[-43,-40],[-49,52],[-7,-53],[-105,-65],[-27,-35],[-58,31],[-19,38],[-41,33],[52,79],[69,-11],[3,48],[37,65],[42,-11],[6,-59],[106,4],[36,-20]],[[7599,85534],[20,36],[56,33],[2,-49],[-33,-41],[-45,21]],[[5292,85661],[73,42],[-59,-139],[-49,-13],[4,88],[31,22]],[[8845,86413],[-32,34],[54,33],[-22,-67]],[[9137,86553],[27,-31],[-62,-58],[-72,-111],[7,-36],[-49,-8],[-55,-44],[-13,41],[51,80],[90,82],[23,53],[53,32]],[[9392,86619],[-85,-56],[1,33],[-64,14],[37,56],[65,-7],[-4,-35],[50,-5]],[[8952,86624],[39,-20],[-30,-67],[-35,8],[5,63],[21,16]],[[9512,86750],[-2,-24],[-93,-62],[-54,-14],[2,36],[94,28],[53,36]],[[8865,86848],[-12,34],[27,42],[31,-53],[-46,-23]],[[4905,88462],[-13,-23],[-63,-8],[-17,37],[67,16],[26,-22]],[[23034,67852],[-28,-94],[-40,-170],[-14,-5],[39,174],[43,95]],[[23089,68033],[8,-34],[-25,-50],[-9,15],[26,69]],[[23214,68185],[3,-37],[-29,-23],[-72,-94],[-7,35],[27,15],[78,104]],[[27589,68292],[18,-6],[-12,-76],[-17,-28],[-6,74],[17,36]],[[23662,68737],[25,-11],[-60,-63],[35,74]],[[24499,68816],[-10,-3],[-50,49],[2,26],[23,19],[58,-38],[-23,-53]],[[17122,70739],[-18,-15],[-21,28],[5,41],[34,-54]],[[17079,71082],[40,-9],[17,-41],[-43,-8],[-14,58]],[[16654,71435],[13,-55],[-31,-28],[-18,17],[-12,51],[48,15]],[[16797,71428],[-8,-17],[-45,-21],[-36,5],[-2,59],[62,-32],[29,6]],[[29409,75234],[20,-18],[-38,-52],[0,67],[18,3]],[[30022,75483],[-3,-16],[-132,-101],[-55,-35],[-34,4],[-61,-38],[-80,-16],[-38,-30],[-53,-14],[-41,-32],[-34,38],[-44,-46],[-13,40],[36,87],[40,12],[12,32],[55,30],[10,16],[73,-22],[30,38],[93,-5],[48,14],[8,-32],[34,-13],[25,48],[27,5],[32,30],[12,-31],[53,37]],[[30540,75671],[27,-67],[-12,-21],[-38,5],[29,53],[-6,30]],[[30395,75692],[19,-38],[-76,-5],[19,38],[30,31],[8,-26]],[[15990,79146],[17,-25],[-38,-29],[0,71],[21,-17]],[[16011,79463],[-47,-5],[-24,62],[4,32],[-40,43],[-2,26],[23,65],[21,-32],[-20,-47],[20,-12],[13,-109],[24,21],[28,-44]],[[15828,79764],[-27,-8],[-17,66],[13,12],[42,-51],[-11,-19]],[[15904,79859],[-32,-36],[-46,20],[27,42],[51,-26]],[[1038,81671],[-8,-40],[-29,1],[-7,63],[21,10],[23,-34]],[[1108,81682],[-58,-3],[8,36],[50,-33]],[[611,81663],[-2,-54],[-42,-37],[-24,16],[25,36],[-72,85],[18,22],[55,6],[42,-74]],[[799,81742],[21,-24],[-25,-40],[3,-43],[-42,-39],[-30,27],[47,53],[6,64],[20,2]],[[990,81658],[-42,-59],[-105,-9],[23,29],[-9,42],[37,21],[0,62],[37,9],[27,-22],[-25,-33],[57,-40]],[[1073,81777],[-16,38],[35,27],[20,-27],[-13,-56],[-26,18]],[[1910,81843],[-70,-40],[-128,2],[-1,44],[86,15],[6,-19],[107,-2]],[[2109,82002],[27,-39],[-61,-39],[-29,7],[21,51],[42,20]],[[1652,81919],[-36,-6],[23,-51],[-36,-27],[-40,10],[-28,-25],[-67,-30],[-72,24],[70,38],[34,-11],[11,43],[64,13],[28,37],[-27,25],[-6,31],[44,31],[29,-11],[26,-50],[-17,-41]],[[2610,82176],[2,-44],[-62,3],[42,49],[18,-8]],[[2865,82283],[-14,-54],[-36,24],[4,36],[46,-6]],[[3373,82582],[-78,-68],[-42,-18],[-56,-116],[-26,-6],[-46,-41],[-31,27],[26,43],[2,61],[43,51],[68,-2],[-13,79],[10,29],[48,46],[53,18],[59,-40],[-17,-63]],[[3851,82839],[5,-26],[-30,-37],[-20,30],[45,33]],[[3807,82776],[-70,-59],[-30,-71],[-31,-31],[-31,19],[-143,-79],[-30,-40],[-46,-19],[-51,39],[37,41],[34,-2],[33,32],[43,-10],[8,34],[37,1],[1,84],[58,53],[21,-24],[28,24],[-55,33],[-20,-10],[-34,59],[39,60],[46,4],[28,27],[42,-17],[-9,-63],[50,11],[50,46],[14,-40],[-34,-17],[-25,-70],[40,-15]],[[3961,83004],[-83,-51],[-23,47],[14,39],[53,16],[39,-51]],[[4032,83032],[-29,-36],[-26,72],[38,-8],[17,-28]],[[5583,83589],[-32,-55],[-37,15],[-1,29],[70,11]],[[6972,63102],[23,-51],[-16,-38],[-30,-43],[-61,-48],[-24,3],[-21,-33],[-38,-38],[-32,-105],[-18,-13],[-38,47],[-17,9],[-11,63],[9,113],[-26,157],[-22,71],[6,30],[31,49],[28,88],[-16,48],[-4,65],[8,27],[36,-12],[8,-27],[34,-42],[17,2],[54,-46],[46,-58],[22,-49],[1,-77],[18,11],[11,-48],[22,-55]],[[6511,63695],[4,-48],[-37,-5],[19,49],[14,4]],[[6431,63856],[12,-37],[-7,-28],[-23,-17],[-19,14],[-3,97],[28,-8],[12,-21]],[[6666,63812],[0,-66],[-35,-35],[-21,1],[-27,-26],[-30,3],[-9,42],[-6,70],[-20,-4],[-24,19],[-21,62],[8,51],[20,17],[20,-26],[12,-48],[51,28],[15,-7],[34,-61],[33,-20]],[[6459,64025],[-2,-43],[-32,-24],[-56,26],[-56,-7],[-9,24],[13,54],[100,-33],[42,3]],[[6192,64130],[17,-27],[-41,-29],[-31,29],[-52,-7],[-37,109],[-3,59],[32,0],[30,67],[14,2],[35,-99],[-1,-42],[29,-32],[8,-30]],[[5524,64503],[17,-10],[-9,-52],[-24,-25],[-18,15],[31,47],[3,25]],[[5750,64590],[-9,-59],[-1,-52],[-28,-52],[-48,18],[-19,32],[-23,13],[-7,46],[19,58],[36,36],[52,8],[17,-12],[11,-36]],[[99832,81440],[-42,-10],[-47,36],[-38,55],[-57,20],[-4,34],[46,-13],[29,-25],[36,-56],[20,-6],[24,-41],[33,6]],[[99938,81761],[-9,-30],[-29,-23],[-40,24],[-4,33],[44,33],[38,-37]],[[99344,81852],[2,-47],[-49,-60],[-30,-15],[-8,-42],[-31,30],[41,48],[40,15],[22,71],[13,0]],[[98274,82069],[-21,-29],[8,-52],[-38,21],[-57,0],[60,59],[48,1]],[[98159,82259],[-80,0],[-40,-47],[-14,27],[-36,0],[13,53],[-47,-11],[5,80],[34,4],[52,-23],[44,11],[48,-40],[0,-38],[21,-16]],[[4837,83186],[-39,-26],[-28,61],[67,-35]],[[4896,83482],[40,-20],[-13,-39],[-41,26],[14,33]],[[4702,83328],[-46,-2],[-36,47],[-17,-49],[-54,-39],[-46,15],[-95,-9],[-55,-51],[-21,-57],[-69,-25],[-53,18],[-32,93],[72,54],[42,118],[41,25],[24,-20],[44,37],[29,8],[38,38],[44,14],[51,-2],[42,-84],[14,-68],[19,-18],[44,5],[20,-48]],[[5075,83601],[21,-32],[-27,-27],[-43,44],[49,15]],[[5465,83715],[0,-48],[-48,15],[3,30],[45,3]],[[5417,83620],[-36,-23],[-61,30],[-2,72],[44,43],[34,-47],[3,-55],[18,-20]],[[4005,86359],[-5,-23],[-105,-20],[-74,-39],[-45,27],[-58,1],[-119,84],[-41,15],[-68,96],[41,25],[115,-16],[23,47],[92,55],[22,-22],[54,30],[55,-47],[56,12],[29,-24],[-14,-71],[42,-130]],[[2140,86590],[-77,-14],[-129,103],[63,-16],[77,-50],[34,6],[32,-29]],[[3128,88277],[-20,-64],[-132,14],[-67,-59],[-19,-62],[-33,24],[-29,58],[-82,44],[-34,-3],[0,50],[-58,43],[-114,59],[-63,-9],[-99,-72],[-82,32],[-33,84],[37,133],[60,-57],[157,-47],[77,58],[46,16],[55,-3],[60,-46],[12,-48],[71,-56],[52,-6],[13,-36],[62,1],[56,-36],[32,28],[82,-22],[-7,-18]],[[31043,77417],[19,-55],[-66,-40],[-6,24],[22,71],[31,0]],[[15902,80048],[-55,52],[-27,-27],[3,-25],[-15,0],[-34,79],[10,54],[-19,30],[9,39],[-9,39],[-1,108],[-67,-48],[5,-46],[-23,-26],[-114,76],[-27,63],[12,59],[24,29],[-32,33],[-34,-35],[-65,-7],[-30,17],[-5,27],[-56,63],[35,161],[-28,51],[-71,11],[-28,-8],[-18,63],[-73,35],[-35,-24],[-52,-10],[-37,51],[-33,-29],[-79,14],[17,43],[-12,39],[57,13],[22,-8],[66,22],[26,52],[-12,32],[25,17],[13,55],[-18,64],[-15,-5],[16,-90],[-29,-21],[10,-42],[-28,-46],[-67,-2],[-56,-25],[17,45],[-20,28],[5,32],[-58,-1],[-28,-20],[-24,52],[-27,-17],[-52,38],[-45,-70],[-30,25],[-83,45],[-28,35],[7,66],[-36,-13],[-40,41],[-3,38],[76,48],[-46,11],[5,36],[31,42],[8,68],[15,22],[42,16],[76,7],[93,-13],[3,12],[-110,22],[-81,-18],[-55,22],[11,-44],[-22,-90],[-29,-11],[-18,39],[-3,44],[-20,40],[-5,83],[12,59],[46,18],[13,77],[45,38],[33,45],[20,5],[35,68],[-18,58],[-64,-26],[-11,-30],[-85,-59],[-60,52],[-21,96],[-40,-108],[-26,35],[28,43],[-4,56],[32,112],[-3,53],[-38,-26],[-44,14],[-12,25],[-20,155],[-42,35],[-49,63],[-1,81],[-19,22],[48,40],[-10,59],[6,71],[27,23],[-16,57],[-31,-52],[-70,-62],[-32,-51],[-4,-107],[-26,-29],[-143,209],[-70,108],[-2,122],[-46,28],[13,30],[-12,56],[-52,-5],[8,126],[24,18],[-8,38],[48,37],[18,91],[32,50],[18,73],[29,51],[49,109],[-28,58],[-17,-61],[3,-53],[-66,-160],[-29,47],[25,62],[33,47],[-18,110],[-21,70],[5,57],[-14,29],[31,99]],[[10832,91946],[100,-20],[117,-10],[85,13],[60,-27],[155,-35],[52,-62],[53,-27],[36,-44],[90,-31],[60,-51],[251,-111],[55,0],[92,-42],[45,24],[120,-18],[52,-20],[68,-51],[75,11],[-73,64],[-66,8],[-34,63],[69,25],[-54,27],[-9,67],[36,50],[75,20],[64,-32],[33,5],[-18,68],[36,37],[142,2],[37,32],[28,68],[51,14],[29,-79],[92,-30],[-84,-84],[-8,-46],[116,42],[20,35],[121,8],[63,60],[-6,43],[29,40],[60,-2],[34,49],[114,-32],[10,23],[73,25],[61,61],[101,38],[47,-29],[40,107],[77,27],[95,9],[109,-37],[39,60],[38,24],[69,-58],[-54,-75],[-270,-134],[-5,-29],[-50,-14],[-48,-68],[-40,39],[-116,-36],[-46,4],[-87,-24],[-44,-71],[7,-30],[-61,-26],[-121,-34],[-38,-73],[-82,-53],[-2,-52],[-67,-90],[92,11],[50,30],[118,-33],[34,35],[-44,31],[-58,-25],[-20,26],[-8,87],[136,44],[136,78],[34,50],[-30,18],[76,41],[46,-22],[74,35],[53,-10],[10,-97],[51,83],[82,72],[33,70],[47,6],[130,44],[26,21],[120,4],[4,-67],[46,-21],[190,179],[-17,62],[72,53],[33,-5],[113,33],[-124,32],[-40,50],[-5,38],[33,65],[41,4],[134,-92],[86,-88],[75,-145],[46,-135],[127,-139],[85,-65],[62,-11],[74,-43],[80,38],[3,40],[-74,85],[13,53],[94,30],[0,43],[37,70],[-25,59],[88,19],[-9,42],[89,-6],[6,-40],[-32,-29],[-8,-60],[28,-33],[-28,-71],[120,-41],[-31,-18],[-23,-56],[-45,-36],[-2,-60],[77,-13],[27,19],[144,-2],[52,73],[50,-4],[21,103],[-16,55],[58,39],[130,-21],[124,9],[169,-29],[172,-83],[47,-51],[100,-73],[78,-35],[59,0],[311,-70],[53,-55],[121,-61],[186,-42],[57,-33],[56,11],[210,-47],[34,31],[-63,36],[42,21],[159,-5],[105,-46],[62,-16],[68,-65],[61,-22],[41,-63],[48,-21],[40,-75],[42,-24],[-42,-55],[-78,-39],[-31,19],[-107,-4],[-17,-64],[-78,-5],[-20,-57],[33,-21],[-112,-42],[70,-36],[46,-39],[91,8],[109,-44],[62,1],[87,-27],[151,9],[76,-22],[173,5],[26,36],[39,-9],[85,20],[93,-24],[3,27],[67,33],[76,-33],[75,54],[91,49],[56,0],[12,29],[57,-18],[-6,-66],[45,12],[37,-36],[-5,-53],[49,-17],[25,32],[104,-13],[41,-110],[-26,-25],[43,-42],[34,23],[2,80],[38,18],[43,-110],[126,-87],[28,-65],[3,-67],[-72,15],[-21,-30],[28,-60],[-6,-36],[39,-17],[45,-48],[37,-73],[118,-150],[21,10],[-101,125],[-26,65],[-28,173],[42,-14],[34,-37],[66,95],[-78,73],[-36,93],[20,74],[-112,110],[-8,24],[21,69],[71,33],[7,20],[-72,34],[11,51],[125,-29],[140,48],[31,47],[89,22],[61,81],[42,-12],[43,35],[61,-4],[14,40],[-50,86],[-58,-27],[-121,-38],[-14,-61],[24,-18],[-32,-47],[-34,43],[-79,-6],[-34,-41],[-105,13],[-10,17],[-84,-11],[-11,-37],[44,-36],[-72,-20],[-97,-10],[-33,19],[15,47],[-115,3],[17,37],[45,35],[52,93],[35,35],[132,18],[142,28],[137,67],[147,51],[20,22],[125,-45],[78,-83],[-20,-42],[36,-68],[-35,-47],[47,-17],[12,-38],[64,-49],[23,30],[63,-42],[51,-7],[-21,-55],[53,-61],[47,13],[47,-19],[75,-1],[97,64],[53,-13],[-8,-53],[79,-53],[37,0],[52,-64],[86,-19],[58,-33],[31,29],[53,6],[32,-40],[82,-21],[23,31],[54,20],[82,-11],[67,56],[153,-1],[24,-16],[86,5],[96,-19],[48,-40],[93,-7],[154,57],[-101,85],[-5,59],[61,-9],[79,-76],[41,-88],[42,-32],[79,-34],[18,-25],[71,29],[76,16],[-41,31],[25,26],[-29,71],[-29,-15],[-87,76],[-63,-23],[-84,-54],[-59,71],[-18,42],[37,55],[-48,28],[-16,72],[32,21],[66,-40],[27,35],[84,24],[-60,51],[42,26],[55,-21],[64,-1],[47,-21],[70,-68],[23,-62],[65,25],[56,-39],[-85,-85],[9,-31],[56,13],[10,44],[36,32],[107,46],[-20,-61],[-1,-62],[-36,-148],[13,-47],[-82,-86],[39,-63],[59,-15],[-31,-53],[41,-56],[95,87],[55,-11],[-13,-32],[-64,-63],[81,16],[49,-35],[25,59],[-40,124],[21,19],[-39,74],[-64,42],[41,56],[-10,52],[45,70],[52,28],[103,-22],[145,123],[36,14],[2,60],[71,59],[112,51],[-51,27],[42,145],[-16,57],[-73,32],[-41,-58],[-18,-91],[-84,-21],[-62,19],[24,78],[57,78],[31,6],[27,55],[-52,14],[24,104],[58,17],[60,-32],[-20,-35],[50,-14],[75,75],[-41,12],[29,62],[-23,27],[-87,-26],[-16,-29],[-109,10],[-55,71],[-11,37],[-87,-40],[-149,66],[-67,56],[-90,2],[-38,46],[1,52],[-41,8],[-64,73],[-24,79],[3,46],[84,134],[19,45],[-57,37],[-61,78],[36,117],[-21,57],[29,26],[7,53],[61,71],[63,16],[91,-71],[52,39],[-22,36],[24,36],[-95,15],[-38,24],[27,43],[98,55],[53,-1],[21,132],[188,30],[40,-32],[-37,-101],[135,10],[94,-48],[-30,-29],[52,-43],[117,-64],[13,-43],[49,-22],[37,-119],[-14,-143],[24,-53],[36,-20],[22,-49],[101,-37],[9,-53],[29,-35],[34,-85],[74,18],[10,-74],[40,-48],[-126,-12],[-75,52],[-45,-24],[-12,-42],[100,-6],[47,-37],[-89,-86],[-79,-34],[-89,-66],[110,-2],[103,-81],[83,-25],[62,41],[43,48],[48,-16],[39,-73],[127,13],[60,-25],[-11,-26],[-89,-47],[-2,-63],[-63,-22],[100,-75],[13,-54],[50,-63],[-10,-100],[-23,-50],[21,-19],[-8,-58],[-24,-29],[68,-39],[25,-76],[75,79],[-1,32],[46,59],[-30,46],[71,116],[-16,57],[21,74],[35,27],[59,91],[37,16],[72,-26],[59,-86],[133,-87],[63,-71],[29,-83],[-8,-32],[32,-81],[11,-79],[-42,-75],[-68,40],[-61,4],[35,-87],[-25,-87],[34,-115],[27,-55],[48,-36],[89,-106],[49,-41],[8,-52],[35,-57],[46,36],[56,11],[0,65],[50,29],[26,-26],[51,4],[4,137],[-11,40],[38,70],[73,86],[63,55],[3,75],[48,123],[-4,139],[18,51],[123,-4],[74,24],[42,30],[-94,12],[63,60],[-9,46],[63,-6],[-12,46],[-125,25],[-36,40],[-52,151],[21,62],[-24,47],[59,80],[84,8],[93,28],[99,3],[86,-55],[77,-30],[110,-18],[29,16],[188,-20],[-12,-60],[29,-44],[-188,25],[253,-67],[-7,-35],[19,-72],[68,25],[67,-6],[115,-46],[-7,-50],[-53,-56],[-36,-5],[-5,-50],[33,-24],[60,-3],[37,-50],[-9,-78],[-101,-73],[-108,-45],[-13,37],[-56,-23],[-90,21],[19,-47],[42,-33],[0,-50],[24,-26],[-9,-45],[58,-20],[-17,-66],[22,-56],[124,-122],[52,-34],[61,-97],[-32,-101],[-19,-109],[-30,-57],[-52,-14],[-67,3],[-35,-82],[-28,-38],[-53,-24],[-72,-94],[-105,-8],[-4,-32],[-95,-83],[-56,12],[2,32],[-32,57],[-47,11],[-46,50],[31,92],[-33,5],[-33,-51],[-36,9],[8,64],[-48,27],[11,51],[-74,4],[-102,-7],[-57,-28],[23,-47],[52,20],[19,42],[75,-3],[14,-65],[57,-40],[11,-44],[45,3],[-18,-53],[69,-68],[75,-160],[-78,3],[-64,69],[-54,-12],[-14,42],[-52,-19],[70,-88],[-246,55],[-15,111],[-26,51],[-93,-29],[-108,-9],[-134,3],[-3,-38],[-44,-7],[47,-66],[77,-14],[136,-73],[-33,-37],[0,-36],[-61,-30],[-3,-25],[-58,-21],[-21,-58],[4,-40],[-23,-37],[-40,-18],[-35,-44],[-40,-12],[-37,-41],[7,-39],[-84,-42],[-152,2],[-77,42],[-33,49],[-63,53],[-9,36],[-73,34],[-34,-5],[-102,83],[-98,62],[-41,-67],[-58,35],[-71,-18],[-28,26],[-217,24],[-35,16],[-52,-16],[104,-60],[14,49],[151,-27],[158,-50],[62,-39],[68,-64],[27,-66],[58,-36],[40,-64],[118,-8],[138,-19],[102,-8],[106,5],[90,-22],[30,-55],[-10,-49],[-38,-32],[-55,-117],[-81,-138],[-45,-21],[-26,-48],[-12,-61],[-33,-34],[-7,-51],[-49,-23],[-143,-100],[-123,39],[-31,-30],[-25,31],[-51,-9],[-73,48],[-33,-23],[37,-63],[-84,3],[6,-45],[34,-37],[-55,-95],[-160,-47],[-64,2],[-72,32],[-38,39],[-105,26],[-83,2],[-91,16],[-36,30],[-68,19],[-10,21],[-79,18],[-27,24],[-87,35],[-32,-24],[-47,1],[33,-65],[31,-18],[48,14],[-25,33],[14,26],[51,-38],[86,-41],[39,-4],[37,-28],[28,20],[34,-42],[79,-20],[-42,-51],[-70,-34],[17,-20],[135,84],[57,23],[45,-40],[8,-36],[75,-47],[83,-17],[15,-36],[48,-27],[27,-50],[1,-87],[13,-32],[-51,-75],[-57,7],[-46,-31],[-43,-55],[-25,-8],[-149,35],[-29,14],[-21,-39],[-48,23],[-34,-29],[70,-73],[85,-16],[-24,-62],[-77,18],[-69,-42],[-58,-15],[5,-52],[30,-43],[-1,-35],[-52,1],[-81,-36],[-15,-28],[52,-16],[-74,-62],[-36,-56],[-44,25],[-2,-49],[55,-59],[-148,-110],[-41,-60],[42,-74],[-55,-28],[7,-24],[-66,-193],[-30,-26],[-16,-86],[-23,-34],[-8,-59],[-44,-42],[18,-47],[-27,-73],[2,-92],[-31,-83],[11,-106],[-13,-74],[29,-163],[-15,-40],[-10,-161],[32,-20],[0,-38],[58,-56],[24,-62],[70,33],[73,-7],[46,20],[147,-19],[15,-44],[2,-89],[46,-154],[43,-107],[14,-120],[83,-240],[10,-55],[-10,-76],[-24,-67],[-34,-61],[108,38],[15,-26],[73,23],[54,31],[204,86],[50,-2],[74,-18],[143,-97],[30,-33],[38,-16],[120,-27],[94,-48],[38,4],[76,-92],[42,-26],[51,-63],[92,-55],[99,-200],[37,-45],[48,-32],[101,-31],[22,2],[162,-107],[107,-37],[62,-43],[68,-91],[79,-39],[7,-34],[51,-4],[92,-29],[53,21],[54,9],[41,-11],[42,28],[45,-26],[74,-22],[73,-11],[15,-13],[40,22],[33,-11],[30,-42],[39,13],[60,-17],[50,-55],[7,-91],[14,-31],[-32,-147],[-29,-112],[-3,-89],[17,-45],[36,-49],[32,-146],[-26,-120],[20,-102],[8,-86],[-33,-32],[-15,-64],[-3,-82],[54,-48],[33,-50],[20,-68],[28,-27],[29,-57],[41,-45],[-5,-80],[-46,-43],[65,-2],[34,-64],[65,-49],[50,-24],[16,-53],[39,-32],[51,-82],[21,-101],[22,-34],[3,-69],[-43,-24],[-40,-65],[11,-24],[45,74],[40,30],[76,-26],[101,-99],[0,41],[19,68],[-6,41],[50,57],[-11,41],[25,15],[34,47],[28,-18],[-6,-60],[39,9],[33,-50],[35,-30],[25,41],[0,78],[-38,29],[-24,78],[49,27],[-15,60],[41,17],[10,46],[33,28],[16,54],[-7,52],[16,38],[-6,72],[-31,30],[-42,73],[8,71],[-7,51],[-30,29],[-24,86],[21,75],[-12,47],[0,57],[-13,42],[-35,31],[51,27],[-34,38],[10,42],[-12,36],[14,51],[-8,59],[-25,92],[-23,32],[-40,21],[6,28],[-36,36],[-21,129],[3,25],[-41,67],[54,36],[143,55],[26,32],[134,69],[66,65],[104,77],[40,59],[111,124],[34,48],[-14,20],[33,42],[108,167],[31,128],[9,82],[-4,90],[7,109],[-15,143],[7,32],[-16,106],[-60,197],[-1,36],[-55,110],[-20,55],[-52,72],[-16,4],[-41,68],[-36,34],[-120,67],[5,21],[-70,55],[-13,31],[-65,21],[-3,32],[23,32],[-23,129],[70,9],[6,53],[43,32],[6,59],[80,48],[14,66],[-31,44],[40,31],[6,48],[-23,35],[93,-4],[15,68],[33,3],[-22,58],[24,73],[-17,19],[-59,-4],[-12,36],[36,59],[-26,29],[-19,54],[-30,37],[41,44],[-66,81],[62,67],[-70,19],[-17,25],[-77,-25],[9,44],[98,126],[17,83],[-9,128],[49,6],[-28,88],[-29,43],[-35,1],[-41,112],[-22,161],[3,75],[36,54],[25,9],[123,104],[90,-23],[55,-2],[59,-19],[45,-31],[175,-59],[38,-24],[93,-10],[46,12],[90,-28],[60,-50],[23,41],[80,0],[39,41],[39,3],[43,27],[31,51],[56,10],[27,-50],[54,-14],[47,-33],[3,-30],[38,-42],[45,-26],[40,4],[37,-28],[5,-91],[103,-36],[66,-117],[11,19],[84,-35],[29,-43],[-40,-21],[-45,-66],[51,-28],[-7,-57],[84,-73],[45,10],[81,-54],[50,7],[44,-30],[77,38],[60,-23],[12,-116],[42,-28],[26,54],[36,32],[11,61],[32,9],[41,-114],[2,-48],[-94,-66],[9,-74],[-39,-18],[22,-36],[-1,-75],[42,-62],[-3,-71],[-80,-55],[-110,11],[36,-35],[34,-8],[76,12],[13,-42],[37,-13],[-19,-99],[38,-16],[-13,-42],[-34,-24],[-19,-41],[25,-19],[12,-87],[50,32],[53,-21],[3,-56],[-79,-24],[22,-168],[-32,-51],[-33,0],[-10,35],[-87,-31],[-29,-33],[58,-30],[26,-57],[51,56],[12,34],[34,18],[30,45],[34,17],[77,1],[23,-14],[30,26],[40,-14],[78,-66],[4,-93],[21,-31],[19,-71],[-31,-112],[18,-8],[32,165],[68,-14],[-9,-50],[69,7],[-15,-52],[22,-47],[51,19],[85,55],[27,7],[32,61],[92,0],[-3,54],[21,68],[23,7],[7,64],[15,10],[76,-72],[2,31],[35,79],[34,15],[61,75],[-21,49],[-7,63],[55,-2],[-10,58],[37,1],[11,29],[-6,66],[-33,115],[36,48],[78,49],[5,63],[26,41],[21,65],[-2,38],[31,31],[-1,30],[62,-11],[58,-50],[5,-62],[-15,-49],[65,-11],[26,-81],[-19,-74],[-20,-8],[33,-47],[51,7],[5,-48],[60,-59],[-21,-77],[76,-16],[44,-75],[-19,-56],[70,-35],[-9,-31],[36,-64],[46,-41],[22,-89],[-24,-42],[-67,-53],[46,-43],[63,40],[57,3],[-21,-51],[9,-26],[-11,-112],[-116,-12],[30,-34],[108,40],[25,-41],[52,-36],[-23,-19],[43,-34],[25,22],[21,-45],[-21,-38],[37,-30],[32,-63],[1,-27],[-41,-16],[-10,-26],[-60,-16],[-24,-55],[96,16],[59,-46],[-21,-61],[8,-58],[22,-9],[72,4],[40,-23],[10,-76],[-43,-6],[-42,-64],[1,-24],[-45,-22],[32,-34],[-48,-53],[24,-41],[7,-46],[-61,14],[41,-77],[56,-54],[-34,-15],[-22,23],[-69,1],[39,-47],[15,10],[93,-20],[49,17],[6,-73],[-21,-12],[22,-65],[76,-23],[2,-46],[33,12],[46,-6],[6,-45],[43,-28],[32,45],[18,-19],[11,-55],[-30,-13],[38,-49],[4,-34],[-21,-51],[15,-21],[-18,-62],[-9,-76],[48,48],[97,1],[32,50],[29,-28],[-40,-77],[120,1],[-55,-82],[1,-30],[72,87],[32,67],[68,-35],[9,-44],[-14,-33],[32,-32],[7,-39],[56,-45],[82,-14],[51,1],[18,-33],[81,0],[50,-61],[60,9],[27,-33],[-10,-52],[-75,-7],[36,-37],[-41,-27],[-63,6],[-78,-17],[-18,-60],[-60,-12],[-73,-51],[-42,1],[-144,-56],[27,-18],[168,61],[43,40],[37,9],[-54,-89],[-28,-13],[-43,10],[-32,-45],[-67,-24],[-59,-49],[-29,-14],[-72,16],[-30,-31],[-58,-21],[-1,-122],[19,-38],[-84,-57],[67,-25],[21,12],[47,81],[97,32],[40,56],[80,20],[16,16],[-14,47],[51,56],[10,28],[54,18],[36,24],[85,28],[-54,44],[11,34],[41,21],[60,2],[134,-38],[18,16],[30,-35],[19,-79],[25,-37],[-4,-34],[30,-49],[-13,-32],[-85,-52],[36,-37],[17,-55],[37,35],[0,41],[42,61],[98,8],[-1,-46],[56,-25],[110,-21],[-9,-20],[9,-65],[50,-36],[12,-24],[-3,-78],[21,-28],[-38,-31],[-20,-40],[34,-57],[6,-53],[-41,-9],[-27,-29],[26,-45],[46,0],[13,-36],[-50,8],[-38,-40],[19,-31],[72,-13],[26,-28],[-48,-78],[32,-51],[6,-62],[-35,-52],[-22,-9],[-13,-47],[-50,-35],[-26,-38],[-36,-9],[-67,-72],[-25,-3],[-8,-38],[-35,-55],[-36,-10],[-3,-28],[-62,-3],[-17,51],[-52,-13],[-18,-19],[-47,-10],[-22,16],[-63,-77],[-71,-30],[-61,23],[-57,-61],[15,-16],[-31,-44],[-65,-38],[-12,-144],[-37,6],[-22,-40],[-57,-38],[-48,-105],[-61,-22],[-23,-39],[9,-37],[-59,-34],[-25,20],[-39,-25],[-41,9],[-27,-20],[-51,0],[-31,17],[-27,-31],[-26,14],[-39,-24],[-40,8],[-113,-57],[-36,69],[-102,13],[-31,27],[-30,-12],[-116,15],[-90,-2],[-21,-29],[-53,-10],[-19,26],[-26,-8],[-33,29],[-74,1],[-43,-22],[-29,1],[-62,30],[-44,-22],[-72,-5],[-103,27],[-133,-37],[-53,20],[-33,-38],[-32,-18],[-25,14],[-29,-10],[-15,36],[-37,-28],[-5,-34],[-29,-13],[-22,-47],[-57,-38],[-26,-91],[-24,1],[-15,-53],[4,-35],[-17,-38],[-4,-88],[-36,-69],[-100,-14],[-22,-20],[-36,8],[-49,-13],[-19,-60],[3,-25],[-41,-15],[-13,24],[-72,-71],[-3,-57],[-39,-4],[-58,-74],[-21,-15],[-21,-89],[-24,-5],[-16,-74],[-44,-97],[-58,-76],[-40,-4],[-52,70],[-44,-3],[-62,58],[-19,-6],[-86,37],[0,-42],[75,1],[52,-28],[35,-36],[38,4],[28,-18],[15,-37],[38,-20],[-17,-77],[-38,-124],[-74,-102],[-11,-58],[-72,-38],[-28,-104],[-32,-76],[-68,-55],[-65,-94],[-11,-34],[-34,-35],[-30,-2],[-64,-35],[-52,10],[-49,-56],[-48,-23],[-8,-48],[-57,-39],[-39,-59],[-67,-21],[-42,-31],[-7,-58],[-38,-20],[-37,-115],[-57,-85],[-50,-11],[-22,-19],[-43,-81],[-46,-45],[32,-59],[-53,-20],[-13,-27],[-82,-73],[-9,-32],[-52,-53]],[[29246,77748],[67,40],[20,44],[71,52],[27,-1],[44,60],[56,54],[36,-9],[15,28],[-5,44],[17,39],[13,83],[43,59],[33,117],[28,9],[30,41],[56,19],[16,40],[49,65],[62,35],[23,61],[51,26],[45,56],[36,-21],[114,65],[41,55],[51,12],[20,24],[38,11],[10,20],[54,31],[40,60],[54,115],[33,31],[13,58],[63,88],[70,128],[1,26],[28,59],[34,22],[75,117],[69,80],[22,2],[56,55],[17,33],[31,16],[41,49],[67,35],[116,92],[33,7],[37,29],[49,22],[138,92],[26,6],[85,43],[94,10],[88,24],[167,-27],[98,-56],[60,-64],[48,-67],[-22,-37],[-63,30],[70,-90],[32,-56],[-27,-6],[-6,-33],[22,-23],[-36,-59],[-60,-18],[-44,-37],[-21,-69],[-36,-15],[-22,-30],[-82,-65],[-41,-5],[-20,28],[-78,36],[-47,46],[-39,-56],[-49,11],[-32,-24],[35,-40],[80,-47],[43,-10],[21,-34],[15,-71],[16,-31],[43,8],[31,45],[43,33],[51,17],[10,-34],[45,14],[40,-53],[-21,-21],[-37,-72],[7,-44],[-26,-110],[-23,-11],[-22,-41],[-58,-59],[36,-4],[15,-23],[24,21],[66,-1],[5,-60],[-28,-56],[12,-60],[42,-55],[-2,-64],[30,-91],[-4,-49],[31,-54],[73,-3],[28,-39],[36,11],[58,-26],[6,-24],[-32,-24],[-44,2],[-5,-22],[49,-24],[28,-53],[38,-24],[21,16],[43,0],[-3,-31],[72,-49],[33,24],[41,3],[51,-12],[51,-49],[24,-36],[27,39],[28,12],[96,107],[9,-107],[27,-29],[49,-22],[12,33],[30,6],[40,-81],[24,-21],[-8,-36],[-34,-14],[-17,-40],[87,3],[46,-23],[-28,-52],[-72,4],[-16,-39],[-50,-9],[-19,-35],[-48,8],[-20,-38],[-35,-2],[-6,-23],[-77,-41],[-24,-6],[-15,-33],[-29,9],[-30,-36],[-40,-12],[-11,-39],[-24,13],[-26,-25],[-59,-4],[-12,-26],[-39,2],[-5,-30],[-42,40],[18,-85],[-7,-25],[-46,-10],[-25,33],[-34,-2],[-4,63],[-32,11],[4,-67],[-24,19],[-27,-11],[-35,-46],[4,-71],[-62,-146],[-24,-12],[-5,-35],[-42,-25],[1,-59],[-20,-8],[-41,-73],[-18,14],[-42,-36],[-22,13],[-5,-63],[-32,-34],[-57,-16],[-31,39],[2,58],[-38,87],[-15,-47],[-44,3],[-14,87],[6,62],[-17,60],[19,72],[8,65],[22,54],[52,69],[-27,15],[44,65],[154,149],[14,22],[88,84],[42,31],[56,21],[45,52],[8,-21],[-13,-50],[40,-51],[30,62],[80,37],[31,27],[71,-1],[-37,41],[-95,1],[-36,9],[-69,-7],[-21,-20],[-52,28],[-27,-15],[-12,-37],[-61,15],[9,46],[19,31],[52,43],[61,87],[13,47],[29,29],[-20,27],[-20,-56],[-46,20],[-25,-43],[-22,-72],[-35,4],[-31,-43],[-89,-58],[-64,-74],[-66,-39],[-35,-30],[-24,12],[-13,31],[-24,-3],[-17,-59],[-67,-54],[-17,42],[-71,-53],[-45,20],[11,26],[-21,26],[-21,-12],[-18,-41],[-25,47]],[[34966,79271],[-10,-63],[-23,18],[33,45]],[[35120,79587],[12,-27],[-12,-36],[-86,14],[-14,44],[44,-3],[18,-15],[15,3],[23,20]],[[34754,80372],[42,0],[49,57],[3,-40],[-65,-49],[-29,32]],[[34923,80384],[-9,55],[18,32],[42,14],[21,-48],[-27,-29],[-45,-24]],[[34580,81092],[13,-22],[-33,-39],[-11,36],[31,25]],[[35381,79204],[-8,-52],[-21,-60],[-15,-12],[-23,-121],[4,-43],[-24,-135],[-25,-32],[-10,-41],[-40,-17],[-16,45],[-29,12],[-21,-41],[-30,-26],[-19,22],[6,62],[-9,43],[10,39],[-12,45],[36,80],[-17,22],[-68,-115],[-64,-89],[-39,12],[-2,33],[13,69],[66,211],[-3,47],[10,43],[-35,161],[-36,16],[-88,-194],[-19,-67],[-21,16],[-43,-27],[-30,9],[-34,-57],[-24,-71],[-6,-56],[-26,-21],[-17,-60],[-46,-30],[-48,21],[-17,-20],[-56,1],[-27,20],[-8,38],[30,60],[30,19],[22,-7],[55,26],[7,23],[44,50],[13,83],[20,28],[65,29],[27,28],[-11,34],[-50,-12],[-85,51],[-26,-34],[21,-34],[-12,-56],[-48,-9],[-8,30],[-37,-29],[-76,45],[51,36],[-11,59],[-18,34],[-23,-31],[-24,-5],[-27,-37],[-43,-15],[-79,12],[-29,-54],[-20,-1],[-37,32],[-38,-11],[-21,18],[-33,-9],[-4,28],[-63,6],[-20,-24],[-30,32],[-31,-3],[-70,25],[-36,-22],[-18,10],[-77,-18],[-55,-27],[-42,3],[-53,-23],[-53,30],[5,84],[-32,70],[44,78],[66,61],[78,106],[13,39],[39,46],[4,31],[-51,27],[-37,-17],[-67,-6],[-44,-24],[8,48],[66,68],[5,-38],[44,-25],[30,21],[5,72],[34,84],[12,77],[16,29],[86,22],[10,51],[-36,49],[0,59],[12,42],[45,64],[27,20],[-4,67],[92,265],[42,183],[44,96],[-8,36],[45,23],[53,74],[-1,61],[22,18],[10,55],[19,14],[0,59],[21,45],[63,54],[108,67],[59,57],[14,-42],[-13,-31],[58,0],[-13,31],[59,28],[29,-14],[-23,-110],[-20,1],[-15,-49],[-52,28],[-45,-4],[-14,-74],[47,7],[36,-26],[-7,-66],[-36,-88],[-57,-113],[-13,-45],[-30,-43],[-13,-47],[-41,-64],[-26,-103],[-60,-98],[5,-45],[-23,-85],[-22,-17],[44,-47],[66,117],[16,-4],[31,88],[47,67],[23,-34],[-2,-49],[31,17],[66,-63],[42,26],[-1,-43],[-39,-46],[-26,-12],[-24,-47],[8,-30],[-20,-33],[82,-127],[17,48],[119,44],[7,-48],[-23,-43],[-3,-73],[47,17],[50,2],[36,13],[55,120],[26,-30],[-8,-44],[62,14],[60,33],[101,-66],[62,-72],[-31,-67],[-12,-47],[-47,-32],[-9,-31],[-31,-10],[-20,-48],[-39,-7],[-8,-29],[75,40],[5,-54],[-19,-11],[14,-55],[40,46],[13,-30],[-56,-53],[36,-10],[71,-51],[29,93],[20,-6],[23,-50],[33,63],[32,14],[12,-32],[-21,-97],[-36,-47],[-23,16],[-23,-13],[-9,-43],[-43,-26],[-27,-41],[-32,14],[-25,-1],[-17,26],[-10,-35],[10,-52],[61,-3],[18,-43],[-33,-108],[-30,-64],[67,-97],[13,49],[22,40],[-5,31],[25,70],[12,11],[25,74],[35,28],[33,4],[22,47],[24,-17],[-28,-70],[-24,-40],[-3,-36],[-30,-70],[4,-37],[-24,-53],[36,-93],[56,72],[14,30],[17,104],[27,-19],[-4,-49],[17,-11],[-6,-52],[14,-20]],[[14467,81505],[13,-38],[-20,-19],[-40,37],[-19,81],[41,55],[24,-73],[1,-43]],[[14406,81702],[-23,52],[17,46],[45,18],[12,-45],[-23,-83],[-28,12]],[[13612,81845],[-32,-64],[-1,83],[33,-19]],[[14459,81876],[2,-44],[-44,4],[17,40],[25,0]],[[14375,81793],[-13,48],[17,47],[23,0],[-1,-53],[-26,-42]],[[14381,81903],[-21,-47],[-61,15],[21,46],[61,-14]],[[14417,81919],[12,36],[26,-4],[15,-55],[-45,-11],[-8,34]],[[14655,82026],[10,-44],[-20,-35],[-49,-30],[-52,-57],[-16,-77],[-53,-29],[3,74],[16,65],[86,68],[27,45],[48,20]],[[14273,82042],[-9,-95],[-22,19],[-8,84],[39,-8]],[[14288,82132],[25,-70],[-17,-31],[-56,46],[3,48],[45,7]],[[13454,82199],[27,4],[0,-56],[-50,16],[23,36]],[[14358,82028],[-19,-30],[-24,14],[19,38],[-11,34],[-3,123],[21,32],[15,-63],[10,-103],[-8,-45]],[[14186,82134],[1,-50],[-37,-2],[-35,59],[-30,79],[10,37],[43,-49],[48,-74]],[[14082,82377],[-25,-21],[-24,65],[5,43],[44,-87]],[[13580,81879],[-18,-27],[-32,13],[-25,32],[-84,165],[-55,50],[-16,43],[-54,60],[-58,108],[55,5],[-24,43],[-76,9],[-10,64],[47,-11],[85,16],[45,46],[30,6],[3,-49],[23,-12],[25,-51],[-2,-79],[-21,-25],[-44,-5],[5,-81],[29,-15],[19,-91],[69,-51],[-8,-28],[25,-24],[6,-38],[52,10],[16,-23],[-7,-60]],[[14221,82184],[-34,-16],[-36,39],[-34,113],[-3,50],[27,37],[4,124],[48,-6],[56,-68],[19,-7],[27,-82],[1,-100],[-20,-136],[-42,-4],[2,81],[27,95],[-27,2],[-15,-122]],[[14085,82418],[-8,65],[38,54],[14,-112],[-44,-7]],[[14191,82590],[-4,-45],[-53,-4],[-9,25],[35,97],[31,-73]],[[13960,82492],[-1,-38],[-53,0],[-41,82],[-38,42],[-26,4],[-33,72],[-27,25],[10,45],[65,-33],[80,-71],[64,-128]],[[14120,82578],[2,139],[28,33],[60,19],[-11,-81],[-27,5],[-32,-44],[1,-33],[-21,-38]],[[13776,82752],[32,39],[42,-30],[13,-76],[-66,31],[-21,36]],[[13819,82870],[15,14],[46,-39],[56,-65],[43,-82],[69,-91],[25,-43],[-34,-38],[-7,-41],[-23,-5],[-26,55],[-38,39],[-6,47],[-32,81],[-27,-11],[-19,73],[-28,13],[-1,41],[-24,21],[11,31]],[[13764,82922],[-26,-41],[-36,45],[78,61],[44,-70],[-33,-78],[-28,35],[1,48]],[[13172,82476],[3,16],[-52,47],[12,30],[51,-3],[3,28],[-114,63],[11,56],[-13,47],[-23,31],[-35,82],[30,84],[-14,35],[13,35],[57,-21],[52,8],[20,-14],[9,-45],[38,34],[31,8],[41,-69],[9,-64],[-35,-60],[-37,-9],[-42,-33],[40,-33],[62,30],[-10,43],[32,68],[-14,82],[59,3],[58,45],[4,-72],[-49,-121],[-17,-94],[-3,-56],[10,-95],[-28,-60],[-60,-13],[-49,-48],[-50,35]],[[13682,83281],[-9,-32],[-51,-55],[12,101],[48,-14]],[[33924,83403],[-42,-35],[-37,4],[-19,51],[79,42],[-15,-54],[34,-8]],[[13769,83387],[-8,24],[57,80],[29,-1],[-30,-72],[-48,-31]],[[33053,84109],[-46,-6],[11,67],[48,-26],[-13,-35]],[[32940,84299],[-13,-31],[-69,25],[63,26],[19,-20]],[[32995,84421],[15,52],[25,-29],[-40,-23]],[[32880,84571],[47,63],[30,-55],[-13,-46],[8,-50],[-23,-38],[-54,67],[5,59]],[[32885,84899],[-66,0],[5,31],[30,40],[31,-71]],[[32818,84998],[17,-46],[-38,-29],[-24,35],[45,40]],[[32805,85100],[28,47],[41,-32],[-26,-44],[-43,29]],[[32797,85118],[-49,25],[18,32],[33,9],[14,-40],[-16,-26]],[[30805,85887],[10,-21],[-46,-65],[-34,92],[70,-6]],[[32200,86272],[22,-43],[-30,-12],[-23,17],[31,38]],[[20975,91292],[17,-41],[-63,-27],[-68,35],[-45,53],[48,21],[58,-5],[53,-36]],[[21751,91439],[4,-56],[-41,-55],[-128,49],[86,94],[79,-32]],[[22165,91458],[-44,-47],[-72,29],[-2,128],[63,20],[48,-58],[7,-72]],[[22210,91620],[10,-79],[-61,30],[-3,49],[54,0]],[[21949,91849],[-37,-43],[-39,14],[-34,62],[33,23],[77,-56]],[[23179,91847],[-23,45],[136,3],[13,-42],[-14,-71],[-65,48],[-47,17]],[[23349,91813],[-19,36],[24,63],[34,24],[48,-8],[69,-56],[-9,-79],[-33,-31],[-69,79],[-45,-28]],[[11357,91948],[68,-36],[-84,-29],[-25,25],[41,40]],[[23551,91492],[-62,-71],[-43,9],[-59,-15],[-21,-68],[-33,8],[-82,-83],[-62,-19],[-144,61],[-34,-21],[-112,27],[-55,51],[-65,25],[-30,-13],[-46,38],[4,50],[-75,-44],[-94,49],[12,53],[-42,16],[-39,-28],[-20,-43],[-65,34],[-49,87],[28,46],[51,21],[84,-11],[82,36],[83,87],[-54,52],[3,66],[63,6],[11,77],[31,55],[81,57],[55,-22],[14,-28],[56,-18],[37,-40],[-42,-20],[35,-31],[40,36],[92,-106],[100,-40],[87,-66],[74,-101],[-7,-51],[31,-41],[6,-51],[76,-32],[49,37],[50,-21]],[[22124,92429],[-84,36],[-3,45],[50,29],[39,-41],[-2,-69]],[[21980,92036],[-26,-82],[-101,8],[-28,51],[-77,-44],[-88,68],[-59,25],[-17,-32],[-79,-31],[26,-30],[-6,-73],[-76,-16],[-104,46],[-39,45],[-50,-10],[-9,-33],[130,-60],[15,-55],[-14,-31],[136,27],[24,39],[50,13],[63,-11],[32,-37],[-82,-91],[27,-39],[53,38],[49,-38],[1,-41],[-55,-89],[-117,-24],[-38,-35],[-136,-37],[-42,24],[-61,-35],[-161,48],[-65,9],[-16,34],[-53,0],[-41,-44],[-147,18],[-37,32],[94,56],[-94,26],[-56,4],[-25,31],[-94,13],[-88,-16],[-58,22],[38,58],[-12,67],[-74,57],[-44,-37],[-7,-37],[-54,-7],[10,-71],[-28,-45],[-39,-14],[-46,-64],[-39,-19],[-130,-30],[-81,-5],[-85,8],[-7,-40],[-108,-77],[-109,-26],[-77,-32],[-168,-8],[-41,-30],[-64,23],[-104,-39],[-36,18],[-39,-35],[-78,14],[-292,-19],[-46,-27],[-42,7],[-96,-12],[39,47],[-68,32],[-34,70],[-51,50],[-5,63],[28,32],[1,53],[-37,61],[33,22],[-153,28],[-73,22],[-128,-20],[-48,16],[-44,-22],[-218,33],[-183,93],[3,63],[-53,2],[-13,46],[-109,63],[-53,130],[23,33],[110,47],[126,20],[133,33],[352,41],[71,13],[90,1],[40,-20],[110,-11],[46,12],[248,-48],[90,63],[90,-26],[61,-1],[42,56],[-67,-4],[-73,36],[-20,45],[-123,19],[-39,25],[-55,-3],[-79,48],[-98,-3],[-44,28],[-75,14],[-54,-28],[-45,11],[-44,-24],[-205,-19],[-94,-18],[-41,15],[-86,-16],[-54,35],[-97,-3],[-113,-18],[-107,15],[-59,-13],[-34,51],[-133,83],[-62,78],[7,28],[163,85],[90,9],[105,33],[55,-2],[26,29],[250,59],[-40,30],[85,38],[-22,21],[-101,-27],[-102,-12],[-74,-27],[-64,3],[-139,-37],[-170,3],[-41,31],[51,61],[95,-6],[3,33],[-84,46],[-36,-39],[-42,-3],[-37,38],[-95,3],[-61,-21],[-24,85],[23,92],[85,68],[20,52],[153,49],[0,47],[-84,21],[-46,48],[23,47],[89,72],[90,38],[75,55],[63,69],[132,29],[70,39],[244,87],[54,9],[274,105],[89,-28],[67,-71],[17,-52],[-25,-87],[8,-100],[-61,-3],[-32,-26],[10,-89],[121,40],[23,-13],[100,65],[-45,15],[59,77],[55,47],[50,13],[133,-32],[45,-26],[82,-10],[146,-53],[24,-31],[68,-16],[-19,-91],[-57,-32],[-19,-40],[-95,-55],[67,-31],[25,56],[46,21],[90,-10],[99,94],[83,-25],[53,0],[52,-51],[73,37],[-47,60],[-59,47],[35,18],[-52,59],[-70,9],[-55,52],[-6,46],[174,-8],[126,-46],[-36,-20],[105,-63],[53,-3],[88,-92],[65,-24],[12,-35],[-20,-82],[35,-92],[34,-43],[-1,-79],[63,-23],[-29,-40],[2,-47],[82,-67],[90,15],[116,111],[-102,68],[-5,62],[-40,8],[-4,63],[21,30],[-49,98],[5,58],[-74,181],[-4,95],[-39,47],[68,60],[-20,45],[31,22],[98,-15],[136,-77],[46,64],[51,2],[41,-46],[57,-23],[65,-59],[113,-21],[21,-43],[41,-15],[76,-115],[-35,-27],[73,-127],[-23,-25],[88,-151],[-22,-37],[55,-96],[8,-49],[35,-18],[85,-133],[-7,-51],[24,-24],[10,-61],[-59,-22],[10,-65],[-52,-53],[16,-27],[135,-101],[22,-65],[50,-24],[85,-83],[115,-13],[38,43],[36,-32],[2,-46],[123,-52],[78,-46],[49,-44],[72,23],[30,-102],[91,5],[72,20],[20,-91],[-10,-46],[25,-75]],[[29736,90266],[-16,26],[57,152],[36,21],[89,23],[44,90],[-49,32],[-18,115],[-25,61],[-41,38],[15,53],[-66,38],[-25,41],[13,52],[-25,87],[-45,25],[-14,34],[-60,-2],[-86,24],[-61,57],[51,56],[12,61],[-47,56],[-58,-11],[59,-80],[-73,-15],[-62,8],[-42,39],[-4,31],[-80,64],[-15,28],[54,32],[-5,33],[-83,-6],[21,43],[55,13],[-23,34],[-67,-43],[-2,-31],[-40,-33],[-79,72],[-3,-51],[-30,-28],[-91,-35],[-25,-28],[-84,-45],[-83,-9],[-13,48],[38,67],[-33,29],[4,48],[60,25],[120,-28],[50,42],[53,3],[14,39],[-33,75],[-76,50],[-71,25],[-48,-7],[-66,81],[44,65],[67,-22],[13,28],[-74,14],[-71,-74],[-93,24],[-27,46],[73,1],[0,75],[-77,0],[-95,26],[-53,-22],[0,207],[-58,46],[-72,-36],[-66,8],[-76,79],[-23,60],[-54,-7],[-60,30],[-65,-19],[-49,-42],[77,-20],[45,-27],[43,9],[57,-77],[28,-102],[-9,-48],[-53,-21],[-151,-6],[-69,-20],[-43,60],[-102,33],[-45,-10],[-51,31],[-128,9],[-17,21],[-137,5],[46,-56],[57,-6],[115,-141],[-48,-11],[-97,67],[-83,72],[-42,-2],[-102,82],[-202,81],[9,-28],[158,-55],[102,-82],[46,-21],[-40,-40],[-53,1],[-22,-28],[-88,15],[-130,63],[-39,33],[-173,-37],[-112,23],[-172,12],[-71,34],[-116,25],[6,-45],[-121,-21],[-135,68],[-78,71],[-25,51],[-61,0],[-48,83],[-47,-47],[63,-20],[-8,-40],[-117,18],[-119,-44],[-49,33],[20,23],[-51,35],[-153,40],[-60,46],[-47,89],[-61,45],[-42,75],[62,43],[-92,63],[91,-9],[28,-26],[135,13],[75,-25],[13,-30],[120,-13],[57,15],[91,-7],[37,35],[-145,75],[-48,74],[-40,-33],[-153,14],[-332,53],[-42,50],[-4,140],[50,61],[-85,88],[30,42],[1,47],[64,31],[-56,76],[36,84],[22,119],[53,30],[-6,36],[73,91],[3,94],[72,119],[53,31],[48,67],[76,59],[181,110],[291,76],[194,4],[75,-13],[178,-12],[62,-36],[-19,-47],[-174,-89],[-126,-121],[-70,-124],[-115,-156],[5,-98],[98,-82],[20,-63],[-41,-51],[-16,-59],[14,-114],[78,-122],[46,-31],[130,-130],[86,-40],[63,-9],[28,-88],[-96,-6],[-94,-49],[-44,17],[-76,-20],[-65,-56],[-165,-45],[39,-14],[105,17],[143,83],[79,15],[81,-12],[93,3],[-28,-47],[-2,-89],[57,24],[-18,78],[8,107],[27,84],[48,23],[-10,48],[-42,73],[-49,-29],[-102,21],[-55,52],[5,32],[-86,77],[-76,21],[125,42],[19,90],[57,29],[73,-6],[70,62],[-66,23],[-90,7],[-47,29],[-53,98],[14,136],[31,61],[106,-16],[67,-29],[56,7],[-126,58],[-101,8],[20,50],[120,14],[42,-20],[86,8],[-173,67],[22,52],[77,39],[230,66],[102,52],[133,42],[92,40],[217,1],[145,-13],[83,-102],[13,-72],[-10,-53],[24,-43],[136,-45],[26,-43],[-25,-96],[50,-58],[38,-12],[15,-47],[-81,-56],[13,-142],[-89,-69],[-9,-35],[30,-55],[-75,-6],[75,-64],[100,39],[9,35],[-33,40],[68,16],[-19,28],[72,81],[82,2],[58,-63],[73,59],[43,-30],[51,-84],[-55,-110],[63,15],[41,134],[-14,34],[69,19],[9,91],[45,46],[110,60],[105,33],[198,-7],[55,-27],[10,-33],[127,-23],[128,-10],[149,-49],[2,-24],[70,-114],[-34,-74],[229,-30],[33,-63],[-40,-85],[-80,-12],[-53,-38],[30,-45],[98,46],[104,23],[86,-6],[-105,-126],[80,27],[34,-20],[-25,-66],[60,0],[51,-65],[79,-25],[-7,70],[67,16],[-21,36],[53,27],[11,52],[35,7],[248,-77],[45,-34],[84,-106],[-63,-59],[-28,-55],[-116,23],[-51,-16],[-38,-69],[-48,-50],[53,-28],[-48,-42],[107,20],[100,47],[75,8],[48,87],[101,44],[41,-21],[34,-81],[-55,-56],[-36,-111],[63,47],[106,41],[89,46],[39,-14],[-51,-70],[-6,-46],[108,68],[108,4],[29,-33],[204,-80],[18,-50],[-45,-71],[-72,-29],[-82,-11],[-127,-32],[-94,-47],[35,-16],[132,31],[140,9],[17,-35],[-79,-111],[74,-8],[32,67],[58,7],[4,89],[46,54],[97,-31],[73,-67],[82,-106],[38,-135],[-65,-7],[-111,38],[-74,-4],[-59,-38],[-34,-44],[-66,-25],[161,-74],[60,11],[156,-10],[122,-71],[27,-33],[7,-57],[-32,-29],[-54,25],[-105,9],[-43,-18],[-47,9],[-144,77],[32,-53],[-128,-18],[119,-32],[105,-53],[-85,-39],[-25,-78],[-74,5],[-69,-33],[28,-20],[118,-37],[-66,-34],[119,-59],[74,21],[99,-40],[68,-11],[47,-31],[-21,-30],[-101,18],[-128,-36],[72,-17],[50,28],[44,1],[83,-58],[37,-10],[-16,-80],[78,29],[63,-14],[28,-71],[50,-25],[62,-56],[14,60],[87,15],[-43,-130],[23,-2],[28,85],[66,31],[-1,28],[61,21],[68,-38],[-47,-26],[-44,-51],[10,-34],[54,-6],[58,28],[88,-59],[18,-66],[42,2],[-12,-67],[34,-28],[15,-53],[-21,-29],[-95,-4],[17,-38],[80,26],[34,-24],[89,2],[43,-15],[22,37],[47,32],[38,-20],[14,-47],[-23,-32],[-53,-20],[6,-55],[-15,-51],[-78,-32],[41,-51],[19,50],[123,48],[83,-12],[26,-25],[64,21],[-4,44],[43,23],[38,-15],[-17,-52],[63,16],[65,-59],[85,-111],[8,-42],[-47,-34],[-38,2],[-44,56],[-36,7],[79,-105],[24,-63],[-81,-18],[-41,-27],[-80,62],[-107,26],[0,-20],[70,-50],[-51,-54],[102,-61],[60,-58],[-132,-24],[34,-86],[-56,-21],[-24,-74],[-53,-40],[-31,32],[-73,-1],[-47,53],[3,-83],[-13,-34],[-65,-3],[49,-57],[-21,-36],[12,-50],[14,-145],[-69,-66],[-28,28],[-36,69],[-52,20],[-30,32],[-78,17],[-21,-56],[-54,29],[11,48],[-59,23],[9,84],[-56,-23],[-12,67],[-49,32],[-3,40],[-42,29],[-14,50],[42,85],[123,52],[-15,41],[-119,-54],[-141,-16],[-16,92],[-53,15],[-49,74],[-18,-36],[-36,7],[-8,37],[21,35],[-72,17],[-32,125],[-32,-28],[-116,5],[66,-63],[-1,-36],[-44,-56],[-32,14],[-43,66],[-69,27],[-8,-31],[41,-69],[-14,-22],[89,-67],[39,-16],[-2,-66],[36,-37],[-177,-31],[-32,14],[-28,53],[9,58],[-113,53],[3,-29],[66,-11],[7,-52],[-43,-6],[-15,-49],[55,-3],[11,-75],[48,-23],[15,-41],[-16,-38],[131,34],[51,-19],[-45,-82],[104,-29],[-30,-106],[19,-38],[45,8],[-8,-75],[43,-14],[45,-53],[31,25],[23,-48],[68,-19],[55,-82],[32,-13],[20,87],[67,-73],[-1,-62],[-35,-26],[-4,-51],[75,-16],[105,-5],[-4,-34],[-49,-71],[-10,-59],[64,-64],[-33,-35],[76,-5],[72,8],[4,-30],[-69,-45],[-26,-39],[17,-30],[70,-21],[48,-56],[-15,-47],[20,-158],[-40,-26],[-39,50],[-20,90],[-25,50],[-46,-13],[11,-56],[41,-95],[-33,-22],[58,-62],[15,-50],[-17,-52],[56,-31],[-35,-24],[-38,0],[-59,52],[-28,-37],[67,-134],[-13,-28],[-45,-26],[-50,80],[21,46],[-92,22],[-17,50],[-61,11],[-46,39],[-39,-28],[-63,33],[-28,40],[-49,-22],[-32,73],[-53,35],[-3,35],[-63,20],[-37,47],[-36,22],[-9,46],[-43,64],[-35,10],[9,-69],[-24,-39],[-70,80],[-35,5],[-42,31],[-27,44],[-120,12],[47,-119],[99,-103],[71,-124],[24,3],[73,-44],[46,8],[29,-60],[92,-70],[60,-101],[0,-26],[58,-12],[61,-44],[31,-66],[38,-54],[41,-25],[-7,-38],[54,0],[16,-26],[-55,-62],[6,-38],[43,-73],[-90,-22],[-78,28],[-17,33],[-44,30],[-69,22],[-28,-6],[-28,31],[-28,-12],[-21,42],[-76,4],[-85,32],[-159,21],[-113,80],[-19,-5],[-116,100],[-39,60],[24,51],[-35,26],[-123,-25],[-48,4],[-70,65],[-93,17],[-50,58],[-6,47],[-95,-18],[-35,43],[-53,30],[-21,63],[5,56],[-93,13],[13,28],[97,-16],[113,82],[-85,15],[5,56],[-72,51],[-29,-53],[-108,-5],[0,59],[-24,28],[-53,22],[-77,131],[-9,41],[-50,19],[-12,53],[-36,13],[-35,-19],[-27,72],[23,49],[-15,58],[-122,-21],[14,-39],[-32,-17],[-11,-74],[-33,7],[31,139],[-22,33],[-58,-10],[-72,5],[-44,63],[39,58],[-47,2],[-36,-36],[20,-47],[91,-80],[-49,-16],[30,-59],[-49,-29],[-59,31],[-87,11],[-33,33],[-97,39],[-12,-69],[-31,-47],[-137,-18],[10,-38],[-114,9],[11,-60],[-91,39],[-32,24],[-61,-35],[-8,43],[-78,36],[-27,-20],[-70,49],[11,22],[-59,69],[-1,96],[32,36],[-20,82],[50,54],[93,56],[31,-2],[57,32],[-56,72],[22,77],[55,8],[41,-33],[72,9],[43,-12],[255,-114],[5,-31],[80,-46],[10,-57],[-51,-63],[63,-20],[-10,130],[-43,62],[-66,47],[24,33],[46,-18],[93,-13],[30,14],[35,57],[30,12],[102,-32],[44,39],[46,68],[83,4],[40,-11],[18,-33],[49,20],[-51,98],[-10,63],[-82,47],[-54,72],[-60,59],[-14,38],[35,44],[73,43],[102,92],[72,52],[35,65],[65,37],[41,4]],[[17965,94168],[-37,-46],[-82,-41],[-196,-56],[-210,-112],[-49,-6],[-181,-98],[-187,-79],[-124,-69],[-9,-57],[-31,-46],[-9,-60],[-120,-67],[-118,-7],[0,-76],[-66,-70],[13,-47],[1,-104],[-37,-91],[-33,-30],[-99,-36],[-120,-28],[-77,50],[-126,-119],[-132,-49],[-47,-51],[-84,-1],[-43,26],[-50,68],[-52,123],[-51,46],[-72,91],[-165,60],[-159,79],[-11,23],[-144,-19],[20,76],[-9,39],[126,196],[66,44],[32,80],[-26,74],[73,36],[79,18],[-1,30],[-72,23],[-29,42],[52,53],[63,136],[105,69],[3,71],[78,60],[-30,42],[-73,7],[-14,41],[-75,87],[9,26],[-31,84],[-59,48],[186,32],[170,13],[48,13],[189,8],[141,20],[148,34],[125,-27],[55,-50],[216,-83],[137,-31],[144,-9],[21,-68],[76,21],[20,54],[183,34],[180,-28],[153,-83],[262,-206],[77,-31],[89,-96]],[[15731,79923],[-36,-34],[-20,67],[27,-2],[29,-31]],[[15652,80072],[50,-55],[38,-20],[-9,-24],[-45,46],[-34,53]],[[14977,80234],[-2,-35],[-37,13],[-2,59],[27,10],[14,-47]],[[15371,80483],[28,4],[60,-29],[42,-105],[-51,47],[-26,39],[-53,44]],[[14817,80506],[11,-90],[-17,-23],[-35,21],[-30,37],[4,51],[-19,31],[55,28],[22,-15],[9,-40]],[[15270,80712],[27,14],[11,-58],[-32,2],[-6,42]],[[15222,80652],[-34,59],[-7,57],[16,28],[31,-36],[-13,-56],[7,-52]],[[15308,80739],[-20,40],[13,24],[29,-19],[-1,-34],[17,-25],[-25,-26],[-13,40]],[[15332,80760],[32,36],[7,-57],[-39,21]],[[15184,80802],[14,78],[33,-30],[33,-95],[-24,7],[-21,50],[-35,-10]],[[14828,81016],[61,78],[35,13],[24,-51],[-28,-50],[-47,-5],[-45,15]],[[15744,79762],[9,-41],[-19,-14],[-22,26],[-33,-67],[-27,-8],[-36,28],[-30,2],[-139,87],[-76,32],[-42,42],[-77,48],[-26,41],[50,57],[11,51],[-50,6],[-21,-25],[-40,18],[-34,-39],[-37,29],[-32,48],[11,74],[-39,53],[-33,-23],[-33,87],[6,35],[-58,-26],[-40,12],[-29,-25],[-17,21],[3,100],[30,28],[-7,44],[-35,11],[-13,96],[-32,8],[-50,-28],[-54,2],[-25,46],[18,72],[-55,-23],[-34,57],[-36,-7],[-9,34],[-38,-54],[-31,34],[34,52],[-29,63],[-25,0],[15,71],[90,11],[-1,42],[-68,-39],[-61,-22],[-44,45],[-29,46],[-24,98],[92,52],[54,-2],[105,-54],[28,-38],[57,-50],[120,-44],[85,-40],[27,7],[68,-18],[45,-35],[60,-22],[42,8],[42,-33],[24,-109],[36,-61],[12,-54],[82,-115],[-7,-60],[32,-85],[19,-5],[50,-50],[51,-12],[56,-27],[25,-36],[32,-10],[7,-50],[32,-14],[16,-44],[-6,-33],[51,-85],[15,-116],[42,-9],[19,-72]],[[32089,86580],[-76,23],[-30,53],[61,15],[57,-71],[-12,-20]],[[31144,86674],[9,-46],[-31,-49],[-100,-78],[-33,36],[55,188],[67,0],[33,-51]],[[28265,86869],[-25,-44],[-96,-28],[21,40],[100,32]],[[31988,87166],[-38,16],[-141,127],[16,36],[106,20],[92,-19],[18,-34],[-20,-36],[7,-49],[-40,-61]],[[31749,87420],[-31,-19],[-37,24],[43,41],[25,-46]],[[31877,87494],[22,18],[56,-39],[37,-71],[-21,-19],[-68,32],[-21,29],[-5,50]],[[27977,87695],[3,-72],[-37,-108],[-32,-63],[-8,-51],[-56,-100],[-29,-2],[-27,58],[-64,53],[-29,89],[20,120],[106,157],[76,6],[33,-24],[44,-63]],[[32116,87843],[-4,-36],[-55,-54],[-91,28],[-12,26],[34,53],[41,-12],[47,15],[40,-20]],[[29440,87926],[-29,-39],[-71,18],[-77,49],[31,18],[46,-38],[62,4],[38,-12]],[[30488,87894],[3,-37],[-36,-14],[-89,12],[-39,45],[1,27],[-39,75],[-32,-2],[-37,51],[116,-27],[82,-43],[70,-87]],[[27169,88107],[71,-17],[20,-18],[-28,-71],[2,-60],[-50,-47],[-44,-17],[-36,-65],[-55,-44],[-34,-50],[-108,-77],[-41,44],[-38,-8],[-71,-54],[-22,95],[-44,49],[1,56],[54,44],[45,75],[9,73],[62,61],[49,-49],[33,3],[73,50],[88,-6],[64,33]],[[28461,88281],[-29,-83],[-82,-32],[-75,70],[-90,104],[-3,34],[99,26],[95,-12],[39,-20],[46,-87]],[[32198,88308],[-48,-4],[-45,84],[-21,83],[39,30],[37,-158],[38,-35]],[[28697,88395],[30,-6],[-33,-61],[-78,22],[-85,88],[-36,18],[6,59],[76,-5],[115,-68],[5,-47]],[[31975,88573],[21,51],[47,19],[25,-37],[-11,-37],[57,-31],[-27,-28],[-55,55],[-57,8]],[[28340,88672],[7,27],[98,16],[-31,-57],[-74,14]],[[29575,88982],[-1,-83],[-39,41],[40,42]],[[31792,89007],[-39,0],[68,82],[46,-13],[-75,-69]],[[32706,89698],[36,-39],[-49,-31],[-47,48],[60,22]],[[27727,88558],[-79,-24],[-37,-52],[-49,-34],[-68,-73],[-121,57],[-50,15],[-26,32],[-42,3],[-54,32],[-113,-4],[-10,64],[45,33],[-10,40],[-39,29],[-86,8],[-67,-17],[-15,28],[44,64],[-10,43],[-146,-47],[-40,-56],[22,-48],[-8,-92],[-42,-1],[-77,-85],[-62,3],[-33,-41],[-21,-93],[-31,-45],[-101,-70],[-88,-41],[-66,4],[-35,65],[-5,101],[13,48],[-3,100],[-49,22],[-136,-38],[-59,14],[-46,-8],[-57,-55],[-55,-4],[-31,17],[-13,44],[13,40],[78,115],[195,100],[-5,45],[-42,73],[5,59],[-17,16],[15,122],[54,166],[-19,28],[22,62],[-7,110],[6,57],[34,161],[25,57],[91,85],[34,8],[0,-74],[45,24],[35,-17],[9,-57],[32,-55],[-73,-42],[66,-49],[16,-60],[48,-80],[28,80],[47,79],[38,-43],[80,-47],[-22,-29],[37,-42],[71,-25],[82,-2],[42,-15],[16,-58],[36,-51],[90,-39],[47,-57],[46,-19],[51,12],[41,-45],[27,1],[76,-91],[21,-13],[17,-148],[34,-40],[-10,-35],[-79,-32],[-17,-43],[143,25],[23,21],[87,-27],[48,55],[53,-61],[49,-27],[6,-30],[88,-86]],[[26388,89848],[80,-100],[39,-115],[-39,-46],[-35,19],[-6,42],[-70,58],[-20,107],[8,37],[43,-2]],[[26535,89895],[0,28],[112,-44],[105,-79],[-31,-59],[92,-55],[50,1],[13,-37],[-34,-26],[-31,23],[-90,15],[33,36],[-51,20],[-25,-24],[-51,15],[5,80],[-20,38],[-64,33],[-13,35]],[[26868,90021],[63,-27],[-8,-37],[-60,40],[5,24]],[[32664,90527],[0,-16],[-92,-65],[-18,27],[42,46],[68,8]],[[32356,90606],[16,-31],[-86,3],[38,46],[32,-18]],[[32289,90720],[-78,4],[23,72],[55,-76]],[[29622,90902],[-14,-36],[-276,2],[-66,44],[-38,75],[6,45],[133,8],[151,-36],[59,-3],[30,-24],[15,-75]],[[31584,91150],[-6,-63],[-93,22],[99,41]],[[25951,91162],[47,-47],[-8,-63],[17,-80],[-11,-66],[-51,-67],[-67,36],[-32,77],[29,56],[-38,26],[20,61],[46,65],[48,2]],[[29157,91095],[7,-36],[-42,-91],[32,-78],[-6,-153],[-45,-69],[-45,-43],[-33,2],[-106,-59],[-98,6],[-108,-24],[-97,9],[-22,19],[-33,86],[-40,163],[31,93],[93,163],[52,63],[109,42],[60,-22],[47,27],[87,-17],[128,-45],[29,-36]],[[28081,91182],[27,-23],[-65,-68],[-39,32],[11,72],[66,-13]],[[29342,91219],[19,44],[60,-70],[-20,-51],[-59,77]],[[28162,91287],[-47,-35],[-42,44],[54,17],[19,61],[58,-22],[-5,-36],[-37,-29]],[[29209,91328],[15,56],[41,-16],[30,-53],[-86,13]],[[29211,91237],[-12,-44],[-138,89],[-4,74],[37,54],[75,-30],[16,-56],[44,-49],[-18,-38]],[[24862,91711],[-42,15],[-34,44],[42,18],[34,-77]],[[28033,91501],[-37,-25],[-51,16],[-7,37],[61,91],[63,11],[31,25],[37,102],[34,28],[82,8],[28,-49],[-68,-42],[-26,-73],[-46,-49],[-31,-58],[-70,-22]],[[24930,91743],[-72,19],[6,28],[52,32],[43,-36],[-29,-43]],[[28696,91808],[5,-58],[-75,-59],[-13,-36],[-76,0],[-34,69],[8,71],[68,34],[38,-23],[79,2]],[[31265,91912],[38,-20],[-89,-32],[-17,24],[68,28]],[[31136,91878],[-86,42],[91,61],[45,-31],[-50,-72]],[[28223,91943],[0,28],[71,32],[55,-60],[-42,-39],[-54,-12],[-64,-42],[-48,44],[35,49],[47,0]],[[27786,91936],[9,-56],[-77,-2],[1,49],[-80,28],[-73,1],[-12,21],[84,47],[55,0],[92,-32],[83,51],[74,-23],[17,-49],[-74,-43],[-99,8]],[[26712,92003],[-5,47],[79,-16],[-25,-43],[-49,12]],[[24593,92018],[-26,-27],[-50,39],[65,24],[11,-36]],[[25810,92141],[-54,27],[-11,47],[61,5],[82,-20],[42,17],[39,-40],[2,-38],[-76,-9],[-85,11]],[[30136,92733],[45,-19],[-25,-43],[-52,-5],[-137,-44],[-31,56],[51,14],[9,61],[49,8],[91,-28]],[[29735,93021],[38,-40],[-54,-17],[-2,-40],[-69,9],[-24,97],[50,23],[61,-32]],[[29795,93104],[22,-36],[-30,-41],[-77,34],[32,39],[53,4]],[[23078,93724],[-27,23],[71,68],[30,-68],[-74,-23]],[[23035,93954],[73,31],[67,-80],[-24,-51],[-77,-23],[-47,39],[-12,49],[20,35]],[[19975,94215],[21,18],[94,2],[13,-30],[-102,-16],[-26,26]],[[20922,94237],[50,-36],[-22,-67],[2,-68],[-46,-82],[-70,-63],[2,-26],[-61,-52],[-79,6],[-67,52],[-62,67],[-44,20],[-3,55],[-108,70],[-78,31],[-69,10],[122,130],[244,14],[94,20],[60,-8],[135,-73]],[[27527,94224],[27,66],[68,30],[63,-8],[58,-35],[48,7],[139,-43],[132,0],[58,11],[175,8],[76,-34],[121,-29],[60,-28],[50,-63],[-2,-25],[78,-22],[48,-58],[18,-52],[69,-16],[-17,-75],[60,-17],[-2,-54],[-54,-18],[-278,23],[-29,15],[-207,9],[-131,-26],[-148,-57],[-110,3],[-105,51],[-63,114],[14,44],[-11,64],[-175,30],[-23,92],[27,34],[-34,59]],[[23244,93568],[5,-24],[-115,-73],[45,-20],[19,-78],[-12,-27],[10,-96],[-18,-44],[-50,-23],[-62,4],[-34,-59],[-105,-50],[-62,1],[-79,25],[-113,-5],[93,-70],[-48,-70],[-91,-68],[-79,5],[-33,42],[-81,-14],[-49,113],[8,23],[-60,32],[-30,76],[-43,50],[-48,4],[-114,111],[7,20],[-60,53],[-80,10],[-77,73],[-56,-29],[-121,27],[-35,98],[-67,27],[-113,68],[-36,39],[-4,48],[43,57],[33,74],[103,28],[97,-40],[-15,-28],[78,-48],[67,-97],[117,-13],[33,31],[90,-6],[35,78],[67,15],[-13,75],[-99,99],[22,79],[-130,-45],[-120,56],[-76,62],[30,46],[62,34],[87,-2],[87,-49],[15,47],[-90,11],[-61,71],[58,52],[162,17],[25,33],[59,18],[83,-59],[52,-8],[82,-55],[131,15],[181,31],[146,43],[86,-18],[84,-72],[-10,-64],[-187,-80],[140,-21],[-37,-48],[-148,-51],[-11,-24],[-133,-111],[22,-38],[79,38],[90,-4],[112,-43],[-10,-50],[100,-115],[62,22],[71,-41],[37,-101]],[[22431,94367],[-39,40],[81,19],[96,44],[62,0],[98,37],[125,14],[23,-29],[-46,-54],[-93,-57],[-190,-27],[-117,13]],[[24919,94406],[26,-12],[-87,-117],[-185,-198],[-89,-146],[-100,-146],[-87,-68],[-60,-11],[-67,17],[-216,31],[-209,-13],[-8,-20],[109,-25],[3,-36],[62,-37],[26,-59],[-61,-74],[-35,-11],[-60,-93],[-17,-53],[-71,-22],[-113,-5],[-109,-29],[-12,59],[27,18],[-34,56],[21,154],[-49,47],[0,36],[-78,53],[-21,59],[13,73],[-27,47],[38,87],[-5,131],[-23,42],[20,77],[-32,26],[78,76],[56,-8],[62,-51],[50,12],[-132,115],[19,68],[57,10],[89,43],[97,18],[169,2],[27,21],[110,3],[131,-27],[191,-84],[83,25],[67,3],[161,-16],[195,-48]],[[22851,94722],[65,87],[67,-14],[-32,-49],[-100,-24]],[[23510,94791],[4,-55],[-102,21],[-43,28],[85,36],[56,-30]],[[21211,95141],[-1,-36],[-62,-41],[-101,-27],[-132,29],[-56,32],[64,128],[76,50],[76,1],[86,-39],[20,-74],[30,-23]],[[24045,94994],[-6,-130],[-41,-37],[-235,-14],[-76,1],[-101,34],[10,24],[-70,42],[-164,12],[-55,46],[-86,18],[-56,74],[38,74],[110,34],[-27,20],[58,51],[-22,17],[69,55],[141,59],[107,24],[140,-24],[169,-132],[18,-35],[62,-26],[-23,-36],[32,-50],[-16,-46],[24,-55]],[[23173,95279],[-22,-29],[-84,-2],[-27,66],[97,40],[80,15],[36,32],[105,-52],[-90,-54],[-78,48],[-17,-64]],[[21424,95468],[-126,-9],[20,45],[58,44],[231,50],[34,-44],[-83,-15],[-32,-52],[-102,-19]],[[23754,95590],[47,-123],[-95,-11],[-46,37],[-8,82],[102,15]],[[21508,95598],[-311,-60],[-10,52],[113,26],[243,38],[25,-44],[-60,-12]],[[17282,95543],[-41,-90],[-189,-136],[-221,56],[21,34],[94,58],[103,92],[134,39],[15,27],[119,52],[54,-22],[-33,-63],[-56,-47]],[[28084,95673],[10,-43],[-79,-39],[-37,-60],[-122,4],[126,87],[54,52],[48,-1]],[[21163,95622],[-154,24],[-31,37],[46,42],[241,38],[200,21],[51,-48],[3,-43],[-85,-44],[-113,-19],[-158,-8]],[[21000,95872],[-48,14],[-22,63],[83,35],[91,5],[39,-54],[185,-61],[54,-32],[-87,-49],[-151,-8],[-138,4],[-6,83]],[[22937,95326],[-83,30],[-55,-30],[-56,-87],[2,-41],[99,-34],[21,-39],[-97,-83],[-199,-22],[-56,12],[-193,-19],[-190,22],[-19,86],[-42,24],[83,33],[-118,42],[30,52],[147,18],[-67,40],[160,39],[-33,35],[-111,6],[-233,-29],[-108,-5],[-170,-34],[-94,-4],[-64,-25],[-40,27],[24,77],[46,29],[77,-2],[-35,49],[31,34],[186,32],[-88,94],[46,56],[-100,21],[19,110],[62,27],[110,-13],[91,-55],[-11,-47],[186,-91],[87,-83],[42,48],[-135,111],[10,29],[124,8],[-90,52],[-99,-4],[-80,57],[66,47],[127,50],[116,-22],[73,10],[92,-92],[112,-1],[-56,43],[42,48],[110,7],[78,-21],[43,-38],[114,-28],[-35,-94],[65,-56],[15,-39],[-42,-118],[23,-50],[-91,-74],[131,-22],[0,-103]],[[21900,95937],[-23,38],[75,51],[95,14],[82,-26],[-229,-77]],[[25090,96024],[-51,-67],[9,-75],[-66,0],[-140,133],[11,44],[152,29],[85,-64]],[[20723,95415],[-27,-63],[-54,-22],[22,-37],[-15,-62],[-65,-55],[16,-44],[-58,-34],[11,-39],[-209,-31],[-68,-45],[-141,11],[-48,22],[-203,-37],[-65,79],[-48,10],[-70,-48],[-78,-24],[-63,-51],[-83,7],[-128,-43],[-91,-13],[23,-28],[-115,-62],[-114,-27],[-68,-40],[-162,-30],[-55,-20],[-163,-10],[-186,28],[-133,70],[-74,67],[57,44],[134,43],[71,3],[80,30],[27,29],[87,25],[204,13],[80,-13],[61,16],[147,94],[21,43],[-81,9],[-36,-46],[-85,-21],[-106,0],[-79,-17],[-97,30],[-45,-36],[-63,-1],[-162,-28],[-61,-1],[-15,72],[43,90],[-73,16],[-41,-82],[-68,-90],[-144,-57],[-66,19],[6,56],[-64,2],[-86,-77],[-126,41],[-47,43],[22,55],[-80,-15],[-62,-36],[-206,45],[-46,53],[132,108],[322,3],[126,59],[90,8],[-30,34],[-90,-9],[-117,-39],[-300,-1],[-9,33],[96,90],[558,45],[5,25],[-374,-25],[-140,19],[-2,35],[66,18],[-63,38],[49,59],[101,25],[90,-11],[-24,59],[14,44],[101,53],[295,26],[68,-17],[32,-47],[-13,-39],[48,-76],[70,8],[99,36],[101,4],[66,-40],[90,-19],[-23,-35],[41,-44],[142,-46],[20,-31],[-112,-30],[192,-19],[37,-58],[-14,-57],[38,-51],[212,27],[26,-20],[97,5],[326,-32],[-27,44],[44,31],[-74,73],[-164,33],[-101,52],[173,61],[14,49],[-45,58],[-80,30],[-153,34],[-4,56],[108,51],[126,83],[17,54],[86,57],[78,-4],[43,25],[83,-73],[-66,-75],[20,-103],[76,-12],[72,-66],[-104,-107],[28,-27],[138,6],[58,-53],[-20,-50],[99,19],[89,-18],[122,100],[74,0],[161,-41],[69,-58],[32,-124]],[[18101,96040],[-1,29],[112,42],[164,9],[93,-36],[16,-36],[-105,-28],[-164,3],[-115,17]],[[27900,95022],[46,-67],[-154,-34],[-83,-33],[24,-78],[-29,-27],[-77,-8],[-159,9],[-57,-10],[-130,-59],[-122,29],[-105,2],[-88,22],[-58,90],[14,62],[-70,-19],[-45,-118],[-153,-20],[-59,-21],[-116,10],[-183,-16],[-353,-14],[-289,-7],[-65,13],[-178,11],[-13,37],[43,112],[-37,55],[-53,-35],[-3,-34],[-94,-9],[-17,-64],[-80,-32],[-143,-12],[-209,66],[-54,66],[-93,-13],[36,-63],[-115,9],[-29,38],[-111,38],[-12,107],[-39,69],[53,11],[-137,67],[12,91],[45,79],[82,51],[-48,87],[21,44],[-23,38],[-63,18],[-61,54],[-4,57],[-78,68],[-56,77],[-129,-41],[-132,-23],[-33,14],[-184,-9],[-54,-22],[-97,5],[100,55],[-220,37],[-79,58],[-9,48],[-100,65],[-103,4],[155,61],[-149,47],[0,23],[139,36],[8,18],[153,30],[96,-8],[65,-33],[190,-19],[18,-31],[91,-17],[54,29],[61,-10],[145,-116],[-34,-95],[97,43],[72,-19],[149,13],[42,26],[156,17],[120,-21],[57,-40],[65,-14],[34,-88],[320,-64],[29,-30],[-52,-36],[-299,-4],[-196,12],[-23,-20],[293,-56],[-28,-20],[123,-37],[44,-37],[137,-62],[-17,-92],[43,-85],[51,-34],[46,30],[-41,73],[89,29],[69,-57],[24,-47],[138,59],[67,-21],[40,41],[70,-12],[93,-68],[55,1],[106,-36],[52,69],[198,23],[70,46],[210,33],[103,59],[111,-10],[25,-24],[94,-9],[129,46],[82,13],[338,-37],[-48,-66],[75,-16],[143,14],[118,-43],[23,-36],[-106,-34],[202,3],[41,-45],[-35,-122],[-86,-22],[-9,-25],[-132,-34],[69,-47],[116,43],[61,-23]],[[16856,95718],[-35,29],[-67,-91],[54,-32],[-46,-30],[-57,-73],[-111,-15],[-63,8],[28,72],[-92,32],[7,76],[-82,3],[7,-87],[-132,-40],[-16,25],[-98,33],[-78,-10],[-82,-54],[-85,26],[69,71],[-3,24],[-102,22],[61,48],[13,51],[59,32],[116,16],[114,0],[97,139],[79,10],[153,68],[77,111],[74,53],[122,54],[27,56],[130,41],[178,0],[91,17],[173,-60],[103,19],[59,41],[-97,5],[23,43],[141,51],[175,-76],[103,-64],[-37,-29],[-108,-32],[-89,-10],[7,-89],[108,-39],[-53,-43],[-5,-41],[41,-74],[-120,-68],[-121,-5],[-87,-27],[39,-98],[-116,-55],[-130,38],[-52,44],[22,159],[46,45],[-160,9],[10,-118],[-179,-25],[83,-53],[22,-50],[-23,-31],[-77,-22],[8,-46],[-96,-34],[-20,50]],[[26344,96442],[-45,76],[85,-4],[56,-48],[-96,-24]],[[25094,96384],[-36,-50],[-84,-38],[-231,59],[-76,58],[8,121],[80,23],[160,-16],[147,-83],[32,-74]],[[21001,96289],[-100,-47],[-136,55],[-81,57],[-10,44],[-53,49],[-39,109],[-48,48],[47,17],[112,-27],[141,-106],[-1,-73],[58,6],[103,-65],[7,-67]],[[24096,96549],[-43,-20],[-19,-70],[-92,-28],[-145,22],[-460,1],[-88,66],[19,65],[202,60],[74,-37],[81,26],[246,-10],[127,4],[111,-33],[-13,-46]],[[21542,96604],[-19,32],[33,54],[209,1],[120,-29],[71,-46],[-53,-23],[-114,6],[-64,-29],[-108,9],[-75,25]],[[18420,96677],[-10,-56],[-160,-32],[-155,84],[-72,58],[89,13],[32,30],[157,-20],[46,-47],[73,-30]],[[19554,96797],[-23,-59],[-149,-43],[-171,-16],[33,-59],[164,8],[21,-86],[-50,-73],[-179,-53],[-112,11],[-230,-61],[-100,26],[-36,48],[-99,10],[-68,32],[-15,83],[19,39],[-38,40],[23,55],[88,15],[181,49],[162,10],[45,20],[227,21],[281,-4],[26,-13]],[[21416,96912],[34,-34],[-74,-51],[-56,40],[96,45]],[[19650,97019],[-22,-61],[-135,-34],[-52,20],[-89,-25],[-141,17],[-87,43],[-72,-35],[-6,-32],[-96,-2],[-110,62],[-161,-30],[-85,-30],[-76,36],[33,40],[296,87],[93,-5],[110,34],[40,36],[156,48],[80,8],[158,-59],[142,-74],[24,-44]],[[29289,97204],[109,-31],[-46,-28],[-100,25],[37,34]],[[23080,96636],[-53,8],[30,67],[-97,20],[-111,48],[24,31],[200,-9],[19,32],[-100,34],[-150,29],[-68,52],[-16,40],[-80,26],[1,48],[91,20],[-80,44],[-11,74],[57,26],[194,-13],[252,-64],[57,-35],[18,-52],[102,-27],[57,22],[162,-41],[81,-52],[-151,-68],[134,-79],[-48,-79],[-88,0],[-120,-40],[-154,-23],[-75,9],[-77,-48]],[[20665,97390],[-6,35],[49,60],[82,18],[398,36],[167,-41],[143,-124],[-16,-52],[282,55],[95,-60],[89,-26],[-62,-63],[84,-28],[107,29],[148,-51],[-21,-56],[141,-23],[-68,-167],[64,-8],[39,-47],[107,-76],[21,-44],[-13,-64],[-46,-29],[-171,-14],[-39,-21],[-186,47],[-62,87],[7,47],[-64,59],[-70,-7],[-58,29],[-184,29],[-106,-26],[-62,18],[6,61],[-254,-34],[-80,-45],[-144,18],[-99,50],[-47,45],[-8,49],[105,34],[167,-36],[151,-8],[4,95],[27,59],[-154,-5],[-79,13],[102,54],[-62,60],[-105,-17],[-34,-54],[-126,-21],[98,107],[-76,24],[-125,-23],[-56,52]],[[22180,97905],[25,56],[78,32],[99,-23],[85,13],[68,-29],[46,-67],[-17,-41],[33,-60],[-36,-48],[-145,30],[-3,51],[-75,29],[-136,-12],[-22,69]],[[23374,98282],[191,27],[-6,-50],[-185,23]],[[23160,97932],[-24,59],[96,-3],[96,-40],[236,-22],[90,6],[83,65],[-238,-18],[-255,78],[-69,8],[87,56],[146,24],[-91,39],[9,58],[290,12],[113,-28],[55,36],[-83,28],[-5,39],[-124,36],[-100,6],[4,57],[70,63],[103,28],[204,-28],[-8,47],[234,-6],[60,40],[-33,34],[-155,-5],[-172,32],[57,60],[196,-18],[108,7],[238,-52],[114,-55],[33,-71],[156,-130],[16,-37],[106,-26],[19,-78],[224,-22],[141,4],[74,-40],[-56,-94],[61,-63],[122,-44],[127,-12],[-157,111],[8,50],[59,36],[213,-15],[35,-135],[-125,-23],[25,-41],[194,2],[74,-109],[-60,-146],[244,11],[74,-45],[133,6],[47,-73],[132,-90],[-164,-75],[-276,-56],[-31,-55],[-90,-32],[-103,-63],[-63,-79],[-89,12],[-40,80],[3,74],[-63,-4],[16,-158],[63,-35],[-30,-80],[-52,-9],[-107,85],[-40,-36],[57,-67],[-61,-142],[-77,-2],[-84,90],[-85,56],[-83,93],[-40,-20],[34,-71],[53,-23],[20,-100],[-52,-2],[-66,60],[-53,6],[-6,-111],[-148,0],[-200,27],[-71,31],[-71,-10],[-50,44],[-182,77],[19,40],[318,30],[-255,31],[-192,-2],[-129,91],[-18,39],[-110,77],[17,23],[171,31],[45,54],[165,-6],[87,13],[179,-3],[376,33],[-143,18],[-290,-26],[-150,22],[17,38],[181,-5],[207,30],[13,22],[-291,-23],[-114,19],[-254,-14],[-81,-46],[-104,10],[-63,42],[-159,-46],[-61,38],[-130,21],[-33,47],[43,48],[246,30],[-12,41],[-118,-20],[-183,3],[-120,89],[-72,24],[-22,113]],[[33031,99249],[-63,-78],[-262,-100],[-588,-172],[-274,6],[-138,-62],[-504,-19],[281,-36],[2,-18],[-387,-73],[-110,-36],[-257,-41],[-32,-32],[471,77],[162,33],[346,51],[62,17],[330,33],[31,-40],[-71,-52],[-197,-70],[-164,-24],[-132,-61],[-57,-47],[-447,-161],[-237,-129],[-67,-80],[-81,-24],[-219,-7],[138,-47],[-70,-43],[-149,11],[-210,-49],[-6,-31],[243,43],[45,-46],[-61,-41],[-186,-28],[129,-29],[-64,-59],[-95,-30],[-208,-43],[-191,27],[-40,57],[-323,50],[-172,-26],[49,-32],[88,8],[269,-31],[59,-56],[12,-57],[-52,-29],[-176,-12],[-22,-22],[-185,0],[-92,-44],[-273,36],[26,-51],[-270,3],[-63,60],[-80,-2],[49,-74],[-39,-25],[237,-12],[100,9],[57,-22],[411,-6],[-86,-39],[90,-48],[-176,-26],[-186,31],[-92,69],[-311,-3],[-236,-12],[535,-31],[-10,-27],[-150,7],[-125,-11],[-161,-38],[5,-20],[274,38],[265,-31],[10,-49],[122,-7],[147,-29],[-27,-110],[-38,-61],[-311,-21],[14,-20],[269,-53],[-144,-101],[-157,28],[-114,4],[-61,-40],[176,-30],[169,-12],[-89,-83],[-92,30],[-85,-43],[-95,-23],[-76,25],[-202,-4],[-84,14],[-68,-32],[124,-54],[-19,-48],[87,-77],[-69,-30],[-9,-44],[-72,-23],[-3,-31],[-148,3],[-87,-53],[-142,18],[-91,-24],[-116,8],[-108,24],[-162,81],[-86,27],[-18,-51],[149,-64],[-180,-20],[-12,-61],[75,11],[144,49],[266,-44],[119,18],[79,-2],[111,-47],[2,-38],[-89,-65],[-8,-31],[141,0],[-27,-47],[68,-9],[52,73],[56,34],[67,5],[49,-32],[5,-56],[50,-27],[-15,-91],[-67,-16],[-36,-63],[-100,-39],[-32,55],[-44,13],[-65,-88],[-39,-5],[-55,-69],[-57,12],[-151,-51],[-26,10],[-133,-47],[-119,31],[90,116],[-132,76],[-43,-39],[-148,6],[-96,-54],[-145,-6],[-83,44],[-49,-35],[-116,15],[-99,70],[-55,-9],[4,-52],[-134,4],[-62,-18],[150,-48],[-3,-18],[-220,-14],[-13,18],[-208,35],[-61,-1],[-104,61],[-36,-76],[-103,19],[-16,39],[-133,-65],[-215,33],[13,56],[-226,-38],[-135,81],[66,70],[-33,98],[227,90],[119,71],[119,0],[108,-15],[95,59],[-60,70],[-92,11],[-28,49],[37,28],[-101,73],[-49,15],[2,93],[275,59],[96,-8],[175,-56],[67,-46],[53,-120],[106,-60],[218,-10],[227,26],[123,57],[132,116],[102,133],[-117,-45],[-74,-99],[-132,-101],[-113,-14],[-69,13],[-119,-7],[-21,41],[-124,39],[26,80],[-36,43],[-95,45],[166,64],[19,55],[103,26],[-90,24],[-80,-25],[-70,-49],[-205,-31],[1,60],[-85,23],[-67,-49],[-199,3],[1,188],[90,56],[61,95],[91,54],[237,13],[142,49],[150,-26],[267,-19],[162,-66],[104,-18],[50,-43],[101,-8],[-179,94],[-94,23],[68,28],[161,-16],[175,22],[21,65],[-118,-36],[-115,-18],[-120,32],[-195,-4],[-169,12],[-132,49],[69,62],[95,-9],[50,-46],[81,10],[-125,65],[-52,6],[-44,127],[-109,43],[-39,75],[-84,36],[-150,10],[-163,33],[0,105],[38,21],[-75,44],[-17,59],[57,96],[151,11],[161,-40],[191,6],[233,-16],[188,-102],[261,-118],[58,-70],[105,-85],[58,24],[210,-22],[149,27],[-88,22],[-133,-20],[-208,66],[-9,80],[57,27],[-198,37],[-215,130],[-60,52],[325,40],[105,4],[350,35],[83,32],[281,13],[71,38],[-328,-3],[159,50],[239,48],[285,30],[134,31],[-270,11],[-236,-28],[-11,89],[116,53],[174,104],[301,85],[-27,13],[-371,-86],[-137,-66],[-15,-45],[-115,-6],[-63,-100],[-65,-58],[-446,-115],[-471,-51],[-71,28],[93,55],[190,25],[109,51],[-59,12],[-169,-55],[-201,-25],[-141,24],[25,-62],[-23,-42],[-165,-28],[-82,12],[-119,-16],[-147,22],[-130,-3],[-175,39],[55,65],[209,132],[167,44],[679,65],[-734,-43],[-199,-39],[-141,-90],[-124,-59],[-59,-59],[-229,28],[-230,68],[-127,46],[32,43],[239,26],[220,-10],[256,14],[189,45],[135,61],[192,41],[-112,22],[-175,-34],[-180,-66],[-241,-32],[-131,6],[-546,-39],[-99,33],[-47,60],[102,44],[166,1],[-149,52],[189,40],[98,51],[264,21],[-129,29],[-308,-57],[-233,-65],[-134,51],[255,76],[-213,47],[-90,-40],[-262,14],[67,59],[193,62],[214,33],[166,-20],[139,12],[-30,36],[159,64],[190,27],[287,-31],[223,-4],[133,-22],[258,-9],[-548,84],[-34,48],[327,14],[89,26],[-114,102],[293,9],[-66,-32],[353,-45],[94,-70],[102,41],[158,-30],[225,-73],[436,-88],[43,34],[-297,45],[-494,160],[179,168],[181,-25],[147,-55],[80,14],[-271,134],[28,22],[322,-25],[48,-38],[282,-30],[173,11],[-386,45],[-8,32],[-119,25],[54,43],[227,21],[97,-57],[158,-3],[158,31],[198,-34],[162,-110],[184,-44],[126,18],[-185,33],[-156,111],[-200,63],[348,37],[300,-7],[238,-23],[151,-43],[190,84],[105,17],[268,0],[41,-46],[184,51],[314,3],[57,-41],[524,-43],[116,-22],[215,6],[12,-28],[-246,-72],[-328,-49],[-53,-31],[327,16],[442,106],[199,33],[106,-39],[362,-3],[-56,-63],[191,-71],[-29,-33],[413,-28],[137,-90]],[[27784,84200],[-34,22],[27,50],[71,23],[8,-33],[-72,-62]],[[27747,86252],[-5,36],[24,29],[44,-9],[-38,-51],[-25,-5]],[[31427,77592],[20,41],[19,-78],[-33,-7],[-6,44]],[[29484,78065],[27,60],[48,27],[-40,-82],[-35,-5]],[[29583,78158],[-11,-131],[-22,-23],[-49,14],[4,33],[31,29],[14,37],[33,41]],[[30321,78920],[-5,-50],[-47,-48],[-15,24],[55,70],[12,4]],[[33311,78205],[-33,-21],[-10,-28],[-45,-37],[-32,-9],[-60,-35],[-7,16],[-71,8],[-34,-28],[-24,24],[-33,-20],[-33,83],[-10,103],[-14,87],[18,19],[5,42],[47,56],[31,82],[23,39],[63,200],[27,25],[46,109],[40,-17],[-8,-57],[50,-29],[-11,-137],[-44,-143],[22,-49],[-51,-89],[-25,-23],[-27,-56],[-4,-31],[-41,-13],[-6,-54],[-33,-25],[14,-46],[29,31],[60,-22],[4,45],[83,106],[-85,-46],[-16,34],[44,40],[0,44],[41,76],[35,46],[49,-47],[25,9],[56,-40],[8,-42],[-16,-36],[22,-22],[-9,-39],[-31,-35],[-42,-3],[13,-45]],[[32776,78592],[-7,-28],[-38,-33],[-39,-8],[-36,-74],[-39,13],[-3,-35],[37,-56],[-20,-13],[-5,-49],[-64,-5],[-43,45],[4,34],[-23,45],[-30,18],[-35,-37],[-110,45],[-43,55],[-6,32],[-36,27],[-15,-13],[-40,9],[7,74],[-34,53],[-43,-5],[-9,32],[13,44],[27,38],[12,45],[49,68],[22,-73],[-33,-66],[43,-49],[29,-47],[-13,-52],[19,-39],[23,-7],[5,66],[20,5],[85,-39],[27,-53],[12,14],[67,-4],[121,30],[70,-1],[22,7],[50,-13]],[[32082,79413],[-25,-71],[-29,32],[11,31],[43,8]],[[32133,80508],[-29,10],[-24,35],[17,23],[88,24],[52,-31],[95,-27],[64,-12],[114,-51],[19,-25],[100,-53],[41,-66],[34,-14],[17,-30],[89,-34],[62,-117],[-42,-48],[-20,9],[-101,-9],[-72,40],[-49,6],[-114,49],[-51,47],[-86,43],[-15,71],[-35,51],[-44,42],[-110,67]],[[27946,81829],[20,-29],[-4,-41],[-22,-14],[-57,0],[-10,28],[73,56]],[[27567,82310],[25,-102],[-32,-11],[-68,17],[-72,53],[-51,9],[-134,66],[-30,27],[50,91],[127,28],[84,-15],[67,-98],[34,-65]],[[28123,84181],[-45,2],[22,44],[4,63],[19,44],[26,-7],[4,-76],[-9,-53],[-21,-17]],[[27904,84109],[-11,39],[-79,-154],[-44,33],[81,150],[51,60],[40,-19],[13,67],[35,117],[29,-5],[24,-102],[-16,-77],[-24,-11],[-46,-136],[-32,-56],[-49,10],[28,84]],[[15038,80189],[21,-16],[-4,-38],[-34,31],[17,23]],[[34464,82640],[45,-10],[-9,-47],[-51,28],[15,29]],[[31233,85473],[8,-66],[-29,-4],[0,65],[21,5]],[[31954,88870],[24,-46],[-31,-21],[-24,65],[31,2]],[[27321,91810],[44,-39],[-96,-2],[-18,42],[70,-1]],[[27081,92026],[-14,-27],[-72,22],[47,26],[39,-21]],[[24376,60210],[-17,40],[-109,221],[-35,79],[0,21],[-44,53],[-68,136],[-67,115],[-52,80],[-80,98],[25,9],[-12,37],[-40,20],[-24,55],[-27,-9],[-38,48],[-14,-31],[33,-53],[18,12],[48,-50],[10,-26],[-116,90],[-73,5],[-3,20],[35,30],[1,25],[-20,22],[-30,-41],[-13,59],[-12,19],[-19,-19],[-15,-40],[-16,0],[-9,-33],[45,-13],[2,-20],[-47,-16],[-24,2],[-23,-17],[-56,-105],[-38,-10],[-25,-27],[-83,-48],[-46,-43],[-31,-40],[-54,7],[-34,-21],[-35,29],[-46,13],[-49,43],[-38,56],[-30,18],[-53,6],[-20,13],[-67,6],[-87,107],[-11,26],[-89,39],[-34,27],[-4,21],[-32,58],[-22,54],[-22,-16],[-80,48],[-64,33],[-64,9],[-38,27],[-70,103],[-200,140],[-82,58],[-48,92],[-23,25],[-53,40],[-12,51],[-41,31],[-7,42],[-21,29],[-18,57],[-63,58],[-17,-5],[-26,-38],[-27,26],[-85,50],[-41,11],[-78,68],[-25,4],[-69,43],[-38,38],[-21,92],[-38,62],[3,31],[-26,50],[-52,77],[-55,56],[-42,29],[-7,52],[-27,-5],[-51,32],[-27,40],[-20,0],[-59,80],[-14,46],[-5,65],[-18,13],[-28,48],[-49,128],[-27,82],[-8,98],[-28,64],[-12,54],[34,47],[69,15],[23,40],[3,30],[-35,73],[-14,-16],[-29,21],[31,91],[26,59],[21,17],[5,83],[-7,79],[16,58],[-22,41],[-42,50],[-61,204],[-6,53],[0,120],[-21,143],[-19,78],[-40,82],[-25,28],[-52,128],[-16,18],[-42,84],[-26,102],[-25,36],[-38,86],[-12,8],[-30,123],[-37,78],[-95,130],[-8,26],[-38,54],[18,31],[-12,64],[-29,-30],[-32,28],[-22,50],[-49,31],[-11,79],[-33,56],[-9,60],[22,23],[29,3],[-29,49],[-18,-2],[-13,34],[-32,-7],[-32,63],[-29,22],[-29,48],[-20,8],[-18,75],[-26,16],[0,-42],[-31,5],[-10,-19],[-22,40],[-16,65],[-74,84],[6,59],[-4,72],[25,65],[21,26],[11,89],[-8,94],[-48,100],[-4,25],[-30,8],[-40,-29],[-20,16],[-25,55],[-15,87],[-2,62],[-18,32],[-30,-7],[-55,26],[-32,56],[-27,85],[-15,-5],[-20,129],[11,65],[0,66],[-23,36],[-38,17],[-15,-30],[-38,51],[-17,-16],[-31,31],[-22,35],[-52,148],[-10,42],[-65,45],[-15,72],[-44,78],[7,35],[-38,46],[-21,56],[-12,3],[-21,130],[4,37],[-14,44],[-26,-6],[-18,33],[12,63],[-36,76],[-8,41],[-42,126],[-18,10],[6,51],[-8,26],[1,73],[-26,59],[-6,81],[-32,60],[-26,79],[-14,82],[8,96],[12,30],[2,72],[-19,35],[-120,45],[-16,33],[-14,84],[-60,57],[-25,-20],[-18,-41],[-36,2],[-36,33],[-11,25],[-46,47],[-25,48],[-26,2],[-19,27],[-13,3],[-14,26],[-8,-12],[12,-29],[13,-77],[-20,-75],[0,-79],[-6,-35],[-4,-95],[16,-90],[31,-38],[9,-113],[-3,-62],[14,-47],[5,-75],[-8,-139],[22,-64],[13,-60],[29,-35],[10,-72],[15,-22],[19,16],[62,-101],[18,-17],[42,-76],[17,-16],[41,-89],[-9,-20],[33,-96],[-7,-16],[23,-45],[28,-26],[6,-58],[27,23],[18,-55],[25,-138],[28,-28],[28,11],[15,-53],[-7,-57],[22,-54],[-1,-100],[10,-11],[-3,-77],[19,-63],[30,-58],[62,-52],[11,-27],[13,-87],[25,-67],[12,-50],[40,-26],[11,-28],[-13,-52],[18,-50],[23,-37],[-10,-54],[47,-112],[16,25],[-32,62],[-16,109],[9,10],[48,-87],[24,-29],[-3,-69],[36,-33],[-6,-68],[19,-40],[-1,-45],[22,-103],[-12,-63],[15,-107],[23,-31],[9,-63],[22,-52],[26,-6],[-2,-32],[34,-182],[25,-63],[16,-12],[28,-119],[-19,-72],[-4,-73],[14,-51],[2,-61],[33,-85],[45,-21],[14,-35],[14,59],[-9,64],[28,8],[16,-52],[43,-48],[9,-71],[15,-9],[29,19],[7,-24],[-10,-40],[39,-88],[-4,-29],[9,-58],[57,-51],[14,-58],[0,-93],[-11,-59],[-19,-50],[-50,-44],[-5,-25],[-46,-66],[-16,-1],[-29,45],[-11,39],[-19,175],[-39,126],[-27,39],[-48,42],[-20,30],[-46,101],[-63,113],[-52,65],[-60,61],[-49,86],[-16,65],[-37,-46],[-10,85],[-33,72],[-13,-22],[-21,19],[-10,58],[6,38],[-11,84],[3,50],[15,50],[4,211],[-3,50],[-16,60],[-18,103],[-27,31],[-14,74],[-27,48],[-16,-15],[-32,47],[-21,3],[-11,28],[-92,132],[1,29],[-24,62],[-19,20],[21,37],[3,47],[-19,4],[-3,-53],[-22,-60],[-22,26],[-39,-1],[-11,-42],[-26,3],[-25,43],[-25,86],[-40,28],[-12,-12],[-31,74],[-34,28],[-14,-4],[-55,53],[-6,96],[-25,41],[-38,26],[-13,47],[-29,53],[-32,12],[-14,61],[36,8],[88,-36],[30,0],[48,58],[9,-24],[3,-56],[36,-38],[14,-28],[16,34],[25,-14],[10,37],[-21,17],[-31,-24],[-19,69],[11,29],[-14,31],[25,15],[15,40],[-17,16],[-3,38],[15,49],[-19,29],[23,116],[-34,109],[-29,7],[-37,116],[-20,39],[-15,-2],[-28,98],[-25,13],[-70,150],[-60,29],[-27,58],[-24,16],[-22,36],[-13,-5],[-55,84],[3,43],[-12,60],[-23,19],[8,72],[-4,85],[-11,61],[-27,31],[-20,-24],[-12,69],[5,85],[-10,107],[-30,28],[-21,55],[-24,0],[8,111],[-9,41],[-53,127],[-40,64],[8,62],[-6,21],[13,44],[0,49],[-37,30],[-4,39],[-20,5],[-13,84],[-17,66],[-21,17],[-26,103],[-2,44]],[[23017,66787],[-8,-79],[0,-61],[-42,-192],[-39,-121],[-54,-382],[-18,-293],[-1,-154],[-10,-173],[-3,-103],[7,-166],[-14,-95],[-12,-27],[-15,-78],[20,-111],[12,-103],[4,-91],[42,-150],[28,-65],[46,-69],[7,-24],[-8,-82],[-24,-44],[-11,55],[27,38],[-1,29],[-30,47],[-38,91],[-23,19],[14,-110],[22,-78],[24,-11],[-2,-46],[28,-113],[16,-86],[40,-141],[-1,-41],[14,-53],[32,-77],[99,-205],[61,-167],[15,-73],[12,-118],[23,-128],[33,-51],[33,-92],[17,-4],[21,-102],[14,-95],[35,23],[64,-28],[80,0],[44,-55],[13,-33],[54,-18],[25,-86],[25,-52],[13,-55],[32,-26],[72,26],[96,68],[49,28],[26,-6],[3,41],[38,15],[140,2],[23,12],[27,40],[22,50],[20,-1],[57,29],[95,17],[32,-6],[22,-36],[-10,-20],[-25,13],[1,-44],[31,-1],[14,-35],[40,-15],[39,-1],[11,36],[48,35],[13,37],[5,57],[-10,26],[-18,-6],[-18,63],[42,49],[33,29],[23,41],[40,44],[22,55],[15,14],[20,54],[6,179],[12,54],[52,81],[3,53],[-8,31],[6,196],[-4,73],[11,119],[25,149],[7,19],[65,75],[33,20],[17,25],[37,25],[184,45],[117,55],[27,43],[44,24],[46,-10],[42,34],[47,-10],[53,-27],[-2,-24],[44,6],[33,-13],[7,-18],[66,-14],[30,44],[-1,58],[38,-31],[20,-69],[27,-8],[3,-131],[21,-24],[-23,-82],[-14,-96],[-54,-135],[-46,-73],[-58,-174],[-8,-70],[0,-106],[-7,-32],[-29,-34],[-8,-36],[-29,-14],[1,-48],[18,-28],[28,9],[40,-6],[-3,-38],[-26,-49],[-13,13],[-23,-32],[-9,-75],[14,-13],[20,56],[19,6],[-14,-112],[-16,-65],[-16,-146],[-17,-50],[-4,-83],[-9,-75],[-21,-83],[-25,104],[-39,32],[0,22],[21,89],[-1,55],[-9,51],[-19,-42],[-49,-179],[-6,-6]],[[25471,62476],[-52,2],[-12,-24],[-6,-52],[-17,-67],[-22,-33],[-11,-73],[-40,-94],[-47,64],[-23,-17],[-8,-40],[0,-50]],[[19181,62660],[-9,-48],[-24,30],[18,57],[15,-39]],[[20413,64271],[-9,-21],[-24,23],[-3,55],[30,-22],[6,-35]],[[18957,65912],[17,-42],[-5,-32],[-72,115],[29,1],[31,-42]],[[19354,65952],[10,-27],[-10,-40],[-17,42],[17,25]],[[19247,66285],[33,-35],[5,-84],[-23,34],[-16,47],[1,38]],[[19144,66806],[-28,-56],[2,81],[29,6],[-3,-31]],[[18001,68155],[11,-98],[-14,-77],[-35,50],[26,63],[-7,37],[19,25]],[[18812,68401],[-29,3],[-56,58],[27,56],[-4,60],[17,73],[43,13],[3,-50],[21,-67],[-22,-146]],[[18573,68572],[-26,-3],[-34,64],[-66,137],[11,71],[20,0],[23,-42],[13,-44],[-6,-42],[52,-12],[3,-92],[10,-37]],[[18115,70149],[8,-3],[24,-45],[-13,-15],[-23,36],[4,27]],[[25903,63692],[-14,-66],[-36,-94],[-19,-31],[-6,41],[3,60],[20,64],[25,1],[27,25]],[[17152,68586],[9,-43],[-2,-58],[-16,-13],[-5,61],[-15,40],[0,47],[17,21],[12,-55]],[[25471,62476],[-1,-24],[-21,-31],[52,-26],[24,19],[7,-94],[-2,-53],[-16,-84],[-17,-52],[-1,-63],[-19,-111],[14,-48],[-15,-90],[-4,-93],[14,-57],[10,-65],[-19,-43],[6,-28],[-11,-41],[-2,-69],[-24,-58],[-15,-90],[-25,-70],[-56,-25],[-2,-44],[-50,-98],[3,-52]],[[25579,62214],[3,73],[15,-11],[-18,-62]],[[27063,57348],[62,-101],[-11,-66],[11,-46],[26,-14],[3,-97],[29,-14],[10,-31],[56,20],[30,-22],[9,76],[11,-19],[26,-76],[25,-50],[65,-18],[60,16],[58,44],[16,3],[27,61],[25,32],[63,52],[32,5],[53,41],[28,56],[26,-6],[4,27],[21,20],[35,60],[8,51],[31,26],[5,-23],[29,0],[65,-28],[39,-5],[-1,-42],[23,-1],[20,-20],[34,14],[49,-17],[12,12],[34,-19],[64,-66],[51,-37],[38,-86],[8,19],[32,-84],[7,-41],[40,-57],[9,-45],[18,-26],[29,-3]],[[28362,55999],[-33,61],[1,25],[-37,66],[-26,87],[-25,112],[-19,42],[-10,92],[40,2],[14,43],[-19,57],[34,26],[8,55],[-41,35],[-18,-18],[-6,-51],[-17,32],[-11,48],[-4,92],[-30,21],[-19,45],[-14,6],[-7,41],[-20,-10],[-13,45],[-36,40],[-48,29],[-58,5],[-27,-12],[-33,-62],[-28,-16],[-15,-38],[-5,-125],[-25,-16],[-29,-62],[-31,-42],[-40,-41],[-30,-7],[-13,13],[-25,-52],[-1,-66],[5,-40],[30,-27],[13,-61],[44,-75],[25,-67],[16,-77],[-6,-27],[-33,-18],[-32,2],[-30,-27],[-6,-40],[-26,-34],[-67,-21],[-44,-3],[-16,26],[10,41],[-6,73],[-14,32],[6,26],[-21,55],[-18,83],[-27,16],[-3,-106],[-57,20],[-35,22],[-14,28],[2,51],[-15,24],[4,55],[-18,12],[-11,71],[-17,-4],[-31,29],[-62,34],[-10,-42],[-15,24],[-5,44],[-18,38],[-33,-32],[-31,-7],[-41,27],[-42,-16],[-19,-44],[8,-87],[-13,-19]],[[27315,56093],[4,-44],[-27,16],[-26,47],[-5,50],[8,34],[25,39],[10,-52],[-4,-58],[15,-32]],[[28085,56704],[16,-67],[-6,-27],[-31,6],[-2,80],[23,8]],[[30187,58657],[-15,-52],[-35,-29],[-47,-14],[-79,-54],[-3,-46],[9,-75],[22,-94],[25,-64],[32,-38],[-32,-14],[15,-34],[6,-69],[12,-38],[20,-29],[-9,-48],[-5,-106],[-42,-64],[-33,-117],[-23,-29],[-17,-92],[-23,-59],[10,-42],[25,-57],[9,-90],[66,-82],[-8,-136],[20,-33],[47,-8],[67,50],[15,25],[19,63],[22,14],[5,29],[-10,111],[7,19],[7,99],[-9,56],[-25,65],[-12,6],[-17,98],[-27,39],[-30,117],[2,46],[-17,25],[-1,119],[24,25],[6,62],[-10,41],[46,7],[33,27],[85,94],[51,30],[47,3],[63,59],[30,11],[15,50],[25,-12],[-4,46],[29,-1],[37,-54],[18,32],[-12,94],[-16,28],[-22,-20],[-31,-6],[-41,-26],[-12,14],[7,62],[-25,79],[25,138],[22,10],[30,40],[26,-22],[25,-84],[7,-121],[30,-152],[22,-42],[34,24],[34,-9],[30,24],[24,-11],[34,-36],[55,0],[40,-53],[18,-8],[47,-81],[19,-16],[43,-159],[-19,-56],[12,-85],[12,-46],[32,-52],[34,0],[18,-13],[106,36],[108,16],[44,32],[35,-1],[96,13],[58,-12],[22,21],[36,-27],[1,-59],[41,-69],[21,-52],[8,12],[80,-71],[34,-21],[80,-30],[24,-29],[33,29],[42,-7],[18,12],[9,38],[24,44],[39,-5],[42,72],[0,15],[54,51],[32,-19],[24,8],[34,-7],[38,18],[-46,44],[-33,15],[-52,-5],[-26,-30],[-14,57],[7,17],[39,-17],[17,16],[43,-10],[19,12],[8,36],[17,-28],[63,-20],[18,21],[63,10],[19,27],[15,-13],[29,7],[30,-11],[52,33],[157,-42],[47,28],[6,-48],[-35,-12],[-42,4],[-27,-62],[-91,21],[-54,-20],[8,-72],[26,-16],[17,-49],[0,-46],[20,10],[24,-27],[30,-150],[33,-110],[13,63],[-4,55],[17,47],[47,-36],[42,-77],[24,4],[55,-28],[2,52],[30,-40],[10,9],[28,-61],[29,-46],[29,-34],[21,5],[26,-25],[-3,-21],[30,-26],[22,-68],[-10,-38],[-27,-20],[-18,-41],[-7,-68],[-25,-51],[-8,-84],[-15,-45],[-8,-73],[-19,-12],[-20,12],[-48,-7],[6,-36],[19,-32],[23,0],[18,-47],[29,55],[52,11],[2,34],[82,19],[24,-31],[40,-9],[25,58],[48,-7],[49,-38]],[[33051,56791],[-7,-52],[-64,-3],[12,33],[22,-16],[14,34],[23,4]],[[33077,57032],[20,-33],[-23,-50],[-23,-2],[26,85]],[[31881,58141],[-5,-40],[-46,23],[29,30],[22,-13]],[[32264,58246],[15,-78],[-29,-67],[-40,-9],[-37,57],[-13,-16],[-52,16],[11,55],[48,14],[4,-31],[37,-25],[18,69],[25,33],[13,-18]],[[32947,56774],[21,-5],[3,-32],[-36,-1],[12,38]],[[33126,56854],[35,-47],[-52,-3],[17,50]],[[33069,56917],[25,24],[34,-2],[14,-45],[-23,-27],[-21,-60],[-69,-2],[-23,-17],[3,55],[30,57],[30,17]],[[32593,57803],[-13,3],[-23,44],[5,26],[31,-73]],[[89159,50335],[19,6],[64,-30],[18,-34],[66,-54],[62,-61],[29,-38],[27,6],[19,-36],[31,-35],[59,-37],[30,-30],[146,-92],[27,4],[32,-17],[66,-24],[17,-16],[22,-56],[32,-33],[24,-11],[10,-34],[25,-24],[14,-41],[58,-26],[42,23],[44,-11],[10,-38],[0,-49],[15,-22],[35,-11],[38,-42],[3,-42],[17,-10],[31,-88],[36,-28],[35,9],[11,-9],[96,-217],[24,-27],[9,-27],[-7,-62],[7,-56],[-7,-100],[-10,-29],[-6,-76],[9,-32],[55,2],[28,-15],[63,-48],[49,-9],[54,-86],[37,-28],[6,-24],[34,-2],[6,-28],[24,-28],[56,-15],[13,20],[44,-18],[48,-83],[29,-96],[28,-36],[11,-81],[-3,-124],[-22,-15],[-49,-6],[-10,-15],[-35,12],[-24,-8],[-43,5],[-18,16],[-43,-17],[-10,-55],[4,-69],[29,-57],[3,-53],[20,-39],[5,-102],[19,-55],[35,-17],[37,-58],[7,-41],[19,-9],[7,-65],[21,3],[12,-70],[42,-3],[25,-28],[9,-40],[32,0],[27,-144],[7,-78],[0,-74],[56,-55],[13,-47],[3,-78],[18,-86],[17,-30],[38,-11],[37,30],[49,9],[49,22],[20,-15],[-3,-54],[-16,-55],[-5,-50],[-13,-40],[12,-68],[30,-17],[34,-45],[45,-15],[31,13],[44,-24],[34,-1],[12,-42],[-27,-24],[-63,-31],[-2,-22],[60,-124],[31,-7],[21,-17],[19,6],[29,-49],[44,-10],[36,-28],[28,-46],[-20,-11],[-60,26],[-15,-38],[84,-64],[12,-46],[-39,-37],[-18,-1],[-20,-34],[-27,11],[-30,-22],[-15,31],[-25,4],[-16,44],[-4,73],[-15,-2],[-53,59],[-49,0],[-31,-8],[-26,43],[-11,-19],[-48,38],[-24,5],[-25,-24],[-30,22],[-37,5],[-9,48],[-18,-24],[-28,9],[-38,-16],[-48,55],[-59,-11],[-11,-24],[-27,65],[-33,-4],[-39,41],[-29,63],[-7,64],[-50,132],[-21,1],[-51,44],[-24,105],[-14,10],[-6,46],[6,33],[-38,39],[-42,19],[-19,48],[5,68],[-7,32],[-32,90],[-21,28],[-23,73],[-16,100],[-29,35],[-4,58],[-29,29],[-32,4],[-23,20],[-8,46],[-14,-19],[-30,16],[-41,-7],[-16,8],[-24,40],[-24,2],[-37,23],[-29,1],[-12,24],[-21,-4],[-3,44],[-27,14],[-20,37],[-19,-23],[-21,29],[-34,-3],[5,-82],[-23,6],[-3,33],[-32,-23],[-7,-40],[-81,58],[-46,64],[23,-79],[4,-50],[28,-95],[-16,-32],[-37,-7],[-32,34],[-28,-29],[22,-89],[-10,-32],[-71,-3],[-99,-51],[-39,27],[-20,-24],[36,-47],[46,-24],[19,-19],[36,-61],[38,-109],[2,-104],[-25,-35],[-40,-11],[-33,-29],[-31,-50],[-58,-57],[-22,-30],[-21,4],[-31,48],[-41,21],[-26,25],[-15,-11],[-49,-5],[-35,-19],[-24,12],[-41,-18],[-35,10],[-24,37],[-31,-1],[-22,-35],[-32,-3],[-39,64]],[[92711,45160],[-4,-15],[-39,0],[-48,19],[-12,43],[-33,29],[-23,53],[19,5],[42,-32],[38,-44],[41,-21],[19,-37]],[[92855,45297],[6,-22],[-57,-25],[-19,40],[17,23],[35,6],[18,-22]],[[92446,45709],[8,-33],[-23,-10],[-19,27],[34,16]],[[91993,46100],[19,18],[15,-26],[-9,-62],[-16,-64],[-15,23],[-55,24],[-21,116],[9,42],[19,-42],[18,-18],[-4,-29],[26,-33],[14,51]],[[91888,46274],[-40,-4],[-30,20],[-34,118],[2,31],[20,16],[26,-23],[21,-35],[24,22],[36,-70],[11,-75],[-24,-26],[-12,26]],[[91768,46435],[-9,-57],[-46,20],[-17,43],[9,66],[20,24],[34,-44],[9,-52]],[[92498,46568],[-28,-63],[-23,-2],[-32,66],[-28,41],[1,46],[54,-9],[15,-32],[29,-20],[12,-27]],[[91975,46783],[-19,20],[22,87],[-35,37],[13,43],[22,10],[-4,-51],[8,-44],[-7,-102]],[[89890,46858],[0,-30],[-54,54],[-39,73],[56,-32],[37,-65]],[[89827,46980],[-2,31],[56,-1],[10,-51],[-22,-13],[-42,34]],[[91124,48604],[8,-30],[-3,-51],[-12,-55],[-13,28],[-23,13],[-35,92],[4,67],[18,5],[17,-32],[39,-37]],[[93314,48008],[9,-50],[-16,-5],[-8,-38],[-18,12],[-27,-53],[-54,20],[-45,54],[-48,110],[10,31],[3,79],[-15,41],[-28,17],[-28,40],[-6,36],[-20,31],[-36,74],[-2,65],[-14,39],[12,101],[8,19],[-10,76],[45,-68],[48,-4],[8,-45],[26,-78],[3,-51],[21,-17],[35,-70],[13,-76],[14,-30],[14,6],[45,-58],[12,-37],[16,-12],[28,-88],[5,-71]],[[90891,48798],[9,-50],[-4,-31],[-28,-19],[-33,62],[2,53],[33,30],[21,-45]],[[92979,48831],[-11,-124],[-16,-18],[-16,97],[3,86],[-12,22],[23,51],[15,-19],[3,-62],[11,-33]],[[90554,49221],[14,-29],[-1,-67],[-29,-34],[-18,42],[9,56],[25,32]],[[92337,49330],[-14,-73],[13,-122],[-7,-62],[-27,-83],[-16,-27],[-27,-9],[-40,15],[-6,-19],[5,-91],[37,-73],[8,-46],[-14,-49],[-36,-46],[-51,-29],[-13,29],[-72,3],[-10,-23],[6,-66],[-16,-30],[-15,-56],[-23,-23],[-18,-40],[-33,-25],[-8,-25],[-24,5],[-26,-19],[-14,23],[-9,-61],[-58,-34],[-34,-55],[-53,-12],[-31,21],[-17,-25],[-13,26],[-40,-22],[-51,4],[-27,-6],[-46,113],[-45,25],[-31,-20],[-14,-29],[-36,67],[-44,28],[-22,61],[-27,14],[-15,24],[-20,-17],[-12,21],[-34,15],[-17,74],[5,65],[25,51],[35,-55],[26,34],[26,-7],[25,-23],[40,39],[62,-57],[6,-20],[46,7],[63,42],[21,-5],[8,-27],[22,36],[20,-12],[20,20],[10,32],[-17,51],[27,58],[-3,41],[8,82],[34,8],[7,-47],[-18,-12],[-15,-33],[5,-50],[-6,-43],[23,-111],[46,-15],[32,60],[25,3],[22,-20],[12,-41],[23,13],[26,53],[18,-29],[29,30],[12,29],[3,76],[14,55],[47,98],[37,45],[29,-16],[12,15],[22,-28],[13,18],[10,66],[-9,31],[1,69],[-11,49],[-5,63],[-16,32],[-13,96],[10,30],[51,-24],[26,3],[18,-53],[22,-15],[20,43],[28,30],[12,-53],[23,-20],[43,-8]],[[92402,50039],[-5,-61],[-25,51],[9,53],[21,-4],[0,-39]],[[92225,50216],[-27,-21],[-1,80],[27,-23],[1,-36]],[[92537,49374],[0,-62],[-23,-44],[6,-86],[-11,-19],[-15,-71],[-30,-17],[-39,80],[-17,114],[9,93],[-5,73],[-47,178],[-12,12],[-32,80],[0,24],[-20,48],[-32,46],[-52,18],[-49,56],[-54,112],[-39,28],[-12,37],[-47,59],[-47,68],[-49,39],[-22,-8],[-11,29],[27,31],[36,-14],[11,-26],[30,-23],[13,-49],[35,-5],[26,-18],[69,-91],[13,-34],[27,-37],[26,-4],[36,-28],[46,-121],[40,-50],[17,-65],[19,8],[19,-65],[4,-36],[56,-46],[13,15],[13,-69],[24,-4],[31,-110],[19,-46]],[[91795,50374],[-4,-72],[-24,-14],[-49,1],[-23,37],[-4,28],[-27,58],[20,29],[39,24],[67,-63],[5,-28]],[[90953,50690],[-1,-44],[-41,-12],[-18,-59],[-24,12],[-17,-14],[-32,-4],[-42,14],[-43,0],[-31,-19],[-5,37],[27,18],[-10,50],[20,32],[35,-9],[25,19],[67,-9],[10,-24],[25,4],[52,-28],[3,36]],[[91592,50984],[14,-50],[-9,-19],[-24,10],[-35,64],[9,61],[15,1],[27,-41],[3,-26]],[[59690,68816],[-42,-106],[-2,-61],[-15,-53],[3,-68],[-11,-13],[-3,-113],[-18,-83],[-16,-51],[-29,-132],[13,-81],[-8,-50],[1,-56],[-30,-71],[-23,-38],[-44,4],[-26,49],[-62,79],[-25,79],[-11,14],[-19,64],[-36,40],[-18,47],[-39,70],[-10,61],[9,51],[-13,32],[-1,57],[-9,66],[-52,98],[-20,23],[-18,67],[-1,32],[-21,24],[-8,72],[-9,11],[3,77],[-35,137],[-27,-33],[7,-35],[-28,-69],[-15,-77],[14,-43],[47,-74],[10,-27],[19,-150],[-10,-67],[15,-54],[39,-76],[14,-97],[37,-52],[11,-51],[23,-65],[59,-116],[48,-73],[18,-63],[-15,-57],[-1,-66],[11,-57],[21,-24],[16,-89],[37,-47],[4,-80],[46,-157],[-16,-18],[-1,-94],[20,-24],[25,-107],[20,-64],[45,-180],[58,-160],[24,-90],[13,-81],[17,-44],[18,-81],[51,-176],[2,-43],[18,-38],[13,-70],[35,-140],[43,-67],[11,-56],[18,-45],[26,-19],[5,-33],[31,-14],[-9,-48],[-48,38],[-8,-34],[-2,-69],[9,-24],[-5,-149],[14,-50],[9,-114],[13,-42],[21,-119],[17,-6],[8,-51],[28,-56],[27,-25],[59,-24],[22,-34],[10,-58],[32,-38],[4,-40],[34,-34],[42,-74],[12,5],[21,-47],[17,-17],[-3,-41]],[[59467,64500],[-251,0]],[[56986,70064],[11,-72],[59,-16],[117,64],[39,1],[110,-54],[109,-26],[31,-23],[28,7],[42,-34],[56,-5],[18,-65],[26,-32],[51,-19],[56,31],[10,-69],[21,-12],[50,0],[46,-19],[24,15],[114,-78],[3,-21],[56,-51],[53,7],[79,68],[73,95],[20,19],[56,96],[27,-27],[8,-33],[28,23],[26,145],[37,-28],[69,-31],[16,23],[30,-13],[25,16],[10,39],[21,12],[-3,39],[34,-16],[84,-75],[20,-3],[42,21],[25,26],[10,-67],[-23,-38],[11,-40],[29,-50],[27,1],[7,-63],[53,16],[10,17],[5,83],[25,-31],[33,-69],[25,-27],[36,-13],[43,32],[23,-4],[17,43],[19,16],[25,-73],[55,30],[32,8],[41,-6],[57,26],[54,38],[42,49]],[[64747,61417],[-30,-8],[-37,-41],[-70,-46],[-49,-61],[-36,-62],[-21,-66],[2,-20],[-19,-75],[19,-79],[1,-133],[-50,-26],[-102,-96],[-7,-41],[-29,-6],[-51,-53],[-83,-46],[-60,-23],[-53,-30],[-30,-6],[-34,-30],[-20,-36],[-50,-52],[-38,-14],[-28,12],[-101,-59],[-33,-37],[-24,-13],[-51,-59],[-31,-24],[-14,-40],[-7,-64],[-32,-43],[-9,-48],[-32,-57],[-16,-14],[-32,1],[-32,-20],[-31,3],[-42,-27],[-13,35],[-35,15],[-27,-20],[-14,-35],[-56,-42],[-64,-121],[-10,-13],[-65,-40],[-71,-30],[-24,-33],[-34,-27],[-20,6],[-30,-16],[-58,1],[-22,13],[-34,-17],[-47,-4],[-77,-33],[-47,-85],[-26,-72],[-58,-33],[-47,-99],[-22,-4],[-21,-59],[-23,23],[-16,-17],[-10,35],[-23,10],[-19,-13],[-30,-60],[-40,-31],[-27,-12],[-11,21],[-25,-25],[-32,-8],[-11,27],[-63,52],[-26,9],[-17,-35],[-18,2],[3,88],[-14,35],[-12,67],[-36,109],[-6,41],[6,38],[1,102],[9,31],[-1,81],[-13,89],[-20,45],[-19,75],[-5,64],[-23,146],[10,51],[-24,145],[-2,92],[-14,34],[-6,74],[-53,59],[7,42],[29,-38],[1,57],[-9,84],[-15,46],[-6,85],[15,57],[19,33],[6,102],[-15,184]],[[65130,59057],[-7,-34],[-55,-30],[-30,-47],[-47,-5],[-54,-22],[-29,1],[-27,16],[-19,47],[-48,58],[16,26],[2,55],[28,32],[43,-4],[30,-49],[24,-13],[8,28],[37,0],[31,31],[13,-20],[53,-36],[31,-34]],[[61877,59933],[12,-30],[-10,-37],[-18,23],[16,44]],[[61843,60728],[-6,-79],[-19,-8],[3,57],[22,30]],[[45404,60937],[5,97],[-4,167],[20,130],[3,87],[32,172],[18,57],[29,127],[26,163],[8,70],[7,169],[-12,302],[-18,83],[-9,124],[-11,80],[-21,85],[-24,53],[-30,28],[3,64],[29,20],[21,65],[-28,26],[42,126],[-18,74],[24,64],[-13,59],[17,46],[-11,43],[-16,23],[-27,138],[-24,61],[-20,-57],[-32,54],[-22,114],[-16,40],[-36,123],[-23,-69],[3,-57],[-14,-95]],[[45450,63244],[3,-54],[-18,-69],[-9,48],[24,75]],[[52723,52408],[-14,62],[-22,-1],[-25,-36],[-22,55],[-28,-18],[-12,23],[13,79],[23,82],[20,44],[16,66],[-1,31],[26,53],[24,80],[2,43],[-11,63],[10,147]],[[52478,53993],[10,-62],[-27,-76],[-24,-112],[-22,-63],[-35,13],[-33,25],[-8,38],[14,71],[25,-4],[16,57],[2,54],[21,65],[61,-6]],[[45346,59357],[-9,14],[-3,84],[-9,60],[42,90],[17,-10],[7,-80],[12,-28],[36,-20],[44,40],[-73,19],[1,53],[-10,20],[-2,59]],[[81730,64823],[30,-63],[-17,-32],[0,-69],[-27,13],[-19,42],[-25,-9],[-30,14],[23,65],[24,24]],[[81623,64616],[1,35],[45,31],[2,-27],[-48,-39]],[[59355,72009],[-56,14],[0,21],[-22,60],[-23,-21],[-35,16],[-26,-11],[-67,-53],[-40,59]],[[59086,72094],[43,-14],[17,44],[-2,95],[41,-23],[20,2],[80,-19],[64,18],[35,33],[14,-4],[56,35],[40,48],[39,18],[72,60],[-2,-27],[-61,-70],[-60,-61],[-22,-53],[-24,-1],[-18,-45],[-2,-46],[31,-58]],[[59447,72026],[-29,4]],[[59080,72096],[6,-2]],[[59447,72026],[3,-3]],[[59051,72089],[4,4],[11,4],[6,0]],[[59170,71779],[4,-38],[-24,0],[-8,51],[-42,-2]],[[35630,4571],[269,60],[57,-20],[605,60],[263,-16],[105,-44],[215,48],[63,-100],[-10,-81],[-166,-104],[47,-57],[129,-29],[148,16],[273,84],[146,-6],[183,105],[57,55],[-30,38],[18,85],[335,161],[62,121],[179,106],[200,32],[155,73],[301,100],[315,-72],[69,-43],[110,10],[45,45],[217,31],[87,77],[141,53],[-40,46],[523,0],[401,104],[424,-25],[-215,104],[376,7],[46,63],[544,18],[408,13],[38,17],[539,9],[52,38],[323,16],[38,33],[-270,55],[-145,4],[2,62],[-132,-38],[-550,37],[-550,37],[-551,37],[6,15],[309,163],[-144,10],[-109,26],[141,61],[-98,43],[-88,-22],[-613,-97],[-388,61],[-12,35],[-553,130],[-45,56],[-8,82],[50,126],[69,105],[120,34],[32,105],[42,72],[72,12],[109,-18],[-27,61],[14,68],[108,94],[96,28],[71,62],[166,33],[47,37],[126,36],[106,-25],[56,11],[61,100],[279,73],[150,124],[137,34],[34,45],[188,83],[289,73],[62,0],[72,32],[98,1],[53,45],[46,-2],[94,57],[95,36],[450,89],[32,13],[262,11],[45,19],[127,8],[97,27],[63,-36],[109,20],[141,-19],[126,73],[4,28],[85,33],[176,-45],[146,1],[65,16],[5,45],[93,-23],[41,38],[-30,49],[-72,47],[47,51],[44,8],[3,54],[112,66],[37,67],[55,26],[-46,80],[95,31],[3,105],[44,38],[238,17],[186,-41],[49,-30],[155,40],[-35,24],[5,56],[53,52],[79,29],[129,129],[-65,8],[-28,31],[-275,-92],[-136,6],[-5,60],[79,10],[-5,39],[-157,21],[-30,46],[16,95],[29,32],[129,63],[-1,63],[30,31],[91,36],[101,19],[82,1],[104,-45],[115,-7],[56,84],[-91,91],[0,68],[158,-46],[37,-31],[94,24],[78,59],[11,27],[113,54],[249,67],[56,27],[4,81],[26,38],[-1,51],[61,30],[24,106],[27,49],[-28,22],[-161,-8],[-127,44],[-52,32],[-44,74],[-14,58],[48,53],[92,25],[75,-91],[66,-3],[83,-73],[64,-20],[67,33],[-35,79],[36,53],[138,67],[31,36],[-29,31],[-92,26],[8,34],[90,28],[36,-19],[1,-68],[29,-17],[106,-4],[96,-49],[33,-53],[-42,-52],[3,-28],[76,-3],[29,-30],[4,-54],[34,-77],[51,-17],[37,60],[133,-27],[46,9],[15,36],[-49,45],[3,51],[54,54],[1,106],[-91,103],[-19,57],[29,27],[101,23],[58,-3],[185,-77],[18,63],[66,62],[84,16],[94,-31],[30,-62],[-47,-114],[-79,-40],[-15,-71],[-57,-45],[36,-33],[92,15],[63,-7],[111,13],[165,-8],[59,12],[59,-27],[129,-10],[1,-40],[102,19],[1,57],[96,-21],[29,54],[65,-12],[46,-46],[69,-11],[29,-54],[110,38],[69,-25],[51,32],[-2,48],[49,37],[51,-26],[39,-44],[-9,-72],[-30,-70],[98,-40],[36,-35],[135,152],[60,81],[57,17],[30,34],[108,47],[144,35],[9,15],[129,59],[158,52],[154,3],[71,22],[68,3],[65,28],[116,11],[37,29],[74,7],[106,45],[162,-4],[127,14],[142,28],[62,-13],[61,44],[30,-14],[128,13],[24,30],[-60,78],[-4,77],[114,23],[23,-17],[-23,-84],[26,-77],[82,-12],[61,7],[95,37],[14,37],[89,-4],[3,30],[-78,53],[54,73],[90,-9],[100,-140],[59,-61],[207,-105],[175,-58],[139,-26],[63,62],[2,74],[65,101],[115,29],[29,32],[50,13],[-22,44],[-127,22],[-11,33],[81,-1],[65,15],[39,-26],[51,-90],[154,-58],[65,1],[119,36],[75,-27],[33,18],[177,-22],[81,-23],[5,48],[33,60],[154,36],[37,-34],[-15,-108],[-26,-46],[102,8],[25,-23],[71,9],[148,-17],[95,-28],[66,1],[47,22],[-52,74],[1,29],[130,49],[44,39],[59,-19],[40,-95],[-36,-40],[-42,-91],[-28,-22],[4,-59],[55,-71],[45,-31],[77,-18],[46,30],[105,-22],[81,5],[123,38],[44,-8],[55,34],[-12,85],[14,50],[71,92],[41,84],[52,20],[134,-115],[82,-60],[-27,-40],[-174,-16],[48,-26],[95,-7],[-12,-37],[111,-6],[60,-33],[106,10],[89,149],[30,85],[99,-3],[84,-72],[13,-47],[-46,-38],[8,-34],[65,-61],[115,-57],[81,-21],[127,-5],[107,-30],[46,20],[49,-14],[134,62],[97,-38],[-22,54],[120,89],[229,28],[89,57],[69,13],[118,101],[84,18],[26,31],[166,26],[83,-4],[55,34],[95,-13],[92,21],[65,31],[201,55],[49,22],[30,39],[-4,92],[38,65],[8,88],[-21,101],[-63,58],[-47,72],[-9,108],[17,43],[77,60],[105,48],[277,-5],[42,-28],[2,-46],[-78,-27],[-32,-54],[-57,-62],[42,-39],[122,-6],[63,38],[70,-44],[100,-87],[-26,-95],[27,-70],[-34,-52],[45,-37],[129,40],[110,12],[12,-32],[62,24],[106,12],[9,-38],[53,-50],[9,-52],[65,28],[11,60],[59,-15],[13,40],[69,2],[15,-45],[55,24],[57,-45],[-29,-49],[159,-177],[63,-10],[38,19],[-73,67],[-3,39],[108,55],[-15,74],[20,33],[79,12],[26,50],[35,7],[36,112],[-36,45],[28,20],[-1,57],[-29,65],[9,53],[33,84],[113,16],[57,44],[116,10],[35,65],[147,71],[122,38],[85,17],[69,-1],[3,77],[31,46],[56,35],[151,40],[29,-14],[74,7],[63,45],[137,6],[29,-26],[64,22],[-59,61],[28,44],[71,30],[44,-9],[72,29],[54,-28],[73,50],[102,3],[43,-52],[15,74],[-33,32],[-20,64],[13,66],[55,34],[58,-8],[57,14],[37,-51],[78,-10],[37,-23],[-144,-56],[17,-18],[96,-16],[-17,-49],[102,-5],[-18,-29],[-73,-19],[49,-29],[109,80],[81,-2],[62,-58],[-61,-75],[17,-67],[42,-10],[64,83],[29,113],[-33,47],[-9,61],[18,25],[151,43],[43,51],[6,61],[-85,18],[-87,-40],[-79,22],[-26,35],[2,61],[63,45],[131,30],[44,38],[31,-37],[5,-41],[-38,-25],[28,-27],[49,13],[85,-3],[28,-45],[-31,-65],[42,-4],[17,35],[57,26],[107,-56],[86,32],[9,24],[-124,41],[-15,50],[42,64],[51,17],[-41,34],[-91,-4],[-27,105],[37,111],[60,52],[143,28],[43,24],[40,-5],[35,59],[82,48],[124,37],[174,6],[120,36],[34,-2],[93,33],[77,-25],[63,7],[262,-31],[119,-56],[93,-113],[120,-132],[38,38],[81,-10],[111,-73],[19,-29],[-9,-79],[-63,-6],[-109,28],[-35,-3],[-80,57],[-55,-43],[97,-35],[9,-63],[63,-9],[24,-30],[-29,-25],[-113,5],[48,-44],[-44,-42],[-98,-50],[-34,-54],[117,39],[-19,-88],[34,7],[36,60],[61,71],[34,20],[80,17],[86,-23],[79,52],[74,-22],[86,-68],[80,2],[8,-27],[65,22],[50,-5],[48,-41],[-15,-43],[-54,-17],[72,-51],[2,-46],[57,14],[68,-23],[40,8],[7,67],[115,-6],[39,13],[107,-11],[65,-39],[87,-21],[30,-51],[93,31],[141,-13],[59,-15],[80,-41],[43,10],[95,63],[149,17],[86,-13],[129,-37],[82,-36],[334,-48],[223,-32],[112,19],[59,-30],[203,-21],[85,-27],[111,5],[92,23],[34,50],[34,17],[56,-5],[36,-73],[-23,-89],[9,-59],[50,-94],[48,-50],[36,-70],[-62,-50],[-64,1],[-11,-90],[-95,-56],[29,-30],[131,7],[-54,-65],[-100,-36],[23,-31],[95,-39],[10,-45],[-16,-46],[-43,-15],[-58,18],[-36,-26],[-67,33],[-64,-46],[44,-38],[-42,-21],[-4,-34],[87,-4],[86,-34],[-28,-41],[-71,-9],[48,-48],[-5,-51],[-73,-68],[-79,-19],[-94,111],[-41,-8],[-59,-44],[-12,-45],[-72,-7],[-35,-70],[-4,-42],[-67,-25],[1,-30],[125,18],[-6,-29],[116,-75],[87,30],[56,-38],[44,77],[111,14],[28,-56],[-10,-153],[-51,-105],[-6,-50],[-55,-79],[-62,-41],[23,-31],[-92,-31],[-4,-30],[-67,-32],[-69,-100],[14,-73],[-121,-133],[16,-56],[-48,-78],[-6,-122],[-27,-57],[-60,-267],[-38,-41],[-85,-35],[-58,-54],[11,-42],[265,-58],[172,90],[44,112],[-44,72],[-11,67],[34,50],[81,67],[45,19],[71,-11],[81,42],[131,-6],[43,74],[54,29],[-16,37],[39,62],[162,19],[55,59],[-11,65],[120,59],[-12,59],[93,-7],[35,17],[-99,68],[20,60],[-14,30],[98,69],[-60,20],[56,127],[85,67],[-34,41],[20,33],[110,36],[42,-13],[37,75],[109,65],[-25,70],[-42,67],[38,73],[129,51],[5,70],[62,45],[65,-47],[50,67],[53,19],[40,-12],[27,-42],[-12,-58],[54,-11],[56,45],[36,-32],[48,20],[68,0],[61,-40],[124,92],[-36,90],[19,56],[109,60],[108,32],[62,8],[48,80],[148,19],[86,28],[30,75],[10,104],[44,35],[57,4],[89,31],[-38,48],[-19,65],[26,79],[52,59],[107,66],[174,63],[31,4],[241,85],[39,-5],[278,111],[51,16],[84,-18],[62,58],[54,2],[27,-21],[94,33],[71,-46],[51,37],[-62,28],[-4,68],[46,16],[39,49],[105,30],[41,22],[46,58],[152,27],[57,-48],[125,-16],[73,29],[52,56],[136,7],[39,-21],[61,30],[53,46],[238,93],[47,-1],[27,-47],[58,8],[85,32],[155,-12],[48,-21],[49,1],[44,30],[77,10],[79,-29],[47,45],[167,98],[65,-16],[162,59],[71,-13],[43,-43],[108,-22],[59,34],[59,-8],[122,3],[36,-93],[37,34],[31,-26],[37,33],[82,30],[33,45],[103,39],[72,-18],[40,-29],[11,-49],[77,-21],[87,12],[51,49],[20,-23],[56,17],[56,-18],[101,61],[73,0],[66,-71],[74,-15],[28,53],[38,11],[75,57],[78,-1],[13,-21],[-23,-68],[37,-3],[80,60],[26,-27],[-81,-52],[53,-81],[144,70],[12,46],[59,-6],[68,53],[49,5],[103,54],[97,8],[70,67],[19,52],[53,54],[-45,31],[46,49],[97,-13],[181,9],[49,35],[56,17],[164,-39],[71,-42],[97,13],[141,-47],[43,-40],[81,-7],[176,-68],[224,-69],[82,-19],[47,-24],[97,-4],[88,-38],[96,-14],[29,-101],[70,59],[45,-76],[77,-28],[41,-73],[31,-20],[88,47],[65,-27],[62,7],[3,25],[63,13],[10,32],[60,19],[43,40],[53,22],[59,-40],[14,59],[-15,54],[20,73],[-65,55],[62,87],[59,60],[192,70],[64,-1],[255,62],[122,35],[28,-44],[131,-61],[33,-42],[53,-32],[89,-92],[-24,-55],[45,-48],[-45,-54],[98,17],[122,1],[16,-24],[119,-42],[51,-113],[-51,-76],[-59,-48],[-63,-29],[-110,-10],[-46,-26],[-56,-3],[-102,-40],[-34,-53],[-11,-46],[-61,-58],[16,-21],[91,13],[177,77],[39,-13],[112,23],[34,62],[53,-3],[76,25],[46,-11],[45,17],[35,40],[29,-28],[39,15],[83,78],[40,23],[-24,-101],[38,-13],[84,23],[81,-5],[40,-31],[51,49],[126,21],[-32,-58],[115,-18],[71,11],[63,25],[50,-6],[95,46],[81,19],[108,46],[-3,-45],[-447,-154],[23,-42],[58,-34],[76,30],[41,-3],[136,42],[157,34],[117,58],[33,-6],[102,31],[30,-2],[94,44],[24,57],[85,41],[53,8],[198,57],[102,-12],[60,59],[79,36],[68,-4],[42,-67],[59,-26],[146,56],[72,139],[82,16],[54,49],[54,-32],[6,-45],[51,-8],[28,37],[43,-31],[83,-4],[-37,-82],[28,-57],[-39,-38],[7,-51],[73,22],[26,-24],[-17,-48],[93,-28],[27,-51],[73,7],[39,21],[66,-1],[10,-35],[114,-36],[45,16],[23,53],[69,-49],[53,6],[19,54],[45,23],[-14,51],[53,74],[-29,19],[17,59],[50,57],[3,45],[43,43],[37,10],[26,40],[66,-11],[52,31],[56,54],[39,-21],[146,-16],[101,-18],[81,15],[27,22],[92,16],[35,-20],[61,-3],[82,54],[106,8],[81,-13],[32,-45],[97,-55],[25,-50],[-66,-80],[86,5],[89,75],[122,20],[0,33],[33,34],[12,66],[41,-6],[44,-96],[54,-1],[88,20],[54,-71],[44,-16],[35,-35],[27,62],[58,12],[219,-26],[80,-66],[34,-6],[22,-59],[43,39],[99,-21],[144,1],[118,-36],[113,-59],[121,4],[135,-24],[71,-52],[88,45],[112,-12],[61,-43],[19,-42],[58,-45],[96,4],[49,33],[131,67],[78,-20],[35,-35],[-6,-88],[83,12],[45,41],[54,-8],[42,-58],[-41,-68],[-23,-63],[-30,-35],[-34,24],[-30,-50],[27,-76],[-27,-56],[-51,-44],[-19,-53],[11,-50],[39,-1],[37,29],[26,-40],[61,93],[50,27],[82,16],[82,110],[57,8],[11,-63],[27,-60],[30,15],[13,63],[87,3],[40,-21],[10,-37],[-33,-36],[43,-49],[40,47],[36,-28],[-42,-65],[90,-26],[26,-23],[-68,-82],[66,2],[48,50],[28,-37],[-59,-53],[-39,-55],[68,-7],[21,-44],[62,-9],[102,30],[71,-29],[153,-38],[71,40],[39,-29],[73,28],[45,-26],[37,38],[110,-59],[36,36],[129,-9],[76,17],[56,34],[44,0],[23,-32],[-4,-96],[-31,-83],[56,-88],[19,22],[91,-49],[13,126],[86,18],[65,-40],[68,22],[128,-53],[48,-49],[60,-2],[43,63],[53,-14],[69,19],[-14,69],[-26,55],[45,30],[-37,26],[-6,85],[35,16],[245,-147],[15,-54],[-89,-2],[38,-58],[71,-1],[47,-98],[82,3],[29,-87],[63,-52],[33,19],[-60,51],[14,38],[82,-21],[27,-68],[33,1],[69,-59],[84,18],[66,-11],[69,16],[65,-111],[40,-4],[-1,67],[31,29],[57,-11],[45,24],[76,-30],[50,-59],[97,7],[40,-39],[28,-62],[68,33],[63,-38],[67,-2],[85,-81],[76,-88],[-8,-38],[-59,-15],[-92,1],[33,-60],[66,12],[144,-46],[97,-111],[56,-98],[36,-137],[38,-21],[-36,-57],[-4,-43],[30,-26],[66,20],[34,-32],[59,2],[28,-68],[70,-40],[24,45],[-58,102],[-50,15],[12,88],[-24,122],[27,86],[139,26],[32,-17],[59,-117],[139,-87],[59,-7],[67,14],[-1,-74],[41,-10],[50,85],[-43,51],[54,35],[177,-48],[121,8],[171,-72],[47,39],[76,19],[98,-20],[32,-33],[-106,-19],[4,-33],[263,4],[79,-18],[36,-41],[-1,-47],[-97,-3],[-94,-27],[32,-25],[71,20],[102,-6],[62,-54],[-95,-43],[0,-26],[206,39],[53,-17],[19,-49],[141,-60],[55,-64],[90,-17],[79,-78],[43,-8],[37,72],[-39,111],[17,30],[113,-206],[34,-25],[37,-92],[-48,-52],[-54,7],[-68,79],[-54,-75],[32,-11],[-66,-127],[-65,-42],[58,-27],[-35,-61],[50,-3],[66,44],[16,-65],[-24,-95],[-29,-8],[-81,38],[-36,0],[-94,49],[-73,-11],[-117,73],[-31,-16],[-77,7],[153,-116],[120,-1],[28,-45],[77,-6],[70,-40],[-96,-131],[-8,-74],[-93,-24],[8,-66],[-75,-9],[-63,107],[-100,61],[-27,-11],[30,-65],[-19,-36],[-82,28],[-72,-20],[-169,-1],[-32,14],[-31,61],[-92,29],[-18,-32],[60,-21],[-17,-32],[46,-58],[294,-79],[-157,-20],[-16,-48],[-64,-21],[-12,-30],[-116,-9],[-206,9],[-8,-24],[99,-37],[26,-31],[-42,-51],[-57,-11],[-74,21],[-6,-68],[-108,12],[-8,173],[-56,105],[-131,50],[-6,-54],[81,-12],[18,-26],[3,-100],[-53,-72],[66,-62],[-22,-24],[-78,3],[0,-54],[54,-1],[30,-57],[-10,-51],[52,-23],[30,-81],[37,-43],[-13,-47],[-181,-16],[-75,41],[-147,-70],[-33,10],[0,76],[-38,25],[-18,52],[-80,-61],[25,-54],[-72,-92],[-117,-28],[-2,-58],[-36,-19],[25,-41],[67,-20],[-35,-53],[-32,-92],[-78,-17],[-65,6],[-70,41],[-84,-56],[-138,-1],[-94,-63],[80,-18],[44,25],[307,-2],[32,-81],[-29,-63],[84,-61],[110,-45],[-54,-91],[9,-54],[-112,-23],[-61,-32],[14,-46],[88,17],[81,-14],[-10,-66],[41,-46],[-55,-64],[-73,-51],[92,-6],[49,-34],[-9,-77],[-76,10],[-44,-110],[167,-2],[55,-81],[31,-10],[94,-126],[23,-76],[-82,-24],[59,-26],[-44,-61],[97,14],[93,-49],[-74,-12],[-27,-33],[173,3],[9,-77],[-37,-57],[-144,-77],[90,-3],[90,-53],[157,37],[17,51],[72,80],[47,-11],[-1,-52],[-68,-37],[97,-35],[28,-92],[216,-50],[121,3],[60,-57],[-41,-61],[-145,-3],[-127,84],[-179,1],[-38,-24],[-250,1],[-155,-76],[-224,-4],[-37,-80],[-120,-6],[-6,36],[-92,40],[-101,86],[31,51],[-102,4],[-40,-36],[44,-125],[65,-25],[10,-41],[76,-91],[-80,-1],[-158,73],[-22,-61],[-120,6],[4,-34],[-90,-41],[20,-77],[75,-22],[-5,-45],[-82,-60],[-94,-33],[-56,-47],[246,6],[-188,-70],[-82,-4],[-74,-55],[125,-27],[99,35],[145,-55],[148,6],[-723,-180],[-13,-38],[-146,-47],[105,-41],[601,56],[-38,-96],[-143,-25],[-61,-34],[106,-17],[166,40],[95,-22],[-53,-64],[-236,-13],[-114,-27],[237,-23],[76,-27],[9,-45],[-100,-8],[77,-52],[-19,-35],[45,-64],[-219,38],[75,-70],[292,-57],[5,-38],[-128,-34],[408,-81],[39,-37],[-64,-25],[198,-44],[-71,-24],[100,-71],[109,-30],[67,-81],[-889,-110],[61,-45],[683,10],[-10,33],[387,50],[154,-31],[92,-58],[-52,-65],[204,-27],[333,-94],[33,-121],[87,-17],[106,55],[131,-22],[77,-85],[-29,-26],[-282,-37],[253,-81],[201,34],[200,-39],[33,-45],[270,22],[106,-32],[-68,-31],[175,-38],[-13,-39],[252,12],[239,-71],[-109,-38],[187,-14],[281,29],[195,-75],[516,-56],[287,-72],[219,-8],[179,-90],[0,0],[0,-93],[0,-287],[0,-288],[0,-287],[0,-287],[0,-287],[0,-287],[0,-287],[0,-288],[0,-287],[0,-287],[0,-287],[-139,0],[-138,0],[-139,0],[-139,0],[-138,0],[-139,0],[-139,0],[-139,0],[-138,0],[-139,0],[-139,0],[-138,0],[-139,0],[-139,0],[-138,0],[-139,0],[-139,0],[-139,0],[-138,0],[-139,0],[-139,0],[-138,0],[-139,0],[-139,0],[-138,0],[-139,0],[-139,0],[-138,0],[-139,0],[-139,0],[-139,0],[-138,0],[-139,0],[-139,0],[-138,0],[-139,0],[-139,0],[-138,0],[-139,0],[-139,0],[-138,0],[-139,0],[-139,0],[-139,0],[-138,0],[-139,0],[-139,0],[-138,0],[-139,0],[-139,0],[-138,0],[-139,0],[-139,0],[-139,0],[-138,0],[-139,0],[-139,0],[-138,0],[-139,0],[-139,0],[-138,0],[-139,0],[-139,0],[-138,0],[-139,0],[-139,0],[-139,0],[-138,0],[-139,0],[-139,0],[-138,0],[-139,0],[-139,0],[-138,0],[-139,0],[-139,0],[-139,0],[-138,0],[-139,0],[-139,0],[-138,0],[-139,0],[-139,0],[-138,0],[-139,0],[-139,0],[-138,0],[-139,0],[-139,0],[-139,0],[-138,0],[-139,0],[-139,0],[-138,0],[-139,0],[-139,0],[-138,0],[-139,0],[-139,0],[-138,0],[-139,0],[-139,0],[-139,0],[-138,0],[-139,0],[-139,0],[-138,0],[-139,0],[-139,0],[-138,0],[-139,0],[-139,0],[-139,0],[-138,0],[-139,0],[-139,0],[-138,0],[-139,0],[-139,0],[-138,0],[-139,0],[-139,0],[-138,0],[-139,0],[-139,0],[-139,0],[-138,0],[-139,0],[-139,0],[-138,0],[-139,0],[-139,0],[-138,0],[-139,0],[-139,0],[-139,0],[-138,0],[-139,0],[-139,0],[-138,0],[-139,0],[-139,0],[-138,0],[-139,0],[-139,0],[-138,0],[-139,0],[-139,0],[-139,0],[-138,0],[-139,0],[-139,0],[-138,0],[-139,0],[-139,0],[-138,0],[-139,0],[-139,0],[-138,0],[-139,0],[-139,0],[-139,0],[-138,0],[-139,0],[-139,0],[-138,0],[-139,0],[-139,0],[-138,0],[-139,0],[-139,0],[-139,0],[-138,0],[-139,0],[-139,0],[-138,0],[-139,0],[-139,0],[-138,0],[-139,0],[-139,0],[-138,0],[-139,0],[-139,0],[-139,0],[-138,0],[-139,0],[-139,0],[-138,0],[-139,0],[-139,0],[-138,0],[-139,0],[-139,0],[-138,0],[-139,0],[-139,0],[-139,0],[-138,0],[-139,0],[-139,0],[-138,0],[-139,0],[-139,0],[-138,0],[-139,0],[-139,0],[-139,0],[-138,0],[-139,0],[-139,0],[-138,0],[-139,0],[-139,0],[-138,0],[-139,0],[-139,0],[-138,0],[-139,0],[-139,0],[-139,0],[-138,0],[-139,0],[-139,0],[-138,0],[-139,0],[-139,0],[-138,0],[-139,0],[-139,0],[-139,0],[-138,0],[-139,0],[-139,0],[-138,0],[-139,0],[-139,0],[-3,0],[-135,0],[-139,0],[-139,0],[-138,0],[-139,0],[-139,0],[-139,0],[-138,0],[-139,0],[-139,0],[-138,0],[-139,0],[-139,0],[-138,0],[-139,0],[-139,0],[-138,0],[-139,0],[-139,0],[-139,0],[-138,0],[-139,0],[-139,0],[-138,0],[-139,0],[-139,0],[-138,0],[-139,0],[-139,0],[-139,0],[-138,0],[-139,0],[-139,0],[-138,0],[-139,0],[-139,0],[-138,0],[-139,0],[-139,0],[-138,0],[-139,0],[-139,0],[-139,0],[-138,0],[-139,0],[-139,0],[-138,0],[-139,0],[-139,0],[-138,0],[-139,0],[-139,0],[-139,0],[-138,0],[-139,0],[-139,0],[-138,0],[-139,0],[-139,0],[-138,0],[-139,0],[-139,0],[-138,0],[-139,0],[-139,0],[-139,0],[-138,0],[-139,0],[-139,0],[-138,0],[-139,0],[-139,0],[-138,0],[-139,0],[-139,0],[-138,0],[-139,0],[-139,0],[-139,0],[-138,0],[-139,0],[-139,0],[-138,0],[-139,0],[-139,0],[-138,0],[-139,0],[-139,0],[-139,0],[-138,0],[-139,0],[-139,0],[-138,0],[-139,0],[-139,0],[-138,0],[-139,0],[-139,0],[-138,0],[-139,0],[-139,0],[-139,0],[-138,0],[-139,0],[-139,0],[-138,0],[-139,0],[-139,0],[-138,0],[-139,0],[-139,0],[-139,0],[-138,0],[-139,0],[-139,0],[-138,0],[-139,0],[-139,0],[-138,0],[-139,0],[-139,0],[-138,0],[-139,0],[-139,0],[-139,0],[-138,0],[-139,0],[-139,0],[-138,0],[-139,0],[-139,0],[-138,0],[-139,0],[-139,0],[-138,0],[-139,0],[-139,0],[-139,0],[-138,0],[-139,0],[-139,0],[-138,0],[-139,0],[-139,0],[-138,0],[-139,0],[-139,0],[-139,0],[-138,0],[-139,0],[-139,0],[-138,0],[-139,0],[-139,0],[-138,0],[-139,0],[-139,0],[-138,0],[-139,0],[-139,0],[-139,0],[-138,0],[-139,0],[-139,0],[-138,0],[-139,0],[-139,0],[-138,0],[-139,0],[-139,0],[-139,0],[-138,0],[-139,0],[-139,0],[-138,0],[-139,0],[-139,0],[-138,0],[-139,0],[-139,0],[-138,0],[-139,0],[-139,0],[-139,0],[-138,0],[-139,0],[-139,0],[-138,0],[-139,0],[-139,0],[-138,0],[-139,0],[-139,0],[-138,0],[-139,0],[-139,0],[-139,0],[-138,0],[-139,0],[-139,0],[-138,0],[-139,0],[-139,0],[-138,0],[-139,0],[-139,0],[-139,0],[-138,0],[-139,0],[-139,0],[-138,0],[-139,0],[-139,0],[-138,0],[-139,0],[-139,0],[-138,0],[-139,0],[-139,0],[-139,0],[-138,0],[-139,0],[-139,0],[-138,0],[-139,0],[-139,0],[-138,0],[-122,0],[-17,0],[-139,0],[-139,0],[-138,0],[-139,0],[-139,0],[-138,0],[-139,0],[-139,0],[-138,0],[-139,0],[-139,0],[-138,0],[-139,0],[-139,0],[-139,0],[-138,0],[-139,0],[-139,0],[-138,0],[-139,0],[-139,0],[-138,0],[-139,0],[-139,0],[-138,0],[-139,0],[-139,0],[-139,0],[-138,0],[-139,0],[-139,0],[-138,0],[-139,0],[-139,0],[-138,0],[-139,0],[-139,0],[-139,0],[-138,0],[-139,0],[-139,0],[-138,0],[-139,0],[-139,0],[-138,0],[-139,0],[-139,0],[-138,0],[-139,0],[-139,0],[-139,0],[-138,0],[-139,0],[-139,0],[-138,0],[-139,0],[-139,0],[-138,0],[-139,0],[-139,0],[-139,0],[-138,0],[-139,0],[-139,0],[-138,0],[-139,0],[-139,0],[-138,0],[-139,0],[-139,0],[-138,0],[-139,0],[-139,0],[-139,0],[-138,0],[-139,0],[-139,0],[-138,0],[-139,0],[-139,0],[-138,0],[-139,0],[-139,0],[-138,0],[-139,0],[-139,0],[-139,0],[-138,0],[-139,0],[-139,0],[-138,0],[-139,0],[-139,0],[-138,0],[-139,0],[-139,0],[-139,0],[-138,0],[-139,0],[-139,0],[-138,0],[-139,0],[-139,0],[-138,0],[-139,0],[-139,0],[-138,0],[-139,0],[-139,0],[-139,0],[-138,0],[-139,0],[-139,0],[-138,0],[-139,0],[-139,0],[-138,0],[-139,0],[-139,0],[-138,0],[-139,0],[-139,0],[-139,0],[-138,0],[-139,0],[-139,0],[-138,0],[-139,0],[-139,0],[-138,0],[-139,0],[-139,0],[-139,0],[-138,0],[-139,0],[-139,0],[-138,0],[-139,0],[-139,0],[-138,0],[-139,0],[-139,0],[-138,0],[-139,0],[-139,0],[-139,0],[-138,0],[-139,0],[-139,0],[-138,0],[-139,0],[-139,0],[-138,0],[-139,0],[-139,0],[-139,0],[-138,0],[-139,0],[-139,0],[-138,0],[-139,0],[-139,0],[-138,0],[-139,0],[-139,0],[-138,0],[-139,0],[-139,0],[-139,0],[-138,0],[-139,0],[-139,0],[-138,0],[-139,0],[-139,0],[-138,0],[-139,0],[-139,0],[-138,0],[-139,0],[-139,0],[-139,0],[-138,0],[-139,0],[-139,0],[-138,0],[-139,0],[-139,0],[-138,0],[-139,0],[-139,0],[-139,0],[-138,0],[-139,0],[-139,0],[-138,0],[-139,0],[-139,0],[-138,0],[-139,0],[-139,0],[-138,0],[-139,0],[-139,0],[-139,0],[-138,0],[-139,0],[-139,0],[-138,0],[-139,0],[-139,0],[-138,0],[-139,0],[-139,0],[-139,0],[-138,0],[-139,0],[-139,0],[-138,0],[-139,0],[-139,0],[-138,0],[-139,0],[-139,0],[-138,0],[-139,0],[-139,0],[-139,0],[-138,0],[-139,0],[-139,0],[-138,0],[-139,0],[-139,0],[-138,0],[-139,0],[-139,0],[-138,0],[-139,0],[-139,0],[-139,0],[-138,0],[-139,0],[-139,0],[-138,0],[-139,0],[-139,0],[-138,0],[-139,0],[-139,0],[-139,0],[-138,0],[-139,0],[-139,0],[-138,0],[-139,0],[0,287],[0,287],[0,287],[0,288],[0,287],[0,287],[0,287],[0,287],[0,287],[0,288],[0,287],[0,93],[9,-1],[464,27],[165,-63],[166,20],[307,-60],[209,-6],[19,48],[825,-58],[1099,-77],[65,-76],[308,-23],[795,-32],[333,-4],[553,-56],[696,-71],[53,-35],[598,-33],[140,55],[-398,69],[-179,71],[498,-12],[41,44],[-762,22],[38,13],[-1040,83],[-520,42],[-64,40],[121,29],[-409,6],[-77,32],[669,0],[-321,41],[-9,39],[-268,50],[40,47],[363,4],[-81,64],[-396,99],[-180,-30],[-329,4],[-223,33],[-161,86],[14,43],[-236,70],[-910,199],[-366,85],[-86,60],[19,32],[302,-92],[186,26],[307,-48],[125,-58],[66,-82],[273,-27],[458,-7],[22,28],[188,5],[624,-2],[64,-28],[-36,-52],[102,-96],[122,-11],[3,75],[360,43],[28,-44],[167,-73],[583,26],[163,-38],[106,7],[28,44],[402,39],[177,92],[-30,14],[-400,22],[-9,29],[807,41],[26,52],[101,45],[21,43],[699,147],[-98,100],[-367,143],[29,31],[-192,61],[125,82],[145,18],[11,58],[-172,75],[-163,42],[-572,79],[-2,55],[171,62],[544,29],[545,29],[544,29],[817,44],[1,42],[-129,23],[-88,36],[-293,15],[123,74],[-135,13],[-45,24],[-158,-1],[-52,57],[126,20],[-178,72],[132,48],[-65,64],[426,-32],[105,61],[-17,79],[132,-2],[27,60],[-293,58],[-26,32],[-376,41],[-24,14],[-408,111],[-114,45],[122,54],[-72,34],[-92,-37],[-39,36],[-104,-15],[-525,60],[-23,24],[-410,190],[8,40],[114,21],[10,36],[367,23],[122,38],[43,81],[-72,65],[-48,1],[-57,-58],[-96,-13],[-37,30],[-304,3],[-237,-31],[-42,33],[-275,128],[-82,63],[87,131],[57,47],[-46,24],[40,49],[-51,76],[41,52],[-38,43],[26,34],[82,9],[234,-169],[171,52],[-96,40],[62,45],[74,27],[127,4],[108,-63],[162,37],[40,-28],[96,0],[85,-35],[157,-23],[60,-49],[-39,-34],[58,-28],[187,-32],[25,105],[98,-32],[172,-24],[26,-53],[116,-29],[152,-70],[57,-53],[76,-25],[203,34],[-96,62],[26,23],[150,-57],[79,19],[-36,53],[290,70],[-351,71],[-8,36],[51,80],[98,17],[185,-90],[41,-84],[130,55],[-9,31],[104,3],[137,-138],[103,-14],[67,24],[105,-1],[-124,84],[-31,45],[111,2],[81,18],[-184,89],[-63,4],[-43,39],[217,-37],[-15,80],[-61,-2],[-37,52],[116,18],[-2,35],[-160,16],[-21,27],[-120,75],[-129,58],[-266,-9],[-115,-34],[-330,44],[-5,53],[49,26],[125,-5],[137,42],[-42,22],[28,43],[109,17],[287,-84],[254,-110],[68,4],[80,-28],[101,18],[-51,68],[-103,33],[-164,99],[80,99],[72,18],[214,-14],[80,38],[84,-1],[119,23],[-41,93],[255,60],[198,-14],[46,25],[13,50],[93,-17],[75,-34],[93,-142],[170,3],[21,45],[-111,49],[2,61],[114,-22],[151,57],[33,53],[164,111],[462,24],[45,26],[74,-16],[106,-53],[49,14],[159,-13],[-8,41],[-140,40],[-2,121],[25,45],[64,-5],[95,33],[145,-27],[0,40],[57,56],[43,12],[229,-48],[-19,-53],[200,-111],[152,54],[33,-3],[113,41],[59,-33],[135,36],[88,-10],[62,-38],[150,17],[289,-55],[219,50],[132,2],[66,34],[234,25],[107,23],[85,2],[96,-38],[133,-11],[104,33],[223,-6],[31,-12],[128,17],[87,-60],[163,16],[96,-8],[79,18],[176,7],[55,-13],[326,21],[188,46],[71,-13],[212,48],[74,-2],[61,53],[-136,4],[45,57],[237,53],[78,-15],[-38,-36],[88,-59],[89,-25],[55,7],[125,-14],[64,27],[115,8],[111,-19],[114,9],[111,25],[-23,71],[-41,53],[-15,93],[108,97],[64,4],[82,32],[72,-29],[-66,-94],[82,32],[78,-2],[48,-43],[5,-43],[-128,-36],[55,-34],[-29,-21],[-4,-69],[160,29],[-23,-45],[-94,-62],[-114,-23],[-74,-31],[138,-28],[-39,-89],[-84,-68],[46,-38],[88,53],[96,16],[146,44],[53,-15],[43,30],[90,-9],[48,31],[148,4],[-104,106],[-3,38],[64,74],[-53,62],[0,50],[66,31],[116,-13],[136,-71],[20,46],[62,-18],[55,-58],[41,-101],[-61,-68],[7,-67],[-105,-27],[-95,-92],[-67,-18],[-75,-50],[13,-51],[287,2],[76,-27],[99,15],[35,39],[441,-64],[66,-39],[267,8],[105,-36],[22,32],[203,38],[15,18],[145,22],[12,33],[73,10],[79,-31],[125,23],[80,-18],[143,39],[195,-26],[144,0],[88,27],[55,-37],[-26,-91],[34,-25],[107,-13],[10,-35],[134,23],[54,24],[83,-20],[85,32],[111,15],[116,-21],[103,18],[59,52],[-87,-4],[-43,29],[-134,36],[16,86],[-156,24],[-61,-12],[-116,30],[44,29],[78,-4],[45,44],[-53,31],[16,66],[66,37],[-87,37],[-131,-6],[-91,-38],[-130,27],[-4,85],[29,28],[-37,110],[-41,67],[-87,1],[-45,23],[-92,15],[-94,-3],[-53,46],[37,62],[-55,43],[27,51],[272,-29],[31,-15],[115,-3],[62,-59],[147,-7],[49,32],[164,-4],[271,84],[-165,23],[-5,34],[-63,23],[-11,49],[-375,20],[-160,-4],[-45,18],[-207,-15],[-75,13],[-76,75],[-39,11],[7,88],[-47,90],[37,53],[71,29],[198,-18],[65,-19],[-26,-71],[-102,-39],[133,-9],[32,-44],[157,24],[24,13],[151,8],[108,-51],[146,40],[47,-12],[546,-5],[-73,-83],[61,-14],[95,40],[73,-35],[189,-66],[176,-18],[43,50],[137,20],[53,-20],[118,5],[67,-50],[111,25],[102,60],[152,-11],[62,29],[72,-13],[163,-11],[31,-40],[50,5],[152,-32],[10,-20],[151,32],[91,75],[128,5],[58,22],[71,-2],[1,40],[53,45],[-6,112],[-69,51],[3,24],[312,-45],[32,-75],[-83,-43],[-13,-69],[-72,-47],[41,-27],[34,-56],[81,31],[64,-25],[76,34],[40,-4],[109,-63],[46,-42],[135,26],[26,43],[82,9],[51,41],[58,-1],[38,-112],[56,-14],[66,-52],[177,-47],[149,11],[49,-6],[-36,-61],[70,-50],[50,39],[144,-15],[241,-101],[53,40],[46,-6],[132,56],[33,93],[-59,51],[4,119],[45,19],[94,-13],[116,-87],[12,40],[-24,90],[-59,60],[12,63],[64,14],[202,-51],[251,-188],[-35,-125],[186,15],[186,51],[88,-24],[93,29],[51,-51],[-152,-152],[62,-34],[67,46],[140,-17],[105,54],[101,11],[74,50],[100,-12],[68,-54],[70,37],[85,-26],[182,87],[67,10],[38,60],[155,-10],[76,42],[227,20],[100,50],[50,6],[164,-21],[104,43],[161,22],[117,44],[69,9],[56,42],[146,50],[29,34],[91,20],[-7,38],[87,101],[20,95],[48,45],[13,65],[51,84],[-15,78],[-106,109],[11,25],[-78,59],[-55,108],[45,140],[-11,57],[24,57],[-64,79],[-17,53],[6,79],[-46,66],[-28,115],[-67,44],[-43,77],[-39,28],[-1,78],[28,21],[7,114],[-58,56],[-14,36],[-56,53],[47,28],[101,-6],[-7,60],[101,-49],[40,3],[78,-37],[30,-42],[46,134],[68,6],[46,50],[-31,31],[54,29],[-33,62],[-109,12],[-51,45],[20,41],[102,5],[16,21],[-15,77],[-38,33],[-4,39],[49,7],[8,64],[-54,20],[13,31],[95,-20],[39,38],[-18,33],[-71,-19],[-46,60],[-44,86],[110,29],[21,68],[-61,34],[55,79],[52,35],[-100,43],[-134,-46],[-52,38],[35,72],[-6,54],[20,47],[-16,25],[27,53],[59,3],[88,49],[-7,-84],[15,-38],[-26,-62],[46,-20],[34,68],[67,-67],[-1,64],[-44,92],[48,111],[-31,20],[11,104],[61,26],[64,-20],[73,-55],[43,36],[-33,25],[34,134],[-14,32],[14,61],[-18,38],[61,15],[83,-28],[27,13],[-67,74],[20,37],[58,-3],[37,20],[64,-64],[29,3],[24,54],[-55,57],[6,51],[77,-33],[17,53],[-40,49],[93,5],[128,57],[-38,36],[-67,19],[21,34],[-35,59],[8,42],[71,95],[206,-79],[26,24],[-67,92],[46,34],[47,-14],[44,62],[40,-48],[52,17],[-74,57],[44,26],[-16,44],[29,36],[32,-63],[-4,-27],[63,-20],[48,54],[15,67],[54,7],[19,-53],[45,23],[-32,31],[6,68],[45,29],[86,6],[-6,28],[46,22],[13,49],[-11,31],[23,63],[97,35],[62,41],[98,-18],[12,56],[117,-17],[40,49],[-7,40],[45,23],[26,-20],[54,39],[6,64],[213,55],[48,36],[22,39],[165,57],[50,-15],[19,-61],[30,-42],[-17,-23],[60,-60],[-89,-51],[-22,32],[13,54],[-88,34],[-11,-70],[-56,8],[-18,-60],[-48,-16],[-43,12],[-60,-52],[-57,-90],[-33,-20],[-32,-50],[5,-38],[-29,-70],[-60,17],[-15,-39],[89,-15],[-46,-56],[48,-45],[-15,-49],[-49,17],[0,40],[-79,-6],[-39,71],[-41,-4],[-27,-31],[29,-98],[-59,-3],[4,76],[-56,28],[-23,-55],[-54,-22],[-34,-62],[-78,-39],[-27,-66],[-34,-30],[-54,-85],[-40,6],[-52,-31],[-44,46],[-52,3],[-3,-69],[51,-40],[-20,-48],[-56,0],[-29,28],[-74,-64],[31,-52],[-2,-39],[37,-18],[1,-41],[-34,-19],[4,-55],[-76,-59],[-9,-69],[30,-8],[4,-46],[63,-59],[86,-16],[38,67],[66,-37],[26,100],[64,-70],[-1,64],[41,7],[82,-16],[4,-33],[-38,-69],[-39,41],[-46,-16],[-5,-34],[41,-32],[-27,-80],[-54,13],[6,47],[-29,37],[-68,17],[-2,-60],[-64,19],[14,-67],[-10,-90],[-26,5],[-23,78],[-25,34],[8,35],[-74,20],[-124,-31],[-26,-51],[58,-56],[11,-37],[-49,-19],[-4,-40],[51,-8],[-4,-72],[-36,0],[-35,31],[-32,108],[-72,72],[-19,65],[-47,-10],[-48,34],[-50,-10],[5,-60],[43,-43],[-73,-17],[-19,-45],[32,-50],[-36,-11],[-45,-46],[43,-10],[51,-48],[9,-42],[-31,-33],[-79,-6],[-39,47],[-31,-37],[-51,22],[-20,59],[-42,-43],[20,-47],[-42,-5],[-32,-56],[32,-79],[-43,-39],[60,-14],[12,-26],[-85,-31],[-34,17],[-42,-39],[-31,54],[-49,-36],[32,-54],[-24,-53],[69,-60],[-59,-36],[-3,-53],[-31,-44],[81,-71],[-111,-47],[6,-41],[113,15],[35,-14],[66,43],[65,-11],[-13,-32],[-56,-35],[-45,5],[-88,-53],[25,-45],[92,10],[24,-23],[-101,-89],[48,-38],[97,-35],[40,11],[24,-47],[63,-19],[62,9],[16,31],[-19,48],[5,50],[62,33],[160,42],[127,-3],[-9,-43],[-60,22],[-58,-8],[-38,-44],[-76,-14],[-30,-61],[10,-23],[123,-33],[44,-37],[-122,-70],[-44,11],[-16,-38],[67,-21],[85,-4],[-32,-62],[73,-2],[58,-125],[46,18],[40,-24],[26,-60],[45,-12],[4,-96],[-41,-105],[57,-28],[0,-41],[88,-53],[39,-77],[-51,-32],[-58,27],[-49,-50],[16,-63],[64,-14],[16,-63],[43,28],[145,-2],[17,-34],[-91,-33],[16,-30],[-106,-70],[0,-74],[59,1],[66,45],[82,-31],[-21,-84],[111,-82],[-29,-106],[-25,-27],[-165,-68],[0,-42],[-96,-39],[142,-10],[122,87],[48,-46],[-9,-24],[58,-57],[-79,-22],[-10,-42],[-113,9],[-109,-25],[-153,-12],[12,-24],[79,-28],[-66,-51],[27,-21],[145,49],[85,-9],[39,-39],[47,48],[128,5],[-9,-46],[-70,-22],[77,-56],[6,-100],[-51,-20],[-150,-1],[41,-99],[49,-37],[85,28],[59,-17],[8,-62],[-36,-87],[74,-63],[30,10],[39,84],[44,-4],[13,-57],[-38,-87],[18,-54],[-33,-35],[-99,-1],[-52,45],[-18,-97],[-129,41],[-57,67],[-175,58],[-18,-16],[69,-74],[69,-54],[-88,-7],[-9,-25],[57,-29],[73,-11],[181,-57],[-29,-40],[47,-40],[-49,-106],[-33,-37],[-56,4],[-44,44],[-111,-15],[122,-91],[82,-22],[-52,-61],[-45,-23],[-72,34],[-62,-50],[110,-30],[59,0],[117,48],[57,-5],[-8,-40],[-83,-56],[-25,-57],[-132,-14],[-45,22],[-174,28],[90,-80],[63,-72],[-25,-75],[-72,-57],[-93,-27],[-35,27],[1,102],[-24,41],[-58,-1],[-65,30],[-49,-39],[40,-39],[24,-60],[-33,-16],[-109,28],[-19,-42],[-105,-20],[34,-33],[154,16],[84,-80],[-73,-17],[-57,10],[-212,-47],[-45,-44],[29,-28],[158,24],[188,-16],[-21,-33],[-514,-218],[-70,-2],[-32,-30],[-233,-96],[-524,-79],[24,-42],[-405,-70],[-36,3],[-160,-66],[56,-48],[-39,-31],[29,-61],[-88,10],[-123,-33],[-259,-16],[-194,42],[-132,10],[-50,-11],[-243,22],[-41,-24],[-313,74],[-34,-21],[-156,-11],[-68,42],[-100,13],[-119,-45],[-53,25],[-109,3],[-4,-100],[94,-56],[89,-85],[40,-62],[69,-48],[42,-56],[111,-43],[110,-118],[124,60],[655,-80],[-23,-71],[-87,-90],[-141,-97],[-179,-60],[-233,-36],[-30,27],[-686,123],[-27,-10],[-378,59],[-77,-19],[-224,46],[-119,42],[-29,-37],[-110,-36],[-127,-6],[648,-178],[519,-143],[14,-118],[-109,-64],[-706,-64],[-585,217],[-23,3],[-331,261],[-5,-83],[29,-40],[79,-44],[79,-73],[-183,59],[-57,-54],[46,-81],[130,-122],[93,-49],[92,-6],[2,-44],[232,-70],[81,-58],[96,-21],[-59,-55],[56,-99],[174,-62],[25,51],[-40,43],[32,90],[541,-15],[542,-16],[129,-71],[40,-49],[-49,-122],[-148,-119],[-219,-43],[-630,18],[12,-22],[354,-74],[131,0],[65,-18],[386,57],[45,-115],[67,-15],[82,-55],[43,-80],[-80,-55],[144,-77],[-148,-27],[47,-42],[113,16],[86,-32],[100,49],[120,17],[355,-95],[59,98],[354,78],[44,35],[192,-31],[10,-96],[101,-40],[16,-48],[223,-31],[137,40],[164,-52],[-78,-34],[380,-99],[508,-133],[162,-13],[604,-13],[63,-24],[-5,-54],[-326,-13],[-99,15],[-345,-3],[-198,-9],[19,-42],[242,-8],[354,10],[-28,-53],[-618,-9],[28,-47],[-100,-130],[41,-39],[119,-18],[115,-64],[152,16],[190,43],[179,5],[201,22],[111,-18],[379,73],[56,-32],[-170,-74],[-177,-34],[-66,-32],[-222,-35],[75,-114],[117,-76],[47,-71],[265,-1],[-17,-83],[-162,-111],[172,-65],[155,-25],[159,23],[112,-19],[437,260],[55,57],[378,153],[114,93],[206,14],[118,92],[427,100],[162,-20],[253,56]],[[96572,6838],[-46,-58],[-57,-15],[-96,18],[-60,-32],[-115,-19],[-61,25],[-31,91],[90,-2],[135,-57],[154,88],[71,17],[16,-56]],[[95500,8818],[84,-27],[-19,-41],[-56,-15],[-41,62],[32,21]],[[95788,13051],[20,-38],[-10,-64],[-32,-31],[-36,47],[18,59],[40,27]],[[95358,13339],[-38,15],[-20,58],[49,-2],[9,-71]],[[33531,5638],[-81,-1],[-50,-71],[-28,-149],[54,-30],[-43,-57],[-150,-98],[-81,-26],[-520,55],[-121,52],[-51,105],[-180,-8],[-94,-27],[-43,-56],[-671,195],[-29,48],[63,58],[110,12],[-13,-65],[86,-43],[515,7],[643,8],[146,55],[-81,18],[-81,110],[158,38],[-63,59],[96,5],[26,39],[173,28],[162,-7],[-18,-66],[30,-93],[136,-95]],[[31625,5973],[-34,-53],[71,-31],[125,-22],[15,-87],[-198,-71],[-47,16],[-7,57],[-154,22],[11,75],[-210,89],[-40,33],[254,8],[47,-29],[167,-7]],[[41071,5954],[-98,-7],[11,71],[65,18],[80,-25],[-58,-57]],[[31046,6170],[60,35],[112,8],[154,-28],[-125,-79],[70,-37],[-58,-25],[-257,20],[-31,38],[275,46],[-94,25],[-106,-3]],[[40578,6155],[-43,-28],[-737,36],[18,44],[227,31],[95,45],[411,-103],[29,-25]],[[31462,6657],[-89,-31],[-95,-98],[-430,-249],[-97,-69],[-140,-145],[59,-29],[-17,-49],[-193,-53],[-306,25],[-103,100],[17,89],[100,129],[223,124],[211,49],[110,65],[474,154],[42,28],[163,37],[107,-32],[-36,-45]],[[35411,5644],[34,9],[515,315],[78,59],[4,53],[-59,75],[-70,18],[63,88],[29,114],[46,56],[-60,12],[45,51],[18,75],[257,226],[57,92],[514,155],[358,-26],[394,-129],[194,-119],[28,-69],[-68,-135],[-332,-34],[-59,-72],[42,-19],[411,11],[77,-89],[9,-75],[78,-54],[-56,-35],[105,-110],[10,-53],[-22,-188],[-74,-80],[-160,-5],[106,-56],[-15,-61],[-662,-108],[-528,-86],[-529,-86],[-22,-60],[-674,-28],[-538,-22],[-69,79],[9,94],[59,27],[104,97],[92,116],[261,-23]],[[44342,8970],[-45,-45],[-77,16],[-43,136],[-45,55],[-49,22],[-115,10],[-50,27],[155,22],[91,76],[23,96],[31,33],[71,15],[17,-100],[-24,-34],[-4,-79],[-26,-64],[74,-119],[16,-67]],[[29476,9721],[101,-5],[-42,-43],[-4,-40],[-57,-53],[-70,24],[27,56],[50,26],[-5,35]],[[20920,9735],[43,-45],[-60,-25],[-80,45],[-33,78],[61,31],[69,-84]],[[25030,9857],[89,13],[67,-38],[-41,-27],[-30,-55],[-152,-14],[-57,62],[34,25],[58,-19],[32,53]],[[29209,9867],[95,-8],[54,-23],[25,-40],[-46,-65],[-34,-86],[-12,-77],[53,-43],[-16,-50],[-49,-38],[-356,154],[-43,36],[-26,72],[24,43],[50,21],[93,-38],[87,62],[-81,10],[-72,53],[129,45],[125,-28]],[[23958,9855],[-31,-23],[-74,32],[40,31],[65,-40]],[[24749,9894],[45,-25],[-6,-67],[-43,-70],[-80,-53],[-89,1],[21,138],[32,32],[-54,66],[-44,99],[83,35],[96,4],[63,-35],[16,-54],[-40,-71]],[[23752,10066],[26,-49],[-30,-15],[-193,-26],[1,52],[108,31],[63,37],[25,-30]],[[45503,10026],[24,-55],[-54,-12],[-41,25],[-20,84],[62,19],[29,-61]],[[46483,10332],[47,-62],[-70,-10],[-63,74],[44,32],[42,-34]],[[23472,10185],[-4,-50],[-67,-21],[-74,1],[22,-63],[-31,-22],[-153,14],[-92,-12],[-90,42],[-94,-28],[-273,-9],[13,62],[-239,-19],[-20,21],[78,49],[-161,1],[-122,59],[-390,48],[-32,15],[-67,-18],[-91,39],[5,62],[52,26],[459,54],[54,31],[59,-10],[23,-29],[-22,-46],[77,-39],[42,59],[54,-3],[112,-81],[101,-8],[-42,55],[-88,47],[4,29],[73,63],[82,3],[152,-60],[-36,-50],[-49,-16],[17,-40],[105,-42],[6,106],[117,-31],[-51,-56],[17,-43],[62,-10],[40,65],[32,108],[35,24],[52,-15],[104,15],[82,-46],[-38,-63],[-61,11],[-5,-43],[-50,-16],[-106,-62],[77,-29],[79,41],[201,51],[59,-27],[-38,-31],[-111,-30],[80,-43],[70,10]],[[33186,10913],[-100,19],[-7,44],[91,10],[16,-73]],[[29191,10929],[-339,-66],[-59,9],[-34,30],[-21,60],[44,45],[76,29],[253,35],[44,49],[3,48],[58,1],[41,-55],[57,-28],[-4,91],[65,-8],[59,34],[42,-13],[94,-84],[-20,-34],[-217,-115],[-142,-28]],[[33212,11175],[-30,-43],[-87,-22],[-35,51],[8,48],[107,17],[37,-51]],[[49047,11208],[-18,33],[65,87],[75,29],[43,-1],[39,-35],[3,-75],[-41,-29],[-166,-9]],[[30080,11271],[-29,77],[138,-2],[-24,-45],[-55,-42],[-30,12]],[[33026,11539],[-39,-13],[-45,25],[10,40],[50,3],[24,-55]],[[29032,11441],[-58,12],[-39,56],[15,54],[49,33],[103,14],[-19,30],[94,41],[49,-11],[19,-39],[86,-77],[-65,-31],[17,-47],[-16,-28],[-65,-35],[-170,28]],[[29765,11757],[-38,41],[41,51],[48,6],[73,-29],[72,-91],[-18,-64],[-158,49],[-20,37]],[[32845,11833],[-45,-48],[12,-32],[-23,-67],[-45,12],[-22,52],[0,52],[-75,107],[-30,76],[55,24],[52,-22],[92,-100],[29,-54]],[[30150,10004],[-264,-26],[-22,49],[-86,-3],[-86,70],[4,52],[116,64],[170,-27],[54,-17],[322,-28],[38,28],[108,43],[-76,77],[-77,-22],[-86,-46],[-90,-17],[-51,5],[-31,35],[-109,34],[12,23],[257,40],[88,34],[14,49],[-44,34],[-52,-21],[-116,24],[-85,-33],[-11,55],[-141,109],[-56,-68],[-42,-13],[-6,-61],[-41,-35],[-49,-3],[-130,52],[-104,-16],[105,-86],[-140,-92],[-60,16],[-49,60],[-117,-14],[-150,82],[-12,70],[62,28],[-63,47],[78,72],[66,10],[67,-56],[71,-24],[-9,138],[83,26],[75,-42],[27,-31],[82,-49],[34,33],[-68,47],[-24,51],[73,30],[180,-52],[53,24],[105,-5],[-35,48],[-161,34],[-64,50],[17,23],[77,23],[109,-1],[196,-54],[40,13],[65,65],[79,35],[86,-21],[85,31],[56,-25],[55,-90],[48,-4],[12,62],[-44,95],[-125,35],[-83,-8],[-83,38],[-46,6],[-28,44],[74,95],[1,28],[245,78],[117,-52],[7,39],[-123,64],[-33,4],[0,57],[-67,-18],[-85,24],[-45,-52],[-105,22],[-23,29],[-82,30],[-60,63],[18,68],[-18,80],[47,36],[1,46],[34,64],[-20,25],[-98,67],[-28,36],[-7,102],[43,58],[169,55],[109,0],[39,26],[131,16],[82,-60],[3,-141],[20,-32],[-15,-57],[104,-15],[62,-138],[45,-40],[-4,-104],[13,-67],[71,-137],[86,-120],[37,-106],[33,-36],[47,-146],[1,-132],[16,-41],[3,-99],[-13,-55],[31,-98],[-25,-159],[-64,-8],[39,-92],[-20,-94],[-71,2],[-68,-44],[4,-32],[-67,-16],[-22,-96],[-236,-53],[-126,-19],[-94,44],[-17,-34],[-149,12]],[[31957,12865],[4,36],[104,-12],[-40,-31],[-68,7]],[[31309,12826],[-29,-29],[-71,2],[-33,63],[75,45],[87,-6],[17,-25],[-46,-50]],[[31283,13302],[-51,21],[44,75],[46,-54],[-39,-42]],[[30803,12886],[-13,86],[25,51],[63,69],[36,91],[92,166],[144,113],[60,-33],[-27,-40],[-48,-34],[-31,-75],[28,-32],[-15,-40],[48,-12],[36,-35],[-160,-128],[79,-14],[-2,-43],[-46,-59],[-40,28],[-41,-29],[5,-39],[-36,-52],[-28,9],[-67,-27],[-13,37],[-49,42]],[[31452,13743],[54,-25],[-48,-63],[-6,88]],[[31614,13924],[42,48],[-8,46],[29,61],[47,19],[44,-10],[-9,-70],[-54,-18],[13,-86],[-66,-23],[-38,33]],[[33490,14263],[-22,-7],[-73,42],[36,30],[59,-65]],[[34079,14723],[103,62],[-7,-73],[-70,-64],[-47,2],[-18,25],[11,44],[28,4]],[[32526,14674],[14,-35],[-83,-36],[-51,-66],[-35,21],[-52,-54],[-105,24],[-28,33],[-20,72],[83,33],[-9,40],[59,17],[41,69],[0,29],[73,6],[45,-31],[-36,-27],[-14,-51],[83,-44],[35,0]],[[32595,14684],[-3,64],[55,83],[-43,68],[38,24],[3,42],[59,-10],[-1,-38],[58,-74],[-39,-39],[-11,-57],[-41,-42],[-75,-21]],[[34024,14777],[-76,15],[-5,-38],[-45,-10],[-23,47],[-40,-37],[-24,48],[66,25],[-39,24],[14,64],[-64,-21],[-27,31],[56,103],[39,5],[86,46],[14,-45],[-36,-46],[16,-57],[80,78],[6,-47],[101,-37],[-40,-56],[-36,-117],[-23,25]],[[33988,15061],[-2,25],[78,10],[51,-12],[4,-39],[-58,-4],[-73,20]],[[33087,15055],[45,99],[37,-2],[-42,-123],[-40,26]],[[34522,15276],[-68,-61],[-75,56],[8,28],[111,16],[24,-39]],[[32791,15370],[-17,-19],[-74,-4],[4,45],[64,9],[23,-31]],[[34678,15432],[20,-10],[6,-56],[-30,-22],[-87,18],[-39,-5],[-46,28],[-30,-6],[-54,-53],[-67,-28],[-32,5],[-27,47],[49,68],[110,47],[111,10],[11,-28],[105,-15]],[[34292,15493],[-15,39],[37,31],[43,-16],[74,-7],[-6,-40],[-57,-53],[-76,46]],[[32610,15512],[-9,15],[27,65],[30,-34],[-48,-46]],[[32914,15657],[28,49],[43,-23],[-43,-31],[-28,5]],[[33011,15744],[2,45],[53,-16],[80,37],[51,-17],[59,21],[41,47],[33,-38],[-19,-22],[25,-38],[-71,-71],[-37,82],[-62,-17],[-40,11],[-18,-29],[-68,-7],[-29,12]],[[33404,15812],[-52,32],[0,28],[58,-7],[-6,-53]],[[33418,15908],[25,18],[46,-5],[12,-54],[-50,3],[-33,38]],[[33615,15973],[42,-25],[-55,-23],[-52,32],[52,34],[13,-18]],[[33759,16033],[0,-31],[-33,-20],[-100,52],[65,61],[9,28],[74,41],[52,-15],[60,32],[48,-22],[36,15],[19,-54],[-48,-2],[-49,-38],[-42,13],[-29,-72],[-41,56],[-21,-44]],[[34700,16648],[119,-8],[-22,-26],[-85,-2],[-40,-58],[-28,0],[-47,81],[20,26],[83,-13]],[[37220,16925],[14,49],[29,-12],[52,14],[49,-12],[44,-51],[-108,-7],[-20,35],[-60,-16]],[[4906,4075],[212,-58],[-122,-58],[-108,-13],[-238,39],[-95,52],[-41,90],[352,-25],[40,-27]],[[3047,3943],[51,-42],[-265,24],[-17,22],[-547,163],[261,-41],[517,-126]],[[5397,4838],[-877,68],[-73,45],[39,49],[241,28],[641,-111],[65,-56],[-36,-23]],[[7190,5738],[-111,42],[-131,20],[-137,41],[-27,33],[461,-118],[-55,-18]],[[4694,5906],[102,-28],[-13,-28],[-158,26],[69,30]],[[41772,5810],[-85,24],[-91,-9],[73,-46],[-105,-30],[-32,42],[-294,27],[-152,51],[48,21],[-30,71],[120,1],[138,-94],[123,-20],[207,18],[80,-56]],[[5599,6134],[141,-103],[41,-72],[59,-40],[-26,-55],[-457,-21],[-512,140],[-257,70],[-126,45],[-100,105],[14,107],[27,30],[246,135],[6,29],[247,-26],[270,-119],[5,-22],[234,-109],[63,-46],[125,-48]],[[8634,7265],[-132,2],[-77,45],[49,17],[160,-64]],[[8199,7289],[-4,-18],[-277,47],[4,20],[138,21],[139,-70]],[[97019,7225],[13,-47],[-75,-19],[-49,-41],[-131,-32],[-87,29],[-189,1],[-42,-41],[-130,-31],[24,57],[-135,33],[-48,53],[43,13],[79,78],[-71,55],[35,49],[84,12],[72,-46],[-6,-43],[140,-56],[181,24],[256,-35],[36,-13]],[[7066,7422],[77,28],[64,-19],[-37,-33],[-104,24]],[[8741,7516],[14,-30],[-127,-15],[-83,18],[6,57],[190,-30]],[[8409,7412],[-40,18],[-153,5],[-100,48],[0,21],[108,36],[120,21],[52,-13],[92,-75],[37,-66],[-116,5]],[[9399,7526],[-223,-43],[-46,72],[17,33],[228,-33],[24,-29]],[[8742,7604],[-111,-31],[-63,8],[-93,40],[50,31],[250,-15],[-33,-33]],[[8269,7615],[-103,-11],[-63,50],[173,13],[-7,-52]],[[8690,7656],[-117,39],[90,15],[96,-37],[-69,-17]],[[9219,7720],[17,-25],[-145,-13],[-26,25],[35,65],[119,-52]],[[9039,8007],[32,20],[121,-26],[57,-56],[-30,-52],[-73,49],[-86,28],[-21,37]],[[95254,8317],[-27,-75],[-68,15],[95,60]],[[9600,8305],[66,-61],[-50,-19],[-176,56],[-40,30],[53,34],[68,-5],[79,-35]],[[13175,8991],[63,-9],[-37,-47],[-106,8],[15,34],[65,14]],[[13633,8959],[-14,-51],[-65,-43],[-145,40],[-33,-10],[-93,76],[104,58],[70,-30],[176,-40]],[[14686,8944],[-24,-68],[-93,-32],[-98,52],[-45,52],[-34,85],[120,-16],[70,-35],[46,0],[58,-38]],[[17739,9271],[-98,-76],[-30,-62],[-166,-34],[-56,39],[8,31],[269,122],[73,-20]],[[16716,9145],[-25,29],[77,40],[-49,65],[31,40],[57,27],[144,-19],[29,-46],[-37,-57],[-138,-71],[-89,-8]],[[16594,9256],[-4,-43],[-202,-84],[-23,-49],[39,-43],[-43,-23],[-318,-37],[-183,44],[-35,51],[81,23],[-56,39],[54,51],[4,31],[106,42],[-163,26],[-98,61],[62,57],[220,-4],[60,-20],[381,-29],[86,-17],[-11,-29],[-64,-29],[107,-18]],[[97211,9494],[-35,-56],[-105,33],[61,77],[79,-54]],[[14591,9474],[-6,63],[53,70],[215,29],[118,-16],[45,-46],[95,-31],[-8,-37],[44,-49],[62,-18],[-6,-51],[-128,-10],[-49,-22],[88,-40],[91,19],[87,-13],[89,48],[143,-59],[21,-33],[-48,-25],[119,-101],[-63,-89],[-66,28],[-149,-6],[-117,36],[26,23],[-169,47],[-26,43],[-184,72],[19,36],[-39,63],[-80,13],[-47,-54],[-74,13],[29,67],[-85,30]],[[69105,10299],[20,-55],[-31,-30],[-81,9],[92,76]],[[49103,10912],[67,-76],[-14,-30],[-74,16],[-31,46],[52,44]],[[49245,11046],[29,-12],[87,28],[61,-19],[-38,-41],[-24,-69],[-73,-67],[-65,-20],[-12,64],[49,36],[-89,33],[-7,50],[-49,14],[-106,76],[108,15],[156,-17],[32,-20],[-59,-51]],[[48350,11275],[15,-73],[-65,-37],[-83,82],[92,37],[41,-9]],[[50894,11292],[9,-54],[-26,-44],[-56,-29],[-91,6],[-14,45],[131,80],[47,-4]],[[70055,11169],[-32,-27],[-72,16],[-42,63],[-14,93],[51,51],[22,-84],[83,-72],[4,-40]],[[51124,11344],[23,27],[94,7],[29,-19],[9,-83],[-39,-46],[-72,18],[-44,96]],[[51518,11371],[52,17],[48,-45],[-51,-14],[-49,42]],[[51742,11448],[73,-25],[-29,-28],[-44,53]],[[57434,11389],[32,-54],[-11,-54],[-106,-22],[-111,34],[-41,61],[21,52],[95,74],[72,-5],[33,-31],[16,-55]],[[50391,11495],[15,-63],[-52,-71],[-15,-61],[-74,108],[-4,50],[28,34],[102,3]],[[54512,11688],[85,-7],[11,-34],[-72,-30],[-44,-141],[-77,48],[-85,33],[-10,35],[47,62],[69,27],[76,7]],[[73794,13394],[49,-29],[29,-55],[-43,-46],[-115,53],[-32,64],[24,27],[88,-14]],[[63548,13407],[-3,-36],[-47,3],[-79,-18],[-6,42],[24,21],[111,-12]],[[74041,13417],[-15,-47],[-50,-1],[-22,24],[26,38],[61,-14]],[[77385,13599],[34,13],[67,-31],[-62,-37],[-39,55]],[[77056,13590],[-94,-1],[28,45],[66,-44]],[[95173,13556],[-43,-26],[-36,56],[-8,91],[68,-106],[19,-15]],[[77862,13747],[-2,-41],[-61,10],[35,40],[28,-9]],[[76921,13791],[27,-30],[-1,-39],[-29,-22],[-139,-9],[-31,25],[34,67],[68,16],[71,-8]],[[77999,13950],[48,-6],[-2,-44],[-57,-10],[-100,16],[38,37],[73,7]],[[75693,13993],[48,-47],[-66,-23],[-55,43],[32,32],[41,-5]],[[77934,14166],[103,14],[53,-19],[35,-47],[-6,-47],[-73,-62],[-114,-13],[-72,27],[-8,36],[32,67],[50,44]],[[78691,14172],[-40,17],[-30,47],[-59,18],[-21,41],[45,27],[50,-24],[27,-32],[-6,-42],[34,-52]],[[86537,33630],[-100,74],[-23,-8],[-28,-36],[-44,-27],[-38,-3],[-42,12],[-108,7],[-22,-12],[-37,3],[-53,-15],[-60,-4],[-24,-12],[-70,-8],[-58,-20],[-61,-50],[-32,-39],[-121,-99],[-56,-38],[-70,-23],[-65,-50],[-68,-36],[-65,-18],[-105,-7],[-84,19],[-52,29],[-30,-27],[-20,4],[-38,-35],[-92,-124],[-56,-30],[-67,-64],[-27,-14],[-27,-56],[-54,-40],[-97,-28],[-44,-50],[-23,-48],[-13,-76],[-17,-58],[-16,-122],[-17,-12],[-37,-73],[-5,-46],[-48,-52],[-11,-31],[-18,22],[-33,-2],[-21,-48],[-33,-9],[-18,71],[-17,11],[-40,-21],[-25,9],[-59,-17],[-4,-28],[-48,25],[-21,-5],[-35,-56],[-23,33],[-25,80],[-21,-2],[-35,-38],[-35,22],[-16,-11],[-27,32],[-55,3],[-47,-31],[-19,15],[-35,-16],[-28,8],[-22,-17],[-61,-3],[-12,-26],[-29,-19],[-68,22],[-15,-11],[-34,14],[-54,-34],[-21,-37],[-44,-53],[-27,-83],[2,-42],[-27,-15],[-1,-32],[-31,-15],[-3,-32],[-40,28],[-51,16],[-16,-35],[-41,-30],[-6,-52],[-63,-40],[-25,-62],[-1,-48],[-34,-1],[-40,-44],[-28,-16],[-47,-6],[-11,-27],[-35,15],[-40,-27],[-50,40],[-52,6],[-9,-29],[-28,24],[-28,2],[-11,-19],[-30,17],[-37,-4],[-53,16],[-61,71],[-63,28],[-24,61],[-52,105],[-37,55],[-77,75],[-42,8],[-21,-25],[-25,47],[-13,104],[-2,138],[6,36],[-8,56],[11,30],[-2,51],[15,3],[21,-46],[45,-19],[42,31],[23,48],[34,123],[8,7],[2,151],[-20,209],[46,34],[-15,38],[9,47],[-9,88],[12,67],[-8,76],[4,73],[-6,89],[-11,72],[-21,58],[-15,65],[-27,75],[-39,180],[-37,95],[-5,49],[-17,62],[-35,242],[3,39],[-12,66],[7,74],[-6,42],[0,99],[9,103],[-23,141],[-18,82],[-50,103],[-21,74],[4,74],[-17,77],[-30,70],[-31,98],[-40,71],[-17,117],[-2,49],[13,76],[-19,138],[-18,76],[-69,229],[-48,140],[-81,160],[-15,90],[21,69],[12,-62],[24,16],[13,-73],[16,-33],[12,-77],[27,-55],[44,40],[9,30],[0,86],[-29,59],[-27,11],[-20,72],[-10,4],[-5,86],[-38,122],[0,43],[26,83],[5,-62],[14,-8],[7,-42],[42,-115],[-7,-18],[-8,-123],[25,-33],[15,49],[27,-11],[-3,-30],[10,-80],[37,-67],[28,41],[8,34],[-12,70],[19,119],[-7,36],[7,49],[-29,30],[-7,43],[-22,39],[-10,45],[-24,69],[-35,160],[-25,27],[-28,133],[-2,95],[-46,113],[-13,68],[-2,95],[13,46],[-5,69],[13,80],[27,97],[12,62],[38,62],[9,40],[3,75],[-9,95],[17,64],[-1,69],[-13,82],[-28,35],[4,34],[-7,53],[23,56],[8,56],[12,30],[27,162],[31,109],[41,39],[-23,-221],[13,-57],[13,-24],[-13,-42],[-3,-51],[19,-25],[29,45],[23,-20],[7,69],[14,70],[15,42],[7,55],[30,98],[4,32],[79,86],[49,16],[33,38],[64,49],[41,99],[17,26],[40,36],[19,69],[17,32],[59,52],[19,73],[13,-12],[47,24],[42,50],[44,68],[38,-55],[51,52],[37,-36],[43,-25],[45,12],[25,29],[20,-9],[45,32],[20,33],[8,38],[55,76],[26,-6],[25,21],[13,-15],[66,30],[27,-5],[36,32],[35,91],[5,31],[26,39],[40,13],[45,-21],[53,-41],[38,31],[9,30],[19,-2],[74,25],[47,9],[114,83],[85,74],[66,93],[33,68],[58,164],[34,149],[0,54],[35,34],[1,65],[14,54],[24,-7],[31,46],[11,37],[17,15],[27,56],[29,26],[13,50],[-3,37],[-45,32],[2,135],[-17,84],[2,128],[6,47],[30,70],[-1,29],[38,67],[19,13],[28,-4],[-15,48],[12,49],[37,1],[19,14],[-8,34],[4,57],[35,53],[9,55],[25,24],[-5,-89],[-8,-29],[53,-131],[-2,-61],[32,-58],[6,-50],[15,-35],[18,-97],[9,-8],[34,-101],[4,91],[12,84],[9,18],[-18,52],[3,54],[12,5],[56,-81],[-11,76],[30,81],[-38,-11],[-21,86],[-27,37],[-8,28],[25,76],[-1,71],[-31,55],[15,63],[49,-4],[11,-21],[-22,-34],[20,-29],[9,-34],[42,47],[39,8],[26,-71],[34,-7],[16,32],[20,-24],[33,-4],[1,43],[-51,-7],[-9,71],[14,42],[25,-20],[19,48],[-1,60],[7,52],[21,10],[-2,52],[-19,-9],[-26,-94],[-31,55],[-7,108],[11,10],[-4,64],[28,53],[35,-22],[18,75],[0,44],[28,4],[34,-40],[36,-79],[11,87],[-14,38],[-30,-33],[-17,51],[-8,63],[19,23],[14,-11],[19,20],[-5,58],[32,-38],[25,-4],[27,-54],[17,25],[-5,65],[-21,1],[-21,35],[8,41],[-25,76],[39,57],[51,61],[10,22],[23,-23],[9,72],[-8,29],[-1,55],[9,18],[21,-32],[-10,-47],[7,-84],[17,36],[22,-10],[2,-64],[20,2],[6,29],[33,6],[-16,72],[21,19],[3,71],[19,18],[-2,58],[-16,40],[5,58],[16,-5],[5,-66],[12,-30],[-6,-34],[16,-37],[27,28],[-14,22],[27,76],[30,4],[19,-114],[38,45],[-1,64],[32,37],[-19,87],[57,39],[32,-60],[11,-72],[15,24],[14,-14],[30,10],[27,-14],[20,-67],[49,-69],[25,-61],[9,-48],[25,-41],[7,-34],[75,-115],[6,-72],[-13,-7],[-23,-167],[44,-78],[-2,82],[-6,35],[33,88],[29,-78],[11,22],[-10,35],[-5,68],[36,40],[83,-50],[24,0],[37,-23],[34,-49],[0,-54],[11,-73],[14,45],[-12,152],[29,-11],[13,-24],[29,-17],[10,-43],[16,-26],[8,-37],[17,16],[-14,85],[10,59],[22,28],[-33,69],[-6,61],[-14,12],[-49,78],[4,46],[16,64],[17,43],[1,31],[30,14],[32,29],[8,31],[-9,47],[28,68],[-8,50],[14,95],[37,-12],[54,56],[30,66],[-31,85],[-12,9],[3,124],[15,23],[18,-21],[20,18],[9,36],[-2,85],[16,25],[49,48],[12,76],[-4,29],[49,-28],[0,-39],[16,-33],[11,63],[-16,29],[21,38],[35,-15],[1,62],[-8,47],[32,9],[28,-34],[28,69],[3,-52],[22,-49],[24,-16],[33,1],[48,15],[33,29],[8,-25],[31,-25],[35,49],[27,23],[43,-29],[5,44],[38,35],[14,29],[7,103],[-16,47],[28,75],[-28,18],[-28,84],[-34,24],[-36,-11],[-44,-37],[-38,80],[-6,34],[-19,10],[-2,55],[9,20],[16,-45],[8,48],[13,16],[17,-30],[10,-55],[21,-37],[0,126],[15,-37],[30,29],[9,-39],[26,-11],[26,-82],[12,-18],[17,-58],[24,9],[42,92],[28,-58],[36,-139],[12,-24],[21,-8],[24,24],[36,-59],[40,-24],[17,36],[19,0],[14,32],[28,-14],[2,-20],[-18,-47],[28,-34],[17,19],[35,-3],[16,-76],[19,1],[8,28],[27,-43],[38,-12],[23,8],[28,51],[18,8],[26,-103],[29,-12],[29,-65],[52,22],[12,54],[24,21],[20,-13],[21,19],[10,50],[46,30],[38,55],[-2,46],[19,-6],[-9,-42],[-32,-80],[-6,-48],[-32,-53],[5,-42],[27,-11],[32,60],[40,-92],[-11,-29],[10,-54],[33,12],[31,-3],[14,33],[17,73],[-14,32],[-37,7],[33,79],[10,1],[32,62],[8,-35],[15,5],[16,-104],[28,-62],[21,23],[-2,45],[32,-34],[21,-76],[-25,-46],[-33,-23],[1,-42],[-18,-71],[-22,-36],[-35,-34],[4,-33],[41,-60],[-39,-12],[19,-48],[-32,-91],[-23,12],[1,75],[-19,-15],[2,-41],[-37,-42],[-20,44],[-15,-50],[-46,-46],[10,-30],[-18,-45],[3,-55],[-6,-28],[25,-86],[33,35],[-14,-63],[-3,-59],[-19,-34],[-6,-101],[-14,-38],[-26,-37],[-23,-81],[-14,-15],[-26,-86],[-3,-40],[-36,-51],[3,-43],[19,-77],[22,-41],[28,-14],[16,-31],[42,-45],[25,-51],[81,-92],[7,-70],[23,-40],[19,-4],[31,-56],[23,-21],[43,-84],[39,-20],[23,41],[15,-33],[57,-57],[31,-58],[38,-32],[15,3],[54,-46],[33,-107],[38,-60],[17,-41],[34,-49],[35,-30],[17,2],[33,-28],[46,9],[27,-36],[32,-21],[28,-4],[19,-17],[6,-36],[27,-32],[-4,-48],[18,-98],[18,-36],[46,-15],[56,-91],[46,-20],[33,-31],[21,-49],[33,-5],[34,8],[74,38],[25,26],[44,65],[21,15],[14,60],[6,71],[16,86],[-4,32],[47,130],[23,52],[10,75],[19,75],[13,126],[21,82],[-13,83],[6,19],[11,147],[13,98],[23,110],[3,40],[16,45],[8,74],[-17,77],[-23,227],[3,48],[16,89],[4,49],[-6,49],[-27,73],[-4,100],[15,118],[9,45],[26,80],[11,54],[-16,57],[-14,106],[12,38],[35,53],[16,87],[38,53],[-38,-5],[-40,83],[0,-60],[-20,11],[27,123],[17,60],[13,88],[20,51],[12,-57],[17,14],[-8,83],[51,322],[1,58],[7,49],[-4,97],[8,31],[41,16],[22,47],[13,61],[28,4],[18,-22],[-18,-53],[18,-18],[6,-36],[30,-25],[13,-63],[3,-111],[19,-66],[-13,-50],[10,-73],[4,-141],[28,-43],[42,8],[22,-41],[-33,-96],[-2,-104],[30,-8],[19,-26],[7,-62],[12,-36],[31,-31],[-19,-111],[4,-27],[32,-3],[4,-56],[-2,-70],[7,-71],[0,-75],[18,-61],[1,-51],[-9,-44],[-8,-95],[23,-110],[19,-33],[6,-113],[21,-111],[21,-42],[26,-14],[32,27],[26,46],[7,64],[13,3],[19,-32],[41,39],[18,41],[20,-53],[-2,-57],[11,-69],[16,-41],[22,1],[11,-27],[25,-5],[16,-68],[20,-33],[39,-31],[34,-63],[19,3],[-27,-88],[-4,-41],[19,-68],[-13,-60],[5,-85],[26,-123],[-3,-88],[29,-91],[-7,-81],[7,-41],[-13,-36],[-4,-62],[18,-22],[32,-110],[23,-32],[32,-91],[17,2],[28,-28],[-16,-63],[19,-70],[5,-47],[28,-86],[0,-71],[22,-67],[-13,-43],[-1,-129],[-21,-89],[-5,-41],[5,-61],[22,-50],[23,-18],[8,-64],[35,-20],[-13,-106],[-5,-94],[16,-49],[32,-58],[58,-71],[25,6],[16,-38],[28,-38],[20,12],[20,42],[3,-61],[21,-54],[9,6],[70,-8],[8,10],[28,-72],[12,-66],[0,-50],[25,-61],[28,-4],[-9,83],[26,-25],[4,-52],[25,-48],[34,18],[16,-34],[35,-16],[14,-40],[-11,-29],[52,-63],[-3,51],[35,26],[12,-89],[50,-42],[16,-36],[1,-41],[20,-30],[-56,-16],[-19,-32],[18,-45],[6,-49],[22,-24],[25,-65],[17,2],[21,-63],[29,-9],[22,-54],[-10,-53],[9,-53],[18,-27],[18,-101],[20,-51],[14,-77],[-12,-41],[12,-44],[1,-50],[15,-83],[20,-85],[27,-81],[-3,-60],[38,58],[14,-46],[39,-49],[-27,147],[18,78],[18,12],[27,-72],[18,-74],[23,-13],[59,-68],[15,122],[19,-11],[34,-80],[-9,-22],[8,-52],[20,-51],[-14,-154],[-3,-111],[19,-67],[-13,-20],[8,-58],[17,-38],[-5,-25],[47,-35],[28,-54],[17,-75],[25,-11],[35,-73],[49,-62],[28,-2],[27,23],[9,-69],[34,-40],[19,-115],[16,-59],[25,-61],[43,-61],[28,-14],[24,-57],[4,-87],[47,-140],[39,-24],[27,-2],[7,-108],[-11,-63],[-1,-60],[35,-79],[19,-23],[9,-39],[22,-9],[-17,-65],[-17,-126],[10,-102],[-1,-109],[11,-22],[0,-138],[15,-70],[-34,-37],[-12,-36],[21,-40],[-14,-39],[24,-24],[16,-65],[12,-4],[16,-61],[2,-44],[36,-90],[-4,-29],[5,-122],[39,-113],[-7,-111],[3,-74],[15,-41],[-8,-58],[1,-61],[-42,-96],[-9,-73],[-22,-93],[8,-42],[-12,-97],[-2,-77],[-17,-141],[-17,-54],[2,-53],[-19,-75],[3,-16],[-27,-108],[-17,-150],[4,-58],[23,-53],[-11,-38],[4,-48],[-22,-51],[-6,-43],[5,-46],[-17,-58],[5,-36],[-25,-50],[1,-43],[-17,-34],[-26,-105],[-23,-35],[-18,-56],[-10,-68],[15,-25],[-11,-44],[-1,-84],[-33,-36],[-46,-67],[-18,-45],[5,-43],[-71,-33],[-28,-28],[-45,-113],[-13,-75],[-17,-42],[-30,-23],[13,-32],[-16,-44],[-6,-53],[-22,-11],[-10,-84],[-4,-114],[-12,-65],[-25,-8],[2,-53],[-39,-52],[-28,-75],[-2,-90],[-33,-35],[23,-26],[-14,-109],[-22,-44],[6,-74],[-22,-23],[3,-99],[-19,11],[-23,-20],[-20,-63],[2,-28],[-22,-54],[-1,-42],[-28,-93],[-25,-29],[4,-53],[-22,-29],[3,-36],[-11,-113],[5,-97],[-17,-38],[-7,-66],[3,-38],[-38,-152],[-7,-56],[11,-72],[-19,-25],[34,-31],[6,-41],[-19,-36],[2,-76],[8,-46],[-25,-30],[-30,-3],[-34,-85],[-52,-49],[-50,-7],[-99,5],[-43,-5],[-18,-15],[-33,8],[-83,-8],[-49,-19],[-59,-35],[-44,-39],[-47,-55],[-54,-80],[-87,-146],[-27,-57],[-29,-41],[-130,-55],[-17,25],[-26,-3],[-21,-32],[22,-35],[7,-53],[32,29],[15,-52],[-6,-81],[-47,54],[-23,74],[-25,28],[-21,-7],[-3,-38],[-25,1],[-29,141],[-21,7],[-26,-22],[-20,9],[-15,48],[-19,16],[-4,62],[35,33],[-23,81],[-50,7],[-44,-97],[-31,-54],[-39,7],[-23,59],[50,22],[3,21],[35,84],[-3,62],[-23,32],[-12,56],[-44,0],[-5,-24],[-79,-83],[-35,-13],[-9,-23],[45,-18],[36,31],[20,-23],[-21,-70],[-69,-9],[-43,-58],[-54,-48],[-58,-118],[-39,-22],[-12,-36],[-35,-39],[-23,36],[-33,23],[-26,-4],[-50,73],[-69,34],[-44,60],[-71,61],[-24,0],[-24,-22],[-37,23],[-40,48],[-52,12],[-24,-13],[-20,-62],[-47,10],[-16,48],[-67,94],[-51,42],[-66,-9],[-31,19],[-67,90],[-33,124],[-29,41],[-6,45],[-35,17],[-54,126],[-15,51],[13,31],[-14,62],[-18,38],[31,29],[16,32],[6,46],[-3,83],[-34,144],[-45,171],[-31,68],[-72,121],[-46,59],[-9,34],[125,-197],[32,-70],[8,16],[-33,72],[-80,119],[-40,50],[26,61],[27,-29],[3,-84],[26,4],[5,54],[-38,49],[44,25],[-21,62],[-22,22],[-33,-41],[-40,-14],[3,-35],[-25,-49],[-37,12],[-30,-16],[-30,-46],[-70,-3],[-28,-9],[-20,27],[5,38],[45,49],[19,49],[20,18],[13,80],[-2,60],[11,31],[-5,105],[2,48],[11,29],[-26,37],[-50,137],[-10,68],[-19,34],[1,28],[-23,48],[-17,-57],[6,-46],[-30,-61],[-13,-101],[8,-20],[-11,-78],[-15,-53],[-20,-119],[0,-43],[-21,-28],[-30,29],[-44,4],[-20,-28],[-26,0],[-19,-40],[-36,9],[-24,-33],[-22,-6],[-11,27],[35,87],[-5,33],[24,80],[30,-15],[36,12],[34,-28],[16,21],[3,67],[15,106],[-15,98],[9,108],[-10,55],[14,8],[14,45],[-7,33],[24,42],[-4,37],[31,52],[17,54],[24,39],[19,5],[2,51],[-21,76],[-14,79],[12,40],[53,37],[-3,34],[-21,36],[-16,125],[10,20],[-24,31],[-2,33],[-23,27],[-2,-57],[13,-26],[2,-69],[-23,-76],[-14,20],[-62,-106],[-18,-89],[-3,-55],[-42,-152],[-19,-30],[-38,-14],[-15,26],[-44,-71],[-55,-55],[-8,-26],[-58,-72],[-6,-34],[-33,-101],[-32,-44],[3,-39],[-53,-47],[-20,-95],[11,-61],[31,35],[-13,-76],[12,-60],[-41,29],[-11,32],[-23,8],[-30,-53],[-8,42],[-49,96],[-55,85],[-33,-8],[22,65],[60,-103],[-3,99],[-10,37],[-4,77],[-20,92],[-4,68],[-19,60],[-14,14],[-37,71],[-44,62],[5,54],[-15,110],[-42,73],[-60,42],[-31,-30],[-15,25],[-25,124],[-36,21],[20,43],[-16,70],[55,-10],[7,30],[-7,53],[-34,75],[-33,-5],[-10,-23],[-39,-14],[1,41],[25,40],[-38,82],[-33,33],[-3,39],[-27,11],[-9,-40],[-37,22],[-2,-44],[-30,11],[-43,-3],[-26,51],[-34,27],[-38,60],[-58,13],[-31,-12],[2,-41],[-30,7],[-39,-11],[-44,72],[-43,49],[-38,55],[-69,70]],[[91110,26935],[-37,52],[-20,-59],[-26,46],[13,33],[-28,19],[20,39],[19,-25],[28,8],[-15,41],[2,36],[-42,3],[-29,43],[-30,-50],[-33,-10],[-7,-67],[-21,-42],[0,-80],[-44,-26],[-45,-113],[-3,-67],[-20,-16],[-40,6],[-28,40],[-27,15],[-57,2],[-12,22],[-32,-8],[-33,13],[-12,60],[27,14],[16,-27],[24,47],[-56,-3],[-18,56],[-25,-18],[-32,48],[-7,44],[-41,78],[-20,3],[-33,108],[-11,69],[-25,32],[-17,201],[88,-104],[10,44],[-25,14],[-52,83],[-7,81],[-13,43],[-40,68],[-19,59],[-19,22],[-16,94],[-20,57],[-8,64],[-24,65],[-1,81],[-20,49],[4,39],[22,24],[-2,105],[82,-23],[41,-27],[40,-8],[18,-22],[103,-50],[22,-50],[34,-14],[46,-42],[37,-23],[58,-7],[165,109],[43,-17],[32,38],[16,-1],[28,-38],[21,33],[21,60],[20,12],[42,-39],[27,24],[19,67],[62,-60],[34,-93],[-17,-86],[17,-99],[-14,-73],[9,-104],[-2,-69],[-12,-29],[18,-66],[-8,-78],[18,-34],[-11,-97],[-16,16],[13,66],[-24,35],[5,48],[-27,-5],[2,-46],[-17,-12],[-5,-56],[-25,-70],[6,-112],[-19,-44],[4,-75],[-18,-57],[33,-51],[-12,-59],[4,-111],[6,-16]],[[90926,26872],[8,-27],[-14,-65],[-46,0],[5,76],[40,58],[7,-42]],[[91150,27296],[-11,-66],[-22,61],[33,5]],[[91142,28494],[38,20],[-16,-62],[-22,42]],[[91230,28581],[15,-32],[-21,-35],[-32,32],[-59,-12],[-22,16],[20,44],[75,24],[24,-37]],[[91114,28709],[-20,61],[-24,125],[2,38],[25,29],[60,-129],[36,-15],[-2,-57],[12,-66],[-7,-36],[-65,-10],[-17,60]],[[90028,28858],[11,-20],[-9,-60],[-52,-55],[-10,12],[-1,79],[-13,20],[7,53],[0,81],[24,27],[10,48],[27,-32],[12,-104],[-6,-49]],[[90370,29654],[-38,-14],[-3,39],[27,9],[14,-34]],[[90400,29765],[-25,-64],[-23,40],[15,28],[33,-4]],[[88368,31205],[-1,-27],[-21,-32],[-32,25],[-49,3],[-40,-31],[2,-43],[-45,-48],[-24,41],[-45,18],[-19,-36],[-34,12],[-27,-16],[-20,11],[-37,-19],[-17,52],[-34,35],[24,93],[52,25],[74,21],[78,49],[23,-14],[52,16],[-12,-36],[0,-47],[29,-18],[26,11],[9,-42],[27,48],[43,-19],[18,-32]],[[92634,36044],[6,-51],[-14,-125],[-18,11],[5,42],[-3,78],[24,45]],[[92613,36087],[-9,53],[-5,105],[30,3],[-12,-69],[-4,-92]],[[81448,36820],[-17,8],[-30,65],[-9,55],[-14,29],[-2,56],[-10,38],[0,62],[24,16],[12,-127],[46,-202]],[[92602,37441],[1,-13],[-30,-141],[-29,-119],[-22,-117],[5,-32],[-13,-43],[-15,39],[-14,102],[10,15],[4,53],[19,60],[-8,84],[30,40],[22,50],[4,66],[-22,58],[9,36],[24,32],[0,-95],[6,-41],[19,-34]],[[92018,38203],[8,-47],[-23,-18],[-15,49],[-50,119],[11,19],[48,-34],[21,-88]],[[91643,39138],[3,-68],[-17,10],[14,58]],[[82073,39894],[-8,-51],[-20,-34],[-15,43],[25,63],[18,-21]],[[91407,40133],[-27,-4],[-11,25],[11,66],[27,-87]],[[90643,41246],[10,-16],[-17,-48],[-19,16],[-7,52],[-30,63],[8,12],[44,-24],[11,-55]],[[88766,42019],[2,-35],[-34,-4],[17,66],[15,-27]],[[88814,42363],[2,-18],[-36,-46],[-16,41],[-24,-49],[-6,-56],[-40,-34],[-46,15],[24,99],[18,32],[56,21],[32,21],[16,-26],[20,0]],[[87963,42812],[12,-23],[-14,-44],[-11,50],[13,17]],[[88076,42761],[-21,-20],[-16,68],[16,31],[23,-22],[-2,-57]],[[87948,42883],[-8,-55],[-19,-4],[2,62],[25,-3]],[[84776,43499],[-1,-72],[-29,-7],[9,73],[21,6]],[[87857,43939],[-7,-50],[-14,-19],[-16,32],[16,63],[21,-26]],[[88041,43665],[2,-29],[-15,-38],[-47,24],[-26,-14],[-50,37],[-14,29],[7,26],[-7,71],[5,70],[46,37],[-4,75],[29,-22],[9,-63],[22,-14],[36,28],[-19,-63],[-18,-2],[-9,-34],[13,-27],[-25,-23],[2,-70],[24,15],[17,-28],[22,15]],[[87858,44936],[3,-22],[-33,-37],[2,41],[19,-6],[9,24]],[[86838,45125],[2,-36],[-19,-6],[-4,51],[21,-9]],[[86259,45091],[28,-36],[-18,-36],[-21,-5],[-49,40],[-48,-31],[-26,1],[3,75],[29,0],[9,22],[-5,61],[-10,34],[34,87],[22,-1],[14,-54],[-1,-58],[18,-33],[-3,-59],[24,-7]],[[86537,45260],[-15,-36],[-14,-76],[-15,13],[-24,-80],[-53,-61],[-34,-56],[-33,38],[-41,35],[-60,86],[-4,61],[-14,35],[-18,145],[9,45],[30,-71],[19,1],[32,-85],[9,22],[34,14],[12,27],[34,-24],[40,61],[14,2],[19,32],[16,-30],[27,-4],[13,-81],[17,-13]],[[87989,45474],[-12,-77],[-36,-117],[-1,53],[34,109],[15,32]],[[86802,45405],[17,74],[17,-44],[-9,-26],[13,-53],[-17,-37],[-21,86]],[[89514,45689],[0,-29],[-28,-22],[-10,59],[27,32],[11,-40]],[[89525,45993],[13,-29],[-14,-40],[-25,23],[4,38],[22,8]],[[89496,46027],[0,-36],[-14,-17],[-12,31],[13,39],[13,-17]],[[89653,46436],[-6,-31],[-25,-2],[-1,31],[32,2]],[[38645,89323],[-56,-17],[18,-62],[-11,-47],[37,-23],[36,-53],[45,-31],[19,-102],[-21,-28],[65,-28],[12,-34],[-133,12],[-67,-39],[-124,8],[38,-85],[84,-17],[22,-36],[33,46],[49,-5],[42,-29],[-12,-74],[-3,-98],[28,-47],[-51,-28],[-84,14],[-39,27],[-22,-32],[94,-21],[33,-55],[-11,-36],[-69,2],[5,-58],[-38,-7],[-101,24],[-38,45],[-28,0],[-38,-27],[14,-36],[48,-27],[58,-74],[-14,-74],[-82,68],[-11,-11],[86,-82],[-85,1],[-9,24],[-69,18],[36,-58],[71,-4],[35,-14],[-35,-87],[-64,2],[-10,-30],[-113,11],[-79,-70],[27,-37],[63,-33],[36,-78],[0,-42],[-86,38],[-55,2],[48,-57],[50,9],[40,-59],[-13,-83],[-29,-52],[83,-4],[-20,-79],[-64,-97],[27,-44],[-31,-36],[-147,1],[9,-19],[112,2],[8,-99],[-58,-40],[-2,-82],[-58,-26],[70,-46],[-15,-54],[-83,-29],[-112,38],[-14,-16],[165,-42],[-10,-31],[38,-27],[-12,-77],[-41,-37],[-62,3],[-8,-47],[-109,51],[-58,-19],[111,-25],[32,-26],[62,-103],[-13,-103],[-70,16],[-103,36],[-64,12],[-83,-15],[-38,-6],[-15,-18],[-31,-78],[-106,30],[-23,69],[-36,30],[26,40],[46,26],[10,63],[-13,27],[-77,-26],[-50,45],[6,53],[-67,-50],[-102,34],[60,41],[12,50],[-77,37],[-5,-40],[-52,8],[15,52],[74,54],[104,29],[36,69],[-29,4],[-37,-51],[-115,-61],[-17,25],[40,44],[48,17],[20,34],[-37,24],[-21,-40],[-54,-26],[-14,-29],[-61,49],[-10,-41],[-61,-12],[-1,-45],[-63,-66],[-54,35],[40,41],[-32,25],[-114,-85],[-49,-4],[-88,12],[-73,-15],[-10,17],[56,40],[77,33],[10,26],[-100,-25],[1,67],[-54,75],[-7,-52],[-32,3],[-19,33],[-40,12],[30,51],[-9,46],[-86,13],[30,31],[72,32],[-12,18],[-128,-50],[-51,48],[-18,39],[50,22],[2,45],[-19,50],[49,43],[-10,44],[-52,-61],[-4,-60],[-23,-16],[-47,71],[13,57],[63,14],[65,60],[-64,10],[-3,-41],[-40,-15],[-73,45],[78,36],[-15,43],[-41,-35],[-22,44],[-34,23],[-88,31],[-52,51],[-30,47],[36,159],[-37,-7],[11,56],[-36,2],[-4,52],[-41,20],[-12,67],[50,26],[8,28],[-54,23],[-52,-16],[-30,-31],[-47,21],[-8,95],[-24,18],[13,66],[92,18],[-4,17],[-98,-28],[-65,39],[20,22],[-60,41],[12,55],[26,19],[-1,67],[-59,45],[11,20],[127,27],[67,4],[19,47],[-174,-55],[-54,19],[-27,53],[88,7],[41,-24],[37,17],[48,71],[17,44],[76,34],[-4,32],[-40,46],[13,27],[71,37],[49,-22],[43,-108],[138,-87],[-8,50],[-37,9],[-69,52],[-14,72],[10,34],[-55,25],[-73,7],[-32,31],[-71,-79],[-43,-11],[-52,54],[-23,-62],[-24,-24],[-23,-79],[-48,-67],[4,-28],[-48,-48],[-85,-2],[-11,128],[24,96],[-17,39],[49,34],[29,50],[95,26],[-55,52],[-31,-27],[-10,-44],[-77,16],[-17,28],[48,26],[-65,70],[34,13],[-14,39],[2,66],[-68,-10],[-34,28],[81,75],[-76,-8],[2,28],[-70,31],[10,79],[-120,2],[-14,37],[47,41],[-54,63],[-53,24],[20,67],[107,54],[72,52],[16,40],[89,63],[85,27],[50,89],[72,35],[92,82],[-58,-8],[-61,-62],[-72,-36],[-47,-83],[-161,-97],[-79,-86],[-97,-50],[-86,15],[27,62],[-36,65],[20,86],[63,12],[55,-21],[69,30],[-127,15],[-5,43],[39,28],[64,-12],[108,11],[-74,71],[-11,24],[135,-2],[-32,33],[-55,-11],[-82,23],[-153,-12],[3,49],[-50,18],[-42,44],[35,42],[119,11],[27,30],[67,4],[257,67],[28,-17],[137,-6],[14,23],[-130,-7],[-49,27],[-268,-73],[-33,10],[-77,-14],[-72,-38],[-30,16],[20,106],[49,39],[69,27],[72,58],[20,36],[137,42],[41,0],[78,-40],[59,-12],[14,-25],[92,14],[77,-5],[82,-34],[1,44],[-46,-3],[-42,116],[55,25],[10,42],[-57,-6],[-63,-60],[41,-24],[-34,-45],[-42,4],[-29,-31],[-44,31],[-103,9],[-31,30],[-89,-18],[-45,4],[-66,-35],[-75,-81],[-68,-44],[-42,11],[-2,43],[41,22],[13,40],[-41,53],[136,89],[-17,32],[35,50],[-5,53],[72,-26],[86,20],[107,-57],[74,-26],[199,14],[170,-93],[39,26],[-60,23],[-7,24],[-62,9],[-84,62],[25,33],[-23,33],[28,44],[-53,9],[0,-48],[-93,-5],[-113,-22],[-108,-31],[-51,34],[-50,-11],[-78,55],[87,61],[67,26],[-23,33],[181,35],[2,-29],[108,-7],[117,35],[61,51],[-25,45],[-64,-1],[41,67],[-10,102],[16,51],[80,-2],[87,-60],[84,3],[-39,53],[20,43],[-63,7],[0,55],[-116,-75],[-63,22],[57,73],[17,166],[71,94],[96,-8],[-24,66],[-72,21],[25,65],[-121,-44],[-89,0],[63,59],[-52,4],[-61,-61],[-52,28],[-107,2],[-88,20],[-78,94],[-173,78],[-169,16],[-50,19],[-158,155],[73,66],[96,19],[152,-45],[67,12],[112,-9],[94,-31],[169,-113],[81,-44],[39,2],[96,-39],[113,-24],[35,20],[-67,35],[-61,3],[-99,84],[99,24],[32,28],[-145,20],[41,68],[67,-17],[53,-37],[23,37],[-93,32],[-33,27],[-74,12],[-127,65],[23,28],[173,-62],[2,32],[-178,69],[-51,-22],[-61,20],[61,46],[60,25],[52,-4],[24,36],[-59,27],[-84,-65],[-104,-55],[-37,16],[87,67],[-3,40],[103,43],[76,10],[-20,30],[-118,-35],[-88,-44],[-157,28],[81,61],[122,31],[133,13],[35,54],[-142,-48],[-113,14],[-25,24],[-167,18],[114,90],[-229,-72],[-16,-52],[-98,-4],[67,-57],[-29,-62],[-70,-25],[-117,-25],[-53,3],[-46,46],[-85,-32],[-63,39],[-41,86],[22,29],[-89,20],[15,23],[133,59],[28,59],[-76,33],[-2,31],[135,99],[50,23],[0,69],[-38,31],[-56,-36],[-72,19],[-47,32],[39,37],[68,-9],[83,10],[-9,31],[63,55],[29,48],[-55,9],[60,46],[-62,98],[-30,-9],[-134,43],[1,106],[53,74],[-63,45],[-47,70],[-81,20],[32,36],[-29,103],[77,14],[-122,49],[-62,42],[37,44],[-16,68],[-85,-42],[-204,-38],[107,58],[85,26],[29,70],[-31,48],[103,27],[-177,123],[-49,20],[58,38],[-66,65],[-58,-10],[-112,65],[-42,0],[-79,51],[53,24],[-84,35],[-76,78],[-40,18],[137,71],[-72,37],[32,45],[-68,6],[30,45],[-74,2],[-91,-20],[-64,103],[-112,10],[-10,38],[-119,13],[5,27],[-197,1],[-11,71],[-170,8],[-103,18],[-115,50],[-36,-26],[-215,68],[-85,8],[-68,-110],[-86,-28],[-53,71],[-44,0],[-190,-70],[-82,-1],[2,-63],[-86,8],[-63,35],[42,56],[0,46],[-133,-31],[-55,-80],[-176,104],[-72,-59],[61,-10],[15,-48],[152,-67],[-540,76],[-25,51],[-62,10],[-99,57],[-79,17],[-70,40],[17,31],[187,49],[47,37],[195,-1],[13,57],[-257,-11],[-280,50],[-51,29],[-155,0],[-91,55],[51,20],[-151,35],[1,45],[42,38],[80,32],[325,27],[279,-29],[31,-10],[206,18],[257,-42],[87,14],[-376,41],[-62,-11],[-235,29],[192,69],[259,4],[185,-15],[30,35],[128,4],[42,40],[-64,71],[-92,32],[-147,-1],[-30,-56],[-95,-29],[-212,-14],[-79,6],[-162,-33],[-287,60],[105,42],[-53,25],[-168,4],[168,102],[-85,3],[-84,-47],[-176,-6],[-27,28],[-138,40],[-124,73],[-120,53],[-32,37],[61,47],[-48,36],[59,43],[14,75],[180,22],[107,49],[207,-15],[18,45],[211,33],[22,29],[130,3],[131,51],[-18,48],[276,55],[378,39],[156,-24],[118,62],[77,73],[72,23],[82,76],[10,52],[-52,34],[19,72],[-52,39],[50,63],[7,65],[-106,13],[-155,-48],[-85,35],[-244,-7],[-20,42],[-95,29],[2,91],[186,70],[8,51],[171,32],[25,34],[257,65],[104,125],[229,35],[28,32],[236,66],[217,-16],[193,-53],[118,7],[38,37],[-99,108],[127,51],[14,28],[-154,99],[-31,37],[48,40],[208,57],[129,20],[342,-49],[43,-103],[151,-10],[-96,122],[-273,72],[238,58],[249,36],[190,13],[298,48],[190,-13],[6,41],[225,30],[97,-31],[149,-117],[-19,-52],[32,-67],[-71,-95],[-8,-109],[240,178],[-26,83],[234,-18],[36,-20],[322,-37],[-40,45],[335,-49],[101,43],[-310,120],[-146,205],[582,-32],[77,-56],[312,-72],[106,-36],[340,-77],[22,-52],[147,-45],[67,-45],[104,-8],[133,22],[-60,71],[-101,24],[135,72],[-107,45],[22,43],[241,49],[30,37],[-196,51],[-44,39],[-297,94],[194,25],[873,-9],[156,-24],[174,-79],[186,-21],[3,89],[-174,14],[-111,33],[-518,23],[-776,36],[-94,-20],[-162,29],[-80,48],[115,50],[364,-15],[-101,43],[92,29],[320,23],[267,6],[104,40],[257,-50],[292,-120],[348,-14],[181,61],[321,49],[-87,28],[-206,4],[-49,28],[47,97],[175,5],[132,42],[215,-42],[20,60],[416,-1],[764,56],[239,-25],[273,6],[384,-39],[177,-7],[68,-29],[760,-100],[-119,-51],[-517,-17],[-777,-24],[-43,-18],[-353,-26],[-247,-34],[-700,-47],[172,-9],[257,9],[271,35],[417,7],[360,60],[43,16],[755,-37],[231,14],[369,47],[105,-31],[25,-66],[-95,-50],[287,-5],[111,-37],[304,-24],[217,-58],[130,-52],[-24,-29],[-251,-74],[-36,-50],[-403,-35],[-552,-27],[-552,-27],[-553,-27],[-25,-31],[-509,-71],[-279,-70],[17,-86],[159,-6],[10,32],[120,57],[243,17],[490,78],[355,36],[873,-43],[-24,-119],[-447,-95],[-50,-58],[30,-51],[214,77],[302,49],[339,84],[-14,52],[45,81],[67,11],[435,24],[75,-61],[26,-119],[-64,-146],[-155,-119],[-77,-25],[-50,-67],[-80,-18],[-152,-114],[-30,-50],[-80,-48],[71,-23],[87,59],[-11,38],[282,81],[165,103],[115,21],[72,71],[233,106],[-7,45],[136,8],[39,-47],[-59,-103],[223,73],[288,-41],[132,-10],[92,71],[-7,51],[108,8],[-10,64],[178,18],[15,29],[162,-10],[358,-1],[240,-56],[135,-11],[151,-34],[96,-77],[79,-25],[-67,-41],[-147,-33],[-103,-83],[-319,-108],[-109,12],[-132,-17],[97,-44],[-25,-75],[-285,-40],[-28,-39],[-231,-6],[-225,15],[-215,-20],[-64,-30],[-146,-2],[-100,34],[-144,19],[-260,-73],[51,-24],[204,80],[225,-54],[173,-29],[207,12],[115,41],[125,-60],[181,-24],[2,-19],[-183,-107],[-188,-21],[-46,21],[-162,-33],[-220,23],[-143,38],[-82,-4],[-137,-102],[-30,-54],[-97,-86],[86,-10],[38,-71],[137,43],[77,-38],[-49,-48],[9,-42],[-59,-96],[44,-56],[130,-15],[-5,-65],[-165,-20],[-100,-55],[35,-51],[-39,-59],[-202,2],[-91,-37],[33,-36],[-8,-81],[-44,-34],[-70,-135],[17,-50],[-23,-62],[-86,-45],[24,-49],[-65,-35],[-52,-100],[88,-11],[88,11],[-12,57],[115,111],[56,0],[222,-103],[168,-33],[105,-67],[-121,-43],[-169,86],[-209,-43],[119,-36],[-54,-44],[94,-33],[-8,-28],[140,-18],[65,-28],[31,-43],[76,-2],[7,60],[127,-14],[83,-50],[16,-46],[1,-119],[-66,-99],[-71,6],[-85,45],[-91,-4],[-140,54],[-172,12],[-147,-87],[-75,0],[-51,-57],[-89,0],[-37,45],[-87,49],[-57,-13],[45,-48],[-94,-4],[-27,-27],[146,-40],[78,-4],[73,-55],[-94,-26],[-49,-41],[160,20],[13,-35],[-38,-74],[96,4],[129,26],[112,-49],[153,20],[74,-75],[-23,-41],[-67,4],[-76,-41],[-17,-40],[110,6],[52,-26],[74,-86],[-31,-41],[59,-73],[11,-80],[-24,-102],[-45,-48],[-81,5],[-47,43],[28,31],[-61,36],[-139,-28],[-147,74],[-24,43],[-85,16],[77,-92],[93,-28],[41,-37],[75,-31],[-36,-41],[0,-137],[-19,-33],[66,-84],[125,-13],[98,-43],[75,55],[50,-20],[0,-72],[82,-22],[-59,-79],[-52,-47],[-70,-16],[-160,24],[-43,95],[-250,17],[-143,-21],[-16,-37],[-62,-31],[4,-40],[-56,-41],[3,-45],[-72,-12],[139,-47],[110,34],[251,-99],[89,5],[22,-56],[-54,-22],[-11,-108],[38,-21],[-44,-50],[-205,5],[-73,19],[-8,-55],[-108,-35],[-98,-48],[-222,60],[-93,47],[-150,93],[-7,70],[52,11],[-65,47],[-97,-53],[-17,-42],[27,-55],[-88,-16],[-8,-23],[-159,-11],[-57,-41],[12,-32],[-70,-43],[-123,-18],[-83,23],[-74,-84],[-104,32],[-17,-24],[123,-27],[73,55],[124,3],[77,-37],[186,-31],[18,-34],[-42,-49],[-51,-27],[-104,6],[-82,-61],[-77,-7],[-92,44],[-28,-17],[109,-59],[118,6],[100,58],[89,-43],[98,-24],[44,-99],[-55,-48],[-149,-37],[68,-23],[91,39],[93,-10],[49,-48],[74,-31],[87,-20],[51,-56],[131,-46],[28,-32],[90,-30],[50,-33],[-63,-32],[-15,-31],[-77,-46],[13,-41],[155,88],[-52,-68],[61,-28],[33,40],[81,-13],[-121,-54],[-23,-67],[15,-115],[34,3],[19,93],[43,35],[54,-3],[75,-49],[-18,-39],[-64,-36],[66,-16],[18,-32],[-35,-59],[59,-75],[-51,-51],[39,-71],[-8,-63],[-24,-32],[71,-19],[-60,-66],[-41,1],[-51,39],[-72,-31],[-33,11],[-20,115],[12,84],[-40,8],[-21,-59],[23,-87],[-26,-77],[-190,2],[-163,99],[-70,110],[-12,73],[9,47],[-20,40],[-112,109],[-126,23],[-126,121],[-139,37],[-197,-22],[-103,70],[-18,44],[-109,70],[3,20],[-77,45],[-133,16],[-27,-39],[165,-18],[-29,-21],[177,-88],[-14,-36],[-75,-25],[147,-24],[24,-23],[96,-29],[67,17],[121,-4],[79,-17],[88,-70],[-5,-46],[-48,-60],[-111,-61],[-64,-10],[-54,-41],[-112,-22],[-188,3],[-79,47],[-109,-28],[34,-46],[39,-8],[-25,-81],[-83,-101],[-240,-54],[17,-44],[90,43],[141,24],[-19,-44],[32,-36],[292,49],[33,-8],[89,24],[59,-6],[58,-54],[-105,-52],[-76,22],[-89,-45],[-39,-43],[-131,-48],[-56,30],[-58,-5],[-55,-53],[114,16],[41,-35],[100,29],[34,-58],[53,18],[26,56],[1,45],[95,54],[58,-6],[86,-30],[116,63],[167,61],[-5,-78],[74,48],[159,-66],[4,-14],[121,-22],[132,-41],[330,1],[82,9],[-84,-92],[-56,-18],[-83,13],[-59,-24],[-43,-38],[75,-8],[-36,-40],[-84,-12],[-82,-18],[24,-58],[-8,-31],[-46,-30],[-80,12],[-44,-52],[-61,-46],[-57,26],[19,-74],[-113,-31],[-5,-54],[-77,-61],[-66,12],[19,-49],[-50,-53],[-34,11],[-43,-57],[-81,2],[-14,-56],[-36,-21],[-213,-29],[-37,-43],[-95,0],[-34,-38],[-37,25],[-50,-39],[-115,-18],[-139,-38],[-51,-49],[-89,-23],[-73,50],[-22,61],[-38,-20],[-44,-82],[39,-64],[-99,-11],[-152,-36],[-139,42],[-16,-23],[-62,12],[-13,59],[-70,34],[-24,62],[-70,50],[-26,52],[-41,-20],[46,-76],[55,-18],[59,-147],[-36,-24],[7,-83],[-48,-25],[-69,5],[-49,-63],[-64,-42],[-72,-76],[-48,-13],[22,-67],[-39,-46],[15,-52],[-41,-27],[-10,-52],[-34,-12],[-22,-59],[-54,-35],[-39,-118],[-47,-79],[-78,-48],[-30,-70],[-42,-36],[-49,-16],[-68,47],[0,-75],[-64,31],[-58,-11],[20,-95],[-61,-20],[-75,-81],[-35,-1],[-52,47],[-122,-55],[-15,-29],[-92,-54],[-119,86],[-44,71],[70,41],[-2,28],[94,103],[-111,-10],[-52,27],[-82,10],[-12,-31],[106,-26],[-66,-31],[40,-24],[-32,-47],[-5,-97],[-55,13],[-24,-38],[44,-77],[-30,-72],[-106,2],[-19,-35],[-147,2],[-69,-27],[-52,76],[-39,-29],[13,-36],[-41,-34],[-43,42],[-39,-35],[11,-34],[69,-13],[7,-116],[-74,-40],[-17,-72],[-71,3],[-58,55],[-31,-34],[-32,8]],[[37680,86379],[-40,15],[21,80],[46,-24],[14,-32],[-41,-39]],[[37457,86608],[-8,-63],[-61,-48],[13,106],[56,5]],[[37068,86846],[-37,18],[57,36],[78,35],[7,-28],[-60,-24],[-45,-37]],[[35921,88186],[-30,-22],[-25,31],[30,31],[25,-40]],[[35887,88995],[-42,-55],[-51,-97],[-55,-10],[56,80],[32,98],[60,-16]],[[35750,88911],[-43,15],[52,89],[48,4],[-23,-63],[-34,-45]],[[37859,86332],[-24,-50],[-73,-6],[-14,41],[40,58],[71,-43]],[[37775,86383],[-75,-65],[-26,23],[48,63],[53,-21]],[[38007,86430],[-4,-45],[-81,33],[-31,-75],[-86,40],[-15,35],[-44,34],[11,37],[250,-59]],[[36744,86825],[-50,-44],[-38,7],[-55,60],[85,22],[44,-14],[14,-31]],[[38323,87981],[4,-30],[-104,-15],[-14,37],[23,34],[91,-26]],[[38570,88279],[-3,-38],[-78,13],[-118,134],[45,15],[33,-40],[84,-46],[37,-38]],[[38702,88818],[-72,-4],[-6,48],[73,-4],[5,-40]],[[38849,88972],[-14,-20],[-61,8],[-24,22],[-22,106],[-54,65],[-27,59],[42,16],[61,-59],[17,-51],[-20,-23],[68,-91],[34,-32]],[[35295,89647],[23,-20],[-51,-47],[-36,10],[-2,41],[66,16]],[[39740,89659],[-50,-36],[-29,39],[44,26],[35,-29]],[[39781,89769],[0,-63],[-51,31],[51,32]],[[39596,89724],[-5,-49],[44,-16],[-118,-64],[-59,32],[-10,44],[9,55],[36,43],[51,20],[52,-65]],[[41746,91123],[-43,-46],[-41,41],[39,16],[45,-11]],[[35250,91257],[37,18],[28,-44],[-63,-28],[-32,22],[30,32]],[[35458,91365],[-163,-21],[85,54],[127,5],[-49,-38]],[[35771,92097],[58,7],[96,-55],[-84,-64],[6,-92],[-82,-12],[-27,118],[44,44],[-11,54]],[[35304,91770],[-84,-18],[-106,-43],[-71,15],[-23,33],[-62,9],[-34,36],[19,29],[113,-15],[31,29],[-54,49],[-69,-6],[-169,22],[-71,65],[28,29],[-6,40],[33,34],[8,51],[-18,67],[0,67],[25,30],[80,34],[152,-13],[178,-51],[65,-48],[84,-109],[116,-49],[87,-22],[23,-28],[-13,-38],[35,-34],[-85,-89],[-212,-76]],[[35606,92689],[42,-55],[-138,26],[14,45],[82,-16]],[[35028,92770],[-16,51],[95,87],[62,-96],[-16,-56],[-61,-15],[-64,29]],[[35421,92875],[-50,-55],[-82,-8],[-45,33],[-14,77],[55,24],[157,-20],[22,-31],[-43,-20]],[[35196,93033],[-45,23],[16,55],[172,-5],[-93,-72],[-50,-1]],[[34531,93251],[77,-13],[-42,-42],[-69,34],[34,21]],[[34709,93482],[-81,-82],[-36,-14],[-47,47],[121,59],[43,-10]],[[34499,93696],[-72,-20],[-18,33],[43,35],[90,5],[-43,-53]],[[34516,93652],[-14,30],[51,54],[114,51],[59,-14],[-29,-51],[-122,-104],[-59,34]],[[34553,93895],[24,10],[101,-32],[-102,-25],[-23,47]],[[34409,94351],[-136,-6],[7,56],[168,-33],[-39,-17]],[[34300,94736],[-160,-4],[106,41],[54,-37]],[[30117,96403],[-35,-43],[-119,4],[-110,39],[52,40],[212,-40]],[[30456,96419],[-201,-23],[-62,43],[113,12],[150,-32]],[[35201,99157],[-18,50],[154,34],[89,-68],[343,-107],[-18,-20],[-225,9],[-301,68],[-24,34]],[[37630,99296],[30,-17],[-180,-93],[93,-71],[-98,-20],[-93,69],[-403,101],[-85,88],[-144,76],[260,1],[122,19],[280,-66],[218,-87]],[[36707,99509],[-133,5],[13,60],[216,-39],[-96,-26]],[[39045,99694],[25,-31],[-137,-20],[-58,32],[-74,4],[-60,51],[155,-4],[149,-32]],[[38860,99666],[67,-42],[-234,26],[-202,86],[159,-3],[103,-55],[107,-12]],[[39212,99734],[-30,-32],[-251,47],[-56,35],[-161,6],[92,46],[145,-29],[83,-47],[178,-26]],[[43489,91999],[39,0],[20,-42],[-71,-9],[-31,35],[43,16]],[[42719,92472],[30,-43],[-78,0],[48,43]],[[42300,92573],[-10,77],[22,13],[121,-1],[-36,-44],[-97,-45]],[[42967,92577],[4,-52],[-145,-32],[-39,-34],[-88,25],[-81,-35],[-124,-12],[-291,-42],[-19,17],[39,47],[19,55],[69,10],[70,65],[43,18],[57,54],[112,2],[99,24],[22,21],[146,64],[7,-63],[74,-30],[26,-102]],[[43903,93546],[-115,0],[-78,21],[-33,-14],[24,-46],[175,-52],[-57,-87],[-76,8],[-118,60],[-32,41],[-234,90],[-53,47],[-71,25],[-37,136],[24,18],[130,13],[83,-25],[135,2],[28,-47],[91,-72],[55,-12],[158,-72],[1,-34]],[[43111,93826],[-40,-79],[-96,32],[39,31],[97,16]],[[43908,93724],[-201,-23],[-46,69],[-96,34],[-125,-4],[-60,22],[-193,-4],[-3,52],[210,14],[150,34],[274,-56],[98,-36],[-72,-64],[64,-38]],[[43187,93902],[-35,-1],[-114,42],[-102,2],[-77,36],[71,65],[38,13],[19,52],[218,8],[342,-100],[-8,-17],[-238,30],[97,-45],[190,-11],[28,-40],[-413,-41],[-16,7]],[[44346,94595],[53,-47],[-240,-42],[-67,-5],[-39,29],[-146,40],[-15,24],[41,59],[165,61],[194,-27],[54,-92]],[[44795,94815],[-24,-49],[-94,2],[-17,21],[88,51],[47,-25]],[[44497,94964],[21,-21],[-112,-90],[-82,20],[-69,50],[33,40],[-14,55],[37,31],[81,3],[63,-26],[-9,-43],[51,-19]],[[45189,95105],[-50,-80],[-167,23],[-97,-30],[-104,13],[-29,22],[25,60],[11,107],[79,21],[35,-37],[73,19],[89,-16],[-110,-41],[107,-88],[62,36],[76,-9]],[[44847,95634],[-89,80],[-6,56],[-60,105],[3,63],[31,25],[-27,53],[99,-16],[18,-33],[-17,-70],[19,-191],[29,-72]],[[44998,96545],[-62,0],[65,78],[100,5],[-48,-72],[-55,-11]],[[44633,96687],[3,-46],[-324,84],[139,26],[63,-58],[119,-6]],[[44339,96833],[-121,22],[106,38],[15,-60]],[[44745,97010],[3,-59],[-102,-64],[4,89],[95,34]],[[44687,97164],[-75,-4],[-60,38],[127,91],[8,-125]],[[45129,97349],[-108,17],[77,72],[62,-29],[-31,-60]],[[44787,97891],[52,25],[233,43],[128,-45],[-22,-40],[-133,-116],[-180,-33],[-169,53],[-74,54],[165,59]],[[44577,97923],[-23,67],[110,37],[121,-56],[-208,-48]],[[45074,98825],[-134,56],[117,31],[127,-83],[-110,-4]],[[44594,99031],[-50,85],[152,-34],[115,-100],[-102,-25],[-115,74]],[[0,42063],[0,102],[23,53],[17,1],[10,-50],[-19,-51],[-31,-55]],[[99999,42166],[0,-103],[-23,-20],[-6,34],[20,47],[9,42]],[[99999,42532],[0,-11],[-41,-71],[-32,-97],[-39,-46],[-7,-49],[-23,-48],[16,-33],[42,67],[7,26],[36,55],[28,5],[-18,-66],[4,-59],[-8,-30],[-20,30],[-44,-17],[-13,-24],[-83,-11],[15,44],[-24,24],[-26,-19],[-14,-39],[-21,-20],[-5,-57],[-40,38],[-17,-26],[-6,-43],[-27,-12],[-9,57],[-19,69],[-25,-20],[-8,31],[16,32],[8,51],[31,-30],[46,70],[19,44],[38,9],[52,33],[25,-6],[35,51],[8,31],[19,-4],[59,52],[25,-28],[15,29],[25,18]],[[99563,40916],[18,-33],[-43,-20],[-9,29],[-37,-46],[-19,-45],[-29,-2],[17,59],[16,-8],[19,53],[43,30],[24,-17]],[[99817,41467],[5,-47],[-14,-6],[-17,80],[17,2],[9,-29]],[[99659,41680],[11,0],[2,-58],[-15,-10],[-8,42],[10,26]],[[99641,41471],[-13,-56],[-54,-31],[-19,24],[-35,-26],[-30,-59],[-36,-9],[-50,-1],[-9,18],[-65,39],[-33,5],[-38,30],[-23,89],[8,57],[25,17],[0,42],[18,4],[-13,59],[64,107],[59,51],[26,-23],[32,28],[30,6],[11,27],[20,-20],[12,-55],[39,-69],[44,-57],[-10,-61],[19,-62],[-11,-36],[23,-49],[9,11]],[[99847,41875],[-19,-58],[-2,81],[21,-23]],[[97013,21585],[-15,-46],[-23,31],[38,15]],[[96178,22691],[-26,-56],[29,-69],[-9,-25],[-39,43],[-32,-31],[-22,26],[48,58],[16,82],[32,17],[3,-45]],[[1005,26551],[-8,25],[11,51],[-39,9],[15,-115],[44,-53],[-57,-34],[-29,-6],[-15,53],[41,56],[-14,49],[-20,22],[10,53],[33,-6],[55,-30],[-27,-74]],[[96721,24737],[-2,-29],[-54,-15],[-27,-37],[-31,10],[-40,-20],[8,-32],[-42,-7],[3,40],[22,32],[10,58],[27,12],[-2,41],[22,34],[-16,51],[8,64],[37,8],[23,-24],[48,-80],[-7,-59],[13,-47]],[[96381,25822],[16,-79],[-39,38],[23,41]],[[98272,28273],[12,82],[38,-17],[-18,-41],[-32,-24]],[[97985,26907],[-6,-78],[21,-113],[69,-24],[12,-18],[3,-83],[-30,-35],[-34,-7],[-44,56],[-28,10],[-33,37],[-22,-9],[-15,-75],[-37,-16],[-47,-35],[-54,-58],[-17,-2],[-71,-61],[-37,-54],[-20,-10],[-18,-54],[-3,-50],[-21,-62],[5,-142],[-3,-53],[-31,-97],[-30,-47],[-29,-116],[8,-27],[-58,-159],[17,-48],[8,-58],[-24,-26],[-58,-8],[-44,-34],[-21,-47],[-7,-52],[-38,-41],[-64,-89],[-5,-51],[-59,-64],[-19,8],[-44,-32],[-66,-14],[-38,-21],[-44,21],[-9,49],[-70,-31],[-63,42],[-41,107],[-40,4],[-62,-28],[-30,43],[13,16],[-25,61],[-66,23],[-15,-59],[-65,-13],[-24,21],[-90,10],[-13,50],[-28,26],[4,70],[-44,-10],[5,101],[111,18],[-25,30],[-8,66],[-19,39],[29,113],[21,38],[38,-35],[17,20],[-21,90],[38,61],[17,54],[30,43],[30,20],[93,137],[30,1],[-7,55],[55,88],[24,19],[14,47],[47,69],[20,52],[65,37],[28,-27],[31,22],[62,72],[31,51],[108,90],[42,21],[46,99],[37,28],[20,51],[38,11],[34,78],[42,55],[52,30],[44,64],[23,63],[17,17],[33,65],[29,82],[22,89],[7,85],[24,81],[20,102],[-6,37],[48,5],[40,35],[33,51],[22,82],[24,29],[13,94],[-3,210],[23,47],[49,52],[40,72],[19,-13],[18,59],[22,-24],[-9,-105],[47,-63],[44,27],[14,-52],[-10,-75],[0,-76],[15,-23],[12,-71],[24,6],[62,95],[13,-7],[24,47],[21,-11],[26,22],[-9,31],[26,15],[-1,-52],[37,6],[24,43],[22,-26],[32,11],[14,-68],[-30,-59],[25,-59],[-31,2],[-21,-61],[0,-53],[32,-35],[15,-84],[17,-18],[-25,-70],[-54,-89],[-13,-73],[-18,-48],[-40,-53],[-11,-41],[-41,-50],[-10,-47],[-66,-219],[-37,-28],[-19,-37],[-38,-15],[-38,-44],[-17,-64]],[[98760,30937],[-51,22],[9,73],[40,-34],[2,-61]],[[99153,29022],[23,-32],[0,-52],[-19,-74],[-37,-171],[-37,-64],[-17,-58],[-8,-54],[-19,-1],[-54,-121],[-36,-137],[-27,-44],[-15,-75],[-28,-61],[-53,-72],[-30,-29],[-94,-108],[-30,-2],[-12,59],[1,53],[-48,19],[-20,-30],[-20,10],[6,113],[-21,-3],[-20,-68],[-36,32],[64,143],[28,42],[10,55],[17,28],[28,87],[13,61],[13,134],[-14,116],[-8,29],[-52,97],[-35,31],[-76,21],[-36,51],[-33,71],[-29,21],[-63,21],[-38,45],[-19,40],[-7,53],[6,54],[20,42],[29,21],[71,72],[43,-1],[26,22],[33,56],[17,118],[1,99],[18,101],[-1,97],[37,-3],[13,36],[1,44],[-29,11],[2,54],[17,62],[-18,113],[-16,64],[0,55],[-11,19],[-35,138],[22,19],[17,-69],[23,39],[26,19],[-15,47],[2,30],[-37,3],[-50,-60],[-9,15],[-22,146],[-15,44],[-38,81],[-10,53],[21,3],[28,-106],[20,-20],[11,48],[-8,101],[-46,22],[5,28],[-42,85],[-28,4],[45,-105],[-34,-30],[-16,76],[-46,117],[-125,285],[14,76],[31,3],[3,32],[-33,-8],[-19,-27],[-7,-45],[-75,171],[22,37],[7,56],[-17,75],[-95,217],[-35,41],[19,28],[23,-8],[21,19],[31,-5],[-29,-69],[40,-35],[6,-56],[20,-35],[-6,-29],[48,-57],[44,54],[13,-32],[-27,-19],[20,-50],[34,-2],[17,15],[42,-24],[21,2],[23,-40],[47,-140],[20,-14],[11,39],[23,-7],[39,-96],[-1,-37],[28,-44],[-15,-73],[19,-23],[-2,-51],[-28,-32],[5,-47],[38,-39],[-2,-30],[37,-79],[18,-19],[-20,-45],[9,-47],[-14,-11],[-3,-79],[27,-133],[30,-8],[42,-27],[1,-39],[44,6],[25,-46],[-3,-61],[13,-46],[23,-10],[41,7],[-19,144],[-22,51],[20,44],[-11,54],[6,29],[-41,72],[23,31],[34,-44],[11,-37],[6,-69],[47,16],[-2,-43],[27,-83],[1,-74],[9,-14],[-4,-87],[11,-30],[12,-112],[-12,-26],[15,-63],[18,0],[19,-32],[28,12],[60,-49],[20,-6],[55,-67],[65,-29],[54,-55],[14,16],[67,11],[33,36],[32,72],[19,65],[38,17],[43,56],[69,-5],[17,-34],[48,-20],[14,-38],[-37,-90],[-22,-73],[8,-45],[-14,-38],[7,-25],[-10,-44],[12,-30],[-17,-86],[-2,-42],[-64,-102],[-28,-26],[-22,-186],[32,-26],[-36,-92],[-14,106],[-15,14],[-105,2],[-89,-70],[-11,-44],[-25,-42],[-8,-57],[10,-27],[3,-65]],[[96533,38834],[-4,-58],[-25,15],[2,48],[27,-5]],[[96704,39490],[-2,-98],[-26,-33],[-22,12],[-28,79],[-6,73],[36,-12],[12,-33],[36,12]],[[96508,39722],[-2,-69],[-26,-9],[-18,42],[-33,10],[-22,44],[4,47],[14,15],[14,58],[-8,44],[16,23],[27,-34],[-8,-31],[1,-67],[28,-23],[13,-50]],[[96397,39026],[-5,-46],[-29,-39],[-9,29],[-28,-33],[-40,66],[-43,-6],[-53,79],[-14,-1],[-26,61],[0,38],[-23,44],[-20,-30],[-34,56],[-13,-3],[-24,72],[-15,-13],[-48,48],[-12,42],[-14,-11],[-34,27],[-9,36],[-23,18],[-16,49],[-37,55],[-18,10],[-24,59],[-9,58],[-20,13],[-21,43],[1,22],[-38,32],[-43,77],[-2,32],[-20,73],[-26,28],[-17,130],[-25,0],[3,110],[36,-79],[17,-22],[20,29],[50,-38],[24,-52],[40,-47],[29,-63],[64,-88],[44,-17],[14,-61],[19,-35],[21,-10],[-2,-62],[55,-78],[5,-44],[37,-20],[26,-47],[17,4],[44,-53],[42,-73],[53,-63],[45,-98],[28,-29],[29,-51],[27,-12],[18,-26],[6,-37],[20,-53]],[[62292,40098],[2,39],[26,98],[24,47],[11,82],[-30,80],[10,42],[-1,53],[22,50],[-7,61],[-22,60],[-10,45],[-25,65],[-7,39],[8,144],[-20,111],[-38,106],[-2,132],[-11,150],[10,97],[-30,97],[4,84],[66,207],[16,72],[28,90],[25,66],[-4,87],[13,36],[-17,65],[14,107],[24,6],[60,-11],[28,-17],[52,62],[27,73],[35,39],[18,-107],[21,31],[-7,47],[72,18],[-5,53],[20,39],[36,-18],[17,20],[37,-7],[35,51],[21,-2],[8,-30],[-11,-35],[24,-70],[20,-13],[5,74],[-24,11],[15,37],[-13,33],[8,37],[35,70],[8,-2],[41,65],[46,62],[21,38],[26,16],[7,-49],[22,-24],[-30,-97],[23,5],[50,29],[-33,73],[-15,52],[9,47],[32,51],[24,71],[-1,44],[43,101],[15,-23],[2,-78],[-23,-68],[-3,-71],[20,5],[24,84],[33,135],[18,57],[-14,89],[2,44],[29,88],[31,-17],[8,35],[-8,43],[33,-24],[1,39],[-30,46],[21,30],[-27,32],[-12,65],[8,104],[35,50],[15,-7],[16,-38],[11,-87],[25,-34],[16,14],[1,69],[26,79],[29,7],[-13,56],[31,-17],[42,19],[26,87],[-6,29],[7,74],[27,88],[4,67],[-25,101],[6,41],[-32,64],[23,23],[14,-43],[14,11],[8,79],[38,52],[22,55],[-26,38],[27,19],[16,60],[17,-32],[9,-85],[-29,-19],[28,-68],[12,39],[19,-75],[21,-10],[13,-60],[-6,-78],[46,-69],[38,-82],[0,-36],[21,-53],[-2,-77],[11,-94],[16,-17],[3,-79],[9,-31],[6,-71],[13,-62],[3,-115],[5,-43],[-3,-84],[14,-49],[-6,-97],[6,-92],[20,-152],[20,-88],[34,-94],[7,-69],[-20,-164],[-25,-94],[-1,-27],[-27,-85],[-20,-15],[-36,72],[-4,51],[-13,23],[0,60],[-20,37],[-1,81],[-42,-8],[-31,-63],[11,-100],[15,-108],[-14,-85],[6,-35],[39,-56],[-3,-113],[8,-21],[-4,-62],[-14,-51],[-21,-39],[16,-85],[-43,-17],[-27,-90],[-27,-139],[-2,-42],[9,-35],[13,-142],[-1,-77],[-24,-156],[1,-59],[-9,-32],[-7,-114],[-32,-134],[-14,-107],[-32,-129],[-25,-180],[-36,-176],[-9,-126],[-12,-77],[-23,-94],[-38,-217],[-28,-205],[-2,-47],[-21,-121],[-14,-109],[-35,-220],[-71,-318],[-13,-77],[-18,-241],[-20,-121],[-7,-84],[-33,-193],[0,-28],[-14,-123],[-20,-94],[-12,-13],[-23,-133],[-9,-31],[-7,-93],[-33,-169],[-18,-38],[2,-37],[-48,-90],[-11,11],[-43,-62],[-32,-17],[-42,12],[-32,-1],[-42,-19],[-55,-46],[-74,-75],[-27,-50],[-32,-38],[-19,-8],[-99,-6],[-5,32],[-38,33],[-41,74],[-29,23],[-59,11],[-41,16],[-50,109],[-44,39],[-8,77],[-20,52],[0,71],[-25,84],[-37,58],[-9,41],[-5,86],[4,99],[-2,84],[-7,50],[1,82],[30,39],[2,67],[-36,66],[-12,152],[-27,43],[-36,99],[-11,106],[-9,33],[-2,93],[-15,99],[20,51],[-13,23],[-1,52],[25,154],[22,54],[16,1],[0,154],[8,41],[24,34],[41,-4],[22,33],[14,85],[10,112],[18,66],[20,24],[15,55],[10,76],[35,71]],[[63876,42169],[-13,-108],[-14,27],[27,81]],[[63425,44138],[-1,-31],[-34,18],[-2,76],[32,3],[11,-38],[-6,-28]],[[84941,55834],[-10,-17],[-10,77],[-12,10],[9,71],[21,-33],[2,-108]],[[84158,56085],[-43,-51],[-6,51],[30,31],[19,-31]],[[85157,56037],[12,-24],[-38,-111],[-2,-36],[-33,-2],[-13,-61],[-25,23],[-12,-30],[24,-66],[-7,-87],[-1,-85],[-14,-61],[-22,87],[-4,73],[4,49],[-5,67],[-16,14],[-12,42],[2,39],[-23,54],[-14,88],[0,48],[-12,8],[-42,-65],[0,-63],[-23,-52],[-18,-13],[-8,-59],[-26,-83],[-3,-55],[6,-43],[19,-2],[19,-48],[11,3],[19,-100],[18,-112],[-2,-63],[-9,-52],[-47,-129],[-17,-62],[-14,-25],[-24,10],[0,46],[-33,73],[23,87],[4,40],[-8,43],[-23,11],[-22,-131],[-5,-14],[-37,2],[-95,78],[-48,64],[-49,44],[-41,102],[-12,42],[-1,134],[-13,69],[-11,18],[3,83],[15,86],[43,64],[10,37],[7,66],[-16,3],[-13,30],[-21,81],[-43,56],[-33,6],[-19,49],[-38,25],[-40,-21],[15,-54],[-3,-26],[-37,-52],[27,-69],[-9,-47],[-53,83],[-24,-1],[-4,34],[17,31],[-22,61],[-16,-45],[-15,-108],[-46,48],[-10,70],[5,41],[-30,26],[-30,-15],[-24,-38],[-19,-50],[12,-18],[-38,-72],[8,-35],[-22,-41],[-9,-42],[-6,-86],[-25,-98],[-10,-19],[-22,12],[-28,36],[-11,45],[0,48],[10,45],[31,47],[0,82],[19,92],[4,122],[31,87],[14,26],[41,32],[45,15],[14,14],[30,0],[46,19],[25,48],[-14,24],[8,71],[17,62],[44,21],[33,3],[9,44],[32,41],[31,-59],[7,34],[40,-25],[23,-90],[6,-50],[3,-149],[45,48],[33,1],[21,13],[25,173],[23,54],[38,-27],[28,-49],[31,14],[5,55],[-6,56],[10,23],[-2,125],[12,37],[26,-12],[31,-43],[25,-51],[19,26],[-2,71],[13,46],[24,-48],[42,-6],[18,24],[4,94],[-21,126],[-19,157],[16,76],[31,-32],[15,-73],[47,-49],[40,-31],[21,-114],[18,-31],[40,38],[-11,-123],[37,-78],[9,-60],[-13,-49],[-44,-65],[-8,-27],[13,-46],[17,16],[38,-12],[7,-80],[-13,-28],[15,-31],[-7,-61],[28,24],[-9,-106],[6,-37],[-16,-27],[3,-58],[23,-50],[26,-16],[-4,-53],[11,-93],[-11,-95]],[[84803,57575],[-41,58],[1,54],[25,-35],[15,-77]],[[84549,57990],[3,-29],[-25,-29],[5,59],[17,-1]],[[84610,58492],[3,-44],[-42,4],[-13,30],[-12,77],[35,9],[17,-20],[12,-56]],[[83971,62432],[7,-39],[-5,-49],[-35,-75],[1,-79],[-12,-107],[5,-103],[26,-149],[32,-4],[19,-35],[-7,-68],[9,-27],[24,-22],[-16,-58],[-2,-54],[-33,-146],[-30,-79],[-9,-47],[0,-92],[-70,-72],[-56,-35],[-30,-62],[-18,-22],[-7,-59],[23,-62],[-21,-75],[-20,-41],[-3,-37],[-27,-85],[9,-44],[21,-40],[5,-57],[15,-43],[9,-75],[37,-80],[-27,-10],[-5,-52],[14,-112],[18,-41],[9,-58],[-7,-33],[13,-36],[43,-75],[42,-33],[40,-18],[-8,50],[25,17],[-34,67],[55,70],[29,49],[16,1],[21,-27],[41,18],[28,-31],[44,-100],[6,-47],[13,-20],[2,-50],[-10,-73],[16,-31],[44,16],[13,41],[-9,67],[-18,32],[10,44],[21,1],[19,-35],[5,-46],[18,12],[56,-38],[9,29],[25,-56],[37,-31],[-39,-55],[-58,23],[-16,-58],[21,-64],[17,-18],[18,-71],[18,-31],[-13,-88],[19,-49],[15,42],[30,-26],[28,-51],[13,40],[16,-12],[-18,-76],[6,-74],[-3,-69],[-12,-28],[2,-42],[-31,-5],[-29,56],[-10,41],[-7,67],[51,27],[7,44],[-37,11],[-20,-56],[-27,-19],[-15,46],[-20,-16],[-24,35],[-20,46],[-36,-14],[-9,62],[6,66],[-30,71],[-6,52],[-55,45],[-44,73],[14,24],[-35,71],[-32,42],[-30,25],[-18,-17],[17,-49],[-4,-97],[35,-57],[-7,-26],[21,-74],[5,-87],[-29,-31],[-23,37],[-1,75],[-50,129],[-31,12],[-25,80],[-16,30],[-21,4],[-72,91],[-10,-25],[-57,-43],[-14,-32],[8,-58],[-25,-16],[-26,-42],[-34,26],[-21,-12],[-13,13],[5,46],[-40,48],[-4,59],[-41,15],[-7,-45],[-28,-5],[-5,71],[5,77],[-9,56],[11,40],[24,16],[45,93],[26,25],[3,32],[-12,63],[-30,55],[-52,14],[-27,28],[-2,-77],[11,-25],[6,-88],[-10,-37],[-45,8],[-9,95],[-23,19],[-12,44],[7,57],[-16,29],[-6,-60],[-27,11],[-12,79],[1,75],[-13,120],[-33,91],[21,50],[-16,47],[4,54],[-7,42],[-4,87],[-14,24],[-20,-7],[6,112],[-6,37],[15,95],[22,11],[10,-24],[-7,-54],[53,-56],[4,-49],[22,-20],[41,14],[19,62],[-4,49],[-14,24],[-8,145],[-9,39],[14,58],[-4,37],[32,106],[3,27],[-10,123],[2,58],[9,26],[-11,87],[-19,22],[6,70],[13,11],[-3,48],[9,25],[1,53],[14,51],[-2,50],[27,115],[5,42],[-6,61],[13,39],[45,14],[6,43],[16,1],[21,-42],[50,44],[18,-10],[26,-40],[44,-45],[53,-68],[16,-2],[50,-39],[34,-1],[38,61],[12,73],[18,2],[22,-68]],[[83402,54866],[-17,-41],[-29,-26],[-16,6],[-20,-49],[-38,-9],[3,43],[38,50],[34,21],[31,53],[14,-48]],[[83496,55507],[-2,-68],[-16,9],[18,59]],[[83970,55653],[-17,-36],[-13,-69],[-62,-27],[-23,57],[-2,41],[-16,11],[6,43],[28,5],[36,37],[63,-62]],[[82523,56473],[0,-78],[-5,-42],[-18,-15],[-13,59],[2,79],[34,-3]],[[82590,56626],[8,-12],[-4,-60],[-14,-8],[-6,48],[16,32]],[[84661,57131],[1,-67],[-32,24],[-7,54],[17,18],[21,-29]],[[84360,57111],[-16,-38],[-22,9],[-23,33],[49,67],[12,-71]],[[85045,57493],[-12,-40],[-29,13],[-9,69],[27,89],[23,-131]],[[84601,57517],[16,-39],[-11,-41],[-24,21],[-19,-30],[-5,-33],[-33,-30],[-63,-6],[-36,13],[-20,25],[3,34],[-19,11],[1,36],[21,65],[46,37],[6,40],[31,55],[41,10],[44,-57],[27,-22],[-9,-57],[3,-32]],[[84921,57541],[-30,32],[-7,38],[-25,40],[12,65],[-5,58],[10,31],[36,17],[-8,-79],[7,-86],[7,-25],[-7,-64],[10,-27]],[[83319,57940],[12,-37],[-22,-34],[-30,-20],[-8,51],[20,63],[28,-23]],[[84086,58015],[7,-55],[-14,-77],[-15,-35],[-29,-12],[0,96],[13,43],[13,11],[13,45],[12,-16]],[[84325,58070],[-16,-86],[-8,-76],[-27,-64],[-12,-52],[-2,-50],[-14,-96],[-37,-130],[4,-99],[-10,-45],[12,-16],[6,-60],[34,-82],[-6,-74],[-19,-62],[-19,-24],[-36,-18],[-28,50],[-17,116],[-17,23],[-24,5],[-34,35],[-29,74],[-18,88],[-10,71],[22,79],[65,7],[47,76],[-6,63],[4,71],[-14,70],[1,35],[24,37],[17,71],[-2,90],[11,21],[23,7],[35,41],[32,-26],[14,4],[40,-22],[14,-52]],[[84457,58072],[-8,-50],[9,-69],[-3,-82],[-19,-91],[-46,-52],[-24,-46],[-21,-68],[0,-45],[-38,-177],[-6,-50],[-32,-81],[-14,2],[-2,45],[14,160],[11,54],[-6,37],[11,54],[24,49],[20,76],[5,37],[30,83],[16,102],[24,65],[18,108],[1,51],[15,28],[-6,46],[19,59],[15,6],[-9,-80],[3,-50],[-1,-121]],[[84388,58271],[-14,-22],[-11,44],[14,35],[11,-57]],[[83241,57910],[11,-33],[-41,-70],[-25,3],[-32,-29],[-20,-39],[-13,-47],[-12,-71],[-34,-28],[-55,-20],[-28,-22],[-7,-27],[10,-57],[-17,-91],[-15,-35],[-48,-147],[-18,-24],[-27,-54],[-41,-13],[-15,-17],[-21,-101],[-12,-37],[-29,-33],[-38,-73],[-29,-22],[-29,-2],[-14,-89],[-12,4],[-42,-36],[-34,-67],[7,95],[19,81],[24,61],[20,26],[20,62],[28,53],[9,38],[32,17],[7,44],[30,56],[28,-16],[34,60],[25,81],[17,24],[19,67],[51,80],[25,82],[29,68],[11,49],[20,-10],[-4,53],[36,15],[5,35],[16,16],[13,47],[22,4],[35,63],[11,48],[8,77],[-34,73],[14,44],[16,-60],[30,-16],[-1,33],[-18,9],[-15,43],[1,33],[24,28],[7,42],[-10,21],[9,40],[-2,40],[25,58],[16,-79],[-14,-71],[12,-45],[-16,-51],[4,-77],[21,0],[-1,-95],[12,-12],[10,-57]],[[84797,57778],[-12,-40],[-19,16],[-20,-30],[-27,61],[2,-78],[12,-87],[-7,-13],[-37,63],[-29,9],[-4,20],[8,67],[-15,54],[1,56],[15,95],[-5,94],[-24,68],[-20,36],[-31,-74],[-31,46],[5,38],[-3,163],[-26,95],[5,52],[32,-64],[16,-2],[19,-56],[17,-24],[31,14],[29,60],[23,-7],[15,-23],[-5,-50],[21,-44],[-4,-24],[7,-120],[-13,-98],[6,-31],[27,-28],[19,-53],[2,-98],[13,-20],[7,-43]],[[84213,58445],[-3,-58],[-13,-66],[5,-48],[-25,-11],[-7,-42],[-49,-42],[-16,-35],[5,-47],[-10,-37],[-37,-21],[-11,-44],[-39,-7],[-62,-25],[-35,-42],[-17,-59],[-16,-21],[-14,21],[15,91],[-2,49],[-11,38],[11,74],[19,65],[2,124],[15,245],[-6,38],[-62,22],[9,75],[19,24],[43,-64],[41,-22],[34,-33],[34,-75],[21,-20],[10,-31],[30,48],[35,-1],[12,-88],[61,63],[14,-38]],[[83339,58682],[12,-87],[-15,-34],[-16,-2],[1,50],[-25,81],[17,31],[26,-39]],[[83429,58761],[-30,-24],[-27,24],[-2,-32],[-42,29],[-14,63],[-18,56],[19,26],[23,-14],[49,-81],[25,14],[17,-61]],[[84079,58976],[-5,-49],[-16,-24],[-28,58],[-22,19],[-2,30],[16,18],[46,-12],[11,-40]],[[84919,58253],[-38,2],[-37,-31],[-35,30],[-28,-11],[-4,56],[-19,31],[-36,5],[0,74],[-21,32],[-27,20],[17,35],[16,0],[14,32],[10,59],[-9,27],[-21,-19],[-26,60],[-11,7],[-18,69],[-14,30],[-30,12],[-21,27],[-29,71],[-13,95],[-19,85],[23,6],[89,-16],[53,8],[31,18],[23,-18],[13,28],[16,0],[29,-46],[21,-57],[-11,-33],[15,-33],[38,-21],[-12,-82],[19,-35],[-20,-47],[1,-71],[10,-24],[2,-56],[-8,-57],[25,-103],[22,-32],[-3,-32],[-17,-26],[39,-52],[1,-17]],[[84459,58628],[-95,89],[2,24],[-29,48],[-21,66],[-32,4],[-20,-60],[-48,-95],[8,106],[19,28],[-17,59],[9,24],[7,67],[-9,23],[-3,67],[25,-6],[10,-43],[25,10],[28,-30],[13,-38],[30,-43],[18,-61],[32,-1],[44,-129],[-8,-20],[13,-45],[-1,-44]],[[83920,59127],[6,-60],[-15,-142],[-13,-58],[-10,-2],[-22,53],[4,45],[16,35],[0,75],[34,54]],[[84385,58960],[-16,18],[-41,125],[7,37],[32,-50],[18,-130]],[[84244,59242],[-27,-4],[-41,84],[-24,23],[-2,39],[27,9],[22,-59],[11,-50],[34,-42]],[[83756,59149],[6,-34],[-15,-55],[-15,-16],[-7,-45],[3,-34],[-42,-66],[-8,-32],[-31,16],[-60,156],[-1,70],[-16,47],[-16,8],[-11,157],[-32,104],[-13,9],[-32,59],[-11,73],[-20,-26],[-17,35],[14,43],[58,-3],[52,-27],[54,37],[26,-68],[49,-5],[32,-54],[12,-37],[15,-12],[5,-49],[22,1],[6,-29],[-17,-31],[-1,-155],[11,-37]],[[83916,59560],[5,-35],[-35,-89],[-35,47],[-14,33],[-1,63],[17,68],[10,-26],[22,4],[35,-38],[-4,-27]],[[83405,59729],[-47,48],[3,41],[38,-35],[6,-54]],[[84560,59822],[-8,-93],[-27,-62],[-34,-42],[-40,80],[26,64],[4,73],[-3,82],[21,25],[15,-27],[7,-52],[39,-48]],[[83917,59955],[9,-48],[-48,71],[-5,51],[44,-74]],[[83890,60478],[2,-45],[-10,-54],[13,-59],[-6,-37],[-26,-1],[7,54],[-15,68],[-17,36],[7,58],[44,-4],[1,-16]],[[83880,62766],[6,-13],[-27,-54],[-12,32],[14,47],[19,-12]],[[83756,62960],[-7,-36],[-26,23],[-16,41],[13,19],[36,-12],[0,-35]],[[83716,55291],[11,-33],[-39,-51],[-14,48],[-41,-31],[-20,20],[-21,-22],[-17,44],[9,31],[38,47],[38,-19],[11,-37],[15,15],[30,-12]],[[72743,55917],[4,-41],[-17,-147],[-15,-89],[-26,-86],[-38,-52],[-51,-84],[-69,-61],[-85,-49],[-26,-44],[-34,-20],[-96,49],[-17,19],[-23,49],[-20,81],[-15,110],[-2,44],[-30,157],[-4,48],[4,70],[-13,97],[5,30],[-13,206],[5,40],[-12,120],[-18,133],[0,69],[23,24],[-14,-86],[10,-70],[19,8],[-11,40],[9,37],[-6,53],[6,22],[13,156],[19,60],[3,56],[-7,36],[6,84],[28,45],[19,120],[0,41],[-18,49],[40,48],[-31,70],[52,-53],[4,-29],[39,27],[-44,64],[-26,21],[-24,-17],[-39,43],[-11,43],[22,32],[67,4],[50,-122],[17,-21],[76,-128],[14,-63],[11,-6],[27,-126],[32,-80],[13,-18],[39,-115],[-6,-103],[43,6],[23,-204],[20,-74],[12,-8],[3,-56],[9,-33],[25,-45],[4,-59],[17,-48],[-4,-36],[12,-46],[15,-8],[7,-49],[-1,-135]],[[30894,58800],[-4,-33],[-42,37],[-37,57],[-24,59],[1,49],[25,-29],[9,-49],[22,-31],[35,-18],[15,-42]],[[30556,59076],[33,-71],[-3,-21],[-47,69],[17,23]],[[29722,64187],[-21,32],[23,32],[22,-45],[-24,-19]],[[29683,64712],[7,43],[14,4],[28,-27],[20,4],[38,-32],[-12,-32],[-23,37],[-30,7],[-24,-16],[-18,12]],[[29542,63962],[26,40],[11,33],[32,21],[15,-34],[25,-17],[26,20],[30,92],[13,-22],[-7,-78],[-18,-43],[-9,-51],[-27,-23],[-33,6],[-41,-23],[-30,13],[-21,-6],[-7,48],[15,24]],[[29445,64882],[12,36],[30,0],[-19,-73],[-20,1],[-3,36]],[[29364,64925],[-18,52],[35,-4],[17,-40],[42,-15],[-21,-36],[-55,43]],[[28945,65389],[-21,-6],[-32,42],[2,47],[35,-67],[16,-16]],[[29314,65667],[-17,-6],[0,51],[20,24],[9,-33],[-12,-36]],[[28465,65616],[2,-40],[-13,-71],[-22,8],[-47,71],[-6,83],[-30,43],[29,64],[45,55],[10,-38],[-28,-42],[10,-40],[16,25],[11,46],[16,-53],[7,-111]],[[29079,65780],[-6,-34],[-25,-5],[6,52],[-36,86],[-10,57],[-21,23],[-2,34],[-29,42],[13,23],[23,-32],[4,-47],[38,-111],[21,-27],[24,-61]],[[28478,66226],[-14,36],[20,13],[36,1],[-15,-45],[-27,-5]],[[28235,66034],[16,-9],[1,76],[23,50],[14,80],[-15,106],[47,-1],[18,-26],[-2,-72],[14,-21],[17,-79],[38,-80],[-4,-57],[9,-58],[-24,-30],[-29,-56],[-43,-20],[-4,36],[-28,49],[-13,1],[-35,37],[-25,54],[25,20]],[[28844,66326],[13,-29],[-6,-123],[-21,0],[16,60],[-3,71],[-28,37],[-23,63],[-51,39],[-17,30],[-33,14],[-5,67],[29,-58],[46,-62],[34,-16],[15,-38],[34,-55]],[[28169,67115],[-38,-23],[4,43],[21,23],[17,49],[38,3],[42,-9],[88,26],[19,-28],[-93,-35],[-15,0],[-69,-32],[-14,-17]],[[28385,67329],[11,11],[73,-33],[51,-92],[16,-49],[24,-14],[34,-41],[0,-61],[13,-62],[-20,-5],[-22,-35],[-8,-102],[1,-88],[-10,-18],[-25,61],[-9,46],[35,43],[-9,34],[16,149],[10,58],[-42,18],[-10,43],[-22,15],[-25,90],[-66,16],[-16,16]],[[30054,64381],[-1,30],[36,1],[13,-39],[-30,12],[-18,-4]],[[29994,64448],[3,31],[27,-6],[3,-47],[-33,22]],[[83862,66202],[-23,-55],[-2,-121],[11,-54],[-4,-40],[-17,-28],[-2,-71],[-31,-67],[-15,-67],[6,-29],[-30,-212],[-16,-182],[-15,-51],[-3,-62],[-14,-36],[-14,-72],[-30,-67],[-13,-58],[-34,-54],[-20,-70],[-20,-137],[1,-134],[-12,-40],[1,-35],[-38,32],[-2,76],[-21,105],[-30,74],[-50,55],[-5,33],[-21,47],[4,18],[-22,112],[-1,74],[-31,80],[20,121],[-2,91],[5,68],[13,79],[29,79],[13,63],[42,120],[22,101],[22,45],[15,71],[40,60],[22,100],[37,96],[42,35],[46,27],[16,48],[29,26],[16,-9],[15,-43],[19,-26],[48,-22],[5,-45],[27,-19],[-28,-30]],[[82886,65956],[16,-10],[0,-52],[-21,10],[-16,-24],[-10,50],[28,-3],[3,29]],[[86050,70147],[-15,-90],[-19,-1],[34,91]],[[86571,70537],[-18,-100],[-41,-246],[8,-66],[-7,-64],[-18,-71],[-11,-76],[-22,-8],[-15,42],[-39,-3],[-16,-50],[25,-20],[-12,-59],[-15,-3],[-23,-62],[-55,-38],[19,171],[-25,67],[-3,49],[-16,45],[45,-7],[2,44],[-33,22],[-20,-25],[-24,-97],[-2,-47],[15,-68],[24,-32],[-6,-42],[-33,-10],[-19,47],[-64,-2],[-8,40],[28,74],[12,105],[-22,54],[-24,40],[13,80],[-13,51],[2,44],[19,23],[23,-3],[28,74],[13,53],[23,45],[22,104],[-18,52],[5,68],[-44,72],[-3,81],[-16,34],[-41,11],[-24,-33],[25,-73],[6,-58],[27,-11],[10,-62],[-10,-47],[-44,-43],[-15,28],[23,53],[-9,35],[-24,1],[-38,-29],[-17,-47],[-34,87],[-21,15],[-18,80],[14,66],[39,-66],[-8,-60],[53,-7],[-15,38],[4,50],[-18,27],[-37,2],[-5,32],[-49,60],[8,84],[63,-14],[17,29],[-23,33],[19,45],[56,-22],[28,17],[-13,38],[14,23],[36,-32],[28,17],[-1,42],[22,38],[-4,37],[27,42],[23,1],[14,30],[40,3],[24,-28],[22,4],[5,-87],[20,-64],[93,-31],[29,54],[40,-5],[18,-50],[2,-55],[-11,-45],[-16,6],[-12,-39],[-28,-5],[4,-39],[28,-11],[27,10],[31,-16],[14,-25],[-17,-42],[33,-34],[-7,-49],[22,-54],[-15,-64],[-36,-56],[-39,-117]],[[87413,71315],[-11,-24],[-73,-94],[-32,-67],[-16,-75],[-7,-74],[-46,96],[-27,45],[-52,25],[-37,-12],[-39,-35],[-14,-36],[-41,-26],[-4,-74],[-43,-98],[-22,-14],[-29,-142],[-29,-22],[-28,29],[-24,5],[24,64],[-66,14],[8,34],[-14,34],[24,110],[-33,35],[-10,93],[8,40],[25,52],[28,20],[21,32],[10,109],[16,53],[41,41],[7,42],[24,-51],[16,-59],[11,-10],[54,33],[53,-14],[30,46],[14,102],[77,88],[37,-16],[20,22],[29,-53],[51,-49],[42,14],[10,-32],[-8,-97],[27,-33],[-10,-44],[8,-27]],[[87061,71670],[-23,-56],[-26,45],[-22,-77],[-25,14],[-67,-3],[-16,-39],[-34,-25],[-27,11],[-15,39],[-2,44],[-32,1],[-44,-73],[4,-55],[-10,-20],[3,-68],[-20,-25],[5,-51],[-28,22],[-88,92],[-43,-17],[-29,3],[-9,-28],[-26,4],[-23,-36],[-66,69],[-29,-59],[-5,63],[-14,34],[17,41],[-15,55],[16,40],[29,19],[12,24],[45,-24],[49,24],[11,55],[19,19],[21,62],[16,-4],[56,35],[5,26],[34,45],[18,40],[43,62],[28,28],[25,65],[35,47],[29,21],[9,35],[-10,50],[64,40],[29,3],[38,47],[37,-20],[7,-39],[43,-22],[6,20],[39,24],[42,-18],[84,10],[56,16],[16,22],[68,50],[14,-7],[58,3],[36,-14],[43,56],[40,20],[22,-48],[-18,-39],[6,-37],[53,8],[7,-28],[46,-25],[22,6],[-5,41],[42,10],[35,37],[-7,49],[40,27],[-30,64],[-10,50],[49,145],[82,120],[59,132],[33,120],[2,64],[-27,97],[22,120],[26,24],[26,0],[49,50],[51,26],[15,-50],[-27,-9],[4,-43],[-10,-36],[-34,-5],[-26,-57],[-24,21],[-15,-87],[24,-11],[26,17],[0,-66],[-19,-55],[5,-20],[42,-43],[49,1],[14,21],[12,71],[20,19],[51,19],[60,40],[43,42],[13,23],[40,7],[54,80],[31,32],[31,85],[29,63],[12,73],[14,38],[56,68],[43,26],[25,30],[35,73],[9,118],[38,158],[48,97],[33,182],[11,89],[18,23],[14,102],[3,128],[-8,56],[-17,32],[-25,8],[-33,-20],[-17,75],[35,-16],[22,33],[21,62],[13,132],[-22,37],[-1,72],[-23,37],[52,92],[17,-14],[45,39],[15,124],[-7,48],[9,73],[17,2],[25,-33],[18,25],[27,-32],[-4,-45],[12,-114],[35,-32],[20,43],[29,13],[38,-37],[20,22],[14,60],[10,98],[-18,46],[-41,-47],[-22,7],[-50,-39],[-9,39],[19,128],[20,48],[56,-22],[24,-44],[22,-19],[51,14],[-19,-125],[-1,-75],[5,-123],[9,-85],[23,-76],[16,3],[46,-92],[37,-140],[-6,-49],[27,-34],[16,-140],[-8,-60],[25,-62],[-28,-56],[-18,-65],[1,-127],[-28,-47],[-47,-25],[0,-54],[-30,-64],[12,-36],[-29,-85],[22,-30],[-21,-48],[15,-43],[-19,-17],[-35,45],[-42,-22],[-23,0],[-36,-115],[-12,-70],[2,-92],[25,-94],[5,-201],[-9,-87],[0,-53],[-13,-97],[-44,-46],[-17,-68],[-13,-86],[-20,-65],[-2,-97],[-14,-31],[4,-71],[18,-85],[55,-156],[-34,-34],[-16,3],[-50,-70],[-16,-44],[-11,-63],[8,-46],[-6,-60],[-20,-38],[-52,-5],[-9,-27],[-31,-31],[-17,-66],[-24,-4],[-17,31],[24,34],[-12,107],[12,15],[-12,60],[21,54],[30,29],[18,40],[2,35],[-36,40],[-15,-33],[-25,13],[-8,-78],[-17,-22],[-16,-50],[-3,-46],[24,-19],[-2,-33],[-18,-17],[-37,72],[-32,9],[-50,-19],[-24,-29],[-16,-72],[-1,-65],[13,-18],[2,-55],[-14,-16],[-41,-104],[-30,-38],[-17,30],[-8,47],[12,171],[34,2],[-29,53],[-30,10],[-40,-25],[-15,-36],[4,-31],[-41,-36],[-7,-52],[-35,-66],[-7,-64],[-39,31],[-43,7],[-28,-16],[-30,18],[-72,-2],[-79,-45],[-35,-6],[16,50],[13,-16],[53,51],[-4,41],[-77,-8],[-22,45],[-7,-49],[-24,55],[-1,48],[15,51],[-43,-10],[-18,-24],[-12,-76],[-23,-50],[-4,-49],[14,-49],[18,-3],[33,-45],[28,-16],[17,-29],[-19,-73],[-20,0],[-51,-26],[-19,6],[-62,-68],[4,-34],[-19,-18],[8,-54],[-47,-46],[-10,-25],[-30,-147],[-21,-36],[-33,-28],[-36,8],[-53,32],[-33,69],[18,25],[-54,58],[-12,35],[-25,6],[3,53],[22,18],[-17,34],[26,39],[-14,53],[-21,23],[12,29],[29,14],[31,50],[26,74],[-3,58],[-17,29],[-36,-31],[-46,-17],[-24,11],[-60,70],[-62,-4],[-54,-32],[-22,8],[-19,-59],[-54,-50],[-13,-44],[-32,6],[-34,37],[-64,-59],[-13,12]],[[90490,76820],[-2,-29],[-36,-16],[-31,-77],[-60,-1],[-49,-31],[-8,-43],[-27,-34],[-37,1],[-30,18],[-5,-55],[-39,15],[-29,-9],[-48,40],[-78,-44],[-43,-48],[-27,-50],[-42,-55],[-53,-119],[-28,-78],[-3,-97],[-9,-72],[-14,-48],[-82,94],[-56,30],[-59,53],[-24,12],[-49,55],[-32,54],[-29,6],[-38,51],[-56,34],[-49,-10],[-33,-21],[-46,-55],[-48,-44],[-21,-44],[-29,37],[-3,24],[-46,82],[-58,10],[-40,-44],[-26,-89],[1,-52],[71,-89],[46,16],[73,-126],[30,-18],[28,-37],[-39,-55],[-23,-1],[-52,28],[-18,31],[-19,-5],[-10,-46],[-42,-32],[-3,-67],[-12,-29],[-35,-18],[-18,-47],[-47,24],[-16,68],[10,79],[18,59],[13,13],[4,92],[-32,71],[-28,19],[-39,62],[-6,37],[23,91],[-4,69],[12,43],[49,18],[41,69],[16,-31],[33,77],[41,70],[-24,68],[-28,44],[6,66],[35,28],[56,-72],[34,-32],[50,20],[9,-30],[41,-20],[16,8],[40,55],[19,64],[-19,78],[5,48],[-15,77],[14,45],[39,29],[32,55],[8,74],[-4,121],[25,85],[13,100],[-3,97],[-17,109],[-37,121],[-1,50],[30,87],[36,11],[39,51],[26,-63],[46,-59],[88,-161],[26,-78],[97,-171],[38,-52],[65,-67],[15,-36],[76,-78],[29,-47],[41,-1],[19,20],[33,-3],[-4,-56],[17,-3],[14,49],[29,-69],[31,-28],[86,-16],[25,16],[60,103],[43,49],[39,80],[9,-31],[-7,-46],[-25,-82],[-38,-88],[-13,-94],[33,-76],[32,-147],[3,-52],[41,-13],[58,74],[25,3]],[[84392,65880],[27,-7],[7,-22],[-18,-48],[-52,16],[36,61]],[[84535,65991],[-15,-55],[-9,-72],[-28,12],[52,115]],[[84829,66105],[-1,-32],[-35,4],[5,71],[31,-43]],[[85648,67265],[0,-18],[-26,-76],[-19,-5],[-18,-46],[-15,4],[-32,-60],[-19,0],[1,-47],[-27,-76],[5,-54],[-20,-29],[-20,-3],[-4,62],[29,74],[-3,69],[57,53],[7,29],[-21,22],[0,43],[22,1],[14,-36],[58,96],[8,36],[23,-39]],[[85829,67850],[10,-32],[-26,-40],[-10,24],[0,94],[20,1],[6,-47]],[[86029,68224],[-43,-77],[-37,-45],[-13,-47],[-36,27],[-4,52],[29,35],[18,3],[81,79],[5,-27]],[[86298,69326],[-8,-49],[-19,-31],[-39,2],[-14,58],[31,74],[49,-54]],[[86402,69594],[8,-81],[-12,-82],[-20,-58],[4,-32],[-26,-33],[-9,73],[22,41],[2,75],[31,97]],[[86224,70557],[-14,-57],[-33,-10],[-6,35],[40,41],[13,-9]],[[86155,70577],[11,-38],[1,-82],[-20,-42],[-33,-43],[1,59],[-12,36],[16,96],[36,14]],[[85799,70650],[-60,-42],[-6,92],[16,-10],[22,19],[18,-10],[10,-49]],[[85860,70831],[-14,-45],[-19,29],[33,16]],[[85987,71075],[2,-26],[-32,-97],[-29,-11],[26,68],[33,66]],[[86048,71283],[-18,-41],[-15,24],[8,67],[23,-9],[2,-41]],[[86820,71455],[-28,10],[25,51],[3,-61]],[[85919,71575],[-10,-87],[-29,10],[8,98],[22,4],[9,-25]],[[87500,71764],[7,-17],[-35,-92],[-2,-26],[18,-59],[-64,-46],[-20,56],[18,24],[21,67],[24,48],[33,45]],[[85958,71771],[-2,-61],[-23,-63],[-25,-17],[14,157],[27,22],[9,-38]],[[88726,71864],[10,-59],[-26,13],[16,46]],[[87046,72724],[3,-38],[-15,-29],[-38,33],[6,47],[23,26],[21,-39]],[[88460,73758],[32,-20],[-24,-83],[-33,-36],[-29,-18],[6,62],[16,35],[-31,24],[6,48],[16,44],[58,81],[-17,-137]],[[88763,76161],[-11,-82],[-21,-22],[-6,64],[38,40]],[[89257,77848],[-26,-40],[-24,26],[-5,36],[20,22],[35,-44]],[[87323,71733],[-5,-71],[-24,-6],[-16,53],[45,24]],[[34368,78841],[7,-31],[-27,-34],[3,98],[-17,92],[40,-34],[-17,-45],[11,-46]],[[45954,90065],[-110,-51],[0,-64],[-61,-43],[29,-35],[62,-7],[49,11],[20,-54],[-16,-46],[-45,-39],[36,-37],[82,-12],[42,-38],[61,-31],[38,5],[19,-45],[59,-16],[-22,-119],[10,-50],[37,-28],[-2,-67],[-33,-39],[-97,39],[71,-83],[-36,-67],[-50,-3],[0,-40],[-123,-36],[15,-35],[-20,-27],[0,-62],[-56,-16],[-79,-87],[-31,22],[-71,20],[-28,-49],[-69,-20],[-6,-21],[-72,-20],[-99,-103],[-73,-56],[-79,-35],[-120,-16],[-73,-20],[-28,13],[-47,-18],[10,-40],[-39,-84],[-46,-25],[-167,-47],[-154,24],[-134,55],[-116,6],[-71,73],[-141,90],[-61,28],[-18,45],[-37,-60],[-81,-10],[-37,22],[-76,-20],[-75,16],[-55,-25],[-51,5],[9,67],[-9,72],[30,-5],[19,-46],[95,22],[66,36],[40,89],[-40,35],[-6,42],[-30,59],[-30,-1],[-16,48],[-37,48],[20,67],[-59,31],[-70,-9],[-113,6],[-16,16],[-58,-22],[-38,10],[-15,-34],[-52,-15],[-31,21],[-32,75],[59,22],[58,-18],[35,27],[80,2],[4,39],[149,-5],[36,25],[46,4],[62,-18],[92,4],[24,72],[-26,11],[-56,-37],[-145,32],[18,37],[81,48],[84,74],[-29,33],[-55,-41],[-108,60],[-55,-16],[-39,37],[-89,-50],[-35,7],[-70,-18],[-76,-36],[-19,35],[-64,21],[-79,-7],[57,85],[53,8],[-10,52],[20,36],[117,-56],[-66,98],[21,112],[92,77],[43,-11],[77,-44],[48,-46],[48,15],[29,-47],[36,59],[-116,48],[-65,92],[21,42],[48,43],[50,-26],[27,26],[55,-20],[37,-43],[8,-39],[65,-8],[16,-32],[48,-20],[7,-59],[49,8],[11,-46],[53,-17],[11,-75],[-39,-54],[-7,-69],[40,-49],[-20,-41],[49,-46],[1,-56],[31,-1],[-5,79],[31,35],[19,55],[70,51],[25,-89],[69,53],[18,67],[-17,72],[-35,92],[6,31],[68,28],[43,-28],[41,-102],[48,-20],[16,-61],[65,-7],[3,62],[-26,67],[38,64],[56,5],[60,54],[70,-12],[41,-50],[2,-63],[86,-20],[-28,95],[9,44],[107,-16],[44,-39],[22,-45],[71,-7],[15,51],[41,64],[62,3],[21,-43],[38,4],[82,33],[18,57],[-26,46],[-8,80],[145,17],[27,-66],[61,-15],[-19,-61],[98,-68],[33,56],[54,6],[32,47],[42,18],[77,-4]],[[14353,37824],[7,-6],[4,-37],[-9,-1],[-8,34],[6,10]],[[10922,41593],[-29,-45],[-11,29],[12,32],[36,39],[6,-26],[-14,-29]],[[8560,41621],[10,-41],[-12,-39],[-24,14],[-18,70],[-30,-20],[-38,16],[-15,75],[10,43],[24,16],[25,-2],[21,-22],[14,-99],[33,-11]],[[8390,41775],[-13,-60],[-12,44],[25,16]],[[7922,42193],[9,-2],[27,-68],[-30,-25],[-8,27],[2,68]],[[11472,45828],[18,-8],[4,-41],[-18,-18],[-4,67]],[[11434,46223],[-9,-30],[-80,-13],[-3,31],[33,34],[25,-18],[34,-4]],[[11090,46463],[9,-16],[-5,-49],[-14,-1],[-13,38],[23,28]],[[11097,46751],[10,-33],[-23,-22],[-36,-5],[-6,51],[9,33],[46,-24]],[[69219,23620],[34,55],[27,-21],[-25,-47],[-3,-34],[-29,-10],[-4,57]],[[69596,23507],[2,-48],[-25,-52],[-29,11],[-14,-23],[-47,23],[-35,-13],[-33,11],[14,-52],[-37,-12],[0,-46],[70,-24],[20,39],[44,-14],[8,-25],[-27,-32],[5,-32],[-34,-16],[-74,20],[-19,43],[-20,13],[-15,-48],[-54,19],[-26,38],[-26,2],[-46,-24],[-14,-50],[-65,-15],[-18,24],[3,47],[35,93],[-31,106],[18,57],[-23,22],[-5,36],[16,48],[18,12],[-24,56],[29,14],[17,87],[29,0],[15,-32],[-11,-37],[24,-32],[-22,-73],[37,-85],[38,23],[24,38],[61,-27],[-4,-36],[-48,-16],[7,-50],[60,-39],[39,56],[66,51],[29,-21],[22,47],[37,11],[32,-23],[7,-50]],[[64398,25123],[-3,-43],[-33,8],[-11,43],[19,21],[28,-29]],[[65389,49149],[16,24],[19,-36],[-3,-40],[-19,42],[-13,10]],[[6336,52848],[-16,-29],[-11,22],[-45,28],[-11,29],[30,30],[15,-38],[38,-42]],[[97608,55927],[-7,-9],[-20,-6],[-9,-9],[-10,5],[46,19]],[[33055,57995],[-10,-43],[6,-52],[-8,-15],[13,-88],[0,-126],[-54,-37],[-98,2],[-26,-11],[-19,15],[-31,-1],[8,34],[21,13],[28,48],[30,-4],[13,36],[-8,74],[4,94],[-16,37],[-33,17],[13,34],[56,12],[9,20],[52,-3],[7,11],[57,17],[12,-5],[-26,-79]],[[33186,58370],[-1,-49],[-15,-6],[-60,-65],[2,42],[35,50],[39,28]],[[32885,58867],[0,-77],[-23,-45],[-17,49],[8,46],[16,40],[16,-13]],[[33009,59404],[-29,23],[-2,36],[18,69],[19,3],[6,-38],[-4,-70],[-8,-23]],[[33492,59412],[-23,-59],[-27,15],[-11,44],[-2,78],[12,28],[21,-65],[30,-41]],[[33087,59901],[-2,-102],[-13,-64],[-30,26],[-8,71],[40,128],[13,-59]],[[32954,60588],[-16,122],[-19,70],[6,56],[23,-26],[22,-5],[11,-41],[5,-62],[-2,-66],[-30,-48]],[[96282,62937],[5,3],[2,-6],[-7,3]],[[32737,61476],[-23,-10],[7,53],[16,-43]],[[32810,61651],[-3,30],[19,39],[31,-43],[8,-37],[-46,-12],[-9,23]],[[32822,61965],[-6,52],[30,-9],[7,-36],[-12,-35],[-19,28]],[[32597,61776],[-30,16],[-29,40],[12,31],[27,-33],[20,-54]],[[32067,62056],[-31,-20],[-58,-16],[-3,38],[33,22],[22,-28],[37,4]],[[32544,62131],[-5,25],[19,-6],[-14,-19]],[[31848,62265],[-34,-11],[-3,36],[22,7],[15,-32]],[[31769,62360],[11,-28],[-41,-28],[-26,-89],[-30,-33],[-18,4],[-44,-28],[-36,10],[-10,15],[-24,-13],[-15,25],[-34,-17],[-48,12],[-44,-20],[-40,13],[-13,-13],[-28,10],[9,100],[8,36],[-12,51],[-21,41],[31,34],[-3,37],[19,21],[54,-21],[74,6],[49,-12],[23,9],[35,-6],[39,-22],[35,12],[39,-15],[52,-41],[9,-50]],[[32498,62356],[-2,-30],[-20,-1],[13,28],[9,3]],[[32045,62433],[-7,20],[28,8],[-6,-22],[-15,-6]],[[28815,62206],[21,-56],[-33,-26],[-30,5],[-30,-10],[-25,8],[-11,31],[-54,37],[-18,-76],[-12,-16],[-38,40],[-14,-12],[-20,-95],[-29,55],[-34,30],[-17,-13],[-24,11],[-37,-4],[-32,55],[-2,39],[-31,9],[-33,95],[-42,-3],[-32,17],[3,84],[38,50],[59,-8],[22,45],[24,3],[42,-19],[109,-18],[38,-29],[67,0],[1,-19],[35,-60],[23,-8],[35,-31],[57,-28],[24,-83]],[[27462,62979],[0,-36],[-47,10],[5,34],[42,-8]],[[32034,70486],[-9,-22],[3,-14],[-16,-19],[5,29],[17,26]],[[70481,21244],[-43,-43],[-29,-1],[-20,29],[-21,66],[66,4],[47,-55]],[[48410,42670],[17,-40],[-29,-21],[-1,40],[13,21]],[[46012,47292],[17,-35],[-31,-17],[14,52]],[[66054,40186],[-6,-56],[-17,-39],[-12,-53],[-46,-22],[-29,11],[-12,41],[4,96],[8,35],[25,34],[12,67],[17,24],[20,-6],[36,-132]],[[62163,44744],[8,-37],[-38,8],[-14,62],[27,-7],[17,-26]],[[62369,44788],[-1,-71],[-55,69],[24,67],[19,19],[13,-84]],[[62073,45024],[9,-30],[-17,-33],[-18,41],[-30,24],[-14,54],[9,30],[2,121],[7,48],[22,10],[12,-32],[-6,-108],[24,-125]],[[51855,52067],[18,-40],[-1,-69],[-23,-64],[-39,-42],[-16,109],[20,72],[30,36],[11,-2]],[[52072,52797],[-10,-64],[-26,1],[20,78],[16,-15]],[[43251,60424],[-1,-31],[-22,-28],[-20,13],[-21,50],[10,38],[24,27],[20,-5],[10,-64]],[[43484,60485],[-11,-60],[-50,9],[-27,59],[-4,79],[25,53],[52,-89],[15,-51]],[[43575,60651],[5,-65],[-20,-46],[-21,32],[3,55],[16,36],[17,-12]],[[43699,61113],[1,-29],[-35,-45],[-39,20],[-4,40],[13,21],[-3,50],[26,-5],[10,16],[22,-15],[9,-53]],[[43314,61401],[-13,-32],[-33,25],[-11,-9],[-17,-53],[-24,97],[16,11],[22,-23],[16,4],[44,-20]],[[43630,61389],[-15,75],[-2,53],[27,8],[-2,-129],[-8,-7]],[[43077,61563],[13,-40],[-34,-23],[-26,35],[33,44],[14,-16]],[[43042,61643],[-39,-61],[-31,-6],[-4,50],[-11,19],[10,39],[60,52],[17,-8],[19,-43],[-21,-42]],[[54041,72502],[-6,-51],[-29,13],[-22,33],[-6,53],[29,-4],[34,-44]],[[49421,80202],[16,-51],[-40,4],[-20,40],[44,7]],[[49283,80337],[13,-33],[-38,-3],[25,36]],[[48718,82965],[-44,23],[17,71],[31,32],[19,52],[25,22],[36,-67],[-22,-54],[-56,-59],[-6,-20]],[[55613,86517],[-10,-31],[-39,-15],[-7,-29],[-72,4],[-18,94],[49,-11],[21,21],[-40,45],[84,-3],[51,-44],[-19,-31]],[[48151,87192],[-48,43],[-27,55],[52,7],[23,-105]],[[48163,87437],[-71,10],[-11,41],[67,-26],[15,-25]],[[47948,87594],[28,35],[68,-38],[-40,-36],[-56,39]],[[47993,87638],[9,80],[33,-11],[21,-61],[39,-21],[39,-66],[-39,-22],[-49,70],[-53,31]],[[48040,87707],[32,27],[92,-78],[4,-49],[-27,-25],[-47,52],[-27,15],[-27,58]],[[48184,87650],[-4,67],[45,-28],[-5,-39],[-36,0]],[[79361,45825],[-1,-56],[-20,11],[21,45]],[[70129,47580],[4,-4],[-13,-24],[-2,17],[2,32],[-2,14],[-13,15],[-3,16],[18,-27],[1,-14],[-1,-49],[9,24]],[[78877,52634],[-2,-42],[-30,-29],[-55,23],[10,59],[34,22],[43,-33]],[[96661,35121],[1,-24],[-17,-4],[0,39],[16,-11]],[[5612,39631],[15,-9],[0,-30],[-25,5],[10,34]],[[1679,41139],[-2,-55],[-27,0],[14,49],[15,6]],[[1413,39570],[0,-87],[-20,26],[20,61]],[[1371,39667],[-23,-83],[-17,31],[-33,23],[-10,35],[31,1],[27,-35],[25,28]],[[516,43629],[27,-43],[-28,5],[1,38]],[[2166,44004],[6,-63],[-9,-57],[-23,18],[-63,-20],[-21,60],[-42,71],[-5,39],[36,-7],[30,22],[45,12],[24,-18],[22,-57]],[[2343,43799],[13,3],[22,-36],[-8,-27],[-60,9],[-16,-8],[-27,28],[-28,7],[-9,26],[-25,23],[5,34],[45,24],[25,-7],[62,-46],[1,-30]],[[94583,45074],[17,-22],[-22,-41],[-29,39],[-5,35],[-21,17],[-15,35],[-18,-16],[-44,37],[-13,40],[11,34],[24,-19],[55,-71],[30,-23],[30,-45]],[[95103,45599],[-27,-7],[-19,16],[-30,-8],[-25,30],[-11,-7],[-50,27],[-12,30],[-62,68],[6,36],[-16,47],[6,32],[-64,33],[3,47],[29,13],[30,-27],[64,-89],[28,-24],[36,4],[13,-22],[29,13],[13,-31],[16,-69],[16,-29],[-1,-78],[28,-5]],[[94831,46412],[6,15],[36,-126],[7,-83],[-49,58],[0,136]],[[94673,46167],[-8,-27],[-42,-30],[-38,27],[-21,0],[-32,43],[-54,-5],[-80,17],[-31,50],[-20,76],[-15,36],[5,125],[26,28],[19,-20],[45,-87],[29,11],[21,-11],[68,12],[26,-36],[12,-36],[23,-8],[19,-34],[5,-51],[32,-17],[11,-63]],[[94514,46558],[29,27],[2,-43],[-31,16]],[[94470,46617],[15,27],[30,0],[12,-30],[-12,-34],[-45,37]],[[94212,46639],[-1,-41],[-18,-17],[-16,29],[21,40],[14,-11]],[[93781,46802],[2,-35],[-40,32],[20,28],[18,-25]],[[93904,46921],[21,-22],[-8,-72],[-25,-42],[-18,8],[-20,39],[2,50],[21,43],[27,-4]],[[93710,46893],[-23,-24],[-21,30],[41,89],[18,-50],[-15,-45]],[[94357,46933],[-15,-13],[-27,41],[6,40],[24,-6],[0,-40],[12,-22]],[[94821,46294],[-14,20],[-20,78],[-16,37],[-19,20],[-39,73],[-28,40],[-29,118],[-5,53],[-15,60],[-11,84],[18,30],[-6,30],[-29,67],[3,34],[28,-23],[12,32],[23,-64],[46,-105],[2,-34],[-17,-17],[1,-70],[19,-14],[11,-30],[27,-35],[15,-108],[34,-173],[15,-41],[-6,-62]],[[93832,46901],[-34,31],[-27,42],[14,20],[-17,72],[-24,12],[-38,-11],[-13,-36],[-19,12],[-2,53],[26,22],[1,31],[18,58],[33,41],[21,-26],[9,-35],[0,-59],[15,-41],[22,7],[26,-63],[18,-93],[-5,-48],[-24,11]],[[93502,47183],[2,-42],[-11,-23],[-12,67],[21,-2]],[[93639,47153],[-28,22],[-16,62],[16,60],[24,14],[28,-59],[3,-55],[-15,-57],[-12,13]],[[93557,47386],[-3,-26],[-38,-100],[-14,39],[2,34],[-28,53],[-4,52],[30,35],[21,-55],[34,-32]],[[93281,47789],[12,-41],[-34,-18],[-17,27],[20,61],[19,-29]],[[96367,45128],[17,-39],[-40,-2],[-21,46],[29,25],[15,-30]],[[96151,45674],[-26,-42],[-33,-5],[-20,-54],[-29,33],[-1,34],[20,2],[14,53],[42,6],[33,-27]],[[94023,47450],[-34,-16],[4,43],[30,-27]],[[94404,46931],[-9,-18],[-55,106],[-23,10],[-23,29],[-32,17],[-6,20],[-31,24],[-102,122],[-9,29],[-21,22],[-14,42],[-30,41],[1,41],[-36,53],[0,26],[42,-31],[14,14],[44,-60],[16,-39],[33,-40],[-1,-21],[28,-37],[52,-29],[7,-19],[29,2],[8,-28],[60,-86],[54,-83],[-13,-38],[17,-69]],[[93826,47566],[6,-37],[-33,14],[12,37],[15,-14]],[[93757,47609],[-1,-21],[-23,-25],[-27,9],[-40,35],[-27,3],[-13,37],[-36,34],[-35,86],[-32,93],[-25,27],[-38,68],[-4,39],[12,36],[17,-5],[33,-37],[31,-58],[73,-70],[22,-48],[9,-82],[35,-51],[6,-31],[34,-29],[29,-10]],[[99774,46913],[4,13],[4,-1],[-8,-12]],[[70429,54276],[-2,-34],[-8,2],[10,32]],[[96371,51550],[5,-16],[-11,-17],[-1,28],[7,5]],[[93969,55828],[13,-34],[-13,-48],[-27,-1],[-19,66],[15,41],[31,-24]],[[42705,18178],[-47,-9],[0,39],[33,1],[14,-31]],[[40025,20337],[6,-56],[-34,-46],[-26,-13],[-54,83],[-4,30],[-42,88],[-22,24],[-28,-8],[-47,38],[-21,37],[-32,20],[-42,51],[-59,-12],[-12,17],[6,58],[-39,8],[-39,-23],[-15,23],[30,55],[34,22],[23,-30],[67,5],[77,-15],[75,-29],[-15,-75],[36,7],[16,-44],[26,41],[37,-24],[5,-52],[19,-32],[37,-19],[-16,-47],[41,-15],[12,-67]],[[33070,21915],[-48,32],[-1,38],[39,29],[29,-48],[-19,-51]],[[33435,22034],[-26,-34],[-40,-86],[-35,-26],[-73,5],[-1,-47],[-27,-50],[-18,5],[-31,-41],[-72,26],[-20,33],[-5,45],[70,37],[42,0],[23,32],[-15,67],[23,18],[43,-6],[10,42],[-44,-2],[-48,-32],[-27,13],[100,76],[-67,49],[3,52],[-37,10],[2,43],[40,-24],[38,-39],[47,-20],[35,55],[66,-11],[12,-21],[84,27],[7,36],[46,-28],[-2,-40],[-30,-40],[-18,-55],[-24,2],[-31,-71]],[[33286,22235],[-10,51],[36,2],[7,-27],[-33,-26]],[[33940,22061],[-14,-18],[-78,-21],[-15,-35],[-61,-40],[-94,0],[-7,-37],[34,1],[16,-27],[-35,-29],[-18,12],[-43,-15],[-53,42],[-17,-13],[15,-68],[27,-50],[-48,3],[-45,54],[-23,-105],[-27,33],[-18,73],[20,55],[-7,60],[61,51],[3,27],[40,40],[38,12],[-8,37],[24,75],[-31,20],[11,29],[59,20],[-8,54],[47,-29],[70,15],[38,-38],[4,-28],[-32,-34],[17,-37],[26,-16],[17,26],[-30,24],[30,51],[90,9],[24,-58],[4,-42],[-58,25],[-37,-21],[33,-28],[68,-16],[-9,-43]],[[97177,40233],[16,-29],[-19,-36],[-26,26],[5,37],[24,2]],[[97064,40606],[17,-27],[-16,-67],[-22,12],[-22,33],[-17,51],[7,85],[30,8],[4,-81],[19,-14]],[[97037,40928],[-23,-29],[-74,62],[4,36],[-4,71],[14,36],[32,-4],[9,-57],[23,-20],[-13,-32],[21,-23],[11,-40]],[[96818,41644],[-2,-61],[-40,-15],[-21,22],[-10,43],[-30,31],[25,56],[15,15],[37,-8],[26,-83]],[[96719,42149],[-20,61],[9,74],[9,3],[17,-67],[18,0],[17,-44],[26,-6],[-3,-40],[-34,35],[-39,-16]],[[96716,42418],[-11,-9],[-36,28],[-25,32],[1,22],[40,23],[28,58],[17,-85],[25,-32],[-9,-35],[-30,-2]],[[96614,42376],[8,-22],[-32,-34],[-29,13],[-28,-49],[-18,7],[-6,60],[-14,55],[-2,96],[-16,50],[-24,-32],[-24,50],[10,111],[12,13],[30,-24],[17,-62],[0,-40],[25,-44],[32,-35],[40,-67],[19,-46]],[[96445,42761],[-32,28],[10,47],[30,-12],[-8,-63]],[[96717,42896],[9,-107],[13,-89],[-2,-68],[-19,3],[-19,177],[8,69],[10,15]],[[96649,42968],[-28,-53],[-29,0],[-15,30],[34,65],[48,24],[-10,-66]],[[96692,43205],[13,12],[8,-123],[6,-19],[-4,-109],[-13,0],[0,137],[-10,102]],[[96427,42885],[-11,-25],[-43,2],[-43,-46],[-49,156],[10,69],[-22,178],[-14,72],[10,107],[15,6],[21,-83],[14,-29],[14,-115],[4,-71],[33,-2],[12,30],[2,71],[10,34],[16,-10],[-2,-36],[9,-80],[14,-3],[14,-92],[-5,-35],[17,-91],[-26,-7]],[[96531,43689],[24,-28],[-1,-30],[-20,-45],[-26,0],[-7,72],[30,31]],[[96514,43817],[-18,65],[3,28],[25,28],[17,-47],[-5,-52],[-22,-22]],[[2819,40910],[16,-47],[-8,-32],[-21,-23],[-14,32],[15,70],[12,0]],[[2614,43617],[-26,-22],[-20,-37],[-21,28],[47,38],[20,-7]],[[87401,56278],[3,-74],[-18,-97],[-19,-35],[-10,63],[22,82],[19,9],[3,52]],[[90245,59688],[19,-24],[-13,-47],[-27,-41],[-11,-38],[-3,-54],[-22,-22],[-10,68],[3,42],[36,45],[15,67],[13,4]],[[90457,60513],[5,-52],[-17,-31],[-7,51],[19,32]],[[90496,60625],[-14,-75],[-11,38],[25,37]],[[64041,66918],[18,-48],[-3,-147],[-16,-1],[-24,76],[9,36],[-11,59],[2,43],[25,-18]],[[92886,39721],[-1,1],[1,0],[0,-1]],[[82174,58015],[-3,-8],[-1,8],[4,0]],[[19663,57766],[-2,-12],[-4,15],[6,-3]],[[81543,64597],[3,-23],[-6,-11],[-3,33],[6,1]],[[84332,44675],[0,-6],[-6,1],[0,6],[6,-1]],[[27780,60929],[1,1],[0,-1],[0,0],[-1,0]],[[28156,60968],[-1,1],[1,2],[0,-3]],[[82709,60560],[0,-1],[0,-1],[-1,1],[1,1]]],"transform":{"scale":[0.0036000360003600024,0.0017363583701137013],"translate":[-179.99999999999991,-89.99999999999994]},"objects":{"ne_10m_admin_0_countries":{"type":"GeometryCollection","geometries":[{"arcs":[[[0,1]],[[2,3,4,5]],[[6,7]],[[8,9]],[[10]],[[11]],[[12]],[[13]],[[14]],[[15]],[[16]],[[17]],[[18]],[[19]],[[20]],[[21]],[[22]],[[23]],[[24]],[[25]],[[26]],[[27]],[[28]],[[29]],[[30]],[[31]],[[32]],[[33]],[[34]],[[35]],[[36]],[[37]],[[38]],[[39]],[[40]],[[41]],[[42]],[[43]],[[44]],[[45]],[[46]],[[47]],[[48]],[[49]],[[50]],[[51]],[[52]],[[53]],[[54]],[[55]],[[56]],[[57]],[[58]],[[59]],[[60]],[[61]],[[62]],[[63]],[[64]],[[65]],[[66]],[[67]],[[68]],[[69]],[[70]],[[71]],[[72]],[[73]],[[74]],[[75]],[[76]],[[77]],[[78]],[[79]],[[80]],[[81]],[[82]],[[83]],[[84]],[[85]],[[86]],[[87]],[[88]],[[89]],[[90]],[[91]],[[92]],[[93]],[[94]],[[95]],[[96]],[[97]],[[98]],[[99]],[[100]],[[101]],[[102]],[[103]],[[104]],[[105]],[[106]],[[107]],[[108]],[[109]],[[110]],[[111]],[[112]],[[113]],[[114]],[[115]],[[116]],[[117]],[[118]],[[119]],[[120]],[[121]],[[122]],[[123]],[[124]],[[125]],[[126]],[[127]],[[128]],[[129]],[[130]],[[131]],[[132]],[[133]],[[134]],[[135]],[[136]],[[137]],[[138]],[[139]],[[140]],[[141]],[[142]],[[143]],[[144]],[[145]],[[146]],[[147]],[[148]],[[149]],[[150]],[[151]],[[152]],[[153]],[[154]]],"type":"MultiPolygon","properties":{"id":"IDN","name":"Indonesia"}},{"arcs":[[[-1,155]],[[-8,156,157,158,159,160]],[[161,162]],[[163]],[[164]],[[165]],[[166]],[[167]],[[168]],[[169]],[[170]]],"type":"MultiPolygon","properties":{"id":"MYS","name":"Malaysia"}},{"arcs":[[[171,172,173,174,175,176]],[[177,178,179]],[[180]],[[181]],[[182]],[[183]],[[184]],[[185]],[[186]],[[187]],[[188]],[[189]],[[190]],[[191]],[[192]],[[193]],[[194]],[[195]],[[196]],[[197]],[[198]],[[199]],[[200]],[[201]],[[202]],[[203]],[[204]],[[205]],[[206]],[[207]],[[208]],[[209]],[[210]],[[211]],[[212]],[[213]],[[214]],[[215]],[[216]],[[217]],[[218]],[[219]],[[220]],[[221]],[[222]],[[223]],[[224]],[[225]],[[226]],[[227]],[[228]],[[229]],[[230]],[[231]],[[232]],[[233]],[[234]],[[235]],[[236]],[[237]],[[238]],[[239]],[[240]],[[241]],[[242]],[[243]],[[244]],[[245]],[[246]],[[247]],[[248]],[[249]],[[250]],[[251]],[[252]],[[253]],[[254]],[[255]],[[256]],[[257]],[[258]],[[259]],[[260]],[[261]],[[262]],[[263]],[[264]],[[265]],[[266]],[[267]],[[268]],[[269]],[[270]],[[271]],[[272]],[[273]],[[274]],[[275]],[[276]],[[277]],[[278]],[[279]],[[280]],[[281]]],"type":"MultiPolygon","properties":{"id":"CHL","name":"Chile"}},{"arcs":[[-172,282,283,284,285]],"type":"Polygon","properties":{"id":"BOL","name":"Bolivia"}},{"arcs":[[-177,286,287,288,289,-283]],"type":"Polygon","properties":{"id":"PER","name":"Peru"}},{"arcs":[[[-173,-286,290,291,292,293,294,-175,295]],[[-179,296]],[[297]],[[298]],[[299]],[[300]]],"type":"MultiPolygon","properties":{"id":"ARG","name":"Argentina"}},{"arcs":[[301,302,303,304,305,306,307]],"type":"Polygon","properties":{"id":"ESB","name":"Dhekelia Cantonment"}},{"arcs":[[[-303,308,309,310,311,312,313]],[[-307,314,315]]],"type":"MultiPolygon","properties":{"id":"CYP","name":"Cyprus"}},{"arcs":[[[316,317,318,319,320,321,322,323,324,325]],[[326]],[[327]],[[328]],[[329]],[[330]],[[331]],[[332]],[[333]],[[334]],[[335]]],"type":"MultiPolygon","properties":{"id":"IND","name":"India"}},{"arcs":[[[-317,336,337,338,339,340,341,342,343,344,345,346,347,348,349,350,351,-321,352,-319,353]],[[354]],[[355]],[[356]],[[357]],[[358]],[[359]],[[360]],[[361]],[[362]],[[363]],[[364]],[[365]],[[366]],[[367]],[[368]],[[369]]],"type":"MultiPolygon","properties":{"id":"CHN","name":"People's Republic of China"}},{"arcs":[[370,371,372,373,374,375,376,377,378]],"type":"Polygon","properties":{"id":"ISR","name":"Israel"}},{"arcs":[[[-371,379,380]],[[-376,381]]],"type":"MultiPolygon","properties":{"id":"PSE","name":"Palestine"}},{"arcs":[[-373,382,383]],"type":"Polygon","properties":{"id":"LBN","name":"Lebanon"}},{"arcs":[[384,385,386,387,388,389,390]],"type":"Polygon","properties":{"id":"ETH","name":"Ethiopia"}},{"arcs":[[-391,391,392,393,394,395]],"type":"Polygon","properties":{"id":"SSD","name":"South Sudan"}},{"arcs":[[-389,396,397,398]],"type":"Polygon","properties":{"id":"SOM","name":"Somalia"}},{"arcs":[[[-390,-399,399,400,401,-392]],[[402]]],"type":"MultiPolygon","properties":{"id":"KEN","name":"Kenya"}},{"arcs":[[[403,404,405]],[[406]]],"type":"MultiPolygon","properties":{"id":"MWI","name":"Malawi"}},{"arcs":[[[-401,407,408,-406,409,410,411,412,413]],[[414]],[[415]],[[416]]],"type":"MultiPolygon","properties":{"id":"TZA","name":"Tanzania"}},{"arcs":[[-374,-384,417,418,419,420]],"type":"Polygon","properties":{"id":"SYR","name":"Syria"}},{"arcs":[[-388,421,422,-397]],"type":"Polygon","properties":{"id":"SOL","name":"Somaliland"}},{"arcs":[[[423,424,425]],[[426,427,428,429,430,431,432,433,434,435,436,437]],[[438]],[[439]],[[440]],[[441]],[[442]],[[443]],[[444]],[[445]]],"type":"MultiPolygon","properties":{"id":"FRA","name":"France"}},{"arcs":[[-424,446,447,448]],"type":"Polygon","properties":{"id":"SUR","name":"Suriname"}},{"arcs":[[-448,449,450,451]],"type":"Polygon","properties":{"id":"GUY","name":"Guyana"}},{"arcs":[[[452,453]],[[454]],[[455]],[[456]],[[457]],[[458]],[[459]],[[460]]],"type":"MultiPolygon","properties":{"id":"KOR","name":"South Korea"}},{"arcs":[[-346,461,462,-454,463]],"type":"Polygon","properties":{"id":"PRK","name":"North Korea"}},{"arcs":[[464,465,466]],"type":"Polygon","properties":{"id":"MAR","name":"Morocco"}},{"arcs":[[-467,467,468,469]],"type":"Polygon","properties":{"id":"ESH","name":"Western Sahara"}},{"arcs":[[470,471,472,473]],"type":"Polygon","properties":{"id":"CRI","name":"Costa Rica"}},{"arcs":[[-474,474,475,476]],"type":"Polygon","properties":{"id":"NIC","name":"Nicaragua"}},{"arcs":[[477,478,479,480,481,482]],"type":"Polygon","properties":{"id":"COG","name":"Republic of the Congo"}},{"arcs":[[-394,483,484,485,-411,486,487,488,489,-478,490]],"type":"Polygon","properties":{"id":"COD","name":"Democratic Republic of the Congo"}},{"arcs":[[-320,-353]],"type":"Polygon","properties":{"id":"BTN","name":"Bhutan"}},{"arcs":[[491,492,493,494,495,496,497,498,499,500,501]],"type":"Polygon","properties":{"id":"UKR","name":"Ukraine"}},{"arcs":[[-502,502,503,504,505]],"type":"Polygon","properties":{"id":"BLR","name":"Belarus"}},{"arcs":[[506,507,508,509,510]],"type":"Polygon","properties":{"id":"NAM","name":"Namibia"}},{"arcs":[[[-511,511,512,513,514,515,516],[517]],[[518]]],"type":"MultiPolygon","properties":{"id":"ZAF","name":"South Africa"}},{"arcs":[[519,520]],"type":"Polygon","properties":{"id":"MAF","name":"Saint Martin"}},{"arcs":[[-520,521]],"type":"Polygon","properties":{"id":"SXM","name":"Sint Maarten"}},{"arcs":[[[522]],[[523,524]],[[525,526,527,528]],[[529]]],"type":"MultiPolygon","properties":{"id":"OMN","name":"Oman"}},{"arcs":[[[530]],[[531,532,533,534,535]],[[536]]],"type":"MultiPolygon","properties":{"id":"UZB","name":"Uzbekistan"}},{"arcs":[[[-342,537,-535,538,539,540],[541]],[[542]]],"type":"MultiPolygon","properties":{"id":"KAZ","name":"Kazakhstan"}},{"arcs":[[[-340,543,-532,544]],[[545]]],"type":"MultiPolygon","properties":{"id":"TJK","name":"Tajikistan"}},{"arcs":[[-504,546,547,548,549]],"type":"Polygon","properties":{"id":"LTU","name":"Lithuania"}},{"arcs":[[[-284,-290,550,551,-450,-447,-426,552,553,554,-292,555]],[[556]],[[557]],[[558]],[[559]],[[560]],[[561]],[[562]],[[563]],[[564]],[[565]],[[566]],[[567]],[[568]],[[569]],[[570]],[[571]],[[572]],[[573]],[[574]],[[575]],[[576]],[[577]],[[578]],[[579]],[[580]],[[581]],[[582]]],"type":"MultiPolygon","properties":{"id":"BRA","name":"Brazil"}},{"arcs":[[-294,583,-554,584]],"type":"Polygon","properties":{"id":"URY","name":"Uruguay"}},{"arcs":[[-344,585]],"type":"Polygon","properties":{"id":"MNG","name":"Mongolia"}},{"arcs":[[[-343,-541,586,587,588,589,-492,-506,590,591,592,593,594,595,-462,-345,-586]],[[-494,596]],[[-548,597,598]],[[599]],[[600]],[[601]],[[602]],[[603]],[[604]],[[605]],[[606]],[[607]],[[608]],[[609]],[[610]],[[611]],[[612]],[[613]],[[614]],[[615]],[[616]],[[617]],[[618]],[[619]],[[620]],[[621]],[[622]],[[623]],[[624]],[[625]],[[626]],[[627]],[[628]],[[629]],[[630]],[[631]],[[632]],[[633]],[[634]],[[635]],[[636]],[[637]],[[638]],[[639]],[[640]],[[641]],[[642]],[[643]],[[644]],[[645]],[[646]],[[647]],[[648]],[[649]],[[650]],[[651]],[[652]],[[653]],[[654]],[[655]],[[656]],[[657]],[[658]],[[659]],[[660]],[[661]],[[662]],[[663]],[[664]],[[665]],[[666]],[[667]],[[668]],[[669]],[[670]],[[671]],[[672]],[[673]],[[674]],[[675]],[[676]],[[677]],[[678]],[[679]],[[680]],[[681]],[[682]],[[683]],[[684]],[[685]],[[686]],[[687]],[[688]],[[689]],[[690]],[[691]],[[692]],[[693]],[[694]],[[695]],[[696]],[[697]],[[698]],[[699]],[[700]],[[701]],[[702]]],"type":"MultiPolygon","properties":{"id":"RUS","name":"Russia"}},{"arcs":[[703,704,705,706]],"type":"Polygon","properties":{"id":"CZE","name":"Czech Republic"}},{"arcs":[[[-429,707,708,709,710,711,712,713,-707,714,715]],[[716,717]],[[718]],[[719]]],"type":"MultiPolygon","properties":{"id":"DEU","name":"Germany"}},{"arcs":[[[-592,720,721]],[[722]],[[723]],[[724]]],"type":"MultiPolygon","properties":{"id":"EST","name":"Estonia"}},{"arcs":[[-505,-550,725,-721,-591]],"type":"Polygon","properties":{"id":"LVA","name":"Latvia"}},{"arcs":[[[-595,726,727,728]],[[729]],[[730]],[[731]],[[732]],[[733]],[[734]],[[735]],[[736]],[[737]],[[738]],[[739]],[[740]],[[741]],[[742]],[[743]],[[744]],[[745]],[[746]],[[747]],[[748]],[[749]],[[750]],[[751]],[[752]],[[753]],[[754]],[[755]],[[756]],[[757]],[[758]],[[759]],[[760]],[[761]],[[762]],[[763]],[[764]],[[765]],[[766]],[[767]],[[768]],[[769]],[[770]],[[771]],[[772]],[[773]],[[774]],[[775]],[[776]],[[777]],[[778]],[[779]],[[780]],[[781]],[[782]]],"type":"MultiPolygon","properties":{"id":"NOR","name":"Norway"}},{"arcs":[[[-728,783,784]],[[785]],[[786]],[[787]],[[788]]],"type":"MultiPolygon","properties":{"id":"SWE","name":"Sweden"}},{"arcs":[[[-594,789,-784,-727]],[[790]],[[791]],[[792]],[[793]]],"type":"MultiPolygon","properties":{"id":"FIN","name":"Finland"}},{"arcs":[[[-350,794,795,796]],[[797]],[[798]],[[799]],[[800]],[[801]]],"type":"MultiPolygon","properties":{"id":"VNM","name":"Vietnam"}},{"arcs":[[-796,802,803,804]],"type":"Polygon","properties":{"id":"KHM","name":"Cambodia"}},{"arcs":[[-428,805,-708]],"type":"Polygon","properties":{"id":"LUX","name":"Luxembourg"}},{"arcs":[[[-525,806,-529,807,808],[-523]],[[809]],[[810]]],"type":"MultiPolygon","properties":{"id":"ARE","name":"United Arab Emirates"}},{"arcs":[[-427,811,812,813,814,-709,-806]],"type":"Polygon","properties":{"id":"BEL","name":"Belgium"}},{"arcs":[[-589,815,816,817,818]],"type":"Polygon","properties":{"id":"GEO","name":"Georgia"}},{"arcs":[[819,820,821,822,823]],"type":"Polygon","properties":{"id":"MKD","name":"North Macedonia"}},{"arcs":[[-824,824,825,826,827]],"type":"Polygon","properties":{"id":"ALB","name":"Albania"}},{"arcs":[[[-588,828,829,830,-816]],[[831,832,833]]],"type":"MultiPolygon","properties":{"id":"AZE","name":"Azerbaijan"}},{"arcs":[[-820,-828,834,835]],"type":"Polygon","properties":{"id":"KOS","name":"Kosovo"}},{"arcs":[[[-419,836,-818,837,-833,838,839]],[[840,841,842]],[[843]],[[844]]],"type":"MultiPolygon","properties":{"id":"TUR","name":"Turkey"}},{"arcs":[[[-435,845,846,847,848,849,-437,850]],[[851]],[[852]],[[853]],[[854]],[[855]],[[856]],[[857]],[[858]],[[859]],[[860]],[[861]]],"type":"MultiPolygon","properties":{"id":"ESP","name":"Spain"}},{"arcs":[[-351,-797,-805,862,863]],"type":"Polygon","properties":{"id":"LAO","name":"Laos"}},{"arcs":[[-341,-545,-536,-538],[-531],[-537],[-546]],"type":"Polygon","properties":{"id":"KGZ","name":"Kyrgyzstan"}},{"arcs":[[-817,-831,864,-834,-838]],"type":"Polygon","properties":{"id":"ARM","name":"Armenia"}},{"arcs":[[[-712,865]],[[866]],[[867]],[[868]],[[869]],[[870]],[[871]],[[872]],[[873]],[[874]],[[875]]],"type":"MultiPolygon","properties":{"id":"DNK","name":"Denmark"}},{"arcs":[[876,877,878,879,880,881,882]],"type":"Polygon","properties":{"id":"LBY","name":"Libya"}},{"arcs":[[[-883,883,884]],[[885]]],"type":"MultiPolygon","properties":{"id":"TUN","name":"Tunisia"}},{"arcs":[[-496,886,887,888,889,-498,890]],"type":"Polygon","properties":{"id":"ROU","name":"Romania"}},{"arcs":[[-499,-890,891,892,893,894,895]],"type":"Polygon","properties":{"id":"HUN","name":"Hungary"}},{"arcs":[[-500,-896,896,-705,897]],"type":"Polygon","properties":{"id":"SVK","name":"Slovakia"}},{"arcs":[[-501,-898,-704,-714,898,-717,899,-598,-547,-503]],"type":"Polygon","properties":{"id":"POL","name":"Poland"}},{"arcs":[[900,901]],"type":"Polygon","properties":{"id":"IRL","name":"Ireland"}},{"arcs":[[[-901,902]],[[903]],[[904]],[[905]],[[906]],[[907]],[[908]],[[909]],[[910]],[[911]],[[912]],[[913]],[[914]],[[915]],[[916]],[[917]],[[918]]],"type":"MultiPolygon","properties":{"id":"GBR","name":"United Kingdom"}},{"arcs":[[[-823,919,-842,920,-825]],[[921]],[[922]],[[923]],[[924]],[[925]],[[926]],[[927]],[[928]],[[929]],[[930]],[[931]],[[932]],[[933]],[[934]],[[935]],[[936]],[[937]],[[938]],[[939]],[[940]],[[941]],[[942]],[[943]],[[944]],[[945]],[[946]],[[947]],[[948]],[[949]],[[950]]],"type":"MultiPolygon","properties":{"id":"GRC","name":"Greece"}},{"arcs":[[-405,951,952,-509,953,-487,-410]],"type":"Polygon","properties":{"id":"ZMB","name":"Zambia"}},{"arcs":[[[954,955,956]],[[957]]],"type":"MultiPolygon","properties":{"id":"SLE","name":"Sierra Leone"}},{"arcs":[[-957,958,959,960,961,962,963]],"type":"Polygon","properties":{"id":"GIN","name":"Guinea"}},{"arcs":[[-955,-964,964,965]],"type":"Polygon","properties":{"id":"LBR","name":"Liberia"}},{"arcs":[[-395,-491,-483,966,967,968]],"type":"Polygon","properties":{"id":"CAF","name":"Central African Republic"}},{"arcs":[[-385,-396,-969,969,-879,970,971,972,973,974]],"type":"Polygon","properties":{"id":"SDN","name":"Sudan"}},{"arcs":[[-387,975,976,-422]],"type":"Polygon","properties":{"id":"DJI","name":"Djibouti"}},{"arcs":[[[-386,-975,977,-976]],[[978]]],"type":"MultiPolygon","properties":{"id":"ERI","name":"Eritrea"}},{"arcs":[[-706,-897,-895,979,980,981,982,983,-715]],"type":"Polygon","properties":{"id":"AUT","name":"Austria"}},{"arcs":[[-420,-840,984,985,986,987,988]],"type":"Polygon","properties":{"id":"IRQ","name":"Iraq"}},{"arcs":[[[-431,989,-981,990,991],[992]],[[994]],[[995]],[[996]],[[997]]],"type":"MultiPolygon","properties":{"id":"ITA","name":"Italy"}},{"arcs":[[-430,-716,-984,998,-982,-990]],"type":"Polygon","properties":{"id":"CHE","name":"Switzerland"}},{"arcs":[[[-830,999,1000,1001,1002,1003,-985,-839,-832,-865]],[[1004]],[[1005]]],"type":"MultiPolygon","properties":{"id":"IRN","name":"Iran"}},{"arcs":[[[-710,-815,1006]],[[-813,1007]],[[1008]],[[1009]],[[1010]],[[1011]]],"type":"MultiPolygon","properties":{"id":"NLD","name":"Netherlands"}},{"arcs":[[-983,-999]],"type":"Polygon","properties":{"id":"LIE","name":"Liechtenstein"}},{"arcs":[[[-963,1012,1013,1014,1015,-965]],[[1016,1017]]],"type":"MultiPolygon","properties":{"id":"CIV","name":"Ivory Coast"}},{"arcs":[[-821,-836,1018,1019,1020,-892,-889,1021]],"type":"Polygon","properties":{"id":"SRB","name":"Serbia"}},{"arcs":[[-962,1022,1023,1024,1025,1026,-1013]],"type":"Polygon","properties":{"id":"MLI","name":"Mali"}},{"arcs":[[-961,1027,1028,1029,1030,1031,-1023]],"type":"Polygon","properties":{"id":"SEN","name":"Senegal"}},{"arcs":[[[1032,1033,1034,1035,1036]],[[1037]]],"type":"MultiPolygon","properties":{"id":"NGA","name":"Nigeria"}},{"arcs":[[-1037,1038,1039,1040,1041]],"type":"Polygon","properties":{"id":"BEN","name":"Benin"}},{"arcs":[[[-479,-490,1042]],[[-488,-954,-508,1043]]],"type":"MultiPolygon","properties":{"id":"AGO","name":"Angola"}},{"arcs":[[[-893,-1021,1044,1045,1046]],[[1047,1048,1049]],[[1050]],[[1051]],[[1052]],[[1053]],[[1054]],[[1055]],[[1056]]],"type":"MultiPolygon","properties":{"id":"HRV","name":"Croatia"}},{"arcs":[[-894,-1047,1057,-991,-980]],"type":"Polygon","properties":{"id":"SVN","name":"Slovenia"}},{"arcs":[[1058,1059]],"type":"Polygon","properties":{"id":"QAT","name":"Qatar"}},{"arcs":[[[-528,1060,1061,1062,-988,1063,1064,-1060,1065,-808]],[[1066]],[[1067]]],"type":"MultiPolygon","properties":{"id":"SAU","name":"Saudi Arabia"}},{"arcs":[[-510,1068,-512]],"type":"Polygon","properties":{"id":"BWA","name":"Botswana"}},{"arcs":[[-513,-1069,-953,1069]],"type":"Polygon","properties":{"id":"ZWE","name":"Zimbabwe"}},{"arcs":[[-325,1070,-1003,1071,-338,1072]],"type":"Polygon","properties":{"id":"PAK","name":"Pakistan"}},{"arcs":[[-822,-1022,-888,1073,-843,-920]],"type":"Polygon","properties":{"id":"BGR","name":"Bulgaria"}},{"arcs":[[[-163,1074,1075,-863,-804,1076]],[[1077]],[[1078]],[[1079]],[[1080]],[[1081]],[[1082]]],"type":"MultiPolygon","properties":{"id":"THA","name":"Thailand"}},{"arcs":[[-993]],"type":"Polygon","properties":{"id":"SMR","name":"San Marino"}},{"arcs":[[[1083,1084]],[[1085]],[[1086]]],"type":"MultiPolygon","properties":{"id":"HTI","name":"Haiti"}},{"arcs":[[-1084,1087]],"type":"Polygon","properties":{"id":"DOM","name":"Dominican Republic"}},{"arcs":[[-880,-970,-968,1088,-1034,1089]],"type":"Polygon","properties":{"id":"TCD","name":"Chad"}},{"arcs":[[[-987,1090,-1064]],[[1091]]],"type":"MultiPolygon","properties":{"id":"KWT","name":"Kuwait"}},{"arcs":[[1092,1093,1094]],"type":"Polygon","properties":{"id":"SLV","name":"El Salvador"}},{"arcs":[[-1093,1095,1096,1097,1098,1099]],"type":"Polygon","properties":{"id":"GTM","name":"Guatemala"}},{"arcs":[[[-4,1100]],[[-6,1101]],[[1102]]],"type":"MultiPolygon","properties":{"id":"TLS","name":"East Timor"}},{"arcs":[[[-158,1103]],[[-160,1104]]],"type":"MultiPolygon","properties":{"id":"BRN","name":"Brunei"}},{"arcs":[[-433,1105]],"type":"Polygon","properties":{"id":"MCO","name":"Monaco"}},{"arcs":[[-466,1106,-884,-882,1107,-1025,1108,-468]],"type":"Polygon","properties":{"id":"DZA","name":"Algeria"}},{"arcs":[[[-404,-409,1109,-516,1110,-514,-1070,-952],[-407]],[[1111]]],"type":"MultiPolygon","properties":{"id":"MOZ","name":"Mozambique"}},{"arcs":[[-515,-1111]],"type":"Polygon","properties":{"id":"SWZ","name":"Eswatini"}},{"arcs":[[-412,-486,1112]],"type":"Polygon","properties":{"id":"BDI","name":"Burundi"}},{"arcs":[[-413,-1113,-485,1113]],"type":"Polygon","properties":{"id":"RWA","name":"Rwanda"}},{"arcs":[[[-322,-352,-864,-1076,1114,1115]],[[1116]],[[1117]],[[1118]],[[1119]],[[1120]],[[1121]],[[1122]],[[1123]],[[1124]],[[1125]],[[1126]],[[1127]],[[1128]]],"type":"MultiPolygon","properties":{"id":"MMR","name":"Myanmar"}},{"arcs":[[[-323,-1116,1129]],[[1130]],[[1131]],[[1132]],[[1133]],[[1134]],[[1135]]],"type":"MultiPolygon","properties":{"id":"BGD","name":"Bangladesh"}},{"arcs":[[-436,-851]],"type":"Polygon","properties":{"id":"AND","name":"Andorra"}},{"arcs":[[-339,-1072,-1002,1136,-533,-544]],"type":"Polygon","properties":{"id":"AFG","name":"Afghanistan"}},{"arcs":[[-827,1137,-1048,1138,-1019,-835]],"type":"Polygon","properties":{"id":"MNE","name":"Montenegro"}},{"arcs":[[-1020,-1139,-1050,1139,-1045]],"type":"Polygon","properties":{"id":"BIH","name":"Bosnia and Herzegovina"}},{"arcs":[[-393,-402,-414,-1114,-484]],"type":"Polygon","properties":{"id":"UGA","name":"Uganda"}},{"arcs":[[1140,1141]],"type":"Polygon","properties":{"id":"USG","name":"Guantanamo Bay Naval Base"}},{"arcs":[[[-1142,1142]],[[1143]],[[1144]],[[1145]],[[1146]],[[1147]]],"type":"MultiPolygon","properties":{"id":"CUB","name":"Cuba"}},{"arcs":[[-476,1148,-1094,-1100,1149]],"type":"Polygon","properties":{"id":"HND","name":"Honduras"}},{"arcs":[[[-288,1150,1151]],[[1152]],[[1153]],[[1154]],[[1155]],[[1156]],[[1157]],[[1158]],[[1159]],[[1160]]],"type":"MultiPolygon","properties":{"id":"ECU","name":"Ecuador"}},{"arcs":[[[-289,-1152,1161,1162,1163,1164,-551]],[[1165]],[[1166]]],"type":"MultiPolygon","properties":{"id":"COL","name":"Colombia"}},{"arcs":[[-285,-556,-291]],"type":"Polygon","properties":{"id":"PRY","name":"Paraguay"}},{"arcs":[[-293,-555,-584]],"type":"Polygon","properties":{"id":"BRI","name":"Brazilian Island"}},{"arcs":[[[-849,1167]],[[1168]],[[1169]],[[1170]],[[1171]],[[1172]],[[1173]],[[1174]],[[1175]]],"type":"MultiPolygon","properties":{"id":"PRT","name":"Portugal"}},{"arcs":[[-497,-891]],"type":"Polygon","properties":{"id":"MDA","name":"Moldova"}},{"arcs":[[-534,-1137,-1001,1176,-539]],"type":"Polygon","properties":{"id":"TKM","name":"Turkmenistan"}},{"arcs":[[-375,-421,-989,-1063,1177,-377,-382]],"type":"Polygon","properties":{"id":"JOR","name":"Jordan"}},{"arcs":[[-318,-354]],"type":"Polygon","properties":{"id":"NPL","name":"Nepal"}},{"arcs":[[-518]],"type":"Polygon","properties":{"id":"LSO","name":"Lesotho"}},{"arcs":[[-482,1178,1179,1180,-1035,-1089,-967]],"type":"Polygon","properties":{"id":"CMR","name":"Cameroon"}},{"arcs":[[[-481,1181,1182,-1179]],[[1183]]],"type":"MultiPolygon","properties":{"id":"GAB","name":"Gabon"}},{"arcs":[[-881,-1090,-1033,-1042,1184,-1026,-1108]],"type":"Polygon","properties":{"id":"NER","name":"Niger"}},{"arcs":[[-1014,-1027,-1185,-1041,1185,1186]],"type":"Polygon","properties":{"id":"BFA","name":"Burkina Faso"}},{"arcs":[[-1040,1187,1188,-1186]],"type":"Polygon","properties":{"id":"TGO","name":"Togo"}},{"arcs":[[-1015,-1187,-1189,1189,-1017,1190]],"type":"Polygon","properties":{"id":"GHA","name":"Ghana"}},{"arcs":[[[-960,1191,-1028]],[[1192]],[[1193]],[[1194]],[[1195]],[[1196]],[[1197]],[[1198]]],"type":"MultiPolygon","properties":{"id":"GNB","name":"Guinea-Bissau"}},{"arcs":[[-847,1199]],"type":"Polygon","properties":{"id":"GIB","name":"Gibraltar"}},{"arcs":[[[1200,1201,1202,1203,1204]],[[1205,1206]],[[1207]],[[1208]],[[1209]],[[1210]],[[1211]],[[1212]],[[1213]],[[1214]],[[1215]],[[1216]],[[1217]],[[1218]],[[1219]],[[1220]],[[1221]],[[1222]],[[1223]],[[1224]],[[1225]],[[1226]],[[1227]],[[1228]],[[1229]],[[1230]],[[1231]],[[1232]],[[1233]],[[1234]],[[1235]],[[1236]],[[1237]],[[1238]],[[1239]],[[1240]],[[1241]],[[1242]],[[1243]],[[1244]],[[1245]],[[1246]],[[1247]],[[1248]],[[1249]],[[1250]],[[1251]],[[1252]],[[1253]],[[1254]],[[1255]],[[1256]],[[1257]],[[1258]],[[1259]],[[1260]],[[1261]],[[1262]],[[1263]],[[1264]],[[1265]],[[1266]],[[1267]],[[1268]],[[1269]],[[1270]],[[1271]],[[1272]],[[1273]],[[1274]],[[1275]],[[1276]],[[1277]],[[1278]],[[1279]],[[1280]],[[1281]],[[1282]],[[1283]],[[1284]],[[1285]],[[1286]],[[1287]],[[1288]],[[1289]],[[1290]],[[1291]],[[1292]],[[1293]],[[1294]],[[1295]],[[1296]],[[1297]],[[1298]],[[1299]],[[1300]],[[1301]],[[1302]],[[1303]],[[1304]],[[1305]],[[1306]]],"type":"MultiPolygon","properties":{"id":"USA","name":"United States of America"}},{"arcs":[[[-1201,1307,-1206,1308]],[[-1202,1309]],[[1310]],[[1311]],[[1312]],[[1313]],[[1314]],[[1315]],[[1316]],[[1317]],[[1318]],[[1319]],[[1320]],[[1321]],[[1322]],[[1323]],[[1324]],[[1325]],[[1326]],[[1327]],[[1328]],[[1329]],[[1330]],[[1331]],[[1332]],[[1333]],[[1334]],[[1335]],[[1336]],[[1337]],[[1338]],[[1339]],[[1340]],[[1341]],[[1342]],[[1343]],[[1344]],[[1345]],[[1346]],[[1347]],[[1348]],[[1349]],[[1350]],[[1351]],[[1352]],[[1353]],[[1354]],[[1355]],[[1356]],[[1357]],[[1358]],[[1359]],[[1360]],[[1361]],[[1362]],[[1363]],[[1364]],[[1365]],[[1366]],[[1367]],[[1368]],[[1369]],[[1370]],[[1371]],[[1372]],[[1373]],[[1374]],[[1375]],[[1376]],[[1377]],[[1378]],[[1379]],[[1380]],[[1381]],[[1382]],[[1383]],[[1384]],[[1385]],[[1386]],[[1387]],[[1388]],[[1389]],[[1390]],[[1391]],[[1392]],[[1393]],[[1394]],[[1395]],[[1396]],[[1397]],[[1398]],[[1399]],[[1400]],[[1401]],[[1402]],[[1403]],[[1404]],[[1405]],[[1406]],[[1407]],[[1408]],[[1409]],[[1410]],[[1411]],[[1412]],[[1413]],[[1414]],[[1415]],[[1416]],[[1417]],[[1418]],[[1419]],[[1420]],[[1421]],[[1422]],[[1423]],[[1424]],[[1425]],[[1426]],[[1427]],[[1428]],[[1429]],[[1430]],[[1431]],[[1432]],[[1433]],[[1434]],[[1435]],[[1436]],[[1437]],[[1438]],[[1439]],[[1440]],[[1441]],[[1442]],[[1443]],[[1444]],[[1445]],[[1446]],[[1447]],[[1448]],[[1449]],[[1450]],[[1451]],[[1452]],[[1453]],[[1454]],[[1455]],[[1456]],[[1457]],[[1458]],[[1459]],[[1460]],[[1461]],[[1462]],[[1463]],[[1464]],[[1465]],[[1466]],[[1467]],[[1468]],[[1469]],[[1470]],[[1471]],[[1472]],[[1473]],[[1474]],[[1475]],[[1476]],[[1477]],[[1478]],[[1479]],[[1480]],[[1481]],[[1482]],[[1483]],[[1484]],[[1485]],[[1486]],[[1487]],[[1488]],[[1489]]],"type":"MultiPolygon","properties":{"id":"CAN","name":"Canada"}},{"arcs":[[[-1097,1490,-1204,1491,1492]],[[1493]],[[1494]],[[1495]],[[1496]],[[1497]],[[1498]],[[1499]],[[1500]],[[1501]],[[1502]],[[1503]],[[1504]]],"type":"MultiPolygon","properties":{"id":"MEX","name":"Mexico"}},{"arcs":[[[-1098,-1493,1505]],[[1506]]],"type":"MultiPolygon","properties":{"id":"BLZ","name":"Belize"}},{"arcs":[[[-472,1507,-1163,1508]],[[1509]],[[1510]]],"type":"MultiPolygon","properties":{"id":"PAN","name":"Panama"}},{"arcs":[[[-451,-552,-1165,1511]],[[1512]],[[1513]],[[1514]],[[1515]],[[1516]],[[1517]],[[1518]],[[1519]]],"type":"MultiPolygon","properties":{"id":"VEN","name":"Venezuela"}},{"arcs":[[[-9,1520]],[[1521]],[[1522]],[[1523]],[[1524]],[[1525]],[[1526]],[[1527]],[[1528]],[[1529]],[[1530]],[[1531]],[[1532]],[[1533]],[[1534]],[[1535]],[[1536]],[[1537]],[[1538]],[[1539]],[[1540]],[[1541]],[[1542]]],"type":"MultiPolygon","properties":{"id":"PNG","name":"Papua New Guinea"}},{"arcs":[[-379,1543,-973,1544,-971,-878,1545,-380]],"type":"Polygon","properties":{"id":"EGY","name":"Egypt"}},{"arcs":[[[-527,1546,-1061]],[[1547]],[[1548]],[[1549]]],"type":"MultiPolygon","properties":{"id":"YEM","name":"Yemen"}},{"arcs":[[[-469,-1109,-1024,-1032,1550]],[[1551]]],"type":"MultiPolygon","properties":{"id":"MRT","name":"Mauritania"}},{"arcs":[[[-1180,-1183,1552]],[[1553]]],"type":"MultiPolygon","properties":{"id":"GNQ","name":"Equatorial Guinea"}},{"arcs":[[-1030,1554]],"type":"Polygon","properties":{"id":"GMB","name":"The Gambia"}},{"arcs":[[[-348,1555]],[[1556]]],"type":"MultiPolygon","properties":{"id":"HKG","name":"Hong Kong"}},{"arcs":[[-994]],"type":"Polygon","properties":{"id":"VAT","name":"Vatican City"}},{"arcs":[[-305,1557,1558,1559]],"type":"Polygon","properties":{"id":"CYN","name":"Turkish Republic of Northern Cyprus"}},{"arcs":[[[-304,-314,1560,-1558]],[[-306,-1560,1561,-315]],[[-312,1562]]],"type":"MultiPolygon","properties":{"id":"CNM","name":"United Nations Buffer Zone in Cyprus"}},{"arcs":[[-326,-1073,-337]],"type":"Polygon","properties":{"id":"KAS","name":"Siachen Glacier"}},{"arcs":[[-542]],"type":"Polygon","properties":{"id":"KAB","name":"Baikonur"}},{"arcs":[[-310,1563]],"type":"Polygon","properties":{"id":"WSB","name":"Akrotiri Sovereign Base Area"}},{"arcs":[[-174,-296]],"type":"Polygon","properties":{"id":"SPI","name":"Southern Patagonian Ice Field"}},{"arcs":[[-972,-1545]],"type":"Polygon","properties":{"id":"BRT","name":"Bir Tawil"}},{"arcs":[[[1564]],[[1565]],[[1566]],[[1567]],[[1568]],[[1569]],[[1570]],[[1571]],[[1572]],[[1573]],[[1574]],[[1575]],[[1576]],[[1577]],[[1578]],[[1579]],[[1580]],[[1581]],[[1582]],[[1583]],[[1584]],[[1585]],[[1586]],[[1587]],[[1588]],[[1589]],[[1590]],[[1591]],[[1592]],[[1593]],[[1594]],[[1595]],[[1596]],[[1597]],[[1598]],[[1599]],[[1600]],[[1601]],[[1602]],[[1603]],[[1604]],[[1605]],[[1606]],[[1607]],[[1608]],[[1609]],[[1610]],[[1611]],[[1612]],[[1613]],[[1614]],[[1615]],[[1616]],[[1617]],[[1618]],[[1619]],[[1620]],[[1621]],[[1622]],[[1623]],[[1624]],[[1625]],[[1626]],[[1627]],[[1628]],[[1629]],[[1630]],[[1631]],[[1632]],[[1633]],[[1634]],[[1635]],[[1636]],[[1637]],[[1638]],[[1639]],[[1640]],[[1641]],[[1642]],[[1643]],[[1644]],[[1645]],[[1646]],[[1647]],[[1648]],[[1649]],[[1650]],[[1651]],[[1652]],[[1653]],[[1654]],[[1655]],[[1656]],[[1657]],[[1658]],[[1659]],[[1660]],[[1661]],[[1662]],[[1663]],[[1664]],[[1665]],[[1666]],[[1667]],[[1668]],[[1669]],[[1670]],[[1671]],[[1672]],[[1673]],[[1674]],[[1675]]],"type":"MultiPolygon","properties":{"id":"ATA","name":"Antarctica"}},{"arcs":[[[1676]],[[1677]],[[1678]],[[1679]],[[1680]],[[1681]],[[1682]],[[1683]],[[1684]],[[1685]],[[1686]],[[1687]],[[1688]],[[1689]],[[1690]],[[1691]],[[1692]],[[1693]],[[1694]],[[1695]],[[1696]],[[1697]],[[1698]],[[1699]],[[1700]],[[1701]],[[1702]],[[1703]],[[1704]],[[1705]],[[1706]],[[1707]],[[1708]],[[1709]],[[1710]],[[1711]],[[1712]],[[1713]]],"type":"MultiPolygon","properties":{"id":"AUS","name":"Australia"}},{"arcs":[[[1714]],[[1715]],[[1716]],[[1717]],[[1718]],[[1719]],[[1720]],[[1721]],[[1722]],[[1723]],[[1724]],[[1725]],[[1726]],[[1727]],[[1728]],[[1729]],[[1730]],[[1731]],[[1732]],[[1733]],[[1734]],[[1735]],[[1736]],[[1737]],[[1738]],[[1739]],[[1740]],[[1741]],[[1742]],[[1743]],[[1744]],[[1745]],[[1746]],[[1747]],[[1748]],[[1749]],[[1750]],[[1751]],[[1752]],[[1753]],[[1754]],[[1755]],[[1756]],[[1757]],[[1758]],[[1759]],[[1760]],[[1761]],[[1762]],[[1763]],[[1764]],[[1765]],[[1766]],[[1767]],[[1768]],[[1769]],[[1770]],[[1771]],[[1772]],[[1773]],[[1774]],[[1775]],[[1776]],[[1777]],[[1778]],[[1779]]],"type":"MultiPolygon","properties":{"id":"GRL","name":"Greenland"}},{"arcs":[[[1780]],[[1781]],[[1782]],[[1783]],[[1784]],[[1785]],[[1786]],[[1787]]],"type":"MultiPolygon","properties":{"id":"FJI","name":"Fiji"}},{"arcs":[[[1788]],[[1789]],[[1790]],[[1791]],[[1792]],[[1793]],[[1794]],[[1795]],[[1796]]],"type":"MultiPolygon","properties":{"id":"NZL","name":"New Zealand"}},{"arcs":[[[1797]],[[1798]],[[1799]],[[1800]]],"type":"MultiPolygon","properties":{"id":"NCL","name":"New Caledonia"}},{"arcs":[[[1801]],[[1802]],[[1803]]],"type":"MultiPolygon","properties":{"id":"MDG","name":"Madagascar"}},{"arcs":[[[1804]],[[1805]],[[1806]],[[1807]],[[1808]],[[1809]],[[1810]],[[1811]],[[1812]],[[1813]],[[1814]],[[1815]],[[1816]],[[1817]],[[1818]],[[1819]],[[1820]],[[1821]],[[1822]],[[1823]],[[1824]],[[1825]],[[1826]],[[1827]],[[1828]],[[1829]],[[1830]],[[1831]],[[1832]],[[1833]],[[1834]],[[1835]],[[1836]],[[1837]],[[1838]],[[1839]],[[1840]],[[1841]],[[1842]],[[1843]],[[1844]],[[1845]]],"type":"MultiPolygon","properties":{"id":"PHL","name":"Philippines"}},{"arcs":[[1846]],"type":"Polygon","properties":{"id":"LKA","name":"Sri Lanka"}},{"arcs":[[1847]],"type":"Polygon","properties":{"id":"CUW","name":"Curaçao"}},{"arcs":[[1848]],"type":"Polygon","properties":{"id":"ABW","name":"Aruba"}},{"arcs":[[[1849]],[[1850]],[[1851]],[[1852]],[[1853]],[[1854]],[[1855]],[[1856]],[[1857]],[[1858]],[[1859]],[[1860]],[[1861]],[[1862]]],"type":"MultiPolygon","properties":{"id":"BHS","name":"The Bahamas"}},{"arcs":[[[1863]],[[1864]]],"type":"MultiPolygon","properties":{"id":"TCA","name":"Turks and Caicos Islands"}},{"arcs":[[[1865]],[[1866]]],"type":"MultiPolygon","properties":{"id":"TWN","name":"Taiwan"}},{"arcs":[[[1867]],[[1868]],[[1869]],[[1870]],[[1871]],[[1872]],[[1873]],[[1874]],[[1875]],[[1876]],[[1877]],[[1878]],[[1879]],[[1880]],[[1881]],[[1882]],[[1883]],[[1884]],[[1885]],[[1886]],[[1887]],[[1888]],[[1889]],[[1890]],[[1891]],[[1892]],[[1893]],[[1894]],[[1895]]],"type":"MultiPolygon","properties":{"id":"JPN","name":"Japan"}},{"arcs":[[1896]],"type":"Polygon","properties":{"id":"SPM","name":"Saint Pierre and Miquelon"}},{"arcs":[[1897]],"type":"Polygon","properties":{"id":"ISL","name":"Iceland"}},{"arcs":[[1898]],"type":"Polygon","properties":{"id":"PCN","name":"Pitcairn Islands"}},{"arcs":[[[1899]],[[1900]],[[1901]],[[1902]],[[1903]],[[1904]],[[1905]],[[1906]]],"type":"MultiPolygon","properties":{"id":"PYF","name":"French Polynesia"}},{"arcs":[[[1907]],[[1908]],[[1909]]],"type":"MultiPolygon","properties":{"id":"ATF","name":"French Southern and Antarctic Lands"}},{"arcs":[[1910]],"type":"Polygon","properties":{"id":"SYC","name":"Seychelles"}},{"arcs":[[1911]],"type":"Polygon","properties":{"id":"KIR","name":"Kiribati"}},{"arcs":[[1912]],"type":"Polygon","properties":{"id":"MHL","name":"Marshall Islands"}},{"arcs":[[[1913]],[[1914]]],"type":"MultiPolygon","properties":{"id":"TTO","name":"Trinidad and Tobago"}},{"arcs":[[1915]],"type":"Polygon","properties":{"id":"GRD","name":"Grenada"}},{"arcs":[[1916]],"type":"Polygon","properties":{"id":"VCT","name":"Saint Vincent and the Grenadines"}},{"arcs":[[1917]],"type":"Polygon","properties":{"id":"BRB","name":"Barbados"}},{"arcs":[[1918]],"type":"Polygon","properties":{"id":"LCA","name":"Saint Lucia"}},{"arcs":[[1919]],"type":"Polygon","properties":{"id":"DMA","name":"Dominica"}},{"arcs":[[1920]],"type":"Polygon","properties":{"id":"UMI","name":"United States Minor Outlying Islands"}},{"arcs":[[1921]],"type":"Polygon","properties":{"id":"MSR","name":"Montserrat"}},{"arcs":[[[1922]],[[1923]]],"type":"MultiPolygon","properties":{"id":"ATG","name":"Antigua and Barbuda"}},{"arcs":[[1924]],"type":"Polygon","properties":{"id":"KNA","name":"Saint Kitts and Nevis"}},{"arcs":[[1925]],"type":"Polygon","properties":{"id":"VIR","name":"United States Virgin Islands"}},{"arcs":[[1926]],"type":"Polygon","properties":{"id":"BLM","name":"Saint Barthélemy"}},{"arcs":[[[1927]],[[1928]]],"type":"MultiPolygon","properties":{"id":"PRI","name":"Puerto Rico"}},{"arcs":[[1929]],"type":"Polygon","properties":{"id":"AIA","name":"Anguilla"}},{"arcs":[[1930]],"type":"Polygon","properties":{"id":"VGB","name":"British Virgin Islands"}},{"arcs":[[1931]],"type":"Polygon","properties":{"id":"JAM","name":"Jamaica"}},{"arcs":[[1932]],"type":"Polygon","properties":{"id":"CYM","name":"Cayman Islands"}},{"arcs":[[1933]],"type":"Polygon","properties":{"id":"BMU","name":"Bermuda"}},{"arcs":[[1934]],"type":"Polygon","properties":{"id":"HMD","name":"Heard Island and McDonald Islands"}},{"arcs":[[[1935]],[[1936]]],"type":"MultiPolygon","properties":{"id":"SHN","name":"Saint Helena"}},{"arcs":[[1937]],"type":"Polygon","properties":{"id":"MUS","name":"Mauritius"}},{"arcs":[[[1938]],[[1939]],[[1940]]],"type":"MultiPolygon","properties":{"id":"COM","name":"Comoros"}},{"arcs":[[[1941]],[[1942]]],"type":"MultiPolygon","properties":{"id":"STP","name":"São Tomé and Príncipe"}},{"arcs":[[[1943]],[[1944]],[[1945]],[[1946]],[[1947]],[[1948]],[[1949]],[[1950]]],"type":"MultiPolygon","properties":{"id":"CPV","name":"Cape Verde"}},{"arcs":[[1951]],"type":"Polygon","properties":{"id":"MLT","name":"Malta"}},{"arcs":[[1952]],"type":"Polygon","properties":{"id":"JEY","name":"Jersey"}},{"arcs":[[1953]],"type":"Polygon","properties":{"id":"GGY","name":"Guernsey"}},{"arcs":[[1954]],"type":"Polygon","properties":{"id":"IMN","name":"Isle of Man"}},{"arcs":[[1955]],"type":"Polygon","properties":{"id":"ALA","name":"Åland"}},{"arcs":[[[1956]],[[1957]],[[1958]],[[1959]],[[1960]],[[1961]]],"type":"MultiPolygon","properties":{"id":"FRO","name":"Faroe Islands"}},{"arcs":[[1962]],"type":"Polygon","properties":{"id":"IOA","name":"Australian Indian Ocean Territories"}},{"arcs":[[1963]],"type":"Polygon","properties":{"id":"IOT","name":"British Indian Ocean Territory"}},{"arcs":[[1964]],"type":"Polygon","properties":{"id":"SGP","name":"Singapore"}},{"arcs":[[1965]],"type":"Polygon","properties":{"id":"NFK","name":"Norfolk Island"}},{"arcs":[[1966]],"type":"Polygon","properties":{"id":"COK","name":"Cook Islands"}},{"arcs":[[[1967]],[[1968]],[[1969]]],"type":"MultiPolygon","properties":{"id":"TON","name":"Tonga"}},{"arcs":[[1970]],"type":"Polygon","properties":{"id":"WLF","name":"Wallis and Futuna"}},{"arcs":[[[1971]],[[1972]]],"type":"MultiPolygon","properties":{"id":"WSM","name":"Samoa"}},{"arcs":[[[1973]],[[1974]],[[1975]],[[1976]],[[1977]],[[1978]],[[1979]],[[1980]],[[1981]],[[1982]],[[1983]],[[1984]],[[1985]],[[1986]],[[1987]],[[1988]],[[1989]],[[1990]],[[1991]],[[1992]],[[1993]],[[1994]],[[1995]]],"type":"MultiPolygon","properties":{"id":"SLB","name":"Solomon Islands"}},{"arcs":[[1996]],"type":"Polygon","properties":{"id":"TUV","name":"Tuvalu"}},{"arcs":[[1997]],"type":"Polygon","properties":{"id":"MDV","name":"Maldives"}},{"arcs":[[1998]],"type":"Polygon","properties":{"id":"NRU","name":"Nauru"}},{"arcs":[[1999]],"type":"Polygon","properties":{"id":"FSM","name":"Federated States of Micronesia"}},{"arcs":[[[2000]],[[2001]]],"type":"MultiPolygon","properties":{"id":"SGS","name":"South Georgia and the South Sandwich Islands"}},{"arcs":[[[2002]],[[2003]],[[2004]],[[2005]]],"type":"MultiPolygon","properties":{"id":"FLK","name":"Falkland Islands"}},{"arcs":[[[2006]],[[2007]],[[2008]],[[2009]],[[2010]],[[2011]],[[2012]],[[2013]],[[2014]],[[2015]],[[2016]],[[2017]],[[2018]],[[2019]]],"type":"MultiPolygon","properties":{"id":"VUT","name":"Vanuatu"}},{"arcs":[[2020]],"type":"Polygon","properties":{"id":"NIU","name":"Niue"}},{"arcs":[[2021]],"type":"Polygon","properties":{"id":"ASM","name":"American Samoa"}},{"arcs":[[2022]],"type":"Polygon","properties":{"id":"PLW","name":"Palau"}},{"arcs":[[2023]],"type":"Polygon","properties":{"id":"GUM","name":"Guam"}},{"arcs":[[[2024]],[[2025]]],"type":"MultiPolygon","properties":{"id":"MNP","name":"Northern Mariana Islands"}},{"arcs":[[2026]],"type":"Polygon","properties":{"id":"BHR","name":"Bahrain"}},{"arcs":[[2027]],"type":"Polygon","properties":{"id":"CSI","name":"Coral Sea Islands"}},{"arcs":[[2028]],"type":"Polygon","properties":{"id":"PGA","name":"Wake Island"}},{"arcs":[[2029]],"type":"Polygon","properties":{"id":"CLP","name":"Clipperton Island"}},{"arcs":[[2030]],"type":"Polygon","properties":{"id":"MAC","name":"Macau"}},{"arcs":[[2031]],"type":"Polygon","properties":{"id":"ATC","name":"Ashmore and Cartier Islands"}},{"arcs":[[2032]],"type":"Polygon","properties":{"id":"BJN","name":"Bajo Nuevo Bank"}},{"arcs":[[2033]],"type":"Polygon","properties":{"id":"SER","name":"Serranilla Bank"}},{"arcs":[[2034]],"type":"Polygon","properties":{"id":"SCR","name":"Scarborough Shoal"}}]}}}