{"type":"Topology","arcs":[[[47644,30824],[-81,-97],[-35,-18],[-76,-2],[-20,-43],[16,-53],[35,-55],[-59,-45],[-56,-108],[-47,-53],[-87,-63],[-36,-99],[-167,5],[-118,-24],[-91,-58],[19,-35],[-7,-51],[-44,-72],[-109,-73],[-52,-79],[5,-110],[-25,-66],[10,-228],[-4,-47],[-114,-26],[-35,-29],[41,-63],[10,-108],[-9,-44],[-49,-102],[-44,-52],[-47,-11],[-106,15],[-70,-20],[-11,-19],[59,-37],[52,-59],[32,-104],[2,-46],[-132,76],[-71,17],[-59,-1],[-135,18],[-97,5],[-72,75],[-35,23],[-116,42],[-23,-6],[21,-120],[100,-54],[27,-2],[91,-51],[-6,-62],[32,-48],[65,15],[-6,41],[70,31],[-3,-60],[47,-10],[-3,-83],[30,-22],[7,-48],[-42,-13],[-26,-47],[-80,15],[-33,27],[-86,8],[-22,-20],[-22,-80],[9,-69],[-19,-32],[19,-41],[-11,-66],[-32,-84],[86,-133],[3,-66],[24,-57],[75,-59],[83,-47],[-59,-90],[99,-69],[37,-93],[141,-38],[100,-42],[138,-79],[42,-39],[86,-47],[72,-9],[247,-54],[131,-54],[119,-75],[106,40],[115,-126],[44,-37],[134,115],[68,103],[-137,42],[-29,40],[0,48],[41,14],[172,36],[35,17],[21,101],[20,44],[111,109],[24,96],[44,38],[76,-2],[93,-30],[76,-2],[160,41],[115,13],[179,-143],[98,38],[10,46],[66,-17],[52,-37],[-32,-104],[-42,-35],[14,-59],[-63,7],[-42,-25],[59,-67],[-11,-38],[29,-62],[43,-21],[92,28],[-4,26],[-85,53],[0,35],[34,20],[90,10],[83,25],[79,-19],[77,53],[80,98],[257,82],[188,22],[87,31],[26,-35],[-47,-48],[-34,-94],[-36,-64],[47,-32],[77,13],[64,-18],[-5,-36],[-35,-45],[25,-36],[38,-6],[106,22],[69,-39],[27,-33],[134,-46],[57,20],[58,4],[29,-32],[-27,-64],[45,-77],[-40,-33],[18,-61],[81,-35],[-133,-116],[-22,-37],[-93,4],[-88,-9],[22,-61],[112,-86],[100,2],[112,30],[57,52],[77,-22],[49,-42],[-23,-82],[-106,-69],[-67,-75],[-45,-21],[-133,27],[-175,-116],[-128,-62],[-30,-26],[-27,-61],[-43,-42],[-27,-109],[54,-159],[-2,-66],[-34,-82],[9,-75],[115,-48],[33,-53],[-62,-133],[1,-68],[83,-88],[-60,-17],[-81,31],[-109,-32],[-12,-85],[30,-55],[-6,-38],[-54,-68],[-19,-46],[9,-36],[-5,-124],[-55,3],[-39,38],[-12,84],[-23,16],[-75,-23],[-67,12],[-130,-23],[75,-80],[0,-41],[-118,-29],[-164,-78],[-160,-12],[-83,-18],[-52,-40],[-14,-112],[-19,-45],[-44,-4],[-129,37],[-57,-24],[26,-35],[194,-48],[57,-47],[-49,-29],[-142,-28],[-18,-53],[53,-88],[-6,-47],[-30,-33],[-128,-98],[-79,-80],[-45,-12],[-78,3],[-80,33],[-127,4],[-87,-33],[-61,-86],[16,-36],[-25,-32],[-45,3],[-23,42],[-48,29],[-91,27],[63,69],[-39,31],[-394,-8],[-58,12],[-22,47],[32,27],[139,8],[66,12],[115,41],[101,26],[26,44],[-357,1],[-13,33],[127,85],[46,48],[105,57],[-42,33],[-101,27],[-97,13],[-80,-30],[-73,17],[-38,80],[-72,72],[-47,8],[-114,-28],[-59,39],[-16,39],[-81,39],[58,22],[38,-36],[51,10],[14,33],[62,41],[-18,37],[-59,22],[-18,57],[-78,17],[-45,43],[-60,-3],[-277,-101],[-11,-59],[50,-59],[7,-39],[-39,-79],[13,-69],[58,-35],[82,-103],[89,17],[53,79],[53,-36],[-60,-124],[290,-72],[10,-19],[-136,-78],[94,-184],[28,-36],[-43,-19],[-195,39],[-7,-39],[82,-68],[11,-56],[-95,-7],[-268,36],[-179,11],[-2,-56],[158,-125],[-6,-40],[-159,-94],[12,-53],[124,-73],[167,-174],[18,-45],[-18,-27],[-290,-51],[-90,-10],[-47,10],[-107,71],[-68,27],[-58,-1],[-53,-24],[-277,-257],[-102,-68],[-67,-73],[-14,-54],[7,-80],[26,-49],[183,-203],[20,-43],[-13,-40],[-94,-44],[-137,-7],[-246,19],[-83,-6],[-71,-29],[-33,-59],[-9,-86],[54,-234],[-93,-142],[-197,-247],[-21,-39],[-141,-371],[-45,-80],[-58,-60],[-147,-13],[-119,4]],[[44314,20753],[-116,5],[-263,21],[-440,42],[-263,78],[-127,49],[-88,56],[-97,127],[-88,155],[-39,232],[0,198],[29,197],[98,317],[185,267],[196,113],[390,126],[201,89],[-82,9],[-312,87],[-72,5],[-142,-7],[2,155],[-14,25],[-74,-2],[-128,-22],[-133,-13],[-208,-28],[-128,8],[-324,-36],[-124,-91],[-153,-71],[-81,-25],[-264,-57],[-275,-10],[-390,0],[-125,-8],[-164,0]],[[40701,22744],[-28,7],[-68,70],[-26,123],[-10,96],[-41,244],[-52,97],[-26,71],[-36,49],[-116,63],[-36,67],[-48,145],[-31,153],[-28,41],[-119,96],[-21,50],[-3,86],[18,72],[120,224],[66,106],[36,74],[66,106],[39,85],[39,112],[27,200],[-12,226],[-91,351],[0,72],[-38,85]],[[40282,25915],[104,-5],[115,8],[25,-13],[103,16],[104,-7],[224,3],[158,32],[113,60],[44,38],[83,155],[71,-4],[121,-61],[129,-35],[40,4],[17,36],[-32,156],[4,14],[104,36],[62,72],[76,37],[-25,72],[-71,96],[-32,101],[13,185],[17,25],[70,17],[-18,-88],[16,-75],[35,-44],[133,-105],[32,8],[87,81],[29,-1],[60,-99],[65,-29],[40,15],[4,67],[28,88],[27,39],[44,10],[112,-4],[-63,120],[-6,152],[75,-12],[240,1],[142,14],[11,103],[38,95],[52,62],[34,77],[41,51],[39,84],[-5,38],[-92,79],[-22,35],[-51,133],[9,62],[54,64],[34,78],[-19,74],[34,35],[83,24],[32,33],[-10,90],[44,32],[135,-23],[27,16],[-4,79],[13,64],[36,83],[31,-2],[138,-64],[67,-2],[39,49],[-10,134],[-89,126],[-13,57],[44,9]],[[43721,28866],[56,1],[56,34],[60,56],[81,26],[124,-50],[63,39],[37,56],[63,127],[39,4],[106,-84],[122,-49],[132,-3],[16,53],[76,80],[158,93],[125,50],[81,56],[28,35],[123,195],[78,91],[121,108],[101,106],[50,64],[154,148],[77,45],[295,184],[116,67],[71,26],[80,49],[19,31],[5,197],[-33,122],[17,98],[32,71],[57,82],[154,149],[50,-7]],[[46711,31216],[146,-24],[136,0],[115,-32],[166,-10],[16,53],[53,-18],[23,25],[78,13],[78,53],[142,33],[54,-10],[119,5],[52,-44],[-50,-48],[-17,-65],[-68,-48],[-92,-80],[-58,-37],[40,-158]],[[46711,31216],[20,19],[181,232],[102,94],[107,62],[233,47],[180,49],[118,99],[51,30],[153,60],[119,5],[137,65],[108,71],[111,118],[84,68],[79,28],[66,-32],[67,42],[43,129],[-3,50],[-96,39],[12,41],[53,41],[67,27],[120,24],[89,-2],[81,-25],[78,-72],[62,10],[75,96],[39,85],[-4,56],[18,62],[35,7],[97,-55],[43,3],[52,61],[82,39],[97,22],[124,-16],[73,-32],[-18,62],[-167,144],[-16,85],[-66,23],[-11,108],[23,32],[61,0],[54,18],[143,1],[84,-8],[72,118],[32,3],[160,-88],[78,-76],[57,-75],[66,-44],[157,-64],[116,-32],[51,-1],[85,20],[36,43],[0,68],[-52,80],[37,5],[-83,87],[-198,98],[-125,53],[-59,60],[-60,23],[-151,17],[-189,-2],[-16,26],[117,114],[75,93],[53,-13],[102,-70],[110,-26],[27,17],[66,-5],[76,28],[41,62],[12,69],[-34,92],[-44,70],[-95,26],[-66,-2],[-91,-21],[-60,-28],[-193,49],[-110,71],[-134,55],[-252,22],[-18,-53],[57,-199],[-41,-29],[-53,23],[-60,77],[-76,146],[-8,61],[53,28],[88,110],[6,29],[-62,47],[-222,90],[-147,75],[-89,13],[-78,-53],[-89,-29],[-35,3],[-150,80],[-127,22],[-46,54],[11,145],[-1,102],[-92,152],[6,23],[82,5],[38,46],[-38,97],[2,116],[-30,28],[-112,37],[-19,22],[16,80],[-101,77],[-45,62],[-61,59],[-49,6],[-118,-13],[-53,7],[-66,40],[-100,-44],[-51,-1],[-26,-32],[-58,-16],[-115,24],[-37,-7],[-76,36],[2,54],[-51,4],[-49,40],[46,88],[-12,56],[-96,-8],[-63,17],[19,53],[-143,-16],[-7,32],[-74,57],[3,57],[-93,72],[-101,19],[-73,-8],[24,-73],[-87,-16],[-110,-83],[-25,-89],[-7,-66],[47,4],[83,-23],[-32,-64],[-93,-35],[-25,-44],[-87,17],[22,-95]],[[46393,35746],[-84,-11],[-21,-82],[-120,12],[-6,47],[-29,15],[39,120],[-176,23],[-112,52],[-43,-36],[28,-35],[-10,-33],[-126,23],[-65,-8],[-37,30],[-8,44],[18,82],[-19,19],[-85,8],[-31,-32],[-62,-1],[-35,52],[-61,-4],[-112,26],[6,58],[-111,31],[0,15],[-188,13],[-42,-60],[-174,33],[61,71],[-6,30],[-226,45],[-117,-21],[-55,15],[-57,-27],[-51,2],[-48,58],[-91,79],[-43,90],[-7,59],[-68,36],[-44,53],[-257,74],[89,72],[-37,16],[-54,61],[36,10],[45,124],[-111,-7],[-139,-50],[-108,-76],[-79,-24],[-110,12],[79,100],[31,136],[30,43],[-3,76],[11,90],[-9,108],[22,145],[-21,120],[-222,29],[-143,-7]],[[43025,37689],[1,69],[-23,37],[16,105],[43,44],[-28,73],[94,63],[0,52],[21,28],[-41,29],[51,82],[45,24],[133,214],[27,171],[-6,53],[45,40],[155,-27],[290,-14],[59,139],[35,47],[-89,70],[5,107],[28,44],[0,44],[-34,56],[16,136],[31,12],[164,-34],[49,-26],[47,66],[33,19],[57,79],[-16,21],[59,70],[136,-43],[-21,49],[45,75],[54,13],[36,61],[27,74],[49,51],[31,110],[163,5],[193,-19],[334,-10],[25,61],[-7,46],[32,105],[20,102],[-50,33],[85,106],[46,92],[63,104],[137,2],[23,59],[-17,21],[-161,7]],[[45535,40686],[23,54],[62,21],[146,21],[147,-12],[52,39],[45,84],[-25,69],[136,71],[102,-14],[55,-22],[68,-6],[53,-27],[67,9],[33,-50],[77,-1],[36,-23],[69,10],[53,-7],[72,-44],[62,11],[37,-15],[78,49],[29,85],[97,64],[48,3],[65,39],[129,-90],[28,-50],[61,-62],[-6,-49],[55,-62],[108,-57],[73,-28],[55,-74],[-58,-141],[-58,-91],[-11,-49],[2,-153],[18,-127],[-2,-93],[-32,-56],[-52,-172],[9,-117],[53,-111],[16,-71],[63,-135],[83,30],[103,133],[78,30],[62,10],[117,-15],[44,-28],[1,-30],[-57,-95],[30,-39],[85,36],[112,63],[105,45],[84,25],[133,2],[119,-15],[67,-22],[50,31],[180,25],[220,45],[114,19],[47,24],[51,50],[38,-15],[115,137],[30,77],[12,78],[-9,93],[-22,99],[-108,80],[-40,20],[-62,68],[-65,92],[-86,76],[-16,97],[10,51],[-16,104],[34,57],[56,12],[135,10],[209,47],[174,-7],[92,-11],[133,-2]],[[50115,40793],[67,-20],[293,31],[66,31],[74,-13],[35,-36],[82,-22],[92,28],[40,0],[14,-71],[114,16],[117,-57],[136,-11],[164,-79],[68,32],[76,-21],[50,3],[37,-26],[108,-32],[31,-58],[-48,-55],[-76,-27],[-56,-42],[-19,-46],[-52,-11],[-84,-90],[2,-63],[57,-67],[-9,-60],[28,-40],[76,-14],[168,44],[94,35],[119,32],[149,49],[212,32],[73,-88],[382,7],[76,11],[70,43],[172,68],[81,4],[34,141],[4,65],[98,75],[22,32],[222,39],[-105,84],[-97,181],[51,35],[59,16],[89,-63],[98,-22],[17,29],[-34,189],[29,188],[43,10],[191,-17],[381,-3]],[[54296,41189],[35,0],[159,-197],[374,-311],[514,-316],[93,-116],[96,-73],[230,-236],[57,-36],[286,-34],[132,-27],[240,-191],[73,-70]],[[56585,39582],[34,-33],[90,-51],[76,-116],[14,-37],[143,-192],[157,-244],[115,-100],[181,-114],[98,-77],[157,-215],[-52,-133],[-99,-43],[-448,-18],[-87,5],[-80,29],[-110,15],[60,-122],[2,-58],[-21,-133],[117,-18],[178,-98],[112,-46],[-3,-47],[-79,-57],[-122,-58]],[[57018,37621],[-60,-114],[-58,-58],[0,-50],[-171,-108],[-67,17],[-60,-113],[-120,-35],[-188,-21],[0,-92],[-199,-9],[-185,-27],[-114,-23],[-102,-47],[-98,-118],[-60,-54],[-132,-44],[-176,-46],[-99,-19],[-5,-62],[25,-78],[-64,-86],[-68,-45],[-157,-15],[-88,5],[-76,-132],[-86,-195],[0,-30],[101,-217],[100,-136],[35,-187],[1,-77],[-21,-107],[-26,-73],[-241,-298],[-101,-143],[-63,-74],[-62,14],[-84,38],[-65,-1],[-20,-39],[-57,10],[-33,-41],[-148,4],[-14,-32],[-90,12],[5,-98],[15,-33],[178,-18],[65,-23],[95,-58],[37,-38],[25,-73],[-7,-118],[20,-153],[1,-57],[-26,-50],[-48,-41],[-140,-52],[-57,-39],[-15,-45],[2,-163],[9,-98],[161,-52],[207,-136],[166,-115],[29,-78]],[[54544,33137],[-313,-7],[-77,-66],[-9,-74],[-44,-42],[11,-37],[40,-32],[88,-40],[64,-61],[6,-105],[-219,-83],[-81,-18],[-229,-11],[-58,-13],[-53,-44],[-8,-37],[25,-35],[100,-15],[177,17],[47,-24],[-8,-42],[-84,-73],[-142,-88],[-44,-64],[-119,-34],[-83,18],[-13,41],[-2,104],[-29,59],[-62,14],[-60,-5],[-33,-24],[-76,-91],[-104,-62],[-263,-69],[-73,-13],[-103,-3],[-106,53],[-54,17],[-122,-33],[-114,-124],[-58,-51],[-114,-118],[-61,-88],[-50,-98],[-20,-94],[55,-134],[28,-87],[-21,-49],[-81,-105],[-40,-71],[-85,-115],[-102,-54],[-91,129],[-50,50],[-166,111],[-65,33],[-119,37],[-105,9],[-102,20],[-115,50],[-98,53],[-130,86],[-164,88],[-73,16],[-70,-6],[-38,-51],[-46,-128],[-184,-7],[-22,-147],[-140,-95],[16,-46],[-108,-69],[-104,-17],[-92,35],[-110,94],[7,40],[-132,70],[-56,9],[-60,-13],[-43,-42],[-32,-78],[-195,40],[-72,-11],[-42,-129],[-108,17],[-53,-8],[-121,13],[-21,22],[-97,-17],[-11,33],[17,50],[-92,-49],[-54,-54],[-33,-75],[-38,-31],[-106,-40],[-109,34],[-82,-26],[-73,-39],[-118,-8],[-106,-40],[-118,-16]],[[57018,37621],[56,-46],[65,-9],[51,-32],[42,12],[9,43],[49,2],[72,67],[79,19],[237,1],[285,9],[16,-29],[13,-98],[-5,-239],[8,-62],[-6,-120],[4,-139],[34,-186],[42,-68],[86,-99],[92,-59],[376,-116],[182,-89],[132,-87],[97,-91],[65,-179],[22,-96],[47,-401],[12,-55],[3,-132],[-15,-23],[8,-97],[42,-137],[38,-167],[38,-362],[14,-80],[96,-221],[37,-50],[82,-66],[310,-153],[142,-43],[86,-49],[53,-46],[212,-220],[125,-96],[148,-136],[115,-94],[222,-158],[131,-99],[237,-164],[125,-93],[174,-140],[82,-56],[104,-95],[113,-128],[193,-245],[98,-141],[62,-80],[59,-58],[212,-285],[46,-78]],[[62572,31482],[176,-220],[134,-152],[45,-75],[165,-222],[80,-141],[106,-149],[41,-74],[105,-149],[105,-128],[260,-357],[48,-59],[77,-153],[143,-197],[54,-144],[67,-149],[54,-172],[2,-119],[71,-195],[61,-85],[112,-120],[44,-70],[21,-86],[2,-79],[-68,-197],[-24,-147],[-32,-71],[-60,-205],[1,-103],[22,-128],[73,-244],[-6,-299],[15,-204],[29,-97],[-90,-226],[-92,-145],[-40,-50],[-46,-112],[-58,-163],[-210,-344],[-68,-124]],[[63891,25328],[-95,-164],[-206,-323],[-115,-259],[-251,-453],[-123,-356],[-2150,352],[17,-1173],[7,-815],[12,-1492],[-121,1],[-1051,19],[-1710,30],[-1017,17],[-1713,30],[-33,20],[-5,37],[17,162],[41,219],[12,178],[0,113],[-15,105]],[[55392,21576],[128,37],[-35,192],[-19,55],[-11,111],[16,65],[82,93],[114,91],[54,66],[95,150],[39,77],[23,107],[1,168],[-25,115],[-68,31],[-183,52],[-375,96],[-54,45],[33,64],[117,137],[26,57],[-101,228],[-55,144],[-89,79],[-22,34],[-37,299],[-33,135],[-4,136],[9,70],[76,143],[56,135],[10,148],[8,224],[-26,88],[-65,105],[80,206],[7,87],[-13,21],[-116,38],[-99,45],[-67,65],[-14,35],[12,79],[107,93],[53,56],[90,176],[87,102],[87,116],[146,218],[113,105],[175,233],[61,97],[80,149],[127,161],[54,101],[76,124],[31,29],[98,31],[163,76],[165,93],[49,56],[79,265],[37,103],[46,220],[41,161],[10,293],[-34,308],[-1,224],[-9,179],[-30,343],[5,45],[66,80],[15,67],[-31,101],[-46,84],[-72,203],[-33,160],[-15,26],[-69,26],[-95,17],[-104,59],[-184,215],[-76,53],[-139,56],[-50,95],[-93,139],[-58,140],[-31,56],[-51,58],[-46,78],[-138,184],[-30,70],[-4,77],[-101,65],[-86,110],[-100,163],[-48,132],[-116,120],[-65,59],[-90,63],[-106,86],[-222,204],[-11,5]],[[43721,28866],[-9,51],[51,84],[55,116],[12,61],[-115,72],[-102,-3],[-34,71],[-89,38],[-95,123],[-22,-130],[10,-44],[-44,-12],[-54,72],[-169,9],[-66,29],[-38,53],[34,109],[50,61],[22,90],[-16,64],[41,9],[23,51],[115,-13],[148,72],[40,53],[-53,31],[-13,43],[-36,21],[0,61],[-47,38],[-18,78],[-65,18],[2,69],[-21,81],[59,69],[13,56],[-9,88],[-84,33],[45,21],[188,54],[7,-51],[114,-23],[72,3],[116,-16],[40,-18],[95,5],[46,16],[33,129],[-113,50],[34,129],[79,-2],[99,14],[-44,-68],[89,-34],[2,-46],[161,-24],[-15,-109],[48,-48],[-2,-30],[53,-24],[58,-4],[-4,38],[31,22],[137,-6],[5,32],[118,23],[110,-12],[72,96],[49,154],[78,-19],[98,65],[183,103],[25,42],[7,79],[60,20],[43,72],[62,22],[5,52],[-50,79],[-163,-17],[-4,81],[15,66],[-109,64],[-118,-41],[0,-50],[27,-49],[-68,-31],[-43,24],[-115,41],[-54,34],[-50,-51],[-71,16],[-59,-18],[-82,3],[-19,-85],[-55,-20],[-14,-30],[-102,-8],[-55,17],[28,75],[-22,55],[-126,25],[-43,41],[79,67],[24,43],[-56,67],[-47,-6],[-14,-49],[-118,-1],[17,50],[15,136],[16,27],[-35,40],[3,45],[-29,57],[32,66],[-36,53],[24,45],[-13,46],[18,62],[-15,86],[21,65],[-49,37],[-68,92],[-8,113],[5,103],[-62,82],[66,103],[77,161],[42,17],[123,-83],[95,-48],[199,21],[239,47],[66,28],[61,53],[99,138],[91,75],[-74,44],[-24,35],[17,53],[-54,44],[-28,68],[-37,-7],[-48,62],[68,69],[-13,105],[-93,10],[-5,123],[23,24],[10,82],[-75,28],[185,63],[199,86],[271,76],[148,51],[123,28],[-10,72],[83,32],[9,112],[38,-1],[9,42],[69,25],[31,32],[40,169],[89,29],[31,101],[46,7],[-27,47],[4,87],[82,7],[64,56],[1,70],[75,15],[84,-12],[11,60],[119,22],[78,106],[111,12],[47,79],[-126,11],[-32,14],[-46,56],[-71,48]],[[55392,21576],[-328,-94],[-765,-211],[-84,-20],[-88,-57],[-76,-33],[-384,-390],[-181,-189],[-259,-264],[-103,-120],[-89,-134],[-150,-62],[-110,-14],[-99,16],[-228,92],[-480,198],[-27,-12],[-203,-22],[-187,-6],[-159,12],[-217,31],[-303,37],[-225,33],[-298,38],[-781,115],[-174,11],[-76,-1],[-34,-71],[-93,-22],[-63,42],[-607,1],[-315,8],[-151,-3],[-37,6],[-77,-24],[-176,-104],[-119,-94],[-209,-113],[-112,-40],[-144,-20],[-143,-8],[-179,-73],[-429,-100],[-287,8],[-357,38],[-462,90],[-328,82],[-140,59],[-143,103],[-215,166],[-164,200],[-20,92]],[[40282,25915],[-74,121],[-36,447],[-21,76],[-43,69],[-114,139],[-175,160],[-97,103],[-20,86],[-37,95],[-53,187],[-31,206],[17,211],[26,124],[77,231],[73,166],[54,94],[103,148],[141,154],[174,164],[118,156],[101,251],[4,196],[-57,103],[-55,56],[-341,232],[-83,81],[-74,86],[-30,89],[15,82],[73,82],[95,56],[181,36],[46,32],[70,87],[169,82],[127,42],[107,25],[312,-21],[75,13],[66,27],[140,78],[71,69],[34,72],[17,78],[-14,60],[-53,63],[-76,45],[-130,34],[-120,10],[-229,-50],[-70,-24],[-295,25],[-112,36],[-141,87],[-69,78],[-28,63],[-17,131],[62,78],[137,38],[174,8],[32,-5],[297,2],[95,-32],[119,-61],[189,-60],[195,-44],[221,-24],[137,18],[172,7],[29,138],[-15,88],[-91,33],[-474,10],[-194,-15],[-158,-1],[-64,12],[-2,39],[198,173],[160,122],[176,140],[126,149],[99,199],[66,170],[55,172],[16,119],[-8,103],[-37,49],[-50,31],[-93,35],[-75,17],[-228,28],[-316,27],[-198,-1],[108,171],[48,123],[20,239],[61,136],[-40,13],[-71,-5],[-109,43],[-92,-10],[-251,63],[-41,24],[-192,79],[-55,100],[4,72],[41,55],[96,96],[56,9],[52,-48],[104,-135],[34,-135],[63,-19],[161,92],[113,91],[159,78],[107,33],[87,73],[-24,39],[-85,57],[-198,95],[-151,61],[-128,23],[-186,23],[-144,-4],[-254,-33],[-180,-14],[-181,-39],[-58,16],[-52,64],[-4,64],[21,41],[115,71],[170,55],[302,147],[326,120],[109,18],[137,-45],[252,-43],[25,58],[-7,118],[28,109],[78,104],[5,110],[-66,34],[-107,8],[-171,-35],[-91,1],[-52,20],[-66,48],[-9,51],[20,105],[-25,85],[27,69],[61,18],[122,11],[51,84],[45,25],[89,0],[161,-25],[157,18],[-36,83],[-110,83],[-113,41],[-210,44],[-41,23],[27,117],[-2,35],[330,170],[113,71],[98,14],[41,-46],[94,36],[4,150],[-7,49],[-59,112],[-80,56]],[[41399,37314],[28,107],[-7,55],[-50,86],[-58,-4],[-20,45],[52,24],[51,-43],[63,1],[37,-64],[56,14],[31,-24],[-3,-40],[59,4],[-12,-38],[120,1],[92,-10],[90,21],[28,20],[28,61],[68,-7],[60,-22],[150,40],[85,46],[25,54],[106,-27],[36,29],[39,-5],[120,19],[102,4],[89,-8],[41,16],[120,20]],[[98580,20852],[-28,-107],[19,-61],[45,-87],[-18,-75],[24,-19],[101,-33],[15,-54],[-18,-40],[-115,-40],[-121,-57],[-8,-94],[-37,-153],[28,-68],[-13,-57],[40,-41],[2,-125],[23,-40],[0,-96],[-24,-147],[-39,-58],[-20,-123],[-45,-22],[-4,-33],[48,-43],[7,-48],[-58,-69],[26,-70],[16,-165],[-33,-78],[-28,-27],[-55,-181],[0,-82],[-25,-70],[26,-61],[101,-141],[3,-72],[-34,-118],[-19,-230],[-44,-111],[10,-67],[85,-227],[8,-65],[64,-208],[6,-42],[-20,-75],[-13,-211],[9,-332],[38,-101],[98,-152],[1,-138],[17,-124],[71,-303],[7,-174],[-24,-130],[65,-93],[12,-123],[27,-78],[55,-112],[12,-70],[-20,-185],[28,-185],[25,-80],[61,-91],[16,-139],[21,-51],[120,-177],[22,-67],[2,-113],[12,-50],[116,-327],[24,-44],[66,-73],[7,-52],[-28,-118],[37,-226],[49,-194],[130,-250],[56,-163],[57,-121],[39,-114],[48,-51],[85,-66],[55,-97],[83,-69],[24,-54],[18,-126],[-19,-39],[-84,-35],[-131,-29],[-69,-6],[-138,-51],[-108,-26],[-67,53],[-52,-12],[-66,-84],[-51,-32],[-61,17],[-107,-23],[-108,-62],[-59,-83],[-95,-63],[-44,-43],[-17,-45],[19,-73],[-101,-34],[-110,-12],[-153,-3],[-82,-25],[-49,-27],[-56,4],[-18,29],[-66,238],[-40,302],[-85,123],[-29,121],[-98,218],[-39,113],[-61,135],[-75,246],[-48,77],[-5,50],[-65,108],[-3,86],[-30,56],[-52,62],[-7,39],[25,94],[-67,154],[-69,66],[-87,-27],[-235,-29],[-135,-47],[-112,-75],[-91,-34],[-42,-1],[-68,47],[-59,23],[-94,9],[-74,33],[-76,-17],[-4,-29],[36,-81],[-2,-96],[27,-35],[-35,-49],[-50,-26],[-170,-111],[-56,48],[-37,3],[-175,49],[-64,-9],[-116,-45],[-66,10],[-61,119],[-116,43],[-72,11],[-54,47],[-54,17],[-116,-26],[-50,-49],[-68,35],[-93,-25],[-68,23],[-34,101],[-105,2],[-36,15],[1,62],[-48,40],[-13,258],[18,43],[59,72],[21,77],[-9,55],[-55,122],[-27,98],[-22,140],[-54,54],[-161,109],[-45,-14],[-50,13],[-124,139],[-57,51],[5,62],[-49,34],[-59,19],[-62,52],[-46,65],[-69,64],[-63,32],[-90,82],[-77,49],[-125,-59],[-134,34],[-34,-15],[-58,-72],[-159,-128],[-60,-20],[-13,-50],[-77,18],[-108,58],[-45,-86],[-15,-81],[-3,-89],[-38,-54],[-59,-17],[19,-97],[2,-76],[-46,-35],[-157,-34],[-22,-20],[18,-79],[62,-16],[-9,-99],[-65,-6],[-46,-30],[-96,10],[-76,48],[-30,-2],[-40,-59],[-60,-6],[-94,30],[-55,59],[-67,14],[-35,-56],[-40,-14],[-44,51],[-53,131],[-24,15],[-149,-29],[-82,0],[-71,-24],[-103,6],[-75,-7],[14,-77],[-14,-26],[-10,-124],[-110,-82],[28,-66],[81,-55],[19,-28],[-97,-23],[-43,-52],[-66,-25],[-82,-48],[-50,-93],[43,-49],[-8,-45],[29,-21],[-30,-56],[-60,-45],[42,-76],[91,-54],[-11,-24],[-67,-24],[-10,-49],[-46,-38],[-67,-8],[-59,18],[-68,-31],[-75,1],[-141,-21],[-40,-18],[-7,-61],[-75,9],[-29,33],[-42,4],[-39,-53],[-151,-42],[-51,-96],[-127,-60],[-25,-49],[-81,-7],[-104,-82],[15,-39],[0,-101],[27,-60],[-21,-64],[2,-49],[147,-222],[95,-119],[-14,-29],[135,-86],[45,-61],[-1,-60],[-27,-84],[14,-51],[41,-55],[5,-113],[-59,-19],[-62,-59],[-29,-57],[48,-48],[30,-63],[72,-109],[36,-21],[-81,-104],[-134,-56],[11,-49],[-80,-73],[-25,-49],[0,-65],[-44,-36],[-36,-68],[-46,-43],[-86,11],[-227,-125],[-49,-49],[-62,-96],[-88,-27]],[[89219,9807],[-56,19],[6,34],[-24,47],[-70,17],[52,54],[33,68],[-65,30],[-36,59],[25,51],[-49,42],[4,76],[-68,26],[48,24],[-20,63],[39,11],[30,60],[-2,39],[96,42],[32,38],[85,62],[-30,65],[19,49],[65,96],[8,33],[-26,33],[67,20],[38,52],[95,68],[-14,72],[42,15],[-51,77],[-63,-4],[-95,-21],[-42,4],[-35,53],[16,27],[-41,46],[0,30],[-51,35],[22,61],[-129,126],[11,46],[-15,42],[-78,24],[-47,30],[-25,54],[-67,80],[-41,20],[-9,91],[-41,62],[-62,50],[-9,81],[-46,77],[22,53],[-23,44],[-1,51],[-44,39],[-99,138],[-2,51],[-57,91],[-13,69],[-35,63],[-38,122],[-32,29],[-28,64],[-5,120],[-25,65],[-38,36],[21,43],[-71,76],[2,19],[101,14],[43,-21],[68,40],[44,-19],[2,-36],[58,-25],[51,28],[46,86],[40,28],[158,60],[10,37],[-58,41],[49,61],[-27,53],[24,19],[29,69],[75,24],[149,-15],[27,13],[74,-7],[118,33],[23,-43],[48,-34],[-1,-42],[108,24],[44,-36],[18,-78],[21,-4],[23,-94],[43,-32],[8,-42],[41,-34],[9,-50],[42,-45],[-16,-38],[49,-59],[15,-43],[46,-63],[68,40],[56,14],[65,-18],[103,45],[56,75],[77,-6],[52,-18],[94,13],[146,-43],[48,14],[54,-15],[70,34],[14,45],[55,54],[-13,49],[-108,22],[-91,69],[19,88],[57,97],[-14,26],[-88,36],[-75,-3],[19,55],[-32,32],[21,71],[-14,49],[-71,88],[111,11],[19,65],[47,18],[71,3],[-56,67],[29,102],[-14,74],[39,22],[-61,143],[-81,6],[-44,34],[-69,-28],[-43,34],[-70,2],[-32,68],[57,51],[4,61],[-125,67],[-30,27],[-18,78],[-162,10],[-113,-59],[-27,46],[16,102],[-32,59],[-81,-11],[-93,5],[-17,-38],[-53,-2],[-76,-31],[-39,-80],[31,-39],[-31,-14],[-43,82],[10,84],[-25,10],[-65,-27],[-60,-70],[-38,2],[-37,53],[-66,6],[-6,72],[29,6],[-36,83],[-61,33],[-48,55],[0,33],[-79,69],[-14,63],[-35,51],[1,47],[36,28],[62,0],[41,25],[20,73],[41,24],[157,63],[101,64],[19,52],[49,51],[63,108],[-13,27],[-112,55],[2,32],[-74,54],[19,42],[-64,45],[-3,67],[-52,-20],[-32,28],[12,35],[65,36],[11,92],[16,28],[-35,36],[-120,83],[-104,-5],[-31,-72],[-65,-52],[-59,-14],[-65,-39],[-91,-11],[-47,69],[-45,18],[40,52],[15,60],[-2,82],[-69,66],[-32,52],[-219,61],[-77,69],[-79,48],[-175,16],[-79,19],[-141,135],[-137,-2],[-2,40],[105,-4],[57,70],[84,-11],[56,18],[42,49],[-1,64],[-159,27],[-82,-2],[-51,25],[136,55],[2,56],[43,29],[65,8],[-1,33],[-73,37],[5,32],[-116,29],[23,36],[-62,131],[-52,-7],[-70,19],[-63,56],[44,39],[67,24],[26,31],[76,12],[33,25],[-19,61],[-24,15],[72,88],[94,22],[61,-33],[28,13],[11,85],[-77,25],[-78,108],[37,7],[87,-27],[65,0],[58,38],[-6,65],[-80,28],[-14,37],[-64,42],[4,34],[100,73],[-16,30],[-78,2],[-23,18],[28,38],[72,-3],[138,-46],[156,4],[51,-16],[60,3],[26,-27],[54,2],[102,25],[265,5],[6,37],[42,46],[-18,35],[-77,-13],[-18,63],[54,80],[80,164],[30,49],[23,84],[66,52],[66,16],[66,51],[89,36],[32,35],[-26,94],[79,41],[59,-11],[-11,-133],[18,-43],[118,-52],[108,18],[-9,76],[27,85],[40,26],[91,-16],[103,-7],[133,25],[24,28],[-21,41],[-77,68],[2,69],[-86,104],[4,60],[24,41],[9,60],[-121,90],[-16,47],[-36,19],[-123,-25],[-25,-55],[-78,-16],[9,102],[-28,66],[-46,6],[-72,44],[23,31],[62,-29],[3,83],[16,30],[-28,40],[27,42],[-97,23],[-134,-3],[-91,-52],[20,-33],[-50,-61],[27,-48],[55,-28],[15,-65],[86,-38],[1,-48],[53,-56],[-12,-48],[23,-28],[-21,-66],[62,-47],[-30,-40],[5,-39],[108,-39],[3,-103],[102,-50],[-18,-59],[-3,-88],[29,-103],[-71,-6],[-60,20],[-37,40],[19,135],[-65,48],[-103,4],[-58,-53],[-23,-77],[-28,-25],[-98,-39],[-24,-64],[-40,-27],[-175,72],[-66,-38],[-160,10],[-49,18],[-42,115],[-41,43],[-64,20],[-14,70],[-45,41],[-71,7],[-117,-23],[-35,-44],[-134,-13],[-110,9],[-70,-30],[-32,15],[-16,82],[-52,39],[-13,53],[5,66],[-99,15],[-18,-28],[-114,1],[-82,28],[-99,-6],[-31,12],[-35,63],[-47,7],[-20,40],[6,47],[55,37],[7,38],[-44,29],[114,130],[89,-6],[39,24],[10,77],[41,59],[-14,31],[-70,51],[-16,46],[16,38],[-13,41],[-69,74],[3,54],[59,14],[0,38],[-25,63],[9,31],[-44,51],[38,61],[-66,-1],[3,104],[20,76],[-29,35],[-77,13],[3,56],[-88,28],[-38,60],[-42,23],[-16,39],[-37,20],[-82,-15],[-86,37],[18,130]],[[86792,21839],[63,6],[-6,44],[58,28],[50,60],[41,5],[42,50],[67,-28],[67,1],[65,58],[94,20],[52,-51],[71,-4],[31,40],[66,-48],[115,43],[49,3],[2,69],[49,46],[113,16],[73,24],[42,-47],[-113,-42],[-18,-37],[64,-37],[-70,-24],[-5,-57],[-24,-35],[139,-43],[16,-91],[105,-41],[15,-22],[105,-52],[93,31],[72,36],[119,4],[89,46],[55,-22],[96,8],[145,48],[45,-17],[40,28],[51,-36],[40,-6],[57,21],[74,8],[43,64],[-50,34],[-42,-11],[-41,49],[-80,55],[-31,62],[23,44],[2,60],[-71,-5],[7,116],[-72,26],[6,68],[66,12],[43,26],[92,-9],[68,8],[38,-18],[1,-65],[55,32],[66,-10],[83,23],[12,40],[62,50],[101,18],[83,3],[4,39],[-53,8],[-14,42],[47,41],[26,64],[67,-3],[89,56],[37,40],[40,1],[35,39],[112,17],[26,30],[-23,53],[-72,27],[2,84],[-45,8],[-65,65],[-63,4],[36,122],[6,75],[77,-1],[129,35],[63,44],[-63,48],[-93,9],[-51,-7],[-39,19],[-82,-17],[-21,45],[38,46],[2,62],[-111,25],[-43,-9],[-11,61],[-45,28],[-129,14],[-69,25],[-104,-15],[-60,62],[1,34],[-44,18],[-85,122],[-97,30],[-49,37],[54,48],[65,18],[26,43],[-28,34],[154,101],[4,43],[44,33],[-15,32],[-60,4],[-101,44],[-102,-14],[-30,24],[-9,55],[-69,-22],[-34,13],[-103,-15],[10,33],[56,74],[49,14],[74,44],[6,84],[-128,30],[-63,-18],[-69,29],[-69,14],[-83,-4],[-23,50],[23,35],[83,59],[83,-52],[70,18],[24,22],[25,66],[73,22],[26,27],[88,21],[97,40],[3,57],[37,10],[8,63],[-40,20],[-11,37],[-42,14],[-52,58],[-66,5],[8,45],[-66,46],[1,36],[70,13],[26,67],[94,30],[44,61],[-16,95],[-78,17],[-45,-26],[-50,22],[16,58],[-37,24],[40,103],[-34,61],[-99,54],[4,57],[144,106],[-36,63],[58,59],[-38,44],[-39,9],[-45,66],[3,26],[-126,34],[-2,56],[-95,134],[-78,100],[68,20],[13,46],[-23,56],[40,34],[-88,117],[-55,24],[-77,81],[6,37],[58,84],[-31,25],[59,73],[-51,82],[47,26],[-12,84],[-37,68],[-75,41],[-29,112],[96,46],[11,72],[-19,36],[-8,75],[44,22],[34,44],[131,92],[62,174],[8,77],[-33,1],[-27,58],[-33,30],[10,28],[89,33],[31,97],[-9,66],[48,31],[-64,96],[-18,49],[-71,3],[-53,64],[20,80]],[[88627,29098],[210,11],[159,17],[193,2],[89,-8],[237,-12],[127,-28],[101,-54],[31,-31],[95,-128],[64,-128],[30,-157],[39,-84],[74,-41],[106,4],[150,54],[202,91],[173,85],[167,66],[324,153],[139,43],[113,17],[93,40],[224,7],[79,13],[204,6],[102,-19],[257,-106],[179,-57],[142,-11],[410,-1],[116,-4],[74,-22],[184,-17],[240,25],[25,-9],[123,-106],[-3,-46],[62,-110],[95,-135],[103,-131],[89,-88],[127,-170],[11,-38],[176,-129],[73,-87],[153,-73],[67,-11],[85,-43],[78,-64],[48,-23],[147,-10],[105,-64],[82,-82],[69,-104],[58,-61],[51,-71],[1,-67],[52,-83],[-31,-98],[22,-110],[45,-53],[155,-47],[53,-37],[73,-129],[9,-113],[22,-29],[37,-176],[-6,-76],[-36,-65],[43,-70],[81,-62],[47,-51],[89,-63],[47,-148],[1,-103],[10,-143],[-13,-51],[65,-79],[19,-61],[35,-63],[-1,-30],[-92,-93],[-25,-86],[17,-77],[20,-158],[-12,-43],[-60,-64],[1,-32],[68,-35],[99,-90],[151,-51],[25,-58],[4,-100],[-9,-62],[94,-80],[165,-30],[183,-172],[18,-164],[-101,-211],[-63,-87],[15,-48],[-11,-62],[58,-147],[85,-29],[32,-84],[108,-57],[91,-176],[46,-47],[109,-7],[38,-61],[-4,-101],[106,-42],[28,-81],[-3,-57],[32,-32],[78,-40],[6,-49],[60,-11],[36,-29],[15,-63],[62,-47],[6,-109],[100,-211],[113,-105],[39,-82],[131,-156],[54,-162],[16,-170],[38,-126],[49,-69],[167,-157]],[[70534,56345],[-22,-23],[6,-83],[-32,-76],[-81,-152],[43,-66],[-137,-51],[-118,-18],[-21,55],[6,46],[-49,48],[32,76],[-21,16],[-58,-56],[-202,-224],[-63,-90],[-94,-192],[-32,-51],[90,-69],[88,-50],[18,-48],[44,-175],[-82,17],[-133,4],[-94,-26],[-161,23],[-398,36],[-29,-17],[166,-67],[101,-149],[-23,-107],[-103,-62],[-217,-74],[-23,-29],[18,-274],[52,-45],[78,-19],[45,-50],[16,-80],[32,-80],[45,-67],[129,-136],[29,-64],[106,-171],[-95,-75],[-154,-168],[-117,-153],[-93,-49],[6,-92],[-47,-128],[-49,-33],[-52,-75],[48,-50],[12,-53],[30,-22],[-5,-36],[7,-247],[-14,-54],[-95,-100],[14,-99],[-41,-28],[-61,-76],[-56,-112],[-30,30],[-133,84],[-33,67],[-158,26],[-32,-5],[-111,18],[-55,-8],[-159,2],[-87,-32],[-298,18],[-86,-39],[-111,-99],[-57,-87],[-28,-106],[-48,-90],[5,-40],[-85,-173],[54,-126],[9,-102],[37,-154],[74,0],[118,13],[64,-5],[359,20],[139,-5],[109,5],[40,25],[163,-101],[66,-13],[-41,-93],[-39,-169],[-11,-101],[18,-67],[-45,-43],[69,-98],[-76,-6],[-37,-52],[-113,-12],[-55,12],[10,65],[32,57],[-169,45],[-42,37],[-52,-44],[-98,34],[-51,-35],[-84,29],[-67,83],[-122,10],[-5,52],[-67,52],[-20,-27]],[[67384,50927],[-60,21],[-100,8],[-57,-37],[-102,-9],[3,-43],[-94,5],[-35,19],[-69,-26],[-26,61],[-52,17],[-43,-25],[-57,83],[3,55],[78,84],[-40,31],[-73,-13],[-36,21],[11,53],[-75,-23],[-2,49],[31,37],[-80,73],[-33,-32],[-57,2],[-38,74],[10,62],[-69,9],[-55,39],[77,49],[-106,24],[-18,50],[116,17],[51,69],[-42,19],[-25,-32],[-56,16],[-158,-1],[6,42],[-55,-4],[-44,-44],[-130,11],[-55,67],[-48,-26],[-33,46],[66,15],[45,53],[-29,15],[-142,-46],[-37,41],[-37,11],[109,123],[-31,18],[-77,-66],[-57,1],[-12,-50],[-75,50],[38,20],[63,94],[-71,2],[-48,-49],[-25,51],[48,20],[-3,61],[-55,16],[-12,-44],[-31,-10],[-106,51],[75,38],[-5,107],[59,19],[29,51],[-56,2],[-41,-31],[-104,-29],[-19,16],[73,117],[-109,3],[-5,-35],[-35,-37],[-46,8],[-4,54],[92,76],[-4,35],[-59,-13],[-108,-77],[-43,-12],[-38,17],[-2,62],[37,12],[42,-22],[51,51],[0,63],[-62,81],[-51,-63],[-60,-18],[-54,143],[54,28],[5,30],[-44,25],[-59,135],[-597,-122],[-60,-17],[-49,18],[-25,84],[-95,-29],[59,-93],[-206,-20],[-92,-3],[-325,-39],[-205,-46],[-8,-89],[-27,-11],[-211,3],[-13,28],[-363,-84],[-346,-103],[-21,60],[-124,-6],[-144,-17],[-45,-109],[-116,-1],[-35,-51],[-71,-23],[-73,-38],[-7,-68],[34,-104],[-4,-124],[-95,-170],[-45,-12],[-88,-60],[-85,-37],[-62,-9],[-28,51],[-53,25],[-80,-18],[-68,-1],[-111,58],[-110,11],[-154,-29],[-133,9],[-69,58],[-2,41],[-101,42],[-82,1],[-37,20],[-115,0],[-87,47],[-39,-15],[-20,-57],[-58,36],[-90,-3],[4,105],[-12,93],[-37,62],[18,79],[-41,2],[-26,-62],[-75,-90],[-58,-54],[30,-15],[-104,-88],[-57,-6],[-89,-31],[-27,-42],[24,-92],[-110,-181],[-14,-93],[30,-57],[94,-30],[71,-53],[39,-47],[28,-103],[-46,-90],[-97,-43],[-87,-14],[-135,23],[-61,60],[-40,134],[-25,38],[-81,12],[-126,-59],[-76,-19],[-205,-33]],[[58505,51328],[-41,151],[-66,121],[-80,70],[-67,41],[-87,84],[-43,64],[-43,124],[-7,84],[19,96],[27,70],[119,136],[103,99]],[[58339,52468],[23,42],[152,126],[118,157],[188,124],[73,64],[68,80],[84,142],[14,64],[-17,109],[-2,140],[-52,143],[-80,134],[-21,88],[0,84],[38,93],[58,64],[47,30],[99,23],[160,10],[178,5],[428,1],[122,3],[245,-36],[88,-2],[121,11],[127,40],[210,99],[104,59],[86,34],[58,0],[116,-22],[260,-84],[96,-46],[155,-57],[120,-24],[77,5],[93,27],[72,36],[150,107],[75,71],[126,240],[43,127],[100,162],[55,65],[98,75],[74,41],[126,42],[48,26],[54,64],[43,150],[13,147],[-9,111],[20,69],[102,67],[113,51],[122,42],[35,28],[39,67],[8,130],[-27,120],[-38,86],[-40,129],[2,63],[29,110],[61,97],[134,147],[81,74],[71,51]],[[63753,56993],[118,112],[64,48],[147,84],[214,132],[166,44],[47,24],[92,69],[124,43],[94,51],[132,113],[159,187],[23,109],[-7,71],[-59,121],[-107,133],[-46,43],[-146,88],[-186,85],[-181,58],[-129,32],[-136,47],[-155,85],[-166,138],[-114,123],[-4,31],[32,53],[122,109],[175,71],[104,32],[137,56],[169,110],[170,141],[269,309],[62,5],[130,35],[112,-17],[271,7],[199,-10],[170,-29],[116,-36],[56,13],[14,38],[-20,60],[-89,76],[-121,49],[-51,46],[-1,32],[56,113],[77,58],[50,13],[191,3],[122,9],[154,-18],[101,12],[311,17],[240,30],[144,41],[76,47],[66,89],[30,22],[125,24],[143,49],[181,79]],[[67790,60802],[69,-74],[20,-69],[47,-13],[57,-62],[91,-68],[73,-29],[89,-103],[71,9],[115,-14],[9,-36],[48,-14],[51,9],[39,40],[72,-46],[106,-17],[28,-26],[72,16],[31,39],[90,-64],[85,-16],[-7,39],[160,-53],[47,6],[70,-47],[70,10],[105,-40],[47,8],[24,-29],[123,-7],[41,7],[123,-23],[57,-1],[86,31],[110,-12],[104,30],[-62,55],[-54,-9],[-30,27],[35,87],[66,54],[-33,63],[71,50],[-6,33],[106,60],[27,35],[1,58],[63,25],[35,46],[81,57],[107,36],[114,-13],[11,-20],[77,-21],[99,-2],[-1,-33],[67,-16],[20,-32],[-23,-53],[43,-19],[-4,-72],[57,-8],[-23,-150],[-60,-26],[-30,-67],[18,-43],[-11,-52],[-75,-7],[-21,18],[-103,4],[-8,-58],[-106,2],[-38,-22],[-23,-87],[-71,-10],[-32,51],[-49,-21],[-39,-147],[-142,12],[-20,71],[-51,9],[-56,-16],[-29,-54],[-11,-62],[-54,-50],[-15,-37],[-94,-19],[26,-21],[5,-65],[160,-58],[47,-7],[181,53],[63,6],[-1,44],[48,14],[101,-52],[6,67],[172,13],[12,-114],[29,-23],[-4,-129],[-43,-57],[-46,48],[2,30],[-63,33],[-125,-17],[-109,-61],[-84,-7],[-174,5],[-28,-55],[7,-35],[-140,11],[-1,-45],[-27,-31],[-8,-102],[32,-51],[-46,-180],[-70,-4],[-73,30],[-19,-82],[12,-87],[-135,-23],[4,-84],[190,-2],[-4,-94],[24,-72],[-18,-123],[27,-18],[216,-30],[74,-5],[54,-26],[80,-3],[22,-30],[-43,-20],[-81,-6],[-56,24],[-14,-107],[-109,25],[-166,11],[-36,-23],[12,-37],[-20,-163],[15,-46],[-36,-13],[-4,-41],[109,10],[29,-25],[115,-48],[33,55],[158,15],[81,-8],[5,-110],[-84,-19],[-7,-130],[-81,-81],[16,-99],[-11,-56],[14,-28],[100,-24],[45,17],[74,-34],[81,-14],[98,-40],[12,-142],[-14,-56],[99,-30],[85,-37],[-18,-38],[29,-59],[-27,-29],[34,-34],[-78,-79],[-63,23],[-55,-45],[71,-4],[34,-37],[-20,-38],[11,-53],[-54,-23],[-61,-63],[-27,27],[-99,-66],[-37,-42],[-8,-53],[13,-58],[102,-18],[55,-57]],[[54296,41189],[-167,133],[-88,89],[-88,182],[-34,200],[71,20],[145,12],[86,27],[231,60],[75,11],[49,95],[67,75],[130,96],[-35,199],[15,100],[-36,34],[38,68],[104,53],[90,19],[98,75],[11,143],[156,79],[17,29],[25,118],[73,78],[37,106],[-1,81],[-16,43],[-14,111],[-28,88],[21,145],[45,148],[8,50],[-69,38],[7,47],[-82,-4],[-54,19],[-95,-14],[-48,51],[-72,156],[-61,87],[-197,186],[-29,58],[-8,56],[-51,-17],[-6,42],[-59,83],[-53,47],[27,122],[130,-13],[-9,69],[57,105],[75,95],[177,166],[122,94],[-146,20],[-76,224],[-77,58],[-136,81],[-189,67],[-61,80],[-60,33],[-109,131],[-63,22]],[[54166,46145],[-5,178],[93,180],[75,102],[57,45],[98,114],[122,126],[103,98],[121,94],[98,114],[70,159],[24,119],[-23,127],[1,53],[86,20],[52,143],[0,49],[-57,25],[-84,9],[-28,127],[28,38],[67,-1],[-2,-32],[70,-24],[172,7],[55,-14],[114,38],[94,18],[74,-11],[51,-55],[62,-23],[121,4],[113,23],[83,34],[57,45],[42,71],[40,23],[154,40],[76,-3],[134,-38],[164,-73],[131,-35],[217,-31],[92,-1],[146,33]],[[57324,48060],[78,-116],[98,-119],[44,-68],[32,-114],[48,-87],[101,-80],[101,-115],[27,-60],[-23,-119],[13,-77],[-3,-55],[27,-32],[83,-5],[65,-22],[100,-58],[63,-13],[63,-37],[66,-136],[69,-36],[51,29],[-30,50],[-56,36],[-18,59],[10,33],[108,-4],[194,-60],[39,-20],[31,-112],[78,-10],[39,32],[2,58],[126,53],[-34,44],[4,45],[67,-8],[32,73],[76,61],[3,88],[18,101],[46,6],[43,-58],[60,22],[-2,-58],[85,14],[41,-14],[-41,-37],[154,-47],[-57,-26],[159,-15],[68,35],[18,61],[31,6],[-4,71],[34,40],[84,16],[80,-37],[48,-37],[66,52],[94,20],[17,57],[-23,55],[10,142],[44,16],[141,-1],[9,-12],[129,6],[-12,77],[17,39],[74,11],[100,0],[31,20],[87,3],[48,-42],[10,-36],[63,-33],[0,-63],[-16,-50],[137,0],[68,-44],[25,-49],[58,-16],[43,23],[85,-2],[46,-16],[93,18],[26,-85],[64,-27],[32,-157],[32,-66],[43,-121],[10,-76],[56,-117],[38,-100],[165,-7],[14,-109],[-38,-89],[72,-30],[71,15],[88,0],[53,-43],[-19,-49],[20,-34],[70,-15],[94,9],[126,-99],[73,-34],[46,-47],[21,-52],[-7,-62],[49,-55],[-2,-37],[-78,-22],[21,-79],[59,-46],[6,-67],[-12,-67],[121,-16],[120,-1],[40,-59],[63,1],[76,96],[68,-1],[12,-55],[35,-30],[10,-55],[-53,-69],[6,-35],[58,-18],[1,-43],[81,-98],[79,1],[131,-58],[11,-49],[44,-40],[12,-128],[-24,-105],[76,-45],[71,-12],[-30,-31],[21,-90],[-13,-31],[37,-27],[46,-3],[41,24],[-5,40],[66,29],[110,9],[5,-50],[43,-87],[32,-13],[13,-66],[34,-65],[54,-26],[37,-105],[27,-11],[66,47],[40,-93],[53,-4],[14,-55],[-33,-23],[2,-59],[39,-14],[17,-58],[-8,-51],[160,-38],[53,9],[5,-52],[-25,-42],[14,-116],[76,-32],[13,-33],[-11,-122],[-74,-115],[-87,-41],[-66,1],[-66,-27],[8,-73],[-51,-33],[27,-114],[-17,-19],[47,-64],[-64,-28],[-96,-14],[10,-56],[27,-42],[-214,-83],[75,-49],[39,-80],[-19,-44],[67,-37],[3,-36],[-36,-33],[29,-35],[-13,-33],[12,-86],[53,8],[55,-13],[8,-52],[-44,-53],[12,-32],[-69,-86],[-103,-3],[-67,-17],[-184,14],[-67,-8],[-85,-41],[-74,-61]],[[63607,42065],[-87,4],[-55,-20],[-105,-8],[-73,-35],[-50,22]],[[63237,42028],[-14,119],[-67,4],[-40,69],[-43,24],[-137,-5],[-168,-33],[-33,18],[-99,-5],[-53,30],[-98,-17],[-85,24],[-17,29],[-232,-8],[38,41],[8,72],[-60,11],[-21,-48],[-60,-12],[-98,3],[-7,66],[-20,45],[-73,20],[-75,65],[-39,16],[-4,33],[-169,10],[-105,-16],[-9,47],[-121,17],[-88,-18],[-46,15],[-41,-19],[-105,-21],[-94,-49],[-37,15],[-42,-21],[-134,-25],[6,-85],[-11,-48],[41,-40],[52,-13],[-47,-58],[-92,-43],[-98,-25],[-5,-40],[-56,-19],[1,-74],[-27,-21],[-118,-25],[-54,-36],[-99,2],[-88,-59],[6,-94],[-57,-26],[-66,-8],[-135,5],[-154,-10],[-57,-18],[37,-68],[-59,-37],[-23,-51],[7,-32],[-24,-57],[-8,-96],[-25,-56],[30,-61],[-54,-56],[-8,-37],[19,-44],[-120,-81],[-202,5],[-130,-6],[-129,-64],[-84,-31],[-46,-32],[-105,-17],[-51,-21],[-1,-41],[86,-45],[-29,-22],[-96,-33],[-45,-26],[-85,-19],[43,-36],[-110,-41],[-202,-144],[-101,40],[-69,61],[-110,46],[-232,156],[-71,29],[-84,18],[-171,20],[-79,1],[-53,-13],[-145,-73],[-165,-75],[-96,1],[-25,-44],[-74,-22],[46,-106],[35,-41],[21,-79],[48,-44],[-49,-64],[-50,-33],[-73,-25],[-9,-28],[63,-35],[65,-1],[81,-22],[54,-34],[-16,-33],[-176,-24],[8,-115],[-241,-309],[-24,-110]],[[86792,21839],[-90,-53],[4,86],[-39,152],[-91,-12],[-50,-61],[-91,15],[-26,32],[-96,27],[-26,-79],[33,-41],[-61,-25],[-47,2],[14,-89],[-55,-44],[-54,44],[-29,-17],[-183,-32],[-206,-12],[-72,16],[-32,45],[-126,1],[-79,10],[-30,-53],[-82,15],[-128,-72],[-120,-17],[-42,35],[-97,22],[-53,-14],[-6,-88],[-56,-80],[-44,-33],[9,-28],[60,-5],[-23,-62],[-98,-69],[-84,6],[-31,32],[32,70],[-14,39],[-62,8],[-52,-42],[-62,-97],[-139,63],[-24,-79],[-87,-58],[-73,-14],[-90,37],[-63,-3],[-124,-54],[-21,-41],[2,-70],[58,-57],[11,-45],[-20,-77],[-44,-41],[-118,1],[-66,31]],[[83609,20964],[-23,90],[2,93],[-13,68],[0,108],[-64,122],[-53,128],[-36,158],[-26,147],[10,66],[-13,45],[51,120],[0,67],[-47,36],[-113,47],[-5,73],[-47,20],[-98,-24],[-201,3],[-60,7],[-49,81],[35,277],[65,244],[2,181],[20,140],[41,189],[-3,76],[-27,81],[-79,48],[-45,172],[13,75],[23,38],[21,77],[-8,51],[-62,24],[-126,149],[-58,87],[-24,57],[49,18],[-67,82],[-49,77],[-39,108],[-22,125],[-46,25],[13,74],[-54,213],[-33,17],[-172,-11],[-119,32],[-98,95],[-172,263],[-5,35],[-78,185],[-25,40],[-58,49],[-27,70],[-38,52],[-83,63],[-84,181],[-21,151],[-36,119],[76,97],[36,60],[-38,151],[-107,62],[-190,136],[-253,92],[-116,83],[-54,29],[-13,35],[-15,142],[29,22],[-47,97],[18,51],[-83,163],[-169,143],[-56,58],[-94,49],[-74,116],[-69,333],[-137,882],[-32,156],[-27,73],[-6,78],[199,1],[-16,42],[-86,90],[-21,50],[-10,88],[-15,20],[9,71],[-92,95],[-38,69],[-222,-4],[-765,-5],[-619,-15],[-409,-16],[-20,4],[-20,73],[-30,191],[-109,365],[-35,103],[-45,103],[-87,170],[-49,81],[-86,164],[-59,85],[-84,153],[-72,84],[-290,279],[-133,146],[-343,336],[-147,176],[-190,261],[-97,103],[-196,138],[-106,60],[-56,43],[-58,67],[-211,180],[-152,161],[-20,62],[6,96],[-44,51],[-167,86],[-116,67],[-56,44],[-108,101],[-44,64]],[[74618,34139],[7,0],[-228,461],[-144,303],[-261,355],[-115,146],[-72,83],[-104,52]],[[73701,35539],[-12,215],[-39,46],[1,47],[-62,221],[-53,533],[22,107],[25,67],[174,165],[29,44],[110,69],[42,64],[14,108],[58,107],[10,108],[-18,94],[14,71],[25,50],[113,87],[32,60],[-2,57],[-40,68],[-93,17],[-130,-27],[12,123],[-29,96],[31,52],[61,22],[-24,31],[-89,31],[7,47],[215,-9],[232,22],[193,10],[206,-10],[113,-59],[124,9],[79,17],[22,80],[80,24],[253,103],[41,23],[13,58],[-62,92],[20,35],[142,40],[13,59],[-24,45],[-56,53],[-52,19],[-99,8],[-65,19],[-3,41],[60,61],[56,17],[56,-33],[62,-59],[45,-11],[159,173],[59,33],[87,-47],[146,38],[102,-38],[41,-65],[50,16],[-6,74],[41,33],[124,40],[72,53],[-29,39]],[[76400,39322],[158,92],[104,75],[39,-1],[31,-62],[112,50],[38,-15],[38,-53],[90,-1],[-8,-98],[126,-54],[42,-51],[-58,-30],[-83,59],[-73,-25],[-61,-69],[45,-19],[106,44],[42,-19],[-44,-57],[14,-27],[106,33],[63,-37],[-18,-38],[-51,-13],[84,-64],[96,-35],[56,26],[3,30],[-29,79],[56,69],[6,40],[-34,73],[31,25],[97,-31],[70,-1],[71,42],[17,45],[57,68],[15,72],[101,60],[-3,103],[44,16],[73,-48],[15,-74],[122,19],[18,32],[83,-19],[102,8],[64,-27],[54,-4],[68,19],[-12,52],[40,23],[40,-32],[51,-81],[28,37],[74,-7],[36,55],[80,37],[53,56],[112,24],[116,-27],[60,-68],[72,7]],[[79245,39605],[16,-18],[186,-7],[9,-97],[47,-112],[-16,-63],[59,-90],[33,-80],[101,-22],[-47,-38],[-4,-101],[36,-26],[-25,-64],[67,-13],[9,-43],[-48,2],[-39,-57],[-37,-13],[9,-53],[-25,-83],[-36,-33],[27,-59],[-45,-55],[-7,-37],[53,-78],[5,-60],[-65,-85],[-6,-40],[-48,-52],[-45,-25],[14,-96],[42,-60],[146,-79],[70,-56],[-27,-34],[28,-23],[95,-37],[80,31],[60,-32],[65,7],[58,-15],[46,-84],[151,-77],[20,-85],[34,-84],[-39,-18],[8,-39],[-12,-79],[76,-43],[29,-64],[81,-36],[7,-41],[-35,-21],[27,-46],[-1,-39],[-41,-57],[16,-47],[94,-48],[9,-45],[54,-83],[47,-18],[40,-139],[33,-33],[-25,-36],[103,-87],[49,-64],[89,-11],[86,-35],[-48,-79],[11,-19],[107,-50],[14,-19],[-36,-58],[45,-23],[74,59],[-19,87],[111,40],[27,30],[1,51],[41,32],[57,80],[40,14],[152,0],[160,-63],[75,14],[168,11],[-1,-57],[-92,-60],[-10,-58],[12,-55],[49,-28],[61,24],[19,66],[36,11],[19,-46],[59,-10],[96,-91],[89,-36],[33,5],[-11,53],[87,63],[51,-20],[-9,-73],[53,-61],[-18,-26],[-111,-72],[-13,-57],[41,-12],[46,58],[95,-24],[26,9],[114,95],[90,46],[42,-18],[47,18],[44,-15],[61,-52],[144,-13],[18,-20],[-11,-102],[14,-20],[99,-21],[26,-40],[-45,-43],[-46,12],[-37,42],[-60,13],[-43,-21],[-25,-94],[-45,-121],[-72,-150],[-49,-126],[-8,-46],[17,-61],[60,-109],[66,-144],[67,-15],[107,3],[84,-71],[46,-14],[92,13],[98,72],[52,18],[82,-41],[156,52],[71,-6],[54,-28],[63,-73],[-2,-46],[-40,-23]],[[83904,34711],[0,-101],[-19,-41],[148,-31],[64,9],[4,-68],[30,-36],[102,-50],[-6,-41],[-99,-77],[-30,-36],[-43,-10],[2,-99],[116,-131],[-42,-177],[6,-65],[53,-59],[-38,-30],[52,-95],[45,-49],[32,-96],[-81,-48],[32,-32],[47,-7],[57,-40],[25,-57],[83,-54],[9,-42],[-15,-49],[74,-30],[27,-37],[-16,-46],[25,-30],[46,-142],[38,0],[15,-49],[0,-77],[61,-85],[27,-88],[-7,-41],[42,-28],[8,-70],[-13,-68],[76,-153],[13,-148],[25,-37],[-4,-46],[-28,-37],[57,-9],[66,-101],[-2,-82],[-68,-16],[-43,-110],[-42,-32],[-1,-38],[63,-66],[66,-18],[28,33],[62,-1],[48,-26],[61,0],[36,23],[42,-18],[59,36],[97,-30],[68,15],[37,35],[83,11],[-1,115],[19,24],[90,38],[138,-4],[8,61],[-13,48],[27,36],[58,2],[37,34],[-70,65],[-21,83],[73,48],[75,8],[41,24],[-3,77],[-29,80],[-68,34],[-18,81],[0,68],[-59,13],[-67,62],[22,80],[-7,81],[30,65],[5,78],[-64,40],[23,47],[-43,35],[-30,49],[-101,58],[-10,78],[85,130],[46,126],[30,37],[62,37],[69,-2],[10,24],[118,35],[74,-25],[51,16],[29,41],[-17,44],[12,35],[80,-4],[29,18],[-20,44],[28,33],[47,-1],[50,-61],[6,-34],[-18,-92],[38,-21],[75,1],[5,-56],[75,63],[80,28],[66,-27],[63,24],[36,32],[108,-2],[34,16],[80,-10],[5,-72],[47,-19],[142,10],[20,-47],[-21,-69],[102,33],[9,-35],[-58,-31],[-72,-84],[28,-22],[5,-44],[109,-105],[178,-44],[76,-49],[99,-122],[33,-56],[9,-62],[-72,-73],[-62,-35],[60,-14],[83,9],[41,-61],[0,-61],[26,-78],[-66,-38],[53,-97],[-6,-121],[50,-9],[69,37],[52,-28],[84,-175],[73,-116],[-65,-55],[24,-67],[23,-12],[9,-68],[42,-37],[31,-59],[38,-14],[1,-96],[55,-109],[55,-15],[-77,-90],[46,-20],[41,-62],[4,-91],[-126,-61],[23,-29],[65,-24],[33,-31],[128,-45],[16,-36],[-26,-156],[55,-24],[-97,-46],[-35,-65],[-63,4],[-44,-25],[-66,16],[-46,-24],[-2,-35],[-36,-64],[-154,5],[-11,-68],[43,-46],[-169,-118],[-64,-34],[-32,-40],[-131,-62],[-2,-22],[99,-103],[29,-42],[67,22],[74,-102],[25,-87],[24,-35],[45,-20],[-10,-28],[83,-44],[-11,-45],[51,-56],[94,17],[47,22],[99,22],[34,-17],[66,3],[65,-28],[-58,-71],[36,-119],[-23,-18],[-79,9],[-37,-26],[16,-54],[57,-3],[92,-27],[55,11],[79,-21],[9,-25],[-20,-84]],[[71684,33273],[-121,20],[-58,29],[-4,43],[24,43],[53,2],[-4,-36],[59,-35],[51,-66]],[[71602,33236],[-18,-53],[21,-56],[-33,-21],[22,-96],[-78,4],[-122,-46],[-124,98],[-83,100],[-75,68],[-64,83],[-33,61],[-52,38],[132,16],[112,-2],[30,-160],[22,41],[-6,74],[73,44],[73,6],[56,-35],[32,-99],[99,-43],[16,-22]],[[76003,31244],[90,-156],[50,-75],[91,-182],[-6,-72],[59,-102],[-25,-59],[8,-46],[34,-49],[79,-78],[34,-59],[-10,-47],[-165,-129],[20,-56],[-24,-114],[-58,-59],[-81,-46],[-144,-50],[-255,-21],[-127,-61],[-167,-58],[-196,-1],[-132,-24],[-204,40],[-91,37],[-69,-4],[-97,35],[-168,9],[-112,48],[-14,28],[-80,52],[-185,-11],[-119,-91],[-39,-10],[-285,22],[-139,37],[-203,100],[-100,128],[-172,104],[-245,77],[-13,104],[-131,46],[-335,90],[-47,48],[-1,42],[149,7],[141,21],[54,-4],[-116,120],[-60,252],[-15,164],[-109,7],[-19,121],[-19,48],[-5,103],[9,54],[0,835],[5,129],[28,75],[123,111],[501,1],[-94,185],[3,63],[84,180],[61,89],[93,83],[73,89],[90,53],[238,128],[36,-1],[321,-79],[191,-104],[281,-215],[270,-227],[246,-226],[356,-373],[134,-160],[316,-331],[149,-189],[185,-295],[74,-101]],[[70700,34267],[169,83],[154,99],[79,76],[59,72],[100,138],[62,105],[43,93],[102,344],[46,115],[687,-218]],[[72201,35174],[50,-60],[-5,-36],[-102,-90],[17,-17],[91,57],[67,1],[115,-50],[157,-133],[64,-96],[3,-34],[88,-84],[-14,-59],[-123,-162],[-79,14],[-81,52],[-131,63],[-166,108],[-73,19],[-1,-69],[-25,-163],[17,-18],[-118,-111],[-57,-75],[-14,-86],[-211,19],[-93,19],[-169,9],[-133,32],[-141,7],[-112,-31],[-191,-36],[-31,16],[-100,87]],[[67384,50927],[24,-74],[70,-162],[-2,-85],[-47,-125],[1,-73],[38,-93],[-47,-40],[-16,-107],[27,-108],[30,-42],[43,-22],[-14,-51],[-28,-6],[58,-102],[31,-25],[-19,-93],[28,-34],[55,-23],[28,15],[112,16],[58,-6],[18,-36],[-46,-95],[55,-23],[174,-105],[26,-62],[166,-181],[-12,-261],[88,1],[69,50],[68,-74],[95,11],[11,34],[62,33],[-3,-84],[-95,-31],[-70,-172],[-47,-68],[-54,-105],[6,-41],[157,-136],[157,36],[176,3],[-37,-84],[-79,-156],[3,-11],[128,-37],[159,41],[90,38],[-31,-90],[57,-38],[-4,-80],[152,10],[119,-9],[62,-139],[4,-59],[-20,-144],[-2,-113],[48,-27],[-4,-58],[-38,-68],[85,-97],[28,-102],[67,-47],[142,-82],[73,-65],[-133,-99],[244,-133],[24,-36],[28,-187],[9,-97],[40,-312],[105,-3],[66,-19],[85,33],[45,-57],[-7,-49],[-187,-6],[2,-62],[29,-70],[165,-26],[-44,-136],[-18,-29],[141,-4],[64,8],[316,148],[87,-10],[-38,-111],[-87,-7],[-42,13],[-25,-33],[-14,-97],[12,-52],[-123,11],[-177,-41],[-72,-195],[-12,-64],[-50,-92],[135,-79],[259,5],[32,-13],[75,-111],[30,-69],[14,-76],[-11,-15],[-136,42],[-38,0],[-145,-123],[45,-112],[257,-61],[36,-45],[-137,-57],[78,-160],[93,-219],[191,-16],[-21,-88],[-148,-34],[6,-85],[101,-40],[3,-639],[20,-483],[-8,-110],[-20,-48],[35,-43],[161,-75],[22,-50],[18,-116],[52,-182],[106,-65],[-11,-153],[115,-1],[8,-16],[-2,-159],[-9,-62],[12,-52],[93,-69],[140,-175],[84,-81],[94,-118],[66,-72]],[[71945,41025],[-155,-23],[-281,-8],[-31,-21],[-89,4],[-15,16],[-93,-9],[-129,-52],[-49,33],[-77,-37],[-46,-40],[-98,-39],[-26,-27],[-79,-17],[-21,-117],[-70,3],[-47,30],[-86,-20],[-77,-6],[-69,22],[-44,32],[-49,4],[-86,-27],[-76,53],[-56,5],[-51,33],[-33,56],[-68,-9],[-18,-50],[-68,-46],[-13,34],[-98,-14],[-25,-21],[-135,21]],[[69587,40788],[-136,13],[-106,21],[-87,2],[-50,21],[-69,0],[-33,27],[26,33],[-40,59],[-153,-27],[-58,26],[-43,-30],[-28,-58],[-77,-5],[-25,93],[-220,7],[-31,-7],[-18,-54],[-81,-7],[-30,-25],[-137,-2],[-64,-23],[-96,7],[-26,21],[-42,77],[-68,8],[-89,41],[-102,-16],[-28,38],[16,24],[-54,60],[-47,13],[17,48],[-30,46],[-35,13],[-61,-28],[-63,-4],[-46,-26],[-154,-12],[-58,5],[-119,-36],[11,-66],[-48,3],[-102,31],[-23,-12],[-158,1],[-54,-18],[-169,9],[-95,-57],[-121,13],[-86,-32],[-91,-1],[-90,-21],[-50,20],[-66,-21],[-173,20],[36,45],[-5,48],[-81,25],[-105,6],[-156,-6],[-1,32],[-45,28],[-93,21],[-155,9],[-59,82],[-88,32],[-20,49],[-45,31],[26,73],[-47,25],[-38,183],[-31,44],[-101,-12],[-62,-23],[4,-45],[-38,-44],[-106,-6],[-66,112],[-104,11],[-18,34],[-60,-23],[-96,-5],[-115,5],[-28,70],[-122,7],[-99,-36],[-82,4],[-16,86],[32,35],[-23,91],[-48,3],[-20,45],[-45,29]],[[57324,48060],[160,61],[138,60],[110,81],[31,52],[17,73],[-8,70],[-94,78],[-78,38],[-55,50],[-38,78],[-175,222],[-41,175],[-49,40],[-192,118],[-132,60],[-131,19],[-141,-18],[-67,2],[-80,25],[-65,64],[-13,86],[19,54],[56,62],[112,17],[174,-22],[46,7],[7,92],[-28,46],[-107,133],[-99,168],[-44,45],[-66,-28],[-144,-38],[-107,7],[-224,71]],[[56016,50108],[81,62],[63,84],[95,187],[90,253],[41,137],[5,95],[16,75],[62,68],[76,6],[112,-15],[118,-31],[61,-5],[67,36],[37,52],[221,51],[21,-1],[163,-76],[172,-105],[186,-76],[193,-36],[198,-6],[92,18],[69,26],[69,40],[33,40],[92,159],[53,138],[3,44]],[[89219,9807],[-34,-12],[-30,-46],[14,-70],[-14,-97],[71,-168],[108,-13],[122,34],[113,41],[149,-32],[78,-184],[-5,-67],[-75,-67],[-32,-67],[69,-235],[131,-84],[82,19],[142,46],[127,-41],[49,-90],[74,-113],[95,-184],[50,-31],[206,-105],[181,-117],[93,-43],[100,-194],[23,-85],[-59,-106],[-98,-96],[-79,-225],[10,-212],[206,-197],[116,-322],[53,-190],[-9,-325],[-13,-303],[8,-40],[283,-352],[141,-116],[61,-42],[110,-98],[103,-78],[101,-88],[51,-35],[91,-81],[126,-277],[95,-232],[126,-275],[83,-217],[53,-159],[46,-155],[56,-164],[17,-67],[51,-138],[29,-112],[17,-13],[109,-163],[169,-230],[28,-58],[-35,-60],[7,-74],[75,-238],[93,-93],[7,-69],[-170,53],[-70,-31],[-91,-8],[-151,21],[-38,26],[-103,35],[-39,29],[-164,85],[-77,54],[-238,143],[-38,42],[-135,177],[-58,92],[-83,164],[-41,103],[-41,147],[-133,257],[-41,119],[-41,61],[-41,90],[-88,148],[-53,44],[-62,97],[-205,291],[-106,122],[-138,172],[-28,51],[-79,92],[-115,117],[-169,192],[-244,236],[-25,71],[-75,101],[-56,63],[-34,78],[-61,103],[-34,81],[-90,139],[-98,112],[-98,238],[-17,63],[-119,284],[-76,196],[-63,98],[-138,163],[-103,106],[-202,180],[-94,91],[-367,307],[-167,148],[-235,215],[-181,153],[-17,30],[-327,282],[-125,123],[-238,220],[-72,79],[-270,229],[-122,123],[-39,26],[-103,110],[-14,63],[-38,32],[-50,68],[-51,102],[-24,25],[21,57],[4,214],[10,39],[-14,78],[-35,106],[26,151],[-50,116],[-13,65],[22,122],[-5,57],[18,53],[30,201],[-1,91],[11,59],[-33,105],[13,88],[35,80],[-27,61],[-48,67],[-34,73],[-5,94],[-55,65],[-31,60],[-77,53],[-30,140],[-95,221],[-29,81],[-90,173],[-8,53],[-61,125],[-65,91],[-302,326],[-64,93],[-78,50],[-179,175],[-39,59],[-193,177],[-96,69],[-195,174],[-151,116],[-89,121],[-36,73],[-73,62],[-33,90],[13,28],[148,30],[64,27],[91,65],[95,36],[111,18],[27,-25],[81,0],[16,45],[-12,50],[-69,75],[-81,71],[-87,113],[-59,61],[-154,-39],[-63,9],[-94,81],[-65,8],[-64,-95],[-71,-32],[-103,-24],[-167,-22],[-74,-34],[-15,-57],[15,-49],[-11,-87],[-52,-35],[-27,-50],[-191,-28],[-100,43],[-70,9],[-146,-19],[-158,109],[-147,72],[-123,79],[-84,37],[-78,52],[-261,245],[-115,98],[-33,44],[-53,132],[-62,115],[18,94],[81,59],[69,31],[17,141],[59,147],[-13,209],[-134,198],[-18,238],[-72,383],[28,382],[98,153],[136,254],[-3,129],[7,84],[28,91],[63,110],[84,78],[70,119],[63,50],[81,166],[-157,66],[-141,47],[-68,40],[179,396],[612,1069],[227,500],[15,147],[221,-22]],[[92366,765],[87,-6],[47,-25],[-45,-80],[-23,-72],[5,-70],[-14,-48],[43,-73],[30,-135],[54,-86],[-15,-69],[5,-98],[-99,-3],[-51,63],[-14,76],[9,32],[50,41],[-25,99],[-12,144],[-40,49],[-82,64],[-90,51],[54,102],[45,-2],[81,46]],[[82664,22044],[97,1],[109,-33],[125,-193],[102,-144],[48,-82],[37,-86],[27,-103],[8,-121],[-10,-174],[-20,-95],[-53,-118],[-126,-238],[-64,-92],[-127,-203],[-129,-303],[-75,-194],[-99,-177],[-127,-242],[-103,-241],[-36,-107],[-118,-75],[-2,-102],[30,-71],[-11,-78],[-57,-54],[-194,-17],[-105,36],[-3,144],[21,68],[-22,54],[24,138],[33,90],[-1,38],[28,81],[92,114],[156,136],[5,47],[-60,444],[24,62],[112,122],[44,84],[14,75],[-27,184],[-128,275],[-34,25],[-32,56],[20,180],[17,100],[88,71],[10,84],[-23,39],[33,44],[-33,109],[5,50],[48,39],[107,46],[67,46],[118,122],[41,81],[69,47],[60,11]],[[73701,35539],[-9,-19],[-314,156],[-154,81],[-173,116],[-68,31],[-140,28],[-190,53],[-149,16],[-175,77],[-149,81],[-62,80],[-44,84],[-35,106],[-39,61],[-109,66],[-31,-6],[-7,-55],[-69,-4],[-19,-29],[-103,-18],[-178,-55],[-104,-47],[-105,5],[-88,33],[-99,69],[-54,61],[-110,82],[-114,43],[-97,71],[-27,53],[-8,68],[54,64],[54,12],[125,-15],[132,-46],[87,-9],[109,29],[15,36],[-147,-17],[-28,12],[-78,90],[-16,41],[15,61],[-10,63],[-24,16],[-114,-8],[-45,25],[-110,6],[-47,34],[-2,34],[54,47],[150,-1],[47,12],[91,45],[66,-1],[83,-92],[51,-16],[35,24],[44,128],[-13,107],[34,45],[53,-18],[77,-90],[55,-34],[55,-6],[41,26],[-102,68],[8,35],[90,74],[-15,38],[-47,-6],[-86,-44],[-164,-9],[-27,20],[15,62],[109,112],[-37,35],[-90,-29],[-47,10],[-130,98],[9,17],[109,33],[103,-20],[84,-48],[60,8],[-1,28],[-53,65],[32,76],[-18,86],[29,9],[152,-50],[36,38],[-20,51],[-83,67],[-84,30],[-37,32],[-29,101],[-49,-11],[-22,-70],[-150,25],[-28,-27],[-49,14],[-21,-26],[-97,-49],[-45,10],[-97,-28],[-15,50],[-32,30],[-63,-12],[-42,-77],[-155,-97],[-107,-8],[-18,26],[-55,-5],[-71,43],[-69,2],[-118,27],[-3,-103],[-47,-48],[-115,13],[-81,-141],[-28,-7],[-52,41],[-46,-36],[-29,61],[12,35],[-73,46],[-11,38],[-40,7],[-43,-27],[-40,8],[-40,35],[5,71],[-13,32],[34,36],[-36,36],[21,32],[69,-36],[46,-8],[36,21],[-7,38],[116,21],[-67,162],[1,111],[34,57],[-8,113],[18,108],[-69,37],[33,91],[-14,109],[-26,27],[-105,18],[53,53],[-5,152],[51,45],[-6,103],[20,14],[9,108],[-25,47],[53,122],[2,37],[-33,221],[13,25],[59,15],[8,67],[45,43],[-5,62],[-32,11],[-7,46],[-34,61],[78,37],[-7,28],[-65,38],[-97,17],[-14,87],[32,34],[28,82]],[[71945,41025],[136,-54],[45,-8],[103,-45],[84,-50],[112,-34],[52,-35],[72,-5],[23,35],[126,11],[101,27],[44,29],[83,11],[14,34],[-113,16],[39,60],[11,104],[59,24],[14,92],[-78,-5],[-116,13],[-61,70],[21,150],[-124,-5],[56,281],[-129,69],[-4,41],[12,137],[-25,56],[-72,94],[-51,129],[-39,128],[-92,52],[-9,165],[11,156],[-66,-1],[20,151],[-65,1],[32,116],[78,3],[50,205],[-7,66],[-138,5],[101,62],[121,106],[11,32],[-82,84],[-15,31],[205,17],[72,13],[10,56],[-12,43],[-30,19],[-33,76],[-40,14],[-54,64],[6,15],[335,17],[-41,49],[-103,86],[-67,4],[0,147],[55,12],[60,-103],[59,-51],[95,-11],[18,48],[-18,157],[-16,51],[-14,220],[96,-27],[55,-29],[29,-83],[60,-50],[-51,-92],[-8,-50],[-30,-40],[85,-71],[39,67],[77,-35],[4,-27],[138,73],[174,-13],[151,-17],[45,-14],[118,7],[7,-52],[-30,-17],[-84,-82],[-67,-23],[39,-100],[215,39],[78,-92],[21,-10],[166,-202],[-349,-70],[-50,-74],[142,-54],[3,-41],[363,118],[194,-184],[-43,-179],[-249,-34],[303,-135],[75,65],[80,-54],[236,53],[22,-46],[-70,-67],[139,-26],[-16,-62],[-203,-2],[-119,-37],[16,-93],[125,-5],[-73,-161],[-83,-71],[71,-90],[276,34],[5,-21],[-260,-98],[56,-33],[41,-45],[48,9],[68,-40],[100,-3],[-2,42],[118,33],[-8,-104],[-140,-87],[-97,-49],[3,-50],[296,-30],[-70,-45],[17,-85],[83,2],[24,-55],[-167,-24],[-23,-143],[241,-4],[-70,-162],[231,-45],[6,-88],[-105,-53],[193,-293],[11,-32],[-191,-57],[-21,-76],[90,5],[127,-6],[28,-14],[-64,-88],[-66,-175],[221,-2],[152,5],[44,-7],[-178,-240],[-71,-69],[158,-2],[44,-8],[-42,-138],[-75,-197],[39,-40],[87,-28],[122,33],[64,-11],[1,-76],[-14,-90],[-2,-119],[120,-49],[78,-23],[180,-72],[76,-48]],[[79245,39605],[61,0],[-29,47],[62,51],[37,-6],[22,-43],[77,49],[68,124],[42,26],[88,20],[160,71],[88,27],[26,28],[10,54],[167,126],[19,38],[52,46],[108,25],[29,80],[135,65],[72,1],[-74,70],[-2,32],[86,18],[60,-37],[11,-33],[-36,-67],[9,-59],[32,-33],[99,38],[-23,71],[60,11],[47,57],[-43,111],[0,47],[-47,75],[-46,46],[42,51],[-51,62],[-83,60],[1,21],[62,50],[92,24],[86,-1],[82,-34],[109,-2],[50,-14],[-19,-54],[11,-41],[89,43],[146,-22],[-6,52],[119,-7],[-5,35],[57,81],[76,53],[-56,60],[68,48],[66,-27],[53,29],[-32,34],[34,30],[77,31],[66,46],[40,-9],[37,45],[-100,48],[-103,23],[-64,0],[-23,-21],[-101,20],[-71,-8],[100,84],[2,46],[-25,62],[14,32],[-34,103],[-53,10],[-51,53],[8,54],[24,29],[5,73],[22,44],[-121,7],[18,100],[50,72],[49,20],[-59,73],[-11,49],[-71,55],[-10,39],[59,104],[-77,37],[-7,27],[23,70],[-48,25],[-14,35],[46,47],[-108,60],[-74,18],[-51,42],[68,59],[10,58],[-64,37],[-6,32],[-86,39],[-58,72],[-10,43],[64,16],[-6,66],[-67,47],[12,32],[57,23],[-29,48],[12,54],[-73,83],[-58,48],[-10,80],[12,37],[-50,23],[-48,-26],[-71,51],[62,101],[13,62],[-80,30],[-14,33],[43,57],[-26,55],[16,75],[-48,19],[-67,1],[-38,37],[-97,37],[-23,61],[-60,68],[-21,58],[4,55],[116,93],[20,37],[-3,57],[-42,47],[-47,14],[-94,3],[-110,-8],[-150,18],[-36,48],[15,34],[66,52],[178,97],[92,36],[181,101],[193,102],[106,62],[103,39],[12,53],[-64,150],[24,46],[147,67],[93,71],[18,32],[-5,51],[-35,99],[-16,83],[-60,127],[-11,66],[-23,37],[-8,104],[61,2],[136,-23],[65,-42],[84,-78],[97,-56],[49,-7],[25,29],[10,143],[52,64],[129,33],[49,-16],[23,-30],[8,-74],[-4,-101],[37,-191],[-42,-170],[-120,-115],[13,-16],[122,12],[113,-1],[102,17],[46,51],[17,44],[36,150],[-6,158],[16,96],[75,108],[112,80],[67,28],[139,41],[62,31],[94,69],[73,28],[120,64],[124,75],[132,111],[86,55],[145,69],[163,68],[76,41],[109,79],[51,56],[86,37],[124,1],[186,-56],[62,-2],[101,81],[77,87],[48,79],[59,9],[116,-38],[55,-3],[89,38],[29,59],[-5,144],[-28,242],[-29,89],[141,57],[9,35],[-68,129],[-67,28],[-1,46],[-46,20],[3,34],[-57,-2],[-66,57],[-14,81],[11,40],[79,52],[89,16],[-8,61],[-83,112],[2,53],[-60,71],[21,45],[-31,84],[56,62],[-53,58],[19,93],[-52,65],[5,100],[-44,100],[-6,89],[-34,117],[24,74],[2,58],[-31,43],[-10,84],[-33,18],[-8,40],[-78,53],[-6,84],[-41,33],[-48,78],[34,36],[82,28],[-23,92],[19,30],[-63,119],[-51,35],[-29,63],[29,49],[9,123],[-47,71],[-6,61],[-101,140],[100,51],[47,-1],[-7,41],[30,41],[116,3],[38,22],[86,-25],[92,19],[-31,57],[-86,-1],[-26,22],[7,88],[-33,37],[4,43],[-22,83],[79,58],[20,41],[-53,14],[-4,67],[61,3],[24,35],[-9,33],[47,65],[57,15],[162,-17],[0,-66],[37,3],[191,64],[21,-33],[51,-130],[50,-4],[24,-47],[-10,-54],[28,-70],[47,-44],[49,-164],[69,-79],[37,-71],[-12,-30],[65,-126],[0,-45],[34,-46],[38,-86],[36,-20],[56,11],[77,-115],[109,-14],[31,-63],[91,58],[69,-2],[52,-20],[-50,-40],[27,-29],[129,17],[69,-72],[76,-34],[55,-6],[34,-55],[93,-2],[74,-16],[96,26],[121,-17],[79,-39],[79,4],[50,23],[74,-18],[134,30]],[[87114,50583],[39,-15],[131,12],[44,-8],[101,-69],[80,-106],[109,-192],[107,-157],[65,-158],[93,-114],[27,-65],[43,-141],[63,-129],[10,-58],[75,-111],[41,-128],[88,-162],[87,-356],[36,-117],[22,-136],[9,-158],[16,-109],[55,-229],[45,-98],[47,-198],[19,-204],[-35,-114],[-59,-64],[-87,-49],[-419,-148],[-180,-96],[-280,-137],[-143,-46],[-171,-79],[-217,-111],[-111,-79],[-17,-55],[23,-41],[168,-106],[107,-53],[166,-60],[138,-59],[359,-168],[132,-44],[144,-70],[108,-73],[98,-91],[39,-108],[11,-95],[-4,-172],[14,-98],[36,-106],[18,-156],[32,-137],[15,-259],[27,-194],[14,-57],[7,-111],[29,-98],[-10,-33],[17,-59],[85,-179],[55,-145],[24,-83],[84,-159],[52,-84],[45,-101],[1,-25],[52,-172],[12,-130],[21,-60],[90,-124],[36,-66],[68,-75],[198,-259],[103,-119],[92,-136],[92,-116],[66,-108],[-261,8],[-152,-5],[-252,-29],[-198,-45],[-274,-43],[-108,-26],[-195,-61],[-123,-28],[-253,-51],[-244,-42],[-181,-23],[-136,-27],[62,-136],[143,-292],[70,-109],[22,-67],[100,-151],[139,-260],[74,-101],[59,-95],[24,-76],[48,-96],[11,-51],[109,-322],[38,-125],[12,-126],[-24,-131],[-62,-42],[-170,-92],[-176,-81],[-247,-152],[-119,-81],[-77,-42],[-317,-192],[-68,-52],[-174,-159],[-49,-84],[-59,-72],[-83,-69],[-62,-38],[-160,-41],[-133,5],[-129,34],[56,27],[-480,97],[-110,14],[-111,-14],[-93,-98],[-81,-204],[45,-77],[363,-319],[64,-70],[-152,-58],[-131,-25],[-235,-33],[-159,-11],[1,-60],[-41,-92],[-61,-92],[-36,-99],[-46,-207],[-19,-150],[-11,-176],[34,-183],[30,-70],[96,-149],[72,-96],[126,-204],[110,-189],[106,-261],[-60,-50],[-93,-54],[-92,-23],[-112,-16],[-281,1],[-106,-8],[-21,-41],[-27,-129],[-10,-173],[-27,-97],[-193,-26],[-140,8],[-74,-8],[-75,-23],[-139,-11],[-119,18]],[[63237,42028],[-123,-5],[-7,-41],[-90,-46],[28,-55],[3,-128],[-17,-18],[-88,0],[-5,-96],[-84,-4],[-6,-55],[-65,-26],[2,-70],[68,-4],[7,-116],[-13,-44],[-65,-56],[-65,10],[-23,23],[-62,14],[-55,41],[-33,-88],[7,-37],[-73,-18],[-82,-50],[-28,64],[-111,-6],[-13,-44],[-55,1],[-22,-40],[60,-3],[5,-47],[28,-40],[48,-29],[-2,-56],[-110,9],[-94,37],[-28,48],[-55,12],[-112,-5],[-29,-22],[45,-75],[7,-60],[46,-30],[119,-20],[40,-35],[-10,-74],[21,-14],[36,-92],[83,9],[12,-61],[-16,-43],[-66,26],[-179,2],[37,-34],[-5,-30],[-60,-48],[-77,44],[-79,19],[-20,-57],[-60,4],[-43,-64],[-60,-122],[50,-13],[27,-87],[-13,-46],[32,-32],[68,-4],[28,-28],[51,17],[61,43],[106,5],[29,-23],[60,4],[47,-25],[71,-3],[38,17],[31,-54],[-74,-5],[-4,-33],[140,-12],[69,-40],[21,-44],[-14,-75],[68,-14],[74,-80],[4,-109],[74,55],[67,4],[76,52],[-12,68],[25,11],[104,-28],[114,-62],[-46,-25],[5,-66],[147,-2],[22,-78],[57,4],[59,-53],[111,18],[7,48],[46,27],[70,-19],[16,-75],[27,-25],[71,-15],[29,-42],[54,-38],[23,14],[12,89],[100,15],[104,-15],[35,-18],[-33,-46],[-1,-45],[32,-27],[21,-58],[-71,-20],[21,-41],[58,4],[37,-21],[-33,-32],[-47,2],[25,-51],[-32,-28],[41,-21],[-38,-30],[-12,-75],[-85,-36],[-52,-41],[-52,-13],[10,-30],[67,-6],[20,-37],[-84,-83],[28,-30],[-25,-30],[14,-30],[-95,-47],[-5,-59],[-53,-23],[11,-34],[90,17],[18,-32],[-101,-12],[-32,-23],[20,-34],[53,-19],[17,-51],[54,-2],[27,-33],[42,-3],[-1,-52],[-88,-1],[-18,-48],[-50,-23],[4,-38],[-53,-39],[94,-130],[21,-84],[-57,-36],[-65,-70],[-115,3],[-87,-88],[-51,-23],[-125,3],[-55,-23],[-150,-11],[-57,-58],[-139,-22],[-26,43],[-55,-15],[-57,-68],[5,-50],[86,-76],[9,-76],[-22,-66],[18,-79],[-61,-28],[-48,43],[-26,-44],[30,-34],[2,-38],[-73,-43],[-93,-8],[-71,-94],[-39,-126],[-33,-25],[-76,0],[-227,23],[-75,-30],[-312,-41],[-77,-20],[53,-62],[127,-83],[91,-28],[125,-22],[99,-33],[175,-79],[93,-34],[155,-77],[186,-83],[119,-39],[60,-41],[103,-45],[109,-84],[253,-165],[146,-51],[-27,-369],[-2,-278],[44,-13],[216,-27],[262,-46],[93,-45],[97,-237],[65,-74],[7,-155],[-291,-183],[-92,-67],[-75,-92],[-73,-102],[-139,-230],[55,-43],[57,-23],[67,-59],[142,-152],[81,-114],[89,-165],[39,-143],[-4,-78],[20,-139],[-14,-75],[26,-50],[191,0],[-3,-48],[24,-150],[23,-77],[111,-228],[-9,-40],[-107,-69],[-178,-53],[-93,-35],[-83,-59],[-184,-77],[-295,-104],[-198,-84],[-625,-237],[-197,-86]],[[74618,34139],[-64,-5],[-93,51],[-231,176],[-209,169],[-285,215],[-117,51],[-171,63],[-215,5],[-396,118],[-636,192]],[[70700,34267],[-93,-38],[-207,-65],[-254,-72],[-47,-33],[-63,-71],[-109,-61],[-51,-72],[143,-122],[324,-293],[109,-108],[99,-127],[95,-113],[166,-252],[118,-205],[35,-77],[51,11],[151,59],[4,26],[106,10],[150,-7],[101,-25],[58,-54],[15,-73],[-143,-53],[50,-36],[34,18],[92,11],[-1,-72],[16,-90],[-43,-60],[16,-36],[-17,-66],[-10,-103],[-50,25],[-108,19],[-58,48],[44,192],[-42,-12],[-18,-126],[-35,-66],[-42,-11],[33,-67],[42,-6],[-1,-60],[25,-24],[7,-61],[-100,13],[-34,-24],[-234,14],[117,-31],[66,-55],[0,-54],[-26,-24],[-58,19],[-9,-36],[-60,-78],[-75,-5],[-125,73],[-100,36],[-8,-24],[116,-79],[-26,-60],[-83,13],[-1,-66],[-151,1],[-68,-72],[-9,-54],[-67,-12],[-58,19],[-135,-66],[-24,55],[-165,241],[-182,152],[-166,163],[2,126],[52,186],[30,64],[-343,1],[-317,19],[-41,-77],[225,-133],[339,-213],[-230,-200],[-146,-41],[-236,5],[-226,43],[-106,-3],[-79,-15],[-175,-3],[-100,-20],[-117,30],[-48,22],[-231,-5],[126,-529],[27,-97],[-38,-169],[25,-13],[377,-6],[121,10],[48,-23],[111,-75],[30,-314],[46,-299],[16,-278],[21,-299],[19,-328],[-196,3],[-666,213],[295,-842],[161,-778],[-9,-116],[-98,-12],[-242,8],[-53,9],[-36,34],[-22,-88],[-1,-92],[41,-141],[6,-162],[-126,-320],[-86,-58],[-6,-156],[-23,-134],[-26,-49],[-5,-98],[-22,-36],[-90,-83],[-68,-79],[-94,-14],[-31,-71],[-47,-57],[-85,-21],[-162,-94],[-86,-88],[-86,-70],[-81,-49],[-22,3],[-42,-67],[-176,-115],[-327,-26],[-26,-18],[-4,-52],[-162,-11],[-17,-34],[-47,-7],[-51,-47],[-64,-34],[-27,-70],[-205,-142],[-107,-82],[-102,-58],[-125,-87],[1,-38],[-111,-63],[-71,-28],[-94,-21],[-50,-61],[-76,-29],[-209,69],[-72,32],[-162,107],[-70,53],[-33,84],[-22,92],[-3,74],[-598,51]],[[65581,23636],[-57,0],[7,34],[63,15],[93,89],[40,-29],[-38,-67],[-108,-42]],[[65809,24203],[-25,-47],[-82,-9],[-60,-56],[-64,-32],[-59,-54],[-67,-80],[-112,-59],[1,-25],[-81,-14],[-44,117],[11,99],[28,46],[-5,70],[-47,40],[-32,-17],[-18,-49],[-79,-12],[6,92],[101,47],[50,3],[155,60],[129,39],[121,17],[120,6],[62,-13],[30,-33],[2,-48],[-41,-88]],[[64761,24703],[197,2],[77,-57],[59,-78],[10,-62],[-59,-103],[-139,-226],[-70,-159],[-87,-66],[-60,21],[-1,-45],[-51,-17],[-39,-39],[-89,1],[-39,13],[-18,50],[77,29],[55,66],[-26,9],[-193,-103],[-106,-70],[-169,-66],[-98,-68],[-149,-37],[-49,25],[-54,57],[-56,-1],[-49,38],[-33,72],[-38,47],[-4,70],[-22,50],[2,40],[-40,43],[-14,218],[3,89],[13,58],[34,62],[79,100],[81,69],[351,231],[63,14],[88,-18],[64,-27],[124,-86],[231,-120],[144,-26]],[[72102,29142],[-80,3],[-50,20],[-125,147],[-32,47],[-13,70],[22,29],[232,140],[365,147],[73,14],[60,-21],[47,-113],[-15,-72],[-38,-53],[-69,-51],[-56,-62],[-202,-84],[-24,-49],[7,-67],[-50,-34],[-52,-11]],[[69523,30097],[-80,18],[-97,153],[-41,79],[-4,45],[37,46],[71,53],[71,26],[93,0],[43,-29],[99,-111],[25,-58],[-46,-130],[-67,-51],[-104,-41]],[[69970,30615],[-52,1],[-79,33],[-6,53],[41,35],[91,-14],[23,-67],[-18,-41]],[[87114,50583],[35,9],[-27,58],[-1,41],[30,46],[16,65],[-20,48],[-55,55],[7,22],[68,57],[27,38],[1,48],[29,50],[76,-1],[93,-59],[41,12],[116,-27],[107,73],[17,54],[-19,25],[80,69],[104,14],[30,65],[41,1],[14,-38],[51,3],[54,27],[44,82],[23,108],[26,33],[95,40],[64,80],[68,68],[76,57],[84,92],[12,70],[44,42],[103,32],[51,-27],[55,10],[84,58],[71,15],[29,-13],[102,3],[63,-18],[13,-65],[-33,-36],[22,-86],[-46,-62],[36,-26],[25,-50],[65,-5],[33,-26],[-16,-76],[5,-59],[89,-17],[114,53],[145,-60],[135,11],[44,-15],[52,-71],[48,-14],[63,-100],[55,-52],[-12,-47],[57,-60],[3,-29],[-108,-111],[-39,-11],[-20,-67],[31,-89],[-10,-77],[96,-63],[5,-87],[19,-15],[72,7],[68,-14],[75,11],[62,32],[37,73],[78,114],[38,20],[-40,114],[6,45],[62,77],[-35,21],[7,43],[50,36],[40,64],[68,19],[59,51],[-6,58],[-25,23],[-9,52],[-36,85],[-41,33],[-1,44],[71,103],[192,70],[143,22],[136,-13],[63,11],[18,-42],[133,-26],[46,-19],[49,-48],[35,-115],[29,-23],[89,6],[36,-76],[72,-57],[1,-49],[34,-101],[-10,-59],[15,-41],[-7,-65],[-26,-29],[-16,-102],[-110,-157],[-61,-42],[-89,-135],[-35,-35],[-33,-124],[70,-13],[96,-58],[-42,-26],[-12,-43],[-36,-43],[28,-108],[53,15],[-18,76],[78,-7],[39,-17],[105,-19],[113,-70],[21,-36],[-88,-19],[-58,2],[-54,-60],[-11,-98],[14,-71],[-23,-97],[-10,-87],[65,28],[43,-47],[41,-11],[35,-101],[54,3],[8,48],[34,34],[36,-5],[19,-70],[54,-85],[47,-46],[23,-57],[-36,-46],[21,-80],[50,-10],[-10,-57],[-44,-7],[9,-38],[120,-107],[8,-47],[-52,3],[-31,-58],[33,-45],[-12,-90],[-38,-35],[-22,-68],[7,-42],[104,8],[27,-15],[27,-58],[43,-24],[-7,-57],[-52,-46],[-10,-88],[63,25],[36,-34],[-45,-36],[51,-24],[16,-57],[-17,-26],[-4,-77],[28,-32],[-4,-44],[23,-50],[-51,-37],[80,-29],[12,-30],[-95,-36],[-4,-28],[96,-53],[-5,-36],[80,-25],[-43,-23],[14,-69],[-73,-9],[-52,-61],[21,-16],[76,0],[122,-29],[18,-87],[-20,-19],[-71,-9],[6,-38],[67,-49],[60,10],[-13,-57],[-82,-48],[-4,-23],[55,-76],[25,-129],[-17,-108],[49,-15],[24,56],[46,-3],[103,50],[75,-19],[21,-24],[15,-147],[29,-165],[32,-27],[128,10],[31,-44],[-2,-68],[-37,-33],[-57,29],[51,-150],[20,-97],[75,14],[-29,-97],[-57,-43],[23,-34],[76,-2],[81,13],[39,-39],[-85,-46],[-63,-12],[-13,-27],[35,-61],[105,-44],[36,8],[81,84],[34,-18],[-10,-71],[182,-49],[17,-68],[-53,-54],[69,-16],[26,-75],[-98,-94],[-22,-81],[7,-74],[-40,-59],[-110,-98],[-68,-35],[-5,-20],[48,-66],[45,1],[12,70],[55,-66],[95,15],[25,-30],[-20,-81],[21,-30],[107,-53],[72,-56],[1,-25],[-61,-56],[23,-35],[-30,-31],[23,-45],[-38,-45],[-19,-79],[26,-30],[83,-36],[24,-29],[5,-66],[88,-184],[-44,-10],[-47,22],[-38,-18],[24,-75],[28,-25],[85,-34],[18,-32],[-48,-74],[6,-22],[107,-123],[73,-30],[-5,-49],[-39,-13],[-303,-11],[-292,2],[-435,-10],[16,-47],[-13,-42],[43,-39],[11,-55],[28,-36],[12,-150],[-13,-92],[-26,-32],[13,-47],[-22,-26],[6,-47],[-7,-116],[18,-112],[73,4],[59,-32],[7,-36],[-94,-2],[39,-68],[13,-114],[30,-30],[19,-88],[76,-104],[-39,-11],[-35,-76],[4,-46],[-40,-28],[46,-30],[-28,-53],[-40,-30],[-19,-86],[109,-65],[46,-41],[68,-21],[-30,-72],[-44,-26],[-70,-120],[-1,-22],[-57,-82],[38,-25],[50,-101],[21,-20],[82,-21],[47,-33],[37,-51],[10,-43],[62,-45],[66,20],[42,-16],[52,-76],[13,-50],[45,-33],[11,-60],[-22,-35],[75,-63],[23,-59],[-11,-21],[65,-66],[-3,-76],[40,-29],[-22,-40],[-55,-14],[-29,-135],[-29,-23],[-70,-20],[-9,-85],[40,-71],[-29,-68],[3,-57],[-37,-48],[-39,-107],[65,-27],[25,-70],[-35,-84],[35,-97],[35,-35],[-63,-56],[1,-49],[39,-24],[-17,-68],[-71,-10],[-19,-23],[47,-36],[-28,-38],[-45,15],[-80,-65],[-6,-69],[13,-60],[5,-95],[23,-35],[7,-114],[-72,-100],[45,-104],[-66,-27],[74,-44],[16,-51],[175,-3],[240,30],[34,-9],[78,-70],[-67,-132],[-14,-43],[67,-48],[58,-8],[8,72],[60,24],[50,-12],[85,-40],[38,1],[108,72],[38,-1],[-12,-81],[5,-77],[26,-76],[124,-148],[108,-78],[3,-73],[27,-22],[50,27],[190,172],[35,-24],[35,-78],[6,-125],[-20,-85],[41,-52],[143,-44],[67,-30],[-67,-30],[-38,-53],[46,-97],[92,13],[1,-45],[70,-32],[-7,-34],[-111,-21],[-3,-35],[50,-1],[7,-61],[-19,-31],[72,-32],[13,-23],[-110,-7],[-94,35],[69,-101],[87,-95],[-53,-50],[-89,-36],[66,-64],[-62,-46],[78,-24],[-6,-45],[56,-143],[25,47],[39,4],[33,-45],[-35,-81],[20,-24],[95,-45],[9,-58],[-27,-128],[20,-82],[60,-21],[-9,-43],[55,-114],[-36,-46],[25,-89],[-6,-42],[46,-30],[10,-70],[35,-19],[-18,-69],[29,-37],[118,-62],[165,-48],[102,-19],[69,-35],[96,30],[44,-20],[18,-74],[21,-22],[75,-3],[-62,-47],[78,-50],[20,-38],[52,-29],[18,-74],[-7,-45],[-68,-78],[-1,-35],[35,-22],[22,-84],[49,-142],[-1,-70],[54,-83],[28,-74],[-1,-77],[65,-26],[10,-119],[61,-16],[-45,-69],[-60,-39],[-2,-66],[57,-18],[5,-50],[-54,-3],[17,-171],[38,-18],[20,-46],[-14,-46],[114,0],[-1,-78],[-67,-67],[-32,-55],[48,-23],[-21,-73],[71,-54],[69,-14],[-36,-47],[-49,18],[-26,-81],[94,-74],[57,-105],[-51,-36],[20,-66],[-54,16],[-10,-44],[95,-7],[4,-82],[-20,-32],[31,-30],[-11,-37],[-96,-42],[-50,15],[-74,-5],[21,-108],[-73,-69],[-58,-23],[21,-33],[97,-27],[85,-74],[22,-42],[-21,-47],[10,-42],[40,-15],[75,20],[4,-55],[45,-18],[-3,-63],[-20,-34],[58,-12],[-1,-74],[-33,-19],[47,-70],[-8,-37],[48,-11],[40,-63],[-49,-55],[30,-18],[47,33],[57,-7],[20,-44],[6,-80],[-53,6],[-32,-102],[-88,-61],[70,-41],[-53,-25],[38,-124],[1,-52],[-24,-100],[49,-25],[-30,-68],[21,-123],[91,-101],[-38,-39],[41,-40],[23,-71],[-26,-71],[13,-88],[-15,-35],[40,-23],[50,-78],[0,-118],[-73,-62],[57,-23],[16,-33],[-35,-44],[-1,-95],[79,23],[25,-59],[-48,-23],[97,-64],[-69,-28],[71,-53],[8,-64],[28,-42],[-17,-45],[7,-48],[-38,-18],[32,-101],[32,-7],[-16,-59],[22,-36],[62,-7],[21,-38],[-10,-64],[26,-62],[66,-18],[13,-63],[55,-121],[-19,-40],[10,-47],[43,-44],[2,-46],[-33,-81],[22,-87],[84,-43],[-16,-53],[50,-58],[-18,-41],[28,-18],[-14,-55],[-50,-15],[72,-48],[-38,-24],[56,-44],[-25,-32],[30,-46],[-13,-56],[-38,-53],[-32,-14],[-8,-97],[-20,-27],[85,-50],[-39,-27],[36,-48],[-102,-39],[4,-30],[60,-22],[-31,-32],[46,-32],[50,6],[22,-40],[64,-29],[-53,-43],[77,-24],[57,-71],[16,-62],[-23,-43],[21,-28],[18,-104],[-40,-66],[17,-22],[-55,-90],[-4,-52],[31,-67],[-28,-38],[3,-55],[44,-66],[24,-13],[50,-86],[20,-153],[36,-123],[-28,-94],[2,-48],[34,-64],[-35,-27],[18,-30],[235,-31],[29,-51],[-1,-72],[-18,-125],[65,-347],[-75,-14],[11,-53],[-19,-95],[-43,-22],[-98,-15],[-99,24],[-73,42],[-25,34],[2,58],[25,81],[-17,32],[-258,50],[-82,-71],[-57,-32],[-162,-38],[-32,-21],[-39,-86],[57,-64],[170,-99],[38,-48],[31,-123],[28,-51],[60,-67],[41,-70],[-3,-101],[112,-120],[47,-20],[12,-34],[-11,-63],[17,-86],[29,-71],[64,-60],[112,-41],[1,-63],[-28,-92],[-38,-60],[-80,-84],[-9,-45],[21,-85],[30,-37],[103,-69],[19,-137],[-37,-78],[-18,-117],[23,-45],[117,-85],[53,-14],[51,-53],[37,-64],[5,-108],[-22,-23],[-115,-47],[2,-47],[51,-94],[-4,-49],[68,-86],[6,-113],[46,-76],[-31,-123],[55,-64],[61,-99],[-31,-82],[24,-57],[49,-61],[110,-193],[32,-99],[60,-155],[65,-300],[32,-46],[2,-50],[-21,-40],[-11,-75],[19,-59],[-26,-25],[-113,-15],[-95,5],[-74,-118],[-73,-43]],[[45811,56997],[-8,-150],[50,-26],[153,-20],[69,-25],[80,-62],[-18,-68],[81,-47],[-10,-55],[105,-114],[122,-6],[73,10],[23,54],[84,43],[86,10],[68,36],[97,-13],[14,-65],[77,18],[35,60],[58,-8],[66,-68],[75,4],[29,25],[62,15],[31,32],[49,-21],[106,-5],[112,5],[123,-8],[44,11],[-8,121],[-40,83],[30,14],[-24,72],[-43,29],[15,40],[45,20],[87,-6],[115,-66],[86,-38],[-35,-38],[-12,-50],[79,-69],[73,1],[65,-40],[-17,-54],[18,-27],[-73,-28],[-75,-83],[-1,-60],[60,-46],[80,-136],[11,-50],[58,-103],[12,-54],[-85,-59],[24,-27],[58,-21],[54,7],[86,-26],[-15,-53],[40,-41],[95,53],[110,31],[21,-38],[106,-26],[153,-17],[81,-16],[51,-97],[40,-102],[167,0],[107,10],[99,34],[-29,88],[130,-7],[45,-21],[107,-3],[23,-28],[-3,-53],[71,-32],[120,20],[-2,45],[-71,17],[-10,23],[109,35],[46,-23],[75,-111],[10,-52],[-3,-100],[33,-105],[3,-62],[-13,-144],[-25,-55],[-3,-93],[-47,-48],[18,-43],[-34,-22],[17,-71],[94,-91],[-22,-60],[44,-152],[55,-13],[-22,-45],[30,-14],[98,61],[29,45],[-40,86],[58,66],[228,54],[112,11],[105,42],[111,-28],[73,-63],[16,-34],[53,-42],[6,-93],[35,-52],[178,30],[99,-6],[103,13],[81,50],[134,31],[82,66],[129,71],[43,11],[80,63],[118,-27],[138,-53],[71,-6],[124,11],[59,-54],[-20,-43],[22,-27],[-30,-62],[38,-37],[-23,-73],[57,-12],[53,-51],[111,-73],[37,-61],[1,-79],[-14,-44],[42,-18],[-5,-99],[-18,-54]],[[52765,53903],[-15,-103],[87,-75],[40,-67],[85,-52],[55,26],[33,-10],[34,-117],[-23,-23],[-10,-87],[56,-2],[-8,-36],[-61,0],[-21,-26],[-20,-83],[22,-46],[-52,-73],[-21,-55],[-9,-93],[-47,-45],[-81,-53],[-87,-34],[-9,-36],[76,-71],[68,-6],[81,-58],[38,-50],[-18,-94],[37,-135],[96,-38],[-52,-106],[81,-65],[98,-20],[-2,-29],[-39,-56],[-10,-58],[20,-35],[70,-9],[95,-64],[4,-34],[-35,-50],[33,-84],[48,-35],[152,-62],[39,-29],[-59,-36],[-150,-14],[24,-26],[-91,-14],[-22,-29],[-100,-6],[-50,-57],[-160,-34],[-76,-31],[-7,-26],[-74,-44],[-24,-54],[-58,-23],[-142,6],[-56,-18],[-83,-70],[33,-58],[-161,-97],[-27,-33],[-63,-26],[69,-57],[52,-58],[159,-150],[131,-103],[91,-102],[0,-58],[-29,-45],[-98,-22],[-281,-73],[-50,16],[-112,-25],[-118,-69],[-84,-65],[-62,-83],[-67,-22]],[[51848,50019],[-226,193],[-91,57],[-121,96],[-76,30],[-85,66],[-117,58],[-73,106],[-69,31],[-334,17],[-72,15],[-84,-12],[-77,-59],[-90,-85],[-132,-72],[-76,-17],[-61,1],[-280,60],[-133,64],[-126,85],[-144,79],[-260,122],[-155,24],[-131,53],[-68,77],[-32,-12],[-79,-84],[-70,-57],[-141,-62],[-12,-96],[-43,-25],[-88,26],[-62,-10],[-79,13],[-93,-18],[-79,20],[-26,-8],[-29,-115],[11,-92],[35,-45],[-16,-102],[-75,-73],[-66,69],[-55,-17],[-57,-111],[-13,-61],[-59,-51],[-51,-11],[-122,-91],[5,-178],[-19,-32],[-57,-29],[-8,-32],[-131,-45],[-109,-59],[-51,0],[-32,-116],[-34,-47],[16,-51],[-3,-79],[43,-57],[-26,-31],[-202,-64],[-112,-48],[-58,33],[-69,12],[-110,-105],[-84,-9],[6,-62],[54,-24],[40,-98],[1,-70],[-36,-60],[20,-39],[-80,-121],[-26,-5],[-102,59],[-134,-61]],[[46168,48577],[-211,85],[-64,32],[-70,122],[-147,90],[-132,147],[-33,90],[-86,75],[-63,34],[-136,-4],[-171,5],[-87,15],[37,104],[-88,1],[-697,-144],[-22,29],[-64,27],[-136,20],[-156,38],[-278,45],[-70,16],[190,103],[120,57],[-58,38],[-154,58],[-135,70],[-40,93],[-17,122],[114,46],[84,18],[-33,87],[-72,92],[-21,82],[-62,7],[-228,7],[-150,-8],[-121,-25],[-114,-6]],[[42797,50245],[-35,280],[176,44],[94,71],[38,55],[10,50],[-7,115],[-53,58],[24,39],[72,52],[38,6],[51,-23],[67,19],[26,95],[143,44],[1,33],[-56,29],[60,44],[37,87],[0,67],[22,35],[-1,87],[69,18],[-14,64],[37,27],[116,-3],[43,96],[-6,73],[-23,32],[97,22],[72,-33],[242,19],[3,-35],[97,-14],[21,-49],[77,-1],[55,46],[8,62],[71,36],[166,2],[116,31],[138,-36],[13,-86],[-5,-81],[217,-33],[44,51],[-30,64],[105,26],[-4,55],[83,111],[93,-1],[42,68],[72,33],[68,99],[100,-21],[58,44],[52,-3],[58,-30],[89,12],[61,-46],[-4,-43],[32,-71],[-70,-53],[51,-116],[79,-31],[147,24],[125,-6],[145,-38],[35,-36],[71,-1],[48,-40],[48,40],[76,-10],[102,36],[85,-21],[81,50],[89,-36],[56,-60],[61,-101],[122,-55],[42,4],[62,-21],[71,35],[131,43],[21,28],[235,-13],[190,17],[-42,76],[-49,55],[-87,56],[-190,89],[-55,50],[-195,24],[-128,39],[-46,46],[-44,93],[9,47],[120,135],[22,91],[139,174],[52,56],[75,8],[25,108],[70,144],[41,103],[52,100],[47,287],[-19,134],[-53,118],[-92,-94],[-80,-7],[-158,48],[-52,5],[-132,70],[-89,7],[-80,-7],[-121,-61],[-30,-3],[-47,42],[-123,-39],[-177,-11],[-173,-48],[-80,-5],[-51,-42],[-73,-21],[-22,19],[-331,25],[-2,-26],[-89,-6],[-2,87],[-28,96],[19,27],[-95,105],[-22,-1],[-102,84],[-5,34],[-45,16],[-92,91],[-34,54],[-36,24],[-69,14],[-8,48],[-155,90],[-68,79],[-60,50],[-53,125],[-57,63],[-2,38],[-80,27],[-41,53],[-84,2],[-54,37],[-73,8],[1,46],[-128,98],[-130,10],[-32,-67],[-38,-34],[-99,-14],[-96,24],[-59,42],[-45,57],[-2,72],[234,106],[15,56],[-23,11],[-107,-32],[-86,6],[-60,71],[95,61],[2,159],[-38,62],[-71,51],[19,35],[51,15],[67,-4],[83,24],[50,35],[-5,59],[-173,-36],[-90,2],[-115,33],[-142,-24],[-48,12],[-51,42],[-22,106],[-120,20],[-17,41],[99,20],[-66,35],[-39,82],[1,39],[96,37],[51,43],[81,9],[62,32],[36,72],[32,35],[67,29],[-54,36],[-160,-54],[-72,1],[-12,45],[16,54],[-58,26],[-73,12],[-138,8],[-31,-38],[-71,1],[-84,64],[23,90],[-27,47],[-65,-3],[11,-81],[-42,-8],[-53,39],[-77,2],[9,-87],[-51,13],[-49,43]],[[42814,56594],[-18,50],[-49,13],[-6,37],[105,20],[63,-11],[41,24],[40,55],[-6,61],[23,27],[-29,71],[-29,22],[-96,-8],[-48,17],[-4,61],[65,78],[42,21],[99,9],[30,-49],[8,-69],[108,-17],[71,3],[29,-55],[-20,-22],[-83,-38],[-68,21],[-10,-42],[24,-47],[97,-41],[120,26],[132,60],[70,-3],[21,28],[103,8],[137,20],[184,3],[40,14],[2,79],[42,8],[39,-80],[46,-1],[82,36],[12,29],[-21,63],[30,42],[159,-4],[33,-19],[13,-56],[124,-12],[58,-66],[36,-63],[33,-4],[43,-59],[100,-80],[77,4],[70,-14],[14,38],[-6,72],[19,32],[148,-2],[84,-21],[16,57],[54,-3],[18,37],[72,33],[114,9],[46,-7],[37,22],[115,-2],[102,-12]],[[46168,48577],[-118,-32],[35,-37],[-50,-12],[77,-81],[270,-217],[124,-74]],[[46506,48124],[-80,-62],[-93,-38],[-132,24],[-24,-105],[-55,-161],[-28,-55],[-87,-80],[-36,-3],[-115,38],[-49,47],[-126,80],[-33,-26],[-21,-56],[-89,-82],[-67,-33],[-190,-66],[-80,-15],[-167,-10],[-55,-52],[5,-40],[-64,-66],[2,-38],[41,-34],[-51,-31],[52,-92],[48,-61],[-91,-103],[-220,-150],[-80,-64],[214,7],[19,-10],[166,-15],[-31,-38],[-177,-107],[-80,-57],[36,-25],[-3,-51],[-33,-44],[20,-35],[-23,-28],[-12,-94],[109,-42],[-3,-21],[-136,-58],[-13,-50],[-56,4],[-84,-159],[37,-12],[19,-54],[-50,-115],[-54,-47],[26,-81],[115,-25],[18,-59],[126,-20],[-7,-46],[54,-100],[-26,-42],[-93,1],[-10,-75],[-77,-8],[32,-224],[-18,-35],[-139,-65],[-128,-1],[-21,-65],[-35,-16],[-9,81],[-39,36],[-155,-72],[-46,36],[-25,58],[-59,91],[-74,83],[-248,211],[-114,84],[-69,34],[-116,20],[-28,-63],[47,-102],[15,-64],[-6,-114],[-32,-101],[-110,-89],[-55,-61],[-15,-93],[10,-82],[-11,-98],[-31,-45]],[[43133,44628],[-65,-7],[-57,77],[-26,62],[-63,55],[-174,80],[10,34],[188,93],[70,56],[64,90],[9,54],[-26,48],[-78,1],[-75,-36],[-108,-9],[-67,26],[-53,-10],[-35,18],[-194,-3],[-87,52],[-72,93],[-84,1],[-18,30],[21,62],[-31,58],[-97,98],[-63,28],[-169,34],[-112,32],[-55,84],[-94,-5],[-38,-51],[-8,-154],[-13,-87],[16,-32],[68,-33],[46,18],[13,67],[41,4],[72,-52],[71,-31],[31,-29],[-7,-50],[-41,-74],[-49,-30],[-88,-18],[-46,-35],[-36,-76],[-20,-10],[-119,36],[-74,6],[-124,-10],[-116,0],[-62,-20],[-41,-31],[-22,-45],[17,-75],[-25,-30],[-115,-19],[-141,11],[-102,21],[-89,48],[11,41],[66,67],[31,95],[24,31],[95,48],[10,61],[-52,31],[-89,12],[-56,22],[-45,62],[-98,16],[-105,-24],[-172,-73],[-136,-66],[-93,-62],[-73,-118],[-72,4],[-129,128],[-4,52],[22,68],[-44,38],[-79,13],[-141,1],[-63,-10],[-33,-29],[-46,-79],[-39,-34],[-45,-1],[-143,60],[-72,39],[-27,124],[-18,35],[-71,6],[-46,-25],[-85,-124],[-39,-44],[-90,-56],[-96,-44],[-66,-62],[-25,-42],[-89,-93],[-83,-63],[-65,-38],[-85,4],[-29,31],[-55,2],[-156,-40],[41,-16],[18,-93],[-54,-1],[-23,-72],[-71,49],[-122,8],[-57,-92],[2,-32],[-96,-10],[37,-58],[-40,-25],[-63,-12],[-50,21],[-65,109],[-44,38],[1,33],[-65,11],[-43,-36],[-9,-43],[42,-28],[-16,-50],[-54,0],[-47,-26],[-34,14],[-13,66],[30,37],[-51,32],[-148,57],[2,-36],[47,-32],[-84,-10],[54,-50],[-32,-40],[69,-56],[57,-22],[124,-25],[46,-27],[64,-90],[52,-47],[-34,-54],[-111,-47],[-15,-90],[-43,-63],[-54,-28],[-156,-20],[-39,-51],[66,-70],[8,-25],[-63,-55],[-133,-49],[-155,-26],[-39,-25],[49,-96],[-31,-75],[-113,-12],[-98,-60],[-65,-65],[-66,-85],[-130,-36],[-112,-66]],[[35967,43355],[-99,9],[51,60],[50,111],[-62,93],[-287,250],[-78,28],[-104,-6],[-15,-28],[-145,-9],[-79,-15],[-106,-39],[-168,-38],[-46,0],[-73,30],[-45,34],[-47,177],[31,128],[116,121],[109,57],[81,52],[50,18],[221,47],[88,-6],[102,16],[34,18],[-77,76],[-96,44],[-145,45],[-139,27],[-107,8],[-172,-14],[-97,26],[-105,52],[-75,53],[-56,68],[-6,30],[73,43],[-32,38]],[[34512,44959],[-127,173],[-100,164],[-111,103],[64,108],[82,54],[-75,17],[-75,150],[-17,16],[56,200],[-18,81],[-94,63],[-56,75],[46,29],[83,14],[177,0],[-70,160],[-69,173],[-72,224],[-20,152],[-11,189],[-16,65],[18,90],[79,140],[39,90],[-26,185],[-19,34],[-127,91],[-82,46],[-68,51],[-140,79],[-207,95],[-429,135],[-187,39],[-207,57],[-147,46],[-92,9],[-145,-7],[-107,-80],[16,-69],[-52,-134],[-95,15],[-17,-47],[133,-161],[11,-62],[-70,-64],[-101,-21],[-139,4],[-52,15],[-82,42],[-75,92],[-33,120],[3,198],[33,105],[49,98],[117,100],[194,77],[217,58],[181,1],[76,-17],[128,15],[78,61],[14,33],[-41,47],[-47,17],[-160,29],[-143,7],[-254,74],[-63,54],[-120,217],[-9,47],[8,165],[-61,88]],[[31886,49473],[71,38],[81,75],[28,68],[51,-3],[54,-29],[120,-23],[52,7],[-24,-81],[99,-32],[31,-45],[51,-34],[-10,-27],[53,-65],[248,-13],[24,-36],[-19,-44],[51,-66],[41,-6],[159,118],[6,62],[-24,16],[-168,-18],[-14,44],[-47,54],[15,30],[54,24],[34,44],[46,7],[-20,79],[25,61],[171,26],[111,-15],[10,46],[38,18],[-36,123],[43,13],[173,5],[36,-56],[124,-64],[205,-59],[103,13],[66,20],[73,59],[-11,26],[-126,61],[23,48],[76,18],[81,-44],[48,-71],[31,-93],[68,-6],[44,-56],[140,-21],[124,-32],[-11,63],[66,-19],[15,-37],[48,-27],[167,53],[52,-19],[153,17],[33,82],[-4,23],[37,65],[16,62],[84,68],[48,13],[218,-19],[82,-111],[19,-72],[40,-17],[-25,-59],[-27,-119],[66,5],[31,-35],[206,-1],[139,32],[79,45],[152,18],[74,-39],[71,37],[118,-23],[3,121],[116,-20],[1,-50],[37,-92],[101,-41],[56,-43],[123,-22],[123,23],[61,1],[12,23],[-28,68],[138,36],[101,-7],[53,48],[13,40],[-35,24],[-19,87],[-34,41],[-77,38],[-55,53],[-114,33],[-10,20],[-96,57],[-121,47],[4,72],[-11,76],[-46,55],[116,85],[-10,61],[29,58],[-46,94],[-5,126],[-32,54],[-34,139],[-119,59],[-17,30],[101,-7],[65,26],[54,59],[47,-13],[37,-93],[70,-77],[100,-9],[27,17],[246,-14],[7,23],[-8,151],[38,23],[69,1],[63,43],[174,-21],[84,3],[149,49],[33,-27],[114,15],[-8,47],[49,57],[-2,48],[20,286],[-21,28],[62,16],[391,145],[55,-33],[5,-45],[52,-23],[349,-76],[51,2],[92,-21],[-4,-35],[84,-90],[32,87],[-64,85],[111,22]],[[39418,51666],[149,-85],[153,-68],[217,-83],[140,-70],[238,-146],[245,-187],[115,-105],[181,-152],[57,-60],[116,-163],[7,-57],[110,15],[71,-18],[50,33],[44,-2],[209,-37],[119,-31],[264,-58],[-44,-60],[198,22],[125,27],[129,-65],[92,-28],[-12,-20],[78,-37],[146,0],[120,-7],[62,21]],[[45811,56997],[31,29],[-21,29],[1,103],[55,9],[14,28],[-17,55],[15,57],[88,4],[39,17],[59,-8],[57,39],[-47,61],[5,37],[-50,51],[70,18],[56,37],[41,-2],[16,57],[119,25],[-2,33],[44,20],[64,-25],[29,45],[-11,42],[42,45],[-5,130],[-19,24],[-83,38],[-33,80],[15,46],[-9,112],[48,-31],[77,3],[44,-41],[51,-88],[49,-27],[149,41],[39,0],[78,-33],[48,-73],[124,27],[77,-13],[18,57],[100,44],[107,23],[198,23],[49,40],[12,51],[-44,81],[-115,68],[-58,61],[-68,38],[-33,76],[6,72],[31,30],[13,137],[115,101],[15,36],[2,124],[-11,51],[140,95],[50,52],[39,70],[68,35],[105,103],[82,15],[52,37],[9,59],[-30,22],[15,53],[62,36],[79,3],[67,54],[48,67],[46,6],[59,40],[31,91],[181,56],[95,7],[151,61],[59,34],[10,32],[-21,73],[5,37],[-27,77],[43,103],[98,50],[83,88],[43,22],[5,46],[-25,74],[-36,32],[23,46],[51,24],[-25,37],[-67,-4],[11,35],[-20,42],[-88,29],[-49,63]],[[48917,61013],[80,31],[71,64],[116,46],[101,75],[117,42],[39,-9],[18,43],[43,33],[61,21],[95,0],[63,-12],[172,-82],[136,-6],[44,36],[116,60],[8,27],[114,-13],[15,-72],[-19,-122],[79,-39],[35,-74],[56,-4],[140,35],[125,42],[24,68],[45,-17],[62,14],[54,-10],[48,-64],[79,-79],[117,25],[126,38],[10,43],[85,63],[9,71],[75,59],[102,103],[93,59],[21,-53],[47,-6],[24,49],[48,34],[-22,106],[-20,25],[17,64],[-21,46],[25,52],[-21,66],[61,-2],[32,22],[107,109],[36,16],[173,11],[74,-9],[85,13],[64,-3],[97,-51],[57,-79],[71,-22],[35,-26],[77,-16],[68,-55],[-4,-38],[82,-2],[7,-37],[144,-30],[23,-52],[46,-44],[113,-3],[34,28],[204,-35],[178,-19],[78,-60],[122,-65],[55,-13],[53,9],[25,-24],[-94,-97],[-93,-113],[1,-31],[39,-27],[124,-17],[76,-20],[78,-37],[57,-53],[65,-10],[121,-55],[9,-24],[-60,-78],[104,-30],[133,-97],[48,-22],[80,4],[92,-54],[109,-109],[55,-31],[81,-7],[144,40],[80,47],[61,67],[158,52],[128,76],[169,62],[128,-6],[107,58],[80,-2],[122,-26],[175,-114],[141,-30],[91,-5]],[[56575,60725],[35,-78],[68,-44],[152,-62],[145,-45],[207,-44],[60,-7]],[[57242,60445],[41,-52],[23,-54],[-5,-51],[-46,-51],[-114,-43],[-57,-33],[-34,-38],[-28,-181],[17,-48],[1,-90],[40,-48],[132,-98],[111,-67],[73,-155],[5,-25],[-45,-45],[-22,-67],[18,-72],[-44,-71],[-2,-81],[44,-53],[-1,-57],[-24,-78],[28,-53],[45,-42],[136,-53],[12,-37],[-37,-63],[-65,-33],[-86,-25],[-53,-50],[-77,-111],[-79,-66],[-14,-60],[19,-32],[174,-25],[77,12],[110,57],[52,-3],[63,-25],[85,-77],[6,-72],[-74,-68],[-76,-25],[-110,-17],[-156,22],[-192,3],[-107,-21],[-58,10],[-174,-81],[-87,-15],[-93,26],[-97,67],[-53,70],[-28,68],[-46,-39],[-21,-107],[22,-151],[1,-60],[-18,-104],[-87,-114],[10,-52],[70,-144],[214,-310],[55,-87],[-48,-8],[85,-122],[51,-49],[51,-126],[-19,-61],[-80,-60],[-147,-36],[-116,-38],[-40,-4],[-36,-33],[-64,-215],[-99,-185],[-110,-85],[-98,-35],[-70,-51],[-27,-48],[-8,-293],[8,-67],[-27,-79],[-14,-87],[-20,-54],[-37,-34],[-129,-46],[-255,-75],[-267,-51],[-213,-14],[-159,-33],[-68,-37],[-15,-33],[12,-54],[52,-61],[119,-86],[68,-34],[-46,-24]],[[54850,54682],[-76,-2],[-28,-20],[-107,-2],[-95,-59],[-2,-53],[-33,-23],[-92,-11],[-3,24],[-130,-2],[-115,30],[-62,-30],[-88,21],[-85,76],[-15,-45],[-50,-4],[-33,26],[-74,-19],[-37,-31],[48,-56],[39,-75],[-8,-43],[-69,-36],[-37,12],[-96,-28],[-100,15],[-29,-11],[10,-75],[-20,-85],[-50,-45],[16,-54],[-143,-48],[-34,-27],[-78,-18],[-14,-34],[-54,-5],[-11,-37],[-113,-30],[-69,11],[-104,36],[-44,-22]],[[41399,37314],[-124,28],[-115,183],[-66,49],[-67,16],[-104,55],[-42,47],[-17,85],[17,57],[-6,45],[-55,28],[-121,9],[-137,-9],[-141,2],[-144,11],[-122,29],[-139,48],[-108,19],[-53,-2],[26,-105],[-36,-110],[-187,49],[-129,48],[-81,40],[-95,-2],[-178,57],[-41,26],[18,74],[151,62],[133,10],[-46,38],[-97,111],[-72,121],[-23,57],[1,49],[-97,67],[-64,65],[-129,99],[-70,27],[-91,51],[-90,23],[-143,10],[-93,27],[-39,27],[58,97],[70,143],[-11,118],[-74,114]],[[38426,39407],[-180,91],[-38,51],[5,123],[77,136],[-78,41],[-191,53],[-322,41],[-147,47],[-93,73],[-32,48],[-57,295],[-71,128],[-98,135],[-33,18],[-88,-7],[-40,17],[-114,1],[-67,19],[-37,31],[-20,48],[24,46],[153,177],[2,25],[-92,136],[-94,15],[-162,11],[-405,125],[-181,86],[-207,137],[-24,35],[-123,97],[-66,75],[-40,76],[-14,62],[34,52],[58,34],[146,26],[129,-28],[123,-65],[50,-69],[9,-44],[36,-63],[52,-37],[124,66],[38,89],[48,36],[76,-20],[111,20],[97,-25],[131,62],[165,34],[51,31],[62,143],[-6,32],[-61,111],[-59,55],[-95,72],[-35,43],[12,83],[58,99],[109,57],[78,14],[399,9],[81,33],[21,48],[-48,59],[-78,43],[-141,37],[-142,-16],[-143,12],[-220,-46],[-331,-117],[-202,-104],[-148,-108],[-65,-32],[-133,33],[-113,139],[-76,117],[-19,62],[33,120],[0,69],[16,70],[50,125],[92,67],[20,28]],[[43133,44628],[65,-46],[-34,-75],[-3,-76],[-44,-32],[64,-41],[27,-94],[32,-17],[58,8],[16,-41],[-53,-19],[-142,-127],[37,-58],[12,-61],[-55,-19],[3,-38],[35,-71],[-91,-117],[-47,-28],[-130,74],[-58,-8],[14,-76],[-62,-37],[-98,-30],[-50,-57],[-52,-105],[-171,30],[-100,-17],[13,-90],[-77,-19],[-6,-50],[20,-114],[-14,-39],[-113,-51],[1,-187],[23,-52],[-158,13],[-18,-83],[-66,-35],[-22,-149],[-109,-78],[-267,36],[-1,-81],[-107,-9],[16,-62],[5,-113],[-52,-24],[-25,-54],[44,-50],[-47,-97],[14,-25],[-16,-94],[-64,2],[-14,-22],[-14,-102],[92,-15],[162,-2],[83,-41],[22,22],[84,-21],[86,7],[79,-35],[63,-49],[246,-14],[128,11],[30,20],[81,155],[39,138],[45,46],[34,-19],[56,6],[89,49],[236,77],[38,-35],[10,-135],[154,-7],[135,-32],[149,-21],[180,-52],[15,-44],[-59,-7],[-22,-131],[9,-56],[28,-31],[156,6],[49,29],[43,76],[56,8],[120,120],[32,8],[176,-27],[73,13],[43,23],[59,85],[42,-15],[-65,-91],[-3,-104],[42,-9],[335,12],[74,27],[100,8],[7,36],[90,-2],[10,-90],[202,-13],[-6,-48],[-94,-12],[-20,-58],[-63,-12],[-22,-123],[21,-34],[-40,-165],[1,-121],[78,-43],[118,6],[19,51],[105,-28],[38,-45],[127,-53],[-86,-11],[-60,-73],[-177,37],[-83,7],[-29,-11],[0,-174],[34,-98],[56,-72],[18,-46],[-10,-99],[-20,-50],[145,-122],[99,-1],[39,86],[96,129],[38,28],[29,51],[-60,34],[16,53],[43,-2]],[[63753,56993],[-119,41],[-149,-14],[-128,-4],[-106,18],[-63,51],[-22,45],[4,63],[34,76],[87,151],[-13,67],[-32,31],[-181,43],[-40,49],[-27,111],[-91,86],[-74,37],[-112,-12],[-164,-83],[-163,-52],[-75,-10],[-104,5],[-73,16],[-136,83],[-93,82],[-72,51],[-131,64],[-90,29],[-197,49],[-94,30],[-359,24],[-17,38],[-59,44],[-162,57],[12,52],[40,46],[72,29],[205,46],[103,39],[66,53],[69,112],[11,75],[-14,36],[-63,46],[-100,23],[-106,-35],[-198,-4],[-89,14],[-100,76],[-44,-44],[-119,67],[-159,64],[-84,85],[-38,62],[-12,49],[13,125],[-26,56],[-50,35],[-117,32],[-29,69],[-63,103],[-56,-10],[-11,-45],[-146,19],[-148,69],[-87,64],[1,74],[73,79],[31,84],[-11,70],[30,83],[-6,47],[-143,60],[-79,69],[-12,42],[37,67],[-43,101],[-41,36],[-118,52],[-68,49],[-47,11],[-130,-25],[-155,-9],[-147,-45],[-150,-93],[-72,-32],[-80,-13],[-187,6],[-244,-56],[-74,-12],[-74,7],[-139,58],[-134,39],[-164,26],[-76,3]],[[56575,60725],[16,111],[-28,72],[-73,35],[-50,76],[-20,4],[-14,133],[17,86],[3,79],[-56,203],[-52,82],[-152,162],[-79,125],[-86,92],[-64,-5],[-44,41],[39,64],[51,16],[38,46],[20,68],[39,47],[67,31],[49,57],[42,148],[4,100],[74,25],[36,110],[40,45],[-36,54],[-7,52],[62,77],[35,105],[55,36],[3,39],[-28,29],[26,119],[-177,113],[44,25],[10,48],[-64,22],[-54,69],[-40,23],[-112,21],[-213,16],[-68,46],[-185,24],[-84,21],[-86,42],[-44,-46],[-55,43],[-130,21],[-33,16],[-55,119],[-124,58],[3,63],[-74,96],[36,73],[-23,32],[-17,153],[150,51],[37,73],[-17,78],[103,1],[58,56],[117,-12],[68,3],[98,30],[120,-32],[140,-21],[24,-62],[108,-43],[127,-117],[60,-37],[86,16],[53,-3],[-27,-69],[62,-15],[62,4],[99,33],[44,-8],[46,-55],[102,9],[77,-28],[0,-36],[68,-22],[40,-44],[140,17],[165,-20],[56,46],[7,119],[-48,28],[6,44],[83,17],[40,82],[-4,28],[-73,54],[20,59],[-5,93],[91,16],[4,66],[37,24],[70,-11],[102,33],[2,34],[120,63],[49,-33],[0,-68],[16,-42],[-24,-69],[-3,-53],[101,-13],[59,-94],[47,1],[39,-37],[30,-80],[-13,-65],[33,-87],[60,-36],[175,39],[6,40],[49,67],[85,49],[-8,53],[48,10],[84,120],[11,43],[-4,82],[22,65],[42,1],[62,-27],[112,-71],[34,7],[5,73],[91,50],[131,4],[59,-23],[137,-16],[51,5],[58,26],[106,-4],[89,-16],[25,-18],[71,-3],[18,21],[4,98],[-49,53],[42,26],[39,-20],[41,37],[23,105],[111,44],[9,33],[-67,82],[7,52],[61,90],[55,-23],[7,-51],[45,-3],[-1,52],[36,49],[-45,27],[59,89],[57,39],[-5,61],[-87,74],[67,53],[13,31],[122,48],[25,33],[-12,35],[51,45],[-6,60],[-31,54]],[[60199,66103],[89,29],[38,-12],[27,-47],[48,4],[196,-21],[47,-32],[30,24],[9,43],[47,8],[64,75],[93,139],[80,-4],[148,48],[58,-14],[-10,-77],[215,2],[131,-26],[34,96],[97,24],[83,-4],[194,-36],[51,27],[70,-8],[40,-70],[155,47],[27,16],[6,67],[-17,50],[6,56],[-41,56],[286,23],[46,-43],[68,-8],[46,-94],[16,-57],[53,1],[23,47],[64,-7],[24,26],[77,12],[81,-62],[50,7],[71,75],[68,6],[27,53],[46,23],[20,-55],[49,-54],[130,-36],[100,-60],[120,77],[64,18],[168,-62],[71,24],[90,-19],[67,3],[122,58],[82,-8],[73,-31],[44,3],[55,61],[17,106],[-34,56],[137,173],[55,29],[63,-9],[50,-38],[65,-21],[62,4],[27,-25],[-53,-32],[-48,-8],[-32,-53],[24,-41],[-3,-51],[38,-29],[91,29],[47,-26],[112,48],[106,30],[1,-38],[79,21],[61,67],[139,20],[90,5],[163,-85],[63,-43],[10,-48],[62,-3],[90,-51],[53,-58],[45,16],[26,-42],[57,0],[-24,81],[42,2],[14,-42],[48,-44],[38,-6],[34,59],[-56,67],[15,19],[101,-22],[57,15],[100,-37],[67,51],[30,-13],[47,49],[42,6],[78,-28],[18,53],[55,96],[-2,44],[45,29],[-116,105],[28,78],[-49,36],[41,46],[-35,29],[43,26],[144,-69],[17,-55],[91,8],[81,59],[52,-11],[41,18],[49,-16],[50,18],[42,-45],[71,-50],[63,-19],[59,9],[61,34],[55,49],[8,37],[57,19],[111,-14],[94,-71],[63,-7],[36,22],[87,18],[14,-112],[19,-39]],[[68204,66869],[46,-69],[-24,-44],[-49,5],[-198,78],[-93,24],[-46,-11],[61,-45],[7,-54],[-71,-75],[54,-58],[100,-13],[83,-33],[104,-8],[27,-21],[135,-43],[3,-42],[-21,-75],[110,-118],[-13,-23],[-104,-12],[-37,-18],[-13,-38],[40,-60],[103,32],[52,-23],[-28,-29],[30,-118],[129,10],[96,-7],[62,-43],[105,17],[111,-38],[81,-74]],[[69046,65843],[-117,-72],[-57,-70],[-7,-46],[31,-70],[-59,-99],[-72,-176],[-79,-151],[-43,-54],[-186,-155],[-107,-73],[-76,-73],[-138,-109],[-84,-58],[-118,-60],[-40,9],[-46,81],[-56,41],[-103,-19],[-289,-188],[-133,-141],[3,-27],[125,-34],[50,53],[84,51],[65,15],[102,-2],[204,-31],[125,-4],[163,-28],[49,-29],[-21,-30],[-114,8],[-78,-49],[-29,-74],[80,-22],[35,-63],[194,14],[39,31],[0,69],[53,92],[69,40],[41,9],[106,-56],[86,-34],[72,18],[-110,96],[36,48],[124,2],[78,-30],[33,-29],[106,-140],[53,-103],[52,-131],[17,-158],[-5,-110],[22,-70],[67,-125],[3,-38],[-65,-9],[-69,29],[-111,69],[-101,21],[-60,2],[-128,-28],[13,-131],[28,-40],[6,-53],[-20,-41],[-71,-95],[5,-51],[-37,-61],[26,-22],[63,1],[49,19],[-66,58],[-9,27],[64,32],[67,-40],[89,-30],[44,7],[50,34],[146,-32],[14,-45],[62,-31],[42,-98],[-42,-30],[59,-24],[78,-78],[34,-8],[121,-110],[5,-22],[-77,-48],[-82,14],[-105,37],[-45,-15],[-23,-44],[-77,-87],[-134,-81],[-84,22],[-83,0],[-75,-13],[-91,-37],[-34,-27],[-15,-64],[44,-8],[168,-120],[155,-148],[98,-106],[48,-79],[35,-125],[-11,-86],[-35,-36],[-47,-18],[-164,11],[-288,41],[-201,35],[-236,24],[-153,-1],[-196,-26],[-84,-26],[-76,-79],[-93,-166],[-76,-116],[-57,-119],[-11,-63],[7,-77],[58,0],[45,45],[145,21],[205,51],[155,58],[79,13],[146,-3],[18,-38],[-5,-73],[-34,-77],[-68,-72],[-113,-77],[-175,-86],[-100,-38]],[[46506,48124],[54,-33],[442,-192],[151,-97],[64,-18],[117,-53],[38,65],[30,-2],[114,-64],[153,-73],[423,-152],[107,-28],[178,-64],[142,-76],[264,-165]],[[48783,47172],[-75,-85],[-30,-57],[-75,-39],[-12,-42],[21,-44],[-42,-19],[-71,11],[-158,-11],[-86,37],[-179,-19],[-113,-51],[21,-54],[-64,-57],[-138,-28],[-49,-2],[-18,-38],[-74,3],[-71,-15],[-12,-27],[38,-31],[-19,-92],[0,-54],[90,-43],[10,-25],[181,-4],[125,-13],[61,-34],[228,-60],[126,-85],[-28,-39],[-144,-9],[-118,-25],[-38,3],[-212,-109],[-21,-19],[-21,-74],[-48,-70],[24,-49],[116,-33],[89,-2],[17,-88],[91,7],[-15,-76],[-44,-39],[-142,-66],[-131,-51],[-90,-26],[-8,-15],[74,-65],[132,-8],[30,-68],[82,-97],[-20,-53],[0,-77],[-23,-98],[-89,-50],[15,-31],[-15,-43],[13,-86],[-68,-65],[-16,-65],[-43,-105],[-94,-150],[-27,-62],[0,-60],[31,-32],[-11,-30],[55,-26],[49,-55],[30,-64],[39,-17],[-18,-179],[7,-74],[108,18],[30,28],[43,1],[-42,-73],[15,-11],[-35,-83],[4,-110],[43,-20],[108,-102],[231,-24],[118,-131],[68,-88],[24,54],[64,-24],[121,-13],[17,-64],[28,-24],[-31,-30],[-12,-63],[12,-77],[61,-79],[69,-56],[-10,-65],[-47,-32],[-7,-45],[53,-32],[4,-128],[46,-100],[-9,-32],[90,-42],[160,21],[88,0],[3,-44],[33,-63],[-17,-84],[137,33],[19,28],[61,-9],[110,-41],[61,34],[85,-11],[77,3],[76,-13],[29,25],[57,2],[1,32],[83,-4],[17,-17],[110,-2],[50,22],[23,-84],[-176,-104],[25,-36],[0,-45],[-30,-52],[-45,-44],[53,-49],[29,15],[68,-11],[0,-52],[-52,-106],[-5,-51],[79,0],[-12,-156],[-75,-53],[-51,-73],[-52,-139],[3,-21],[-42,-78],[-122,-55],[45,-26],[28,-54],[68,-24],[-10,-24],[59,-47],[58,-7],[37,-50]],[[39418,51666],[-137,113],[-99,92],[-55,66],[52,37],[-31,124],[-8,95],[-55,110],[-128,68],[-158,64],[-110,90],[-102,141],[-56,55],[-415,259],[-108,58],[-64,50],[-79,97],[-34,63],[-38,106],[-30,121],[-30,171],[-200,6],[-204,-8],[-115,3],[-156,18],[-89,29]],[[36969,53694],[-26,59],[-96,40],[-71,69],[-148,121],[-89,60],[-37,55],[-42,101],[-43,5],[-31,40],[-23,116],[-71,6],[-61,-79],[-7,-87],[-38,7],[-1,85],[-23,23],[83,67],[37,48],[-50,113],[24,42],[90,44],[-23,58],[-81,7],[-10,50],[46,38],[-75,198],[16,20],[-36,178],[-156,0],[-61,23],[41,58],[-25,105],[-44,56],[68,19],[51,42],[62,5],[38,-16],[-14,395],[4,222],[26,118],[54,73],[141,128],[316,194]],[[36684,56600],[86,49],[164,74],[89,34],[143,37],[207,23],[98,-13],[142,2],[107,21],[141,47],[153,70],[50,42]],[[38064,56986],[34,-49],[-6,-103],[-35,-144],[-17,-112],[-52,-50],[-162,-254],[56,-16],[-49,-69],[-123,-61],[-105,-65],[7,-35],[125,-8],[60,-50],[65,24],[51,41],[106,57],[13,80],[29,39],[40,12],[127,-15],[-30,-98],[16,-28],[177,22],[98,-31],[-18,-64],[74,-22],[88,0],[-1,94],[94,7],[8,48],[57,18],[145,-24],[3,-31],[70,-3],[89,-28],[94,-14],[20,-53],[59,-10],[-12,-70],[84,-19],[13,62],[66,1],[50,-50],[53,-30],[20,-39],[40,2],[53,34],[26,-19],[64,4],[48,46],[75,17],[16,36],[-53,33],[-17,42],[51,25],[17,87],[-90,72],[12,65],[104,-2],[52,52],[66,-13],[10,-131],[84,-35],[-43,-41],[28,-19],[-13,-69],[64,-54],[12,-37],[239,-22],[5,56],[-93,51],[4,47],[88,31],[16,29],[-19,40],[174,17],[65,20],[6,38],[-22,36],[41,31],[8,63],[41,-3],[-15,-62],[122,-4],[35,18],[47,75],[68,-11],[18,29],[66,44],[117,16],[12,15],[138,-9],[-127,-116],[-9,-36],[86,1],[68,123],[43,25],[122,-19],[34,22],[-27,32],[-71,10],[-5,27],[-78,17],[-3,36],[65,41],[-26,42],[85,3],[54,-16],[-2,111],[-13,59],[39,35],[39,-43],[-10,-55],[79,-19],[23,-56],[72,-25],[24,-44],[92,-18],[70,8],[4,58],[21,26],[-14,108],[19,88],[101,-8],[11,47],[-54,15],[19,34],[73,-32],[64,-5],[36,-33],[-16,-66],[10,-31],[110,-82],[10,-60],[-170,-6],[-19,-9],[19,-84],[65,-24],[184,-22],[31,-56],[52,-16],[-32,-40],[44,-33],[59,38],[111,-14],[129,14],[52,30],[-67,96],[26,30]],[[54166,46145],[-340,137],[-110,55],[-332,181],[-94,17],[-23,-34],[-94,-7],[-105,-20],[-154,13],[-55,24],[-21,79],[-91,-45],[-66,7],[-89,40],[12,38],[-89,-10],[-67,8],[-53,42],[-57,-3],[-83,-43],[-122,12],[-34,20],[-32,58],[-43,13],[-151,-7],[3,-65],[-56,-43],[-148,-17],[-121,41],[-183,42],[-235,24],[-40,-18],[-160,-32],[-89,65],[-66,2],[-16,32],[-60,14],[-43,35],[-21,63],[-179,94],[-77,22],[-87,-7],[-15,43],[-51,21],[-38,-26],[-49,5],[-30,-23],[-54,33],[-84,9],[-77,-30],[-122,18],[-13,29],[-70,52],[-96,-5],[69,-65],[-98,-1],[-208,113],[-33,2],[-86,39],[-27,57],[-165,-32],[-191,-89],[-74,50]],[[51848,50019],[-18,-76],[130,-37],[26,-68],[69,-92],[48,-32],[3,-94],[-20,-86],[-214,-193],[-13,-46],[22,-42],[120,-114],[-1,-58],[47,-37],[125,-66],[103,-15],[77,6],[108,33],[145,121],[137,-88],[86,106],[-24,30],[66,94],[-16,17],[64,42],[220,43],[119,17],[100,-25],[99,11],[53,21],[-42,26],[4,32],[153,15],[34,13],[157,-106],[147,-52],[-15,-42],[96,-33],[45,-31],[146,-37],[102,-50],[110,-83],[196,-220],[88,-77],[75,15],[21,35],[180,23],[-3,79],[-46,70],[122,67],[-13,104],[-33,51],[-197,222],[-60,47],[-20,42],[-48,-1],[-7,94],[15,83],[223,46],[365,135],[179,13],[197,33],[168,64],[59,31],[109,109]],[[54850,54682],[143,-47],[177,-6],[78,-13],[61,-38],[2,-41],[43,-20],[120,-2],[17,113],[28,12],[81,-6],[35,-93],[77,6],[45,-53],[-38,-93],[46,-57],[-62,-31],[-66,-136],[11,-53],[-10,-50],[-151,17],[-56,-3],[-1,-35],[-51,-40],[5,-46],[83,-86],[-23,-43],[119,-48],[72,-58],[-20,-39],[71,-44],[45,24],[53,60],[37,14],[61,-15],[66,62],[17,37],[-3,55],[-75,106],[46,35],[44,109],[33,43],[112,62],[109,79],[106,-35],[145,41],[21,-21],[-13,-48],[18,-22],[111,-12],[-1,-107],[70,-11],[-35,-48],[-149,-42],[0,-53],[117,-49],[81,-68],[103,47],[48,-24],[-39,-99],[-56,-19],[-47,40],[-142,-11],[-104,-23],[-67,-62],[-42,-84],[-33,-10],[-66,-82],[53,-79],[3,-42],[51,-48],[61,-25],[25,-33],[50,-157],[122,-59],[42,3],[27,43],[57,-19],[89,65],[53,-69],[-50,-35],[36,-25],[84,-15],[48,33],[139,10],[52,-24],[65,-9],[21,54],[120,10],[-35,36],[-16,52],[18,97],[-59,42],[10,57],[-88,48],[-17,39],[-44,25],[51,60],[55,34],[17,-50],[34,-31],[137,-41],[28,6],[143,-69],[181,-59],[93,-81],[56,-13],[34,-48],[-53,-64],[209,-34],[53,-54],[64,-15],[16,-35],[69,-9],[0,-39],[143,-31],[-58,-52],[-57,-78],[-88,-100],[-36,-73],[-2,-47],[21,-67],[55,-35]],[[31886,49473],[-109,81],[-107,101],[-71,40],[-197,12],[-58,35],[32,76],[163,124],[58,55],[62,77],[8,59],[-29,68],[-157,117],[-128,50],[-384,60],[-210,5],[-66,12],[-100,87],[-7,29],[40,69],[61,51],[9,53],[-103,103],[-265,111],[-113,53],[-120,112],[-62,49],[-57,20],[-151,-16],[-167,-44],[-75,-14],[-98,-33],[-45,-3],[-74,-27],[76,-31],[0,-27],[-83,-53],[-177,-38],[-72,9],[-48,21]],[[29062,50926],[-96,48],[-92,6],[-130,-5],[-49,8],[-10,34],[33,77],[-2,46],[-32,41],[-114,67],[-73,27],[-198,118],[-176,114],[-17,80],[10,64],[-24,41],[-126,55],[-53,38],[-22,58],[-15,110],[-31,42],[-80,44],[-59,17],[-130,18]],[[27576,52074],[100,97],[57,5],[18,41],[86,-12],[22,40],[99,4],[32,53],[5,49],[54,51],[69,167],[-89,-1],[-52,-14],[-111,31],[53,63],[-33,51],[80,10],[93,-16],[29,25],[61,-7],[113,19],[27,13],[-8,85],[8,114],[-59,2],[-8,48],[38,15],[5,96],[16,65],[78,131],[2,20],[62,116],[-23,18],[36,68],[-39,13],[18,79],[82,6],[12,51],[78,85],[153,50],[-3,106],[-14,35],[23,45],[-2,143],[12,18],[123,57],[19,63],[52,-5],[36,34],[-14,37],[-86,27],[65,92],[0,41],[-48,36]],[[28903,54534],[10,53],[33,12],[61,-18],[70,2],[43,57],[-34,65],[8,34],[3,159],[232,-17],[258,-41],[61,-34],[57,-53],[136,-142],[111,-108],[36,-23],[109,-37],[293,-126],[165,-81],[228,-134],[114,-78],[203,-128],[94,-51],[374,-144],[219,-73],[10,-41],[373,-131],[253,-79],[93,-22],[181,-7],[247,-20],[58,-10],[23,46],[147,-43],[144,-26],[9,-55],[250,-36],[35,1],[176,106],[94,8],[196,-31],[101,-7],[238,10],[106,-8],[271,-31],[85,3],[108,22],[34,53],[106,49],[218,-50],[-27,-40],[152,-36],[184,9],[219,38],[431,31],[69,17],[150,71],[163,97],[174,36],[96,57],[-7,84],[22,1]],[[38064,56986],[20,19],[-28,88],[108,17],[122,45],[142,126],[84,64],[91,51],[134,89],[84,95],[50,78],[32,91],[11,101],[-13,113],[-85,104],[-32,65],[-22,91],[8,118],[-8,107],[1,131],[68,109],[19,57],[-46,42],[-174,61],[-77,77],[-42,117],[-51,32],[-107,-25],[-145,-25],[-61,-1],[-92,45],[-52,66],[0,31],[74,61],[77,31],[268,33],[-30,109],[-70,197],[-82,160],[-20,71],[-93,237],[-47,200],[-21,165],[4,111],[21,61],[76,119],[31,124],[7,112],[-27,106],[-9,83],[-34,69],[-59,62],[-180,108],[-54,83],[-20,76],[2,50],[31,99],[-7,95],[-35,94],[-43,57],[-147,94],[-171,71],[-45,34],[-43,61],[-8,66],[31,104],[26,33],[197,142],[41,49],[24,102],[-9,92],[-60,166],[43,5],[203,-14],[-48,31],[-44,65],[54,10],[-44,71],[-83,48],[-125,30],[-17,-38],[-49,-14],[-49,74],[-102,206],[-36,60],[-22,87],[-1,85],[35,84],[130,181],[-10,7],[-235,-1],[-9,78],[0,110],[20,24],[-34,51],[45,22],[36,-11],[70,22],[117,111],[68,85],[-50,17],[-118,-64],[-50,30],[17,63],[51,61],[57,41],[2,27],[60,63],[2,26],[-47,100],[-78,-13],[-28,13],[-14,49],[-39,42],[-78,8],[-94,49],[-64,1],[-42,72],[72,59],[66,8],[119,-46],[27,33],[0,53],[25,70],[-76,27],[-7,51],[41,2],[-11,62],[263,-10],[71,14],[12,28],[119,5],[-13,158],[-25,112],[23,74],[89,65],[117,45],[210,101]],[[38121,65917],[42,-39],[77,-19],[187,-11],[79,18],[83,-12],[-38,55],[16,45],[40,27],[109,14],[14,42],[-114,20],[24,45],[-56,35],[50,33],[85,-63],[26,41],[73,65],[126,-15],[17,25],[-112,93],[14,49],[45,17],[90,72],[-9,24],[-71,42],[2,47],[81,30],[103,-36],[22,86],[105,26],[2,111],[175,-86],[30,-2],[11,76],[-20,26],[-104,61],[-79,95],[14,29],[87,9],[6,45],[-77,38],[-11,64],[37,24],[132,9],[35,-15],[127,-16],[80,10],[83,30],[60,42],[-50,46],[-28,61],[5,57],[50,58],[146,138],[49,75],[111,-58],[91,-22],[76,10],[100,47],[20,50],[44,18],[0,72],[-16,59],[-99,189],[-37,32],[-191,111],[-49,19],[-26,56],[0,72],[35,122],[-38,86],[8,108],[72,84],[-18,70],[150,-12],[15,-38],[63,-43],[64,-22],[56,9],[89,-29],[-7,48],[-55,42],[51,19],[51,-74],[40,-27],[95,-2],[31,39],[1,40],[63,29],[18,34],[65,-2],[123,-32],[-25,40],[11,56],[-91,68],[6,26],[80,-25],[73,1],[121,34],[24,44],[55,-10],[-24,-58],[74,-38],[29,-39],[43,-119],[134,-13],[72,18],[137,-21],[36,-33],[45,-84],[-90,-33],[80,-35],[0,-20],[88,-95],[19,12],[98,-62],[131,-4],[20,41],[117,-13],[55,60],[66,-33],[65,29],[-12,61],[25,73],[71,19],[5,37],[54,11],[-26,64],[36,26],[237,14],[56,41],[77,26],[26,75],[66,-9],[7,38],[53,68],[19,71],[-33,45],[-9,69],[47,52],[128,42],[16,27],[172,-8],[235,-53],[58,49],[73,33],[148,28],[135,-9],[51,58],[61,24],[87,2]],[[44299,69430],[65,-29],[86,-104],[70,-25],[16,-65],[67,-51],[30,-48],[-14,-62],[44,-46],[-28,-39],[110,-22],[-16,-79],[-124,-1],[-46,-141],[37,-111],[93,-8],[293,-2],[204,13],[240,9],[108,-63],[-29,-35],[-2,-89],[-107,-150],[39,-87],[64,-42],[-20,-64],[77,-71],[14,-38],[-11,-49],[-39,-75],[41,-61],[62,-32],[22,-47],[46,-47],[30,-102],[-14,-24],[26,-59],[33,-130],[-40,-32],[20,-84],[107,-48],[30,-72],[-47,-63],[16,-82],[44,-75],[-35,-55],[-57,-124],[-106,-2],[-17,-57],[-67,-76],[-22,31],[-69,-9],[-10,-35],[6,-142],[-48,-115],[-53,-59],[114,-92],[207,-231],[138,5],[79,-17],[16,-36],[-81,-47],[-24,-34],[175,-373],[70,-117],[48,-27],[130,21],[-12,-70],[55,-92],[82,-161],[20,-6],[61,67],[53,22],[64,6],[59,-34],[22,-59],[72,-47],[51,-13],[39,15],[68,-41],[81,-1],[132,-49],[6,-29],[-134,-71],[19,-69],[78,-29],[85,40],[73,-25],[58,-66],[84,-33],[47,-84],[75,-60],[153,12],[40,43],[45,-35],[46,-3],[86,-55],[-84,-23],[-42,-37],[-96,-20],[-40,-48],[-154,-67],[-31,-100],[-24,-7],[-252,-4],[-11,-16],[9,-87],[25,-85],[157,-45],[1,-74],[35,-118],[-1,-43],[53,-21],[3,-29],[44,-27],[5,-30],[113,-134],[147,-54],[72,-50],[62,18],[71,-9],[-91,-283],[-38,-82],[-91,-251],[-77,-179],[-105,-296],[20,-100],[65,-73],[2,-52],[176,-39],[111,11],[4,-117],[37,-54],[99,-85],[59,-138],[25,-78],[-18,-130],[61,-46],[90,-91],[351,-20],[0,-32],[58,-33],[51,-10],[-21,-34],[39,-45],[45,-10],[105,10]],[[40701,22744],[-244,-38],[-57,-35],[-13,-51],[66,-142],[102,-254],[70,-249],[12,-131],[-3,-121],[-12,-128],[-48,-158],[-24,-167],[9,-100],[24,-107],[61,-182],[30,-149],[30,-198],[6,-130],[0,-332],[-20,-338],[-21,-50],[-418,-44],[-201,-4],[-316,19],[-439,47],[-267,70],[-196,78],[-243,186],[-298,167],[-166,82],[-376,138],[-123,52],[-117,61],[-149,132],[-127,-167],[-137,-246],[-117,-180],[-192,-360],[-238,-324],[-158,-140],[-254,-162],[-243,-110],[-173,-59],[-193,-52],[-183,-22],[-193,-7],[-230,73],[-188,91],[-185,109]],[[34549,19112],[3,35],[-74,100],[-232,174],[-181,130],[-361,225],[-323,233],[-263,234],[-136,259],[16,263],[75,200],[96,205],[180,233],[195,386],[-249,232],[-275,236],[-104,164],[-54,152],[-4,215],[48,161],[85,218],[101,341],[168,423],[282,532],[224,368],[93,316],[-6,242],[-77,219],[-295,351],[-451,442],[-91,184],[4,140],[241,172],[349,188],[360,161],[3,231],[-100,180],[-1,199],[160,253],[240,215],[297,333],[132,171],[43,120],[-39,338],[-72,292],[-154,388],[-229,324],[-204,313],[-112,467],[-87,447],[-105,335],[-103,230],[-78,144],[-77,190],[-30,91],[-52,110],[-54,69],[-331,324],[-158,119],[-65,39],[-66,62],[-49,68],[-7,128],[18,76],[63,112],[75,84],[89,72],[267,118],[-22,69],[-94,132],[-41,99],[18,133],[113,50],[57,38],[33,60],[-4,66],[62,25],[177,-123],[26,-28],[108,-42],[109,-8],[1,52],[-43,124],[-80,95],[-74,52],[-40,47],[23,29],[133,9],[162,25],[180,87],[190,8],[30,51],[-20,90],[-59,22],[-85,-15],[-105,-2],[-60,31],[-54,107],[67,59],[73,23],[76,-51],[63,36],[35,60],[14,59],[-9,64],[-31,30],[-11,56],[40,52],[145,135],[67,95],[-8,56],[-35,40],[73,69],[-11,135],[114,2],[83,19],[8,-21],[65,-26],[59,-43],[84,-27],[28,-56],[35,54],[58,-7],[76,15],[1,60],[106,21],[27,-84],[34,-44],[1,-71],[-36,-34],[26,-36],[2,-46],[177,23],[47,57],[-25,18],[-30,222],[40,4],[101,47],[-20,46],[46,71],[55,158],[11,63],[37,20],[-7,51],[189,-67],[22,132],[-30,18],[24,71],[-26,27],[42,52],[49,12],[-2,34],[128,2],[109,30],[68,-6],[179,44],[109,58],[33,-10],[66,44],[22,85],[67,98],[-13,28],[43,102],[13,59],[-51,21],[-46,45],[-37,89],[-35,-3],[-111,25],[-79,81],[-41,7],[-61,95],[-13,77],[68,38],[86,-5],[54,33],[40,44],[59,11],[93,-70],[40,53],[61,24],[33,42],[-46,51],[-106,4],[-35,36],[42,21],[299,51],[53,63],[-21,40],[-151,20],[-7,39],[60,53],[208,112],[143,97],[15,56],[-35,17],[-63,-6],[-63,-32],[-66,-50],[-64,-24],[-42,35],[36,78],[73,50],[186,114],[61,110],[20,19],[137,72],[71,125],[9,35],[-15,78],[-30,26],[-1,55],[63,40]],[[37382,39350],[73,-44],[57,-20],[51,9],[37,70],[19,78],[35,53],[90,50],[232,61],[122,-11],[35,-28],[-19,-40],[-114,-103],[-30,-52],[76,-71],[150,9],[80,21],[150,75]],[[21581,51582],[-84,5],[-59,-82],[-6,-48],[-49,-162],[23,-33],[-3,-57],[-24,-53],[25,-22],[-6,-104],[-37,-40],[16,-86],[112,-174],[-10,-44],[-48,-69],[-27,-82],[-5,-57],[-66,23],[-15,-31],[57,-29],[47,-72],[15,-139],[-36,-41],[-53,-29],[45,-43],[1,-37],[-51,-45],[52,-57],[-54,-25],[23,-26],[-40,-78],[-13,-64],[-43,-16],[-196,-135],[-113,-70],[-41,-48],[-32,-92],[10,-35],[68,-28],[-27,-54],[-46,-28],[-60,-8],[-56,-126],[-83,-26],[-21,-32],[48,-65],[-28,-43],[41,-18],[-32,-54],[-57,19],[-87,58],[-95,-11],[-70,18],[-42,27],[-111,-26],[-46,23],[-83,-4],[-93,-65],[-44,-114],[74,-34],[77,71],[70,-9],[66,-59],[116,-61],[-29,-25],[41,-43],[-1,-41],[-29,-46],[-69,-44],[-90,-13],[-48,-56],[-86,-38],[19,-25],[11,-78],[-40,-57],[-26,-99],[31,-70],[-2,-83],[-20,-62],[40,-102],[-34,-93],[-125,-112],[-54,-28],[22,-49],[3,-78],[-54,-18],[-89,15],[-21,-21],[-10,-74],[45,-46],[-3,-86],[-64,-13],[-97,-37],[-90,-52],[-17,-48],[48,-10],[103,37],[74,39],[106,22],[117,-5],[95,-36],[49,-62],[-4,-92],[-82,-43],[-124,50],[-41,-39],[27,-42],[-26,-81],[-30,-23],[51,-55],[0,-31],[-50,-8],[-154,34],[-32,-17],[-102,61],[-125,12],[-54,-22],[3,-31],[75,-3],[51,16],[43,-22],[16,-118],[-53,-35],[-68,-9],[-197,14],[-46,58],[-47,30],[-105,-11],[-142,-94],[-24,14],[-77,-4],[-57,32],[-70,-40],[-10,-82],[-60,-73],[3,-107],[-37,-3],[-52,-80],[-57,-38],[-25,30],[-47,5],[-40,-23],[16,-53],[-23,-45],[-68,5],[-94,-20],[17,59],[37,58],[-56,12],[-72,-132],[-55,67],[-68,31],[-123,1],[-62,54],[3,48],[-58,29],[-42,-61],[-26,-6],[-79,-75],[-80,-23],[-34,30],[-109,64],[-60,54],[-28,-33],[-93,1],[-58,-91],[-39,-5],[-49,-36],[1,-33],[-45,-36],[-96,-22],[-64,24],[-24,97],[-87,12],[-70,-1],[-38,-18],[-55,-70],[-22,-57],[-95,-77],[-40,6],[102,105],[-52,46],[-124,-79],[-60,-6],[-78,-35]],[[16162,46018],[-82,43],[24,23],[-32,50],[41,32],[18,51],[-44,15],[-68,65],[-75,9],[0,42],[32,33],[-17,27],[-73,25],[-8,62],[36,33],[61,6],[75,30],[73,58],[-20,47],[-45,38],[-62,11],[-19,22],[31,58],[13,65],[77,21],[27,42],[-28,51],[54,31],[-12,85],[67,190],[63,6],[56,-33],[25,19],[60,-59],[115,-29],[11,-46],[47,12],[52,68],[90,-5],[72,10],[-17,35],[-63,15],[36,47],[-26,147],[24,53],[-53,43],[13,22],[-31,49],[90,94],[39,72],[99,18],[44,21],[-13,50],[-54,11],[-3,39],[64,71],[-32,54],[36,48],[-123,61],[-83,-8],[-48,-60],[-93,-2],[-12,69],[-115,-34],[-125,-26],[-39,-19],[-15,-77],[-24,-33],[8,-46],[88,-46],[41,-80],[-83,-5],[-72,27],[-125,137],[-88,-24],[-9,-58],[82,-59],[6,-45],[-40,-8],[-86,7],[-161,64],[-61,-14],[-130,147],[-96,52],[-56,41],[-20,37],[-14,95],[-147,139],[-104,-18],[-51,-46],[-85,9],[-56,61],[-82,64],[-56,-2],[-74,-25],[-89,32],[-8,60],[26,58],[-27,23],[-58,-31],[-25,14],[8,97],[-123,33],[-4,94],[-59,58],[-177,102],[-53,2],[-119,-26],[-149,44],[-4,65],[-123,57],[-9,52],[32,50],[-54,87],[-35,91],[-7,52],[-45,59],[52,55],[-20,23],[-90,48],[-37,63],[-105,-17],[9,54],[-27,64],[66,28],[47,66],[4,65],[-68,51],[-49,-5]],[[13482,49958],[-59,64],[25,42],[43,-12],[27,35],[89,5],[53,24],[8,32],[-59,37],[-21,44],[42,86],[52,13],[47,46],[-19,64],[-68,-16],[63,85],[31,-5],[65,72],[-8,61],[131,-12],[148,-62],[54,-7],[56,56],[60,-35],[75,10],[77,-14],[61,63],[23,100],[71,37],[68,-51],[32,27],[69,0],[15,124],[121,36],[41,-14],[120,27],[28,30],[87,22],[125,72],[110,40],[164,102],[68,-9],[55,70],[97,68],[-7,36],[69,38],[96,6],[43,-14],[246,7],[98,24],[83,9],[34,71],[28,28],[50,9],[48,48],[15,85],[63,55],[-43,15],[22,51],[-87,17],[-22,20],[14,46],[-4,124],[40,99],[55,-7],[50,43],[13,46],[-6,71],[-23,85],[40,64],[-2,40],[27,77],[-7,55],[35,11],[60,80],[55,-11],[9,-41],[91,-19],[143,46],[158,26],[51,-44],[72,47],[4,80],[35,144],[55,120],[71,110],[64,76],[43,77],[-5,59],[47,48],[203,56],[48,70],[2,70],[64,56],[63,24],[154,-20]],[[18204,53628],[11,-29],[62,-39],[144,65],[125,28],[146,-16],[189,-71],[73,-15],[62,3],[187,168],[50,-12],[43,-51],[34,-98],[132,-36],[63,-31],[62,-81],[1,-39],[-101,-113],[-19,-122],[-45,-103],[-89,-133],[-13,-48],[66,-30],[155,25],[97,38],[63,45],[82,98],[80,13],[76,-5],[-45,117],[157,-45],[50,-29],[59,83],[83,76],[191,12],[65,-16],[156,-110],[21,-35],[28,-143],[34,-34],[174,-22],[33,-42],[40,18],[125,-11],[149,-51],[33,86],[53,7],[15,-38],[-4,-65],[-27,-60],[-84,-98],[-101,-178],[-75,-74],[-31,-45],[2,-36],[48,-24],[139,14],[77,-16],[90,-93],[40,-80],[8,-117],[-62,-103],[32,-86],[168,-219]],[[26764,45994],[25,26],[117,-11],[40,-47],[127,-22],[82,-35],[-21,-37],[-51,-32],[-12,-52],[15,-64],[145,-45],[17,-39],[49,5],[-9,-106],[-12,-25],[70,-29],[65,-67],[105,-25],[-4,-27],[102,-22],[73,0],[0,-49],[115,-91],[0,-63],[66,4],[13,59],[51,31],[64,8],[54,-44],[26,-67],[62,-47],[30,-137],[-32,-98],[80,-22],[108,41],[65,37],[70,5],[35,-77],[75,-87],[26,-90],[-6,-63],[56,-30],[80,51],[121,55],[54,76],[112,12],[41,93],[62,23],[96,-34],[-11,-68],[27,-58],[-10,-70],[82,-10],[5,-18],[130,-11],[28,-27],[72,-29],[69,1],[67,-26],[-1,-28],[73,-5],[48,-66],[94,-40],[40,7],[95,-92],[98,11],[141,-82],[60,-46],[26,-51]],[[30344,44128],[-44,-30],[-39,-68],[0,-81],[35,-8],[40,-92],[3,-68],[92,-16],[-52,-27],[-25,-61],[-94,-16],[-8,26],[-94,-36],[26,-16],[12,-52],[75,-69],[-12,-60],[-38,-13],[45,-117],[15,-82],[-34,-73],[-14,-158],[41,-35],[-26,-99],[-43,-60],[-1,-50],[-65,-3],[-13,-63],[63,-22],[-3,-24],[-130,-12],[-19,-56],[47,-7],[20,-99],[-114,11],[14,-53],[-25,-61],[39,-24],[194,-66],[-36,-113],[-126,-7],[-25,22],[-65,14],[-70,-36],[-135,-1],[0,42],[-87,-1],[-32,29],[-167,-95],[-53,7],[-47,-25],[-84,-23],[125,-127],[82,-171],[-45,-50],[97,-113],[8,-83],[-33,-104],[-80,-146],[13,-19],[101,-50],[114,-14],[168,29],[73,-11],[124,-36],[123,17],[21,88],[35,7],[169,132],[-6,56],[91,108],[77,2],[44,26],[20,60],[49,57],[52,-20],[-26,-128],[25,-180],[5,-131],[-63,-91],[7,-83],[-15,-45],[52,-44],[147,-36],[48,20],[68,-33],[-19,-19],[-80,9],[-135,-6],[31,-59],[-26,-36],[-8,-99],[71,-36],[21,-48],[56,30],[58,7],[33,-90],[43,-83],[48,-24],[57,-76],[147,-46],[113,17],[39,30],[121,-7],[113,5],[11,29],[81,6],[79,-39],[0,-16],[121,-23],[105,-89],[2,-75],[44,-73],[17,-69],[178,-22],[84,0],[12,-48],[-46,-34],[165,3],[40,-22],[-31,-75],[62,-4],[-2,-97],[48,39],[39,-18],[30,-55],[22,-138],[20,-37],[158,-57],[40,-58],[96,7],[107,47],[21,44],[55,16]],[[33196,39599],[46,-73],[19,-78],[-2,-71],[-57,-29],[-57,-50],[-16,-59],[-128,-84],[-54,-54],[-46,-13],[-34,-33],[-98,-47],[-82,-23],[-127,-6],[-159,-60],[-37,-58],[5,-95],[-80,-76],[-74,-6],[-212,112],[-199,118],[-193,139],[-56,75],[16,79],[-5,52],[-38,100],[-81,159],[-95,113],[-72,69],[-91,56],[-46,89],[-50,154],[-53,38],[-75,19],[-65,-4],[-101,-36],[-86,-13],[-79,1],[-36,-21],[-17,-44],[-60,-35],[-35,-71],[-73,-22],[13,-75],[1,-100],[-14,-52],[16,-46],[-24,-118],[-24,-47],[23,-79],[-43,-120],[-164,-47],[-193,-37],[-65,-48],[-57,-27],[-17,-63],[-66,-33],[-121,2],[-2,-50],[-27,-49],[51,-52],[-85,-15],[-152,-4],[-116,15],[-55,19],[-65,3],[-115,-13],[-53,-31],[-37,-54],[8,-67],[-34,-15],[-119,-15],[-88,0],[-270,-21],[5,-88],[-21,-84],[117,-26],[93,-135],[58,-122],[-31,-64],[85,-71],[5,-50],[46,-39],[-43,-83],[-48,-14],[-72,4],[-66,19],[-37,-90],[82,-96],[74,16],[94,-23],[28,-20],[6,-133],[-133,-10],[-30,-32],[44,-66],[-32,-64],[-5,-102],[29,-26],[-42,-67],[-78,-45],[-195,-17],[-202,-45],[-54,2],[-44,50],[80,46],[59,90],[-57,13],[-239,17],[-147,27],[-150,21],[-115,-4],[-27,52],[14,22],[133,-3],[68,17],[82,93],[-147,9],[-83,-6],[-65,17],[-49,88],[-48,27],[-66,2],[-34,-199],[-34,-15],[-134,60],[-51,33],[-49,-42],[-152,25],[-11,-67],[22,-107],[-70,9],[-54,26],[-68,3],[-27,68],[-48,1],[-20,-36],[-63,-6],[-36,-80],[-23,-10],[-35,-93]],[[26508,37149],[-79,-17],[-64,12],[-81,-25],[-3,-24],[-79,-21],[50,-39],[-15,-49],[-68,7],[-59,-15],[-30,-44],[-65,-7],[-59,11],[-35,-36],[-45,14],[-49,-9],[-73,-59],[-42,22],[-78,-18],[-31,-52],[-127,-50],[-62,15],[-129,17],[-18,41],[-141,-5],[-12,-67],[-85,7],[-15,62],[-56,60],[-33,4],[-86,-54],[-87,-212],[-59,-50],[-102,-44],[-135,-41],[-77,-4],[-60,30],[-30,48],[-12,73],[16,27],[66,18],[140,16],[58,20],[54,40],[42,99],[3,109],[-18,44],[-51,57],[-127,71],[-80,23],[-30,-17],[4,-68],[24,-62],[-44,-22],[-125,12],[-139,71],[-62,61],[-125,172],[-22,44],[-4,85],[20,57],[78,138],[40,105],[-21,49],[-107,79],[-78,44],[-119,48],[-75,54],[-23,55],[18,49],[103,120],[84,45],[28,-7],[122,-93],[156,-87],[120,-14],[58,8],[1,30],[-69,174],[-123,162],[-50,103],[-54,84],[-44,47],[-161,22],[-66,22],[-91,70],[-26,38],[9,31],[118,52],[2,29],[-85,13],[-53,-14],[-102,-60],[-103,-35],[0,-21],[145,-50],[37,-50],[-18,-72],[-67,-46],[-43,-12],[-100,6],[-54,13],[-211,98],[-71,53],[-58,89],[-123,-31],[-31,-30],[-9,-59],[-104,22],[-68,-17],[-89,26],[-133,-10],[-37,-53],[-61,3],[-72,56],[-6,70],[28,69],[-45,12],[-52,-35],[3,-50],[-47,-42],[-48,-90],[-82,11],[-74,46],[-160,77],[-68,49],[-75,71],[-90,21],[-150,-18],[-142,8],[-96,-26],[-83,7],[-41,-34],[-22,-65],[63,-39],[36,-88],[-11,-69],[44,-43],[13,-98],[-19,-23],[-163,56],[-45,29],[-130,8],[-12,-92],[-60,43],[-74,34],[-18,-23],[-81,0],[-38,-15],[-39,-79],[-115,3],[23,48],[-95,13],[-14,52],[-28,24],[-76,-36],[-35,-75],[-31,7],[0,-75],[-102,62],[-97,-21],[-104,14],[-23,63],[-43,-57],[-60,-42],[-87,3],[-34,58],[50,76],[-12,40],[-116,-37],[-35,-46],[-111,-3]],[[19268,38516],[-21,31],[-102,41],[-96,27],[-115,21],[-73,48],[-47,83],[95,42],[27,39],[7,132],[28,75],[-48,16],[-265,25],[-25,-8],[-64,-80],[-40,-6],[-88,52],[-70,-27],[-117,-113],[-33,4],[-21,73],[-40,87],[-24,107],[18,100],[35,79],[50,31],[175,60],[56,44],[-76,54],[-50,73],[-20,77],[2,56],[23,85],[-69,45],[-71,19],[-127,1],[-72,36],[-76,74],[23,34],[117,-48],[134,-25],[207,-6],[166,-53],[43,4],[48,42],[4,57],[-140,28],[-27,109],[30,44],[66,39],[11,42],[57,18],[19,63],[-20,21],[42,73],[36,38],[-7,41],[-58,2],[-64,24],[-61,40],[-17,42],[18,124],[-20,40],[17,65],[-21,8],[-13,69],[-101,36],[-41,69],[12,25],[-94,41],[44,23],[16,48],[6,90],[84,4],[19,52],[76,13],[-21,96],[-32,23],[-51,3],[-9,42],[68,33],[57,10],[34,30],[61,12],[47,-16],[24,31],[-15,65],[24,14],[174,-51],[78,52],[108,28],[36,77],[85,74],[3,51],[94,48],[0,34],[161,-2],[46,93],[-26,37],[32,69],[59,52],[163,-23],[-3,59],[30,37],[6,89],[-85,146],[111,-26],[10,41],[-21,52],[50,79],[53,9],[35,67],[99,-1],[43,62],[84,11],[13,17],[97,-4],[45,22],[15,95],[120,62],[60,13],[120,-15],[66,-17],[20,-71],[-7,-78],[62,23],[11,51],[-23,16],[63,66],[-21,26],[48,24],[58,122],[55,23],[-43,74],[-100,15],[-23,40],[34,42],[63,24],[73,-10],[49,-33],[48,-10],[65,17],[-46,34],[-95,16],[-70,35],[-15,42],[-60,-3],[-29,-78],[-28,14],[27,88],[-94,31],[-47,-12],[18,-57],[75,-74],[-15,-14],[-124,127],[-126,-60],[-41,-30],[-8,-37],[-49,-7],[-126,-51],[-79,-5],[-111,-70],[-109,-7],[-156,54],[-102,47],[3,58],[-90,23],[-87,-19],[-75,-58],[-36,-4],[-48,44],[31,41],[24,82],[-30,20],[-4,77],[-60,60],[-7,32],[-116,40],[-79,-45],[-210,-23]],[[18931,43707],[-14,45],[30,127],[-43,66],[113,33],[199,-15],[82,36],[71,16],[-15,61],[-47,24],[-77,-2],[-25,30],[38,26],[-14,48],[107,-4],[21,37],[58,-8],[19,65],[32,42],[-24,38],[-57,2],[-24,41],[-69,-1],[-60,47],[-61,5],[-45,-38],[-44,27],[6,40],[107,0],[115,13],[62,-22],[117,-6],[41,-38],[85,37],[112,16],[79,50],[-3,22],[155,-54],[99,-15],[91,11],[47,-45],[88,-14],[-14,-24],[151,-46],[87,48],[0,20],[87,47],[94,8],[29,22],[129,-17],[33,19],[49,-27],[38,19],[88,82],[-71,70],[-8,64],[-207,63],[-102,-3],[-70,19],[-27,39],[-90,6],[-61,62],[115,62],[5,58],[-43,48],[18,43],[-25,64],[-49,20],[-34,96],[42,37],[46,-3],[91,65],[96,44],[21,32],[86,43],[11,31],[136,-17],[93,6],[133,-4],[82,17],[85,-2],[53,-53],[140,43],[66,9],[50,37],[172,33],[139,39],[26,33],[-22,31],[-96,-2],[-51,16],[-34,33],[-52,82],[-54,17],[-83,-7],[-61,40],[-26,38],[24,27],[59,23],[88,3],[88,41],[126,21],[45,-10],[45,-50],[41,10],[134,-15],[-21,-95],[-40,-35],[18,-55],[48,-9],[98,6],[5,-16],[111,-22],[73,39],[68,-15],[21,24],[83,4],[50,31],[34,-33],[-14,-41],[49,-19],[40,-55],[-55,-29],[-33,-89],[-87,-17],[-80,20],[-20,-40],[-88,-14],[-26,-81],[-43,-30],[39,-45],[179,-69],[-12,-41],[24,-44],[58,-186],[3,-39],[-99,-32],[-116,-57],[-217,-162],[76,-68],[171,157],[77,46],[184,67],[121,27],[153,-2],[60,-17],[120,-50],[150,-87],[98,-80],[75,24],[63,-49],[10,-47],[-25,-74],[30,-27],[158,-74],[58,-20],[158,-29],[71,-37],[56,72],[225,-61],[47,8],[15,54],[8,117],[67,6],[60,-29],[91,-8],[55,-35],[101,18],[113,9],[-15,62],[34,50],[54,-6],[321,0],[272,15],[40,42],[20,69],[95,86],[-13,80],[-52,39],[21,116],[43,69],[31,80],[90,-120],[158,45],[39,45],[110,42],[128,-68],[56,20],[95,59],[98,3],[13,61],[28,41],[-101,86],[-98,18],[-56,86],[107,6],[14,-31],[97,-10],[134,37],[13,102],[-35,23],[17,72],[-33,52],[116,24],[23,64],[49,10],[11,60]],[[29062,50926],[1,-78],[165,17],[59,-14],[-36,-70],[-63,-84],[-41,-10],[-57,-72],[-33,-64],[-51,18],[-53,-26],[-4,-33],[-78,-78],[-45,9],[-7,-48],[48,1],[16,-45],[-41,-42],[1,-64],[-37,-79],[-19,-99],[-103,-34],[-41,-174],[0,-93],[-43,-16],[-14,-66],[-57,-80],[7,-14],[96,-17],[-17,-67],[1,-69],[-85,-101],[-35,-8],[-18,-49],[-83,20],[-107,-48],[-156,-9],[23,-35],[-47,-38],[6,-24],[-80,-103],[-68,-26],[-21,-82],[26,-54],[-87,-71],[-101,-8],[26,-39],[-21,-33],[-63,-157],[27,-28],[-13,-41],[65,-32],[7,-59],[-80,-80],[34,-27],[104,-41],[-38,-35],[-13,-54],[-130,37],[-21,-60],[-25,-19],[-11,-52],[77,-30],[48,5],[17,-67],[30,-29],[1,-51],[39,-92],[-29,-136],[16,-45],[-20,-32],[-89,3],[-12,-50],[24,-15],[11,-123],[-64,-23],[-87,-84],[-27,-50],[-58,-11],[-62,8],[-83,-78],[-14,-30],[-125,-46],[-33,30],[-66,-56],[-157,40],[-190,34],[-48,2],[-4,-113],[89,8],[79,-11],[0,-49],[48,-21],[91,-3],[2,-28],[-46,-64],[-45,13],[-56,-42],[-82,-16],[-109,-134],[133,-50],[-67,-74],[-143,-23],[-51,-23],[-4,-27],[72,-48],[-20,-57],[-113,-18],[-3,-36],[43,-16],[29,-48],[13,-88],[-63,-30],[-67,-1],[12,-61],[147,5],[85,-70],[64,-34]],[[18931,43707],[-54,-22],[-70,11],[-23,-49],[-184,60],[-50,29],[-279,-5],[-130,44],[-93,-47],[5,-28],[-45,-18],[-98,6],[-6,39],[-96,61],[-62,107],[-22,-5],[-106,-101],[-117,-64],[-57,19],[-5,44],[24,38],[79,67],[6,30],[-131,52],[-129,40],[-49,26],[-25,63],[-57,-24],[-10,-62],[23,-52],[-54,-75],[-38,-80],[18,-48],[-5,-61],[49,-51],[-5,-68],[56,-54],[-74,-29],[-85,-12],[-125,3],[-120,15],[-50,-23],[-50,59],[-84,12],[-38,-25],[-74,0],[-23,40],[-68,19],[-10,102],[43,14],[13,76],[-65,86],[-41,3],[-46,51],[-48,15],[-156,-11],[-27,-55],[-141,-25],[-94,55],[-186,50],[-62,9],[-112,36],[-121,60],[-139,19],[-12,18],[47,66],[18,84],[52,88],[2,50],[-25,13],[-93,1],[-88,27],[-59,50],[11,97],[-10,36],[-46,56],[-40,24],[-97,24],[-93,-18],[-27,25],[-14,154],[218,136],[39,35],[85,-10],[-28,-37],[-85,-31],[-27,-43],[48,-30],[115,37],[113,-34],[-25,-90],[58,-14],[88,21],[48,50],[-15,76],[6,83],[-23,113],[91,25],[35,-31],[-57,-71],[44,-71],[66,-43],[61,-21],[86,-10],[83,31],[19,35],[-5,60],[15,49],[66,83],[0,27],[-73,44],[-50,53],[-62,3],[-146,-17],[-25,26],[39,49],[20,90],[60,77],[13,40],[-29,35],[-88,8],[-27,71],[55,33],[115,-46],[82,-25],[54,30],[-58,51],[5,21],[76,31],[11,82],[56,21],[60,-11],[73,-35],[44,1],[57,32],[79,72],[4,28],[-36,61]],[[21581,51582],[89,-107],[137,-90],[81,-33],[89,-16],[83,11],[30,17],[76,78],[72,97],[96,94],[28,58],[-43,34],[-257,73],[-20,28],[24,29],[84,35],[66,13],[57,-8],[101,-91],[61,-33],[86,-10],[119,41],[71,33],[131,43],[10,39],[-108,49],[-95,20],[-75,53],[-44,83],[-46,117],[-111,148],[-16,41],[4,78],[39,49],[102,55],[123,24],[110,-12],[21,-79],[-59,-139],[51,-34],[104,13],[101,28],[72,-1],[10,-42],[-23,-116],[1,-54],[66,-29],[91,-7],[95,-29],[43,-130],[7,-74],[54,-63],[52,0],[69,29],[41,39],[73,98],[96,-1],[41,-21],[45,-70],[-10,-98],[-34,-58],[-65,-68],[-31,-56],[-8,-78],[81,-196],[44,-35],[38,18],[81,148],[-55,85],[5,71],[33,26],[98,25],[-9,81],[188,9],[55,62],[100,-17],[19,-41],[289,-5],[23,73],[22,154],[50,-1],[105,20],[-27,26],[31,35],[113,7],[9,60],[60,40],[73,-6],[50,21],[96,-7],[61,-40],[147,-13],[26,-18],[91,44],[65,9],[90,104],[99,4],[-4,58],[50,43],[128,24],[63,-30],[120,-16],[11,-22],[69,-4],[33,64],[101,1],[25,14],[68,-15],[14,66],[157,2],[114,-90],[60,-60],[135,-195],[63,-20],[120,0],[186,-84],[81,-9],[116,4],[77,18]],[[34549,19112],[-17,-187],[-81,-224],[-82,-140],[-17,-117],[58,-122],[133,-155],[76,-73],[154,-176],[101,-164],[-445,11],[-1605,-15],[-714,260],[-232,218],[-284,-163],[-333,-92],[-745,-73],[-384,0],[-385,-19],[-410,-3],[-384,14],[-256,-20],[-283,71],[-180,156],[-28,11]],[[28206,18110],[8,13],[-96,115],[-40,368],[-60,408],[-42,586],[-98,491],[-41,436],[17,300],[150,191],[225,178],[245,151],[377,97],[301,137],[18,191],[36,164],[-58,272],[-172,245],[-266,231],[-361,298],[-210,190],[-325,449],[-344,489],[-115,218],[0,41],[75,109],[188,110],[94,82],[-1,164],[-171,81],[-132,-28],[-170,-69],[-331,-111],[-34,24],[-13,72],[111,301],[148,382],[75,164],[263,260],[226,178],[264,165],[75,109],[112,137],[-17,97],[-31,12],[-70,70],[-94,69],[-104,104],[-32,87],[17,37],[72,80],[24,100],[-25,37],[-104,89],[-178,101],[-139,129],[13,92],[96,75],[66,33],[169,40],[142,63],[58,37],[38,48],[7,77],[-15,47],[-31,17],[-125,27],[-156,-5],[-155,-31],[-153,-20],[-62,2],[-69,32],[-46,50],[-37,261],[-24,67],[-32,32],[-139,91],[-335,295],[-52,50],[-22,79],[45,64],[129,-12],[199,-42],[71,4],[46,32],[22,59],[-24,71],[-63,111],[-123,279],[-48,22],[-139,-32],[-154,-68],[-50,-11],[-143,-8],[-32,13],[-37,69],[4,72],[32,28],[182,65],[123,50],[50,38],[49,123],[-19,87],[-25,34],[-189,175],[-76,104],[-45,97],[5,118],[54,134],[35,63],[38,39],[211,20],[60,61],[-79,111],[-8,37],[23,41],[54,19],[301,47],[240,61],[34,33],[-42,55],[-357,129],[-99,48],[-101,61],[-89,89],[-77,148],[-12,91],[4,181],[-15,109],[-41,63],[-56,58],[-62,42],[-79,72],[-39,56],[1,92],[53,64],[50,85],[69,77],[184,25],[125,24],[49,39],[26,58],[60,194],[9,184],[-33,52],[-126,71],[-71,9],[-143,-2],[-57,7],[-37,47],[17,77],[37,45],[61,12],[218,0],[44,27],[-21,48],[-36,34],[-235,120],[-78,55],[0,53],[41,42],[60,35],[39,55],[2,112],[16,42],[57,49],[140,-7],[37,-21],[52,-73],[39,-81],[1,-106],[-10,-37],[-50,-71],[4,-39],[40,-38],[105,-56],[196,-64],[151,-27],[53,45],[-176,38],[-76,22],[-26,59],[81,50],[87,35],[374,164],[39,48],[-60,37],[-148,49],[-177,46],[-147,30],[-167,76],[-180,54],[-13,29],[45,133],[12,69],[-17,96],[-41,39],[-23,91],[6,60],[-10,168],[4,137],[68,-4],[37,-48],[-18,-94],[10,-101],[-12,-79],[40,-19],[95,12],[108,-25],[80,14],[67,31],[86,-18],[86,-69],[166,-154],[49,-14],[110,85],[59,92],[4,49],[-29,84],[-62,37],[33,18],[-16,98],[33,65],[68,41],[127,-37],[70,-2],[118,22],[126,5],[-1,33],[-73,24],[76,88],[23,67],[-77,41],[-52,73],[-88,42],[-16,41],[13,45],[-55,33],[-75,0],[-85,75],[7,25],[-29,75],[36,87],[-54,86],[-44,26],[-159,56],[-14,22],[18,163],[-68,37],[28,61],[-120,35],[-28,71],[-62,7],[-43,-62],[-74,-30],[-85,2],[-46,23],[-72,9],[-32,-22],[-63,38],[-75,72],[42,95],[0,41],[-48,21],[23,76],[-93,39],[-45,-21],[-60,1],[-26,-58],[-145,14],[-61,61],[-8,49],[113,47],[49,72],[7,76],[49,42],[20,39],[-71,72],[-73,11],[-34,-46],[-48,19]],[[33196,39599],[92,97],[59,49],[168,-45],[213,-43],[67,-50],[-39,-49],[-2,-74],[124,-43],[33,-35],[68,-35],[50,-62],[85,-44],[80,-107],[171,-36],[-2,45],[27,87],[41,66],[38,86],[43,13],[73,-8],[19,-102],[0,-68],[111,3],[50,56],[85,-19],[49,37],[81,36],[61,-19],[33,30],[48,4],[34,52],[19,86],[-39,19],[56,54],[50,15],[179,-52],[30,-26],[66,26],[91,-6],[34,-89],[76,-23],[-11,-49],[123,34],[5,84],[31,23],[193,20],[156,-41],[77,0],[37,-30],[71,-21],[107,-1],[114,31],[54,5],[197,-37],[106,45],[25,-26],[-27,-27],[91,-38],[21,-39],[51,-33],[99,14],[44,31],[100,-20]],[[18204,53628],[-1,65],[52,110],[36,144],[23,42],[63,44],[107,30],[88,40],[60,65],[106,86],[1,67],[-46,50],[-142,22],[-113,0],[-119,-36],[-85,-54],[-59,-51],[-64,-18],[-105,4],[-77,30],[-171,102],[-21,35],[14,53],[35,17],[213,-35],[122,-10],[174,24],[83,51],[98,112],[40,96],[9,70],[-15,95],[-42,77],[-101,110],[-100,85],[-99,63],[-155,77],[-123,49],[-131,40],[-160,10],[-53,10],[-52,-27],[-83,-74],[-31,-89],[-58,7],[-53,40],[-68,100],[-41,146],[-5,85],[8,121],[-21,103],[-71,104],[-81,69],[-57,13],[-140,-7],[-128,-50],[-97,-80],[-38,-118],[17,-134],[-46,-56],[-57,-9],[-81,27],[-92,55],[-63,90],[-23,125],[-42,41],[-64,19],[-62,0],[-195,-55],[-158,-65],[-37,-5],[-81,20]],[[15546,55795],[26,19],[38,119],[-24,114],[11,56],[61,37],[90,19],[117,3],[194,-28],[71,-16],[125,-14],[9,63],[-96,124],[-39,72],[32,57],[-32,68],[-139,33],[-194,-17],[-123,-69],[-37,-57],[-76,-46],[-73,-3],[-69,21],[-11,45],[54,77],[8,73],[32,84],[53,44],[-8,91],[14,32],[63,59],[87,105],[-10,34],[-116,23],[-26,17],[-215,55],[-26,43],[-2,59],[23,13],[141,-9],[111,18],[-53,41],[-49,-24],[-50,8],[-57,60],[17,46],[51,35],[163,52],[-79,73],[-108,-26],[-51,9],[-62,57],[-2,41],[32,145],[81,171],[-1,153],[-86,69],[-90,8],[-96,-29],[-211,-104],[-45,-28],[-65,0],[5,152],[-11,65],[-36,40],[-66,-7],[-34,45],[59,111],[91,33],[101,-37],[42,9],[392,215],[430,244],[-41,56],[-47,134],[-30,60],[-177,127],[-30,50],[24,158],[27,227],[5,125],[23,124],[-3,139]],[[15553,60040],[27,-20],[195,-244],[46,-70],[79,7],[151,-119],[64,-85],[127,-121],[17,-50],[64,-123],[61,11],[118,-83],[69,-74],[-159,-117],[150,-90],[124,-58],[51,-33],[108,-41],[67,-74],[20,-41],[57,-31],[92,-29],[194,-49],[127,-20],[116,1],[220,13],[132,71],[35,10],[72,-38],[195,-132],[-25,-31],[45,-33],[17,-49],[60,47]],[[18269,58345],[104,-3],[238,61],[69,6],[6,-65],[-15,-87],[0,-90],[263,86],[145,36],[111,34],[105,19],[-15,154],[-61,2],[48,54],[57,20],[167,36],[51,1],[4,-38],[-49,-25],[-6,-49],[-44,-56],[10,-19],[75,-13],[166,46],[177,125],[197,-95],[185,-38],[538,-32],[181,0],[78,-9],[284,-69]],[[21338,58337],[62,-27],[81,-60],[71,-126],[79,-56],[78,-81],[16,-33],[10,-87],[63,-117],[-5,-68],[128,-295],[31,0],[59,-119],[76,-206],[23,-92],[145,-282],[131,-192],[17,-35],[109,-135],[34,-91],[74,-83],[124,-91],[86,-29],[147,-33],[136,-4],[142,-36],[-6,-147],[59,-9],[243,-9],[143,13],[259,-9],[198,1],[185,15],[82,-71],[-11,-12],[20,-97],[52,-3],[97,22],[36,-28],[164,21],[81,46],[52,75],[24,-3],[45,53],[-10,78],[-37,6],[11,49],[46,38],[-46,62],[29,107],[23,39],[198,-4],[65,9],[153,-8],[104,9],[102,23],[178,12],[5,-41],[-29,-207],[56,-24],[140,50],[71,18],[70,-14],[52,-30],[67,-13],[-35,-177],[-10,-120],[3,-103],[22,-82],[65,-24],[7,-31],[66,-37],[78,-10],[30,-56],[22,-88],[-10,-51],[77,-113],[54,-10],[26,-60],[-17,-31],[51,-127],[186,-120],[38,-8],[162,14],[181,-3],[146,-43],[143,-64],[194,-37],[26,-72],[115,-117],[251,29],[248,64],[155,65],[130,82],[85,-36],[9,-86],[98,0],[16,23],[65,-13]],[[34512,44959],[-133,-1],[-122,33],[-70,32],[54,83],[-42,38],[-337,-9],[-10,25],[-282,16],[-88,-71],[-170,15],[-86,22],[-13,-51],[3,-64],[-100,-86],[-244,-24],[-6,-38],[-89,10],[-31,-25],[-61,-10],[-39,-59],[-18,-54],[-75,-23],[-42,-36],[0,-104],[-57,-51],[-11,-61],[-61,3],[-58,26],[-42,70],[-89,29],[-47,37],[-52,3],[-131,-43],[-56,60],[-47,71],[-10,38],[-75,-5],[-120,22],[-59,-5],[-101,10],[-37,-50],[38,-71],[37,-104],[-79,11],[-141,49],[-49,-10],[-25,-30],[-46,0],[-50,-34],[-4,-59],[-30,-29],[-24,-117],[13,-40],[-67,-21],[-1,-56],[-45,14],[-27,-25],[11,-65],[-109,9],[-48,-23],[-194,29],[-101,-48],[-173,16]],[[13482,49958],[-28,-52],[-77,36],[-80,-8],[-38,-27],[-125,-38],[-33,-40],[-49,-9],[-83,23],[-61,-17],[-42,-32],[-87,1],[46,69],[-141,50],[-72,-29],[-10,-64],[-88,23],[-92,7],[-51,-12],[-48,18],[-59,-20],[-24,31],[27,79],[75,67],[14,44],[66,-7],[101,19],[-21,176],[41,68],[-23,42],[9,112],[-61,8],[-122,-34],[-207,-10],[-85,-40],[-194,16],[28,134],[-117,69],[113,142],[66,-12],[29,35],[59,35],[-11,78],[84,20],[-30,107],[48,44],[-42,144],[-102,18],[19,65],[-16,61],[12,32],[-27,69],[3,49],[-54,149],[2,27],[64,26],[-11,72],[26,1],[9,60],[-13,58],[29,31],[95,12],[-11,66],[55,-5],[-1,47],[-93,-26],[5,92],[51,2],[-45,134],[42,33],[23,66],[49,57],[51,13],[4,113],[-41,166],[-138,-7],[-89,32],[-41,-2],[-139,72],[14,37],[-77,26],[82,23],[67,-9],[127,-39],[52,0],[105,40],[93,61],[13,61],[-17,56],[45,16],[93,-9],[61,8],[50,27],[-19,73],[48,29],[-135,86],[33,54],[31,-44],[121,7],[50,14],[63,49],[10,47],[-44,55],[-188,78],[-58,29],[-50,69],[-4,44],[23,144],[28,70],[64,51],[-6,35],[-65,47],[-100,-7],[-88,-71],[-61,66],[27,47],[-44,63],[89,4],[57,19],[38,92],[63,44],[50,-17],[68,4],[31,-19],[108,0],[126,-104],[58,-4],[44,60],[-17,71],[8,37],[68,35],[110,25],[100,-7],[65,-34],[3,-32],[-36,-57],[23,-48],[59,-12],[75,14],[121,85],[40,0],[49,-35],[108,10],[64,-17],[47,-35],[79,40],[128,0],[8,31],[116,-20],[16,13],[-82,125],[13,54],[66,32],[191,26],[100,47],[75,49],[79,180],[257,-36],[13,60],[-33,122],[32,35],[78,7],[46,62],[144,-56],[42,47],[88,11],[77,-4],[45,-55],[110,10],[-8,-47],[70,2],[12,50],[38,20],[-52,130],[57,2],[-26,81],[56,14],[-47,71],[31,8],[147,-49],[-68,129],[30,10],[-52,90],[4,88],[62,36],[-33,33],[-72,-1],[-60,56],[1,93]],[[28206,18110],[-116,-197],[-663,-197],[-497,-120],[-830,11],[-643,27],[-498,-47],[-268,-135],[-560,27],[-209,209],[-476,437],[-251,212],[-366,351],[-419,470],[-122,168],[-238,186],[-88,62],[-62,72],[-36,59],[-23,109],[6,77],[24,82],[53,109],[36,52],[76,133],[97,203],[31,210],[18,242],[-6,118],[-59,102],[-126,109],[-151,117],[-100,112],[-18,54],[8,68],[3,164],[63,139],[25,92],[44,26],[165,49],[184,31],[144,15],[191,-23],[199,9],[39,17],[83,196],[37,117],[60,160],[2,38],[-43,177],[-12,146],[4,123],[32,191],[5,67],[62,31],[-44,190],[-71,93],[-301,259],[-77,29],[-62,131],[-72,41],[-82,93],[-43,66],[-163,459],[-11,84],[-22,81],[30,99],[44,85],[101,109],[158,123],[213,58],[138,92],[85,66],[122,73],[164,62],[105,57],[51,41],[41,86],[-5,45],[-36,47],[-51,26],[-63,8],[-74,-29],[-54,-40],[-132,-149],[-98,-11],[-59,40],[-102,192],[-24,60],[-52,43],[-25,77],[30,78],[50,30],[111,130],[32,76],[-2,51],[-26,64],[-137,117],[-319,232],[-80,53],[-76,73],[-51,67],[-67,119],[-13,221],[-41,134],[-57,29],[-80,-18],[-169,-82],[-74,-14],[-62,14],[-20,56],[129,103],[38,41],[-2,37],[-54,41],[-149,56],[-293,154],[-46,69],[18,88],[50,48],[129,29],[128,-2],[209,-59],[53,1],[46,21],[-7,47],[-52,49],[-82,51],[-69,63],[-83,103],[-216,150],[-32,16],[-161,-33],[-97,20],[-34,29],[-7,44],[18,131],[65,201],[-6,56],[-48,81],[11,43],[43,46],[-10,75],[-89,69],[-40,55],[24,74],[132,113],[41,74],[-18,34],[-83,59],[-193,99],[-134,104],[-12,43],[60,47],[152,54],[130,118],[57,31],[195,59],[26,31],[-14,30],[-145,108],[-65,56],[-11,84],[84,97],[24,41],[45,195],[-25,62],[-37,34],[-112,51],[-138,109],[-138,224],[-27,65],[-19,115],[5,92],[-58,270],[-48,117],[-126,204],[-68,57],[-153,21],[-116,44],[-196,23],[-114,38],[-121,23],[-88,34],[-70,51],[6,42],[61,20],[113,-8],[85,-28],[182,-15],[93,24],[-14,54],[-94,181],[-15,91],[15,44],[77,89],[139,77],[113,81],[94,84],[2,36],[-47,64],[-261,39],[-122,44],[-63,49],[-48,54],[-98,193],[-35,83],[-5,62],[56,71],[43,-18],[68,35],[-38,51],[79,37],[105,3],[58,47],[60,172],[0,81],[139,134],[139,-8],[12,62],[0,103],[-75,66],[-10,33],[-56,52],[-84,40],[-46,-19],[-153,75],[-283,131],[-59,159],[-143,52],[-64,88],[-7,61],[18,76],[37,62],[40,19],[18,56],[-82,38],[-70,-16],[-61,67],[52,34],[-6,36],[85,114],[47,25],[139,-15],[-26,166],[102,9],[8,46],[122,-23],[-1,81],[17,60],[74,20],[41,-17],[78,39],[95,74],[68,0],[105,-19],[23,18],[-4,105],[24,69],[-90,2],[5,64],[50,19],[57,44],[43,71],[9,133],[49,99],[46,143],[-3,22],[-116,135],[-42,39],[-51,22],[15,50],[-33,49],[-66,30],[-12,61],[-62,91],[-19,54],[-64,34],[-26,30],[-64,-13],[-59,-84],[-130,-4],[-100,-30],[-36,36],[-48,13],[-27,72],[-72,-12],[-40,-36],[-77,51],[-58,-23],[-43,16],[-19,89],[-26,45],[-53,20],[48,75],[-99,33],[-96,49],[38,46],[16,58],[-17,47],[-102,81],[46,30],[132,3],[81,38],[20,41]],[[38121,65917],[3,46],[-110,61],[-3,55],[-29,103],[-66,106],[-95,41],[-33,33],[-52,123],[-84,101],[2,46],[27,72],[-13,37],[41,12],[159,4],[167,28],[61,18],[-31,57],[-17,87],[9,197],[25,173],[5,127],[-44,78],[129,33],[180,95],[21,43],[-8,41],[-55,48],[-80,-4],[-51,19],[14,87],[-30,29],[-14,54],[78,60],[19,45],[-118,38],[-79,-24],[-26,71],[-74,41],[-40,82],[-74,24],[-25,117],[9,24],[74,9],[153,-1],[73,22],[17,78],[54,70],[-26,58],[-72,24],[-68,4],[-109,41],[89,77],[24,62],[3,69],[-18,83],[-52,85],[-154,99],[-284,-105],[-139,53],[-185,79],[-59,-55],[27,-45],[-113,-124],[-5,78],[-47,66],[-104,19],[-89,48],[-58,48],[-87,29]],[[36664,69316],[144,130],[112,124],[235,8],[132,19],[58,24],[-5,25],[-100,42],[-62,7],[-174,6],[-153,25],[-220,79],[-245,119],[-134,83],[-153,112],[-142,118],[-39,40],[-53,115],[-22,108],[-74,100],[-130,154],[-28,52],[-28,179],[-13,43],[-103,114],[-29,51],[249,73],[41,75],[60,18],[-6,29],[59,19],[106,-20],[-2,30],[-60,185],[-78,3],[-88,48],[-52,147],[31,156],[44,42],[34,58],[-3,69],[-43,119],[15,42],[-14,86],[-96,164],[-172,132],[-80,88],[7,251],[-28,115],[-58,134],[-58,95],[-68,133],[-70,179]],[[35108,73663],[152,63],[25,76],[-7,172],[-62,140],[0,134],[-104,17],[-83,50],[-71,107],[-49,23],[93,89],[33,64],[-1,68],[17,44],[100,3],[-8,126],[9,100],[-36,17],[23,110],[61,220],[5,63],[62,65],[49,33],[159,153],[-6,12],[130,120],[62,83],[18,130],[19,43],[120,181],[96,174],[49,57],[59,47],[79,91],[87,212],[47,44],[73,24],[127,27],[151,9],[385,-33],[62,99],[-16,58],[14,69],[47,49],[187,6],[53,17],[-21,150],[20,150],[44,34],[48,65],[21,67],[-9,26],[-112,166],[-122,113],[-28,71],[-13,92],[-15,185],[-104,6],[-35,24],[-118,202],[-40,123],[-64,70],[-70,119],[-67,15],[-6,50],[36,20],[204,87],[167,121],[49,13],[1,76]],[[37084,79164],[41,73],[122,47],[213,6],[278,31],[86,24],[35,22],[39,131],[32,221],[-25,77],[-30,25],[-117,32],[-56,4],[3,38],[57,73],[-45,68],[-111,18],[-18,82],[53,17],[108,-11],[222,-39],[89,-23],[71,-57],[58,-17],[66,-38],[385,-77],[263,-65]],[[38903,79826],[-16,-112],[42,-37],[-4,-105],[-47,-99],[-16,-81],[-67,-86],[-20,-45],[4,-77],[21,-56],[-13,-164],[13,-107],[42,-141],[22,-25],[60,-7],[76,-160],[67,-107],[90,-94],[51,-84],[27,-68],[-3,-115],[-81,-51],[-27,-83],[-110,-67],[60,-27],[64,2],[59,-32],[112,-7],[92,-44],[101,-2],[69,-47],[139,20],[142,-22],[55,5],[69,-22],[129,20],[56,21],[41,50],[84,25],[29,30],[22,62],[29,2],[79,80],[63,39],[173,46],[113,-12],[87,-43],[102,-8],[119,-55],[123,-5],[104,-27],[100,82],[34,-10],[45,-140]],[[41508,77836],[-145,-69],[-88,0],[-102,-18],[-16,-27],[7,-82],[14,-15],[-82,-84],[-23,-65],[-4,-104],[33,-21],[-10,-33],[-213,-1],[-48,76],[-65,34],[-140,-14],[0,-55],[-78,-68],[10,-108],[-15,-74],[1,-73],[27,-6],[-23,-120],[-36,-70],[-28,-151],[-101,-57],[-15,-26],[24,-38],[-105,-59],[31,-24],[-19,-47],[-15,-137],[-34,-113],[-34,-16],[8,-79],[-42,-69],[29,-47],[41,-17],[121,-23],[126,-1],[51,14],[47,-45],[128,-84],[-139,-108],[-77,-146],[-27,-84],[2,-47],[69,-8],[-48,-111],[-43,-34],[38,-68],[-3,-62],[-87,-7],[-8,-47],[47,-99],[9,-55],[-14,-39],[-46,-14],[83,-126],[84,-45],[64,-120],[214,-188],[12,-156],[-48,-40],[-11,-92],[81,-87],[12,-47],[56,-19],[31,-36],[68,1],[-133,-114],[-80,-57],[-166,-95],[35,-56],[-2,-53],[-26,-62],[-194,21],[-251,5],[-39,-85],[-4,-105],[-46,-92],[210,1],[33,-50],[-33,-85],[1,-42],[50,-91],[42,-51],[22,-98],[-56,-71],[10,-24],[92,46],[52,5],[7,-36],[78,-12],[40,-28],[34,-57],[60,-30],[-47,-51],[8,-150],[-11,-109],[-171,46],[55,-89],[-59,-26],[63,-41],[35,-3],[25,-48],[104,3],[81,-11],[18,132],[238,29],[100,-2],[65,-14],[115,-59],[-16,-28],[53,-90],[9,-85],[19,-48],[-11,-130],[20,-27],[120,-79],[103,-34],[202,-32],[111,-30],[10,27],[88,-35],[189,-57],[151,37],[168,26],[148,-133],[124,-39],[85,-17],[76,-1],[66,-19],[92,-10],[12,26],[93,-24],[3,85],[45,0],[97,56],[-67,-89],[14,-47],[50,-17],[103,4],[165,19],[10,29],[82,5],[89,-60],[98,-27],[62,-1],[63,-22],[17,36],[67,-11],[132,21],[116,3],[88,-28],[123,7],[142,-22],[128,25],[107,7],[106,-37],[56,18],[90,1],[64,-29],[12,-36],[72,-14],[98,-2],[132,42],[137,80],[36,-1],[69,29],[74,-4],[50,-47],[-40,-100],[167,-48],[92,-1],[34,-43],[156,13],[94,-19],[119,-64],[102,-33],[-1,-25]],[[46764,71078],[-34,-45],[16,-19],[167,-31],[20,-63],[-78,10],[-44,-53],[-45,-26],[-23,-93],[-40,-30],[-149,21],[-5,-45],[196,4],[96,20],[-18,-58],[71,-9],[28,-36],[-102,-23],[-62,2],[-20,-36],[-114,-20],[50,-32],[10,-80],[-13,-80],[-95,-12],[-65,-25],[65,-75],[-8,-35],[22,-49],[93,-26],[-31,-57],[-48,-9],[-70,54],[-60,-2],[-58,-34],[-78,37],[-66,-15],[-4,-37],[-56,-55],[-87,-47],[59,-13],[-95,-66],[-25,-37],[45,-28],[11,-73],[-74,-47],[50,-107],[-48,-81],[-120,-7],[-59,21],[-131,-48],[-46,-51],[11,-36],[-43,-83],[-112,-14],[-20,51],[-128,43],[-4,29],[-78,37],[-61,14],[-16,-33],[-56,-22],[-104,37],[-39,-33],[8,-39],[-75,10],[-68,-35],[-75,-5],[-121,55],[-18,37],[-72,41],[-71,8],[-214,-44],[-37,-20]],[[46764,71078],[177,-24],[166,-30],[203,3],[79,-7],[94,13],[77,21],[102,54],[57,98],[81,40],[-43,83],[74,122],[13,112],[85,174],[-32,42],[-84,15],[-3,39],[-104,28],[2,48],[-39,15],[-63,69],[15,65],[90,40],[118,-9],[57,-27],[88,-14],[122,17],[66,20],[-23,84],[-69,87],[-119,50],[-144,29],[53,82],[-103,37],[-66,-93],[-123,43],[-2,63],[-41,62],[1,29],[149,141],[-50,32],[35,44],[82,54],[34,38],[21,55],[33,154],[7,97],[-32,49],[-11,78],[-125,44],[2,61],[26,58],[-14,80],[-24,44],[6,42],[-37,35],[36,55],[56,13],[67,67],[4,35],[79,-16],[96,23],[39,67],[26,15],[-24,44],[110,70],[142,-52],[-27,-97],[-22,-33],[74,-49],[80,9],[99,30],[77,62],[64,8],[58,-15],[-1,61],[24,35],[67,17],[12,70],[130,-5],[-18,72],[-97,17],[-3,25],[42,51],[115,-2],[49,51],[176,-9],[56,12],[20,46],[87,21],[-33,37],[-91,-16],[-28,25],[16,58],[-71,2],[-88,-29],[-34,18],[-57,-31],[-28,-37],[-129,-67],[-60,62],[-64,25],[16,38],[-9,71],[-107,19],[-26,-26],[-107,15],[-35,24],[-122,14],[11,67],[72,6],[-20,80],[-35,7],[36,66],[8,100],[-18,59],[37,158],[38,85],[-52,-4],[-5,37],[77,5],[8,40],[-35,16],[17,58],[-18,20],[24,73],[-87,10],[-41,59],[5,49],[39,80],[-130,16],[-20,37],[56,32],[3,70],[43,89],[34,139],[19,46],[-12,50],[-34,39],[25,54],[29,13]],[[48338,76220],[121,-2],[161,-31],[100,3],[127,-29],[70,-26],[146,-31],[87,-5],[121,-30],[143,65],[132,-9],[90,25],[50,-1],[107,-44],[55,-36],[63,-73],[115,-88],[169,-91],[273,-116],[62,-43],[70,-26],[102,-12],[246,0],[121,-25],[138,-12],[115,5],[181,-104],[212,-66],[196,-28],[164,-51],[172,10],[34,119],[150,14],[94,15],[506,122],[56,49],[212,65],[24,60],[74,-2],[156,-27],[-19,53],[10,34],[191,-50],[140,23],[217,-5],[62,31],[148,-23],[142,20],[53,-52],[85,16],[100,-16],[58,25],[151,4],[59,-34],[64,42],[76,7],[89,-18],[70,52],[47,-12],[175,15],[12,-22],[78,-9],[25,25],[64,5],[37,38],[110,-73],[43,46],[22,-73]],[[55862,75813],[-33,-55],[24,-27],[-4,-40],[32,-21],[-25,-67],[48,-19],[-21,-46],[-70,-54],[17,-55],[-39,-80],[-112,-28],[-25,-26],[54,-32],[60,-15],[-7,-50],[35,-16],[-3,-40],[-75,-68],[-90,-12],[-16,-38],[57,-32],[-25,-39],[-62,-20],[-37,-34],[23,-90],[-62,-31],[29,-38],[70,-1],[14,-43],[-72,-70],[-66,-31],[36,-39],[-33,-53],[-123,-102],[-130,-62],[64,-14],[88,-103],[-83,-43],[-37,-81],[29,-41],[-26,-36],[40,-39],[132,72],[24,93],[45,1],[39,38],[80,6],[74,-113],[-45,-23],[-60,1],[-2,-59],[87,-9],[47,-22],[53,-92],[-96,-39],[-42,16],[-35,-30],[95,-20],[4,-18],[-98,-33],[-28,-122],[-25,-34],[38,-22],[53,1],[14,-28],[-83,-12],[7,-48],[91,-4],[8,-22],[-47,-33],[-58,26],[-135,-13],[-34,15],[-73,96],[-120,-123],[-40,-1],[-103,58],[-151,71],[-84,-10],[-68,-38],[-69,7],[-106,44],[-33,30],[15,27],[6,91],[-182,-59],[-30,-25],[-11,-94],[-37,-42],[-46,7],[-90,43],[-99,17],[-32,-74],[23,-47],[60,-19],[104,6],[45,-22],[26,-85],[-10,-100],[-54,-37],[40,-39],[-88,-19],[-22,40],[-102,30],[-90,101],[-49,69],[-36,110],[-49,22],[-37,-18],[-54,-94],[-71,-11],[-52,98],[-79,-3],[-2,-97],[-14,-82],[-69,-25],[27,62],[-89,-15],[9,-59],[-35,-50],[-65,5],[-7,-26],[-67,-28],[-58,-71],[16,-63],[205,2],[-6,-88],[70,-25],[-3,-98],[-50,-67],[29,-24],[63,7],[33,31],[56,-2],[-8,-68],[30,-65],[63,9],[45,-38],[77,46],[29,-34],[-106,-41],[-44,-85],[-13,-120],[-49,-20],[0,-174],[77,-25],[9,-81],[205,76],[20,57],[95,-32],[-50,-62],[17,-30],[-42,-22],[-70,-9],[50,-36],[63,25],[51,-18],[45,13],[82,-65],[108,-14],[-15,-39],[19,-41],[-101,-3],[-61,-36],[8,-20],[-67,-38],[39,-83],[-26,-24],[-17,-72],[104,-23],[-10,-49],[32,-18],[38,-62],[-69,-45],[23,-88],[-92,-25],[-39,-36],[31,-27],[11,-55],[107,-84],[45,-14],[139,23],[122,-41],[20,24],[81,29],[112,2],[60,-16],[-32,-31],[30,-25],[-28,-56],[16,-46],[57,-39],[-17,-50],[-6,-158],[9,-35],[76,-68],[-60,5],[-44,-24],[43,-61],[-22,-42],[-35,-16],[-2,-93],[105,-4],[45,-53],[56,2],[24,58],[58,43],[77,17],[59,-32],[65,-9],[10,-101],[-35,-18],[-38,35],[-58,-63],[-5,-40],[-70,-25],[16,-29],[-47,-48],[-46,6],[-145,-71],[-87,-58],[-8,-52],[32,-48],[91,13],[79,34],[77,87],[65,35],[47,-24],[-13,-80],[8,-55],[146,7],[167,-11],[60,-44],[146,64],[40,1],[16,-50],[42,-13],[-3,-47],[179,-30],[73,-66],[33,-95],[111,11],[40,41],[91,10],[127,-3],[19,-77],[50,-14],[34,-36],[128,4],[23,23],[97,4],[42,34],[174,56],[-23,30],[12,34],[112,-7],[80,-43],[32,32],[75,3],[78,-41],[122,35],[139,-37],[92,55],[114,-27],[11,-46],[45,-7],[-28,-70],[-90,-46],[-25,-55],[46,-38],[163,-30],[73,-23],[76,-60],[14,-52],[-28,-55],[-56,-32],[-93,-19],[-114,3],[-76,118],[-39,-12],[-56,31],[-104,-81],[-17,-37],[7,-56],[47,-67],[-31,-69],[-38,-17],[75,-40],[67,16],[81,-10],[166,-58],[64,-9],[25,-109],[139,-3],[12,-63],[40,-129],[-88,-26],[-15,-35],[-118,3],[-113,25],[-89,-105],[-69,-123],[-83,-15],[-56,-37],[9,-101],[29,-35],[-37,-103],[132,16],[120,-137],[-28,-29],[-68,-10],[31,-31],[-77,-44],[-19,-33],[-5,-69],[-35,-42],[82,-149],[78,-19],[56,-86],[129,-103],[81,-78],[53,-36],[34,4],[60,71],[73,-4],[-3,-67],[192,18],[48,-10],[25,-67],[27,-152],[24,-11],[106,14],[56,-12],[123,6],[61,-35],[42,-124],[12,-60],[-42,-17],[-25,-209],[142,-4],[88,-22],[132,10],[50,64],[-37,36],[16,32],[70,-32],[25,-51],[65,-52],[113,-31],[107,-8],[27,-56],[-5,-42],[29,-94],[-14,-35],[-55,-46],[-4,-34],[-85,-45],[26,-34],[107,28],[16,-43],[-49,-73],[86,-30],[37,56],[51,-9],[129,25],[30,41],[-57,23],[8,36],[57,-16],[70,-73],[69,6],[13,45],[-21,31],[97,23]],[[55862,75813],[61,21],[113,-1],[61,-15],[72,7],[53,37],[102,-25],[52,5],[-2,41],[-60,50],[36,60],[118,-46],[48,-6],[51,21],[41,85],[44,-1],[78,-27],[58,60],[16,63],[40,87],[28,-21],[-35,-36],[-8,-145],[40,-9],[10,-73],[-35,-17],[30,-55],[-20,-61],[39,-18],[-1,-93],[86,4],[28,36],[47,104],[97,-47],[161,9],[-92,-49],[33,-94],[44,-9],[47,19],[88,-23],[18,-43],[62,-11],[54,-44],[34,-8],[33,42],[-19,27],[64,21],[93,-6],[13,70],[47,31],[102,-8],[60,-61],[102,14],[63,-27],[12,-45],[40,-45],[78,-5],[48,-36],[25,47],[69,-23],[63,40],[18,32],[-45,35],[-69,12],[-64,-23],[30,71],[102,-1],[157,-34],[51,43],[114,28],[72,-9],[72,38],[-47,49],[63,34],[13,38],[149,63],[92,11],[141,66],[21,-66],[39,-9],[15,-38],[61,-3],[146,37],[81,-101],[125,-34],[24,-26],[-8,-72],[63,-22],[146,-21],[4,54],[87,-4],[11,-67],[53,3],[111,-17],[223,-13],[68,10],[61,-9],[53,-46],[111,-3],[76,16],[21,-19],[88,34],[41,-30],[102,44],[153,-7],[36,49],[53,1],[113,45],[112,-12],[66,3],[92,-12],[47,21],[92,-55],[59,-11],[334,19],[169,-8],[113,28],[72,5],[136,45],[73,5],[73,29],[125,22],[79,-8],[74,9]],[[63235,75800],[-51,-70],[93,-21],[75,-94],[-55,-30],[-7,-33],[-58,-56],[-46,7],[-10,-81],[-37,-9],[-133,21],[-28,-79],[-19,-109],[11,-39],[67,-2],[24,-72],[55,-11],[15,-54],[-51,-26],[35,-43],[-6,-58],[-48,-40],[-110,-42],[-25,-57],[52,-31],[35,-49],[93,-51],[185,-133],[137,-21],[30,-53],[-60,-33],[-13,-147],[33,-41],[49,-19],[9,-73],[-59,-35],[-89,-11],[-62,49],[-33,2],[-71,-49],[-59,4],[-49,43],[-54,16],[-91,98],[-68,28],[-109,-48],[-95,34],[-22,-32],[-83,1],[-10,-28],[96,-51],[-2,-52],[44,-59],[-2,-39],[-102,-12],[13,-97],[-39,-93],[23,-33],[54,5],[6,-39],[-34,-28],[4,-68],[110,7],[37,15],[164,-13],[115,2],[16,-42],[80,-64],[95,0],[64,-49],[-142,-33],[-91,25],[-105,-40],[-32,4],[-32,-43],[-132,-9],[-26,-28],[17,-31],[-65,-18],[-7,-92],[24,-70],[25,-22],[-12,-46],[96,-82],[144,10],[-19,-67],[12,-90],[-25,-37],[-61,3],[-1,-33],[-48,-22],[14,-41],[-26,-38],[99,-56],[-24,-113],[83,-16],[10,-52],[145,-9],[22,30],[71,2],[81,-33],[53,-49],[35,-83],[104,-37],[11,-86],[-47,-58],[-19,-64],[-118,-70],[-27,-37],[-170,10],[-70,-11],[-34,-24],[17,-58],[82,51],[44,-36],[-36,-32],[9,-55],[-11,-68],[32,-37],[-3,-72],[-49,-25],[2,-24],[81,-90],[45,3],[62,-40],[96,6],[21,58],[81,25],[76,-7],[104,21],[119,-45],[99,5],[72,-15],[1,-28],[47,-23],[1,-138],[27,-40],[16,-93],[52,-26],[104,-9],[78,54],[96,41],[22,-62],[129,-47],[-28,-37],[-74,-1],[15,-46],[61,-9],[73,45],[63,-19],[22,-69],[48,7],[18,39],[-5,75],[96,70],[19,37],[78,52],[-33,90],[70,32],[108,12],[107,-86],[57,10],[16,-40],[75,45],[183,-4],[55,-35],[51,-9],[65,38],[61,-35],[37,-1],[6,-52],[107,-79],[47,16],[25,-65],[65,-11],[23,22],[65,-20],[76,-51],[61,-7],[-5,-58],[42,-5],[107,-129],[-2,-33],[-76,2],[-22,-25],[-18,-69],[32,-33],[105,-42],[21,-103],[57,-43],[31,-77],[214,-28],[43,-24],[55,-69],[-68,2],[-73,-16],[-89,-86],[-28,-85],[-43,-35],[38,-40],[-65,-112],[48,-47],[8,-60],[50,-39],[7,-37],[131,-37],[10,-30],[127,-48],[-3,-37],[-34,-37],[29,-41],[49,-7],[193,74],[25,28],[2,52],[73,63],[47,24],[30,55],[53,6],[-34,50],[-35,85],[-38,29],[-103,49],[-5,35],[63,75],[100,48],[30,26],[8,52],[57,24],[73,-43],[30,-49],[118,-1],[-25,-59],[31,-20],[113,-18],[29,-120],[-17,-45],[30,-73],[-9,-88],[-28,-43],[-91,-55],[-117,-93],[-18,-42],[11,-34],[98,6],[87,-23],[28,-52],[16,-90],[-6,-45],[-93,-6],[29,-68],[-63,-44],[-101,-36],[1,-86],[-52,-17],[-87,39],[-178,-84],[-164,-61],[73,-14],[145,18],[69,-34],[-3,-83],[49,-19],[50,40],[67,-10],[31,-54],[-37,-89],[-77,-2],[-82,96],[-61,5],[-43,-38],[4,-80],[112,-106],[3,-53],[-186,-51],[-30,-19],[31,-50],[146,3],[145,-16],[55,11],[15,-37],[-32,-51],[58,-23],[49,1],[49,87],[79,94],[29,8],[126,-16],[183,-62],[29,-31],[133,-97],[68,-24],[59,-40],[19,37],[55,-5],[91,-64],[23,80],[115,-15],[99,79],[78,40],[-18,35],[15,46],[96,9],[83,-34],[9,-43],[-31,-41],[-30,-109],[0,-109],[-19,-38],[-105,-40],[5,-42],[63,-28],[88,2],[65,-53],[85,-23],[64,19],[54,-1],[24,-36],[-14,-134],[34,-47],[-120,-97],[-85,-26],[-202,54],[11,-65],[-30,-31],[57,-32],[146,-13],[13,-68],[-44,-128],[-60,-22],[-41,-60],[-42,32],[-74,-26],[-16,29],[-176,-9],[-48,-17],[-29,-49],[-7,-94],[-20,-100],[-27,-73],[-27,-26],[-66,26],[-71,-12],[-15,-27],[-72,-8]],[[41508,77836],[36,-31],[112,119],[120,34],[88,-6],[83,41],[187,-91],[46,-28],[75,-122],[14,-69],[-2,-76],[134,-24],[174,-41],[55,-2],[150,54],[170,-89],[37,8],[141,-38],[48,-83],[26,-20],[158,-59],[63,-33],[89,-17],[152,-7],[192,3],[79,-96],[216,-109],[86,-60],[161,-61],[177,-21],[58,-14],[123,-56],[84,-66],[127,-70],[182,-62],[105,32],[359,-23],[143,3],[300,-14],[139,-2],[142,-12],[237,-80],[58,-26],[110,-11],[40,-41],[73,-28],[63,-9],[177,-4],[156,-70],[141,6],[73,-38],[54,-56],[63,38],[109,32],[50,1],[179,-25],[124,-42],[177,-12],[117,-43]],[[36664,69316],[-206,-18],[-33,9],[-203,-22],[-340,70],[-71,-29],[-88,-76],[-2,-60],[41,-69],[-91,-142],[-52,-53],[-86,-43],[60,-93],[-36,-10],[-103,7],[-185,-40],[9,-45],[100,-253],[-149,-29],[-50,-24],[-76,-63],[-114,-32],[-20,-60],[-88,-11],[106,-56],[40,-35],[34,-76],[9,-53],[-82,4],[-228,-131],[-78,-56],[-51,-75],[-182,44],[-50,-14],[-106,0],[-47,-13],[-56,52],[4,68],[-179,44],[-47,92],[-37,2],[-140,-22],[-128,7],[-55,-15],[-135,-3],[-41,-27],[-8,-39],[-59,-9],[-35,46],[-14,100],[-32,109],[-49,-7],[-75,-53],[-59,5],[-20,-86],[26,-21],[51,-105],[73,-15],[3,-54],[-54,-43],[-5,-59],[12,-56],[-150,-38],[-54,-74],[5,-30],[55,-20],[38,-63],[-42,-21],[-18,-69],[-43,-74],[-53,-32],[-1,-63],[42,-10],[56,23],[91,-12],[157,16],[3,-50],[-69,-58],[-65,-23],[-35,-66],[65,-99],[10,-72],[32,-52],[-74,-88],[-109,37],[-33,2],[-2,-56],[18,-26],[-29,-30],[161,-28],[166,32],[162,67],[100,-46],[87,5],[49,20],[65,-42],[10,-63],[86,-77],[69,25],[84,-17],[149,-70],[12,-42],[-27,-88],[-55,-64],[62,-149],[-6,-215],[28,-60],[-36,-40],[-44,-96],[-88,-25],[-60,-6],[-79,-90],[-60,44],[-40,-55],[-138,-10],[-30,-31],[-122,-27],[-41,-51],[-135,21],[-8,90],[-51,39],[-187,2],[-27,-120],[-49,8],[-79,-16],[7,85],[-51,18],[-101,-5],[-21,47],[-80,78],[-27,45],[-76,-23],[-9,-40],[35,-32],[-22,-27],[5,-58],[75,-83],[-95,-39],[-92,-116],[-69,-36],[-78,0],[9,42],[43,63],[62,64],[0,39],[-31,60],[-101,38],[-135,26],[-73,2],[-50,20],[-101,-65],[-125,-6],[-64,37],[-67,-9],[-35,41],[-85,-10],[-18,-20],[-62,-2],[-43,-43],[-76,-6],[30,-64],[3,-61],[-112,-16],[-63,38],[-200,-55],[-16,79],[-150,10],[-57,28],[-341,31],[6,48],[-20,36],[-65,1],[-54,67],[-109,13],[-192,-5],[-2,-98],[-70,-39],[-96,-25],[-94,3],[-88,18],[-4,72],[-193,13],[-72,-58],[-242,28],[-13,21],[-144,0],[-15,15],[-112,-6],[-79,17],[-142,-4],[-1,72],[-98,10],[-34,-50],[-64,-19]],[[28456,65662],[-92,40],[1,40],[32,31],[-63,16],[26,36],[-89,14],[-11,47],[-71,84],[3,43],[-30,39],[4,69],[-23,18],[68,76],[18,99],[-100,0],[-150,-16],[-182,6],[-25,76],[-5,119],[11,61],[-194,7],[52,63],[-14,20],[-85,12],[10,42],[-57,-3],[-37,29],[-49,-1],[-76,26],[-106,-7],[-8,48],[-43,2],[-10,-41],[-49,-24],[-69,-4],[-57,17],[-8,67],[-214,-12],[3,-56],[-63,-22],[10,-29],[-62,-43],[-80,14],[-17,-76],[124,-25],[-21,-97],[1,-50],[-80,-31],[-68,4],[-62,-33],[-23,-77],[-56,-72],[-90,-77],[62,-70],[-172,-16],[-71,-49],[-70,0],[-10,54],[-28,7],[-6,53],[-70,11],[-11,64],[-25,0],[-23,92],[-56,30],[-18,33],[68,19],[7,105],[-12,81],[-181,-33],[-6,-95],[-56,5],[1,98],[-71,41],[-128,9],[34,36],[82,35],[-13,61],[27,89],[89,-8],[59,34],[8,83],[-113,-4],[21,40],[-5,58],[-55,38],[-60,-44],[-160,11],[28,43],[18,86],[-86,46],[-141,-41],[-12,-35],[-58,-50],[-38,4],[-76,45],[-34,-86],[-31,-25],[7,-76],[87,-15],[6,-50],[-83,-22],[-4,-129],[-112,-33],[-184,6],[-79,-55],[-88,-5],[-25,26],[70,22],[8,56],[-37,20],[-104,-5],[-96,125],[-8,78],[-32,6],[-90,126],[52,24],[-12,116],[-36,66],[48,37],[115,-6],[27,21],[12,117],[-39,42],[27,44],[91,-2],[127,16],[5,-67],[153,8],[83,26],[-7,123],[-50,44],[-15,111],[-228,2],[-28,-89],[-55,-29],[-138,-14],[-32,120],[-79,-29]],[[24145,67742],[-65,12],[58,53],[8,61],[-59,-26],[-45,19],[-23,45],[7,56],[-15,47],[62,-4],[30,50],[-52,56],[70,12],[-42,44],[21,35],[41,-1],[60,25],[50,-4],[66,55],[14,53],[32,27],[-37,61],[77,11],[17,65],[-22,50],[33,66],[-3,44],[-160,-41],[-91,-12],[-71,-35],[-48,20],[-6,111],[-101,-39],[40,-33],[-42,-19],[8,-80],[-93,22],[-23,-51],[51,-6],[7,-43],[36,-58],[42,9],[57,-67],[-16,-38],[-79,7],[-15,52],[-188,28],[-93,29],[-59,-42],[137,-10],[48,-21],[20,-84],[-85,-5],[-84,18],[-70,2],[-60,31],[-47,72],[-77,53],[-52,20],[-88,-25],[-11,-36],[-60,-36],[-52,7],[-81,-10],[-20,32],[12,98],[67,-16],[1,51],[96,-14],[19,44],[78,30],[-24,49],[-61,4],[-184,56],[75,48],[-8,31],[57,37],[17,47],[153,14],[-43,32],[-107,2],[-29,34],[13,55],[-82,45],[72,44],[-134,13],[-20,53],[37,13],[-5,73],[45,94],[77,49],[0,35],[-132,74],[-97,2],[-35,24],[-40,-41],[-51,2],[26,-53],[-113,10],[-26,-48],[-99,-4],[-17,49],[-68,32],[-86,-38],[-28,19],[-37,86],[-137,-21],[-103,-100],[-46,-23],[-170,4],[-60,-22],[-34,30],[-34,-29],[-59,-5],[9,-92],[-9,-73],[-134,-7],[-17,-92],[-148,3],[-69,35],[-127,-26],[-2,-59],[-44,-36],[-14,-36],[-71,-16],[-23,-158],[33,-61],[-66,11],[-30,22],[-137,23],[-74,-10],[-45,-27],[-15,-36],[30,-45],[-56,-9],[-94,39],[-53,8],[-37,49],[66,13],[-10,45],[-32,10],[-13,44],[-51,19],[22,43],[71,14],[13,27],[-10,107],[36,8],[61,91],[73,55],[2,131],[-22,72],[-50,60],[100,13],[23,21],[1,173],[15,19],[77,20],[-48,33],[-131,22],[-3,65],[-44,27],[17,61],[-57,84],[20,39],[121,-19],[20,50],[44,0],[4,-56],[144,24],[23,68],[-177,7],[2,135],[-51,16],[-24,151],[-36,9],[70,97],[70,3],[38,37],[123,15],[48,26]],[[21030,70631],[232,-42],[97,26],[104,7],[36,-62],[-25,-37],[26,-49],[81,-2],[28,20],[13,54],[42,8],[46,45],[158,-17],[31,-11],[53,21],[59,-8],[20,49],[70,2],[21,62],[104,23],[100,0],[14,-41],[82,-26],[48,51],[21,64],[93,6],[32,14],[8,50],[49,18],[35,-37],[169,-23],[30,32],[78,36],[154,1],[-1,56],[-113,-3],[-31,25],[-51,95],[-89,-1],[-7,42],[39,8],[33,57],[59,37],[80,-31],[70,-47],[101,1],[34,52],[51,5],[-3,103],[28,21],[20,55],[-15,33],[-74,-15],[-39,138],[-20,34],[-46,-11],[-36,82],[1,77],[-88,15],[-22,52],[28,71],[-10,67],[100,-4],[19,70],[50,38],[63,6],[0,81],[-63,-7],[8,137],[-82,86],[-5,33],[56,11],[97,-11],[93,13],[34,42],[3,50],[32,27],[113,-3],[25,-56],[76,-5],[15,30],[82,-4],[27,-49],[68,-34],[82,-5],[15,-73],[-106,-131],[88,-5],[537,10],[167,-2],[130,7],[90,-9],[90,25],[130,3],[32,-102],[47,-38],[89,-14],[-12,61],[58,28],[-61,60],[28,36],[-72,57],[35,86],[-69,-7],[11,46],[-127,80],[45,31],[17,61],[51,8],[22,81],[57,12],[22,26],[81,-11],[52,34],[-6,43],[-78,15],[22,59],[-41,37],[51,23],[96,14],[167,-11],[3,55],[-115,3],[-25,36],[64,6],[155,126],[25,79],[91,16],[90,71],[31,47],[-5,36],[-112,6],[-5,62],[45,23],[90,-33],[39,-81],[115,9],[39,-58],[178,5],[23,51],[37,24],[37,54],[38,8],[16,57],[-24,17],[0,89],[43,106],[2,71],[60,53],[79,-5],[-29,100],[-27,60],[-41,48],[-2,31],[56,13],[26,34],[107,-8],[20,41],[52,23],[40,53],[77,42],[142,63],[42,9],[153,68],[52,63],[-34,35]],[[27237,74477],[34,67],[34,-2],[-7,92],[56,3],[52,68],[13,94],[34,22],[99,25],[28,63],[69,1],[39,37],[147,-11],[6,-35],[138,2],[94,-13],[103,84],[128,-9],[17,19],[70,-6],[45,-42],[26,-61],[-1,-59],[107,-42],[-56,-91],[-149,-28],[39,-31],[94,23],[46,-67],[47,0],[70,48],[29,-17],[53,-75],[82,-37],[20,-61],[56,-13],[79,0],[-77,-112],[37,-22],[-24,-52],[77,-92],[16,-67],[108,-2],[84,13],[5,-23],[92,-30],[48,-32],[103,-37],[19,-65],[35,-10],[4,-70],[62,-2],[-3,-33],[52,-17],[3,78],[-24,16],[32,149],[-11,38],[47,34],[77,-4],[75,-21],[62,11],[-86,175],[67,-5],[148,-25],[75,86],[157,-88],[53,-5],[30,-25],[0,-49],[34,-100],[44,-3],[48,103],[124,19],[64,-6],[16,-55],[26,-17],[46,81],[117,6],[76,27],[67,-12],[-11,-31],[16,-57],[-63,-41],[-28,-57],[0,-63],[58,-18],[39,8],[-39,68],[5,35],[106,-15],[46,-53],[67,26],[51,-42],[-51,-81],[111,20],[90,0],[31,95],[101,-20],[157,29],[59,-5],[46,-40],[6,-86],[59,-44],[82,3],[63,-15],[63,-69],[91,-1],[43,-43],[77,2],[61,-16],[108,-8],[64,22],[71,-6],[59,9],[16,-31],[84,-21],[65,31],[221,-36],[86,-30],[51,16],[84,4],[81,-35],[62,-4],[20,45],[77,1],[41,29],[97,16],[62,-3],[196,7],[36,14],[122,6],[79,71],[46,11],[120,-8],[76,5],[320,-126],[197,-86],[140,-10],[7,39],[101,72]],[[21030,70631],[19,101],[44,48],[-55,64],[-31,16],[1,94],[106,27],[82,51],[55,89],[30,1],[23,72],[76,49],[-7,79],[-77,6],[-48,130],[-47,18],[76,292],[20,43],[1,58],[29,100],[-71,29],[14,45],[-69,23],[22,40],[-4,105],[37,0],[34,38],[43,-7],[7,54],[-34,54],[20,105],[-80,28],[6,108],[95,5],[88,-6],[43,84],[9,64],[-8,60],[-66,46],[-21,127],[69,9],[0,65],[-39,12],[7,53],[49,25],[61,-24],[23,107],[51,53],[-78,20],[-22,-15],[-76,25],[61,52],[85,-3],[48,33],[-98,113],[-86,10],[-3,48],[39,48],[58,31],[26,98],[-125,17],[-122,3],[-76,17],[-77,-80],[-32,38],[-198,30],[-42,46],[-22,51],[-71,7],[-100,-16],[-35,22],[-117,-18],[-112,26],[-29,-32],[-66,14],[-107,-18],[25,-48],[15,-74],[-23,-74],[-49,-31],[6,-74],[37,-20],[59,-61],[-44,-33],[-133,105],[39,38],[-12,33],[-113,18],[-64,-15],[-2,45],[42,73],[40,103],[-26,67],[-102,11],[-37,17],[-62,76],[-15,46],[-50,56],[-17,68],[12,43],[44,55],[5,35],[71,94],[3,54],[81,111],[9,87],[-36,138],[26,97],[-16,31],[-138,103],[-126,51],[-103,76],[44,65],[11,47],[62,9],[-2,60],[-45,28],[-132,20],[91,75],[24,64],[-23,165],[-24,10]],[[19588,75682],[15,112],[64,48],[50,55],[107,62],[94,-38],[-2,-26],[101,-66],[57,50],[47,-1],[27,75],[-89,26],[55,81],[-20,36],[4,58],[-132,-10],[-145,86],[12,53],[51,39],[-12,42],[30,104],[63,-39],[6,-25],[91,-12],[62,19],[57,-7],[44,36],[58,-20],[82,46],[64,16],[-58,43],[-3,136],[-32,72],[-144,91],[-36,36],[76,75],[-77,82],[3,22],[72,52],[69,78],[56,-5],[199,55],[56,37],[84,4],[21,58],[86,-6],[35,57],[50,24],[18,44],[58,52],[98,-13],[26,-56],[88,-19],[133,-6],[25,-14],[6,-57],[52,9],[-16,65]],[[21374,77398],[75,-24],[111,6],[37,-41],[62,23],[42,65],[105,5],[18,103],[78,-4],[110,-90],[62,18],[18,-61],[103,-14],[22,-36],[91,9],[30,-28],[78,-11],[48,13],[16,-61],[109,-1],[54,16],[31,45],[-36,48],[58,26],[71,9],[19,-28],[63,-15],[31,-63],[61,-6],[16,-36],[62,-31],[-6,-53],[55,2],[-5,-46],[76,-8],[63,-33],[39,16],[57,-105],[86,-42],[116,-5],[45,-21],[57,17],[44,51],[180,-10],[15,85],[35,11],[16,71],[62,14],[28,-88],[104,-57],[240,31],[-17,154],[34,8],[229,7],[-14,-39],[59,-33],[73,9],[66,-35],[10,-27],[-27,-48],[22,-33],[76,4],[36,-70],[51,-22],[80,7],[26,-81],[81,22],[62,-21],[14,30],[133,11],[45,108],[90,-26],[-7,-96],[19,-43],[54,-30],[94,2],[70,13],[8,-33]],[[25693,76802],[-14,-71],[-57,-25],[-61,-3],[-5,-65],[-80,-23],[-30,-63],[-87,-46],[24,-86],[-11,-77],[-50,-7],[45,-72],[1,-77],[-41,-69],[-94,-31],[-61,-42],[8,-42],[241,-12],[28,-19],[-18,-93],[16,-71],[123,-13],[3,-46],[110,15],[57,-64],[47,-1],[44,28],[7,-73],[41,-7],[21,-47],[46,-36],[-45,-107],[-55,-60],[146,-7],[16,-26],[138,15],[32,-47],[10,-55],[26,-6],[56,-128],[27,-35],[118,-76],[7,-39],[49,-44],[48,-2],[28,-89],[-29,-9],[10,-68],[42,-28],[8,-53],[27,-13],[2,-52],[65,6],[183,-19],[18,-39],[87,-29],[39,8],[53,-26],[71,1],[37,-42],[77,-18]],[[24145,67742],[-10,-62],[-36,-36],[-21,-82],[24,-38],[-16,-66],[23,-30],[-54,-41],[68,-27],[-58,-31],[-49,-49],[-44,-12],[-49,52],[-94,-7],[-24,-21],[24,-97],[-48,-8],[-17,-72],[-44,-14],[-34,-38],[-73,28],[-113,-61],[-21,-38],[-91,-4],[-35,-42],[16,-40],[-20,-33],[45,-24],[1,-99],[40,-15],[-13,-40],[-47,-19],[-15,-86],[15,-63],[-31,-41],[28,-37],[-38,-46],[67,-13],[-64,-48],[-40,-50],[-3,-52],[69,-23],[28,-37],[109,-36],[-29,-41],[34,-26],[-30,-67],[24,-40],[-12,-76],[26,-31],[-9,-59],[-33,-36],[27,-36],[-59,-50],[-61,-4],[-17,-27],[53,-25],[-24,-45],[-49,-7],[-12,-113],[37,-62],[-86,-46],[-32,-30],[-46,39],[-24,64],[-101,13],[-4,-71],[-76,-18],[-16,-100],[-298,1],[-50,14],[-30,65],[-66,-1],[-129,-68],[-56,16],[-189,151],[-157,27],[-18,44],[-78,103],[-48,38],[-118,3],[-51,-26],[-78,-106],[-136,22],[-88,56],[-37,45],[121,42],[23,40],[-60,66],[-170,61],[-62,9],[-83,40],[-36,-21],[-40,25],[-132,58],[-13,34],[-173,30],[-41,56],[-55,23],[-72,-34],[-121,1]],[[20440,66064],[-78,23],[-94,-92],[-45,-9],[-17,35],[-72,16],[-79,99],[-91,13],[-57,-23],[-93,15],[12,66],[-32,62],[-66,6],[-65,23],[18,57],[-14,130],[-64,49],[-3,63],[16,38],[-110,39],[-69,98],[-34,9],[-68,68],[-11,42],[-10,130],[-13,29],[-178,-7],[-77,15],[-86,-59],[-78,-8],[-54,14],[-102,49],[-80,-23],[2,-29],[41,-53],[-43,-36],[-53,33],[-36,-1],[-20,57],[-34,24],[14,58],[-97,8],[-119,27],[22,75],[-61,8],[7,60],[-190,30],[-116,5],[-113,-13],[-201,1],[-18,-66],[-49,-30],[-53,-6],[-168,33],[-172,52],[10,72],[41,52],[7,130],[-16,23],[-181,39],[27,76],[-41,85],[-60,48],[-83,19],[-83,0],[-85,-64],[-35,-49],[-262,-101],[-63,-66],[-115,-26],[-128,25],[-86,27],[-103,49],[-102,84],[47,36],[-179,66],[-75,-93],[-15,-52],[-35,-42],[8,-91],[-42,-69],[-87,10],[-66,31],[-91,-90],[-74,8],[-16,49],[13,75],[-125,-4],[-45,-10],[0,-34],[-88,-26],[-122,-10],[-53,-103],[94,-30],[-6,-117],[-32,-52],[-108,-23],[-46,-64],[145,-20],[35,-90],[64,-16],[-32,-69],[-130,41],[-36,-17],[-25,-57],[-50,-4],[-49,26],[63,85],[-115,18],[-9,42],[-107,9],[-97,-81],[-94,1],[-104,15],[-27,-36],[-59,2],[-54,-57],[-125,6],[-19,-51],[-88,10],[-16,104],[-79,-3],[-31,-66],[6,-30],[-47,-74],[-118,-55],[-94,13],[-17,28],[-63,40],[33,32],[-37,18],[-9,46],[79,36],[-21,42],[-59,-24],[-54,13],[-68,128],[-30,85],[47,86],[61,13],[-5,61],[-34,106],[26,17],[26,104],[-87,60],[11,127],[-34,117],[-1,49],[-65,68],[-41,67],[-82,22],[-169,2],[-138,-62],[-169,8],[-5,-67],[-58,-104],[-46,-24],[-98,-28],[-46,-73],[-79,-24],[-36,45],[-46,3],[-45,33],[32,50],[36,14],[50,131],[-75,0],[-97,49],[-10,38],[-117,43],[-166,-5],[-73,27],[-129,-62],[-66,3],[-55,55],[-89,-21],[-62,3],[-77,20],[-90,43],[-96,-16],[-56,14],[-47,83],[-106,0],[-47,35],[-45,7],[-49,54]],[[10603,68317],[18,18],[25,140],[72,55],[-14,16],[-78,2],[-216,73],[-75,17],[-39,-31],[-19,-49],[-132,2],[-169,40],[-62,-7],[-39,-61],[-99,-1],[-81,39],[30,142],[43,94],[-51,39],[-120,11],[-36,22],[58,54],[12,70],[19,12],[118,19],[184,-38],[11,-36],[-13,-130],[16,-29],[76,-9],[134,-62],[33,8],[1,47],[61,4],[64,-31],[26,21],[-51,32],[9,45],[-51,40],[-9,35],[44,35],[47,103],[3,99],[-27,21],[-70,-35],[-50,35],[-142,30],[-39,-26],[-39,-80],[-40,-47],[-98,18],[-13,62],[-112,26],[-59,30],[-70,15],[-10,59],[17,23],[-69,24],[-124,-5],[-46,-29],[-75,41],[-104,-13],[-46,18],[-38,-69],[-63,-13],[-17,-38],[-75,0],[-141,-42],[-132,19],[-1,78],[106,29],[36,51],[-38,32],[86,71],[69,14],[21,-32],[127,10],[-13,92],[-22,21],[27,92],[35,65],[4,37],[62,11],[62,-42],[30,13],[41,82],[-16,80],[43,96],[-6,37],[-41,19],[-74,-18],[-22,-28],[-57,-15],[-27,-59],[-35,-12],[-139,38],[-26,69],[-60,23],[-64,-46],[-111,15],[-79,33],[25,20],[41,76],[69,-7],[33,15],[-20,100],[-25,48],[-36,-18],[-20,-64],[-50,-54],[-61,24],[-61,-6],[-65,-57],[0,-44],[-27,-24],[-75,-5],[-41,-25],[-48,-62],[-61,-10],[-70,9],[-79,33],[-10,28],[27,71],[-15,48],[84,-13],[93,19],[48,-1],[57,-25],[45,6],[46,50],[-71,109],[74,-12],[53,9],[34,73],[-30,38],[13,31],[119,22],[47,-15],[16,-53],[65,17],[52,54],[67,4],[40,-63],[8,-57],[107,-6],[62,-37],[34,11],[94,116],[140,-4],[63,-24],[120,3],[50,43],[-141,108],[-143,26],[-1,45],[47,20],[5,40],[98,11],[199,-79],[74,-71],[-1,-33],[106,-57],[64,-78],[92,87],[-26,99],[31,24],[-49,96],[33,54],[95,25],[47,56],[88,48],[26,86],[43,40],[-7,32],[75,36],[-42,55],[-8,69],[-43,51],[-10,71],[-55,46],[47,93],[211,47],[-17,45],[24,90],[-59,47],[39,83],[-49,17],[-3,46],[-63,16],[-49,39],[-134,17],[-114,89],[-44,19],[-84,-25],[-31,-32],[-50,-2],[-91,-47],[-139,6],[-25,-100],[132,-30],[-6,-65],[-32,-26],[-123,-26],[-117,45],[-100,13],[-82,62],[-12,41],[-97,42],[15,35],[-23,95],[29,65],[-18,62],[16,38],[71,70],[11,34],[-17,67],[-40,44],[-195,83],[-115,15],[-90,-28],[-63,-38],[-117,29],[-149,-67],[-107,16]],[[8287,72369],[-5,65],[86,67],[84,14],[48,101],[89,-38],[38,-65],[64,-3],[67,24],[-26,97],[51,57],[-44,22],[-92,8],[11,79],[38,83],[-49,52],[73,-5],[90,18],[-16,40],[63,85],[178,17],[42,-15],[91,21],[4,34],[-24,65],[83,-16],[-16,79],[49,45],[-45,22],[113,70],[21,110],[34,21],[78,-6],[45,44],[-11,53],[-57,3],[-63,33],[-99,2],[-88,15],[-29,55],[-19,72],[0,68],[143,121],[12,75],[60,70],[48,24],[78,65],[35,55],[-77,4],[-65,37],[12,184],[-36,52],[-22,62],[68,145],[-44,82],[-68,22],[20,71],[-39,81],[3,55],[122,12],[23,39],[108,22],[22,30],[79,34],[-17,51],[60,97],[-40,56],[65,31],[-4,20],[-90,47],[55,101],[-53,21],[8,61],[-68,-11],[-64,54],[-35,61],[-66,32],[-87,17],[7,30],[63,48],[-57,98],[-7,78],[19,96],[-36,50],[-38,23],[-35,-30],[-46,41],[36,33],[8,92],[27,3],[-10,-93],[91,-82],[86,4],[143,-15],[200,-32],[124,46],[56,-4],[2,34],[-48,14],[103,129],[9,70],[19,19],[70,-2],[26,-27],[117,3],[87,-18],[178,-10],[33,-17],[15,-100],[221,-11],[55,10],[42,-24],[235,-34],[229,-52],[-82,-32],[20,-51],[-6,-53],[80,-27],[8,29],[61,10],[39,80],[77,-13],[54,31],[64,-27],[85,-1],[94,-43],[-11,-104],[-73,-67],[52,-52],[119,-35],[53,11],[284,17],[46,83],[90,0],[109,62],[1,121],[57,-2],[81,-23],[97,40],[124,38],[83,63],[-8,39],[46,30],[92,-9],[35,21],[143,-24],[29,-21],[80,-2],[179,43],[71,27],[70,-26],[291,-34],[105,1],[43,-36],[6,-36],[107,6],[47,18],[35,43],[45,11],[4,58],[43,41],[145,6],[15,-32],[130,7],[212,2],[164,-6],[76,-11],[64,-84],[144,1],[0,-42],[98,13],[87,-20],[-1,-52],[23,-14],[-19,-55],[41,-19],[-14,-97],[110,11],[69,-3],[53,-33],[105,-22],[-30,-58],[99,-13],[93,131],[31,20],[82,-41],[84,-5],[31,38],[26,70],[72,-15],[-12,-49],[36,-13],[-3,-96],[111,-31],[144,-25],[148,-54],[176,-34],[114,-3],[2,42],[156,21],[18,157],[51,36],[25,46],[53,-5],[53,36],[47,0],[83,115],[-10,49],[22,58],[33,35],[121,1],[18,62],[98,11],[-20,42],[58,1],[52,-71],[43,-22],[29,-53],[1,-51],[42,-26],[67,-7],[82,40],[94,-11],[29,-24],[8,-90],[-19,-68],[64,-18],[40,26],[50,5],[63,-68],[22,-84],[-3,-50],[77,-7],[160,3],[72,-7],[-2,103],[85,-27],[110,-18],[59,-42],[68,-7],[130,19],[40,-51],[-16,-135],[90,-33],[83,-9],[73,-31]],[[18269,58345],[82,70],[20,76],[34,9],[110,122],[217,-14],[96,169],[90,143],[16,9],[194,22],[21,37],[-179,-26],[-31,37],[38,25],[18,87],[-11,17],[-269,-21],[-23,41],[-137,26],[-45,-18],[-98,18],[-25,-42],[-117,45],[59,118],[49,24],[62,-6],[33,49],[36,12],[14,81],[-130,44],[25,62],[113,10],[51,147],[-1,60],[-44,29],[-77,3],[19,75],[-21,51],[63,3],[23,65],[-3,49],[-53,5],[-13,103],[18,59],[30,-1],[53,86],[-28,30],[96,17],[-24,-133],[62,-27],[38,31],[83,-21],[35,6],[68,51],[97,-7],[96,33],[7,31],[-32,26],[6,67],[53,23],[88,-48],[80,9],[57,61],[100,7],[4,140],[36,35],[-48,64],[-144,19],[-28,11],[-59,143],[-24,33],[-66,28],[37,116],[13,192],[-57,17],[-220,26],[-111,5],[-63,-9],[-65,-29],[-39,39],[-11,118],[-18,0],[-31,87],[-68,86],[-82,35],[-80,10],[-50,-49],[-103,-64],[36,-27],[6,-62],[-97,-1],[-35,22],[7,101],[-17,22],[-106,53],[-44,71],[42,102],[47,-2],[10,36],[-18,68],[-100,175],[55,58],[111,27],[27,17],[39,109],[115,94],[11,56],[103,-10],[60,-55],[22,24],[66,0],[109,31],[25,29],[119,-42],[25,38],[110,-24],[38,9],[61,269],[-113,47],[-16,33],[62,84],[97,195],[23,89],[39,4],[-11,50],[-51,8],[42,72],[39,108],[-36,62],[-31,13],[-7,60],[10,112],[-47,32],[28,69],[80,76],[-14,37],[-87,56],[-97,47],[53,76],[44,-5],[52,49],[-23,42],[-39,130],[-72,20],[20,46],[35,22],[2,109],[110,23],[38,-27],[43,42],[7,110],[33,54],[99,-11],[58,62],[-7,45],[101,42],[115,-17],[25,40],[11,73],[57,11],[13,78],[-76,50],[-93,-77],[-57,-17],[-110,10],[-219,-26],[-86,-30],[-11,35],[24,53],[-20,73],[-90,8],[-73,-14],[-84,-56],[-89,49],[6,45],[75,18],[-25,82],[86,24],[65,6],[129,-20],[-14,134],[142,39],[89,-7],[131,75],[139,14],[28,41],[121,-36],[82,-46],[105,-14],[47,-46],[117,11],[66,77],[44,75],[96,6],[204,35],[25,67],[-34,45],[25,201],[-48,34],[17,68],[13,108]],[[28456,65662],[-65,-59],[22,-90],[-41,-24],[60,-23],[-21,-29],[-50,17],[-47,-11],[-21,-76],[-32,-26],[6,-32],[-32,-39],[-46,-17],[-34,-52],[-55,-2],[21,-42],[-45,-36],[-61,-3],[36,-48],[-59,-56],[-32,-86],[-110,-4],[-74,-94],[-8,-66],[-34,-54],[-110,-3],[-35,-29],[-89,-105],[-17,-37],[-51,-10],[-99,-67],[-72,1],[46,-43],[-67,-35],[-2,-31],[53,-8],[9,-89],[-88,3],[-29,-58],[85,-10],[-29,-35],[37,-25],[-23,-42],[-128,-79],[4,-61],[-16,-36],[-111,-75],[-119,-25],[-75,-27],[-30,-36],[-104,-50],[-127,-83],[0,-82],[70,-10],[100,-31],[130,16],[109,56],[98,-14],[83,-35],[5,-36],[68,-33],[119,-3],[32,-127],[-42,-113],[-6,-61],[75,-30],[-18,-100],[16,-126],[-38,-94],[23,-75],[68,-32],[-2,-56],[62,-88],[43,-18],[119,43],[100,-103],[37,-26],[134,-57],[27,-92],[38,36],[68,6],[24,-117]],[[28089,62213],[-30,-6],[-26,-59],[21,-42],[-75,-90],[-71,-42],[-186,-29],[-26,-31],[-30,-86],[-119,16],[-97,3],[0,-105],[-48,-134],[5,-32],[43,-55],[-22,-94],[-60,2],[-65,21],[-92,-5],[-46,-165],[-88,-4],[-76,38],[-38,-107],[-42,-69],[-50,-56],[-95,-32],[-67,-117],[-41,-15],[-116,10],[-43,27],[-82,12],[-65,-63],[-10,-76],[-110,-19],[-19,-60],[15,-68],[19,-17],[127,0],[27,-55],[-26,-84],[-1,-62],[-42,-72],[-117,28],[-9,-36],[-58,-98],[-19,-13],[-123,25],[-44,-29],[60,-75],[17,-71],[-15,-32],[-51,-35],[7,-39],[-91,-113],[-78,-53],[-59,-22],[-24,-27],[-115,29],[-35,-9],[-42,-54],[-90,-14],[-33,-49],[-106,-37],[-31,20],[-135,-46],[-83,28],[-68,-78],[-79,-44],[-130,-153],[-4,-69],[-80,-70],[-89,-55],[-64,-21],[-98,-6],[-82,-20],[-69,36],[-98,9],[-46,23],[-68,5],[-97,-22],[-1,-36],[-110,-3],[-47,-11],[-211,1],[-55,-89],[-78,7],[-114,-16],[-31,-37],[-198,22],[-42,61],[-124,9],[-7,-55],[16,-60],[-13,-49],[-121,-58],[-154,-30],[-66,29],[-76,-7],[-65,17],[-32,58],[-48,51],[-239,182],[-54,-23],[-25,-33],[-17,-113],[-71,-8],[-69,35],[-18,80],[-43,50],[-54,33],[-71,0],[-71,-42],[-78,-66],[-108,-41],[-92,7],[-82,-15],[-193,-65],[109,-55],[87,-23],[34,-47],[64,-44],[74,12],[62,-26],[-294,-36],[-17,-25],[150,-5],[200,6],[-12,-38],[-85,-38],[-111,43],[-72,12],[66,-66],[53,-99],[3,-77],[-11,-43],[-48,-65],[-48,-38]],[[10603,68317],[-83,-14],[-34,-132],[-43,-20],[-146,3],[-25,-79],[46,-40],[-15,-100],[6,-86],[-34,-30],[-80,-18],[15,-37],[-62,-80],[-111,27],[-108,47],[-86,-5],[-24,-19],[-124,11],[-36,-9],[-64,-115],[22,-25],[108,-32],[73,-41],[76,-6],[45,-29],[91,-6],[24,62],[61,52],[-19,24],[58,39],[69,-45],[94,-7],[39,23],[0,35],[83,-11],[104,5],[71,55],[195,-6],[-43,-153],[-167,28],[-15,-57],[11,-62],[-85,-2],[-11,19],[-79,9],[-113,-109],[63,-6],[18,-73],[-44,-11],[-73,9],[-26,32],[-126,0],[-53,13],[-73,-39],[-86,37],[-61,11],[-7,-44],[-102,-25],[-61,7],[-52,37],[-1,32],[-82,13],[-77,56],[-182,42],[-84,-14],[-46,-54],[10,-128],[22,-37],[-43,-61],[-72,23],[-135,-6],[-68,-23],[10,-31],[54,-28],[123,-32],[25,-31],[-4,-88],[-35,-49],[-45,-24],[-117,10],[-40,-14],[-14,-41],[-3,-110],[25,-47],[67,-71],[-178,-42],[-102,-91],[-198,-47],[-63,0],[9,-50],[-110,-9],[-22,-37],[-42,-25],[-66,-2],[-128,34],[-22,20],[-175,13],[-53,-16],[-26,-61],[-32,-16],[-78,40],[-45,50],[-44,-4],[-104,-54],[-4,-74],[-51,-41],[-171,-91],[-121,1],[-54,22],[-61,-2],[-52,-37],[-6,-62],[-119,-102],[-40,-64],[-63,-19],[-68,-47],[-76,27],[-136,11],[-28,-33],[41,-62],[-30,-28],[-86,-16],[30,-108],[91,-144],[61,-145],[21,-89],[4,-91],[27,-99],[2,-60],[-37,-89],[-6,-59],[-80,-142],[-37,-94],[-4,-55],[19,-91],[43,-84],[226,-329],[37,-33],[94,-53],[89,-62],[72,-64],[-21,-30],[-90,-64],[-167,-100],[-190,-107],[-191,-94],[-210,-122]],[[6071,63294],[-119,83],[-30,54],[-72,93],[-110,123],[-44,33],[-171,74],[-51,31],[-118,31],[-80,3],[-181,20],[-192,63],[-187,42],[-227,26],[-108,2],[-154,38],[-41,-3],[-119,49],[-95,55],[-50,45],[-22,53],[-112,157],[-55,55],[-133,89],[-44,42],[-167,100],[-80,21],[-175,62],[-129,17],[-28,34],[-143,80],[-96,91],[-136,111],[-79,51],[-191,156],[-64,26],[-95,85],[-73,43],[-112,95],[-242,246],[-50,97],[-84,140],[-160,178],[-118,116],[-15,59],[-133,144],[-82,72],[-142,143],[-224,265],[-56,74],[-275,101],[-120,113],[-239,147],[-48,39],[90,91],[109,93],[237,189],[168,146],[101,67],[11,28],[140,74],[113,27],[49,79],[43,15],[94,72],[62,88],[69,162],[69,97],[8,39],[-54,53],[-67,44],[133,134],[37,47],[-118,46],[48,60],[-59,27],[90,66],[32,-32],[92,-27],[220,217],[194,-41],[178,5],[5,104],[-27,0],[11,117],[-8,95],[72,104],[59,103],[71,70],[107,67],[85,42],[73,-126],[27,-77],[45,-76],[31,-19],[101,6],[-35,114],[-25,119],[16,135],[-25,98],[35,14],[132,-1],[-26,31],[43,100],[107,27],[-41,20],[7,105],[130,-30],[86,14],[95,-5],[15,-19],[71,17],[9,35],[-31,94],[77,12],[74,29],[120,-1],[-3,35],[-173,13],[-116,97],[-49,52],[21,49],[82,27],[-4,26],[-99,50],[-67,5],[-15,33],[-62,22],[109,127],[66,-48],[172,16],[2,48],[-57,32],[-94,-28],[-3,74],[-139,21],[-8,49],[-26,20],[-10,55],[-89,75],[-97,44],[-90,-3],[-31,110],[-9,159],[-15,78],[15,22],[146,5],[9,-21],[93,-42],[61,-1],[107,18],[28,68],[-6,62],[84,-15],[38,12],[8,77],[74,20],[40,51],[98,-28],[26,-35],[63,51],[110,72],[81,-34],[68,11],[163,68],[134,43],[237,31],[143,-3],[66,-10],[96,-67],[44,-76],[128,-159],[74,-60],[187,-106],[129,-104],[56,-58],[53,-85],[28,-67],[22,-96],[5,-223],[-31,-106],[-68,-116],[-44,-53],[122,1],[52,-9],[46,128],[3,74],[52,86],[45,33],[59,17],[42,-9],[-34,-78],[40,-10],[-4,-45],[47,-14],[41,44],[93,-25],[21,-32],[47,26],[92,9],[72,-17],[16,-43],[69,-17],[7,-38],[-53,-1],[54,-153],[29,-21],[58,16],[40,80],[62,7],[53,26],[6,31],[76,-8],[33,41],[68,2],[23,-42],[-13,-75],[109,-91],[141,0],[40,61],[-15,43],[97,12],[17,46],[68,55],[0,73],[47,8],[1,44],[36,41],[-48,58],[-94,41],[-119,-34],[0,98],[-33,23],[-99,-13],[-68,149],[-12,53],[43,29],[55,-20],[18,37],[112,-27],[30,21],[-31,60],[-8,69],[64,13],[-33,38],[51,32],[61,59],[-36,72],[14,18],[192,58],[84,-30],[40,2],[44,72],[62,27],[-15,64],[71,-8],[50,17],[34,-13],[-57,-66],[71,2],[2,-59],[41,8],[31,-50],[95,18],[51,-12],[89,-62],[82,-4],[37,21],[28,52],[105,-33],[45,9],[117,114],[10,25],[-27,71],[-62,53],[-96,59],[-1,53],[56,3]],[[28089,62213],[220,-13],[56,-21],[62,5],[85,49],[71,-33],[120,-9],[33,-16],[106,8],[160,76],[78,5],[70,-28],[1,-25],[82,-33],[89,-10],[16,-27],[76,-21],[30,-57],[234,-67],[44,28],[39,-45],[63,-11],[35,-29],[-80,-74],[-6,-65],[31,-24],[58,-7],[63,-35],[29,19],[55,-5],[112,14],[162,-59],[-57,-54],[15,-64],[71,1],[40,-39],[10,-44],[-27,-39],[-97,11],[-5,-21],[54,-39],[-34,-48],[44,-24],[-4,-53],[-27,-47],[-26,-112],[44,-36],[66,-20],[-13,-142],[86,-32],[9,-90],[-29,-42],[-38,8],[-42,-115],[-3,-95],[87,-6],[38,20],[17,43],[167,-10],[5,60],[39,100],[23,21],[113,-3],[11,84],[54,2],[63,-29],[5,-35],[145,-47],[-24,-45],[65,-79],[23,-46],[-44,-31],[-5,-47],[-33,-49],[-14,-68],[-82,-28],[33,-35],[-14,-26],[-107,-7],[-105,5],[-5,-38],[26,-28],[132,-56],[79,9],[42,31],[69,-10],[78,19],[110,11],[42,37],[115,-84],[16,-43],[-13,-41],[-95,-75],[-134,2],[-50,17],[59,-132],[-7,-58],[27,-32],[13,-59],[43,-19],[161,27],[228,-43],[-14,43],[29,88],[-16,45],[58,44],[63,-1],[18,-37],[53,21],[36,-24],[80,51],[10,-35],[96,-146],[12,-47],[50,-48],[74,-8],[26,-27],[146,-8],[18,-43],[61,-5],[23,-67],[-43,-42],[-105,-4],[-50,-47],[29,-40],[-6,-62],[43,-44],[120,-40],[81,9],[69,-5],[61,-35],[23,-87],[-46,-29],[-120,40],[-73,1],[-18,-57],[40,-59],[85,-21],[-18,-51],[-91,3],[-83,-40],[-16,-59],[109,-32],[28,-87],[4,-63],[65,-51],[99,-42],[41,-42],[36,-9],[57,-52],[90,24],[39,-17],[17,69],[122,-14],[137,-63],[19,-55],[-34,-65],[-100,33],[-28,-12],[21,-61],[53,-55],[141,-43],[47,59],[131,-15],[94,-1],[37,-15],[-5,-37],[78,-5],[0,-35],[110,0],[89,-36],[79,-51],[152,-41],[51,-27],[67,33],[19,-42],[77,17],[43,-29],[298,-224],[70,-30],[133,57],[87,-44],[295,-108],[87,-60],[11,-19],[162,-111],[115,-56],[52,-7],[101,-50],[27,-28],[-97,-48],[-5,-53],[52,-139],[-13,-80],[104,29],[185,27],[98,-61],[-18,-47],[77,-91],[6,-38],[53,-93],[75,-5],[245,-105],[78,-27]],[[15553,60040],[1,51],[32,93],[68,318],[31,84],[-10,79],[-39,55],[-3,122],[-105,232],[-93,129],[-108,140],[-46,29],[-141,59],[-158,116],[-52,27],[-90,20],[-104,33],[-311,8],[-230,-24],[-258,-2],[-135,-151],[-47,-1],[-22,84],[-25,11],[-192,-51],[-107,-18],[-32,20],[-95,-44],[-103,170],[-157,-11],[-199,5],[-19,-68],[-60,-13],[-80,9],[-155,42],[-89,12],[-19,65],[0,102],[-224,22],[-116,17],[-83,-1],[-36,-91],[-77,-99],[-104,-258],[-40,-82],[-55,37],[-81,129],[-214,288],[-255,366],[-18,12],[-195,-31],[-199,-2],[-74,45],[-129,107],[-75,35],[-123,10],[-90,15],[-454,179],[-163,95],[-206,95],[-271,78],[-100,11],[-91,-9],[-122,-29],[-149,-75],[-227,-35],[-239,-45],[-93,10],[-56,17],[-102,12],[-215,-20],[-255,12],[-248,41],[-202,64],[-165,78],[-94,80],[-106,72],[-63,28],[-117,103],[-99,53],[-91,60],[-214,128]],[[21374,77398],[-11,99],[26,151],[26,240],[-9,66],[-101,-80],[-53,-22],[-179,-3],[-58,49],[-59,5],[-16,33],[-73,4],[32,68],[-183,3],[-28,-70],[-46,-6],[-120,19],[-72,54],[-62,7],[-8,-69],[-59,-14],[-43,33],[-49,-20],[-72,32],[-113,-38],[-107,-12],[-27,27],[-87,28],[-101,7],[-18,18],[10,109],[-5,50],[-89,-10],[-9,-35],[-171,1],[-10,30],[-71,48],[-84,138],[-23,15],[-25,147],[6,45],[-146,-11],[-43,-12],[-144,14],[-65,-8],[-39,-45],[44,-72],[4,-63],[-61,-5],[-162,101],[-32,40],[-8,45],[-47,1],[-18,40],[-71,26],[-58,35],[31,25],[18,134],[-111,-15],[0,44],[-28,15],[-118,-18],[-65,149],[-170,-21],[-13,30],[-97,2],[-11,61],[-51,16],[32,80],[-22,26],[10,108],[22,41],[-62,3],[11,32],[-5,84],[62,8],[23,26],[-16,73],[-51,-3],[-19,74],[-51,-8],[-229,-11],[-35,143],[-112,14],[-81,0],[84,70],[58,22],[126,-2],[83,36],[18,90],[-52,42],[23,30],[101,-3],[-3,68],[-39,4],[9,66],[-21,19],[-80,-3],[-53,111],[33,46],[72,29],[-7,27],[167,78],[16,79],[-82,76],[3,31],[48,71],[-4,40],[-82,86],[-2,56],[-84,152],[-248,-34],[-71,4],[-35,26],[-40,105],[-42,56],[16,199],[-52,49],[16,78],[46,61],[-87,8],[-52,24],[-54,-18],[-62,2],[-134,-21],[-10,-28],[-111,-27],[-6,-42],[-93,-9],[-115,0],[-10,37],[-45,3],[-131,56],[-19,52],[-100,-6],[-58,14],[-36,-23],[53,-36],[20,-111],[-29,-57],[43,-53],[67,-34],[16,-40],[53,-8],[58,20],[-3,-79],[-35,-1],[-97,-95],[-153,-24],[-87,21],[-77,-5],[-80,-23],[-31,-67],[-107,12],[79,136],[-31,43],[3,69],[-214,3],[-37,-18],[-83,-3],[-29,-23],[-78,-6],[-4,-28],[-173,-14],[-123,17],[33,-69],[-19,-73],[40,-175],[-77,-23],[14,-40],[-151,-20],[-5,-45],[-29,-32],[-97,51],[-77,4],[-122,23],[-138,-29],[-184,15],[-134,-23],[-61,137],[-163,-13],[-137,-51],[-6,69],[-21,40],[-20,91],[-33,43],[66,25],[51,-7],[4,41],[-65,9],[-10,25],[-92,28],[-363,-52],[-81,117],[-53,-3],[-40,26],[-20,53],[-104,49],[-11,81],[-135,-15],[-32,-55],[-43,-17],[-25,-76],[-97,12],[-27,25],[-91,-4],[-86,20],[-124,1],[-21,-19],[-108,9],[-37,34],[-60,2],[-5,47],[-166,-23],[-74,13],[-74,31],[35,49],[0,43],[-74,-11],[-73,-39],[16,-75],[-16,-34],[-100,-41],[-66,-11],[17,49],[-30,80],[15,64],[-57,18],[7,67],[34,14],[24,64],[-25,82],[-86,-16],[-54,27],[-7,113],[-112,17],[-54,-109],[-43,-23],[-96,54],[27,99],[-42,31],[-72,20],[-54,-34],[-68,-10],[-22,37],[-71,36],[-84,23],[-60,78],[18,52],[-94,9],[4,91],[28,52],[76,82],[15,72],[9,114],[-187,10],[-153,27],[-23,-61],[-39,-4],[-3,51],[-153,6],[-51,-33],[-60,5],[-9,48],[-44,-6],[-5,89],[-49,3],[-27,41],[-102,24],[-3,45],[-147,-25],[-129,-5],[21,58],[53,11],[40,69],[-37,10],[-35,93],[9,36],[-40,12],[43,50],[5,70],[60,59],[75,29],[38,102],[-13,32],[27,88],[-2,58],[-45,38],[29,148],[-30,32],[8,113],[-182,25],[-42,-7],[-106,46],[-217,24]],[[8999,84028],[63,62],[-46,39],[-68,24],[93,84],[-47,67],[18,42],[74,17],[101,-53],[52,30],[-2,42],[-87,80],[25,61],[-35,19],[23,86],[29,15],[-35,58],[-59,-1],[-88,-42],[-57,18],[-55,105],[160,8],[39,12],[19,48],[-79,8],[-94,47],[-20,31],[91,59],[-6,24],[-72,27],[-52,36],[-31,-36],[-164,100],[9,-58],[-26,-22],[-82,11],[26,-54],[-38,-27],[-147,25],[-27,66],[-42,32],[48,53],[-45,23],[-75,-11],[-17,38],[-45,25],[19,76],[-14,57],[-84,51],[37,70],[-1,39],[-84,41],[14,119],[-31,81],[43,27],[-18,99],[-72,84],[-5,68],[57,19],[55,178],[-42,5],[-26,74],[94,20],[10,61],[-72,81],[3,38],[-24,52],[22,97],[-20,82],[-1,72],[25,42],[93,-12],[115,17],[44,38],[44,93],[9,74],[33,56],[-4,57],[16,34],[-11,43],[24,23],[87,38],[46,-44],[19,-54],[74,2],[114,-98],[37,-22],[52,32],[28,62],[-60,28],[-63,55],[-51,24],[29,45],[125,14],[63,-5],[107,-65],[70,-13],[-11,95],[157,-8],[24,-13],[-11,-99],[22,-49],[139,-6],[-10,-31],[56,-17],[29,37],[90,-3],[22,23],[-4,66],[32,41],[-18,32],[15,52],[77,-6],[41,-24],[2,-70],[50,-33],[-7,-31],[105,-18],[154,15],[-6,46],[115,49],[-54,152],[0,79],[-80,52],[-91,29],[7,31],[70,9],[36,-41],[41,6],[-86,99],[24,115],[20,37],[210,30],[87,34],[60,-31],[75,-1],[60,54],[4,46],[76,5],[26,53],[-14,33],[-58,-27],[-55,-7],[6,56],[-21,16],[22,93],[-89,12],[-30,-17],[-57,22],[7,33],[135,-2],[83,-39],[44,-36],[-12,-43],[60,3],[-3,67],[-29,4],[15,79],[-50,59],[48,11],[38,42],[34,89],[74,20],[30,-19],[43,61],[82,90],[35,19],[241,-14],[32,16],[-16,43],[39,121],[-14,65],[-63,42],[-53,12],[-42,109],[-32,46],[20,39],[3,62],[-15,74],[50,60],[67,24],[106,6],[1,68],[83,27],[-33,63],[-1,65],[57,64],[-4,74],[40,48],[65,-26],[70,-5],[-31,53],[38,40],[100,11],[107,-18],[38,38],[-152,9],[1,31],[119,-4],[125,-31],[14,-38],[94,-50],[13,18],[223,-19],[80,2],[104,46],[-12,61],[31,9],[14,49],[167,31],[88,29],[50,54],[-32,29],[-16,55],[37,69],[-18,61],[34,60],[92,58],[100,25],[-78,60],[42,8],[82,-78],[105,-31]],[[13199,90446],[33,-19],[87,-106],[121,-27],[30,-28],[116,-16],[80,-58],[23,-42],[147,-158],[55,-28],[38,-49],[50,-35],[17,-59],[38,-42],[37,-1],[65,-47],[160,-2],[58,22],[273,12],[126,-6],[48,13],[12,-134],[130,-22],[73,10],[45,23],[67,-36],[35,27],[51,-8],[50,35],[-5,35],[113,84],[57,15],[106,4],[39,-36]],[[15574,89767],[-19,-62],[11,-56],[44,-105],[118,-126],[36,-59],[-1,-32],[33,-70],[-5,-81],[-50,-111],[2,-96],[89,-118],[23,-73],[2,-127],[-99,-65],[-53,-22],[41,-49],[90,-19],[108,-56],[46,36],[-3,43],[45,14],[81,-3],[74,-32],[121,-8],[114,16],[53,-13],[62,-44],[57,-23],[83,1],[82,-28],[78,-54],[80,-33],[91,-135],[-11,-38],[-59,-64],[12,-37],[-14,-48],[63,-161],[92,-63],[37,-65],[25,-78],[66,-39],[-4,-27],[47,-33],[16,-86],[32,-100],[32,-60],[-14,-82],[103,-14],[39,-20],[11,-75],[-13,-91],[-93,-79],[66,-19],[-3,-56],[74,-91],[-17,-57],[20,-40],[-23,-170],[55,-39],[5,-46],[103,-13],[67,22],[86,-1],[44,-13],[36,-62],[-20,-31],[1,-92],[25,-140],[36,-47],[71,1],[-32,-42],[50,-67],[39,-79],[36,-19],[93,-4],[136,-81],[86,18],[120,-10],[103,1],[47,18],[52,-24],[10,-76],[36,-51],[-13,-41],[31,-68],[-1,-48],[24,-34],[54,-27],[-29,-59],[14,-33],[-25,-66],[61,-8],[37,-55],[114,12],[196,-13],[17,-14],[134,17],[-11,33],[-99,40],[-65,-10],[-87,-30],[0,44],[28,18],[18,70],[106,6],[-18,-61],[104,-50],[66,33],[124,8],[50,-91],[139,-26],[23,-32],[69,32],[63,-26],[69,5]],[[19970,85133],[-12,-34],[59,-31],[-7,-28],[-78,-58],[-83,-29],[-57,13],[-107,-36],[38,-77],[-8,-51],[-27,-16],[40,-121],[40,-47],[99,-64],[16,-82],[57,-43],[-37,-11],[-20,-46],[-1,-59],[141,-45],[125,-18],[45,-39],[54,13],[-11,42],[60,28],[77,-8],[35,-20],[24,-147],[41,-19],[53,8],[94,-8],[74,-53],[1,-34],[-47,-30],[-17,-43],[-38,-29],[70,-62],[114,-5],[100,30],[86,40],[105,-37],[60,-52],[-12,-29],[62,-27],[23,-65],[-77,-17],[-65,-52],[-9,-30],[-49,-25],[86,-39],[37,-1],[79,-100],[-1,-30],[-84,-11],[-1,-51],[-28,-47],[70,-60],[-11,-41],[112,-34],[104,32],[65,-63],[-41,-16],[88,-33],[-25,-63],[33,-17],[9,-79],[199,18],[33,37],[56,1],[26,-30],[52,-17],[107,12],[120,-51],[40,-70],[16,-54],[-27,-77],[10,-35],[88,-65],[70,36],[38,37],[90,-14],[-7,38],[93,20],[210,-47],[61,-20],[91,9],[38,-79],[66,-33],[131,-116],[122,-39],[19,-24],[74,-26],[122,22],[44,-58],[-33,-44],[-69,-55],[-52,-122],[-64,10],[-40,-89],[64,-51],[65,10],[-4,-92],[17,-22],[95,-29],[-20,-67],[-50,-48],[44,-48],[0,-75],[29,-65],[-4,-59],[22,-47],[81,31],[105,-91],[-84,2],[-20,-87],[-127,-11],[-24,-135],[-41,-23],[57,-45],[-13,-48],[21,-30],[123,10],[-18,-87],[-84,-33],[2,-61],[76,-47],[112,-13],[-2,-93],[25,-52],[90,78],[19,42],[40,32],[32,-29],[-44,-30],[16,-25],[-13,-55],[67,13],[101,-42],[-109,-9],[-113,-37],[-70,-38],[35,-34],[72,1],[105,-32],[63,-69],[20,-42],[61,59],[62,-23],[-62,-115],[66,-16],[56,-40],[129,-34],[60,-6],[65,-48],[47,-77],[-31,-11],[-29,-61],[55,-50],[-4,-33],[-46,-71],[-48,-4],[-135,31],[-51,30],[-62,-37],[41,-43],[112,13],[34,-40],[45,-15],[111,5],[81,21],[55,-67],[-9,-20],[-122,29],[13,-33],[70,-32],[57,5],[90,39],[1,-54],[57,-19],[63,52],[36,3],[28,37],[97,-62],[-6,-44],[53,-20],[109,-18],[50,-53],[31,-103],[51,-10],[94,66],[102,-21],[76,1],[29,34],[75,-7],[16,-73],[132,-96],[47,-26],[44,-54],[-57,-60],[-71,-29],[-14,-61],[81,15],[71,38],[96,-6],[86,-31],[25,-35],[-15,-66],[108,27],[24,35],[-30,48],[13,31],[83,5],[32,-35],[1,-75],[48,-70],[-22,-32],[-103,-18],[41,-59],[103,-37],[47,14],[43,43],[30,-42],[-82,-52],[-64,-13],[-56,-50],[14,-39],[-40,-23],[-75,53],[-67,-24],[-18,-48],[-54,-67],[-4,-87],[72,-37],[70,2],[18,40],[-9,85],[46,19],[115,-75],[90,6],[25,-19],[67,2],[-56,-89],[-107,-10],[-47,-35],[10,-55],[35,-22],[14,-51],[196,-10],[102,-37],[61,17],[50,42],[31,59],[74,27],[70,-46],[-21,-44],[-57,-25],[9,-48],[67,-2],[44,-29],[44,-74],[150,-32],[81,2],[34,-26],[-23,-57]],[[27300,77937],[-132,-5],[-90,-21],[-96,6],[-49,-29],[-21,-45],[49,-47],[113,-12],[-77,-47],[-86,-4],[-50,-19],[-83,-8],[-49,-19],[12,-46],[111,-12],[66,-53],[21,-34],[66,-32],[-3,-38],[42,-75],[59,-16],[-37,-43],[146,-107],[77,-25],[50,0],[43,-38],[60,-78],[4,-30],[-23,-92],[107,-95],[45,-95],[42,-25],[99,-23],[2,-28],[-54,-57],[-185,-2],[-65,45],[-73,2],[3,62],[-167,29],[-100,-15],[-59,39],[-26,-11],[5,-51],[70,-48],[-5,-20],[-212,-6],[-23,33],[-119,5],[-103,-16],[-85,-34],[-72,-4],[-60,41],[-107,-1],[-24,50],[-50,34],[-70,-28],[-86,19],[-57,-5],[3,74],[-139,21],[-63,-11],[-38,-46],[-64,1]],[[27300,77937],[74,2],[52,30],[62,-44],[63,-3],[163,11],[167,2],[54,-17],[111,60],[55,-1],[115,-37],[62,37],[111,-34],[27,50],[62,-9],[75,12],[16,33],[91,63],[-32,32],[25,41],[-72,97],[-33,-13],[6,-50],[-85,-14],[-63,11],[-45,54],[12,61],[-27,23],[63,39],[41,-11],[65,51],[73,-28],[67,-4],[34,154],[-148,-5],[-17,127],[38,32],[77,126],[-18,69],[-36,34],[14,46],[-42,34],[55,100],[87,3],[34,18],[57,-5],[50,27],[-78,93],[52,27],[24,42],[46,35],[115,24],[40,28],[42,84],[-5,63],[37,13],[-20,64],[28,41],[57,35],[24,-17],[81,20],[34,57],[33,18],[-46,57],[29,59],[-6,103],[57,-7],[66,76],[-56,43],[-55,17],[-7,30],[44,62],[10,52],[-29,76],[51,15],[67,-49],[140,-7],[68,117],[6,69],[56,68],[17,86],[65,30],[46,-23],[108,60],[47,-34],[109,-43],[112,18],[6,48],[87,59],[20,75],[27,24],[93,-30],[39,73],[23,143],[111,-1],[40,18],[62,71],[-87,74],[-5,49],[81,60],[11,31],[-62,38],[-25,63],[78,25],[33,48],[-22,60],[-44,-17],[27,-40],[-42,-18],[-38,65],[-66,-8],[-33,19],[11,56],[45,21],[104,-9],[70,69],[-33,35],[-95,-58],[-31,14],[-16,62],[24,37],[-1,46],[-30,17],[-58,-7],[-102,-124],[-56,-11],[-15,27],[77,64],[6,41],[-70,-7],[-10,-45],[-71,22],[-62,-15],[-39,-39],[33,-29],[-5,-36],[-67,-2],[-30,35],[30,38],[-22,21],[-115,35],[-69,-69],[-25,-3],[-98,43],[-8,78],[56,-20],[-11,-47],[74,-11],[12,35],[56,52],[-1,24],[-159,69],[12,36],[41,14],[32,-31],[51,1],[88,55],[-62,20],[-82,4],[21,65],[58,5],[-29,56],[-2,102],[-37,66],[2,29],[95,59],[21,54],[-21,113],[19,61],[38,24],[99,-15],[196,9],[17,-18],[82,-4],[-4,40],[71,5],[-12,-38],[51,-17],[-6,-42],[122,-10],[38,18],[73,86],[82,-4],[138,29],[38,48],[65,-15],[0,58],[206,10],[8,-109],[73,-15],[25,-38],[79,-37],[0,-22],[68,-19],[39,-42],[-28,-42],[73,-39],[117,-11],[30,46],[-43,38],[93,80],[-165,92],[13,52],[-9,98],[-26,60],[54,49],[68,87],[150,-5],[-64,96],[39,38],[66,-49],[69,-19],[172,50],[118,78],[19,40],[-64,36],[58,96],[34,36],[69,13],[76,115],[37,-4]],[[32611,83603],[161,-63],[60,-62],[115,-31],[70,-49],[60,-132],[-5,-74],[-45,-65],[-19,-76],[3,-80],[-80,21],[-37,-20],[-51,-97],[-88,9],[-34,-10],[7,-48],[57,-124],[132,-38],[229,-54],[166,-2],[99,-12],[21,-15],[46,-85],[73,-63],[77,-87],[27,-51],[195,-147],[124,3],[71,24],[150,78],[16,46],[202,15],[204,-80],[93,-77],[82,-51],[72,-85],[75,-53],[91,-43],[217,-66],[104,-50],[84,-61],[82,-23],[99,-12],[160,-3],[186,31],[73,-31],[46,-33],[-9,-45],[-79,-9],[-14,-69],[-75,-6],[-93,-35],[-43,-52],[-8,-58],[34,-68],[267,-144],[39,-88],[-38,-49],[-38,-18],[-136,-8],[-170,26],[-60,1],[-95,-15],[-44,-64],[51,-54],[116,-53],[151,-117],[-48,-111],[65,-16],[29,24],[162,2],[31,39],[175,-16],[46,-74],[-9,-60],[13,-74],[-52,-88],[-31,-122],[-113,-174],[-73,-84],[-66,-38],[-3,-51],[35,-5],[145,47],[75,-69],[7,-33],[-24,-50],[14,-64],[-45,-23],[17,-89],[46,-18],[-120,-47],[8,-35],[84,-58],[10,-43],[31,-11],[66,47],[41,-20],[51,6],[190,47],[90,14],[120,4],[146,51],[66,-14],[-29,-123],[152,-12],[24,-37],[-29,-23],[-58,-134],[8,-53]],[[32611,83603],[-13,34],[49,32],[-18,95],[12,26],[-56,26],[5,-87],[-65,30],[-60,-9],[-37,-46],[-64,2],[-32,185],[-103,-4],[7,117],[37,100],[49,83],[33,81],[-10,85],[-76,-7],[-49,131],[-9,88],[39,118],[-135,175],[-32,21],[-239,-62],[-80,0],[-89,89],[-64,110],[-5,32],[70,29],[203,20],[16,165],[-3,133],[-89,15],[-2,28],[-136,1],[-20,46],[-134,-15],[-49,84],[35,53],[-117,127],[-60,86],[-79,79],[-31,8],[-72,97],[-37,9],[-78,-21],[12,51]],[[31035,86043],[44,52],[14,126],[-61,52],[28,44],[-31,31],[29,62],[62,18],[95,3],[31,-44],[55,20],[-67,37],[-59,85],[-49,36],[-164,-49],[9,-51],[-74,34],[-5,74],[115,72],[121,31],[81,-25],[42,56],[133,14],[26,55],[42,15],[-2,58],[117,-12],[34,-50],[-44,-10],[7,-34],[51,-37],[-13,-66],[82,-40],[-3,-96],[93,-30],[31,-47],[71,25],[24,-49],[47,-23],[147,-16],[10,43],[58,-6],[20,-27],[173,1],[-22,47],[40,96],[-72,14],[7,78],[56,3],[58,-43],[-3,-57],[145,2],[41,12],[53,50],[30,134],[19,27],[3,88],[-12,21],[13,83],[-50,10],[-12,90],[-24,76],[15,35],[-81,96],[104,33],[257,-47],[25,-37],[108,2],[48,37],[29,69],[-4,35],[-36,38],[13,60],[67,35],[129,2],[85,12],[0,34],[138,16],[26,97],[-16,32],[-107,-30],[-23,-31],[-176,-3],[-31,25],[-82,1],[-114,31],[-118,16],[-15,69],[-37,67],[-62,-6],[-51,34],[-82,-3],[-40,42],[-56,223],[-147,-7],[-84,31],[-34,86],[25,79],[-81,50],[-34,63],[-63,-5],[88,83],[0,71],[-73,75],[-1,70],[-25,82],[-80,81],[-13,79],[-92,19],[82,47],[-40,33],[-104,-101],[-38,-13],[-64,9],[-4,-36],[-166,-19],[-37,41],[-49,17],[-32,86],[-67,29],[-18,56],[18,91]],[[31405,89187],[42,33],[-2,33],[96,63],[40,14],[36,68],[-34,36],[-3,52],[75,17],[45,50],[44,17],[17,33],[131,-53],[57,0],[126,-26],[69,14],[14,37],[57,33],[95,26],[53,2],[20,-53],[51,17],[41,-28],[79,23],[27,-26],[118,-37],[-32,62],[117,0],[52,-54],[134,-40],[-9,-39],[-104,-17],[-119,-59],[16,-44],[-40,-39],[-6,-46],[130,-37],[-80,-109],[-14,-46],[44,-58],[70,-30],[92,-15],[51,-26],[170,-13],[-2,64],[112,28],[2,76],[17,48],[50,27],[50,-15],[2,-39],[-27,-49],[2,-74],[18,-20],[75,-9],[132,28],[15,58],[-35,42],[0,36],[-74,6],[62,66],[23,-60],[95,22],[79,-13],[27,19],[-27,50],[9,48],[-45,52],[52,54],[-13,88],[-69,61],[-71,20],[-32,66],[49,70],[-29,79],[-26,162],[59,17],[72,-29],[13,48],[-39,48],[11,48],[58,25],[17,60],[60,4],[60,-62],[62,9],[33,31],[2,54],[-76,9],[-33,62],[130,-7],[55,21],[91,60],[131,33],[47,76],[-31,38],[-89,-12],[-61,70],[28,47],[51,-5],[20,-52],[63,-28],[113,12],[-37,-49],[41,-55],[81,4],[40,38],[69,19],[30,64],[66,21],[145,-29],[136,38],[77,-15],[46,32],[-12,36],[-67,49],[-131,64],[-69,18],[-84,125],[28,54],[42,17],[-3,42],[45,37],[-109,45],[-32,59],[91,25],[-78,51],[-18,54],[-40,36],[-78,17],[-50,-14],[-20,-90],[-54,-27],[-69,60],[-44,-1],[-34,-41],[55,-46],[33,-53],[-63,-19],[-43,40],[-61,-10],[-17,-37],[29,-63],[-58,-17],[-47,78],[-63,33],[-104,31],[-71,58],[-3,31],[64,17],[62,-16],[13,64],[-64,78],[64,24],[61,-30],[46,-72],[114,25],[76,-24],[83,19],[70,43],[143,62],[35,49],[-16,97],[-32,74],[-80,3],[-28,-34],[-20,-83],[-49,-22],[-50,13],[-64,69],[-24,54],[-51,-24],[-35,-50],[-15,-61],[-53,-40],[-45,21],[-43,64],[48,16],[68,-7],[13,28],[-29,42],[-54,25],[-23,-34],[-49,68],[-45,30],[-30,46],[32,57],[-44,16],[43,100],[-10,70],[19,50],[-62,57],[-83,21],[68,43],[95,13],[44,-56],[60,-20],[10,38],[63,-29],[-16,-53],[66,12],[31,36],[-31,28],[4,48],[66,11],[11,68],[109,8],[-21,49],[-93,-37],[-46,20],[-7,93],[-48,34],[-23,50],[98,-19],[53,10],[188,9],[-7,-73],[-30,-41],[56,-18],[30,22],[-10,64],[106,32],[41,23],[96,-13],[12,-41],[-31,-24],[-84,-24],[16,-30],[87,8],[47,-85],[160,-44],[69,2],[19,63],[-11,27],[98,3],[7,57],[84,47],[-61,40],[-8,43],[-104,-10],[-25,-17],[-115,44],[-73,-13],[-27,-47],[-45,23],[-58,-7],[-108,36],[-36,24],[-3,95],[75,16],[-62,32],[29,56],[68,6],[62,-36],[-18,-39],[67,-73],[140,-36],[58,7],[14,72],[40,13],[-73,83],[-69,9],[-39,55],[-46,10],[1,45],[-29,37],[26,20],[-7,51],[-30,19],[-100,2],[2,41],[63,68],[-47,40],[33,56],[-28,74],[11,29],[76,10],[37,-37],[64,-23],[91,-14],[58,-53],[52,-18],[68,-3],[15,-23],[182,8],[13,18],[149,-10],[-10,54],[22,97],[92,67],[50,74],[48,-166],[68,3],[53,-36],[-59,-25],[9,-30],[90,5],[-2,-33],[-73,-17],[-68,18],[-37,48],[-32,0],[-18,-72],[37,-86],[110,-96],[91,70],[39,-24],[-75,-25],[-64,-43],[-91,49],[-36,9],[-62,-26],[-56,-79],[24,-80],[38,-19],[101,-12],[48,19],[38,-13],[-55,-63],[-7,-41],[93,-127],[82,-82],[55,-41],[51,-19],[132,-25],[-13,-37],[-105,-38],[-54,-5],[-106,19],[-79,-1],[-50,-31],[-25,-52],[83,-57],[176,-30],[96,-32],[48,-49],[14,-54],[41,4],[121,39],[35,39],[16,50],[-9,57],[38,77],[96,5],[51,-31],[19,-164],[234,28],[65,-10],[214,27],[109,-39],[96,-115],[28,-65],[14,-116],[129,-7],[45,-17],[83,-102],[-2,-62],[-20,-39],[-114,-123],[-99,-64],[3,-55],[38,-41],[93,32],[53,1],[99,-45],[38,-47],[59,25],[56,-2],[32,36],[60,-12],[90,-36],[21,-56],[-82,-25],[85,-36],[5,-24],[-56,-38],[-33,-75],[-13,-85],[94,-4],[56,67],[59,26],[69,-11],[20,-84],[-93,-77],[-14,-49],[80,15],[54,-29],[-37,-38],[54,-46],[-5,-44],[-34,-45],[42,-19],[19,-64],[-114,-27],[-149,-5],[-26,-14],[-7,-80],[55,-12],[29,-27],[-91,-51],[-96,-25],[-124,-92],[-7,-24],[64,-46],[45,35],[10,41],[40,21],[176,-11],[-45,-51],[7,-22],[83,-21],[25,43],[-12,75],[51,16],[88,-13],[61,-27],[3,-44],[-61,-44],[-25,-61],[-115,-74],[12,-66],[-118,-22],[53,-58],[89,45],[8,44],[78,36],[85,115],[53,176],[44,25],[48,-17],[54,-44],[38,-116],[39,-64],[86,-70],[-81,-79],[17,-62],[47,-23],[54,-62],[18,-66],[-36,-14],[-32,-70],[52,-62],[-13,-52],[-86,-29],[29,-64],[93,-83],[127,-36],[183,-20],[16,40],[-63,66],[-17,85],[-30,84],[-30,27],[-8,52],[25,77],[-22,24],[90,54],[49,-14],[38,-46],[105,-43],[92,-110],[-12,-64],[80,-114],[97,-17],[127,-65],[105,-32],[35,-64],[40,40],[26,-47],[43,-33],[-35,-53],[-115,-37],[-61,-3],[-109,-40],[-68,-3],[-160,46],[-126,-13],[-58,-32],[3,-36],[83,-42],[41,-69],[46,-51],[-55,-35],[12,-21],[88,-60],[-165,19],[-90,36],[-114,33],[-78,-8],[-46,-40],[-21,-97],[34,-10],[191,-5],[146,-19],[-64,-50],[109,-16],[86,45],[288,10],[267,49],[68,6],[197,-21],[-24,-45],[-69,-82],[-93,-191],[10,-34],[-199,-166],[-183,-118],[-93,-127],[-76,-44],[-85,-66],[-8,-71],[-167,-142],[-95,-100],[-84,-55],[26,-44],[35,-129],[-25,-53],[19,-271],[-94,-80],[-73,-45],[-10,-39],[-197,-215],[-9,-45],[159,-61],[32,1],[82,-160],[-9,-80],[47,-88],[55,-62],[-8,-69],[107,-126],[18,-46],[38,-227],[-20,-49],[-84,-84],[-14,-29],[-104,-95],[-81,-60],[3,-135],[34,-74],[49,-53],[33,-80],[31,-41],[87,-41],[157,12],[86,-5],[61,-87],[1,-41],[-71,-142],[-43,-51],[114,-157],[99,-79],[38,-19],[63,-184],[65,-85],[140,-27],[18,-58],[47,-82],[40,-132],[50,-117],[22,-22],[36,-82],[15,-84],[-2,-129],[11,-49],[-26,-60],[-40,-178],[-89,-151],[-39,-88],[35,-61],[15,-55],[-13,-45],[-61,-89],[14,-65],[-59,-21],[-61,-110],[-24,-135],[8,-83],[-26,-52],[-41,-31],[-96,-16],[-57,-26],[-105,-25],[3,-21],[69,-106],[62,-130],[53,-90],[-2,-54],[-42,-135],[-37,-44],[-53,1],[19,-94],[-32,-34],[-79,-32],[-13,-75],[27,-48],[-15,-64],[-9,-138],[55,-19],[5,-107],[-155,-118],[-87,-96],[-92,-122],[-77,-125],[-26,-98],[-42,-73],[-37,-137],[-43,-80]],[[31035,86043],[-28,14],[-74,-44],[-54,49],[-39,-16],[-52,9],[-106,-5],[-120,34],[-158,4],[8,105],[-49,0],[-209,-35],[-26,22],[-48,-21],[-64,18],[-6,25],[-74,2],[-41,-23],[-203,37],[-133,3],[-65,15],[-47,56],[-86,11],[-108,67],[-98,87],[7,90],[-82,31],[-112,-23],[-71,47],[-148,43],[-31,-5],[-120,86],[-85,-6],[-91,91],[-3,77],[17,63],[-8,77],[-60,44],[-72,26],[-17,36],[-117,3],[-55,22],[-76,-5],[-95,104],[-89,11],[-55,41],[-33,63],[-58,25],[-32,33],[-77,30],[-64,66],[-55,73],[-23,78],[-86,30],[-68,77],[-131,3],[-77,-67],[-160,-32],[-41,27],[-33,64],[-55,30],[-131,-8],[-105,58],[-268,65],[-77,72],[-31,45],[-75,39],[-69,55],[-21,91],[-55,-48],[-47,7],[-63,77],[-60,38],[-24,99],[-91,45],[-28,46],[-51,28],[-28,66],[-29,22],[-101,18],[-78,26],[-89,50],[-105,82],[-91,19],[-75,-23],[-97,-13],[-117,23],[-32,-8],[-129,17],[-159,48],[-78,55],[-101,55]],[[24294,88956],[-108,61],[-141,109],[-57,15],[-104,74],[-49,113],[-63,12],[-113,115],[-2,86],[-43,84],[-48,50],[-6,59],[-79,52],[-14,75],[-59,94],[49,3],[-174,127],[4,24],[65,20],[-40,89],[15,74],[-80,103],[-37,123],[70,47],[-41,123],[66,68],[83,25],[-203,192],[-17,24],[17,79],[-22,86],[22,64],[12,101],[-16,94],[146,-8],[44,25],[41,59],[-19,91],[-75,156],[17,150],[-42,78],[-63,48],[-111,58],[-34,44],[-7,74],[-83,58],[-37,14],[-75,63],[-52,17],[-84,4],[-27,-26],[-171,-13],[-34,33],[-101,19],[18,20],[-84,31],[-116,-17],[-104,15],[-63,64],[-14,41],[-105,31],[29,42],[-48,119],[-45,-1],[-28,31],[-65,16],[-47,-16],[25,81],[65,32],[108,8],[43,39],[23,57],[-27,38],[45,157],[44,37],[-52,92],[-97,40],[-113,14],[-49,21],[-21,77],[-47,109]],[[21689,93543],[8,51],[33,17],[58,-23],[117,-9],[33,-15],[85,21],[14,-42],[73,-16],[89,-45],[114,7],[-20,49],[-37,24],[9,91],[58,21],[-4,43],[111,24],[46,-28],[92,-18],[5,24],[-59,25],[50,39],[-18,65],[-23,17],[-9,62],[39,0],[4,44],[-43,71],[-122,27],[153,25],[26,43],[-35,51],[-80,35],[53,39],[14,48],[-38,41],[-55,1],[-61,-23],[-17,59],[-130,2],[-32,-98],[2,-96],[38,2],[-3,-54],[-47,-17],[-1,-74],[-92,20],[-2,69],[-107,55],[-80,21],[-83,-37],[-11,42],[-57,43],[-64,-8],[-26,39],[31,43],[38,10],[-43,77],[56,68],[43,24],[22,42],[-119,50],[-50,-58],[-72,-50],[-3,-34],[37,-59],[56,-36],[-24,-39],[-89,-22],[-45,40],[9,76],[-36,38],[-56,27],[-42,42],[-40,-51],[-18,-78],[-63,-30],[-21,-65],[-105,-12],[-10,60],[24,58],[-39,32],[-57,18],[-149,0],[-7,86],[-31,39],[-1,43],[60,69],[-34,29],[63,18],[92,-53],[43,5],[67,-20],[8,44],[-57,19],[-8,36],[101,65],[49,98],[-53,40],[-70,-8],[-61,13],[13,36],[-62,2],[-36,-44],[-67,27],[-18,63],[-50,35],[30,36],[55,-32],[67,5],[-41,44],[-11,104],[-74,-2],[-102,-41],[-28,36],[-56,35],[-57,-16],[-109,4],[-38,-23],[-41,55],[-30,4],[-43,-75],[60,-28],[-10,-89],[17,-74],[-63,-6],[22,-95],[-91,1],[-9,21],[-83,27],[11,47],[-13,55],[21,54],[63,-18],[56,30],[-52,38],[-52,9],[-29,-37],[-132,5],[2,33],[77,61],[23,82],[47,21],[116,20],[2,68],[-59,-3],[-57,80],[-61,2],[-61,-97],[-16,-59],[-35,-6],[-71,22],[-100,-18],[-18,31],[-103,23],[-39,25],[-40,64],[-85,-20],[-74,16],[1,24],[-119,-18],[-60,18],[20,34],[-39,32],[9,36],[47,29],[146,7],[-15,33],[23,31],[-160,-12],[-19,26],[-71,7],[12,38],[53,6],[91,41],[9,71],[34,16],[8,75],[-22,136],[-81,2],[-70,-43],[-43,52],[-60,24],[22,27],[106,16],[33,18],[84,-18],[125,-6],[60,-14],[122,129],[-40,36],[-49,-7],[-49,18],[-35,84],[52,35],[128,3],[24,44],[-141,3],[0,75],[44,15],[117,-21],[94,-66],[1,-36],[103,-6],[2,45],[58,16],[3,64],[111,13],[12,24],[-47,44],[-2,81],[-45,9],[-16,75],[117,11],[-3,45],[89,-6],[59,-38],[42,-4],[52,67],[-63,-8],[-53,45],[1,75],[172,-38],[1,-64],[19,-35],[91,6],[15,-23],[70,-6],[46,-60],[88,14],[45,-10],[-57,-75],[40,-8],[9,-51],[-37,-29],[-56,-5],[-5,-40],[36,-32],[60,-19],[-49,-86],[65,-11],[-15,-61],[103,-13],[9,-19],[80,-5],[41,-34],[-3,-61],[63,-15],[43,23],[-19,33],[-48,19],[-3,43],[-56,20],[12,48],[47,-12],[34,-32],[43,40],[101,1],[40,-18],[-25,-54],[89,-79],[200,38],[86,-25],[15,-87],[-80,-43],[10,-27],[94,55],[124,-8],[1,-53],[27,-9],[12,-61],[48,-6],[-5,-65],[57,-10],[37,28],[-12,55],[214,0],[51,-15],[73,1],[52,-46],[56,-5],[9,46],[67,-10],[93,32],[54,-36],[47,10],[91,-43],[65,4],[111,31],[79,-6],[11,-20],[-51,-41],[-112,-30],[26,-30],[110,35],[88,-9],[21,30],[90,-37],[-26,-31],[-59,-9],[-1,-110],[-59,-25],[-2,-70],[31,-27],[-31,-125],[-35,-30],[-154,16],[-8,-58],[63,-16],[67,32],[80,-33],[20,-23],[121,-8],[48,-17],[-40,-35],[-12,-43],[-45,5],[53,-77],[43,-39],[3,-91],[-12,-36],[48,-24],[-79,-83],[-31,-58],[-46,-3],[-92,-80],[-19,-30],[-71,8],[-23,-35],[48,-13],[93,20],[53,38],[63,20],[39,44],[44,6],[-11,-78],[94,-19],[51,33],[1,24],[140,-52],[-27,-21],[44,-55],[68,1],[9,29],[207,29],[46,-52],[58,21],[91,14],[15,-97],[-23,-21],[-104,-23],[101,-19],[30,-60],[-114,-46],[-12,-81],[12,-39],[-102,-36],[-33,-39],[23,-42],[-53,-48],[-63,-14],[-73,85],[-9,86],[-51,22],[13,85],[-113,17],[-4,79],[-16,60],[-54,14],[-69,-40],[9,-60],[-69,-60],[35,-24],[127,-31],[-11,-42],[-53,-10],[-11,-59],[68,-60],[-90,-36],[-16,-86],[9,-26],[-46,-26],[54,-35],[13,49],[53,5],[2,-52],[-18,-56],[81,13],[12,-55],[57,7],[76,-56],[50,-15],[148,-81],[-43,-68],[-34,-13],[13,-47],[-46,-22],[13,-41],[68,-32],[53,11],[22,-41],[86,0],[23,63],[109,-60],[15,-40],[-107,27],[-50,-73],[28,-67],[86,-47],[84,15],[17,-27],[3,-66],[-30,-42],[14,-48],[74,-85],[-32,-6],[-8,-93],[18,-28],[118,-90],[-21,-60],[-63,-23],[-11,-45],[-71,-14],[8,-44],[-42,-40],[-6,-87],[-42,-16],[-10,-89],[-22,-25],[36,-29],[21,-58],[72,-7],[-30,-65],[24,-35],[177,5],[48,-36],[25,-60],[93,-20],[-29,-57],[-142,-6],[4,-92],[53,-34],[-3,-53],[21,-52],[46,-61],[48,-26],[69,-65],[44,13],[41,-85],[38,7],[93,-16],[15,-21],[66,12],[159,-47],[59,18],[35,-33],[68,5],[83,-59],[36,3],[35,55],[148,26],[24,-26],[77,-1],[99,-37],[60,25],[90,-36],[27,21],[150,-25],[26,-66],[108,-102],[41,12],[104,-33],[-19,-70],[46,-58],[90,7],[128,-54],[-9,-80],[-26,-27],[65,-33],[53,15],[117,-11],[24,21],[70,-22],[8,-89],[-99,-46],[-7,-31],[-82,-46],[-40,-75],[19,-56],[-36,-78],[42,-46],[58,-34],[41,8],[214,-48],[-7,33],[110,-9],[17,56],[45,27],[76,-38],[-23,-45],[4,-109],[-48,-61],[-45,-1],[-24,-29],[62,-14],[181,-2],[44,-27],[88,-17],[72,13],[21,40],[57,21],[4,-44],[152,-36],[45,-51],[140,-62],[77,8],[111,-46],[74,-78],[-6,-33],[59,-40],[75,4],[70,-64],[23,-46],[-8,-50],[84,-40],[88,-2],[-23,-40],[74,-38],[109,2],[63,-39],[147,13],[71,16],[69,-21],[29,33],[127,-22],[104,22],[89,-5],[78,-35],[42,12],[49,53],[-21,48],[-46,32],[-17,54],[10,40],[59,2],[50,30],[104,28],[49,24],[15,38],[57,24],[-31,31],[37,63],[24,70],[78,-14],[158,26],[136,49],[108,-57],[53,-78],[22,-94],[-67,-88],[-68,-116],[18,-109],[126,-43],[140,-18],[100,-6],[76,-23],[133,-72],[54,-41],[75,-31],[244,-11],[145,-16],[35,-42],[13,-59],[-153,-100],[10,-63]],[[19674,94989],[200,38],[72,-22],[8,-77],[-3,-102],[-68,-3],[-32,-21],[14,-120],[40,6],[199,73],[99,-13],[52,-129],[-28,-75],[84,-5],[43,20],[53,-3],[36,-58],[-50,-29],[-35,-74],[48,-10],[124,38],[22,-37],[40,-2],[93,22],[52,40],[53,-2],[20,37],[47,-1],[27,-77],[-27,-27],[-41,-188],[-39,-12],[-55,31],[-51,-1],[-51,-46],[-29,-56],[-96,-14],[-101,6],[-212,-33],[-78,44],[-60,71],[-40,66],[-147,86],[-92,24],[-75,-27],[-57,24],[-34,133],[67,30],[31,46],[-7,37],[-47,56],[-52,9],[-21,31],[-9,67],[-36,46],[-37,91],[71,11],[-6,38],[-58,46],[2,37],[47,18],[83,-18],[47,-40]],[[15574,89767],[96,54],[57,52],[29,67],[126,25],[76,-58],[117,7],[36,41],[-42,21],[-15,38],[26,52],[-43,71],[103,36],[-10,56],[49,38],[73,1],[-16,62],[45,47],[48,23],[78,5],[9,46],[53,39],[49,92],[-83,67],[18,44],[-25,41],[-136,60],[-83,50],[-55,-5],[-60,70],[65,3],[80,33],[56,47],[63,126],[38,40],[22,49],[2,57],[100,66],[70,58],[35,59],[70,61],[43,60],[-20,92],[-115,29],[12,130],[-16,91],[64,18],[-41,102],[2,59],[-94,63],[-45,91],[40,103],[15,90],[-81,21],[8,36],[95,-1],[77,56],[42,6],[65,41],[60,21],[25,102],[45,66],[13,76],[-20,39],[-126,0],[16,80],[102,2],[-1,84],[-40,92],[-125,137],[-118,70],[-60,49],[-86,30],[-70,-3],[-96,-37],[-106,-8],[-53,223],[-18,109],[-33,65],[22,51],[64,56],[45,79],[1,96],[29,106],[-2,90],[-67,71],[-51,33],[-3,57],[17,44]],[[16110,94475],[39,-19],[185,24],[107,54],[154,-3],[159,64],[34,33],[57,7],[28,-24],[115,-22],[132,-92],[30,-2],[94,-73],[116,-32],[0,-21],[-101,-66],[-27,-31],[-27,-146],[-37,-53],[16,-36],[56,-6],[37,-104],[-12,-26],[-54,-15],[27,-106],[-14,-27],[56,-24],[77,0],[10,-27],[74,-6],[20,-30],[-15,-54],[87,10],[53,-39],[-58,-29],[7,-83],[83,3],[13,-28],[51,-10],[84,6],[5,-106],[99,-29],[17,43],[215,42],[135,-46],[113,3],[123,28],[38,-26],[100,11],[-30,60],[-47,50],[-48,-2],[-20,92],[-75,13],[1,58],[-114,31],[-18,15],[7,223],[47,26],[11,31],[-60,39],[5,37],[83,15],[28,31],[-24,30],[12,36],[94,60],[104,37],[207,17],[206,12],[251,-5],[50,-11],[190,9],[51,-50],[37,11],[92,-44],[53,-61],[30,-8],[82,-123],[19,-66],[104,-65],[73,-90],[22,-47],[103,-84],[81,-89],[4,-42],[78,8],[4,-34],[153,-28],[131,10],[41,26],[74,20],[56,0],[25,36],[139,5],[133,16],[55,-3],[93,-28],[264,7],[78,-5],[91,-31],[52,36]],[[24294,88956],[-122,-36],[-87,28],[-65,-46],[-78,-23],[-120,88],[-83,25],[-19,-19],[-107,2],[-62,-32],[54,-79],[-82,-140],[0,-30],[-38,-37],[-60,-142],[-38,-39],[-98,-20],[19,-25],[80,-27],[66,49],[-8,-75],[-61,-35],[57,-25],[19,-56],[-34,-78],[-48,-45],[74,-59],[-65,-49],[-47,-62],[14,-47],[31,-12],[1,-72],[41,8],[94,-26],[26,-28],[-18,-29],[93,-69],[-10,-22],[119,-24],[20,-28],[-26,-72],[-125,-63],[-144,-45],[-3,-88],[25,-35],[-64,-69],[-96,-38],[9,-42],[56,-58],[26,-67],[-48,-24],[-195,-31],[-42,-50],[8,-65],[30,-111],[-16,-21],[46,-61],[-68,-17],[-26,15],[-97,-25],[-17,9],[-20,84],[-85,5],[-45,38],[-55,-21],[-136,29],[-124,-10],[-8,-24],[-80,-14],[-8,-64],[-106,-62],[-48,-44],[-13,-61],[-119,-74],[1,58],[-95,3],[-68,27],[-71,5],[-56,-22],[-86,2],[-219,-11],[-66,19],[-154,-101],[-87,-19],[-67,20],[-171,-3],[-66,-41],[-32,-44],[-283,10],[-124,69],[-71,6],[-70,-14],[-82,13],[0,-45],[-66,-24],[-16,32],[-73,-10],[-117,-49],[33,-71],[55,-41],[53,-2],[65,40],[61,-69],[-1,-38],[75,-78],[-72,-61],[25,-16],[88,-5],[6,-44],[-39,-15],[-7,-37],[-37,-37],[-201,-13],[-16,-58],[-57,7],[-19,-100],[38,-13],[-16,-47],[-93,-3],[-10,-24],[119,-25],[-27,-26],[-13,-101],[104,-12],[63,7],[45,-44],[26,-69],[4,-75],[-35,-1],[4,-56],[-100,6],[-26,40],[-91,-25],[31,-30],[-64,-56]],[[13199,90446],[44,42],[23,63],[89,45],[0,41],[92,48],[-42,64],[19,94],[64,12],[50,34],[-6,119],[-84,45],[-16,22],[-1,93],[-25,34],[-80,41],[17,66],[-44,42],[-59,14],[-26,42],[14,28],[-63,59],[-47,72],[-72,43],[9,29],[-213,121],[-155,110],[-173,30],[-191,-14],[-22,36],[9,66],[-94,8],[-37,35],[-51,-11],[-57,21],[-72,87],[-107,28],[38,31],[-144,82],[-5,46],[46,42],[-4,24],[-104,22],[-33,42],[-137,-5],[-42,20],[-32,46],[55,25],[-53,54],[-59,-13],[-44,-32],[-64,-4],[-5,-80],[-113,43],[-172,-30],[-34,4],[-29,63],[16,59],[-39,29],[26,71],[-66,122],[-48,-32],[-99,21],[-59,-5],[-7,30],[-77,24],[-120,5],[-11,-20],[-95,16],[-143,0],[-38,-17],[-120,36],[-98,-34],[-93,3],[12,-62],[-86,-25],[11,-41],[-103,-42],[-84,6],[-44,68],[-34,20],[-91,0],[-33,-24],[-79,4],[-38,21],[-144,16],[-45,-34],[-25,39],[-76,14],[-24,30],[-114,1],[-60,-28],[-117,57],[-50,-14],[-96,21],[-9,-38],[60,-5],[-20,-39],[63,-12],[-45,-36],[-152,-23],[-20,42],[-46,28],[-44,-12],[-48,27],[-112,20],[-57,-18],[-88,7],[-6,-134],[42,-34],[-47,-59],[-35,-86],[-149,26],[-24,-21],[-132,-25],[-139,22],[-83,-23],[-143,38],[-51,36],[-5,56],[-84,25],[-50,-1],[-35,-40],[-117,4],[-33,-28],[-66,-11],[38,81],[34,26],[-87,22],[-36,37],[11,37],[-57,46],[-61,11],[-59,45]],[[6674,92861],[41,23],[86,15],[-56,80],[72,11],[49,43],[55,-6],[-15,50],[59,-4],[143,35],[24,23],[86,6],[44,26],[53,-17],[24,41],[-28,20],[77,26],[-49,40],[6,37],[94,35],[9,48],[-36,41],[102,44],[4,34],[-116,51],[9,31],[-74,49],[-69,-7],[18,38],[-19,47],[35,40],[14,124],[-11,45],[-37,22],[27,56],[-1,100],[55,71],[27,74],[102,13],[51,64],[69,47],[-16,70],[59,23],[72,5],[13,71],[67,21],[5,-48],[65,35],[50,5],[11,61],[48,6],[72,65],[94,23],[38,-10],[97,16],[64,30],[91,9],[266,-38],[35,93],[-16,51],[-118,-16],[-66,14],[13,61],[-83,7],[71,70],[78,34],[4,30],[45,22],[132,-25],[206,9],[97,-16],[52,11],[47,61],[20,86],[-14,29],[50,23],[-15,49],[55,27],[8,52],[31,79],[76,61],[51,17],[41,84],[84,19],[85,-16],[-3,-41],[-49,-31],[35,-41],[6,-37],[73,-25],[14,-43],[109,17],[38,-26],[62,-10],[24,25],[66,-7],[-1,-59],[57,-10],[7,-48],[163,-25],[19,27],[57,10],[-68,122],[60,26],[112,-23],[114,14],[54,18],[36,48],[47,-25],[-11,-50],[-50,-52],[4,-79],[75,23],[113,3],[68,-22],[31,92],[84,45],[6,47],[-39,18],[-89,-17],[-39,46],[31,22],[95,-5],[28,69],[54,60],[-48,21],[-81,-72],[-67,21],[-63,83],[43,71],[10,49],[87,65],[-17,32],[-50,-16],[-36,-32],[-57,11],[-64,100],[-84,62],[-3,24],[78,14],[47,34],[-4,46],[-29,24],[-54,-18],[-38,-43],[-71,1],[-28,66],[-114,34],[23,40],[67,27],[63,56],[-32,18],[-52,-25],[-60,-2],[-41,23],[-15,62],[16,26],[80,26],[-1,29],[-170,45],[-10,40],[26,20],[71,4],[59,43],[-82,41],[-30,35],[-26,65],[-76,24],[1,69],[-89,10],[-78,30],[11,39],[112,56],[17,45],[-153,26],[-57,2],[-93,29],[-128,17],[-49,18],[-140,7],[-191,-4],[-21,-11],[-115,-6],[-144,31],[-52,58],[-62,42],[-112,-7],[1,-43],[-36,-24],[29,-51],[-69,5],[-13,54],[-71,3],[-15,36],[-41,18],[-93,75],[-6,42],[-72,17],[7,74],[-29,19],[-50,-18],[-37,-52],[-79,-8],[-154,-47],[-58,62],[-193,20],[-44,28],[-21,48],[-36,1],[-195,-29],[-41,-20],[-27,-58],[39,-34],[2,-90],[61,-31],[-11,-50],[-36,-37],[-55,-29],[9,-69],[-19,-39],[36,-73],[-94,-39],[-39,-77],[-57,0],[0,60],[-66,129],[-30,21],[-7,46],[19,35],[-44,15],[9,44],[-136,7],[8,58],[-6,96],[-34,16],[-72,-24],[-40,12],[10,43],[-52,15],[-15,41],[8,112],[11,32],[51,43],[68,77],[180,92],[91,84],[50,93],[-22,109],[21,37],[117,54],[18,20],[6,73],[-40,126],[26,48],[90,87],[61,37],[23,82],[80,38],[18,26],[18,93],[-2,60],[-26,59],[9,45],[73,54],[19,63],[-36,27],[55,81],[0,66],[17,33],[83,33],[82,16],[57,41],[78,15],[123,-5],[45,23],[-6,34],[-87,28],[-102,0],[-44,44],[6,41],[36,34],[144,43],[15,14],[10,105],[24,37],[64,28],[99,22],[61,42],[26,37],[53,-4],[62,-41],[8,-54],[-40,-104],[78,-13],[-28,-103],[3,-57],[52,-156],[15,-96],[-18,-95],[25,-27],[41,-119],[1,-68],[-22,-137],[25,-54],[46,-31],[85,-138],[60,-111],[63,-51],[68,-35],[110,-5],[16,-74],[102,-65],[148,12],[2,48],[61,21],[4,69],[19,46],[58,0],[16,-54],[289,7],[36,-32],[136,-15],[14,-38],[-52,-51],[6,-66],[55,-5],[77,28],[22,-33],[-18,-61],[14,-41],[-14,-127],[34,-52],[-19,-54],[215,23],[-10,42],[78,-5],[35,15],[67,-7],[18,-49],[53,-36],[110,0],[52,12],[50,-37],[25,-56],[-31,-36],[-50,-24],[88,-93],[1,-34],[37,-31],[0,-44],[-43,-9],[6,-37],[80,14],[25,-24],[-33,-73],[30,-16],[171,20],[24,24],[66,-13],[354,40],[-28,-59],[-5,-49],[-44,-34],[85,-30],[-26,-52],[53,-9],[14,-72],[61,19],[16,-27],[-49,-27],[-3,-48],[63,-10],[-25,-64],[84,10],[84,-13],[147,-2],[140,-19],[40,-28],[21,-64],[86,21],[62,-24],[54,36],[6,87],[-10,73],[11,128],[15,22],[137,-9],[79,11],[349,-2],[49,-297],[39,-60],[24,-140],[-57,-10],[-40,-34],[11,-56],[46,-22],[98,17],[7,-51],[92,8],[71,-41],[97,7],[23,-22],[126,19],[31,-64],[-2,-63],[-25,-23],[-105,-20],[44,-33],[137,-25],[48,16],[79,-1],[73,-98],[100,-20],[3,-29],[224,2],[76,19],[-24,73],[57,-3],[27,-47],[-19,-64],[73,-59],[-2,-28],[-108,11],[-128,-16],[18,-33],[-97,-15],[-37,-17],[123,-38],[50,-28],[46,18],[158,1],[-13,-126],[142,14],[114,46],[57,-32],[-2,-42],[-165,-14],[-127,-33],[-129,-12],[-30,-35],[21,-38],[96,13],[-12,-74],[39,-35],[28,-104],[45,-40],[80,1],[29,-39],[-95,-8],[47,-70],[46,11],[37,-26],[4,-95],[-44,-46],[-9,-40],[58,-21],[109,-97],[-10,-41],[49,-42],[103,34],[51,59],[0,86],[27,24],[262,-16],[87,90],[69,-5],[24,24],[-39,38],[-2,32],[108,-13],[265,0],[22,-82],[83,-90],[-13,-72],[152,-61],[9,-30],[-74,-123],[-27,-64],[1,-65],[30,-53],[-27,-76],[61,-88],[24,-77]],[[8999,84028],[-57,-2],[-34,24],[-77,-5],[-36,-37],[-78,27],[-144,16],[-11,19],[-89,-2],[-49,12],[20,97],[52,85],[-40,38],[-38,4],[-140,-21],[-45,-20],[-52,10],[-9,101],[34,49],[-134,26],[2,20],[-87,22],[-166,10],[-71,55],[7,60],[30,28],[-41,60],[69,-4],[34,43],[-10,78],[-50,-27],[-137,24],[-22,42],[-165,30],[46,86],[-5,29],[-51,15],[-26,-34],[-77,20],[-20,31],[-64,9],[-78,-19],[-52,41],[-14,49],[-65,3],[-4,42],[-202,42],[-61,-47],[-98,2],[-17,14],[6,109],[-114,27],[46,85],[-84,54],[-160,44],[-140,45],[-1,60],[-164,51],[-36,32],[10,77],[-67,13],[-82,1],[-33,19],[-66,-27],[-139,95],[-82,14],[-47,39],[77,24],[4,64],[40,57],[-26,207],[-27,54],[-212,94],[-24,-38],[-109,17],[-95,1],[-44,-100],[-67,24],[8,32],[-60,10],[-25,-16],[-104,-16],[-46,-71],[-42,-16],[21,-51],[-12,-38],[-58,-10],[-68,43],[-35,-30],[-192,55],[8,-42],[-84,-17],[-31,-65],[-21,-87],[-45,-6],[-154,38],[-10,70],[-50,45],[-61,16],[-16,60],[-60,14],[-43,-30],[-94,16],[-69,-39],[15,-45],[-35,-48],[-63,9],[-25,-47],[-57,-43],[-10,-29],[-150,41],[-132,-28],[-29,-27],[9,-66],[-45,-2],[5,-41],[-38,-37],[-75,-22],[-108,6],[44,78],[-70,-20],[-69,4],[1,41],[49,54],[13,62],[-12,67],[-123,52],[-169,11],[-63,11],[-84,-30],[-199,34],[20,107],[75,79],[20,43],[-94,38],[-72,8],[-38,-16],[-72,22],[89,104],[-110,36],[-108,84],[28,42],[61,14],[56,54],[4,60],[-96,12],[-54,39],[17,32],[99,16],[86,47],[70,75],[-6,43],[-59,49],[-13,28],[27,55],[-10,81],[-89,-8],[-43,-93],[-49,-7],[-7,44],[10,86],[-28,48],[-37,5],[-58,-30],[-66,55],[53,56],[46,93],[96,100],[-85,74],[-107,1],[-70,33],[-17,38],[68,22],[-61,51],[17,58],[71,32],[-14,55],[-65,58],[-42,-32],[-62,31],[9,50],[42,36],[60,118],[58,62],[81,60],[41,15],[249,-28],[3,54],[36,45],[-9,67],[117,17],[95,60],[-13,36],[-95,90],[-61,34],[15,79],[78,4],[106,46],[-27,33],[-48,18],[-4,73],[31,23],[124,28],[35,50],[-37,17],[6,54],[42,29],[32,68],[-43,58],[19,65],[44,27],[66,-5],[21,38],[89,-54],[82,61],[-13,103],[-43,63],[-46,23],[60,35],[108,-17],[4,42],[81,24],[130,18],[69,-3],[83,50],[61,4],[198,-6],[125,76],[12,22],[-33,53],[-82,-9],[-120,22],[-25,29],[11,54],[79,39],[-5,38],[-112,70],[31,48],[64,25],[85,-13],[4,59],[-47,91],[55,28],[33,-24],[46,48],[76,32],[2,32],[-78,28],[-11,38],[45,48],[-32,33],[-58,5],[-142,36],[-73,62],[-6,44],[-71,-12],[-20,-49],[-39,-27],[-50,5],[-34,45],[5,40],[32,27],[80,17],[14,23],[-49,34],[-85,82],[-9,36],[43,44],[58,31],[-3,93],[48,41],[120,12],[39,23],[22,139],[102,68],[-11,33],[-67,20],[-13,64],[121,133],[-7,30],[-47,18],[-11,35],[11,70],[47,36],[53,5],[27,45],[142,34],[46,-12],[49,-39],[51,42],[-90,9],[-13,31],[97,41],[0,68],[65,-8],[44,-61],[67,-5],[84,32],[50,-5],[89,27],[28,32],[-86,48],[50,53],[50,1],[21,-48],[41,-17],[69,0],[27,49],[83,63],[40,-18],[66,16],[5,49],[89,17],[-19,28],[-60,27],[-16,49],[71,-13],[53,41],[62,24],[77,0],[13,46],[34,23],[51,-7],[38,-70],[51,-4],[-6,49],[87,4],[49,-32],[85,60],[22,-30],[90,-33],[46,27],[63,-1],[246,201],[57,-17],[57,48],[49,-49],[76,20],[47,-41],[129,60],[68,42],[132,-13],[45,21],[68,-24]],[[69046,65843],[65,46],[118,55],[106,22],[115,-8],[69,14],[265,104],[3,104],[-29,101],[1,74],[148,130],[56,-18],[-17,-68],[199,-57],[174,-23],[40,19],[35,107],[54,88],[-39,85],[3,66],[58,25],[142,35],[11,53],[-89,80],[-9,61],[43,100],[-40,83],[-7,129],[45,42],[80,-16],[5,-54],[29,-45],[58,-44],[80,18],[24,28],[128,94],[58,27],[142,19],[47,35],[45,59],[57,100],[47,63],[54,6],[24,-22],[23,-75],[60,14],[83,53],[138,51],[47,28],[-13,66],[-77,68],[-172,10],[-38,27],[25,40],[50,18],[98,4],[300,-50],[64,26],[1,55],[20,44],[77,19],[55,-25],[51,-60],[92,-28],[103,-53],[-50,-72],[51,-46],[-36,-77],[43,-11],[99,41],[46,-6],[-8,-69],[187,20],[113,-17],[36,13],[64,108],[60,30],[122,-7],[52,-38],[-36,-89],[25,-71],[54,2],[8,75],[96,-36],[65,-41],[20,-92],[68,-95],[16,-48],[0,-71],[71,6],[34,63],[-1,125],[47,57],[67,23],[83,-2],[69,12],[80,31],[35,-26],[-31,-99],[35,-19],[174,143],[87,49],[91,-68],[61,-7],[-33,87],[37,31],[61,-31],[104,-89],[38,-2],[-22,67],[26,14],[142,-57],[97,-30],[198,-32],[90,41],[34,-19],[11,-94],[39,-8],[-3,68],[48,11],[65,-22],[75,-54],[0,-33],[-34,-74],[2,-38],[49,-27],[50,55],[76,25],[59,180],[48,59],[28,4],[55,-135],[43,-43],[65,-2],[14,21],[-36,75],[30,25],[119,-105],[105,-31],[86,-37],[48,-146],[59,22],[4,91],[-23,89],[-41,54],[-118,-6],[-52,16],[15,75],[61,45],[119,34],[66,56],[60,-19],[38,-56],[1,-56],[-19,-42],[36,-59],[118,-31],[22,19],[-46,42],[31,51],[85,41],[120,17],[129,-4],[67,-17],[70,65],[86,-79],[61,-76],[56,-33],[30,-71],[90,-24],[54,9],[25,71],[-44,106],[26,66],[46,29],[405,67],[74,23]],[[77953,67652],[107,43],[55,-4],[19,-51],[-54,-45],[-120,-63],[-13,-26],[25,-94],[-70,-53],[-145,-16],[-36,-39],[90,-44],[16,-42],[-60,-63],[34,-46],[79,-12],[3,-74],[116,-43],[60,-51],[-60,-109],[31,4],[135,-40],[27,7]],[[78192,66791],[46,-19],[33,-38],[38,-80],[31,-15],[-7,-60],[37,-82],[-5,-52],[-35,-98],[-47,-45],[1,-74],[-34,-38],[-133,46],[-120,20],[-85,-10],[-139,-42],[-144,30],[-30,-15],[39,-40],[68,-23],[-4,-29],[-79,-12],[-50,39],[-15,39],[26,21],[-38,30],[-1,32],[-155,82],[-199,-127],[-56,-25],[-50,-54],[-5,-42],[33,-45],[67,-17],[76,71],[98,31],[97,13],[109,-52],[23,-64],[-75,5],[-55,-52],[6,-22],[152,-28],[53,-147],[53,-47],[134,19],[45,-13],[-37,-40],[11,-32],[-32,-59],[96,-29],[4,-27],[56,-68],[60,27],[42,-19],[-23,-32],[43,-27],[-48,-44],[-98,12],[-2,-44],[-58,-21],[-71,56],[-76,21],[-68,-22],[-5,-45],[27,-60],[49,-8],[24,-38],[-19,-38],[-7,-77],[-152,-39],[61,-64],[10,-46],[-76,-6],[-80,-45],[-133,18],[-30,-36],[51,-30],[-98,-119],[-45,-34],[-34,-68],[48,-35],[-18,-40],[-46,-18],[-26,-71],[3,-66],[-31,-28],[-13,-76],[36,-65],[-8,-55],[45,-70],[3,-70],[-56,-96],[-3,-97],[-71,-146],[-2,-31],[115,-22],[56,-111],[-69,-64],[48,-53],[-21,-71],[60,-51],[-8,-39],[-152,11],[-219,-1],[-23,-37],[21,-31],[-6,-68],[0,-178],[41,-254],[-39,-133],[0,-65],[16,-120],[209,-18],[114,-2],[14,52],[99,-1],[8,-47],[-74,-33],[37,-114],[37,-53],[62,-28],[40,-48],[41,-160],[-4,-71],[16,-74],[-3,-245],[-38,-94],[-41,-35],[-39,-59],[-8,-62],[-236,-173],[-13,-49],[90,-85],[19,-32],[-25,-52],[14,-37],[52,-25],[37,-49],[6,-45],[-22,-49],[5,-117],[-65,-45],[-52,-5],[-11,-51],[59,9],[71,-44],[-33,-73],[42,-19],[-30,-61],[0,-78],[82,-23],[43,-49],[-7,-44],[15,-60],[51,-44],[16,-83],[117,-46],[45,-88],[0,-41],[-36,-32],[13,-34],[123,-7],[20,-17],[20,-93],[77,-21],[25,-53],[-24,-40],[18,-122]],[[77895,59359],[-29,-45],[16,-43],[-13,-64],[45,-214],[-26,-54],[-188,-207],[-47,-59],[9,-33],[74,-119],[54,-241],[-42,-100],[-50,-28],[27,-34],[-41,-52],[-47,8],[-47,-28],[-67,7],[-33,-31],[-87,-35],[-190,-38],[-4,-17],[-108,-15],[-201,78],[-79,-52],[-81,-8],[17,-62],[120,-66],[-4,-30],[-98,-23],[-43,-72],[-4,-55],[-91,-3],[-35,-32],[-83,9],[-15,20],[-132,86],[-49,-16],[-7,-64],[-296,44],[-49,-1],[-108,-29],[-125,-16],[-27,20],[-85,9],[-186,48],[-340,76],[-79,23],[-118,19],[-180,5],[-122,60],[50,82],[-61,16],[-100,-20],[-86,9],[-17,29],[-108,8],[-32,35],[-105,-25],[-96,4],[-98,-49],[-206,37],[-55,47],[-46,-30],[-115,-33],[-25,63],[-83,26],[-139,-37],[-36,38],[-39,102],[-218,21],[-52,-3],[-117,16],[-80,-12],[-144,30],[-39,-15],[-141,-25],[-36,11],[-45,-26],[-72,-8],[-200,13],[-11,-12],[21,-118],[13,-132],[32,-209],[105,-132],[213,-248],[90,-112],[3,-120],[-116,-246],[-4,-38],[-226,-225],[-153,-147],[15,-88],[48,-11],[0,-47],[53,-44],[-29,-21],[-18,-55],[20,-55],[59,-84],[-4,-47],[-122,-8],[-154,93],[-93,39],[-24,48],[-64,-34],[-146,-28],[-92,27],[-48,-19],[-93,-8],[-72,39],[0,28],[-65,57],[-96,48],[-69,-14],[-51,38],[-73,-13],[-85,-48],[-101,12],[-88,53],[-101,37]],[[78192,66791],[9,27],[82,6],[86,40],[25,29],[61,-32],[80,38],[101,-108],[58,-117],[23,-70],[-57,-71],[18,-27],[72,-33],[304,-71],[251,-91],[143,-35],[195,-16],[160,66],[89,13],[70,-57],[51,10],[18,36],[93,10],[15,109],[34,40],[135,81],[122,44],[115,58],[35,107],[143,-4],[80,18],[-4,29],[-56,88],[1,32],[68,85],[55,28],[175,37],[32,-3],[39,-43],[10,-62],[59,-29],[204,86],[84,50],[235,117],[133,29],[198,-23],[73,-27],[30,-31],[18,-68],[73,9],[195,53],[111,43],[22,33],[2,73],[130,11],[92,-46],[29,-2],[88,42],[91,-10],[37,-22],[39,-84],[10,-68],[35,-20],[162,40],[75,37],[41,80],[-8,129],[20,18],[72,-5],[112,-32],[-45,-84],[53,-17],[183,-37],[95,1],[47,68],[57,50],[14,-47],[91,-43],[138,-20],[89,-20],[24,-29],[179,-38],[77,-32],[80,-13],[15,-64],[85,-43],[100,-39],[119,77],[143,12],[10,41],[85,57],[81,12],[24,56],[143,2],[316,-42],[3,61],[89,-41],[26,16],[100,-16],[72,9],[21,60],[70,52],[-9,18],[12,188],[-9,155],[17,64],[39,40],[-13,48],[-41,39],[-3,47],[-70,56],[70,61],[78,21],[52,56],[57,-52],[-54,-46],[91,-12],[101,-58],[19,66],[67,15],[76,60],[79,79],[-53,54],[13,89],[91,-23],[97,-7],[171,0],[30,62],[77,34],[-33,82],[74,44],[45,121],[-19,3],[-2,127],[25,41],[-147,21],[3,274],[37,10],[185,-12],[80,1],[36,-77],[41,-29],[7,-34],[62,-12],[123,1],[105,40],[106,109],[101,9],[43,-13],[38,-46],[67,-33],[40,-3],[45,36],[82,17],[70,-2],[76,13],[59,42],[179,-19],[76,52],[83,38],[77,-26],[130,41],[118,23],[47,-4],[31,-43],[47,-17],[164,-7],[88,-25],[32,6],[67,58],[-10,33],[37,82],[-4,86],[-50,23],[-42,47],[12,177],[96,121],[77,24],[32,-12],[17,-64],[98,37],[85,-5],[11,37],[-25,49],[18,40],[54,27],[141,25],[95,51],[123,28],[66,-1],[143,-29],[50,16],[15,30],[-17,54],[-57,47],[-52,25],[-13,41],[143,-5],[37,19],[61,61],[30,4]],[[90813,70243],[29,-30],[-69,-39],[13,-31],[68,6],[19,26],[155,-35],[175,-3],[96,-38],[-5,-102],[69,-97],[-46,-33],[48,-22],[-30,-77],[17,-65],[-44,-38],[-4,-31],[127,-44],[1,-60],[46,-49],[149,-43],[-6,-58],[-40,-119],[-68,-59],[-14,-84],[-36,-26],[44,-35],[135,-55],[-37,-31],[-5,-48],[-152,-131],[-2,-56],[55,-52],[283,-83],[-43,-33],[4,-45],[-46,-22],[-42,-74],[-212,-196],[-93,-103],[27,-10],[-60,-54],[-177,-217],[-75,-10],[-55,-62],[-18,-56],[36,-22],[-32,-34],[-50,5],[-35,-29],[9,-64],[42,-12],[-54,-113],[-39,-26],[-52,-85],[-29,-1],[-73,-75],[5,-29],[66,-74],[-37,-72],[25,-29],[-15,-91],[-23,-25],[-17,-67],[-51,-71],[-15,-63],[24,-109],[-59,-74],[17,-29],[-32,-24],[-53,-93],[-76,-255],[-27,-44],[-9,-117],[35,-13],[-5,-56],[-39,-58],[-7,-39],[-39,-596],[-31,-541],[-148,-9],[-65,35],[-197,31],[-175,53],[-64,58],[-65,4],[-15,31],[-105,72],[-113,56],[-31,38],[-40,-12],[-147,13],[0,38],[-113,89],[-39,20],[-165,-69],[-58,0],[22,-40],[-63,-103],[-5,-53],[41,-35],[-81,-43],[106,-65],[6,-15],[-143,-75],[-14,-114],[36,-48],[-30,-26],[11,-67],[31,-29],[-13,-77],[60,-42],[3,-28],[-34,-56],[77,-93],[31,-78],[27,-31],[9,-53],[-30,-38],[48,-41],[-19,-35],[64,-66],[16,-61],[-28,-22],[23,-54],[69,-21],[-30,-29],[19,-47],[-24,-31],[30,-28],[-4,-40],[-79,-93],[-72,28],[-12,26],[-72,7],[-54,41],[-141,-67],[-75,17],[-121,45],[-53,-47],[5,-51],[-56,-46],[-8,-83],[39,-71],[-73,-19],[-86,-82],[-11,-58],[-99,-47],[-69,-82],[57,-54],[11,-41],[-41,-37],[-86,-17],[-27,20],[-99,-30],[-156,37],[-54,-25],[19,-46],[-102,-78],[-96,-8],[-31,-17],[-82,12],[-46,41],[-293,-2],[-462,9],[-7,26],[-81,-14],[-46,18],[-70,-10],[-87,53],[-46,-19],[-104,16],[-86,56],[-28,44],[-84,7],[-26,-21],[-197,-56],[-40,-4],[-62,35],[15,42],[-16,27],[-70,30],[-31,38],[-66,22],[-27,-23],[20,-34],[-25,-25],[-84,6],[8,-42],[-70,-40],[-8,-82],[-66,-34],[-48,59],[-148,27],[-70,41],[-95,-42],[-35,-33],[116,-11],[13,-30],[-34,-50],[40,-57],[45,-2],[35,27],[46,-48],[1,-56],[33,-39],[93,-43],[-33,-34],[-62,18],[-40,-43],[66,-38],[48,-64],[105,-80],[22,-42],[55,-10],[22,-45],[73,-34],[36,-68],[3,-41],[-66,-4],[-5,-38],[30,-48],[-8,-70],[-69,3],[-44,21],[-117,-18],[-76,37],[-4,43],[-73,3],[-31,19],[-84,98],[-28,122],[-31,33],[-78,28],[-18,23],[54,38],[-87,7],[-68,46],[-98,48],[-61,-50],[-67,-18],[-9,-24],[-82,-2],[-6,-29],[-64,-8],[-23,-24],[-25,-71],[-59,0],[-70,-48],[-35,15],[-110,-24],[-50,-49],[-55,-15],[-62,18],[66,-152],[26,-107],[41,-109],[69,-131],[115,-309],[49,-116],[24,-82],[35,-57],[9,-57],[-62,-201],[-34,-74],[-68,-200],[-46,-108],[-84,-245],[-179,-450],[-91,-287],[-42,-99],[61,-15],[-55,-59],[34,-25],[-10,-112],[-36,-33],[12,-36],[-53,-75],[-76,-35],[-8,-89],[-77,-33],[-110,38],[-126,-43],[-42,34],[-62,-11],[-42,15],[-13,66],[-53,39],[-58,19],[-8,59],[18,22],[-44,52],[-10,109],[-37,23],[-8,105],[39,10],[-56,83],[-53,21],[-92,16],[-117,101],[-56,-36],[-23,23],[-135,9],[-63,51],[-22,51],[-36,17],[40,49],[-46,110],[94,68],[64,98],[-43,40],[104,10],[-82,65],[-39,-1],[-71,28],[63,56],[-111,-7],[-16,35],[54,10],[-35,41],[-118,9],[-12,-74],[21,-36],[-61,-32],[-77,10],[-72,-82],[-70,-15],[-44,-41],[-62,-8],[-77,10],[-84,37],[-4,30],[-51,59],[-39,-3],[-33,42],[-178,-14],[-96,22],[-40,-11],[-364,151],[-242,115],[-399,173],[11,-84],[88,-425],[16,-151],[40,-239],[18,-80],[6,-99],[19,-63],[1,-99],[56,-290],[29,-206],[-46,-18],[-51,16],[-95,1],[-38,-15],[-97,20],[-136,6],[-26,45],[-55,-22],[-30,16],[-91,-26],[-49,47],[-74,26],[2,32],[-38,34],[-85,4],[-63,23],[-26,-14],[-138,29],[-2,38],[-56,100],[-111,4],[-52,-55],[-66,-2],[-96,48],[-63,45],[-92,165],[-17,71],[10,56],[-34,66],[32,27],[-16,77],[-80,79],[11,27],[-122,96],[-20,37],[-44,22],[-5,216],[21,37],[-15,43],[15,54],[-53,40],[-52,-60],[-56,-7],[-73,-46],[-6,-34],[-55,-29],[-21,-31],[-60,-36],[-51,15],[0,-58],[42,-63],[42,-94],[23,-98],[-15,-67],[87,-21],[52,-74],[-34,-94],[22,-27],[-31,-73],[-72,-48],[-149,44]],[[63235,75800],[95,9],[124,54],[67,-15],[97,13],[79,-1],[237,57],[47,-12],[110,48],[40,-12],[91,9],[18,30],[115,-3],[106,21],[8,59],[132,-37],[103,-4],[68,18],[79,2],[185,43],[48,19],[63,-3],[58,29],[54,9],[174,-18],[137,14],[31,47],[-39,22],[9,33],[75,6],[109,-24],[135,-15],[149,11],[195,-12],[133,-17],[260,-15],[242,-4],[127,13],[42,19],[226,18],[156,-9],[96,20],[49,-19],[127,6],[129,24],[102,6],[85,22],[172,26],[98,6],[298,-23],[150,-4],[96,-17],[52,11],[75,-42],[44,-5],[46,33],[59,-2],[24,-38],[95,-1],[112,11],[72,-34],[18,55],[175,23],[21,71],[50,1],[105,26],[40,-16],[87,-75],[77,-48],[109,-30],[148,-28],[65,-30],[-72,-40],[-8,-58],[95,-44],[137,6],[132,-25],[109,26],[176,-10],[132,-56],[51,-60],[86,18],[62,-11],[14,-33],[59,-21],[207,13],[85,24],[47,-67],[154,90],[83,0],[24,-56],[56,-60],[26,11],[112,-41],[145,4],[57,23],[46,-6],[55,-36],[156,-29],[68,-6],[148,16],[43,-32],[46,-5],[42,46],[-22,30],[58,32],[64,-45],[80,-75],[28,-9],[28,-61],[35,-33],[71,8],[91,-10],[51,-22],[119,-95],[76,8],[118,-11],[34,53],[108,-42],[15,-32],[82,45],[115,12],[66,-14],[-46,-106],[28,-51],[40,-9],[-47,-50],[-59,-7],[-26,-31],[133,-26],[108,-4],[72,9],[-12,36],[87,9],[143,-23],[60,46],[79,-44],[100,0],[42,133],[146,60],[161,8],[86,-37],[91,3],[36,-20],[158,15],[149,23],[291,37],[43,10],[29,40],[-6,54],[117,85],[86,-20],[77,29],[70,-25],[11,44],[-42,15],[-6,49],[53,32],[64,69],[70,9],[81,-14],[97,5],[45,34],[73,-10],[38,10],[199,-2],[54,38],[53,10],[91,-35],[9,-72],[-179,-21],[-56,-22],[-46,-87],[-48,-50],[78,-9],[-25,-69],[-63,-58],[55,-154],[31,-34],[78,76],[86,24],[47,-78],[41,60],[119,-25],[47,-106],[1,-71],[-20,-36],[13,-40],[93,-45],[226,-43],[94,8],[71,60],[69,15],[66,-9],[17,59],[118,17],[48,-81],[98,22],[-19,115],[119,42],[138,4],[97,-48],[154,39],[87,-6],[53,61],[10,78],[67,3],[82,72],[21,-15]],[[79080,75425],[175,-40],[49,-99],[13,-54],[31,-14],[84,1],[14,-58],[-44,-73],[191,-10],[5,-117],[-73,-48],[-21,-50],[-57,-38],[-5,-72],[52,-23],[-73,-35],[-12,-46],[41,-65],[-39,-91],[48,-56],[59,-45],[166,-86],[67,-46],[-87,-92],[22,-30],[54,-2],[13,-34],[-52,-16],[-172,-3],[-84,-31],[-166,51],[-98,-11],[-28,-55],[-52,-26],[-179,-41],[-142,3],[-87,-37],[-42,-47],[-6,-71],[91,-54],[4,-50],[-58,-50],[-64,-26],[-49,-2],[-97,25],[-74,-5],[-30,-19],[119,-63],[57,-52],[47,-92],[-14,-66],[-253,-14],[-24,-23],[98,-65],[124,-34],[140,-84],[59,-83],[75,-45],[112,-28],[27,-33],[-51,-23],[-183,-22],[-113,10],[-114,27],[-160,55],[-64,-17],[57,-68],[68,-46],[87,-40],[298,-50],[81,-23],[161,-4],[64,-53],[3,-81],[-114,-33],[140,-78],[125,-29],[34,-42],[-9,-54],[-106,-97],[-24,-62],[-45,-35],[22,-37],[135,-12],[54,-16],[-65,-58],[-81,-25],[-58,3],[-54,-67],[-41,-24],[-100,2],[-77,21],[-49,-24],[-5,-87],[87,-28],[-3,-35],[-43,-70],[-9,-87],[-42,-17],[6,-40],[88,15],[56,-10],[-13,-35],[45,-14],[0,-86],[-93,-12],[-185,4],[3,-28],[191,-3],[81,-9],[-43,-104],[-49,-9],[-7,-49],[-208,-5],[-40,-34],[120,-7],[-6,-145],[39,-52],[135,-16],[9,17],[101,3],[1,-132],[-20,-62],[-70,0],[-27,-47],[-60,-60],[-65,6],[-54,31],[19,100],[-91,33],[-126,4],[70,-73],[-16,-57],[-70,-98],[-136,-28],[-47,-33],[-49,14],[-148,-124],[9,-42],[68,1],[21,-54],[-9,-60],[73,7],[2,-189],[-74,-30],[-15,59],[1,68],[-25,1],[-36,-61],[23,-27],[-2,-82],[61,-11],[-2,-71],[-55,-42],[24,-109],[105,0],[36,34],[39,-69],[82,24],[27,-53],[5,-52],[-29,-73],[17,-44],[63,-27],[-6,-23],[-107,0],[69,-53],[-35,-47],[-90,23],[-48,-26],[-155,65],[-67,56],[-53,-89],[-94,-33],[-54,-45],[-23,49],[-56,-7],[-21,-26],[-51,-3],[-51,-33],[-28,-47],[121,1],[150,18],[39,-45],[-39,-130],[57,-13],[34,13],[191,36],[73,-13],[152,-69],[-5,-10],[105,-115],[15,-49],[-87,-147],[-75,-9],[-79,5],[-60,-32],[-10,-59],[-82,-16],[99,-51],[-3,-38],[45,-46],[31,-2],[120,-64],[-32,-48],[54,-55],[-21,-84],[-26,13],[-112,10],[-8,51],[-143,0],[-1,-44],[-62,-10],[-14,-57],[54,-44],[11,-28],[-28,-65],[30,-43],[86,-24],[-45,-46],[-84,-26],[-264,-5],[-15,-117],[61,-3],[15,85],[132,4],[48,-19],[-6,-100],[-74,-72],[-16,-129]],[[79080,75425],[19,66],[-55,36],[42,52],[59,-25],[48,29],[111,-12],[49,-20],[27,-67],[337,-39],[63,-24],[20,-86],[61,-27],[77,-2],[-5,36],[29,33],[-6,78],[27,42],[76,43],[24,41],[-8,37],[-99,118],[-1,37],[75,68],[139,46],[41,-6],[-35,-48],[84,-91],[99,-28],[63,17],[193,-70],[125,46],[336,40],[173,-5],[39,7],[-30,50],[155,2],[99,-5],[131,89],[76,-3],[13,17],[114,5],[220,-26],[102,-42],[171,-21],[117,2],[70,43],[131,-14],[95,38],[93,-55],[29,-2],[84,66],[109,-17],[109,5],[-21,35],[74,-2],[23,28],[93,1],[89,-11],[124,27],[177,3],[111,-19],[149,-5],[24,-31],[43,10],[191,-12],[53,-10],[185,10],[158,-22],[166,-17],[138,-53],[45,-8],[96,14],[68,31],[148,115],[170,69],[199,10],[95,14],[51,-78],[142,-56],[53,50],[123,24],[80,-30],[68,68],[193,13],[184,-7],[22,-16],[69,25],[88,-26],[170,-14],[99,-60],[58,26],[222,-84],[75,0],[143,-41],[58,15],[22,-61],[53,0],[21,-30],[162,-60],[36,-2],[45,-46],[90,-28],[109,-14],[72,-81],[133,-34],[-30,-37],[-45,10],[-44,-67],[24,-48],[-19,-39],[61,-57],[120,-71],[102,-7],[44,38],[63,2],[7,-65],[100,-10],[126,51],[-11,-45],[-88,-10],[10,-42],[36,-15],[-18,-51],[84,-15],[116,39],[48,-2],[157,-61],[14,-42],[74,-58],[69,121],[49,71],[-22,51],[35,59],[78,-34],[49,-75],[-20,-63],[65,7],[149,-42],[99,-18],[118,-39],[108,-51],[-23,-29],[-219,59],[-80,16],[-87,-2],[-89,-194],[153,-26],[82,34],[173,-34],[21,-16],[134,-29],[21,-23],[-7,-64],[90,-71],[87,46],[46,-40],[125,-26],[322,-121],[133,-36],[129,-6],[73,-33],[68,-11],[111,-45],[35,4],[81,-25],[47,10],[52,-20],[257,-79],[86,-12],[32,18],[59,-33],[48,-5],[43,46],[124,-29],[-2,63],[70,65],[111,-4],[103,20],[131,-52],[103,-11],[114,-31],[-7,-115],[16,-49],[-30,-68],[-106,-76],[-63,-25],[-34,-34],[35,-21],[159,-35],[67,27],[88,-4],[35,-34],[102,-6],[39,52],[91,-38],[37,-41],[-23,-43],[61,-6],[126,10],[66,-56],[81,-6],[36,30],[61,-15],[96,-2],[59,-61],[83,-55],[39,21],[29,-31],[57,4],[187,-58],[61,20],[103,-41],[55,35],[45,-33],[2,-135],[-39,-10],[20,-104],[-39,-113],[-61,-92],[-72,-136],[105,-32],[22,-42],[-32,-200],[-28,-97],[20,-53],[75,-15],[285,18],[121,1],[57,-12],[88,8],[140,62],[56,8],[52,-19],[48,-40],[88,-52],[22,-31],[-40,-68],[-74,-32],[-180,-30],[-77,-32],[-58,-68],[-20,-72],[26,-83],[71,-3],[247,54],[264,8],[189,85],[55,-6],[6,-47],[-52,-99],[-34,-110],[31,-106],[51,-83],[139,-64],[10,-27],[-31,-86],[-6,-65],[78,-51],[-8,-40],[-60,-52],[-55,-95],[23,-120],[-10,-61],[26,-78],[-81,-53],[-53,-11],[-134,20],[-49,-19],[-59,-58],[-77,11],[-150,55],[-101,6],[-260,2],[-74,-7],[-63,-98],[-57,-133],[-21,-25],[-126,-20],[-122,-46],[-32,4],[-166,73],[-144,25],[-94,0],[-47,-34],[-28,-104],[-70,-17],[-141,22],[-139,12],[-28,28],[-49,101],[-113,60],[-19,110],[-48,48],[-37,4],[-200,-13],[-35,25],[-20,69],[-106,5],[-27,15],[-112,166],[-62,-16],[-26,-34],[-26,-75],[-33,-39],[-49,-20],[-63,30],[-122,104],[-69,45],[-24,93],[-29,29],[-69,5],[-137,-32],[-41,40],[-101,47],[-51,13],[5,58],[-16,75],[-93,85],[-88,22],[-65,0],[-194,-51],[-50,-35],[-17,-53],[-202,-27],[-58,4],[-98,34],[-145,-9],[-152,33],[-106,-1],[-128,-60],[-93,-15],[-82,-59],[72,-26],[17,-73],[-20,-26],[72,-25],[75,-41],[97,-69],[4,-94],[-18,-75],[12,-48],[-41,-16],[24,-37],[-17,-28],[-147,22],[-60,-73],[6,-81],[82,-19],[4,-81],[36,-49],[-7,-75],[28,-85],[218,-29],[-49,-40]]],"transform":{"scale":[0.00004671929714297232,0.00006043860554605545],"translate":[88.00816912400006,20.590748150000024]},"objects":{"bgd_admin2":{"type":"GeometryCollection","geometries":[{"arcs":[[0,1,2,3,4,5]],"type":"Polygon","properties":{"id":"BD1004","name":"Barguna","pcode":"BD1004","parent":"BD10"}},{"arcs":[[-6,6,7,8,9,10,11,12,13,14]],"type":"Polygon","properties":{"id":"BD1006","name":"Barishal","pcode":"BD1006","parent":"BD10"}},{"arcs":[[-14,15,16,17,18]],"type":"Polygon","properties":{"id":"BD1009","name":"Bhola","pcode":"BD1009","parent":"BD10"}},{"arcs":[[-5,19,-7]],"type":"Polygon","properties":{"id":"BD1042","name":"Jhalokati","pcode":"BD1042","parent":"BD10"}},{"arcs":[[-1,-15,-19,20]],"type":"Polygon","properties":{"id":"BD1078","name":"Patuakhali","pcode":"BD1078","parent":"BD10"}},{"arcs":[[-4,21,22,-8,-20]],"type":"Polygon","properties":{"id":"BD1079","name":"Pirojpur","pcode":"BD1079","parent":"BD10"}},{"arcs":[[23,24,25,26]],"type":"Polygon","properties":{"id":"BD2003","name":"Bandarban","pcode":"BD2003","parent":"BD20"}},{"arcs":[[27,28,29,30,31,32]],"type":"Polygon","properties":{"id":"BD2012","name":"Brahmanbaria","pcode":"BD2012","parent":"BD20"}},{"arcs":[[-12,33,34,35,36,37]],"type":"Polygon","properties":{"id":"BD2013","name":"Chandpur","pcode":"BD2013","parent":"BD20"}},{"arcs":[[[-26,38,39,40,41,42,43,44]],[[45]],[[46]],[[47]],[[48,49]]],"type":"MultiPolygon","properties":{"id":"BD2015","name":"Chattogram","pcode":"BD2015","parent":"BD20"}},{"arcs":[[-29,50,51,52,-36,53,54]],"type":"Polygon","properties":{"id":"BD2019","name":"Cumilla","pcode":"BD2019","parent":"BD20"}},{"arcs":[[[-25,55,-39]],[[56]],[[57]]],"type":"MultiPolygon","properties":{"id":"BD2022","name":"Cox's Bazar","pcode":"BD2022","parent":"BD20"}},{"arcs":[[-42,58,-52,59]],"type":"Polygon","properties":{"id":"BD2030","name":"Feni","pcode":"BD2030","parent":"BD20"}},{"arcs":[[-44,60,61]],"type":"Polygon","properties":{"id":"BD2046","name":"Khagrachhari","pcode":"BD2046","parent":"BD20"}},{"arcs":[[-13,-38,62,-16]],"type":"Polygon","properties":{"id":"BD2051","name":"Lakshmipur","pcode":"BD2051","parent":"BD20"}},{"arcs":[[[-17,-63,-37,-53,-59,-41,63,-49,64]],[[65]],[[66]],[[67]],[[68]],[[69]],[[70]]],"type":"MultiPolygon","properties":{"id":"BD2075","name":"Noakhali","pcode":"BD2075","parent":"BD20"}},{"arcs":[[-27,-45,-62,71]],"type":"Polygon","properties":{"id":"BD2084","name":"Rangamati","pcode":"BD2084","parent":"BD20"}},{"arcs":[[72,73,74,75,76,77]],"type":"Polygon","properties":{"id":"BD3026","name":"Dhaka","pcode":"BD3026","parent":"BD30"}},{"arcs":[[-76,78,79,80,81,82,83,84]],"type":"Polygon","properties":{"id":"BD3029","name":"Faridpur","pcode":"BD3029","parent":"BD30"}},{"arcs":[[-73,85,86,87,88,89]],"type":"Polygon","properties":{"id":"BD3033","name":"Gazipur","pcode":"BD3033","parent":"BD30"}},{"arcs":[[-9,-23,90,91,-81,92]],"type":"Polygon","properties":{"id":"BD3035","name":"Gopalganj","pcode":"BD3035","parent":"BD30"}},{"arcs":[[-32,93,-88,94,95,96,97]],"type":"Polygon","properties":{"id":"BD3048","name":"Kishoreganj","pcode":"BD3048","parent":"BD30"}},{"arcs":[[-10,-93,-80,98,99]],"type":"Polygon","properties":{"id":"BD3054","name":"Madaripur","pcode":"BD3054","parent":"BD30"}},{"arcs":[[-77,-85,100,101,102,103]],"type":"Polygon","properties":{"id":"BD3056","name":"Manikganj","pcode":"BD3056","parent":"BD30"}},{"arcs":[[-35,104,-99,-79,-75,105,-54]],"type":"Polygon","properties":{"id":"BD3059","name":"Munshiganj","pcode":"BD3059","parent":"BD30"}},{"arcs":[[-30,-55,-106,-74,-90,106]],"type":"Polygon","properties":{"id":"BD3067","name":"Narayanganj","pcode":"BD3067","parent":"BD30"}},{"arcs":[[-31,-107,-89,-94]],"type":"Polygon","properties":{"id":"BD3068","name":"Narsingdi","pcode":"BD3068","parent":"BD30"}},{"arcs":[[-84,107,108,109,110,-101]],"type":"Polygon","properties":{"id":"BD3082","name":"Rajbari","pcode":"BD3082","parent":"BD30"}},{"arcs":[[-11,-100,-105,-34]],"type":"Polygon","properties":{"id":"BD3086","name":"Shariatpur","pcode":"BD3086","parent":"BD30"}},{"arcs":[[-78,-104,111,112,113,-86]],"type":"Polygon","properties":{"id":"BD3093","name":"Tangail","pcode":"BD3093","parent":"BD30"}},{"arcs":[[-3,114,115,116,-91,-22]],"type":"Polygon","properties":{"id":"BD4001","name":"Bagerhat","pcode":"BD4001","parent":"BD40"}},{"arcs":[[117,118,119,120]],"type":"Polygon","properties":{"id":"BD4018","name":"Chuadanga","pcode":"BD4018","parent":"BD40"}},{"arcs":[[121,122,123,124,125,126]],"type":"Polygon","properties":{"id":"BD4041","name":"Jashore","pcode":"BD4041","parent":"BD40"}},{"arcs":[[-109,127,-127,128,-118,129]],"type":"Polygon","properties":{"id":"BD4044","name":"Jhenaidah","pcode":"BD4044","parent":"BD40"}},{"arcs":[[-116,130,131,-124,132]],"type":"Polygon","properties":{"id":"BD4047","name":"Khulna","pcode":"BD4047","parent":"BD40"}},{"arcs":[[-110,-130,-121,133,134,135,136,137]],"type":"Polygon","properties":{"id":"BD4050","name":"Kushtia","pcode":"BD4050","parent":"BD40"}},{"arcs":[[-83,138,-122,-128,-108]],"type":"Polygon","properties":{"id":"BD4055","name":"Magura","pcode":"BD4055","parent":"BD40"}},{"arcs":[[-120,139,-134]],"type":"Polygon","properties":{"id":"BD4057","name":"Meherpur","pcode":"BD4057","parent":"BD40"}},{"arcs":[[-82,-92,-117,-133,-123,-139]],"type":"Polygon","properties":{"id":"BD4065","name":"Narail","pcode":"BD4065","parent":"BD40"}},{"arcs":[[-125,-132,140]],"type":"Polygon","properties":{"id":"BD4087","name":"Satkhira","pcode":"BD4087","parent":"BD40"}},{"arcs":[[-113,141,142,143,144,145,146,147]],"type":"Polygon","properties":{"id":"BD4539","name":"Jamalpur","pcode":"BD4539","parent":"BD45"}},{"arcs":[[-87,-114,-148,148,149,150,-95]],"type":"Polygon","properties":{"id":"BD4561","name":"Mymensingh","pcode":"BD4561","parent":"BD45"}},{"arcs":[[-96,-151,151,152]],"type":"Polygon","properties":{"id":"BD4572","name":"Netrakona","pcode":"BD4572","parent":"BD45"}},{"arcs":[[-147,153,-149]],"type":"Polygon","properties":{"id":"BD4589","name":"Sherpur","pcode":"BD4589","parent":"BD45"}},{"arcs":[[-143,154,155,156,157,158]],"type":"Polygon","properties":{"id":"BD5010","name":"Bogura","pcode":"BD5010","parent":"BD50"}},{"arcs":[[-158,159,160,161,162]],"type":"Polygon","properties":{"id":"BD5038","name":"Joypurhat","pcode":"BD5038","parent":"BD50"}},{"arcs":[[-157,163,164,165,166,-160]],"type":"Polygon","properties":{"id":"BD5064","name":"Naogaon","pcode":"BD5064","parent":"BD50"}},{"arcs":[[-137,167,-164,-156,168,169]],"type":"Polygon","properties":{"id":"BD5069","name":"Natore","pcode":"BD5069","parent":"BD50"}},{"arcs":[[-166,170,171]],"type":"Polygon","properties":{"id":"BD5070","name":"Chapainababganj","pcode":"BD5070","parent":"BD50"}},{"arcs":[[-102,-111,-138,-170,172]],"type":"Polygon","properties":{"id":"BD5076","name":"Pabna","pcode":"BD5076","parent":"BD50"}},{"arcs":[[-136,173,-171,-165,-168]],"type":"Polygon","properties":{"id":"BD5081","name":"Rajshahi","pcode":"BD5081","parent":"BD50"}},{"arcs":[[-103,-173,-169,-155,-142,-112]],"type":"Polygon","properties":{"id":"BD5088","name":"Sirajganj","pcode":"BD5088","parent":"BD50"}},{"arcs":[[-162,174,175,176,177,178,179]],"type":"Polygon","properties":{"id":"BD5527","name":"Dinajpur","pcode":"BD5527","parent":"BD55"}},{"arcs":[[-144,-159,-163,-180,180,181]],"type":"Polygon","properties":{"id":"BD5532","name":"Gaibandha","pcode":"BD5532","parent":"BD55"}},{"arcs":[[-145,-182,182,183,184]],"type":"Polygon","properties":{"id":"BD5549","name":"Kurigram","pcode":"BD5549","parent":"BD55"}},{"arcs":[[[-184,185,186,187]],[[188]]],"type":"MultiPolygon","properties":{"id":"BD5552","name":"Lalmonirhat","pcode":"BD5552","parent":"BD55"}},{"arcs":[[-178,189,190,-187,191]],"type":"Polygon","properties":{"id":"BD5573","name":"Nilphamari","pcode":"BD5573","parent":"BD55"}},{"arcs":[[-177,192,193,-190]],"type":"Polygon","properties":{"id":"BD5577","name":"Panchagarh","pcode":"BD5577","parent":"BD55"}},{"arcs":[[-179,-192,-186,-183,-181]],"type":"Polygon","properties":{"id":"BD5585","name":"Rangpur","pcode":"BD5585","parent":"BD55"}},{"arcs":[[-176,194,-193]],"type":"Polygon","properties":{"id":"BD5594","name":"Thakurgaon","pcode":"BD5594","parent":"BD55"}},{"arcs":[[-33,-98,195,196,197,198]],"type":"Polygon","properties":{"id":"BD6036","name":"Habiganj","pcode":"BD6036","parent":"BD60"}},{"arcs":[[-198,199,200]],"type":"Polygon","properties":{"id":"BD6058","name":"Moulvibazar","pcode":"BD6058","parent":"BD60"}},{"arcs":[[-97,-153,201,202,-196]],"type":"Polygon","properties":{"id":"BD6090","name":"Sunamganj","pcode":"BD6090","parent":"BD60"}},{"arcs":[[-197,-203,203,-200]],"type":"Polygon","properties":{"id":"BD6091","name":"Sylhet","pcode":"BD6091","parent":"BD60"}}]}}}