{"type":"Topology","arcs":[[[97107,13083],[-70,-7],[-135,-47],[-112,-75],[-133,-35],[-127,70],[-94,9],[-74,33],[-76,-17],[32,-110],[-10,-180],[-220,-137],[-56,48],[-212,52],[-180,-54],[-66,10],[-61,119],[-188,54],[-108,64],[-116,-26],[-50,-49],[-68,35],[-93,-25],[-68,23],[-34,101],[-141,17],[1,62],[-48,40],[-13,258],[77,115],[12,132],[-55,122],[-49,238],[-54,54],[-161,109],[-95,-1],[-181,190],[5,62],[-108,53],[-177,181],[-187,130]],[[93614,14701],[39,99],[-52,39],[-30,138],[-145,93],[-19,35],[56,155],[-95,79],[-145,166],[-52,152],[-425,603],[-44,80],[-116,112],[-138,101],[-157,69],[-53,59],[-154,57],[-188,-18],[-121,79],[-170,68],[-141,22],[-296,20],[-115,50],[-73,66],[-97,135],[-28,125],[6,120]],[[90861,17405],[-85,113],[-113,319],[-137,285],[124,103],[199,120],[155,114],[103,117],[233,329],[120,234],[77,129],[85,91],[82,56],[458,198],[76,93],[107,167],[175,124],[146,150],[338,201],[240,89],[160,74],[30,33]],[[93434,20544],[232,-172],[140,-202],[173,-173],[70,-170],[65,-109],[3,-59],[126,-200],[136,-250],[128,-184],[191,-161],[74,-108],[12,-238],[81,-320],[52,-56],[153,-97],[431,-183],[135,-80],[32,-44],[84,-188],[58,-103],[116,-166],[76,-129],[27,-135],[-36,-165],[5,-129],[-51,-142],[-33,-153],[40,-106],[83,-43],[128,-40],[65,-37],[57,-72],[224,-161],[58,-148],[-9,-42],[-140,-183],[-18,-96],[32,-57],[-8,-145],[41,-131],[-6,-161],[12,-52],[79,-94],[50,-129],[55,-193],[78,-118],[47,-143],[86,-73],[49,-68],[62,-146],[7,-60],[97,-155],[26,-116],[61,-136],[71,-39],[-41,-57],[-93,-344]],[[91488,28994],[77,-136],[34,-109],[0,-147],[-52,-377],[54,-441],[94,11],[60,-24],[173,-8],[41,-61],[-3,-97],[-37,-96],[-4,-115],[-106,-139],[-13,-61],[94,-67],[159,-48],[121,-65],[182,-142],[70,-104],[33,-99],[11,-155],[-52,-173],[-91,-70],[-177,-47],[-407,-19],[-103,33],[-228,144],[-99,90],[-99,150],[-98,25],[-70,-32],[-111,-103],[-112,-169],[-150,-94],[-458,-263],[46,-101],[139,-95],[171,-149],[236,-258],[139,-186],[96,-108],[205,-277],[126,-199],[154,-192],[58,-102],[85,-222],[136,-205],[137,-314],[53,-100],[47,-141]],[[92049,23337],[151,-448],[219,-348],[55,-159]],[[92474,22382],[-165,5],[-252,-19],[-466,-15],[-243,39],[-154,38],[-152,93],[-169,216],[-95,163],[-131,92],[-84,32],[-196,-8],[-143,-40],[-130,-8],[-117,46]],[[89977,23016],[-114,109],[-63,4],[42,197],[77,-1],[129,35],[63,44],[-63,48],[-265,4],[-21,45],[40,108],[-111,25],[-99,80],[-129,14],[-69,25],[-104,-15],[-103,114],[-85,122],[-146,67],[119,66],[-2,77],[154,101],[48,76],[-176,80],[-102,-14],[-29,24]],[[88968,24451],[-10,55],[-206,-24],[66,107],[123,58],[6,84],[-128,30],[-63,-18],[-138,43],[-83,-4],[-23,50],[106,94],[83,-52],[70,18],[49,88],[99,49],[185,61],[48,130],[-51,57],[-218,168],[71,49],[26,67],[94,30],[44,61],[-16,95],[-173,13],[-21,82],[40,103],[-34,61],[-99,54],[4,57],[144,106],[-36,63],[58,59],[-77,53],[-42,92],[-137,38]],[[88729,26528],[9,52],[-173,234],[68,20],[-10,102],[40,34],[-88,117],[-55,24],[-77,81],[64,121],[-31,25],[59,73],[-51,82],[47,26],[-12,84],[-37,68],[-75,41],[-29,112],[96,46],[11,72],[-27,111],[209,158],[62,174],[-25,78]],[[88704,28463],[-50,116],[89,33],[31,97],[-9,66],[48,31],[-82,145],[-71,3],[-53,64],[20,80]],[[88627,29098],[369,28],[193,2],[326,-20],[127,-28],[101,-54],[126,-159],[64,-128],[30,-157],[39,-84],[74,-41],[106,4],[150,54],[375,176],[167,66],[324,153],[290,84]],[[90861,17405],[-63,-26],[-248,-167],[-142,-74],[-174,-57],[-147,-5],[-28,48],[-16,190],[-58,9],[-214,-63],[-95,19],[-98,76],[-93,-7],[-44,-99],[-169,-9],[-129,-24],[-35,-67],[-263,-19],[-87,-37],[-154,24],[-159,-106],[-123,-8]],[[88322,17003],[-54,16],[-156,117],[-254,35],[-141,135],[-137,-2],[-2,40],[105,-4],[57,70],[84,-11],[98,67],[-1,64],[-292,50],[136,55],[2,56],[107,70],[-68,69],[-116,29],[23,36],[-62,131],[-122,12],[-63,56],[137,94],[109,37],[-43,76],[72,88],[94,22],[89,-20],[11,85],[-77,25],[-78,108],[189,-20],[58,38],[-6,65],[-80,28],[-78,79],[4,34],[100,73],[-94,32],[5,56],[72,-3],[138,-46],[156,4],[111,-13],[26,-27],[156,27],[265,5],[48,83],[-95,22],[-18,63],[54,80],[110,213],[23,84],[66,52],[66,16],[187,122],[-26,94],[79,41],[59,-11],[-11,-133],[18,-43],[118,-52],[108,18],[-9,76],[27,85],[40,26],[194,-23],[133,25],[3,69],[-77,68],[2,69],[-86,104],[37,161],[-121,90],[-52,66],[-123,-25],[-25,-55],[-78,-16],[9,102],[-28,66],[-46,6],[32,159],[-1,82],[-97,23],[-134,-3],[-91,-52],[20,-33],[-50,-61],[82,-76],[15,-65],[86,-38],[1,-48],[53,-56],[11,-76],[-21,-66],[62,-47],[-25,-79],[108,-39],[3,-103],[102,-50],[-21,-147],[29,-103],[-71,-6],[-97,60],[19,135],[-65,48],[-103,4],[-58,-53],[-23,-77],[-126,-64],[-64,-91],[-175,72],[-66,-38],[-160,10],[-49,18],[-42,115],[-105,63],[-14,70],[-45,41],[-71,7],[-117,-23],[-35,-44],[-134,-13],[-110,9],[-102,-15],[-16,82],[-52,39],[-8,119],[-231,-12],[-82,28],[-130,6],[-35,63],[-47,7],[-14,87],[55,37],[-37,67],[114,130],[128,18],[10,77],[41,59],[-84,82],[-13,125],[-69,74],[3,54],[59,14],[-88,243],[23,180],[-106,48],[3,56],[-88,28],[-38,60],[-95,82],[-82,-15],[-86,37],[18,130]],[[86792,21839],[115,78],[50,60],[83,55],[134,-27],[65,58],[94,20],[52,-51],[168,-12],[164,46],[2,69],[49,46],[186,40],[42,-47],[-113,-42],[-53,-190],[139,-43],[16,-91],[105,-41],[120,-74],[165,67],[119,4],[89,46],[55,-22],[96,8],[145,48],[85,11],[51,-36],[171,23],[43,64],[-92,23],[-121,104],[-31,62],[25,104],[-71,-5],[7,116],[-72,26],[6,68],[109,38],[160,-1],[94,-51],[66,-10],[83,23],[74,90],[184,21],[-63,89],[73,105],[67,-3],[126,96],[75,40],[112,17],[3,83],[-72,27],[6,48]],[[92474,22382],[20,-121],[64,-190],[33,-173]],[[92591,21898],[10,-116],[131,-267],[21,-122],[102,-171],[89,-97],[179,-166],[128,-148],[61,-145],[122,-122]],[[93614,14701],[-43,33],[-125,-59],[-134,34],[-251,-215],[-60,-20],[-13,-50],[-77,18],[-108,58],[-45,-86],[-18,-170],[-38,-54],[-59,-17],[21,-173],[-46,-35],[-157,-34],[-4,-99],[62,-16],[-9,-99],[-111,-36],[-96,10],[-106,46],[-40,-59],[-60,-6],[-94,30],[-55,59],[-67,14],[-75,-70],[-44,51],[-53,131],[-24,15],[-302,-53],[-178,-1],[-10,-227],[-110,-82],[28,-66],[100,-83],[-97,-23],[-43,-52],[-148,-73],[-50,-93],[64,-115],[-90,-101],[42,-76],[91,-54],[-78,-48],[-56,-87],[-126,10],[-68,-31],[-75,1],[-181,-39],[-7,-61],[-146,46],[-39,-53],[-151,-42],[-51,-96],[-127,-60],[-25,-49],[-81,-7],[-104,-82],[15,-140],[27,-60],[-19,-113],[147,-222],[95,-119],[-14,-29],[135,-86],[45,-61],[-28,-144],[55,-106],[5,-113],[-59,-19],[-91,-116],[48,-48],[102,-172],[36,-21],[-81,-104],[-134,-56],[11,-49],[-80,-73],[-25,-114],[-126,-147],[-86,11],[-227,-125],[-111,-145],[-88,-27]],[[89219,9807],[-56,19],[-18,81],[-70,17],[85,122],[-65,30],[-36,59],[25,51],[-49,42],[4,76],[-40,113],[39,11],[28,99],[96,42],[117,100],[-30,65],[84,145],[-18,66],[67,20],[38,52],[95,68],[-14,72],[42,15],[-51,77],[-200,-21],[-60,156],[-51,35],[22,61],[-129,126],[-4,88],[-125,54],[-92,134],[-41,20],[-9,91],[-103,112],[-9,81],[-46,77],[22,53],[-24,95],[-112,138]],[[88531,12549],[-33,90],[-57,91],[-86,254],[-60,93],[-5,120],[-63,101],[21,43],[-71,76],[103,33],[43,-21],[68,40],[104,-80],[51,28],[46,86],[198,88],[-48,78],[49,61],[-27,53],[53,88],[75,24],[149,-15],[101,6],[118,33],[71,-77],[107,-18],[44,-36],[62,-176],[92,-108],[51,-95],[-16,-38],[110,-165],[124,54],[65,-18],[103,45],[56,75],[129,-24],[94,13],[146,-43],[102,-1],[70,34],[69,99],[-13,49],[-108,22],[-91,69],[19,88],[57,97],[-102,62],[-88,84],[7,120],[-71,88],[111,11],[19,65],[118,21],[-56,67],[29,102],[-14,74],[39,22],[-61,143],[-81,6],[-44,34],[-69,-28],[-113,36],[-32,68],[57,51],[4,61],[-155,94],[-18,78],[-162,10],[-113,-59],[-27,46],[16,102],[-32,59],[-174,-6],[-228,-122],[10,84],[-90,-17],[-60,-70],[-75,55],[-66,6],[23,78],[-36,83],[-61,33],[-48,88],[-79,69],[-49,114],[37,75],[103,25],[20,73],[198,87],[101,64],[131,211],[-125,82],[2,32],[-74,54],[19,42],[-119,92],[-20,63],[65,36],[27,120],[-155,119],[-104,-5],[-31,-72],[-65,-52],[-124,-53],[-91,-11],[-92,87]],[[88535,16646],[40,52],[13,142],[-101,118],[-165,45]],[[91488,28994],[55,16],[224,7],[79,13],[204,6],[102,-19],[257,-106],[179,-57],[142,-11],[410,-1],[30,7]],[[93170,28849],[160,-33],[184,-17],[240,25],[148,-115],[-3,-46],[62,-110],[198,-266],[89,-88],[127,-170],[11,-38],[176,-129],[73,-87],[153,-73],[152,-54],[126,-87],[147,-10],[105,-64],[82,-82],[69,-104],[109,-132],[1,-67],[52,-83],[-31,-98],[22,-110],[45,-53],[155,-47],[53,-37],[73,-129],[18,-126]],[[95966,26419],[-414,-101],[-290,-159],[-168,-63],[-349,-175],[-374,-210],[-115,-38],[-177,-28],[-263,-8],[-221,31],[-130,51],[-102,-88],[-150,-109],[-161,-63],[-115,-27],[-248,-28],[-95,-65],[-43,-56],[-30,-100],[61,-71],[-19,-129],[71,-100],[43,-28],[-12,-76],[-96,-52],[-21,-87],[35,-49],[156,-57],[13,-131],[64,-27],[-27,-92],[-66,-13],[-77,-56],[-14,-42],[67,-56],[36,-102],[-28,-34],[-30,-153],[-71,-94],[-120,-94],[-168,-95],[-194,-77],[-75,-131]],[[95966,26419],[50,-192],[-6,-76],[-36,-65],[43,-70],[217,-176],[47,-148],[11,-246],[-13,-51],[65,-79],[53,-154],[-92,-93],[-25,-86],[37,-235],[-72,-107],[168,-157],[151,-51],[25,-58],[-5,-162],[94,-80],[165,-30],[183,-172],[18,-164],[-101,-211],[-63,-87],[4,-110],[58,-147],[85,-29],[32,-84],[108,-57],[91,-176],[46,-47],[109,-7],[38,-61],[-4,-101],[106,-42],[25,-138],[110,-72],[6,-49],[96,-40],[15,-63],[62,-47],[6,-109],[100,-211],[113,-105],[39,-82],[131,-156],[54,-162],[16,-170],[24,-80]],[[98350,21124],[-223,-34],[-360,-10],[-214,-15],[-238,-1],[-406,-26],[-228,2],[-196,-11],[-261,4],[-188,-18],[-234,-8],[-429,4],[-27,26],[-148,280],[-121,255],[-78,235],[-89,146],[-107,119],[-65,97],[-95,39],[-639,-135],[-136,-39],[-155,18],[-274,-51],[-105,-39],[-243,-38],[-186,-16],[-314,-10]],[[98350,21124],[63,-115],[167,-157]],[[98580,20852],[-28,-107],[64,-148],[-18,-75],[125,-52],[-3,-94],[-236,-97],[-8,-94],[-37,-153],[28,-68],[-13,-57],[40,-41],[2,-125],[23,-136],[-24,-147],[-39,-58],[-20,-123],[-49,-55],[55,-91],[-58,-69],[26,-70],[16,-165],[-61,-105],[-55,-181],[-25,-152],[26,-61],[101,-141],[3,-72],[-34,-118],[-19,-230],[-44,-111],[10,-67],[85,-227],[8,-65],[64,-208],[-27,-328],[9,-332],[38,-101],[98,-152],[1,-138],[17,-124],[71,-303],[7,-174],[-24,-130],[65,-93],[12,-123],[82,-190],[12,-70],[-20,-185],[28,-185],[25,-80],[61,-91],[16,-139],[21,-51],[120,-177],[22,-67],[14,-163],[116,-327],[90,-117],[7,-52],[-28,-118],[37,-226],[49,-194],[130,-250],[56,-163],[96,-235],[133,-117],[55,-97],[83,-69],[42,-180],[-19,-39],[-84,-35],[-200,-35],[-246,-77],[-67,53],[-52,-12],[-117,-116],[-61,17],[-107,-23],[-108,-62],[-59,-83],[-95,-63],[-61,-88],[19,-73],[-101,-34],[-263,-15],[-131,-52],[-74,33],[-66,238],[-40,302],[-85,123],[-29,121],[-98,218],[-100,248],[-75,246],[-53,127],[-65,108],[-3,86],[-82,118],[18,133],[-67,154],[-69,66],[-87,-27],[-165,-22]],[[69296,54957],[-18,-81],[-103,-62],[-217,-74],[-23,-29],[18,-274],[52,-45],[78,-19],[45,-50],[48,-160],[45,-67],[129,-136],[135,-235],[-95,-75],[-154,-168],[-117,-153],[-93,-49],[6,-92],[-47,-128],[-88,-83]],[[68897,52977],[-41,-54],[-90,18],[-145,-86],[-40,76],[-82,15],[-80,50],[-43,88],[-57,59],[-103,-3],[-361,-44],[14,155],[-8,81],[57,50],[5,49],[-64,15],[-194,-89],[-112,75],[-27,-85],[-101,-1],[-21,-55],[-84,40],[-47,-47],[-138,22],[-130,45],[-94,49],[-109,12],[-91,97],[-150,10],[-7,65],[-236,126],[4,82],[62,356]],[[66384,54148],[247,-15],[249,19],[134,-33],[111,-72],[115,-138],[66,-44],[125,-10],[69,35],[36,72],[-49,65],[65,103],[4,111],[109,28],[96,-20],[75,-59],[-13,-54],[-70,-109],[9,-55],[127,-54],[128,-3],[90,29],[62,89],[168,110],[53,54],[-115,191],[37,115],[114,78]],[[68426,54581],[80,28],[35,74],[-16,107],[86,-5],[121,42],[68,-30],[161,-7],[200,45],[49,38],[33,87],[53,-3]],[[65512,57148],[-84,51],[7,-108],[94,-66],[-31,-110],[-90,-43],[46,-64],[-51,-128],[-181,-2],[-182,-19],[-23,-92],[57,-23],[-19,-91],[84,-56],[-16,-46],[-191,-18],[-28,-23],[-16,-133],[-71,-138],[-185,14]],[[64632,56053],[-169,-5],[-60,-39],[-21,-111],[-288,-7],[-174,-68],[-155,0],[-101,92],[-73,5],[-125,54]],[[63466,55974],[14,142],[-27,120],[-78,215],[31,173],[61,97],[134,147],[152,125]],[[63753,56993],[182,160],[361,216],[166,44],[139,93],[124,43],[132,80]],[[64857,57629],[73,-50],[179,-65],[193,-113],[57,54],[133,-17],[76,-119],[-38,-72],[-18,-99]],[[61596,52336],[-18,-74],[34,-104],[-4,-124],[-88,-173]],[[61520,51861],[-52,-9],[-88,-60],[-147,-46],[-81,76],[-148,-19],[-111,58],[-110,11],[-154,-29],[-133,9],[-69,58],[-2,41],[-101,42],[-119,21],[-115,0],[-87,47],[-117,-36],[-90,-3],[-8,198],[-86,81],[-133,-144],[30,-15],[-104,-88],[-146,-37],[-27,-42],[24,-92],[-110,-181],[-14,-93],[30,-57],[94,-30],[110,-100],[28,-103],[-46,-90],[-97,-43],[-87,-14],[-135,23],[-61,60],[-65,172],[-81,12],[-126,-59],[-281,-52]],[[58505,51328],[-41,151],[-66,121],[-147,111],[-130,148],[-43,124],[-7,84],[46,166],[119,136],[103,99]],[[58339,52468],[23,42],[152,126],[118,157],[188,124],[141,144],[84,142],[14,64],[-17,109],[-2,140],[-52,143],[-80,134],[-21,172],[38,93],[105,94],[99,23],[338,15],[550,4],[245,-36],[147,2],[156,35]],[[60565,54195],[113,-220],[97,-40],[-62,-80],[26,-161],[-17,-61],[-59,-42],[-65,5],[-25,-46],[77,-63],[80,21],[229,171],[63,17],[236,-1],[31,-48],[-90,-235],[-3,-57],[45,-69],[86,-13],[118,12],[94,38],[52,-77],[-20,-49],[49,-71],[-1,-68],[38,-59],[-4,-88],[-54,-29],[-169,-43],[-11,-26],[95,-122],[53,-165],[29,-190]],[[68426,54581],[-74,63],[-111,37],[-109,86],[-14,124],[-26,49],[-86,62],[-297,120],[-37,153],[-61,62],[-133,67],[-211,171],[-67,114],[62,44],[54,205],[-112,95],[-44,16],[-229,-12],[-26,53],[-122,34],[11,68],[-20,78],[82,180],[-133,46],[-25,-58],[-175,23],[66,84],[138,107],[21,39],[87,-20],[186,-76],[73,-12],[71,-56],[78,70],[5,57],[56,26],[128,0],[69,-26],[85,13],[139,-76]],[[67725,56591],[24,-144],[42,-90],[76,119],[66,68],[126,230],[-12,88],[-69,-6],[-12,52],[99,18],[22,58],[178,68],[55,70],[110,-3],[51,-26],[187,77],[143,80],[-16,60],[92,31],[4,48],[190,79],[64,107],[16,106],[-20,53],[135,-2],[49,25]],[[69325,57757],[63,-39],[7,-46],[143,45],[95,73],[89,14],[-35,49],[-2,112],[90,19]],[[69775,57984],[109,1],[144,-73],[33,55],[158,15],[81,-8],[5,-110],[-84,-19],[-7,-130],[-81,-81],[19,-183],[100,-24],[45,17],[253,-88],[12,-142],[-14,-56],[184,-67],[-18,-38],[36,-122],[-78,-79],[-22,-154],[-142,-59],[-136,-108],[5,-111],[102,-18],[55,-57]],[[70534,56345],[-16,-106],[-113,-228],[43,-66],[-137,-51],[-118,-18],[-15,101],[-96,84],[-202,-224],[-63,-90],[-126,-243],[178,-119],[62,-223],[-215,21],[-94,-26],[-161,23],[-398,36],[137,-84],[101,-149],[-5,-26]],[[66384,54148],[-170,10],[-78,21]],[[66136,54179],[-197,99],[-153,184],[-96,249],[-7,124],[28,66],[98,129],[46,175],[-4,66],[37,156],[-30,80],[-92,116],[-154,47],[-97,-64],[-111,-41],[-355,-20],[-95,-23],[-104,-50],[-110,-98],[-91,64],[-32,215],[4,112],[-20,138],[31,150]],[[65512,57148],[35,-56],[239,-23],[48,-15],[22,90],[100,-5],[43,59],[242,23],[120,-98],[32,82],[62,4],[-11,72],[49,45],[209,-46],[187,-30],[20,25],[181,18],[71,-29],[214,-6],[55,-165],[-44,-83],[49,-12],[26,-88],[224,-186],[76,-20],[-36,-113]],[[68897,52977],[72,-186],[7,-247],[-14,-54],[-95,-100],[14,-99],[-102,-104],[-56,-112],[-163,114],[-33,67],[-301,39],[-214,-6],[-87,-32],[-298,18],[-86,-39],[-111,-99],[-57,-87],[-28,-106],[-48,-90],[5,-40],[-85,-173],[54,-126],[9,-102],[37,-154],[256,8],[359,20],[248,0],[40,25],[163,-101],[66,-13],[-41,-93],[-39,-169],[-11,-101],[18,-67],[-45,-43],[69,-98],[-76,-6],[-37,-52],[-168,0],[42,122],[-169,45],[-94,-7],[-98,34],[-51,-35],[-84,29],[-67,83],[-122,10],[-5,52],[-87,25]],[[67384,50927],[-160,29],[-57,-37],[-102,-9],[3,-43],[-129,24],[-69,-26],[-26,61],[-95,-8],[-57,83],[3,55],[78,84],[-40,31],[-73,-13],[-100,51],[29,86],[-80,73],[-90,-30],[-38,74],[10,62],[-124,48],[77,49],[-106,24],[-18,50],[116,17],[-16,56],[-56,16],[-251,-7],[-130,11],[-70,102],[16,68],[-142,-46],[-74,52],[1,75],[-106,21],[63,94],[-150,1]],[[65421,52105],[54,23],[-3,61],[-55,16],[-43,-54],[-106,51],[75,38],[-14,148],[-123,-13],[73,117],[-199,-7],[92,76],[-63,22],[-108,-77],[-81,5],[-2,62],[79,-10],[51,51],[0,63],[-62,81],[-51,-63],[-60,-18],[-54,143],[54,28],[-88,180]],[[64787,53028],[99,-37],[53,16],[-39,113],[61,62],[73,-29],[199,-17],[2,32],[144,33],[51,57],[170,46],[101,-3],[125,242],[-84,-12],[-110,43],[-84,70],[-16,72],[-53,36],[4,90],[239,0],[101,25],[27,72],[121,5],[165,235]],[[64787,53028],[-10,10],[-597,-122],[-109,1],[-25,84],[-95,-29],[59,-93],[-298,-23],[-325,-39],[-205,-46],[-35,-100],[-211,3],[-13,28],[-363,-84],[-346,-103],[-21,60],[-268,-23],[-45,-109],[-116,-1],[-35,-51],[-133,-55]],[[60565,54195],[107,49]],[[60672,54244],[240,121],[86,34],[174,-22],[260,-84],[251,-103],[120,-24],[77,5],[165,63],[150,107],[75,71],[126,240],[43,127],[100,162],[55,65],[172,116],[174,68],[54,64],[43,150],[13,147],[-9,111],[20,69],[102,67],[235,93],[68,83]],[[69325,57757],[9,123],[-32,116],[-121,73],[-38,54],[-196,25],[-156,36],[-166,-19],[-28,99],[-51,-1],[-139,-62],[-131,2],[-26,-28],[-2,-94],[34,-41],[112,-41],[-14,-34],[-126,-39],[-75,-101],[-42,-17],[-141,20],[-165,81],[-105,32],[-121,8],[-29,142],[-97,109],[0,147],[-224,127],[-93,32],[-89,72],[30,66],[-29,78],[-65,28],[-140,-4],[-78,-31],[-164,76],[-61,-31],[-126,51],[-74,56],[-7,40],[94,117],[1,70],[106,13],[5,86],[-73,9],[-220,-7],[-15,21],[-214,3],[-31,85],[-129,19],[-59,59],[-83,-36],[-99,-12],[-1,96],[-82,-29],[1,-59],[40,-38],[-15,-62],[32,-97],[-35,-46],[-96,54],[-67,-25],[-98,56],[-69,115],[-50,25],[-123,-20],[-119,11],[14,78],[-67,49],[-219,-19],[-225,94]],[[64463,59517],[143,119],[269,309],[106,19]],[[64981,59964],[86,21],[112,-17],[271,7],[199,-10],[170,-29],[116,-36],[56,13],[-6,98],[-89,76],[-121,49],[-52,78],[56,113],[127,71],[313,12],[154,-18],[412,29],[240,30],[144,41],[76,47],[96,111],[125,24],[143,49],[181,79]],[[67790,60802],[69,-74],[20,-69],[47,-13],[148,-130],[73,-29],[89,-103],[186,-5],[9,-36],[99,-5],[39,40],[72,-46],[206,-27],[31,39],[90,-64],[78,23],[160,-53],[47,6],[70,-47],[70,10],[176,-61],[164,0],[180,-24],[86,31],[110,-12],[104,30],[-62,55],[-84,18],[35,87],[66,54],[-33,63],[71,50],[-6,33],[106,60],[28,93],[63,25],[116,103],[107,36],[114,-13],[88,-41],[104,-2]],[[70926,60804],[81,-81],[16,-144],[57,-8],[-23,-150],[-60,-26],[-30,-67],[7,-95],[-199,15],[-8,-58],[-106,2],[-38,-22],[-23,-87],[-71,-10],[-81,30],[-39,-147],[-142,12],[-20,71],[-107,-7],[-40,-116],[-69,-87],[-68,-40],[5,-65],[207,-65],[181,53],[63,6],[47,58],[101,-52],[6,67],[172,13],[12,-114],[29,-23],[-4,-129],[-150,54],[-125,-17],[-109,-61],[-258,-2],[-21,-90],[-140,11],[-28,-76],[-8,-102],[32,-51],[-46,-180],[-70,-4],[-73,30],[-19,-82],[12,-87],[-135,-23],[4,-84],[190,-2],[-4,-94],[24,-72],[-18,-123],[27,-18],[290,-35],[134,-29],[-21,-50],[-137,18],[-14,-107],[-109,25],[-166,11],[-24,-60],[-20,-163],[-25,-91]],[[64857,57629],[94,84],[159,187],[23,109],[-7,71],[-59,121],[-153,176],[-146,88],[-186,85],[-310,90],[-136,47],[-155,85],[-166,138],[-114,123],[5,50]],[[63706,59083],[145,143],[416,159],[196,132]],[[56875,45320],[-13,-43],[83,-41],[114,-16],[214,6],[-40,-84],[-1,-98],[119,-100],[76,9],[-22,-108],[51,-134],[30,-24],[125,16],[55,-32],[47,-86],[124,62],[56,46],[52,-52],[2,-98],[93,-3],[35,-72],[58,-2],[20,-53],[144,-9],[62,-29],[196,-8],[-2,-136],[160,-45],[43,-58],[109,-10],[70,18]],[[58935,44136],[-56,-49],[39,-31],[102,2],[195,-55],[28,-57],[-31,-95],[71,-41],[88,-2],[221,-31],[43,-45],[9,-93],[-110,-18],[-43,-116]],[[59491,43505],[-132,28],[-81,-89],[-59,5],[45,107],[-76,-4],[-64,-113],[-47,3],[-24,88],[-36,16],[-76,-56],[-66,21],[36,86],[0,97],[-56,15],[-52,-121],[-83,-82],[-58,-86],[-63,-8],[-79,77],[-135,72],[-50,49],[11,75],[-291,-200],[71,-30],[-20,-53],[43,-50],[15,-80],[-44,-47],[5,-62],[-162,6],[11,95],[-112,-24],[-87,-168],[-67,-35],[-27,-115],[-50,-52],[-103,-60],[-2,-56],[105,-51],[-25,-72],[41,-90],[-16,-82],[41,-56],[-147,-102],[2,-32],[-119,-139],[-78,-36]],[[57330,42094],[-119,-33],[-138,35],[-63,-59],[-89,-33],[27,-76],[-73,-9],[-71,34],[-117,-33],[-305,-5],[-345,108],[-53,36],[-657,196],[-54,-53],[-52,-4],[-50,-69],[89,-166],[-76,-22],[-108,7],[11,-56],[-165,59],[-235,175]],[[54687,42126],[86,63],[-35,199],[15,100],[-36,34]],[[54717,42522],[38,68],[104,53],[90,19],[98,75],[11,143],[156,79],[42,147],[73,78],[37,106],[-1,81],[-58,242],[21,145],[53,198],[-69,38],[7,47],[-136,15],[-95,-14],[-48,51],[-72,156],[-61,87],[-197,186],[-37,114],[-57,25],[-112,130],[27,122],[130,-13],[-9,69],[57,105],[75,95],[177,166],[122,94]],[[55083,45429],[4,100],[80,-23],[129,-82],[195,-17],[186,-79],[191,-126],[109,-156],[281,32],[108,207],[47,40],[144,42],[113,-1],[205,-46]],[[59491,43505],[217,-116],[91,97],[208,-25],[19,56],[195,-1],[33,-174],[127,-45],[104,27],[165,-126],[-5,-82],[102,-54],[61,-89],[97,1],[60,-34],[69,9],[93,-77],[157,14],[-33,-127],[50,-19],[35,-93]],[[61336,42647],[-134,-3],[-146,-40],[-94,-49],[-213,-31],[-5,-133],[93,-53],[-47,-58],[-190,-68],[-61,-59],[1,-74],[-145,-46],[-54,-36],[-99,2],[-88,-59],[6,-94],[-123,-34],[-135,5],[-211,-28],[37,-68],[-59,-37],[-73,-292],[30,-61],[-54,-56],[11,-81],[-120,-81]],[[59463,41113],[-332,-1],[-259,-127],[-156,-38],[-1,-41],[86,-45],[-170,-81],[-42,-55],[-110,-41],[-202,-144],[-101,40],[-69,61],[-110,46],[-232,156],[-155,47],[-171,20]],[[57439,40910],[-45,152],[-92,85],[-46,72],[78,60],[12,51],[-64,64],[-131,93],[0,93],[161,39],[-60,179],[68,88],[-33,141],[43,67]],[[57439,40910],[-132,-12],[-310,-148],[-96,1],[-25,-44],[-74,-22],[102,-226],[48,-44],[-49,-64],[-123,-58],[54,-63],[146,-23],[38,-67],[-176,-24],[8,-115],[-241,-309],[-24,-110]],[[56585,39582],[-73,70],[-240,191],[-132,27],[-286,34],[-57,36],[-230,236],[-96,73],[-93,116],[-514,316],[-374,311],[-159,197],[-35,0]],[[54296,41189],[-167,133],[-88,89],[-88,182],[-34,200],[216,32],[317,87],[75,11],[49,95],[111,108]],[[58935,44136],[61,63],[-27,71],[9,250],[-84,44],[-185,12],[-29,45],[-120,-37],[-74,39],[-45,83],[48,90],[4,145],[100,-44],[47,47],[133,20],[22,46],[-73,33],[-62,206],[57,25],[83,-27],[5,69],[136,-12],[231,27],[81,-57],[228,-71],[181,-6],[154,18],[180,53],[10,45]],[[60006,45313],[201,6],[12,-53],[142,48],[87,-53],[69,-125],[143,-111],[165,7],[19,-23],[224,9],[161,-10],[14,-76],[69,-13],[9,-92],[82,20],[280,-6],[35,-141],[111,-1],[3,-74],[40,-28],[139,27],[137,-1],[47,-27]],[[62195,44596],[-63,-165],[45,-64],[-66,-90],[-30,-135],[8,-76],[-117,-24],[-128,31],[-97,-138],[-70,1],[-47,-68],[-127,2],[-12,-48],[-151,-39],[83,-81],[305,-3],[111,-37],[66,-67],[172,-75],[227,-116],[132,-22],[86,51],[81,-2],[6,-43],[-93,-41],[73,-62],[-76,-67],[-117,-8],[-70,-74],[-68,11],[-82,-43],[-112,-30],[30,-115],[-95,-61],[-29,-57],[-76,-28],[34,-102],[14,-234],[-31,-19]],[[61911,42458],[-167,98],[-4,33],[-169,10],[-105,-16],[-9,47],[-121,17]],[[60006,45313],[-56,54],[-11,109],[47,64],[70,-44],[65,7],[-74,88],[-153,225],[-37,171],[-54,103],[-17,79],[-63,4],[-44,92],[-60,61],[111,8],[19,111],[-67,85],[-51,136],[-50,70],[-26,108],[9,123],[76,14],[-5,61]],[[59635,47042],[86,106],[-4,71],[34,40],[84,16],[128,-74],[66,52],[94,20],[4,254],[44,16],[279,-7],[5,116],[174,11],[118,23],[43,-37]],[[60790,47649],[78,-74],[-16,-113],[137,0],[93,-93],[101,7],[131,-18],[93,18],[26,-85],[64,-27],[32,-157],[75,-187],[10,-76],[94,-217],[165,-7],[14,-109],[-38,-89],[72,-30],[159,15],[53,-43],[1,-83],[164,-6],[126,-99],[73,-34],[67,-99],[-7,-62],[47,-92],[-78,-22],[21,-79],[59,-46],[-6,-134],[241,-17],[40,-59],[63,1],[76,96],[68,-1]],[[63088,45628],[57,-140],[-53,-69],[64,-53],[1,-43],[81,-98],[79,1],[131,-58],[55,-89],[12,-128],[-24,-105],[117,-88],[8,-121],[83,-30],[36,64],[66,29],[110,9],[48,-137],[32,-13],[47,-131],[54,-26],[37,-105],[93,36],[40,-93],[53,-4],[-17,-137],[39,-14],[9,-109]],[[64346,43976],[-75,-64],[-165,-20],[-36,26],[-23,105],[-174,24],[-99,-46],[-68,91],[-58,14],[-21,72],[-87,57],[-95,-31],[-138,14],[-117,-24],[-31,80],[-135,66],[-29,55],[-206,80],[-29,-37],[-91,-16],[-80,17],[-33,-31],[-156,34],[-29,119],[-45,37],[-131,-2]],[[56875,45320],[23,33],[111,54],[-60,59],[3,79],[31,33],[34,141],[60,-58],[151,13],[45,-12],[129,19],[137,-57],[122,24],[81,39],[-42,41],[-92,34],[-97,64],[24,102],[90,65],[89,32],[180,-22],[171,-94],[107,-126],[-84,-52],[-123,-25],[9,-33],[166,-31],[163,74],[115,80],[-2,54],[-60,38],[-132,13],[-31,37],[64,178],[55,54],[96,21],[118,-15],[62,-67],[71,-10],[61,46],[43,106],[22,122],[-45,91],[-105,19],[-38,59],[68,95],[38,100]],[[58703,46737],[44,-29],[75,36],[2,58],[126,53],[-30,89],[67,-8],[32,73],[76,61],[21,189],[46,6],[101,-94],[85,14],[0,-51],[287,-92]],[[55083,45429],[-146,20],[-76,224],[-213,139],[-189,67],[-61,80],[-60,33],[-109,131],[-63,22]],[[54166,46145],[-5,178],[93,180],[75,102],[380,383],[121,94],[98,114],[70,159],[24,119],[-22,180],[86,20],[52,143],[0,49],[-141,34],[-28,127],[28,38]],[[54997,48065],[135,-57],[172,7],[55,-14],[208,56],[74,-11],[113,-78],[121,4],[113,23],[140,79],[82,94],[154,40],[76,-3],[134,-38],[164,-73],[131,-35],[217,-31],[92,-1],[146,33]],[[57324,48060],[220,-303],[32,-114],[48,-87],[101,-80],[101,-115],[27,-60],[-23,-119],[10,-132],[27,-32],[148,-27],[100,-58],[126,-50],[66,-136],[69,-36],[51,29],[-86,86],[-8,92],[108,-4],[233,-80],[29,-97]],[[64346,43976],[160,-38],[58,-43],[-25,-42],[14,-116],[76,-32],[12,-58]],[[64641,43647],[-10,-97],[-43,-79]],[[64588,43471],[-118,-77],[-132,-26],[8,-73],[-51,-33],[57,-197],[-160,-42],[37,-98],[-214,-83],[75,-49],[39,-80],[-19,-44],[67,-37],[-33,-69],[28,-154],[108,-5],[8,-52],[-32,-85],[-69,-86],[-170,-20],[-184,14],[-152,-49],[-74,-61]],[[63607,42065],[-87,4],[-160,-28],[-73,-35],[-50,22]],[[63237,42028],[-14,119],[-67,4],[-83,93],[-137,-5],[-168,-33],[-132,13],[-53,30],[-98,-17],[-102,53],[-232,-8],[38,41],[-73,35],[-158,-9],[-7,66],[-40,48]],[[84677,27047],[-48,-75],[-135,-64],[31,-96],[-29,-60],[-97,-44],[13,-103],[96,-95],[-94,-33],[-134,20],[-8,-94],[-36,-90]],[[84236,26313],[-23,-72]],[[84213,26241],[-33,-16],[-271,-6],[-204,68],[-44,2],[-17,-128],[-63,-118],[-104,-91],[-119,-48],[-214,33],[-167,-41],[-160,14],[-47,-67],[35,-36],[234,-72],[28,-26],[61,-139],[-56,-133],[-90,-48],[-113,-8],[-97,21],[-68,56],[-19,59],[-129,119],[-60,32],[-146,5],[-51,-27],[-30,-239],[-25,-123],[48,-157]],[[82292,25127],[-100,-14],[-119,32],[-98,95],[-172,263],[-83,220],[-83,89],[-65,122],[-83,63],[-84,181],[-21,151],[-36,119],[112,157],[-38,151],[-107,62],[-171,130],[155,25],[180,128],[328,197],[85,75],[78,118]],[[81970,27491],[114,-53],[138,-34],[153,-136],[50,56],[102,25],[115,-14],[35,-31],[75,19],[16,77],[62,8],[-32,98],[5,112],[144,9]],[[82947,27627],[107,-22],[75,-45],[68,12],[33,-63],[-62,-23],[28,-53],[128,8],[97,-14],[30,55],[59,-2],[84,-62],[57,74],[133,1],[14,55],[142,-44],[203,29],[63,-152],[165,24],[71,-26],[185,13],[-37,-77],[96,-24],[62,-68],[-53,-98],[-18,-78]],[[84213,26241],[33,-47],[-78,-86],[-22,-84],[184,-26],[-22,-89],[118,-65],[-21,-101],[28,-108],[41,-26],[237,47],[26,-86],[111,-38],[17,-77],[51,-54],[-43,-59],[31,-52],[83,68],[116,2],[66,-158],[87,-37],[-10,-72],[97,-55],[-76,-117],[-54,-14],[-92,39],[-98,109],[0,72],[-226,-30],[-87,-35],[-48,23],[-120,-18],[-91,-93],[29,-116],[-5,-129],[46,-186],[-8,-70],[195,33],[121,-28],[58,69],[229,25],[-66,-62],[2,-49],[-51,-66],[-73,8],[-40,-33],[125,-38],[34,-39],[4,-77],[46,-53],[-15,-62],[76,0],[-37,-89],[42,-94],[-14,-47],[129,-18],[3,-41],[65,-41],[8,-130],[69,-6],[7,-112]],[[85430,23523],[74,-81],[72,-31],[0,-96],[67,-101],[51,-12],[-9,-72],[120,-83],[-7,-97],[-57,-42],[33,-100],[68,-141],[-3,-73],[72,-51],[2,-54],[84,11],[33,-80],[-19,-46],[189,-218],[57,-39],[15,-92]],[[86272,22025],[48,-120],[-108,-23],[14,-89],[-55,-44],[-83,27],[-183,-32],[-206,-12],[-72,16],[-32,45],[-205,11],[-30,-53],[-82,15],[-128,-72],[-61,-13]],[[85089,21681],[-198,53],[-53,-14],[-6,-88],[-100,-113],[69,-33],[-23,-62],[-98,-69],[-84,6],[-31,32],[32,70],[-76,47],[-52,-42],[-62,-97],[-139,63],[-24,-79],[-87,-58],[-73,-14],[-90,37],[-63,-3],[-124,-54],[-19,-111],[58,-57],[-9,-122],[-44,-41],[-118,1],[-66,31]],[[83609,20964],[-23,90],[-11,269],[-117,250],[-62,305],[-3,111],[51,120],[0,67],[-160,83],[-5,73],[-47,20],[-98,-24],[-261,10],[-49,81],[35,277],[65,244],[2,181],[61,329],[-30,157],[-79,48],[-45,172],[57,190],[-8,51],[-62,24],[-126,149],[-82,144],[49,18],[-116,159],[-39,108],[-22,125],[-46,25],[13,74],[-54,213],[-105,20]],[[87209,28940],[-153,-35],[-30,-36],[-109,4],[-106,-51],[-246,20],[-123,32],[-116,79],[-62,9],[-15,77],[-74,42],[-33,158],[-36,26],[-257,-70],[-184,-91],[-83,-22],[-160,-7],[-76,22],[-206,0],[-103,-32],[-282,32],[-239,2],[-211,-100],[-131,-10],[-137,29],[-127,-30],[-6,-24],[-160,-17],[-84,17],[-219,-29],[-123,3],[-91,-60],[-97,-22],[-102,35],[-23,43],[-181,53],[-23,-32],[-102,4]],[[82699,28959],[35,93],[50,301],[54,41],[48,95],[0,158],[105,113],[162,215],[9,41]],[[83162,30016],[154,74],[43,46],[317,136],[303,43],[441,22],[310,-91]],[[84730,30246],[298,-75],[326,-20],[152,18],[150,65],[203,128],[109,-32],[-40,-86],[63,-88],[-52,-115],[99,-14],[6,-90],[132,-14],[-2,-66],[63,-56],[15,-223],[112,-80],[89,-121],[294,-16],[79,38],[84,-8],[138,-95],[15,-94],[136,-124],[10,-138]],[[88729,26528],[-78,13],[-70,43],[-64,120],[-88,36],[-149,-33],[-68,-75],[-8,-76],[45,-71],[91,-61],[46,-73],[1,-93],[46,-110],[-62,-9],[-221,120],[-90,-18],[-107,-156],[-16,-69],[9,-120],[54,-181],[132,-235],[-31,-29],[-131,14],[-55,38],[-55,180],[-146,233],[-90,58],[-304,13],[-148,29],[-144,-15],[-200,-65],[-86,-49],[-107,-101],[-47,-111],[-139,29],[18,130],[30,75],[-55,107],[-57,-2],[-73,111],[-85,26],[-37,-35],[-136,41],[-30,-90],[10,-72],[-76,-73],[34,-123],[-40,-42],[-217,-63],[-82,-4],[-133,32],[-48,40],[-99,-21],[-43,106],[-105,62],[-95,-2],[5,115],[-110,55],[-90,13],[-66,172],[11,40],[-86,40],[-169,-18],[-93,34],[-199,-47],[-97,2]],[[84677,27047],[40,14],[161,-54],[135,-29],[59,39],[121,-15],[14,-44],[165,69],[93,-4],[-7,89],[-31,21],[189,59],[71,59],[4,138],[118,-16],[-14,53],[-89,105],[206,42],[45,-35],[129,-6],[14,-24],[-69,-78],[114,-22],[109,-46],[129,79],[78,-90],[47,-162],[101,19],[75,47],[233,16],[72,140],[69,32],[172,-34],[109,34],[24,50],[100,34],[217,10],[144,-27],[90,16],[-63,112],[30,16],[-45,91],[-107,-5],[-61,47],[-23,76],[-76,63],[-68,141],[-44,44],[-9,92],[104,89],[18,97]],[[87570,28389],[132,-67],[147,12],[119,-27],[15,83],[72,6],[69,54],[134,42],[170,24],[118,-25],[76,-40],[82,12]],[[79245,39605],[16,-18],[186,-7],[9,-97],[47,-112],[-16,-63],[92,-170],[54,-60],[-4,-101],[36,-26],[-25,-64],[67,-13],[-78,-98],[-53,-149],[-36,-33],[27,-59],[-52,-92],[53,-78],[5,-60],[-71,-125],[-93,-77],[14,-96],[42,-60],[146,-79],[70,-56],[1,-57],[95,-37],[80,31],[60,-32],[68,6]],[[79985,37723],[55,-14],[46,-84],[151,-77],[54,-169],[-39,-18],[-4,-118],[76,-43],[29,-64],[81,-36],[-28,-62],[26,-85],[-41,-57],[16,-47],[94,-48],[63,-128],[47,-18],[48,-208],[103,-87],[49,-64],[175,-46],[-48,-79],[132,-88],[-36,-58],[45,-23],[74,59],[-19,87],[111,40],[28,81],[98,112],[192,14],[160,-63],[243,25],[-1,-57],[-92,-60],[2,-113],[110,-4],[19,66],[114,-45],[96,-91],[89,-36],[22,58],[77,55]],[[82402,36130],[61,-12],[-9,-73],[53,-61],[-129,-98],[195,-26],[114,95],[90,46],[133,-15],[61,-52],[144,-13],[7,-122],[113,-41],[26,-40],[-45,-43],[-83,54],[-103,-8],[-70,-215],[-72,-150],[-57,-172],[17,-61],[126,-253],[174,-12],[84,-71],[138,-1],[150,90],[82,-41],[156,52],[125,-34],[63,-73],[-42,-69]],[[83904,34711],[-19,-142],[148,-31],[64,9],[34,-104],[102,-50],[-6,-41],[-173,-149]],[[84054,34203],[-219,1],[-9,154],[-128,12],[-64,-47],[53,-68],[-34,-30],[-141,-44],[-31,-115],[70,-28],[94,-90],[-72,-212],[28,-73],[-72,-2],[-17,-47],[-125,-11],[-131,-112],[87,-60],[-62,-62],[-67,41],[-69,-9],[19,-87],[-102,-50],[-3,-91],[-104,4],[-91,-41],[-32,-118],[-50,-43],[10,-70],[-31,-49],[-23,-265],[-32,-27],[-124,-23],[-64,18],[15,58],[-8,127],[25,99],[-86,-10],[-19,-45],[-171,-139],[-155,-58]],[[82119,32591],[-174,100],[-18,69],[-56,35],[-61,-17],[-73,32],[23,61],[-119,105],[-62,8],[-93,48],[40,115],[-17,35],[69,78],[-32,53],[-144,100],[-12,56],[-154,78],[-57,117],[-128,53],[-98,150],[-231,-97],[-50,-70],[-4,-70],[-132,-20],[-10,-109],[-52,-7],[-63,-56],[-11,-56],[-96,-32],[-89,-72],[-158,54],[-49,58],[-94,-18],[-84,64],[-138,29],[-70,-32],[-123,9],[-51,34],[-114,129],[-104,21],[-18,80],[-70,-1],[-110,51],[-129,-24],[-107,23],[-71,-28]],[[78725,33727],[-33,67],[-63,47],[-39,75],[53,57],[-39,81],[-128,182],[-140,144],[-106,210],[-189,281]],[[78041,34871],[-114,190],[-82,190],[-49,24],[-108,154],[-32,131],[-48,23],[-88,107],[-66,132],[-19,152],[-66,54],[-95,131],[8,89],[64,84],[127,-9],[106,57],[-76,95],[-106,199],[-40,110],[-32,26],[-26,136],[23,62],[-27,71],[81,77],[20,90],[-57,133],[-4,79],[107,141],[29,112],[46,59],[-16,48],[64,181],[-52,61],[-15,70],[53,68],[-33,99],[-77,35],[-109,192],[36,99],[-57,-2],[-59,46],[-21,61],[87,185]],[[77318,38913],[79,50],[-29,79],[56,69],[-28,113],[31,25],[167,-32],[71,42],[74,113],[15,72],[101,60],[-3,103],[44,16],[73,-48],[15,-74],[325,40],[118,-31],[136,62],[79,-44],[74,-7],[36,55],[80,37],[53,56],[112,24],[116,-27],[60,-68],[72,7]],[[82119,32591],[-3,-37],[-97,-97],[-7,-38],[93,-39],[23,-104],[-33,-62],[65,-104],[-80,-49],[-45,-55],[154,-82],[-8,-29],[-112,-45],[68,-27],[54,-93],[75,-35],[-1,-68],[46,-14],[205,30],[75,-34],[106,48],[134,11],[8,-45],[-130,-7],[-29,-45],[25,-67],[74,-11],[8,-132],[99,-15],[1,-75],[-70,-158],[110,-8],[20,-50],[-53,-22],[-170,43],[-70,58],[-95,-10],[-175,-83],[84,-30],[151,5],[160,-13],[60,-49],[-75,-68],[-29,-144],[-100,3],[-1,123],[-29,26],[-123,-18],[-63,-54],[81,-125],[204,-199],[92,-48]],[[82796,30450],[74,-74],[-53,-35],[-15,-89],[-58,-55],[5,-73],[80,-88],[-31,-36],[-276,-46],[-84,35],[-71,-3],[-89,-36],[-128,-1],[-26,146],[-251,-1],[-49,65],[-181,3],[-70,28],[17,92],[-13,94],[28,210],[-69,207],[-22,233],[-143,3],[-202,-45],[-71,-49],[-256,-24],[-69,20],[-205,-45]],[[80568,30886],[-71,50],[-5,41],[-95,88],[-142,107],[-16,106],[130,18],[62,34],[51,81],[-3,67],[-169,106],[-43,3],[14,188],[-117,114],[-96,195],[-140,82],[4,62],[-105,155],[-57,3],[-80,-38],[-76,8],[-49,131],[-55,45],[-7,92],[-72,66],[-24,60],[-55,15],[-49,194],[-128,-36],[-10,141],[-56,117],[-23,115],[-139,226],[-37,79],[-185,126]],[[81970,27491],[2,87],[45,34],[5,73],[-63,85],[-143,72],[-368,32],[-199,65],[-98,79],[-30,70],[21,114],[110,130],[392,206],[122,57],[180,10],[136,43],[104,49],[81,11],[197,100],[17,-21]],[[82481,28787],[13,-30],[142,-12],[37,-119],[3,-111],[36,-149],[61,-54],[54,-122],[-42,-140],[-52,-31],[-45,-70],[14,-117],[97,-30],[124,-5],[24,-170]],[[86792,21839],[-90,-53],[4,86],[-39,152],[-91,-12],[-50,-61],[-91,15],[-26,32],[-137,27]],[[85430,23523],[109,12],[279,5],[95,84],[150,8],[-44,135],[101,59],[108,23],[88,-25],[93,43],[69,55],[61,-4],[72,-77],[6,-70],[160,-60],[155,-195],[219,23],[-36,61],[-86,40],[27,144],[-109,90],[53,30],[77,-12],[89,43],[79,74],[225,46],[43,136],[72,40],[-10,88],[65,37],[86,12],[23,47],[-5,107],[153,60],[113,-6],[29,-62],[182,-29],[85,55],[126,9],[38,-77],[93,-77],[126,-8],[69,17],[76,-38],[72,70],[62,15]],[[78041,34871],[-172,-25],[-114,-97],[-183,-41],[1,-86],[-98,-1],[-217,-33],[-80,52],[-115,5],[-109,-62],[71,-46],[52,-97],[104,28],[67,-86],[-113,7],[-226,-37],[-98,10],[-102,157],[-77,51],[-91,19],[-20,78],[-87,-13],[-29,28],[-184,-73],[-136,-30],[-72,-51],[-337,-107],[-747,-273],[-240,-97]],[[74689,34051],[-71,88]],[[74618,34139],[-365,764],[-261,355],[-187,229],[-104,52]],[[73701,35539],[-12,215],[-38,93],[-62,221],[-53,533],[47,174],[174,165],[29,44],[110,69],[42,64],[14,108],[58,107],[10,108],[-18,94],[39,121],[113,87],[30,117],[-40,68],[-93,17],[-130,-27],[12,123],[-29,96],[68,105],[-89,31],[7,47],[215,-9],[172,17]],[[74277,38327],[346,23]],[[74623,38350],[113,-18],[113,-59],[203,26],[22,80],[80,24],[294,126],[13,58],[-62,92],[20,35],[142,40],[13,59],[-80,98],[-216,46],[-3,41],[60,61],[56,17],[118,-92],[45,-11],[159,173],[59,33],[87,-47],[146,38],[102,-38],[41,-65],[50,16],[-6,74],[41,33],[124,40],[72,53],[-29,39]],[[76400,39322],[158,92],[104,75],[70,-63],[112,50],[76,-68],[90,-1],[-8,-98],[126,-54],[42,-51],[-58,-30],[-83,59],[-73,-25],[-61,-69],[45,-19],[106,44],[42,-19],[-30,-84],[106,33],[63,-37],[-69,-51],[84,-64],[76,-29]],[[82481,28787],[94,47],[66,102],[58,23]],[[87209,28940],[3,-44],[82,-107],[67,-33],[45,-185],[128,-94],[36,-88]],[[84730,30246],[-26,60],[1,113],[28,81],[-16,76],[105,9],[99,56],[97,15],[40,-56],[131,28],[-2,68],[-69,22],[-2,78],[-49,44],[-68,10],[37,60],[-71,28],[-14,43],[70,64],[-34,123],[-2,81],[54,37],[21,109],[146,-5],[16,33]],[[85222,31423],[57,39],[97,-30],[105,50],[83,11],[-1,115],[109,62],[138,-4],[-5,109],[27,36],[95,36],[-70,65],[-21,83],[73,48],[116,32],[-32,157],[-68,34],[-18,149],[-59,13],[-67,62],[22,80],[-7,81],[35,143],[-64,40],[23,47],[-73,84],[-101,58],[-10,78],[85,130],[46,126],[92,74],[197,57],[74,-25],[80,57],[-5,79],[80,-4],[9,62],[75,32],[50,-61],[-12,-126],[38,-21],[155,8],[80,28],[66,-27],[99,56],[222,4],[5,-72],[47,-19],[142,10],[20,-47],[-21,-69],[102,33],[-121,-150],[33,-66],[109,-105],[178,-44],[76,-49],[75,-96]],[[87682,32876],[57,-82],[9,-62],[-72,-73],[81,-40],[41,-61],[26,-139],[-66,-38],[53,-97],[-6,-121],[119,28],[52,-28],[84,-175],[73,-116],[-65,-55],[47,-79],[9,-68],[73,-96],[38,-14],[1,-96],[55,-109],[55,-15],[-77,-90],[87,-82],[4,-91],[-126,-61],[121,-84],[128,-45],[16,-36],[-26,-156],[-77,-135],[-219,-29],[-38,-99],[-154,5],[-11,-68],[27,-56]],[[88001,30313],[-249,-182],[-131,-62],[-2,-22],[128,-145],[67,22],[74,-102],[25,-87],[59,-83],[83,-44],[-11,-45],[51,-56],[240,61],[165,-42],[-58,-71],[36,-119],[-102,-9],[-21,-80],[149,-30],[134,-10],[-11,-109]],[[83162,30016],[-50,67],[-115,76],[40,32],[-71,41],[1,136],[-24,61],[-56,28],[-91,-7]],[[84054,34203],[3,-73],[116,-131],[-42,-177],[6,-65],[53,-59],[-38,-30],[97,-144],[32,-96],[-81,-48],[136,-79],[25,-57],[83,-54],[-6,-91],[74,-30],[82,-255],[38,0],[15,-126],[61,-85],[62,-157],[-5,-138],[76,-153],[13,-148],[21,-83],[95,-147],[-2,-82],[-68,-16],[-86,-180],[63,-66],[94,15],[110,-27],[141,2]],[[76003,31244],[140,-231],[91,-182],[-6,-72],[59,-102],[-25,-59],[42,-95],[79,-78],[24,-106],[-165,-129],[20,-56],[-24,-114],[-139,-105],[-144,-50],[-255,-21],[-127,-61],[-167,-58],[-196,-1],[-132,-24],[-204,40],[-91,37],[-69,-4],[-97,35],[-168,9],[-112,48],[-94,80],[-185,-11],[-119,-91],[-39,-10],[-285,22],[-139,37],[-203,100],[-100,128],[-172,104],[-245,77],[-13,104],[-131,46],[-335,90],[-48,90],[344,24],[-116,120],[-60,252],[-15,164],[-109,7],[-38,169],[4,157],[0,835],[5,129],[28,75],[123,111],[501,1],[-94,185],[3,63],[84,180],[61,89],[166,172],[328,181],[36,-1],[321,-79],[191,-104],[281,-215],[270,-227],[246,-226],[356,-373],[134,-160],[316,-331],[149,-189],[185,-295],[74,-101]],[[71684,33273],[-121,20],[-58,29],[20,86],[108,-69],[51,-66]],[[71602,33236],[-30,-130],[22,-96],[-78,4],[-122,-46],[-124,98],[-158,168],[-97,144],[-52,38],[244,14],[46,-45],[73,44],[73,6],[56,-35],[32,-99],[115,-65]],[[70700,34267],[169,83],[154,99],[79,76],[159,210],[105,198],[102,344],[46,115],[687,-218]],[[72201,35174],[50,-60],[1,-86],[67,1],[115,-50],[157,-133],[67,-130],[88,-84],[-14,-59],[-123,-162],[-79,14],[-212,115],[-166,108],[-73,19],[-26,-232],[17,-18],[-118,-111],[-57,-75],[-14,-86],[-211,19],[-93,19],[-169,9],[-133,32],[-141,7],[-303,-67],[-131,103]],[[80568,30886],[63,-125],[-13,-53],[15,-123],[164,-198],[-8,-119],[43,-92],[148,-170],[3,-56],[46,-114],[-102,-84],[-88,-43],[-10,-72],[-64,4],[-52,-50],[-100,-36],[-92,-2],[-57,-63],[-116,-5],[4,-48],[-270,-72],[-109,-17],[-40,130],[-6,78],[199,1],[-16,42],[-86,90],[-46,158],[9,71],[-92,95],[-38,69],[-222,-4],[-765,-5],[-619,-15],[-409,-16],[-40,77],[-30,191],[-109,365],[-80,206],[-222,415],[-143,238],[-72,84],[-290,279],[-133,146],[-343,336],[-147,176],[-190,261],[-97,103],[-196,138],[-162,103],[-58,67],[-211,180],[-152,161],[-20,62],[6,96],[-44,51],[-283,153],[-137,121]],[[88535,16646],[-62,-50],[-151,-86],[-50,-10],[-63,-81],[-63,-33],[-168,-54],[-31,102],[-48,0],[7,-99],[-90,-32],[-134,40]],[[87682,16343],[-77,84],[-49,-78],[-90,40],[-209,-23],[-106,-30],[-58,-45],[-125,-6],[-59,56],[34,57],[-60,82],[41,74],[-72,69],[-89,6],[-92,81],[-105,19],[-50,-65],[-140,128],[-76,-8],[-149,65],[-90,-62],[24,-109],[-31,-33],[-249,-61],[-143,72]],[[85662,16656],[154,51],[44,47],[-13,138],[-37,24],[-94,-18],[-92,38],[-43,113],[-106,171],[6,88],[43,66],[-33,43],[24,136],[83,175],[-61,103],[-80,-8],[-148,-50],[-148,-65],[-67,3],[-66,40],[-222,54],[-161,153],[-127,159],[-179,434],[-36,106]],[[84303,18657],[-32,208],[9,142],[-45,69],[-142,48],[6,67],[85,125],[89,58],[29,78],[-27,163],[67,57],[15,87],[38,49],[116,44],[81,1],[408,-20],[83,50],[95,136],[64,-5],[99,-86],[80,-22],[116,87],[-2,113],[40,50],[113,-19],[107,-70],[123,51],[-14,71],[-64,16],[7,306],[84,12],[4,99],[-131,16],[-205,-79],[-74,16],[16,58],[-111,-25],[-38,29],[53,75],[-18,53],[-99,-55],[-78,68],[111,44],[-32,49],[-99,-50],[-45,77],[27,63],[-14,53],[61,35],[-4,59],[44,56],[-16,78],[-47,52],[-13,66],[-115,13],[-12,71],[-111,26],[97,80],[138,74],[-131,57]],[[86516,15351],[-133,-4],[4,-138],[-15,-55],[174,-11],[88,29],[78,-96],[7,-94],[69,-112],[110,-24],[149,-1],[63,38],[-36,-149],[-243,-26],[-186,-121],[61,-33],[99,-9],[-51,-111],[-2,-54],[84,-30],[-61,-60],[14,-138],[-25,-51],[56,-27],[81,-147],[21,-138],[-66,29],[-27,-57],[-150,-35],[-140,-14],[22,81],[-104,28],[-53,-40],[-181,46],[-56,-77],[-51,7],[-113,-200],[-123,-62],[-71,-95],[-165,-103],[-58,-12],[-64,39],[-107,-22]],[[85415,13302],[-223,206],[-39,59],[-193,177],[-96,69],[-195,174],[-151,116],[-89,121],[-36,73],[-73,62],[-20,118],[148,30],[155,92],[95,36],[111,18],[108,-25],[3,97]],[[84920,14725],[97,25],[209,190],[123,153],[55,35],[58,88],[88,30],[51,51],[-124,76],[-42,340]],[[85435,15713],[112,-2],[103,60],[77,20],[137,0],[-36,-86],[38,-56],[155,-37],[213,21],[3,61],[92,-5],[64,-35],[116,32],[61,-85],[51,-27],[-12,-61],[-78,-85],[-15,-77]],[[87682,16343],[-137,-124],[19,-50],[117,8],[23,-168],[-133,-34],[-65,15],[-119,-81],[36,-70],[248,-45],[228,-30],[126,32],[61,-11],[48,-73],[-26,-53],[49,-89],[-16,-80],[81,-37],[-69,-121],[31,-69],[98,-28],[6,-64],[-104,-74],[-99,-48],[-85,30],[-51,84],[1,65],[-113,7],[-29,39],[-99,21],[-66,-48],[-206,-19],[-151,30],[-6,74],[-162,40],[-128,5],[-72,-33],[-99,-3],[-213,28],[-90,-18]],[[85435,15713],[-83,417],[-32,111],[34,142],[134,189],[96,67],[78,17]],[[82761,22045],[109,-33],[227,-337],[85,-168],[27,-103],[8,-121],[-10,-174],[-20,-95],[-179,-356],[-191,-295],[-129,-303],[-75,-194],[-226,-419],[-103,-241],[-36,-107],[-118,-75],[-2,-102],[30,-71],[-11,-78],[-57,-54],[-194,-17],[-105,36],[-3,144],[21,68],[-22,54],[24,138],[60,209],[92,114],[156,136],[5,47],[-60,444],[24,62],[112,122],[58,159],[-27,184],[-128,275],[-66,81],[37,280],[88,71],[20,167],[-33,109],[53,89],[174,92],[118,122],[41,81],[113,65],[113,-6]],[[84920,14725],[-149,144],[-146,174],[-154,-39],[-63,9],[-94,81],[-65,8],[-64,-95],[-174,-56],[-167,-22],[-74,-34],[-11,-193],[-79,-85],[-191,-28],[-170,52],[-146,-19],[-158,109],[-147,72],[-285,168],[-409,387],[-53,132],[-62,115],[18,94],[150,90],[17,141],[59,147],[-13,209],[-134,198],[-18,238],[-72,383],[28,382],[98,153],[136,254],[4,213],[28,91],[63,110],[84,78],[70,119],[63,50],[81,166],[-298,113],[-68,40],[179,396],[187,326]],[[82721,19596],[380,-94],[239,-103],[73,-2],[212,-125],[38,-40],[-23,-89],[-73,-69],[4,-139],[-18,-167],[29,-102],[55,-14],[76,60],[91,3],[88,52],[150,52],[63,-13],[49,-147],[149,-2]],[[82721,19596],[425,743],[227,500],[15,147],[221,-22]],[[88531,12549],[-98,-41],[-148,-20],[-98,-52],[-81,-92],[-101,-47],[16,-92],[-55,-26],[-115,37],[-108,-43],[33,-42],[-92,-32],[-150,-149],[-140,-83],[-99,13],[-51,-52],[44,-52],[-68,-27],[-82,23],[-39,-52],[-69,9],[9,-104],[-179,-30],[-103,-33],[-144,2],[-56,27],[-19,55],[-83,57],[-91,129],[-28,4]],[[86336,11836],[-66,91],[-77,53],[-30,140],[-124,302],[-90,173],[-69,178],[-65,91],[-400,438]],[[89789,9247],[2,-54],[-75,-67],[-32,-67],[69,-235],[131,-84],[224,65],[127,-41],[123,-203],[95,-184],[256,-136],[181,-117],[93,-43],[100,-194],[23,-85],[-59,-106],[-98,-96],[-79,-225],[10,-212],[206,-197],[116,-322],[53,-190],[-22,-628],[8,-40],[283,-352],[202,-158],[456,-380],[126,-277],[95,-232],[126,-275],[136,-376],[199,-636],[295,-406],[28,-58],[-35,-60],[7,-74],[75,-238],[93,-93],[7,-69],[-170,53],[-70,-31],[-91,-8],[-151,21],[-141,61],[-203,114],[-315,197],[-173,219],[-58,92],[-124,267],[-41,147],[-133,257],[-41,119],[-170,299],[-53,44],[-267,388],[-244,294],[-28,51],[-363,401],[-244,236],[-25,71],[-131,164],[-129,262],[-90,139],[-98,112],[-98,238],[-17,63],[-119,284],[-76,196],[-63,98],[-138,163],[-103,106],[-296,271],[-367,307],[-397,359]],[[88107,8156],[90,35],[108,-18],[81,46],[-6,125],[-184,75],[-71,59],[-113,127],[35,32],[-72,41],[-134,9],[-58,45],[-54,-6],[-193,178],[-51,25],[-115,125],[94,97],[147,90],[36,77],[256,59],[80,-19],[83,31],[71,-29],[66,9],[81,-53],[70,5],[18,-83],[101,-17],[107,20],[17,-51],[89,-53],[129,-33],[31,45],[128,-1],[94,-21],[49,50],[121,13],[3,-99],[187,-34],[44,55],[-84,15],[56,76],[214,33],[50,23],[81,-12]],[[92366,765],[134,-31],[-68,-152],[-9,-118],[43,-73],[30,-135],[54,-86],[-10,-167],[-99,-3],[-51,63],[-5,108],[50,41],[-25,99],[-12,144],[-122,113],[-90,51],[54,102],[126,44]],[[89219,9807],[-64,-58],[14,-70],[-14,-97],[71,-168],[108,-13],[235,75],[149,-32],[59,-128],[12,-69]],[[88107,8156],[-186,157],[-17,30],[-327,282],[-363,343],[-72,79],[-270,229],[-264,259],[-14,63],[-88,100],[-75,127],[21,57],[0,331],[-35,106],[26,151],[-63,181],[65,433],[10,150],[-33,105],[48,168],[-109,201],[-25,128]],[[68334,48471],[148,-129],[157,36],[176,3],[-116,-240],[131,-48],[159,41],[116,-90],[-4,-80],[152,10],[119,-9],[62,-139],[-18,-316],[48,-27],[-42,-126],[49,-61]],[[69471,47296],[-56,-4],[21,-81],[47,-49],[-8,-47],[-206,-32],[-127,-123],[-78,37],[-71,-39]],[[68993,46958],[-37,9],[-82,-160],[-115,44],[23,114],[-31,32],[-99,-10],[-61,80],[1,214],[-103,-60],[-45,16],[-6,67],[-63,13],[26,138],[80,56],[71,5],[-14,163],[-116,-26],[-136,20],[-51,-70],[-162,-21],[-90,68],[-25,73],[46,84],[-131,26],[-116,65],[-62,-80],[-89,5],[-3,-187],[75,-302],[-9,-40],[-86,-50],[-161,-17],[-4,52],[-213,7],[-241,-74],[-98,-6],[47,-93],[-280,16],[-97,-19],[27,-191],[-28,-25]],[[66535,46894],[-41,-77],[-71,-25],[6,-116]],[[66429,46676],[-52,34],[-85,-7],[-18,-53],[-94,-10],[-92,167],[73,127],[-110,-40],[-84,40],[-172,25],[-33,136],[-12,121],[-92,10],[-10,93],[-165,79],[-90,-5],[-42,38]],[[65351,47431],[-44,23],[2,59]],[[65309,47513],[104,55],[97,-19],[9,77],[189,52],[-3,76],[185,-5],[153,-46],[28,-77],[92,7],[45,-47],[55,30],[84,-14],[120,-70],[-10,79],[-100,287],[207,3],[-3,84],[79,-22],[102,28],[36,-26],[-64,-96],[128,4],[130,-22],[91,67],[101,-20],[75,15],[50,42],[-15,56],[64,104],[-3,183],[127,51],[23,132],[-20,67],[140,0],[98,-33],[104,12],[-13,45],[197,0],[48,-56],[117,16],[178,-61]],[[63088,45628],[-11,66],[55,39],[335,20],[93,-44],[-18,124],[-36,20],[-2,94],[-51,80],[-44,123],[-127,19],[-23,68],[56,160],[104,17],[-7,55],[-92,40],[33,145],[272,27],[85,-98],[100,5],[122,41],[215,26],[42,52],[-57,115],[-18,80],[-7,188],[145,26],[100,-17],[99,-73],[59,74],[102,24],[19,82],[243,13],[69,-108],[61,-18],[66,28],[6,54],[-101,94],[-56,96],[136,16],[297,0],[-1,50]],[[66429,46676],[39,-107],[114,-107],[11,-61],[-9,-209],[38,-51],[38,-176],[59,-101],[118,-154],[31,-11]],[[66868,45699],[106,9],[28,-58],[-169,-64],[-24,-33],[-273,34],[-76,-39],[41,-175],[-139,-47],[-90,3],[-10,-70],[-111,-1],[-101,54],[-7,-145],[-75,-68]],[[65968,45099],[-204,4],[-42,-68],[54,-52],[-2,-121],[-90,-13],[-116,13],[-61,-51],[46,-91],[-62,-68],[-54,-17],[11,-97],[-97,-1],[-4,-79],[-94,-1],[-227,-93],[-57,5],[-34,-98],[-3,-114],[31,-129],[-123,5],[0,-136],[-132,-22],[-5,-227],[-62,-1]],[[67384,50927],[94,-236],[-2,-85],[-47,-125],[1,-73],[38,-93],[-47,-40],[-16,-107],[57,-150]],[[67462,50018],[-76,24],[-193,-8],[-94,-18],[-162,-2],[-59,-72],[-63,-16],[-90,17],[-100,-35],[-82,-57],[-14,-96],[-39,-25],[33,-69],[-82,-158],[-54,-31],[-123,-14],[-75,-34],[-49,19],[-142,-11],[-13,-66],[-66,-73],[-79,-38],[-4,-135],[-82,-55],[-89,46],[-31,78],[-68,-6],[-47,-71],[-121,-48],[-63,8]],[[65335,49072],[26,72],[-64,129],[74,163],[-8,122],[225,63],[-8,80],[-44,16],[-26,213],[-55,-9],[17,-100],[-47,-84],[-169,-6],[-16,123],[14,77],[61,23],[33,146],[-17,268],[-18,73],[-127,21],[99,239],[-10,102],[-116,-51],[-147,-46],[-74,28],[-23,100],[43,83],[55,-5],[44,51],[299,-32],[114,-21],[-23,151],[-63,36],[-135,20],[9,81],[37,27],[-66,115],[-23,91],[18,68],[-139,76]],[[65085,51575],[26,80],[50,6],[59,104],[16,94],[46,49],[10,71],[129,126]],[[65309,47513],[-60,29],[-33,56],[-126,60],[-227,-6],[-133,15],[-36,178]],[[64694,47845],[44,46],[35,171],[123,23],[80,-13],[-3,66],[-82,45],[64,156],[-44,36],[46,159],[2,83],[151,-51],[-5,77],[28,184],[20,19],[-81,82],[86,60],[13,156],[164,-72]],[[67462,50018],[43,-22],[-42,-57],[89,-127],[-19,-93],[28,-34],[253,2],[18,-36],[-46,-95],[229,-128],[26,-62],[166,-181],[-12,-261],[88,1],[69,50],[68,-74],[95,11],[-95,-220],[-101,-173],[15,-48]],[[60790,47649],[53,13],[-3,160],[61,61],[-41,177],[19,50],[206,7],[8,65],[95,4],[-2,52],[78,45],[132,-4],[111,-29]],[[61507,48250],[197,-13]],[[61704,48237],[138,-5],[183,16],[170,-14],[60,74],[94,-30],[46,20],[144,-20],[67,-62],[91,-9],[1,56],[103,-20],[21,-43],[108,7],[35,80],[80,15],[16,-47],[-57,-30],[2,-78],[112,14],[204,-44],[15,-60],[123,-22],[109,13],[25,45],[245,-37],[65,-19],[75,-79],[160,6],[-2,58],[94,2],[76,-73],[287,-101],[100,-5]],[[70284,45695],[127,-23],[64,8],[316,148],[87,-10],[-38,-111],[-154,-27],[-2,-149],[-123,11],[-177,-41],[-134,-351],[135,-79],[259,5],[32,-13],[105,-180],[3,-91],[-174,42],[-145,-123],[45,-112],[257,-61],[36,-45],[-137,-57],[171,-379],[191,-16],[-21,-88],[-148,-34],[6,-85],[101,-40],[3,-639],[20,-483],[-28,-158],[35,-43],[161,-75],[92,-348],[106,-65],[-11,-153],[123,-17],[1,-273],[93,-69],[140,-175],[84,-81],[160,-190]],[[71945,41025],[-155,-23],[-281,-8],[-31,-21],[-104,20],[-93,-9],[-129,-52],[-49,33],[-123,-77],[-203,-83],[-18,-91]],[[70759,40714],[-73,-23],[-47,30],[-163,-26],[-113,54],[-135,-23],[-67,51]],[[70161,40777],[30,52],[-3,121],[-63,110],[75,14],[96,-62],[77,10],[-11,59],[-85,48],[-112,16],[-116,-15],[-29,65],[62,33],[-40,44],[-83,28],[36,48],[-24,45],[-83,1],[-97,50],[30,62],[134,22],[46,62],[-58,55],[90,66],[104,15],[7,36],[-143,50],[19,32],[132,15],[25,33],[-76,68],[-152,-53],[-58,48],[-10,72],[-143,-22],[29,72],[-30,25],[2,153],[-122,47],[116,77],[-27,50],[-64,-9],[-38,-47],[-67,12],[77,112],[140,54],[-17,73],[37,90],[-169,-18],[19,81],[106,-21],[24,60],[-120,0],[39,127],[99,-46],[130,168],[-38,20],[-75,-71],[-80,-28],[14,87],[-101,-4],[-37,25],[38,61],[-73,61],[95,30],[22,-54],[98,12],[-91,97],[-120,-9],[-79,43],[-9,74],[-70,41],[113,113],[101,-23],[-115,200],[-119,0],[-33,39],[-87,-43],[-10,-68],[-97,6],[-82,-23],[-36,51],[137,23],[-77,58],[-32,-35],[-161,54],[36,38],[134,-30],[50,24],[-39,52],[-60,-16],[-116,38],[-63,-11],[-34,85],[-143,-46],[-104,-81]],[[68559,43855],[-2,55],[146,112],[66,32],[-64,48],[80,96],[-78,26],[-226,3],[34,114],[-80,52],[106,127],[-69,38],[56,36],[-83,69],[-51,84],[22,55],[-142,187],[42,38],[-24,59],[-76,64],[54,49],[-2,76],[66,5],[48,66],[56,24],[-5,59],[-125,37],[-59,65],[-19,65],[-59,-2],[-33,116],[45,31]],[[68183,45741],[133,-9],[41,-68],[71,-11],[124,34],[45,60],[-15,57],[-92,3],[-32,89],[67,12],[84,-59],[48,32],[201,-4],[422,-34],[5,-38],[130,-55],[34,44],[82,-79],[106,-22],[184,-3],[70,-60],[145,18],[135,-26],[79,12],[34,61]],[[57324,48060],[298,121],[110,81],[48,125],[-8,70],[-94,78],[-133,88],[-38,78],[-175,222],[-30,110]],[[57302,49033],[102,62],[83,8],[134,-28],[38,49],[-36,91],[32,99],[-4,70],[38,31]],[[57689,49415],[42,-22],[-2,-89],[82,-8],[93,51],[103,7],[118,155],[81,5],[112,-72],[-20,185],[191,17],[66,-143],[32,-200],[25,-86],[-22,-55],[-154,-80],[48,-34],[140,-46],[216,3],[18,-34],[214,-98],[137,-47],[69,-2],[190,69],[166,22],[244,64],[258,102],[210,60],[58,53],[63,-36],[-21,-55],[120,-20],[173,47],[97,55],[3,47],[111,-42],[93,-4],[59,-81],[-16,-28],[-145,-7],[30,-51],[148,7]],[[61119,49024],[138,-2],[44,-133],[9,-157],[25,-121],[-116,-39],[1,-51],[163,-48],[-21,-129],[145,-94]],[[61704,48237],[23,126],[76,25],[88,63],[104,-3],[17,40],[-25,106],[60,81],[8,94],[90,16],[36,178],[72,39],[39,69],[-24,30],[44,168],[201,-2],[159,-17],[-23,54],[50,117],[197,5],[-7,87],[-85,96],[40,46],[-5,84],[-41,54],[26,44],[112,82],[29,145],[52,48],[85,22],[50,41],[98,-4],[49,178],[75,25],[78,-18],[80,-47],[109,27],[184,13],[-29,80],[79,0],[74,146],[-85,60],[-26,100],[142,54],[-48,85],[-62,26],[-47,81],[64,70],[205,87],[90,62],[49,85],[127,49],[257,53],[73,-10],[82,55],[63,-56],[53,64],[199,135]],[[61520,51861],[-1,-69],[-45,-48],[-96,-22],[-84,-50],[-135,-37],[14,-57],[84,9],[36,-37],[-9,-72],[72,-46],[165,-160],[-48,-66],[-68,5],[-196,-68],[-63,-78],[-85,-63],[-34,-53],[95,-26],[168,47],[92,72],[37,-87],[-12,-48],[-153,-77],[-53,-46],[-7,-95],[-42,-78],[-39,-12],[-193,-183],[-86,-98]],[[60834,50318],[-49,-57],[-88,78],[-90,-20],[-86,23],[-201,-64],[-25,-63],[8,-81],[-74,-21],[-57,90],[-87,48],[-63,73],[-81,27],[-87,-18],[9,-77],[-77,-28],[-80,92],[61,75],[-6,65],[-125,15],[-57,-137],[-136,-86],[-149,-19],[-144,-2],[-65,-21],[-104,16],[-101,105]],[[58880,50331],[104,55],[38,81],[0,101],[-31,47],[-167,72],[-255,9],[-74,36],[-172,214]],[[58323,50946],[126,200],[56,182]],[[65968,45099],[86,-81],[-62,-56],[-11,-56],[-126,-64],[59,-96],[81,-24],[58,-77],[93,39],[172,-14],[6,-163],[201,19],[57,-12],[-34,-120],[9,-72],[-28,-65],[117,8],[37,28],[152,11],[5,-83],[154,28],[142,-8],[-90,-172],[118,-19],[81,7],[17,-99],[121,-19],[47,50],[162,6],[169,-9],[8,-127],[-28,-53],[55,-60],[11,-91],[135,-24],[12,-26]],[[67954,43605],[-28,-61],[-31,-212],[16,-51],[-72,-18],[16,-72],[-120,-104],[-109,-23],[-3,-68],[-93,-28],[-60,-110],[-90,-9],[-10,-36],[-220,-32],[-70,2],[-153,-31],[2,-149]],[[66929,42603],[-63,-1],[-63,133],[-83,-30],[-285,7],[-45,-38],[-109,12],[-248,-39],[-142,-8],[-21,76],[77,40],[-5,138],[48,7],[66,100],[-79,14],[-72,49],[-67,-4],[-86,127],[27,61],[-86,3],[-38,31],[48,76],[-52,34],[22,69],[-222,-16],[-45,-82],[-182,-107],[35,-64],[-171,14],[-215,-10],[55,70],[-23,116],[-116,4],[-25,33],[-109,7],[-67,46]],[[66868,45699],[328,63],[76,-35],[159,-12],[67,47],[121,-44],[119,117],[124,-35],[31,51],[96,-21],[194,-89]],[[68559,43855],[-79,-45],[33,-90],[-129,-55],[-40,-79],[-60,3],[-26,52],[-101,-7],[-22,-28],[-181,-1]],[[66929,42603],[-37,-22],[18,-125],[-207,-8],[2,-150],[-120,-182],[12,-52],[59,-43],[17,-100],[51,-13],[20,-93],[107,-7],[17,-172],[86,-8],[37,-91],[73,-95],[-89,-59],[153,2],[23,-83],[10,-135]],[[67161,41167],[-119,-36],[-35,-64]],[[67007,41067],[-127,20],[-158,1],[-54,-18],[-169,9],[-95,-57],[-121,13],[-86,-32],[-181,-22],[-116,-1],[-173,20],[31,93],[-81,25],[-261,0],[-46,60],[-93,21],[-155,9],[-59,82],[-88,32],[-65,80],[26,73],[-61,50]],[[64875,41525],[-24,158],[-31,44],[-163,-35],[-34,-89],[-106,-6],[-66,112],[-182,22],[-211,0],[-28,70],[-122,7],[-99,-36],[-82,4],[-16,86],[32,35],[-23,91],[-48,3],[-65,74]],[[57302,49033],[-11,65],[-241,158],[-132,60],[-131,19],[-141,-18],[-147,27],[-65,64],[-13,86],[75,116],[112,17],[174,-22],[46,7],[7,92],[-135,179],[-99,168],[-44,45],[-210,-66],[-107,7],[-224,71]],[[56016,50108],[81,62],[63,84],[95,187],[90,253],[41,137],[21,170],[62,68],[76,6],[291,-51],[104,88]],[[56940,51112],[242,50],[163,-76],[172,-105],[186,-76],[193,-36],[198,-6],[92,18],[137,65]],[[58880,50331],[-177,28],[-139,-11],[-127,-55],[-34,-49],[60,-41],[-76,-71],[11,-109],[-28,-191],[-76,-83],[-75,-50],[-227,-79],[29,-35],[-100,-60],[-116,-48],[-84,-3],[-32,-59]],[[61119,49024],[51,17],[30,74],[96,72],[-90,43],[28,68],[-110,182],[10,64],[-101,-1],[-15,64],[14,146],[-115,20],[-21,30],[76,113],[-37,66],[101,10],[4,80],[-29,55],[12,83],[-40,50],[-149,58]],[[70161,40777],[-65,7],[-84,89],[-68,-9],[-18,-50],[-179,-26],[-25,-21],[-135,21]],[[69587,40788],[-448,57],[-47,119],[-153,-27],[-58,26],[-71,-88],[-77,-5],[-25,93],[-220,7],[-49,-61],[-111,-32],[-137,-2],[-64,-23],[-96,7],[-68,98],[-157,49],[-102,-16],[-12,62],[-84,121],[-65,59],[-170,-58],[-212,-7]],[[69471,47296],[36,-36],[28,-102],[209,-129],[73,-65],[-133,-99],[244,-133],[24,-36],[77,-596],[171,-22],[85,33],[45,-57],[-7,-49],[-187,-6],[31,-132],[165,-26],[-48,-146]],[[66535,46894],[251,3],[35,-40],[-20,-70],[15,-81],[58,-26],[172,29],[111,39],[-10,263],[105,-19],[86,27],[45,62],[181,17],[-40,-94],[-4,-127],[-63,-216],[-86,-45],[16,-33],[188,-1],[255,15],[39,48],[134,-10],[60,32],[3,63],[68,4],[34,-54],[422,-43],[-17,-131],[82,5],[41,-88],[133,-105],[10,-61],[207,67],[-78,156],[48,82],[104,3],[62,31],[29,128],[-81,64],[-185,-12],[7,61],[86,52],[-45,69]],[[74623,38350],[159,94],[140,-44],[63,-3],[47,43],[-17,50],[-83,92],[-57,164],[-105,72],[91,77],[-86,219],[-57,81],[123,169],[99,72],[8,70],[-45,115],[-113,26],[-4,49],[-113,33],[-113,77],[29,94],[15,138],[-108,18],[-88,54],[-123,5],[-45,37],[-108,-14],[-79,-44],[-164,-7],[-198,26],[-139,4],[-55,-53],[-53,60],[87,75],[2,41],[100,76],[16,93],[-141,12],[0,-55],[-208,48],[-10,72],[110,14],[13,73]],[[73413,40573],[81,10],[31,65],[-68,131],[135,138],[69,-17],[158,92],[161,1],[18,138],[56,-13],[49,-58],[79,2],[161,38],[-37,59],[-130,9],[-28,109],[26,47],[-45,77],[38,83],[-73,75],[345,10],[44,108],[89,4],[110,-47],[66,29],[91,-9],[163,24]],[[75002,41678],[-16,-87],[241,-4],[-70,-162],[231,-45],[6,-88],[-105,-53],[193,-293],[11,-32],[-191,-57],[-21,-76],[217,-1],[-102,-277],[417,-4],[-178,-240],[-71,-69],[202,-10],[-117,-335],[39,-40],[87,-28],[122,33],[64,-11],[-15,-285],[378,-144],[76,-48]],[[70759,40714],[66,-135],[108,-75],[-16,-45],[-117,-20],[-38,-60],[33,-89],[-53,-42],[-117,-11],[-51,-75],[56,-30],[219,65],[1,66],[40,32],[114,-58],[153,10],[10,-53],[-49,-49],[-146,-19],[11,-80],[80,-34],[80,-82],[208,-3],[57,-38],[-46,-88],[155,-4],[164,19],[99,-33],[12,-88],[78,-19],[7,-99],[-102,-92],[109,-35],[48,-43],[-26,-54],[-198,49],[-64,-62],[48,-47],[-4,-59],[-54,-75],[3,-108]],[[71637,39051],[-121,-59],[59,-113],[-135,-56],[-46,6],[-48,-75],[-152,17],[-87,-66],[-10,-43],[114,-26],[25,-29],[-98,-133],[-93,-90],[71,-22]],[[71116,38362],[-195,-88],[-142,-18],[-47,80],[-63,-12],[-42,-77],[-155,-97],[-107,-8],[-144,64],[-187,29],[-3,-103],[-47,-48],[-115,13],[-81,-141],[-163,78]],[[69625,38034],[20,16],[-124,91],[-43,-27],[-80,43],[-8,103],[34,36],[-15,68],[115,-44],[29,59],[116,21],[-67,162],[1,111],[34,57],[-8,113],[18,108],[-69,37],[33,91],[-14,109],[-131,45],[53,53],[-5,152],[51,45],[-6,103],[29,122],[-25,47],[53,122],[-31,258],[72,40],[8,67],[45,43],[-5,62],[-73,118],[78,37],[-72,66],[-97,17],[-14,87],[60,116]],[[74277,38327],[-125,104],[-66,-30],[-36,48],[54,50],[-85,31],[-112,139],[-49,37],[-83,-48],[-95,21],[-51,58],[-146,65],[-86,-11],[23,-132],[-87,-44],[-86,-90],[1,-83],[-127,-25],[-142,34],[25,71],[-81,38],[-63,-17],[-54,52],[-91,-5],[13,-85],[-105,-21],[-38,73],[-71,-6],[-10,87],[-69,73],[15,97],[-39,151],[-110,-35],[-57,17],[-14,217],[-238,17],[-84,37],[-14,-126],[-37,-74],[40,-80],[-107,-26],[-86,47],[-67,98]],[[71945,41025],[284,-107],[84,-50],[164,-69],[95,30],[126,11],[145,56],[90,12]],[[72933,40908],[50,-42],[75,22],[32,-69],[149,-120],[97,-35],[77,-91]],[[72933,40908],[7,33],[-113,16],[39,60],[11,104],[59,24],[14,92],[-194,8],[-61,70],[21,150],[-124,-5],[56,281],[-129,69],[8,178],[-97,150],[-90,257],[-92,52],[-9,165],[11,149]],[[72250,42761],[113,-5],[-12,69],[86,47],[138,20],[59,-23],[-44,-56],[48,-42],[-44,-47],[83,-90],[150,35],[116,9],[30,42],[367,13],[118,48],[74,-111],[20,-142],[-88,-48],[-10,-47],[94,-85],[150,-47],[69,-71],[110,-71],[34,-104],[176,40],[132,14],[19,52],[117,9],[-18,118],[61,34],[9,106],[140,45]],[[74547,42473],[71,-90],[276,34],[5,-21],[-260,-98],[97,-78],[116,-31],[100,-3],[-2,42],[118,33],[-8,-104],[-237,-136],[3,-50],[296,-30],[-70,-45],[17,-85],[83,2],[24,-55],[-167,-24],[-7,-56]],[[72250,42761],[-66,6],[20,151],[-65,1],[32,116],[78,3],[50,205],[-7,66],[-138,5],[101,62],[121,106],[11,32],[-97,115],[277,30],[10,56],[-75,138],[-40,14],[-48,79],[335,17],[-144,135],[-67,4],[0,147],[55,12],[60,-103],[59,-51],[95,-11],[18,48],[-34,208],[-14,220],[151,-56],[29,-83],[60,-50],[-89,-182],[85,-71],[39,67],[77,-35],[142,46],[325,-30],[163,-7],[7,-52],[-114,-99],[-67,-23],[39,-100],[215,39],[99,-102],[166,-202],[-349,-70],[-50,-74],[142,-54],[3,-41],[363,118],[194,-184],[-43,-179],[-249,-34],[303,-135],[75,65],[80,-54],[236,53],[22,-46],[-70,-67],[139,-26],[-16,-62],[-203,-2],[-119,-37],[16,-93],[125,-5],[-73,-161],[-83,-71]],[[73701,35539],[-9,-19],[-468,237],[-173,116],[-68,31],[-330,81],[-149,16],[-175,77],[-149,81],[-106,164],[-74,167],[-109,66],[-38,-61],[-369,-106],[-104,-47],[-105,5],[-88,33],[-99,69],[-54,61],[-110,82],[-114,43],[-97,71],[-35,121],[54,64],[54,12],[125,-15],[132,-46],[64,39],[-106,102],[-1,102],[-34,79],[-114,-8],[-45,25],[-110,6],[-49,68],[54,47],[150,-1],[138,57],[66,-1],[83,-92],[86,8],[44,128],[-13,107],[87,27],[77,-90],[55,-34],[96,20],[-102,68],[8,35],[90,74],[-62,32],[-86,-44],[-164,-9],[-12,82],[109,112],[-37,35],[-137,-19],[-130,98],[118,50],[103,-20],[84,-48],[59,36],[-53,65],[32,76],[11,95],[152,-50],[36,38],[-20,51],[-83,67],[-121,62],[-29,101],[-49,-11],[-22,-70],[-150,25]],[[87114,50583],[39,-15],[175,4],[101,-69],[80,-106],[109,-192],[107,-157],[65,-158],[93,-114],[70,-206],[63,-129],[10,-58],[75,-111],[41,-128],[88,-162],[87,-356],[36,-117],[22,-136],[25,-267],[55,-229],[45,-98],[47,-198],[19,-204],[-35,-114],[-59,-64],[-87,-49],[-419,-148],[-460,-233],[-143,-46],[-388,-190],[-111,-79],[6,-96],[168,-106],[107,-53],[304,-119],[359,-168],[132,-44],[144,-70],[108,-73],[98,-91],[39,-108],[11,-95],[-4,-172],[50,-204],[18,-156],[32,-137],[15,-259],[48,-362],[36,-190],[85,-179],[79,-228],[136,-243],[98,-298],[33,-190],[126,-190],[68,-75],[198,-259],[103,-119],[250,-348],[-19,-12]],[[89692,41810],[-242,8],[-152,-5],[-252,-29],[-198,-45],[-274,-43],[-303,-87],[-376,-79],[-561,-92]],[[87334,41438],[-101,257],[-137,301],[-169,315],[-223,309],[-113,197],[-204,282],[-189,277],[-178,349],[-94,205],[-36,151],[-84,226],[-45,208]],[[85761,44515],[-60,378],[-37,165],[-147,406],[-50,171],[-86,452],[-38,137],[-90,229],[-32,133],[-85,230],[-101,326],[-126,246],[-181,233]],[[84728,47621],[-5,143],[-28,242],[-29,89],[141,57],[9,35],[-68,129],[-67,28],[-1,46],[-100,52],[-66,57],[-3,121],[79,52],[89,16],[-8,61],[-83,112],[2,53],[-60,71],[21,45],[-31,84],[56,62],[-53,58],[19,93],[-52,65],[5,100],[-44,100],[-6,89],[-34,117],[26,132],[-41,127],[-41,58],[-78,53],[-6,84],[-89,111],[116,64],[-23,92],[19,30],[-63,119],[-80,98],[29,49],[9,123],[-47,71],[-6,61],[-101,140],[100,51],[70,81],[116,3],[38,22],[86,-25],[92,19],[-31,57],[-112,21],[7,88],[-33,37],[-18,126],[79,58],[-37,122],[61,3],[15,68],[47,65],[57,15],[162,-17],[37,-63],[191,64],[72,-163],[50,-4],[42,-171],[47,-44],[49,-164],[69,-79],[25,-101],[65,-126],[0,-45],[72,-132],[92,-9],[77,-115],[109,-14],[31,-63],[91,58],[121,-22],[-23,-69],[129,17],[69,-72],[131,-40],[34,-55],[167,-18],[96,26],[121,-17],[79,-39],[129,27],[74,-18],[134,30]],[[84974,40533],[139,-311],[51,-365],[-31,-69],[42,-149],[104,-63],[81,-128],[54,-125],[11,-201],[37,-286],[-13,-109],[-35,-84],[-131,-170],[-101,-148],[-161,-188],[-130,-170],[-69,-41]],[[84822,37926],[-250,33],[-201,1],[-226,-34],[-178,-52],[-172,-79],[-309,-190],[-19,193],[-67,-12]],[[83400,37786],[10,89],[-121,210],[-201,116],[-74,99],[-18,112],[-113,182],[-49,-2],[-197,-106],[-221,-140],[-194,-63],[-123,21],[-106,136],[-187,92],[-130,81]],[[81676,38613],[106,72],[448,154],[122,66],[203,142],[-142,68],[-56,100],[26,37],[-96,70],[-134,38],[35,47],[-102,52],[-34,42],[-95,18],[37,59],[-48,84]],[[81946,39662],[98,92],[49,19],[35,73],[138,144],[92,55],[-55,70],[59,260],[135,-17],[143,7],[143,-8],[2,-83],[-99,-12],[102,-143],[-96,-77],[153,1],[69,36],[24,49],[159,66],[105,119],[101,23],[26,121],[83,31],[208,-124],[209,-82],[284,-26],[118,7],[283,107],[118,71],[89,9],[34,37],[161,40],[45,29]],[[84961,40556],[13,-23]],[[87334,41438],[62,-136]],[[87396,41302],[-228,-32],[-334,-97],[-220,-78],[-321,-151],[-224,-79],[-134,-29],[-394,-45],[45,-44],[13,-122],[-625,-92]],[[84961,40556],[-48,78],[-143,181],[-110,304],[-65,136],[-32,113],[-14,412],[-18,192],[-35,123],[-50,100],[-140,202],[-86,56],[-117,148],[-101,79],[-242,216],[-182,273],[-49,109],[32,39],[-51,106],[69,12],[99,115],[-33,77]],[[83645,43627],[32,67],[64,14],[-69,97],[19,77],[94,21],[27,47],[278,-51],[22,68],[51,44],[125,63],[141,34],[162,7],[65,30],[237,-4],[407,156],[461,218]],[[82402,36130],[30,44],[86,49],[-45,65],[67,233],[122,152],[140,279],[66,74],[169,80],[73,259],[186,185],[91,172],[13,64]],[[84822,37926],[110,-50],[-17,-178],[29,-92],[125,-126],[-4,-112],[47,3]],[[85112,37371],[1,-60],[-102,-184],[-36,-99],[-46,-207],[-30,-326],[34,-183],[30,-70],[168,-245],[236,-393],[106,-261]],[[85473,35343],[-153,-104],[-204,-39],[-281,1],[-106,-8],[-48,-170],[-10,-173],[-27,-97],[-193,-26],[-140,8],[-149,-31],[-139,-11],[-119,18]],[[87396,41302],[143,-292],[70,-109],[22,-67],[100,-151],[139,-260],[133,-196],[83,-223],[147,-447],[12,-126],[-21,-117]],[[88224,39314],[-65,-56],[-170,-92],[-176,-81],[-760,-467],[-242,-211],[-108,-156],[-145,-107],[-160,-41],[-133,5],[-73,61],[-480,97],[-110,14],[-111,-14],[-93,-98],[-81,-204],[45,-77],[363,-319],[64,-70],[-152,-58],[-366,-58],[-159,-11]],[[79985,37723],[82,224],[65,50],[134,19],[148,-72],[91,-28],[73,21],[203,261],[36,59],[180,145],[194,90],[247,93],[118,34],[120,-6]],[[81946,39662],[-12,50],[-120,-9],[-58,-66],[-174,-56],[-41,-55],[-100,73],[-15,114],[-65,68],[8,87],[-28,81],[-196,70],[-174,140],[-61,-39],[-84,46],[-135,37],[14,93],[-78,29]],[[80627,40325],[97,38],[-23,71],[60,11],[47,57],[-43,158],[-93,121],[42,51],[-134,122],[63,71],[92,24],[86,-1],[82,-34],[159,-16],[-8,-95],[89,43],[146,-22],[-6,52],[114,28],[57,81],[76,53],[-56,60],[68,48],[66,-27],[21,63],[254,143],[-100,48],[-103,23],[-87,-21],[-101,20],[29,76],[-23,108],[14,32],[-34,103],[-104,63],[59,200],[-121,7],[18,100],[50,72],[49,20],[-70,122],[-81,94],[59,104],[-77,37],[16,97],[-62,60],[46,47],[-233,120],[68,59],[10,58],[-70,69],[-86,39],[-68,115],[64,16],[-6,66],[-67,47],[69,55],[-17,102],[-131,131],[2,117],[-98,-3],[-71,51],[62,101],[13,62],[-94,63],[43,57],[-26,55],[16,75],[-115,20],[-135,74],[-83,129],[-17,113],[116,93],[17,94],[-42,47],[-141,17],[-110,-8],[-150,18],[-36,48],[81,86],[178,97],[92,36],[480,265],[103,39],[12,53],[-64,150],[24,46],[147,67],[93,71],[13,83],[-51,182],[-94,230],[-8,104],[197,-21],[149,-120],[97,-56],[74,22],[10,143],[52,64],[129,33],[72,-46],[4,-175],[37,-191],[-42,-170],[-120,-115],[13,-16],[204,11]],[[81826,45809],[195,-228],[36,-79],[58,-192],[42,-254],[45,-215],[12,-212],[27,-203],[41,-115],[106,-159],[99,-123],[94,-90],[370,-287],[72,29],[42,51],[70,15],[172,-44],[121,-82],[89,-12],[8,45],[85,42],[35,-69]],[[81826,45809],[133,17],[46,51],[53,194],[-6,158],[16,96],[75,108],[112,80],[206,69],[156,100],[193,92],[124,75],[218,166],[308,137],[185,120],[51,56],[86,37],[124,1],[186,-56],[62,-2],[101,81],[125,166],[59,9],[171,-41],[89,38],[29,60]],[[79245,39605],[94,98],[59,-49],[77,49],[68,124],[290,117],[88,27],[36,82],[167,126],[71,84],[108,25],[29,80],[135,65],[-4,103],[86,18],[71,-70],[-36,-67],[43,-92]],[[61731,36733],[-73,-19],[53,-62],[127,-83],[216,-50],[99,-33],[268,-113],[341,-160],[119,-39],[163,-86],[109,-84],[253,-165],[146,-51],[-10,-94]],[[63542,35694],[-17,-275],[1,-211]],[[63526,35208],[-57,15],[-265,134],[-107,-61],[-83,8],[-154,50],[-55,73],[-144,-72],[-92,-8],[-126,47],[-69,-44],[-115,-30],[-10,-52],[-109,-109],[-121,19],[-37,-77],[-247,-74],[-224,6],[-17,-25],[-145,20],[-275,-70],[-134,-43],[-246,-110],[-161,-63],[-167,-44],[-207,-19],[-267,-60],[-73,-42],[-491,-153]],[[59328,34424],[-34,132],[-38,362],[-80,304],[7,120],[-15,187],[-47,401],[-22,96],[-65,179],[-97,91],[-124,82]],[[58813,36378],[285,166],[214,108],[-5,-37],[197,12],[247,3],[134,-29],[346,393],[27,-10],[-15,216],[113,-6],[54,21],[156,-13],[-96,64],[111,82],[305,-137],[300,-117],[259,-123],[165,-169],[121,-69]],[[58813,36378],[-190,94],[-376,116],[-100,67]],[[58147,36655],[-120,159],[-34,186],[2,259],[-8,62],[5,239],[-29,127],[-522,-10],[-79,-19],[-72,-67],[-49,-2],[-51,-55],[-116,41],[-56,46]],[[57018,37621],[122,58],[79,57],[3,47],[-112,46],[-178,98],[-117,18],[19,191],[-60,122]],[[56774,38258],[190,-44],[87,-5],[448,18],[99,43],[52,133]],[[57650,38403],[64,122],[391,140],[248,6],[193,66],[159,26],[174,-1],[33,97],[8,134],[-107,24],[-70,46],[-8,39],[-102,82],[-63,-21],[-99,69],[-67,21],[-15,52],[107,-12],[110,72],[-20,68],[60,83],[176,-118],[50,72],[-44,95],[-112,82],[126,33],[43,-78],[118,-20],[80,80],[93,60],[153,-16],[78,34],[123,-38],[105,1],[12,97],[109,4],[61,92],[99,89],[100,196],[23,119],[150,124],[193,32],[-10,141],[88,-10]],[[60460,40587],[48,-16],[134,20],[33,-54],[76,-42],[59,-61],[-44,-59],[-58,-24],[75,-77],[175,22],[93,-111],[-45,-49],[22,-65],[270,2],[81,181],[62,5],[78,-54],[96,4],[26,82]],[[61641,40291],[84,-40],[-12,-114],[128,-64],[112,60],[106,5],[136,-44],[109,14],[31,-54],[131,-90],[7,-119],[68,-14],[74,-80],[4,-109],[74,55],[67,4],[76,52],[13,79],[104,-28],[114,-62],[-46,-25],[5,-66],[147,-2],[22,-78],[57,4],[59,-53],[111,18],[53,75],[70,-19],[16,-75],[98,-40],[29,-42],[77,-24],[12,89],[100,15],[139,-32]],[[64016,39487],[-34,-92],[53,-85],[-50,-61],[95,-17],[-55,-81],[-41,-154],[-85,-36],[-94,-84],[87,-43],[-84,-83],[17,-90],[-95,-47],[-5,-59],[66,-72],[-101,-12],[-12,-57],[70,-70],[123,-38],[-1,-52],[-88,-1],[-64,-109],[-53,-39],[94,-130],[35,-92]],[[63794,37883],[-36,-1],[-100,-97],[-115,3],[-87,-88],[-51,-23],[-125,3],[-55,-23],[-150,-11],[-57,-58],[-139,-22],[-81,28],[-57,-68],[5,-50],[86,-76],[9,-76],[-22,-66],[18,-79],[-135,-29],[32,-72],[-73,-43],[-93,-8],[-71,-94],[-39,-126],[-109,-25],[-227,23],[-75,-30],[-316,-42]],[[59463,41113],[155,-40],[117,-75],[51,-52],[181,-27],[11,-30],[128,-62],[196,-56],[-1,-42],[111,-29],[48,-113]],[[57650,38403],[-157,215],[-98,77],[-181,114],[-115,100],[-157,244],[-143,192],[-90,153],[-124,84]],[[63237,42028],[-123,-5],[-7,-41],[-90,-46],[28,-55],[3,-128],[-105,-18],[-5,-96],[-84,-4],[-6,-55],[-65,-26],[2,-70],[68,-4],[-6,-160],[-65,-56],[-65,10],[-140,78],[-26,-125],[-155,-68],[-28,64],[-111,-6],[-30,-86],[33,-87],[48,-29],[-2,-56],[-110,9],[-94,37],[-28,48],[-167,7],[-29,-22],[52,-135],[46,-30],[119,-20],[40,-35],[-10,-74],[57,-106],[83,9],[-4,-104],[-66,26],[-179,2],[32,-64],[-60,-48],[-156,63],[-20,-57],[-60,4],[-42,-112],[-69,-66]],[[63526,35208],[-3,-67],[522,-86],[93,-45],[97,-237],[65,-74],[7,-155],[-291,-183],[-92,-67],[-148,-194],[-139,-230],[112,-66],[209,-211],[81,-114],[89,-165],[39,-143],[16,-217],[-14,-75],[26,-50],[191,-1]],[[64386,32828],[-3,-47],[47,-227],[111,-228],[-9,-40],[-107,-69],[-271,-88],[-83,-59],[-184,-77],[-295,-104],[-198,-84],[-625,-237],[-197,-86]],[[62572,31482],[-46,78],[-212,285],[-59,58],[-160,221],[-193,245],[-113,128],[-104,95],[-227,168]],[[61458,32760],[-154,121],[-237,164],[-353,257],[-263,230],[-125,96],[-212,220],[-139,95],[-142,43],[-310,153],[-119,116],[-76,169]],[[64016,39487],[22,49]],[[64038,39536],[157,-38],[106,-7],[151,-89],[66,6],[-19,129],[70,27],[167,-50],[41,-87],[59,-19],[140,134],[17,88],[57,83],[118,-23],[109,1],[332,-26],[46,-42],[217,-23],[100,23],[150,-4],[49,-126],[115,21],[29,43],[88,8],[84,-24],[268,59],[-3,-158],[194,-11],[57,14],[271,1],[-14,33],[21,120],[105,80],[249,-22],[112,-32],[103,0],[74,30],[174,-3],[62,-20]],[[68160,39632],[74,-58],[9,-58],[-80,3],[-88,-59],[-61,-2],[2,-83],[171,-18],[-40,-94],[-106,2],[-26,-203],[203,-17],[-43,-130],[230,-10],[100,-54],[100,-18],[33,-83],[-48,-71],[-51,-6],[-56,-120],[79,-49],[-40,-127],[-128,-32],[-37,-151],[-130,-62],[-20,-111],[-66,12],[-151,-39],[-33,-37],[-127,-12]],[[67830,37945],[-36,52],[-71,-54],[-78,6],[-52,-46]],[[67593,37903],[-93,37],[-126,-8],[-75,-42],[-94,-2],[-85,55],[-134,-56],[-110,14],[-163,-29],[-175,-12],[-40,18],[26,81],[-55,20],[-20,56],[-58,44],[-104,-9],[-86,53],[-38,-44],[-258,-56],[-67,30],[2,46],[-152,-25],[-57,-113],[-54,-34],[-26,-70],[-85,21],[-73,-32],[-80,24],[-53,-52],[-61,26],[-88,-47],[-93,4],[-55,68],[-76,-5],[-124,-97],[-101,12],[-74,52],[-96,-56],[-137,-6],[-72,-23],[-229,63],[-55,70],[-104,-41],[-101,45]],[[64875,41525],[-71,-8],[-71,-41],[-47,-67],[-83,-67],[-152,3],[8,-68],[-79,-118],[-127,-38],[-56,-56],[66,-59],[-3,-45],[-112,25],[-90,-5],[-87,-58],[38,-68],[83,-18],[-122,-132],[113,-37],[38,-69],[-49,-26],[-108,6],[56,-84],[-57,-75],[71,-76],[34,-104],[-129,-47],[6,-68],[113,-33],[-4,-67],[74,-28],[17,-126],[-12,-152],[-121,2],[-21,-73],[47,-112]],[[74618,34139],[-64,-5],[-93,51],[-231,176],[-209,169],[-285,215],[-288,114],[-215,5],[-1032,310]],[[70700,34267],[-93,-38],[-461,-137],[-110,-104],[-173,-115]],[[69863,33873],[-169,33],[40,39],[-88,67],[-137,155],[-189,166],[-90,66],[-92,43],[-412,66],[-136,56],[-117,65],[-162,49],[-177,30],[-66,33],[-252,191],[-134,119],[-216,170],[-210,99],[-93,82]],[[67163,35402],[-83,94],[88,86],[-46,49],[8,71],[113,16],[-25,76],[-73,92],[-51,99],[0,90],[30,97],[59,69]],[[67183,36241],[116,-65],[140,-55],[101,-84],[46,-82],[134,-91],[178,-47],[131,-17],[110,-149],[244,-5],[198,-17],[302,-48],[366,-70],[300,-66],[-51,92],[-182,231],[-154,10],[94,148],[290,132],[-75,42],[-36,60],[-80,35],[32,41],[-90,31],[70,75],[-134,44],[-94,108],[-29,73],[107,228],[29,215],[55,111],[-32,93],[20,95],[-75,13],[-42,50],[-67,187],[-15,118],[1,150]],[[69091,37827],[99,10],[57,37],[38,82],[94,62],[126,27],[120,-11]],[[64386,32828],[322,4],[410,12],[361,3],[310,15],[64,-8],[307,23],[182,-36],[160,-3],[217,-46],[-12,-47],[392,-50],[84,14],[137,-16],[56,-201],[54,3],[-33,105],[104,-2],[68,-59],[45,2],[47,116],[69,70],[132,-39],[184,-75],[13,-83],[139,24],[314,-109],[25,-19],[-308,-206],[-340,-105],[-29,-25],[110,-378],[10,1]],[[67980,31713],[126,-528],[27,-97],[-38,-169],[25,-13],[377,-6],[121,10],[159,-98],[30,-314],[46,-299],[56,-905],[-196,3],[-666,213],[295,-842],[161,-778],[-9,-116],[-98,-12],[-295,17],[-58,-54],[-1,-92],[41,-141],[6,-162],[-126,-320],[-86,-58],[-6,-156],[-23,-134],[-26,-49],[-27,-134],[-158,-162],[-94,-14],[-78,-128],[-85,-21],[-162,-94],[-86,-88],[-167,-119],[-64,-64],[-176,-115],[-327,-26],[-30,-70],[-162,-11],[-179,-122],[-27,-70],[-312,-224],[-227,-145],[1,-38],[-111,-63],[-165,-49],[-50,-61],[-76,-29],[-281,101],[-232,160],[-55,176],[-3,74],[-598,51]],[[63891,25328],[68,124],[210,344],[104,275],[132,195],[90,226],[-29,97],[-15,204],[6,299],[-73,244],[-22,128],[-1,103],[60,205],[32,71],[24,147],[68,197],[-23,165],[-44,70],[-112,120],[-61,85],[-71,195],[-2,119],[-54,172],[-121,293],[-143,197],[-77,153],[-478,641]],[[63359,30397],[-187,275],[-80,141],[-165,222],[-45,75],[-134,152],[-176,220]],[[65581,23636],[13,49],[93,89],[40,-29],[-38,-67],[-108,-42]],[[65809,24203],[-25,-47],[-82,-9],[-124,-88],[-126,-134],[-192,-98],[-44,117],[34,215],[-47,40],[-50,-66],[-79,-12],[6,92],[435,149],[241,23],[62,-13],[32,-81],[-41,-88]],[[64761,24703],[197,2],[77,-57],[59,-78],[10,-62],[-198,-329],[-70,-159],[-87,-66],[-112,-41],[-39,-39],[-128,14],[-18,50],[77,29],[29,75],[-193,-103],[-106,-70],[-169,-66],[-98,-68],[-149,-37],[-103,82],[-105,37],[-71,119],[-24,160],[-40,43],[-14,218],[16,147],[113,162],[81,69],[351,231],[63,14],[152,-45],[124,-86],[231,-120],[144,-26]],[[72102,29142],[-130,23],[-157,194],[9,99],[232,140],[365,147],[133,-7],[47,-113],[-53,-125],[-125,-113],[-202,-84],[-17,-116],[-102,-45]],[[67830,37945],[25,-130],[93,-11],[143,35],[112,0],[26,-58],[144,28],[-12,64],[101,62],[63,-15],[169,23],[166,46],[81,-41],[59,-78],[91,-43]],[[67183,36241],[-182,82],[-71,61],[-23,55],[44,94],[69,-27],[13,141],[78,41],[-43,65],[25,119],[59,24],[26,61],[-31,34],[99,70],[136,19],[-70,99],[31,45],[-134,214],[114,22],[185,1],[7,-40],[190,3],[-33,158],[-99,225],[20,96]],[[67163,35402],[-263,-199],[-103,4],[-455,119],[-325,45],[-274,15],[-58,-22],[-157,-111],[-138,-36],[-99,32],[-31,80],[-61,26],[-114,11],[-266,57],[-244,78],[-171,15],[-145,50],[-6,47],[-555,-7],[-156,88]],[[68160,39632],[194,18],[-102,75],[-112,61],[-12,40],[-152,-2],[-21,68],[-132,17],[-7,92],[-62,85],[-14,135],[-120,-5],[-78,67],[-56,1],[-39,66],[-109,21],[-85,-14],[-73,133],[-73,-19],[-200,-5],[-125,11],[20,99],[-88,111],[-38,88],[41,87],[93,-3],[51,55],[112,25],[34,128]],[[69863,33873],[480,-433],[109,-108],[194,-240],[166,-252],[153,-282],[312,106],[150,-7],[101,-25],[58,-54],[15,-73],[-143,-53],[50,-36],[126,29],[15,-162],[-43,-60],[16,-36],[-27,-169],[-158,44],[-58,48],[44,192],[-42,-12],[-18,-126],[-77,-77],[106,-218],[-100,13],[-151,-41],[66,-55],[0,-54],[-93,-41],[-60,-78],[-75,-5],[-125,73],[-18,-127],[-83,13],[-1,-66],[-151,1],[-68,-72],[-9,-54],[-125,7],[-135,-66],[-24,55],[-165,241],[-182,152],[-166,163],[2,126],[52,186],[30,64],[-343,1],[-317,19],[-41,-77],[225,-133],[339,-213],[-230,-200],[-146,-41],[-236,5],[-226,43],[-185,-18],[-175,-3],[-100,-20],[-165,52],[-231,-6]],[[69523,30097],[-80,18],[-138,232],[-4,45],[108,99],[71,26],[93,0],[142,-140],[25,-58],[-46,-130],[-67,-51],[-104,-41]],[[69970,30615],[-131,34],[35,88],[91,-14],[5,-108]],[[87114,50583],[35,9],[-28,99],[46,111],[-75,103],[102,117],[30,98],[76,-1],[93,-59],[41,12],[116,-27],[107,73],[-2,79],[80,69],[104,14],[190,58],[44,82],[23,108],[121,73],[132,148],[76,57],[84,92],[12,70],[44,42],[103,32],[106,-17],[84,58],[202,5],[63,-18],[13,-65],[-33,-36],[22,-86],[-46,-62],[61,-76],[98,-31],[-11,-135],[89,-17],[114,53],[145,-60],[135,11],[44,-15],[52,-71],[48,-14],[63,-100],[55,-52],[-12,-47],[60,-89],[-167,-189],[31,-89],[-10,-77],[96,-63],[5,-87],[159,-22],[137,43],[115,187],[38,20],[-40,114],[6,45],[62,77],[-28,64],[90,100],[68,19],[59,51],[-6,58],[-112,237],[71,103],[192,70],[143,22],[136,-13],[214,-57],[95,-67],[35,-115],[118,-17],[36,-76],[72,-57],[35,-150],[-2,-165],[-26,-29],[-16,-102],[-110,-157],[-61,-42],[-124,-170],[-33,-124],[70,-13],[96,-58],[-42,-26],[-48,-86],[28,-108],[53,15],[-18,76],[222,-43],[113,-70],[21,-36],[-146,-17],[-54,-60],[-11,-98],[14,-71],[-33,-184],[65,28],[84,-58],[35,-101],[132,80],[19,-70],[101,-131],[23,-57],[-36,-46],[21,-80],[50,-10],[-45,-102],[120,-107],[-75,-102],[33,-45],[-12,-90],[-38,-35],[-15,-110],[104,8],[97,-97],[-7,-57],[-52,-46],[89,-97],[22,-117],[-21,-103],[47,-126],[-51,-37],[92,-59],[-99,-64],[96,-53],[46,-153],[-73,-9],[-52,-61],[219,-45],[18,-87],[-91,-28],[6,-38],[114,-96],[-82,-48],[51,-99],[25,-129],[-17,-108],[222,88],[96,-43],[44,-312],[32,-27],[128,10],[29,-112],[-94,-4],[71,-247],[75,14],[-63,-174],[157,11],[39,-39],[-161,-85],[35,-61],[105,-44],[117,92],[24,-89],[182,-49],[17,-68],[-53,-54],[69,-16],[26,-75],[-98,-94],[-22,-81],[7,-74],[-40,-59],[-183,-153],[48,-66],[207,20],[25,-30],[-20,-81],[200,-139],[-60,-81],[16,-111],[-57,-124],[109,-66],[29,-95],[88,-184],[-129,-6],[24,-75],[113,-59],[18,-32],[-42,-96],[107,-123],[73,-30],[-44,-62],[-303,-11],[-292,2],[-435,-10],[3,-89],[43,-39],[39,-91],[12,-150],[-39,-124],[-10,-236],[18,-112],[73,4],[66,-68],[-94,-2],[39,-68],[13,-114],[49,-118],[76,-104],[-39,-11],[-35,-76],[10,-104],[-68,-83],[-19,-86],[155,-106],[68,-21],[-30,-72],[-44,-26],[-128,-224],[38,-25],[50,-101],[103,-41],[156,-172],[108,4],[65,-126],[45,-33],[-8,-80]],[[93657,41058],[-304,138],[-173,113],[-162,122],[-179,107],[-149,116],[-140,91],[-163,-235],[-50,-58],[-68,-162],[-11,-140],[-105,-74]],[[92153,41076],[-239,-120],[-28,-55],[-249,26],[-60,-32],[7,-176],[32,-160],[4,-90],[-75,-191],[-65,-32],[-276,-83],[-472,-226],[-140,114],[-37,96],[-24,215],[-14,314],[-290,315],[-257,385],[-78,127],[-191,269],[-9,38]],[[93657,41058],[72,-78],[12,-80],[65,-66],[-3,-76],[40,-29],[-77,-54],[-29,-135],[-99,-43],[-9,-85],[40,-71],[-26,-125],[-76,-155],[65,-27],[25,-70],[-35,-84],[70,-132],[-63,-56],[40,-73],[-17,-68],[-71,-10],[28,-59],[-73,-23],[-80,-65],[-6,-69],[18,-155],[23,-35],[7,-114],[-72,-100],[45,-104],[-66,-27],[74,-44],[16,-51],[175,-3],[240,30],[112,-79],[-81,-175],[125,-56],[8,72],[60,24],[173,-51],[108,72],[38,-1],[-7,-158],[26,-76],[124,-148],[108,-78],[3,-73],[77,5],[190,172],[70,-102],[6,-125],[-20,-85],[41,-52],[210,-74],[-67,-30],[-38,-53],[46,-97],[163,-64],[-71,-91],[-12,-92],[-50,-128],[87,-95],[-53,-50],[-89,-36],[66,-64],[-62,-46],[78,-24],[-6,-45],[56,-143],[97,6],[-35,-81],[115,-69],[9,-58],[-27,-128],[20,-82],[51,-64],[55,-114],[-36,-46],[19,-131],[46,-30],[27,-151]],[[95670,35728],[-98,-44],[-75,-72],[-329,-593],[-145,-314],[-54,-78],[-107,321],[-80,141],[-65,51],[-134,43],[-208,-13],[-161,73],[-73,16],[-149,-36],[-157,-58],[-35,-87],[-102,-73],[-371,-174],[-66,-14],[-310,-35],[-157,-5],[-172,84],[-113,82],[-55,-175],[-46,-75],[7,-57],[-76,-93],[-11,-50],[69,-104],[-9,-131],[-45,-125],[-2,-139]],[[92341,33994],[-39,33],[-215,51],[-262,100],[-301,96],[-419,191],[-160,92],[-100,24],[-164,2],[-92,32],[-65,58],[35,111],[0,130],[-30,64],[-134,95],[-82,186],[8,115],[-48,146],[-179,275],[-43,88],[-140,348],[-76,241],[-43,87],[-109,342]],[[89683,36901],[529,95],[85,35],[208,157],[68,86],[118,82],[87,13],[112,-28],[54,-57],[40,-195],[200,9],[81,45],[65,-7],[220,126],[97,35],[150,7],[391,-91],[168,2],[98,57],[-6,55],[-50,108],[-225,237],[-88,144],[-51,158],[3,224],[-23,215],[-27,109],[31,84],[68,38],[134,-1],[100,36],[20,44],[-10,198],[106,318],[109,201],[27,109],[0,138],[-40,75],[-120,105],[-72,91],[-72,125],[-63,152],[-116,333],[-20,155],[7,121],[44,166],[33,66]],[[93170,28849],[45,96],[-113,47],[-116,92],[-7,53],[-92,10],[-60,49],[-73,7],[-29,94],[-142,197],[70,99],[-129,76],[-79,115],[-44,93],[-36,274],[-197,145],[-83,38],[-168,119],[-115,126]],[[91802,30579],[-60,101],[1,58],[45,105],[70,93],[227,250],[40,135],[-35,122],[-114,140],[-69,25],[2,101],[-206,119],[-99,101]],[[91604,31929],[58,23],[22,73],[-38,38],[94,63],[284,92],[128,63],[190,11],[262,-62],[143,-70],[146,-100],[256,-219],[103,-63],[156,-57],[79,-7],[316,-58]],[[93803,31656],[125,-151],[79,-73],[53,-82],[86,-73],[-18,-72],[85,-75],[11,-57],[-63,-43],[-4,-68],[96,-194],[210,-232],[128,-202],[199,-381],[124,-184],[383,-278],[114,-61],[97,-31],[188,-27],[327,-6],[130,22],[219,86],[155,78],[62,-163],[9,-91],[-23,-110],[185,-47],[100,50],[22,57],[88,32],[67,-7],[193,116],[11,28],[168,22],[57,53]],[[97466,29492],[105,-91],[-10,-64],[26,-62],[66,-18],[68,-184],[-9,-87],[43,-44],[-31,-127],[22,-87],[84,-43],[-16,-53],[50,-58],[-4,-114],[40,-131],[-8,-134],[-70,-67],[-28,-124],[85,-50],[-3,-75],[-102,-39],[33,-84],[182,-95],[81,-138],[32,-237],[-23,-88],[-55,-90],[27,-119],[-25,-93],[118,-165],[20,-153],[36,-123],[-26,-142],[34,-64],[-17,-57],[235,-31],[29,-51],[-19,-197],[65,-347],[-75,-14],[-8,-148],[-141,-37],[-99,24],[-98,76],[27,139],[-17,32],[-258,50],[-139,-103],[-162,-38],[-71,-107],[57,-64],[170,-99],[38,-48],[31,-123],[129,-188],[-3,-101],[112,-120],[47,-20],[1,-97],[46,-157],[64,-60],[112,-41],[-27,-155],[-118,-144],[-9,-45],[51,-122],[103,-69],[19,-137],[-37,-78],[-18,-117],[23,-45],[117,-85],[53,-14],[88,-117],[5,-108],[-137,-70],[2,-47],[51,-94],[-4,-49],[68,-86],[6,-113],[46,-76],[-31,-123],[116,-163],[-31,-82],[183,-311],[92,-254],[65,-300],[32,-46],[-37,-249],[-208,-10],[-74,-118],[-73,-43]],[[95670,35728],[29,-44],[118,-62],[267,-67],[69,-35],[96,30],[44,-20],[52,-146],[150,-117],[11,-119],[-68,-78],[34,-57],[71,-226],[-1,-70],[82,-157],[-1,-77],[65,-26],[10,-119],[61,-16],[-45,-69],[-60,-39],[23,-308],[58,-64],[-14,-46],[114,0],[-1,-78],[-99,-122],[48,-23],[-21,-73],[71,-54],[-42,-124],[94,-74],[57,-105],[-51,-36],[-44,-94],[95,-7],[4,-181],[-96,-42],[-124,10],[21,-108],[-110,-125],[97,-27],[107,-116],[-11,-89],[115,5],[49,-73],[-3,-63],[38,-46],[-34,-93],[155,-221],[57,-7],[26,-124],[-53,6],[-32,-102],[-88,-61],[55,-190],[-23,-152],[49,-25],[-30,-68],[21,-123],[91,-101],[-38,-39],[64,-111],[-26,-71],[13,-88],[75,-136],[0,-118],[-73,-62],[73,-56],[-35,-44],[-1,-95],[79,23],[25,-59],[-48,-23],[97,-64],[-69,-28],[71,-53],[36,-106],[-10,-93],[-38,-18],[48,-157]],[[93803,31656],[-61,121],[-118,134],[-93,137],[-74,181],[-103,145],[20,132],[-164,224],[-57,13],[-23,77],[-77,118],[-12,58],[-166,171],[-63,92],[-18,174],[-67,67],[-266,151],[-48,45],[-72,298]],[[87682,32876],[181,64],[213,59]],[[88076,32999],[186,61],[83,-100],[137,-218],[175,-216],[107,-190],[96,-140],[111,-137],[81,-78],[6,-129],[87,-57],[6,-40],[93,-23],[39,-42],[111,-57],[86,20],[143,130],[95,14],[211,-17],[268,-39],[190,-81],[-11,-103],[103,-5],[98,-45],[210,30],[198,-27],[202,76],[85,9],[75,39],[64,-48],[73,-11],[71,64],[-77,81],[-41,153],[60,47],[107,9]],[[91802,30579],[-94,-106],[-293,-235],[-333,-168],[-172,-66],[-278,-182],[-244,-229],[-176,-324],[-117,-22],[-204,74],[-205,124],[-458,364],[-114,40],[-426,77],[-252,37],[-77,27],[-180,136],[-178,187]],[[85473,35343],[119,-155]],[[85592,35188],[176,-191],[94,-64],[97,-43],[287,-100],[235,-65],[235,-137],[178,-49],[152,-97],[185,-205],[75,-18],[211,-8],[164,-73],[81,-158],[112,-97],[26,-97],[186,-244],[61,-185],[4,-122],[-264,-103],[153,-96],[36,-37]],[[89683,36901],[-131,222],[-57,73]],[[89495,37196],[-269,331],[-166,220],[-79,128],[-347,512],[-104,145],[-145,236],[-86,234],[-36,194],[-39,118]],[[89495,37196],[-174,-34],[-370,-95],[-124,-49],[-230,-165],[-82,-93],[-33,-74],[-4,-129],[16,-96],[-133,-158],[-102,-47],[-95,-19],[-30,-94],[38,-104],[-42,-48],[-100,-15],[-138,45],[-58,1],[-154,-61],[-463,-287],[-85,-67],[-322,-190],[-270,-26],[-366,-75],[-387,-64],[-195,-64]],[[45811,56997],[-8,-150],[50,-26],[153,-20],[69,-25],[80,-62],[-18,-68],[81,-47],[-10,-55],[105,-114],[122,-6],[153,25]],[[46588,56449],[28,-10],[-28,-113],[41,-126],[77,-22],[-20,-122],[64,-42],[67,19],[70,-19],[32,-66],[-54,-80],[146,-16],[64,-147],[56,-5],[171,-102],[113,-53],[63,-7],[92,-72],[3,-122],[-76,-15],[14,-81],[-80,-41],[32,-43],[24,-110],[71,-135],[4,-89],[-38,-109],[61,-29],[9,-57],[-32,-87],[7,-67],[64,-71],[0,-162],[108,-115],[43,-95],[23,-171],[73,-158]],[[47880,53709],[-92,-94],[-80,-7],[-210,53],[-132,70],[-169,0],[-121,-61],[-77,39],[-123,-39],[-177,-11],[-173,-48],[-80,-5],[-51,-42],[-95,-2],[-331,25],[-91,-32],[-2,87],[-28,96],[19,27],[-95,105],[-124,83],[-212,219],[-78,47]],[[45358,54219],[-16,33],[-138,72],[-128,129],[-112,226],[-80,27],[-41,53],[-84,2],[-127,45],[1,46],[-128,98],[-78,4]],[[44427,54954],[-52,6],[-70,-101],[-99,-14],[-96,24],[-104,99],[-2,72],[234,106],[-8,67],[-107,-32],[-86,6],[-60,71],[95,61],[2,159],[-38,62],[-71,51],[19,35],[118,11],[133,59],[-5,59],[-173,-36],[-90,2],[-115,33],[-142,-24],[-99,54],[-22,106],[-120,20],[16,96],[-38,121],[96,37],[51,43],[143,41],[68,107],[13,65],[-160,-54],[-72,1],[4,99],[-58,26],[-211,20],[-102,-37],[-84,64],[23,90],[-27,47],[-65,-3],[11,-81],[-95,31],[-77,2],[9,-87],[-100,56]],[[42814,56594],[-73,100],[105,20],[63,-11],[81,79],[17,88],[-58,93],[-144,9],[8,73]],[[42813,57045],[95,87],[99,9],[38,-118],[179,-14],[29,-55],[-103,-60],[-68,21],[14,-89],[97,-41],[120,26],[223,85],[240,28],[184,3],[40,14],[2,79],[42,8],[39,-80],[128,35],[-9,92],[30,42],[159,-4],[46,-75],[124,-12],[94,-129],[176,-143],[147,-10],[27,142],[148,-2],[84,-21],[16,57],[144,67],[197,24],[217,-14]],[[47043,49327],[43,-57],[-26,-31],[-202,-64],[-112,-48],[-127,45],[-110,-105],[-84,-9],[6,-62],[54,-24],[40,-98],[1,-70],[-36,-60],[20,-39],[-80,-121],[-128,54],[-134,-61]],[[46168,48577],[-275,117],[-70,122],[-147,90],[-132,147],[-33,90],[-149,109],[-307,1],[-87,15]],[[44968,49268],[37,104],[-88,1],[-697,-144],[-86,56],[-292,58],[-348,61],[310,160],[-58,38],[-154,58],[-135,70],[-40,93],[-17,122],[198,64],[-33,87],[-72,92],[-21,82],[-290,14],[-150,-8],[-121,-25],[-114,-6]],[[42797,50245],[-35,280],[176,44],[94,71],[48,105],[-7,115]],[[43073,50860],[232,-22],[32,-96],[155,-29],[19,-86],[79,38],[23,102],[151,-13],[61,-69],[-3,-78],[45,-15],[238,97],[80,-10],[111,-60],[210,-54],[232,34],[104,-64],[179,6],[81,-12],[182,16],[16,-47],[-57,-61],[11,-45],[94,-8],[25,70],[122,1],[146,-34],[204,-140],[237,-45],[81,-125],[71,-3],[50,-194],[168,-52],[46,-73],[-70,-37],[48,-74],[56,-40],[19,-66],[-28,-96],[200,-9],[23,-52],[128,-10],[16,-45],[80,-68],[73,35]],[[47717,52715],[125,-21],[253,-219],[31,-51],[-36,-119],[87,-84],[101,-55],[68,-12],[235,35],[94,82],[108,-29],[51,182],[20,113],[34,23],[317,55],[87,-4],[50,-47],[-22,-80],[55,-144],[90,-125],[117,-92],[121,19],[101,-19],[105,29],[90,49]],[[49999,52201],[166,-95],[98,-115],[33,-65],[59,-272],[77,-72],[96,-20],[277,8],[158,20],[105,47],[139,-17],[209,-84],[92,-52],[383,-296],[130,-61],[226,-192]],[[52247,50935],[280,-265],[131,-103],[91,-102],[-29,-103],[-379,-95],[-50,16],[-112,-25],[-202,-134],[-62,-83],[-67,-22]],[[51848,50019],[-226,193],[-212,153],[-76,30],[-85,66],[-117,58],[-73,106],[-69,31],[-490,20],[-167,-144],[-132,-72],[-137,-16],[-280,60],[-133,64],[-126,85],[-144,79],[-260,122],[-155,24],[-131,53],[-68,77]],[[48767,51008],[-166,141],[-100,174],[-184,155],[-181,198]],[[48136,51676],[-91,131],[-87,56],[-190,89],[-55,50],[-195,24],[-128,39],[-46,46],[-44,93],[9,47],[120,135],[22,91],[191,230],[75,8]],[[43073,50860],[-53,58],[96,91],[89,-17],[67,19],[26,95],[143,44],[-55,62],[60,44],[59,189],[-1,87],[69,18],[-57,107]],[[43516,51657],[196,-19],[43,96],[-29,105],[97,22],[72,-33],[242,19],[3,-35],[97,-14],[21,-49],[77,-1],[55,46],[8,62],[67,35]],[[44465,51891],[170,3],[116,31],[138,-36],[8,-167],[217,-33],[44,51],[-30,64],[105,26],[-4,55],[83,111],[93,-1],[42,68],[72,33],[68,99],[100,-21],[58,44],[110,-33],[89,12],[61,-46],[28,-114],[-70,-53],[51,-116],[79,-31],[147,24],[125,-6],[145,-38],[35,-36],[243,-11],[102,36],[85,-21],[81,50],[89,-36],[117,-161],[122,-55],[104,-17],[202,78],[21,28],[235,-13],[190,17]],[[48767,51008],[-32,-12],[-149,-141],[-141,-62],[-12,-96],[-43,-25],[-88,26],[-141,3],[-93,-18],[-105,12],[-29,-115],[11,-92],[35,-45],[-16,-102],[-57,-48]],[[47907,50293],[-84,44],[-55,-17],[-70,-172],[-110,-62],[-122,-91],[5,-178],[-84,-93],[-131,-45],[-109,-59],[-51,0],[-32,-116],[-34,-47],[13,-130]],[[46588,56449],[-57,39],[84,43],[86,10],[68,36],[97,-13],[14,-65],[77,18],[35,60],[58,-8],[66,-68],[75,4],[171,51],[385,3],[-8,121],[-40,83],[6,86],[-43,29],[60,60],[87,-6],[201,-104],[-47,-88],[79,-69],[73,1],[58,-34]],[[48173,56638],[8,-87],[-73,-28],[-75,-83],[-1,-60],[60,-46],[80,-136],[81,-207],[-85,-59],[82,-48],[140,-19],[-15,-53],[40,-41],[95,53],[110,31],[21,-38],[106,-26],[234,-33],[91,-199],[274,10],[99,34],[-29,88],[282,-31],[20,-81],[71,-32],[120,20],[-2,45],[-81,40],[109,35],[46,-23],[75,-111],[7,-152],[33,-105],[-10,-206],[-28,-148],[-47,-48],[-16,-65],[17,-71],[94,-91],[-22,-60],[44,-152],[55,-13],[8,-59],[-22,-18],[-7,-121],[-26,-71],[-89,-100],[81,-54],[-25,-48],[-110,25],[-142,-102],[81,-92],[-70,-77],[15,-51],[-21,-81],[104,-42],[-131,-108],[95,-48],[-48,-119],[90,-129],[-16,-61],[-49,-19],[-1,-123],[-92,-111],[50,-81],[-75,-43],[12,-38],[183,-45],[11,-33],[-77,-46],[-67,-104],[-138,-111],[-33,-52],[42,-26],[181,0],[102,-53]],[[47717,52715],[25,108],[163,347],[47,287],[-19,134],[-53,118]],[[34301,46205],[266,-209],[132,-48],[61,44],[40,-109],[95,33],[83,-39],[17,-92],[143,-27],[93,11],[74,-31],[26,-50],[127,4],[66,28],[106,-16],[31,-185],[61,-17],[174,48],[67,-78],[-24,-102],[132,-64],[214,-133],[210,-99],[15,-70],[-49,-26],[-233,24],[-81,-55],[-15,-105],[234,-79],[95,-74],[66,-4],[67,112],[112,23],[58,-15],[125,-85]],[[36889,44720],[69,-56],[181,-47],[46,-27],[116,-137],[-34,-54],[-111,-47],[-15,-90],[-97,-91],[-156,-20],[-39,-51],[74,-95],[-63,-55],[-133,-49],[-155,-26],[-39,-25],[49,-96],[-31,-75],[-113,-12],[-98,-60],[-131,-150],[-130,-36],[-112,-66]],[[35967,43355],[-99,9],[51,60],[50,111],[-62,93],[-287,250],[-78,28],[-119,-34],[-145,-9],[-185,-54],[-214,-38],[-118,64],[-47,177],[31,128],[116,121],[190,109],[271,65],[88,-6],[136,34],[-77,76],[-241,89],[-246,35],[-172,-14],[-97,26],[-180,105],[-62,98],[73,43],[-32,38]],[[34512,44959],[-127,173],[-100,164],[-111,103],[64,108],[7,71],[-92,166],[56,200],[-18,81],[-94,63],[-56,75],[129,43],[131,-1]],[[44618,46126],[-84,-159],[56,-66],[-50,-115],[-54,-47],[26,-81],[115,-25],[18,-59],[126,-20],[-7,-46],[54,-100],[-26,-42],[-93,1],[-10,-75],[-77,-8],[32,-224],[-18,-35],[-139,-65],[-128,-1],[-39,-81]],[[44320,44878],[-65,117],[-155,-72],[-46,36],[-84,149],[-74,83],[-248,211],[-183,118],[-116,20],[-28,-63],[62,-166],[-6,-114],[-32,-101],[-165,-150],[-15,-93],[-1,-180],[-31,-45]],[[43133,44628],[-65,-7],[-83,139],[-63,55],[-174,80],[10,34],[188,93],[70,56],[64,90],[-17,102],[-78,1],[-75,-36],[-108,-9],[-67,26],[-282,5],[-87,52],[-72,93],[-84,1],[3,92],[-31,58],[-97,98],[-63,28],[-281,66],[-55,84],[-94,-5],[-38,-51],[-10,-75]],[[41544,45698],[-290,-3],[-83,-29],[-122,15],[-47,-45],[-95,170],[-77,347],[-52,45],[49,95],[130,69],[35,124],[39,1],[108,-80],[127,-42],[-2,-65],[42,-73],[122,27],[98,-5],[20,127],[-62,19],[-22,85],[11,60],[-48,72],[-88,39],[-131,33],[-120,137],[21,140],[58,50],[102,48],[131,19],[189,-80],[117,67],[-15,112],[-79,53],[-92,108],[-230,139],[-34,45]],[[41254,47522],[133,48],[31,-17],[100,67],[118,-49],[40,19],[163,-20],[37,65],[226,7],[190,106],[138,-17],[52,-59],[108,-57],[164,14],[-36,-181],[58,-69],[136,-85],[117,-52],[138,-26],[100,49],[31,65],[157,56],[83,82],[111,-18],[0,-85],[59,-44],[-40,-42],[-109,-3],[38,-53],[68,-28],[172,68],[92,-17],[102,-79],[118,-9],[61,18],[71,-48],[11,-73],[-42,-81],[116,-132],[-14,-229],[-124,-108],[-263,-81],[-133,-78],[88,-106],[75,18],[146,-25],[-11,-32],[348,-34],[140,-41]],[[34301,46205],[46,1],[-139,333],[-72,224],[-31,341],[-16,65],[18,90],[118,230]],[[34225,47489],[132,33],[96,-27],[67,9],[-10,82],[47,83],[-90,76],[17,75],[77,165],[36,46],[70,23],[98,-73],[100,2],[73,-36],[61,108],[89,20],[39,-45],[168,2],[31,-38],[129,-30],[126,-74],[142,45],[-81,74],[-30,108],[56,115],[157,8],[137,-76],[61,19],[212,-56]],[[36235,48127],[-124,-85],[-17,-51],[202,-42],[173,37],[17,-41],[-35,-94],[25,-79],[-42,-65],[195,-30],[264,26]],[[36893,47703],[38,-69],[-38,-114],[76,-59],[28,-230],[-51,-57],[97,-23],[-2,-71],[50,-28],[-247,-171],[24,-53],[98,-69],[-54,-38],[5,-60],[99,-41],[110,-21],[-2,-65],[101,-73],[71,-18],[12,-68],[158,-22],[-3,-52],[72,-109],[-63,-44],[21,-42],[198,-89],[138,31],[102,-48],[-138,-125],[74,-84],[116,-98],[-17,-103],[113,-35],[48,-109],[35,-200],[55,-157],[-105,-45]],[[38112,45044],[-60,3],[-115,-56],[18,-93],[-54,-1],[-23,-72],[-71,49],[-122,8],[-57,-92],[-94,-42],[37,-58],[-103,-37],[-50,21],[-108,180],[-65,11],[-52,-79],[26,-78],[-135,-12],[-13,66],[30,37],[-199,89],[-35,-78],[54,-50],[-32,-40]],[[44968,49268],[-66,-263],[-116,23],[-70,70],[-65,135],[-57,29],[-279,-81],[15,-29],[157,-93],[-99,-60],[-375,18],[-321,2],[-411,19],[-233,29],[-119,-50],[-150,60],[-126,-66],[-12,-66],[-97,43],[-70,58],[-177,12],[-80,-52],[-222,56],[-85,-70],[-144,-70],[-8,-33],[-107,-6],[-142,-37],[-23,-59],[-52,-22],[-121,-122],[-159,153]],[[41154,48796],[-45,92],[-107,167],[-136,49]],[[40866,49104],[116,17],[-109,153],[-74,15],[4,100],[-37,65],[-59,6],[-72,78],[15,77],[-115,46],[-59,122],[-119,52],[50,109],[11,123],[57,85],[87,12],[116,105],[45,-32],[192,-20],[127,81],[2,46],[99,68],[74,75]],[[41217,50487],[50,33],[253,-39],[383,-89],[-44,-60],[198,22],[125,27],[287,-150],[266,-7],[62,21]],[[36235,48127],[52,3],[94,67],[120,-46],[121,-4],[70,114],[95,-31],[117,109],[52,87],[79,29],[83,0],[40,30],[-45,62],[-100,45],[-136,34],[-4,50],[-161,51],[-97,54],[-166,148],[-88,25],[-151,-20],[-176,19],[13,112],[130,133],[56,90],[131,76],[34,45],[-17,88],[-101,96],[-99,42]],[[36181,49635],[72,13],[74,-39],[71,37],[118,-23],[3,121],[116,-20],[38,-142],[157,-84],[123,-22],[196,47],[-28,68],[138,36],[101,-7],[53,48],[-41,151],[-166,132],[-114,33],[-106,77],[-121,47],[-7,148],[-46,55],[116,85],[-10,61],[29,58],[-46,94],[-5,126],[-32,54],[-34,139],[-119,59],[149,49],[54,59],[47,-13],[37,-93],[70,-77],[127,8],[246,-14],[-11,173]],[[37430,51079],[117,25],[63,43],[258,-18],[149,49],[33,-27],[114,15],[-8,47],[49,57],[18,334],[41,44],[391,145],[112,-101],[349,-76],[143,-19],[-4,-35],[84,-90],[32,87],[-64,85],[111,22]],[[39418,51666],[149,-85],[153,-68],[217,-83],[140,-70],[238,-146],[245,-187],[296,-257],[57,-60],[116,-163],[7,-57],[110,15],[71,-18]],[[40866,49104],[-279,-6],[-141,-90],[-136,-119],[-74,-44],[-83,-87],[-309,-128],[-73,-98],[66,-122],[-129,-10],[-40,-58],[-154,-16],[-170,9],[26,-90],[-33,-45]],[[39337,48200],[-53,-87],[-97,-19],[-65,26],[-35,-43],[-99,2],[-79,-41],[-76,80],[-122,-3],[-33,78],[-55,38],[-179,-32],[-26,-92],[-38,-32],[-84,5],[-19,-42],[61,-45],[-77,-58],[-157,17],[-47,-38],[-157,13],[-61,26],[-112,6],[5,148],[-207,84],[-57,-2],[-341,-310],[-62,58],[-92,34],[-88,-210],[8,-58]],[[34225,47489],[-26,185],[-19,34],[-277,188],[-140,79],[-207,95],[-429,135],[-187,39],[-354,103],[-237,2],[-107,-80],[16,-69],[-52,-134],[-95,15],[-17,-47],[133,-161],[-5,-91],[-92,-49],[-67,-7]],[[32063,47726],[-135,4],[-134,57],[-75,92],[-33,120],[3,198],[82,203],[117,100],[194,77],[96,26]],[[32178,48603],[121,32],[181,1],[76,-17],[128,15],[92,94],[-41,47],[-207,46],[-143,7],[-254,74],[-63,54],[-120,217],[-1,212],[-61,88]],[[31886,49473],[71,38],[81,75],[28,68],[225,-55],[28,-74],[99,-32],[82,-79],[43,-92],[248,-13],[5,-80],[92,-72],[159,118],[-18,78],[-168,-18],[-61,98],[103,98],[46,7],[-20,79],[25,61],[171,26],[111,-15],[48,64],[-36,123],[216,18],[36,-56],[124,-64],[205,-59],[169,33],[62,85],[-126,61],[23,48],[76,18],[81,-44],[48,-71],[31,-93],[68,-6],[44,-56],[264,-53],[55,44],[63,-64],[167,53],[52,-19],[153,17],[82,232],[132,81],[224,-23]],[[35497,49958],[76,-107],[19,-72],[40,-17],[-52,-178],[97,-30],[206,-1],[139,32],[79,45],[80,5]],[[41544,45698],[-11,-166],[84,-65],[100,89],[174,-112],[-48,-124],[-137,-48],[-102,-121],[-119,36],[-314,-4],[-103,-51],[-30,-150],[-115,-19],[-243,32],[-89,48],[77,108],[55,126],[95,48],[10,61],[-52,31],[-145,34],[-45,62],[-98,16],[-105,-24],[-222,-100]],[[40161,45405],[-141,188],[-85,51],[-10,60],[-80,33],[-145,6],[-31,47],[-214,54],[-173,-71],[-85,17],[-46,135],[61,10],[20,58],[100,-2],[17,147],[105,130],[49,99],[-52,105],[71,-10],[45,-50],[78,6],[66,109],[6,160],[-76,59],[-158,-12],[-74,52],[4,122],[-65,86],[-13,63],[51,50],[63,118],[-83,42],[57,82],[29,140],[-105,-16],[-61,30],[-232,28],[-68,42],[193,142],[118,129],[97,52],[38,61],[17,104],[-43,91],[-69,48]],[[41154,48796],[-61,-56],[-72,-125],[-11,-73],[26,-48],[-13,-236],[-134,-87],[-9,-165],[51,-12],[23,-87],[99,-197],[141,-149],[60,-39]],[[46168,48577],[-118,-32],[-15,-49],[77,-81],[270,-217],[124,-74]],[[46506,48124],[-80,-62],[-93,-38],[-132,24],[-24,-105],[-83,-216],[-87,-80],[-151,35],[-175,127],[-54,-82],[-89,-82],[-257,-99],[-247,-25],[-55,-52],[5,-40],[-64,-66],[43,-72],[-51,-31],[100,-153],[-91,-103],[-300,-214],[214,7],[185,-25],[-31,-38],[-257,-164],[36,-25],[-36,-95],[-15,-157],[106,-63],[-205,-104]],[[40161,45405],[-179,-101],[-73,-118],[-72,4],[-129,128],[18,120],[-44,38],[-79,13],[-204,-9],[-79,-108],[-84,-35],[-215,99],[-45,159],[-117,-19],[-124,-168],[-186,-100],[-180,-197],[-120,-86]],[[38249,45025],[-113,-11],[-24,30]],[[51697,57807],[-3,73],[-172,75],[-53,43],[-154,70],[-96,26],[-265,-47],[-68,-39],[-148,24],[-114,-78],[1,-70],[-106,-1],[-41,-143],[-215,-84],[-33,-51],[71,-102],[-150,-80],[-84,42],[19,41],[-73,135],[-63,16]],[[49950,57657],[-87,44],[-27,52],[103,96],[-127,66],[-48,98],[104,52],[31,76],[18,119],[34,50],[155,130],[17,109],[45,25],[-8,76],[65,17],[-20,90],[123,153],[-30,115],[-30,34]],[[50268,59059],[18,48],[63,23],[146,-49],[111,20],[16,-29],[126,-23],[98,31],[127,5],[65,-47],[57,-107],[93,-4],[30,44],[87,46],[14,52],[61,24],[-9,45],[83,63],[31,97],[106,44],[340,-17],[129,-72],[79,-3],[91,39],[243,-137],[33,-76],[95,-78],[-31,-64],[-15,-108],[-102,-57],[80,-43],[121,-100],[-159,-39],[-66,-32],[-8,-98],[-45,-100],[44,-80],[89,-39],[-23,-65],[-75,-11],[-97,39],[-37,-97],[-63,-23],[40,-218],[-194,-54],[-78,-8],[-285,6]],[[53161,56806],[39,-127],[-82,-27],[24,-71],[95,-43],[78,-179],[71,-45],[-178,-119],[77,-2],[75,-36],[117,-141],[89,0],[83,-152],[-71,-71],[-98,38],[-216,-2],[-117,-40],[163,-23],[118,8],[61,-31],[154,-6],[-21,-148],[47,-185],[-105,-48],[-181,47],[-74,-14],[-123,12]],[[53186,55401],[-34,49],[-94,53],[-95,-27],[-119,70],[96,62],[55,72],[-66,54],[-74,-7],[15,91],[-74,53],[-78,-62],[51,-44],[-183,-43],[-86,19],[12,95],[99,58],[21,45],[-51,41],[-25,65],[-86,17],[-149,55],[-33,142],[13,80],[-37,41],[-53,122],[-84,31],[-112,155],[10,95],[37,54],[170,93]],[[52232,56930],[110,-42],[15,-35],[135,-135],[212,25],[-15,-46],[97,-51],[161,-32],[53,34],[94,-9],[40,39],[-18,71],[45,57]],[[45811,56997],[11,161],[69,37],[-2,112],[186,13],[57,39],[-92,149],[167,53],[16,57],[119,25],[42,53],[64,-25],[18,87],[42,45],[-5,130],[-102,62],[-33,80],[54,127],[77,3],[95,-129],[49,-27],[149,41],[117,-33],[48,-73],[124,27],[77,-13],[18,57],[100,44],[305,46],[61,91],[-44,81],[-115,68],[-126,99],[-33,76],[37,102],[13,137],[115,101],[15,36],[-9,175],[140,95],[89,122],[68,35],[105,103],[134,52],[7,62]],[[48038,59580],[-13,72],[62,36],[79,3],[115,121],[105,46],[31,91],[181,56],[95,7],[151,61],[69,66],[-43,187],[43,103],[98,50],[67,64]],[[49078,60543],[8,-68],[139,-64],[25,-58],[107,-30],[-38,-93],[88,-44],[-28,-80],[89,-99],[69,-179],[59,-7],[15,-76],[80,-11],[67,-87],[-73,-32],[-20,-42],[120,-89],[25,-85],[-19,-56],[84,-63],[90,-2],[-2,-50],[64,-22],[79,-72],[13,-55],[149,-20]],[[49950,57657],[-102,-31],[1,-114],[98,-55],[-2,-64],[-122,-35],[10,-154],[62,-107],[-211,-76],[-40,-62],[-90,3],[-34,60],[-127,35],[-124,83],[-162,-21],[65,-116],[-23,-33],[170,-67],[14,-69],[-31,-180],[-108,-18],[-101,-126],[-183,121],[-92,-9],[-104,-59],[-71,-5],[-12,62],[-145,2],[-181,36],[-132,-20]],[[53161,56806],[8,81],[122,53],[22,74]],[[53313,57014],[83,54],[99,18],[69,-34],[56,72],[170,14],[8,-131],[26,-52],[171,47],[21,39],[106,31],[71,-57],[67,-3],[1,92],[212,3],[168,-119],[24,-67],[87,-9],[61,-53],[66,82],[108,-14],[65,25],[83,108],[311,-57],[155,30],[9,38],[143,75],[69,-32],[178,-4],[77,-29],[208,42],[97,-11],[139,-121],[47,1]],[[56568,56992],[136,-171],[51,-126],[-19,-61],[-80,-60],[-147,-36],[-192,-75],[-64,-215],[-99,-185],[-110,-85],[-98,-35],[-97,-99],[-8,-293],[8,-67],[-61,-220],[-37,-34],[-129,-46],[-255,-75],[-267,-51],[-213,-14],[-159,-33],[-68,-37],[-3,-87],[52,-61],[119,-86],[22,-58]],[[54850,54682],[-211,-24],[-95,-59],[-35,-76],[-225,11],[-115,30],[-62,-30],[-271,74],[-111,-50],[87,-131],[-8,-43],[-202,-52],[-129,4],[10,-75],[-20,-85],[-50,-45],[16,-54],[-255,-93],[-79,-76],[-113,-30],[-173,47],[-44,-22]],[[52765,53903],[23,153],[-42,18],[13,123],[-37,61],[-164,124],[-57,12],[23,73],[46,51],[149,78],[106,124],[142,60],[-7,120],[28,41],[197,104],[6,68],[-81,31],[34,79],[-26,124],[68,54]],[[53313,57014],[6,73],[-42,76],[30,234],[36,49],[-81,52],[26,40],[-25,61],[41,64],[95,35],[-6,54],[85,87],[65,21],[115,-30],[111,67],[-45,40],[-69,160],[48,39],[65,-1],[45,97],[-128,297],[165,51],[278,8],[83,51],[69,91],[-48,73],[60,84],[136,93],[56,109],[-18,137],[-105,92],[-132,61],[-19,47],[41,109],[-42,187],[58,168],[57,75],[72,42],[-21,73],[-111,118],[5,79],[-79,74],[-243,11],[-71,82],[13,88],[43,86],[113,110],[187,114],[58,11]],[[54290,60853],[103,-31],[133,-97],[128,-18],[92,-54],[109,-109],[136,-38],[144,40],[80,47],[61,67],[158,52],[128,76],[169,62],[128,-6],[107,58],[202,-28],[175,-114],[232,-35]],[[56575,60725],[35,-78],[68,-44],[297,-107],[267,-51]],[[57242,60445],[64,-106],[-51,-102],[-114,-43],[-91,-71],[-28,-181],[18,-138],[40,-48],[243,-165],[78,-180],[-67,-112],[18,-72],[-44,-71],[-2,-81],[44,-53],[-25,-135],[73,-95],[136,-53],[-25,-100],[-151,-58],[-130,-161],[-79,-66],[5,-92],[174,-25],[77,12],[110,57],[115,-28],[85,-77],[6,-72],[-74,-68],[-186,-42],[-156,22],[-192,3],[-165,-11],[-174,-81],[-87,-15],[-93,26],[-97,67],[-53,70],[-74,29],[-21,-107],[23,-211],[-18,-104],[-77,-95]],[[56277,57612],[0,-71],[70,-144],[84,-124]],[[56431,57273],[185,-273],[-48,-8]],[[49078,60543],[59,46],[-20,120],[-36,32],[74,70],[-101,110],[-88,29],[-49,63]],[[48917,61013],[80,31],[71,64],[116,46],[101,75],[117,42],[161,88],[158,-12],[172,-82],[136,-6],[160,96],[122,14],[15,-72],[-19,-122],[79,-39],[35,-74],[56,-4],[265,77],[69,51],[116,4],[127,-143],[243,63],[10,43],[85,63],[9,71],[177,162],[93,59],[68,-59],[72,83],[-25,195],[-21,46],[65,116],[139,131],[36,16],[396,12],[97,-51],[57,-79],[183,-64],[146,-95],[7,-37],[144,-30],[69,-96],[91,-6],[58,35]],[[53253,61625],[202,-39],[178,-19],[78,-60],[122,-65],[133,-28],[-187,-210],[40,-58],[124,-17],[154,-57],[57,-53],[65,-10],[121,-55],[-50,-101]],[[52232,56930],[24,169],[-8,132],[-57,62],[-9,104],[-179,-3],[-16,38],[-141,9],[-64,49],[-132,26],[50,91],[-33,51],[51,100],[-21,49]],[[42078,42850],[-83,11],[-18,-83],[-66,-35],[-22,-149],[-109,-78],[-267,36],[-1,-81],[-107,-9],[21,-175],[-77,-78],[44,-50],[-47,-97],[-2,-119],[-64,2],[-28,-124],[92,-15],[162,-2],[83,-41],[235,-6],[103,-70]],[[41927,41687],[-46,-224],[10,-232],[-65,-101],[26,-194],[-9,-198],[-40,-33],[-10,-105],[-35,-148],[28,-59],[-24,-72],[18,-53],[-121,-143],[-87,-11],[-251,4],[-59,-37],[-54,-88],[-219,-13],[-72,-65],[6,-134]],[[40923,39781],[-181,-6],[-136,29],[-68,61],[-84,9],[-162,44],[-33,-90],[-47,-28],[-129,-128],[-74,-41],[-21,-79],[160,11],[41,-71],[78,16],[76,-66],[179,-64],[-14,-67],[32,-43],[-222,0],[-91,-93],[-64,-23],[-154,20],[-47,55],[-130,60],[-64,4],[-90,-52],[-36,-66],[-140,1],[-151,19],[-261,55],[-40,-97],[2,-259],[29,-107],[121,-127],[-3,-119]],[[39199,38539],[-290,231],[-161,78],[-90,23],[-143,10],[-132,54],[128,240],[-11,118],[-74,114]],[[38426,39407],[-180,91],[-38,51],[5,123],[77,136],[-78,41],[-191,53],[-322,41],[-147,47],[-125,121],[-57,295],[-71,128],[-98,135],[-342,48],[-57,79],[24,46],[153,177],[2,25],[-92,136],[-226,23]],[[36663,41203],[-435,128],[-181,86],[-207,137],[-147,132],[-66,75],[-54,138],[92,86],[146,26],[129,-28],[123,-65],[95,-176],[52,-37],[124,66],[38,89],[48,36],[76,-20],[111,20],[97,-25],[131,62],[165,34],[73,75]],[[37073,42042],[188,-44],[60,-34],[48,40],[256,21],[263,55],[81,-31],[-25,-54],[107,-168],[-33,-108],[-28,-11],[-50,-149],[2,-115],[58,-20],[13,-96],[111,-28],[70,-64],[89,3],[118,-25],[68,101],[190,-44],[54,69],[192,92],[-42,98],[34,119],[126,24],[14,-45],[83,0],[90,75],[4,192],[171,33],[59,51],[77,-20],[23,-76],[179,0],[324,47],[38,40],[86,18],[290,18],[182,36],[105,185],[154,20],[-17,178],[-22,42],[52,63],[104,198]],[[41019,42728],[36,60],[-26,61],[145,16],[253,117],[151,51],[-2,58],[233,151],[-85,-149],[32,-26],[46,-108],[188,1],[89,-82],[-1,-28]],[[38249,45025],[30,-168],[43,-28],[-22,-79],[56,-26],[-8,-69],[137,-38],[21,-75],[62,4],[68,-192],[101,-21],[14,68],[78,-10],[-31,-84],[-12,-116],[81,-50],[-51,-76],[41,-93],[65,-46],[121,-18],[44,-67],[71,-40],[-5,-125],[38,-39],[0,-75],[54,-51],[27,-184],[-24,-56],[67,-92],[140,-18],[134,34],[82,-120],[107,-102],[23,-49],[140,35],[183,-24],[53,140],[121,-13],[49,-32],[3,-87],[-35,-84],[229,-22],[11,-33],[98,-22],[14,-50],[86,-32],[99,-6],[50,58],[117,-24]],[[37073,42042],[40,99],[-67,143],[-189,170],[12,83],[58,99],[109,57],[78,14],[399,9],[81,33],[21,48],[-48,59],[-78,43],[-141,37],[-142,-16],[-143,12],[-220,-46],[-331,-117],[-202,-104],[-148,-108],[-65,-32],[-133,33],[-113,139],[-76,117],[-19,62],[33,120],[16,139],[50,125],[112,95]],[[41927,41687],[242,-14],[158,31],[81,155],[39,138],[45,46],[90,-13],[89,49],[236,77],[38,-35],[10,-135],[154,-7],[284,-53],[180,-52],[-44,-51],[-22,-131],[37,-87],[156,6],[49,29],[43,76],[56,8],[120,120],[208,-19],[116,36],[59,85],[43,-2]],[[44394,41944],[-66,-104],[-3,-104],[42,-9],[335,12],[174,35],[97,34],[10,-90],[197,-13]],[[45180,41705],[-1,-48],[-94,-12],[-20,-58],[-63,-12],[-22,-123],[21,-34],[-40,-165],[1,-121],[78,-43],[118,6],[19,51],[105,-28],[79,-109],[-60,-73],[-177,37],[-112,-4],[0,-174],[34,-98],[74,-118],[-30,-149],[145,-122],[99,-1],[39,86],[163,208],[-60,34],[59,51]],[[45535,40686],[161,-7],[4,-69]],[[45700,40610],[-147,-13],[-109,-196],[-85,-106],[50,-33],[-70,-314],[-334,10],[-193,19],[-163,-5],[-31,-110],[-49,-51],[-63,-135],[-54,-13],[-45,-75],[-115,-6],[-43,-91],[-137,-164],[-49,26],[-164,34],[-31,-12],[-16,-136],[34,-56],[-28,-88],[-5,-107],[89,-70],[-113,-185]],[[43829,38733],[-271,13],[-155,27],[-45,-40],[6,-53],[-27,-171],[-133,-214],[-45,-24],[-51,-82],[41,-29],[-21,-80],[-94,-63],[28,-73],[-43,-44],[-16,-105],[22,-106]],[[43025,37689],[-161,-36],[-191,4],[-195,-43],[-106,27],[-25,-54],[-85,-46],[-150,-40],[-128,29],[-24,-34]],[[41960,37496],[-38,85],[102,100],[-46,105],[-130,48],[-158,171],[57,97],[-80,85],[78,155],[60,59],[108,48],[99,9],[-4,116],[-29,87],[16,89],[-30,32],[-122,-5],[-64,-56],[-84,-117],[-103,-70],[-65,-86],[-135,42],[0,41],[-121,46],[-109,-6],[-2,192],[-123,24],[29,54],[-23,99],[112,103],[127,27],[-13,64],[54,39],[29,108],[102,162],[-145,88],[-45,127],[-99,78],[-242,45]],[[43133,44628],[65,-46],[-34,-75],[-3,-76],[-44,-32],[64,-41],[27,-94],[90,-9],[-37,-60],[-142,-127],[49,-119],[-55,-19],[38,-109],[-91,-117],[-47,-28],[-130,74],[-58,-8],[14,-76],[-160,-67],[-50,-57],[-52,-105],[-171,30],[-100,-17],[13,-90],[-77,-19],[14,-164],[-14,-39],[-113,-51],[1,-187],[-52,-50]],[[41960,37496],[-32,-47],[-90,-21],[-212,9],[-75,98],[-56,-14],[-37,64],[-88,-23],[57,-141],[-28,-107]],[[41399,37314],[-124,28],[-115,183],[-66,49],[-171,71],[-42,47],[-17,85],[11,102],[-55,28],[-121,9],[-137,-9],[-285,13],[-261,77],[-161,17],[26,-105],[-36,-110],[-187,49],[-210,88],[-114,4]],[[39334,37940],[-200,77],[18,74],[151,62],[133,10],[-143,149],[-72,121],[-22,106]],[[64981,59964],[-86,23],[76,72],[62,127],[-4,56],[109,178],[13,73],[-51,160],[-107,82],[-83,90],[-36,157],[31,98],[-50,10],[24,122],[-139,43],[-163,-12],[-28,-44],[-100,22],[-81,-15]],[[64368,61206],[30,156],[-12,100],[-166,13],[-41,69],[45,74],[152,73],[-8,52],[-144,116],[-49,109],[-264,72],[-125,11],[82,163],[212,216],[170,-34],[9,-79],[124,-65],[271,-39],[58,99],[-9,106],[46,31],[99,-19],[54,59],[85,15],[19,79]],[[65006,62583],[40,67],[54,-6],[49,50],[139,-89],[268,-198],[42,-58],[163,49],[5,74],[79,170],[133,61],[49,-31],[1,-139],[106,-127],[162,12],[60,-44],[145,6],[112,32],[35,158],[-34,48],[2,109],[191,-1],[7,38],[93,17],[41,-32],[71,56],[125,-57],[138,-88],[86,165],[129,128],[140,87],[69,59],[184,106],[56,69],[16,78],[53,64],[46,0],[208,90],[56,-6],[104,58],[264,19]],[[68693,63577],[30,-48],[2,-87],[34,-93],[-91,-136],[-6,-134],[112,20],[-75,85],[64,32],[156,-70],[94,41],[146,-32],[76,-76],[59,-152],[233,-196],[-72,-70],[-187,51],[-57,-38]],[[69211,62674],[-88,-108],[-134,-81],[-84,22],[-158,-13],[-125,-64],[29,-72],[168,-120],[253,-254],[48,-79],[35,-125],[-11,-86],[-82,-54],[-164,11],[-489,76],[-236,24],[-153,-1],[-196,-26],[-84,-26],[-76,-79],[-169,-282],[-57,-119],[-4,-140],[103,45],[145,21],[205,51],[155,58],[225,10],[13,-111],[-34,-77],[-68,-72],[-113,-77],[-275,-124]],[[63706,59083],[-135,32],[-81,68],[-54,78],[-23,77],[-91,1],[30,-133],[-8,-64],[-108,-87],[-31,8]],[[63205,59063],[-61,41],[-43,76],[-46,153],[-75,34],[-114,20],[-145,-18],[-33,-60],[-230,-23],[-105,67],[23,74],[-28,49],[61,66],[-116,60],[-98,-9],[-77,33],[-64,72],[-214,-14],[-68,-73],[-197,-52],[-39,27],[6,134],[-101,-4],[-93,-38],[-105,-19],[-56,64],[-212,-22],[-64,112],[-94,77],[-141,76],[-44,45],[-73,-28]],[[60559,59983],[-20,-35],[-105,-1],[-131,62],[-57,78],[32,112],[-35,135],[120,30],[39,167],[27,25],[222,64],[64,34],[81,-53],[145,-1],[9,-37],[174,-2],[-33,126],[182,31],[-140,187],[9,72],[213,63],[29,-40]],[[61384,61000],[117,-45],[207,-26],[48,-137],[-12,-93],[245,-6],[-44,-60],[5,-59],[154,60],[149,137],[247,155],[41,-91],[-100,-107],[145,-11],[184,-60],[186,-5],[103,25],[161,-42],[46,-45],[104,35],[107,-23],[128,62],[94,76],[392,2],[92,83],[6,85],[-70,43],[-107,17],[-40,29],[161,122],[98,26],[97,-36],[40,95]],[[63753,56993],[-119,41],[-277,-18],[-106,18],[-63,51],[-18,108],[88,162]],[[63258,57355],[33,65],[-45,98],[-181,43],[-40,49],[-27,111],[-91,86],[-74,37],[-112,-12],[-164,-83],[-163,-52],[-75,-10],[-177,21],[-136,83],[-165,133],[-108,54]],[[61733,57978],[35,39],[140,17],[216,-4],[164,-28],[175,11],[10,120],[-36,18],[125,162],[63,-43],[-29,-83],[218,16],[-54,148],[-67,140],[-123,118],[-4,159],[55,137],[95,95],[81,46],[186,46],[79,0],[143,-29]],[[58089,64192],[-45,-75],[103,-30],[92,-68],[14,-68],[-66,-122],[-76,42],[-117,17],[3,-41],[101,-16],[-10,-80],[41,-40],[-4,-60],[51,-57],[73,3],[-26,-77],[116,-57],[-276,-181],[-75,-67],[-20,-84],[91,-121],[-15,-93],[-134,-104]],[[57910,62813],[-272,42],[-116,67],[-238,13],[-169,-1],[-74,-47],[-110,10],[-119,31],[-61,-25],[-191,-39],[-175,75]],[[56385,62939],[61,127],[55,36],[-25,68],[26,119],[-177,113],[54,73],[-64,22],[-94,92],[-112,21],[-213,16],[-68,46],[-185,24],[-170,63],[-44,-46],[-55,43],[-163,37],[-55,119],[-124,58],[3,63],[-74,96],[36,73],[-23,32],[-17,153]],[[54957,64387],[150,51],[37,73],[-17,78],[103,1],[58,56],[185,-9],[98,30],[260,-53],[24,-62],[108,-43],[127,-117],[60,-37],[139,13],[-27,-69],[124,-11],[99,33],[90,-63],[102,9],[77,-28],[108,-102],[140,17],[165,-20],[56,46],[7,119],[-42,72],[83,17],[36,110],[-73,54],[20,59],[-5,93],[91,16],[4,66],[209,46],[2,34],[120,63],[49,-33],[16,-110],[-27,-122],[101,-13],[59,-94],[86,-36],[30,-80],[-13,-65],[33,-87],[60,-36],[20,-61]],[[68204,66869],[46,-69],[-73,-39],[-198,78],[-93,24],[22,-110],[-71,-75],[54,-58],[183,-46],[104,-8],[162,-64],[-18,-117],[110,-118],[-117,-35],[-50,-56],[40,-60],[103,32],[54,-170],[225,3],[62,-43],[105,17],[111,-38],[81,-74]],[[69046,65843],[-117,-72],[-57,-70],[24,-116],[-59,-99],[-72,-176],[-79,-151],[-43,-54],[-186,-155],[-107,-73],[-76,-73],[-222,-167],[-118,-60],[-40,9],[-46,81],[-56,41],[-103,-19],[-289,-188],[-133,-141],[72,-76]],[[67339,64284],[1,-20],[-206,-13],[-192,40],[-121,45],[-126,106],[-31,60],[-74,70],[-108,-98],[-55,-23],[-87,40],[-301,25],[-51,75],[-135,-30],[-262,15],[-73,-14],[-137,29],[-8,-78],[-75,-30],[-84,41],[-60,-70],[22,-61],[72,-62],[146,-71],[3,-38],[-123,-177],[-70,-76],[-170,110],[-73,4],[-52,-42],[-154,-191],[-109,6],[-24,36],[78,113],[1,85],[-73,94],[-91,4],[-42,-65],[-109,-56],[-92,9]],[[64294,64076],[-14,39],[-117,51],[-39,96],[-160,-62],[-101,15],[-130,-15],[-17,51],[-100,159],[-68,55],[18,47],[-86,30],[-67,69],[-159,-16],[-130,-58],[-165,157]],[[62959,64694],[34,85],[47,47],[-73,85],[-35,75],[-75,90],[103,52],[130,28],[66,56],[16,53],[69,43],[130,-34],[80,-43],[50,77],[120,56],[-56,34],[-92,2],[31,67],[-88,46],[-28,84],[-110,20],[-41,-34],[-115,81],[-21,60],[-123,10],[61,83],[-34,157],[-44,45],[-84,-15],[-98,83],[87,53],[53,72],[-15,72],[-72,46],[46,116]],[[62878,66446],[39,17],[81,-62],[50,7],[71,75],[68,6],[27,53],[115,-86],[130,-36],[100,-60],[120,77],[64,18],[168,-62],[71,24],[157,-16],[122,58],[199,-36],[55,61],[17,106],[-34,56],[137,173],[55,29],[113,-47],[155,-30]],[[64958,66771],[-102,-52],[-32,-53],[21,-92],[38,-29],[91,29],[47,-26],[218,78],[80,-17],[61,67],[229,25],[388,-230],[53,-58],[71,-26],[175,-9],[34,59],[-56,67],[173,12],[100,-37],[67,51],[119,42],[78,-28],[116,222],[-116,105],[28,78],[-49,36],[49,101],[144,-69],[17,-55],[91,8],[81,59],[192,9],[113,-95],[122,-10],[181,139],[111,-14],[94,-71],[63,-7],[123,40],[33,-151]],[[64294,64076],[-137,-9],[-115,-48],[-65,-47],[-26,-54],[18,-63],[60,-56],[-5,-48]],[[64024,63751],[-166,36],[-143,62],[-75,-1],[-17,-48],[60,-93],[8,-105],[-46,-20],[-164,15],[-12,-85],[62,-38],[3,-62],[-64,-26],[-178,44],[17,-90],[-35,-72],[72,-42],[-94,-32],[-75,-75],[-149,49],[-87,-14],[-70,-65],[49,-39],[168,15],[5,-135],[-56,-46],[-102,76],[-65,-30],[-41,95],[-157,37],[-221,-49],[-69,-70],[-116,-10],[-160,-80],[-228,-40],[-76,-87]],[[61802,62726],[-140,11],[-163,-50],[-118,-19],[-92,-92]],[[61289,62576],[-113,60],[-220,-20],[-18,68],[-75,52],[-57,161],[75,15],[29,123],[34,34],[16,112],[43,62],[-30,68],[85,20],[-2,81],[-97,117],[-84,10],[-104,38],[-97,-11],[-128,-46],[-102,-15],[-14,117],[-81,31],[-108,70],[14,67],[-324,36],[21,76],[-32,151],[-72,148],[3,98],[-25,36],[-117,18],[64,101],[148,137],[85,-7],[75,88],[6,74]],[[60087,64746],[91,-65],[203,29],[-3,64],[48,26],[19,80],[83,93],[-16,103],[-57,15],[88,68],[55,-48],[-31,-89],[45,-25],[61,73],[86,23],[130,85],[52,-33],[168,30],[155,74],[89,-32],[116,-154],[94,-36],[5,-83],[-34,-54],[-1,-68],[89,-50],[18,-94],[172,-10],[160,26],[75,-17],[-15,-58],[-73,-52],[42,-49],[105,11],[180,-29],[103,40],[96,-18],[76,46],[87,16],[263,75],[48,35]],[[60559,59983],[36,-17],[61,-114],[-17,-83],[-157,-108],[-65,-75],[-103,-81],[-46,-63],[-71,-167]],[[60197,59275],[-76,91],[-117,32],[-92,172],[-53,-44]],[[59859,59526],[-160,8],[-148,69],[-87,64],[1,74],[73,79],[31,84],[-11,70],[24,130],[-143,60],[-79,69],[25,109],[-43,101],[-41,36],[-233,112],[-130,-25],[-155,-9],[-147,-45],[-150,-93],[-152,-45],[-187,6],[-76,-17]],[[58071,60363],[-44,51],[28,62],[167,148],[-85,87],[-52,141],[27,80],[112,-15],[82,25],[81,56],[-20,54],[78,83],[98,-9],[27,-50],[64,-28],[109,82],[133,33],[49,89],[-67,21],[61,52],[55,179],[-1,81],[-34,38],[25,221],[9,191],[26,115],[-167,43]],[[58832,62193],[67,-6],[230,19],[-20,140],[167,139],[20,79],[83,33],[110,-97],[-25,-128],[206,29],[169,4],[67,53],[116,-9],[125,-93],[34,-80],[73,19],[56,-88],[75,86],[91,66],[92,22],[64,85],[160,-34],[121,26],[73,-23],[316,123],[-13,18]],[[61802,62726],[20,-112],[-31,-76],[142,-18],[67,-68],[18,-96],[81,-34],[114,-83],[-43,-138],[-16,-113],[46,-76],[-28,-115],[-70,-47],[-78,-5],[-82,-68],[-70,-92],[-188,-13],[-159,-30],[32,-42],[109,15],[-4,-123],[51,-143],[-22,-74],[-216,35],[-35,-37],[6,-98],[-62,-75]],[[58089,64192],[20,62],[135,38],[55,107],[85,49],[124,183],[7,125],[22,65],[104,-26],[112,-71],[39,80],[91,50],[131,4],[196,-39],[109,31],[106,-4],[185,-37],[22,119],[73,96],[23,105],[40,23]],[[59768,65152],[46,-117],[151,-21],[50,-22],[-1,-77],[31,-59],[-19,-89],[61,-21]],[[58832,62193],[-97,-24],[-99,53],[-84,9],[-2,89],[-107,39],[-38,59],[97,6],[-25,103],[45,33],[-7,106],[-62,98],[-136,55],[-78,-4],[-172,-72],[-161,-29],[4,99]],[[61733,57978],[-113,39],[-291,79],[-359,24],[-76,82],[-162,57],[52,98],[72,29],[205,46],[103,39],[66,53],[69,112],[-3,111],[-63,46],[-100,23],[-106,-35],[-198,-4],[-89,14],[-100,76],[-44,-44],[-119,67],[-159,64],[-84,85],[-50,111],[13,125]],[[65006,62583],[-63,-59],[-128,76],[-10,65],[101,27],[-76,68],[-69,-31],[-52,22],[-86,-31],[-85,33],[49,41],[106,144],[42,134],[-84,53],[-106,25],[70,43],[-50,66],[-122,-3],[-37,-48],[-88,-35],[38,126],[-201,-4],[-124,34],[-28,29],[92,108],[-58,107],[15,110],[-28,68]],[[67339,64284],[56,15],[134,104],[167,13],[204,-31],[125,-4],[163,-28],[28,-59],[-114,8],[-78,-49],[-29,-74],[80,-22],[35,-63],[194,14],[39,31],[0,69],[53,92],[110,49],[192,-90],[72,18],[-110,96],[36,48],[140,-4]],[[68836,64417],[95,-53],[106,-140],[105,-234],[17,-158],[-5,-110],[89,-195],[-62,-47],[-180,98],[-161,23],[-147,-24]],[[56575,60725],[16,111],[-28,72],[-73,35],[-70,80],[-14,133],[20,165],[-56,203],[-52,82],[-152,162],[-79,125],[-86,92],[-64,-5],[-44,41],[39,64],[51,16],[97,161],[67,31],[49,57],[42,148],[4,100],[74,25],[36,110],[40,45],[-43,106],[36,55]],[[58071,60363],[-242,-51],[-74,7],[-139,58],[-134,39],[-240,29]],[[59768,65152],[80,54],[-67,82],[7,52],[61,90],[55,-23],[87,47],[-45,27],[59,89],[57,39],[-5,61],[-87,74],[80,84],[122,48],[13,68],[51,45],[-37,114]],[[60199,66103],[89,29],[65,-59],[244,-17],[133,43],[157,214],[80,-4],[148,48],[58,-14],[-10,-77],[215,2],[131,-26],[34,96],[97,24],[83,-4],[194,-36],[121,19],[40,-70],[182,63],[-5,173],[-44,69]],[[62211,66576],[73,-12],[216,22],[46,-43],[68,-8],[62,-151],[76,48],[126,14]],[[45180,41705],[18,67],[452,23],[11,61],[99,3],[179,-25],[13,80],[-23,59],[-88,77],[63,29],[174,9],[12,135],[85,34],[80,-28],[15,-85],[86,1],[207,-24],[71,101],[65,-27],[4,-59],[54,-43],[6,-85],[83,-39],[91,30],[18,-68],[103,-53],[90,17],[132,-1],[-47,-81],[24,-62],[111,-35]],[[47368,41716],[41,-65],[-64,-88],[-165,-46],[-59,-153],[-74,31],[-184,-47],[96,-39],[46,-181],[54,-3],[13,-93]],[[47072,41032],[-60,-44],[-29,-85],[-78,-49],[-99,4],[-72,44],[-122,-3],[-113,24],[-33,50],[-345,60],[-136,-71],[25,-69],[-45,-84],[-52,-39],[-147,12],[-208,-42],[-23,-54]],[[47368,41716],[52,4],[156,85],[-11,39],[120,74],[147,11],[157,-61],[72,82],[-26,59],[-92,17],[-46,61],[57,16],[3,115],[-23,58],[152,1],[85,108],[157,-107],[67,158],[-104,23],[-23,43],[259,-5],[33,-15],[171,184],[62,20]],[[48793,42686],[48,-77],[4,-128],[46,-100],[-9,-32],[90,-42],[248,21],[36,-107],[-17,-84],[217,52],[110,-41],[61,34],[238,-21],[87,59],[210,-23],[74,-61]],[[50236,42136],[-177,-105],[25,-81],[-75,-96],[53,-49],[97,4],[0,-52],[-52,-106],[-5,-51],[79,0]],[[50181,41600],[-12,-156],[-75,-53],[-51,-73],[-91,-238],[-122,-55],[73,-80],[117,-95],[58,-7],[37,-50]],[[50115,40793],[-399,20],[-209,-47],[-191,-22],[-34,-57],[22,-252],[86,-76],[127,-160],[148,-100],[31,-192],[-42,-155],[-115,-137],[-38,15],[-98,-74],[-334,-64],[-266,-44]],[[48803,39448],[-150,25],[-133,-2],[-189,-70],[-197,-99],[-30,39],[57,95],[-45,58],[-117,15],[-140,-40],[-103,-133],[-83,-30],[-132,317],[-9,117],[52,172],[32,56],[-16,220],[9,202],[58,91],[58,141],[-55,74],[-181,85],[-55,62],[6,49],[-89,112],[-129,90],[-150,-62]],[[44394,41944],[113,345],[56,122],[137,-17],[123,41],[5,174],[50,46],[-12,58],[-103,28],[-133,122],[4,38],[78,57],[86,108],[-25,49],[23,58],[-9,110],[-47,97],[131,22],[41,60],[273,111],[107,6],[-92,92],[-166,-31],[-105,120],[83,45],[35,81],[-43,66],[-97,55],[-99,11],[-27,-53],[-100,19],[-3,60],[71,58],[-137,73],[-71,97],[208,11],[35,73],[-93,78]],[[44691,44434],[83,27],[164,-51],[117,22],[223,-8],[91,-32],[-99,-73],[39,-34],[316,145],[426,-284],[0,53],[76,45],[114,37],[-11,-113],[31,-71],[90,-28],[12,-40],[143,8],[53,86],[46,15],[8,69],[51,120],[164,-12],[83,-110],[118,-66],[66,54],[70,6],[202,70],[192,40],[89,33]],[[47648,44342],[-22,-111],[31,-32]],[[47657,44199],[162,-192],[-18,-179],[7,-74],[108,18],[46,-55],[-35,-83],[4,-110],[43,-20],[108,-102],[231,-24],[186,-219],[88,30],[121,-13],[17,-64],[-15,-117],[12,-77],[130,-135],[-10,-65],[-49,-32]],[[44320,44878],[210,-158],[32,-65],[-53,-163],[129,-4],[53,-54]],[[46506,48124],[54,-33],[442,-192],[151,-97],[181,-71],[38,65]],[[47372,47796],[30,-2],[267,-137],[423,-152],[285,-92],[142,-76],[264,-165]],[[48783,47172],[-105,-142],[-75,-39],[9,-86],[-271,-19],[-86,37],[-179,-19],[-113,-51],[21,-54],[-64,-57],[-187,-30],[-18,-38],[-145,-12],[26,-58],[-19,-146],[100,-68],[306,-17],[61,-34],[228,-60],[126,-85],[-28,-39],[-300,-31],[-212,-109],[-90,-163],[24,-49],[116,-33],[89,-2],[17,-88],[91,7],[-15,-76],[-44,-39],[-371,-158],[74,-65],[132,-8],[30,-68],[82,-97],[-43,-228],[-89,-50],[13,-160],[-68,-65],[-59,-170],[-99,-161]],[[40809,56309],[9,-45],[101,-32],[36,-97],[146,-28],[-22,-67],[203,-22],[26,94],[144,42],[97,-7],[17,-48],[-92,-66],[-15,-85],[27,-42],[-40,-96],[34,-77],[4,-90],[-103,-2],[-11,-33],[90,-176],[39,-155],[-115,-30]],[[41384,55247],[-102,2],[-103,-32],[-30,81],[-38,5],[-112,-57],[-98,-3],[-135,42],[-35,31],[-92,-4],[-139,36],[-153,-18],[-27,103],[-443,19],[-41,-35],[-25,-83],[-131,20],[-50,38],[-101,0],[-100,-36],[-212,-231],[-2,-137],[-59,-40],[32,-62],[60,-6],[-50,-120],[7,-30],[-203,-59],[-178,40]],[[38824,54711],[-9,89],[-159,55],[-130,22],[-119,-9],[-17,-70],[-81,-11],[-108,23],[-118,-8],[-62,25],[86,47],[-10,41],[-116,16],[-200,-50],[17,-57],[-108,-13],[-69,-53],[-29,63],[-161,-18],[-128,16],[-139,37],[-94,-23],[-144,10],[-52,39],[-300,1],[-76,-14],[-119,88],[-160,43]],[[36219,55000],[-36,178],[-156,0],[-61,23],[41,58],[-25,105],[-44,56],[119,61],[100,-11],[-14,395],[4,222],[26,118],[54,73],[141,128],[316,194]],[[36684,56600],[86,49],[253,108],[143,37],[207,23],[240,-11],[248,68],[153,70],[50,42]],[[38064,56986],[34,-49],[-6,-103],[-52,-256],[-52,-50],[-162,-254],[56,-16],[-49,-69],[-228,-126],[7,-35],[125,-8],[60,-50],[222,122],[13,80],[69,51],[127,-15],[-30,-98],[16,-28],[177,22],[98,-31],[-18,-64],[162,-22],[-1,94],[94,7],[65,66],[145,-24],[162,-62],[94,-14],[20,-53],[59,-10],[-12,-70],[84,-19],[13,62],[66,1],[103,-80],[20,-39],[93,36],[90,-15],[139,99],[-70,75],[51,25],[17,87],[-90,72],[12,65],[104,-2],[52,52],[66,-13],[10,-131],[84,-35],[-28,-129],[76,-91],[239,-22],[5,56],[-93,51],[4,47],[88,31],[-3,69],[174,17],[65,20],[-16,74],[41,31],[154,-6]],[[41384,55247],[37,-82],[67,-30],[23,-113]],[[41511,55022],[-100,-62],[-16,-35],[46,-66],[68,31],[90,-209],[61,-171],[-91,-42],[14,-215],[105,-13],[4,-46],[103,7],[9,-171],[-50,-19],[-35,-179],[136,-27],[142,7],[-96,-68],[13,-72],[119,-39],[-46,-49],[-85,15],[19,-145],[-63,-135],[173,-15],[195,4],[116,-52],[-18,-224],[13,-56],[-126,-120]],[[42211,52856],[-115,38],[-132,1],[-146,27],[-65,-33],[-117,43],[-49,-22],[-80,66],[33,51],[-63,53],[-121,16],[-89,-21],[-62,33],[-151,16],[-37,-17]],[[41017,53107],[19,47],[106,70],[-101,63],[3,72],[-85,27],[33,70],[-81,0],[-53,80],[-104,64],[25,66],[82,25],[-21,67],[-268,-55],[-49,52],[-118,-22],[-15,172],[-146,-13],[-51,55],[65,29],[-6,111],[112,79],[-78,46],[-26,81],[-80,-31],[-111,72],[-142,-137],[-103,-11],[0,-56],[-96,12],[-80,-34],[-70,18],[-109,-19],[-64,-103],[-84,-77],[-118,15],[-55,33],[-153,-41],[-210,-3],[-34,94],[64,57],[11,51],[89,83],[-62,39],[-48,-32],[-114,46],[16,84],[-44,94],[23,45],[101,-1],[-33,97],[12,60],[58,63]],[[39418,51666],[-137,113],[-154,158],[52,37]],[[39179,51974],[256,206],[96,103],[177,111],[105,42],[-58,106],[-114,-10],[-70,-28],[-51,62],[-100,234],[72,35],[86,75],[188,29],[80,54],[101,30],[197,102],[182,-57],[99,-58],[65,50],[229,19],[102,28],[78,-17],[118,17]],[[42211,52856],[41,-88],[67,-32],[122,-10],[92,-96],[68,-45],[87,7],[157,101],[119,-58],[39,-96],[-17,-108],[-120,-49],[-8,-29],[108,-72],[104,1],[104,-43],[90,-159],[228,-85],[57,-57],[2,-72],[-85,-27],[-164,-10],[-63,-50],[-4,-43],[68,-32],[213,-47]],[[45358,54219],[-79,7],[36,-72],[-45,-92],[-109,-37],[64,-108],[-59,-31],[-67,83],[-41,-25],[-4,-99],[-108,44],[-172,-98],[-112,-15],[-55,-105],[-146,-26],[-171,-47],[-163,-20],[-24,-60],[30,-151],[62,-51],[-84,-17],[-13,-61],[-57,-7],[-70,-77],[-48,1],[-3,-85],[24,-128],[-85,-14],[-39,-77],[-90,-32],[-6,-196],[168,7],[8,27],[118,3],[74,-53],[84,-4],[8,-56],[67,-123],[-85,-20],[101,-51],[22,-72],[10,-168],[-73,-199],[239,-23]],[[41511,55022],[120,16],[37,-38],[84,-6],[51,70],[71,-61],[148,0],[117,54],[89,-20],[17,101],[99,-5],[29,-47],[119,17],[36,48],[199,-160],[71,-23],[48,-102],[112,4],[122,-34],[142,-21],[35,-57],[313,-29],[71,10],[141,-18],[40,-41],[-113,-143],[132,2],[153,34],[231,19],[7,110],[88,4],[94,60],[20,78],[-7,110]],[[40809,56309],[84,93],[68,-11],[84,73],[129,31],[138,-9],[-127,-116],[77,-35],[68,123],[43,25],[122,-19],[7,54],[-154,54],[62,77],[113,29],[-15,170],[78,-8],[-10,-55],[79,-19],[23,-56],[72,-25],[24,-44],[162,-10],[25,84],[-14,108],[19,88],[101,-8],[11,47],[102,12],[36,-33],[-6,-97],[110,-82],[10,-60],[-189,-15],[19,-84],[65,-24],[184,-22],[51,-112],[214,-9],[129,14],[52,30],[-67,96],[26,30]],[[39179,51974],[-39,219],[-55,110],[-128,68],[-158,64],[-110,90],[-158,196],[-587,367],[-79,97],[-72,169],[-60,292],[-200,6],[-204,-8],[-271,21],[-89,29]],[[36969,53694],[-26,59],[-96,40],[-219,190],[-89,60],[-79,156],[-74,45],[-23,116],[-71,6],[-61,-79],[-69,28],[120,115],[-50,113],[24,42],[90,44],[-23,58],[-81,7],[-10,50],[46,38],[-75,198],[16,20]],[[54997,48065],[12,42],[-16,177],[-45,74],[-171,201],[-3,134],[-51,40]],[[54723,48733],[103,63],[180,23],[-3,79],[-46,70],[122,67],[-13,104],[-33,51],[-197,222],[-128,88],[8,177],[223,46],[365,135],[179,13],[197,33],[227,95],[109,109]],[[47372,47796],[174,200],[111,41],[75,73],[72,24],[129,0],[100,-60],[229,-12],[14,19],[273,24],[43,-58],[113,-38],[87,81],[81,7],[76,-30],[148,34],[182,16],[7,-70],[93,-19],[91,32],[1,61],[192,47],[45,-65],[82,-14],[5,-53],[237,5],[22,66],[-92,79],[58,68],[100,21],[-3,199],[69,16],[-3,62],[54,30],[121,-48],[68,13]],[[50426,48547],[92,16],[86,-90],[-125,-98],[-50,10],[-72,-96],[-1,-110],[100,27],[100,2],[45,-38],[107,-19],[41,23],[126,-45],[121,35],[-13,84],[61,168],[-2,73],[-33,62],[89,40],[236,44],[143,-13],[212,9]],[[51689,48631],[-77,-117],[-64,-3],[9,-119],[-90,-61],[43,-85],[-41,-146],[-80,-43],[-106,-148],[-185,-172],[-61,-73],[-15,-73],[68,-7],[62,64],[80,6],[19,45],[92,-32],[378,-66],[141,-41],[-9,-112],[-69,-17],[-60,-81],[44,-45],[49,-109],[-102,38],[-158,-16],[-49,-102],[-64,-46],[-5,-95],[97,-28],[13,-111],[140,-85],[-98,-56],[-24,-65]],[[51567,46630],[-199,48],[-235,24],[-200,-50],[-89,65],[-185,83],[-21,63],[-179,94],[-77,22],[-87,-7],[-66,64],[-117,-44],[-54,33],[-84,9],[-77,-30],[-122,18],[-83,81],[-96,-5],[69,-65],[-98,-1],[-208,113],[-119,41],[-27,57],[-165,-32],[-191,-89],[-74,50]],[[54166,46145],[-340,137],[-250,131]],[[53576,46413],[-192,105],[-94,17]],[[53290,46535],[-92,0],[-156,109],[28,209],[-48,64],[24,75],[47,11],[34,76],[-20,37],[23,100],[106,123],[88,232],[-12,49],[201,27],[-31,90],[-186,-9],[-40,131],[31,86],[60,-5],[20,109],[-80,-2],[-90,-56],[-109,25],[1,83],[94,0],[-30,67],[-215,-3],[-82,-15],[-48,39],[63,78],[-37,28],[40,77],[-25,83],[-197,-4],[19,93],[-24,84],[15,78],[66,11],[16,112],[94,180],[-96,28]],[[52742,49035],[86,106],[-24,30],[114,153],[339,60],[100,-25],[99,11],[15,79],[187,28]],[[53658,49477],[157,-106],[147,-52]],[[53962,49319],[-15,-42],[141,-64],[146,-37],[102,-50],[110,-83],[277,-310]],[[51848,50019],[-18,-76],[130,-37],[26,-68],[117,-124],[-17,-180],[-214,-193],[9,-88],[120,-114],[39,-89]],[[52040,49050],[-25,-41],[-2,-106],[-100,-2],[-211,-199],[-13,-71]],[[50426,48547],[-44,17],[-52,102],[32,70],[127,47],[-7,101],[-88,69],[-84,-16],[-193,17],[-180,38],[-9,40],[-100,4],[-81,57],[7,33],[-100,27],[-48,50],[142,47],[-27,108],[88,103],[104,35],[146,-19],[-68,156],[-48,18],[-15,66],[-85,14],[-101,-25],[12,-92],[-105,-66],[-109,0],[-70,122],[-6,64],[-110,39],[-9,72],[-101,90],[-74,2],[-63,43],[-93,8],[-53,-77],[-48,22],[-222,-12],[-57,-62],[-157,31],[-45,-29],[-67,54],[-24,97],[-43,57],[-104,-66],[-125,-39],[-85,27],[-77,302]],[[52040,49050],[132,-72],[180,-9],[108,33],[145,121],[137,-88]],[[53290,46535],[-23,-34],[-199,-27],[-154,13],[-55,24],[-21,79],[-91,-45],[-155,47],[12,38],[-156,-2],[-53,42],[-140,-46],[-122,12],[-66,78],[-194,6],[3,-65],[-36,-30]],[[51840,46625],[-177,-39],[-96,44]],[[56940,51112],[175,290],[3,69],[-164,66],[-97,70],[-22,133],[-100,39],[29,82],[-35,38],[-123,-44],[-58,34],[37,71],[-65,16],[-47,-48],[-79,31],[26,109],[-26,35],[-123,9],[-183,35],[-40,63],[-155,42],[-137,56],[-115,71],[-109,111],[-159,26],[-237,-74],[-36,57]],[[55100,52499],[30,90],[126,63],[5,40],[138,74],[-117,71],[-35,135],[77,68],[11,41],[-97,124],[132,35],[36,45],[-58,32],[-68,186],[81,68],[182,89],[134,-11]],[[55677,53649],[107,84],[98,-1],[66,62],[14,92],[-75,106],[46,35],[77,152],[221,141],[106,-35],[145,41],[26,-91],[111,-12],[-1,-107],[35,-59],[-149,-42],[0,-53],[117,-49],[81,-68],[103,47],[48,-24],[-39,-99],[-103,21],[-246,-34],[-67,-62],[-42,-84],[-99,-92],[56,-121],[137,-106],[50,-157],[122,-59],[69,46],[57,-19],[89,65],[53,-69],[-50,-35],[120,-40],[48,33],[139,10],[117,-33],[21,54],[120,10],[-51,88],[18,97],[-59,42],[10,57],[-88,48],[-61,64],[106,94],[51,-81],[165,-35],[143,-69],[181,-59],[183,-142],[-53,-64],[209,-34],[202,-152],[143,-31],[-58,-52],[-145,-178],[-36,-73],[19,-114],[55,-35]],[[53976,49359],[47,108],[-171,68],[-163,202],[65,63],[-14,111],[208,603],[98,369],[288,402],[-176,56]],[[54158,51341],[45,116],[90,-16],[65,64],[48,-3],[45,75],[67,10],[57,-41],[85,-7],[-9,-63],[-87,-12],[-43,-69],[82,-14],[2,-49],[181,-63],[126,27],[18,-74],[99,-19],[-85,-161],[10,-30],[-76,-132],[-47,-122],[-57,-28],[-49,-125],[6,-88],[-33,-80],[-150,-174],[-32,-54],[-20,-121],[-149,-137],[-36,-98],[-18,-189],[135,-106],[-32,-122],[156,-31],[-62,-35],[-56,18],[-96,-21],[-97,8],[-160,-36],[-105,20]],[[52247,50935],[251,156],[-33,58],[83,70],[56,18],[142,-6],[58,23],[79,84],[89,-77],[69,24],[107,-46],[-31,-63],[30,-100],[-64,-51],[-78,3],[-48,-136],[-37,-22],[-16,-100],[65,-14],[80,-59],[-2,-35],[221,1],[-6,-40],[95,-48],[114,-12],[-74,-72],[45,-31],[127,-22],[-37,-74],[-175,-41],[-21,-36],[-149,-1],[-50,-158],[44,-101],[20,-158],[34,-70],[-56,-20],[97,-103],[108,26],[78,-61],[56,14],[140,-178]],[[54850,54682],[143,-47],[255,-19],[106,-99],[120,-2],[17,113],[109,6],[35,-93],[75,24]],[[55710,54565],[47,-71],[-38,-93],[46,-57],[-62,-31],[-66,-136],[1,-103],[-151,17],[-108,-78],[5,-46],[83,-86],[-23,-43],[119,-48],[72,-58],[-20,-39],[62,-44]],[[55100,52499],[-146,-3],[-144,-67],[-21,-80],[-109,-110],[98,-40],[-159,-56],[-77,23],[-107,-86],[-48,-9],[-206,14],[-156,-76],[26,-107],[-76,-11],[-81,-169],[-155,1],[-158,-86]],[[53581,51637],[-179,79],[-48,35],[-33,84],[31,84],[-95,64],[-70,9],[-10,93],[41,85],[-98,20],[-81,65],[52,106],[-96,38],[-37,135],[18,94],[-119,108],[-68,6],[-76,71],[9,36],[87,34],[128,98],[9,93],[73,128],[-22,46],[87,257],[-34,117],[-88,-16],[-85,52],[-40,67],[-87,75],[15,103]],[[53962,49319],[14,40]],[[54158,51341],[-16,-32],[-101,2],[-17,-33],[-135,-43],[-85,169],[-211,221],[-12,12]],[[63258,57355],[-93,69],[-155,22],[-163,-76],[-106,3],[-73,45],[-150,42],[-8,-107],[-190,-64],[-52,-123],[-96,33],[44,89],[-93,15],[-96,48],[-122,-97],[-206,-63],[-55,-117],[-343,-125],[-51,26],[6,157],[-154,67],[31,-80],[-57,-10],[-330,99],[-81,64],[-113,12],[-54,36]],[[60498,57320],[-92,44],[-168,115],[-64,97],[16,100],[-41,44],[-60,155],[69,27],[10,94],[-114,47],[-54,-26],[-187,11],[-129,-23],[-76,30],[-2,56]],[[59606,58091],[-33,66],[71,48],[-102,123],[-148,-38],[-68,72],[30,66],[-32,52],[-41,147],[14,36],[-47,57],[11,109],[-88,39],[-86,76],[42,146],[-33,74],[69,13],[205,-64],[68,-52],[14,95],[240,26],[67,47],[-1,62],[56,65],[76,136],[-31,34]],[[59606,58091],[-221,-10],[13,-70],[-112,-67],[-59,-71],[-86,-23],[-14,-55],[-157,-27],[-71,68],[-25,104],[-168,14],[-48,35],[-80,-3],[-63,121],[-13,81],[-165,17],[67,-114],[83,-17],[-62,-119],[71,-120],[155,-18],[-64,-55],[-181,20],[-85,78],[-94,-5],[25,-73],[22,-168],[-57,-129],[-126,46],[-89,-5],[-341,146],[-93,2],[-134,-29],[-22,60],[-87,-31],[-194,4],[-56,-14],[-66,-67],[-120,56],[-175,-24],[-66,11],[-216,-67],[-155,39]],[[55710,54565],[50,36],[-55,48],[-30,102],[128,28],[-17,111],[146,41],[92,9],[12,127],[258,7],[179,18],[33,76],[161,-5],[91,-70],[57,63],[97,63],[46,-30],[53,57],[64,-15],[28,-55],[226,105],[48,104],[114,28]],[[57491,55413],[31,-28],[135,12],[171,-4],[161,11],[235,48],[60,52],[33,89],[41,38],[44,98],[70,27],[49,-31],[2,-140],[-67,-99],[65,-52],[165,36],[140,48],[140,27]],[[58966,55545],[79,-34],[-35,-99],[-67,19],[-92,-10],[-99,-106],[4,-107],[-22,-52],[-111,-104],[-120,-68],[26,-112],[12,-147],[53,-93],[103,-76],[142,-56],[212,-23],[202,56],[79,119],[54,111],[94,95],[135,91],[134,53],[301,-46],[43,-22],[-43,-169],[54,-57],[42,-117],[84,-103],[169,-131],[80,-34],[136,40],[57,-119]],[[56431,57273],[95,-79],[184,-128],[43,-94],[78,-11],[115,-161],[0,-119],[97,-108],[61,-21],[71,36],[31,56],[96,53],[136,6],[83,-28],[48,-89],[-50,-91],[-248,-111],[-128,-115],[-25,-64],[117,-124],[121,-20],[131,18],[124,-27],[51,32],[12,63],[-21,110],[17,84],[144,100],[72,21],[105,-15],[68,-36],[-8,-67],[-148,-23],[-19,-64],[31,-69],[-25,-100],[30,-106],[-39,-110],[-83,-127],[1,-123],[-26,-62],[-70,-45],[-183,-55],[-29,-47]],[[58966,55545],[6,187],[176,110],[81,93],[47,97],[-1,72],[93,7],[51,-36],[151,6],[148,24],[135,-3],[147,-52],[94,3],[151,82],[25,177],[30,50],[19,142],[-59,40],[1,62],[89,25],[-16,129],[25,70],[-52,79],[40,31],[-129,90],[47,115],[125,47],[-29,50],[137,78]],[[31886,49473],[-109,81],[-107,101],[-71,40],[-197,12],[-58,35],[32,76],[163,124],[120,132],[8,59],[-29,68],[-157,117],[-128,50],[-384,60],[-276,17],[-100,87],[33,98],[81,87]],[[30707,50717],[158,83],[136,182],[62,45],[159,-27],[144,36],[-12,37],[135,-4],[82,100],[104,-20],[-12,90],[127,8],[53,61],[49,-5],[68,70],[76,23],[4,211],[-47,41],[110,21],[108,-1],[15,84],[147,-1],[-10,97],[-107,172],[116,24],[177,-14],[34,-20],[121,21],[46,88],[63,-96],[90,-48],[25,35],[169,-31],[56,-44],[140,-31],[75,-1],[73,70],[114,-72],[58,-12],[129,62],[70,65]],[[33812,52016],[93,-14],[67,-80],[-42,-66],[17,-223],[61,-34],[61,-71],[32,-83],[-80,-13],[-1,-76],[100,-73],[10,-100],[51,-63],[122,12],[91,-27],[-14,-73],[20,-97],[-99,-20],[-8,-133],[118,-53],[268,-79],[133,19],[97,-125],[34,-14],[133,46],[71,-18],[20,-84],[104,-21],[26,-28],[1,-101],[32,-72],[87,-51],[111,-30],[-45,-115],[14,-98]],[[37430,51079],[-74,10],[-34,76],[-52,24],[-40,150],[-230,122],[-65,46],[-59,-28],[-200,113],[26,193],[-30,69],[-80,6],[27,73],[-34,58],[-23,141],[45,118],[9,80],[59,120],[70,99],[60,129],[-205,20],[-171,93],[100,62],[28,53],[-120,45],[5,75],[-217,131],[-258,36],[-158,63],[-10,34]],[[35799,53290],[72,10],[431,31],[69,17],[150,71],[163,97],[174,36],[96,57],[15,85]],[[30707,50717],[-114,120],[-378,164],[-182,161],[-57,20],[-151,-16],[-385,-94],[-70,-40]],[[29370,51032],[-45,-20],[-145,52],[-118,5],[-40,65],[-12,160],[107,80],[-43,73],[214,21],[43,100],[95,-27],[70,16],[268,-57],[35,64],[120,61],[59,-22],[12,-69],[-27,-60],[62,-26],[208,36],[118,3],[69,-39],[28,122],[-72,9],[-46,83],[116,-14],[66,86],[74,61],[71,10],[81,-33],[91,52],[12,58],[-78,56],[1,253],[53,29],[-22,54],[-218,-5],[-51,27],[-51,82],[-115,-18],[-85,71],[17,98],[93,-2],[51,27],[20,100],[139,26],[16,136],[40,34],[-52,45],[-81,157],[-65,37],[9,50],[-136,55],[89,37],[221,28],[162,-10],[153,36],[124,2],[91,-26],[54,-42],[99,-27],[205,-85],[52,58],[12,108],[-104,-14],[-39,23],[84,59],[395,202]],[[31924,53543],[246,-87],[346,-101],[81,-1]],[[32597,53354],[-70,-70],[202,-64],[-58,-133],[-99,-84],[22,-59],[-99,-4],[-36,-53],[-63,-17],[20,-81],[83,-35],[28,-117],[60,-29],[133,10],[176,-146],[55,4],[89,-103],[30,-59],[167,-33],[104,1],[23,-64],[109,74],[107,-9],[-29,-122],[127,-89],[69,25],[94,-2],[-29,-79]],[[29370,51032],[72,-45],[-83,-53],[-177,-38],[-120,30]],[[29062,50926],[-96,48],[-271,9],[23,111],[-34,87],[-187,94],[-374,232],[-31,185],[-179,93],[-37,168],[-111,86],[-189,35]],[[27576,52074],[100,97],[75,46],[86,-12],[22,40],[99,4],[37,102],[54,51],[69,167],[-141,-15],[-111,31],[53,63],[-33,51],[173,-6],[230,50],[0,199],[-29,65],[21,161],[78,131],[64,136],[13,86],[-39,13],[18,79],[82,6],[12,51],[78,85],[153,50],[-17,141],[23,45],[-2,143],[135,75],[71,58],[22,71],[-86,27],[65,92],[-48,77]],[[28903,54534],[10,53],[164,-4],[43,57],[-34,65],[11,193],[234,-17]],[[29331,54881],[256,-41],[61,-34],[304,-303],[438,-186],[165,-81],[228,-134],[317,-206],[94,-51],[374,-144],[219,-73],[10,-41],[127,-44]],[[32597,53354],[347,-26],[81,36],[147,-43],[144,-26],[9,-55],[285,-35],[176,106],[94,8],[297,-38],[238,10],[377,-39],[193,25],[23,52]],[[35008,53329],[138,48],[197,-48],[-27,-40],[152,-36],[184,9],[147,28]],[[54717,42522],[-138,146],[-59,-29],[-18,-217],[-39,-60],[-76,-18],[-295,-44],[-75,76],[-91,-10],[-72,37],[-201,-2],[-90,18],[-145,69],[-9,36],[110,62],[-340,7],[-79,-55]],[[53100,42538],[-192,77],[-292,53],[-1,58],[-109,13],[-94,-22],[-40,159],[-129,41],[-53,-4],[-77,51],[-79,-19],[-13,-94],[19,-44],[-134,-143],[-93,6],[-185,-15],[-129,-52],[-51,8],[-32,67],[-90,54],[-5,49],[-101,70],[-85,9]],[[51135,42860],[-11,33],[-106,20],[-76,81],[-95,-2],[-55,60],[11,50],[-25,125],[162,42],[60,46],[6,107],[92,29],[-11,52]],[[51087,43503],[150,10],[8,30],[282,-11],[110,-104],[167,1],[8,48],[131,51],[307,-7],[7,158],[49,40],[86,13],[91,50],[24,54],[99,50],[92,13],[158,50],[51,70],[91,1],[42,98],[-62,78],[9,165],[-15,225],[124,31],[15,28],[276,-20],[-18,218],[45,282],[-69,26],[32,115],[51,68],[9,114],[119,14],[6,58],[-90,11],[-116,-11],[-92,-56],[-140,1],[2,66],[-87,40],[40,88],[-14,48],[-5,228],[82,28],[58,170],[82,119],[169,80],[125,81]],[[50236,42136],[91,-6],[32,146],[208,119],[68,71],[21,79],[-146,5],[26,63],[108,0],[32,136],[55,78],[178,-2],[81,27],[100,-32],[45,40]],[[53100,42538],[5,-57],[72,-71],[186,-92],[53,-112],[-10,-43],[-244,-72],[63,-55],[-130,-18],[-251,-153],[-119,-103],[-22,-49],[-127,4],[-97,-86],[-86,-23],[4,-79],[-215,-17],[3,70],[-66,51],[-138,8],[-61,41],[-81,-9],[-56,-52],[-237,-19],[-87,-32],[-22,73],[-90,-21],[-119,-2],[-126,37],[-153,-59],[-168,-4],[-144,-26],[-46,44],[47,63],[-136,3],[-98,-34],[-182,20],[-41,-64]],[[54296,41189],[-381,3],[-191,17],[-43,-10],[-29,-188],[34,-189],[-115,-7],[-89,63],[-110,-51],[97,-181],[105,-84],[-222,-39],[-120,-107],[-38,-206],[-81,-4],[-172,-68],[-70,-43],[-76,-11],[-382,-7],[-73,88],[-212,-32],[-495,-153]],[[51633,39980],[-111,7],[-19,100],[-57,67],[-2,63],[155,147],[132,69],[48,55],[-31,58],[-271,76],[-68,-32],[-164,79],[-136,11],[-117,57],[-114,-16],[-14,71],[-132,-28],[-191,71],[-66,-31],[-293,-31],[-67,20]],[[51087,43503],[-10,68],[-116,19],[-94,-35],[-104,-5],[26,78],[-51,74],[-98,28],[-20,88],[-82,17],[-14,47],[-81,62],[-97,-36],[-126,-23],[-80,10],[-15,68],[-54,27],[42,169],[-94,32],[-187,284],[-63,19],[-205,135],[20,42],[-94,115],[-66,49],[-80,20]],[[49344,44855],[29,60],[91,41],[91,-13],[56,149],[58,-14],[298,99],[128,-38],[213,34],[81,-105],[5,-38],[159,6],[170,-23],[30,50],[152,32],[49,74],[68,161],[320,-77],[157,-59],[167,156],[193,158],[158,166],[-124,56],[-212,50],[-297,58],[107,224],[100,155],[-116,116],[155,99],[43,9],[9,94],[96,-8],[83,51],[-21,47]],[[47657,44199],[86,51],[86,-6],[38,89],[75,77],[201,-18],[-17,145],[5,80],[47,20],[42,-83],[224,14],[211,50],[229,115],[-20,72],[48,47],[135,-30],[60,14],[84,-56],[134,22],[19,53]],[[43889,61420],[-20,-51],[48,-65],[-9,-63],[37,-36],[130,98],[16,75],[158,-55],[-5,-90],[-132,-33],[-37,-48],[47,-56],[138,9],[-16,57],[98,19],[104,-80],[-79,-64],[144,8],[-55,-86],[-72,26],[-12,-169],[-107,-45],[227,-45],[43,-118],[57,47],[51,-36],[89,76],[60,-78],[46,-101],[-12,-39],[68,-33],[-40,-65],[-72,-32],[-17,65],[-70,5],[93,-105],[-164,-21],[23,-121],[85,32],[13,-64],[-107,-5],[-1,-65],[-41,-46],[2,-57],[150,51],[-12,-93],[63,13],[139,-45],[43,-52],[-32,-60],[65,-22],[-123,-103],[174,-42],[45,-116]],[[45110,59496],[-8,-62],[184,13],[-63,-61],[-110,-1],[54,-59],[-75,-61],[-141,-41],[-98,52],[-92,-83],[-141,-52],[-85,11],[0,40],[-149,105],[-21,93],[-116,-8],[-230,6],[-64,-47],[-3,-112],[-87,35],[-27,114],[31,87],[-94,141],[-160,-29],[19,-182],[-67,-34],[-250,-56],[-2,63],[-64,7],[-56,-36],[-8,-63]],[[43187,59276],[-125,103],[-130,73],[-200,-106],[-107,12],[-60,35],[-19,61],[-84,32],[-103,-80],[-122,-30],[-64,6],[29,78],[-20,104],[65,104],[-83,-4],[-78,98],[-7,54]],[[42079,59816],[-24,125],[-53,68],[272,-3],[53,124],[4,62],[-65,106],[0,106],[43,38],[20,114],[-23,56],[-95,6],[-48,99],[82,87],[-197,154],[109,93],[-53,41],[-111,3],[41,72],[-32,47]],[[42002,61214],[228,28],[97,-16],[98,-59],[111,-8],[149,62],[88,61],[14,115],[63,23],[114,-33],[84,4],[35,-36],[182,-54],[125,-70],[82,29],[75,95],[20,89],[68,23],[88,75],[145,-73],[21,-49]],[[40070,64466],[-140,3],[-16,-77],[114,-178],[-50,-45],[54,-96],[79,-3],[58,-188],[140,-150],[63,-38],[-17,-84],[-53,4],[-127,-42],[10,-58]],[[40185,63514],[-87,-44],[37,-95],[-29,-109],[-99,-66],[159,-121],[47,-78],[-46,-53],[-141,56],[-2,67],[-102,-19],[-83,12],[-53,-23],[-20,-56],[-185,-30],[-105,74],[-106,-41],[-61,29],[-67,-8],[-128,115],[-25,-18],[-148,3],[-106,-17],[2,-88],[-62,-25],[-26,-117],[-164,10],[-88,-20],[-47,-51],[-125,14],[-55,98],[-150,91],[-73,-43],[-97,8],[-105,-26]],[[37845,62943],[-92,96],[54,10],[-44,71],[-83,48],[-125,30],[-66,-52],[-49,74],[-138,266],[-23,172],[35,84],[130,181],[-245,6],[-23,263],[151,33],[117,111],[68,85],[-50,17],[-118,-64],[-50,30],[17,63],[170,192],[-45,126],[-78,-13],[-81,104],[-78,8],[-94,49],[-64,1],[-42,72],[72,59],[66,8],[119,-46],[27,33],[25,123],[-76,27],[34,53],[-11,62],[263,-10],[83,42],[119,5],[-13,158],[-25,112],[23,74],[89,65],[117,45],[210,101]],[[38121,65917],[119,-58],[187,-11],[79,18],[101,115],[109,14],[23,28]],[[38739,66023],[144,-48],[112,-16],[41,-75],[-90,-144],[-16,-133],[31,-74],[76,-43],[96,-263],[-26,-39],[255,-62],[144,-17],[67,116],[183,53],[67,-61],[61,45],[173,15],[64,-9],[17,60],[-24,79],[61,12],[157,-51],[-106,-97],[5,-143],[-71,-82],[-108,37],[-61,-33],[4,-75],[122,-55],[56,-77],[107,-25],[83,15],[-49,-127],[15,-88],[-121,-4],[-53,-127],[-85,-21]],[[43187,59276],[119,-14],[33,-85],[-138,-153],[-147,-41],[-111,-11],[-56,35],[-98,2],[-61,-42],[48,-44],[-29,-134],[46,-54],[-66,-43],[10,-56],[-26,-87],[-133,-8],[-39,-67],[-66,4],[-55,-47],[-122,-4],[-69,34],[-49,-28],[29,-112],[-44,-51],[-141,-94],[-15,-61],[-114,-8],[5,-57],[118,17],[96,-13],[28,-93],[-44,-21],[-14,-66],[44,-61],[133,-8],[-8,-82],[-108,-22],[-43,-114]],[[42100,57587],[-123,-175],[-40,44],[11,167],[-99,-26],[-66,14],[-95,-44],[-95,-4],[-86,-55],[-116,-5],[-174,-86],[-78,16],[-121,-31],[-4,221],[67,84],[-71,32],[-168,11],[11,62],[-97,60],[25,214],[-57,31],[-235,19],[-106,25],[-94,175],[-84,19],[-83,-43],[-169,74],[-121,37],[-78,43],[43,50],[211,56],[-130,128],[-78,-21],[-309,6],[31,52],[-63,93],[36,53],[18,129]],[[39513,59012],[114,-10],[75,53],[4,101],[-44,24],[126,70],[80,0],[299,-47],[56,-37],[135,-15],[93,39],[-132,132],[-53,77],[-4,67],[53,47],[40,102],[5,174],[75,8],[34,158],[141,52],[42,-16],[99,44],[144,-51],[49,-35],[126,-9],[-48,96],[67,22],[-1,55],[146,28],[89,77],[47,12],[139,-16],[-23,-73],[37,-34],[5,-98],[79,-40],[-46,-164],[-60,-75],[115,10],[102,32],[88,70],[169,15],[104,-41]],[[42433,68486],[45,-33],[-3,-75],[27,-155],[-15,-36],[21,-149],[71,-139],[152,-27],[71,-72],[22,-68],[67,-52],[-98,-15],[-114,-80],[-78,0],[-49,42],[-148,-23],[-184,-59],[83,-59],[27,-96],[137,28],[105,-21],[45,108],[66,-36],[4,-129],[-47,-51],[-54,41],[-98,1],[-79,-60],[-84,-20],[-127,-121],[-81,12],[-56,-121],[51,-103],[100,-100],[130,-6],[-5,-75],[-114,-4],[-89,48],[-73,-43],[-45,16],[-93,-23],[-49,63],[-96,-12],[-51,-62],[-72,-12],[-67,26],[-56,-63],[-55,29]],[[41477,66700],[26,88],[-17,65],[-117,22],[-11,32],[100,57],[-21,91],[-146,33],[-175,-28],[-69,37],[-292,63],[-12,79],[-75,25],[-151,-92],[-19,-111],[73,-77],[35,-92],[-29,-53],[-137,42],[-112,-50],[-181,81],[-106,-51],[-37,39],[-117,38],[31,90],[-117,-7],[-23,-46],[-70,-14],[-157,72],[-147,20],[-71,-10]],[[39333,67043],[-72,72],[41,48],[132,9],[162,-31],[80,10],[143,72],[-78,107],[5,57],[196,196],[49,75],[111,-58],[91,-22],[76,10],[100,47],[64,68],[-16,131],[-99,189],[-37,32],[-240,130],[-26,128],[35,122],[-38,86],[8,108],[72,84],[-18,70],[150,-12],[15,-38],[127,-65],[145,-20],[175,6],[32,79],[81,63],[163,6],[11,56],[-91,68],[159,2],[140,54]],[[41181,68982],[139,-121],[43,-119],[134,-13],[72,18],[137,-21],[81,-117],[-90,-33],[80,-55],[88,-95],[117,-50],[131,-4],[20,41],[117,-13],[55,60],[66,-33],[62,59]],[[40070,64466],[43,-65],[89,-12],[242,112],[110,-17],[51,17],[108,-35],[142,55],[98,-7],[93,25],[105,-31],[96,28],[63,68],[106,31],[-28,33],[37,158],[109,19],[2,115],[126,31],[-54,102],[126,11],[-51,62],[87,27],[47,53],[-44,86],[21,49],[111,69],[111,-34],[61,27],[39,114],[68,50],[-83,31],[27,46],[80,-13],[156,160]],[[42364,65831],[159,-64],[85,-87],[89,-27],[30,63],[143,8],[112,-17],[-133,-119],[12,-117],[209,-79],[97,-4],[120,68],[127,-6],[29,27],[134,-11],[6,56],[77,9],[52,-76],[76,-11],[108,58],[240,-114],[138,27],[34,72],[129,25],[29,80],[38,12],[316,21],[57,22],[93,-147],[143,-110],[-40,-69],[25,-192],[43,-29],[69,49],[205,111],[62,5],[206,74],[324,166]],[[46007,65505],[105,-192],[48,-27],[130,21],[-12,-70],[137,-253],[81,61],[117,28],[59,-34],[22,-59],[72,-47],[90,2],[68,-41],[81,-1],[132,-49],[6,-29],[-134,-71],[19,-69],[78,-29],[85,40],[73,-25],[58,-66],[84,-33],[47,-84],[75,-60],[153,12],[40,43],[177,-93],[-126,-60],[-96,-20],[-40,-48],[-154,-67],[-55,-107],[-252,-4],[-2,-103],[25,-85],[159,-47]],[[47357,63839],[-1,-72],[34,-161],[53,-21],[52,-86],[115,-135]],[[47610,63364],[-126,-22],[-191,10],[-18,45],[-183,35],[-72,37],[-65,96],[-88,-40],[-106,-11],[-67,23],[-258,-46],[-100,12],[-63,-57],[1,-47],[-76,-41],[-96,-11],[-144,29],[-175,55],[-108,7],[-203,-18],[-241,-55],[-30,-39],[-229,124],[-124,-34]],[[44848,63416],[-375,-68],[-197,-1],[-34,-83],[57,-50],[-3,-91],[-109,-94],[-10,-38],[-115,-21],[-175,43],[-58,91],[-71,15],[-218,-22],[-43,100],[-151,-10],[-12,-25],[43,-135],[-109,10],[-261,-117],[-69,8],[-16,124],[-31,39],[-100,2],[-35,-43],[34,-71],[-89,-20],[-58,46],[-138,26],[12,-101],[-37,-18],[-111,74],[-52,-47],[11,-42],[-73,-44],[-92,8],[-67,74],[-66,1],[-41,-76],[-67,15],[-107,107],[-241,-47],[-45,95],[5,41],[-145,122],[-114,-76],[-146,-38],[-13,35],[-119,-3],[-13,72],[23,58],[-51,60],[-7,55],[-137,-31],[-39,-45],[-127,34],[-197,24],[-15,67],[-101,-48],[-148,157]],[[38739,66023],[-66,33],[-89,81],[50,33],[85,-63],[99,106],[126,-15],[17,25],[-112,93],[14,49],[135,89],[-80,66],[2,47],[81,30],[103,-36],[22,86],[105,26],[2,111],[175,-86],[41,74],[-124,87],[-79,95],[81,28],[6,61]],[[41477,66700],[-63,-10],[-23,-83],[49,-116],[-77,-15],[-38,-83],[126,-125],[227,36],[-32,31],[98,55],[77,4],[73,-71],[144,-50],[175,5],[41,-39],[-24,-64],[21,-56],[190,-8],[14,-37],[-96,-88],[-79,-120],[84,-35]],[[42002,61214],[-41,86],[-76,7],[-98,41],[-108,-25],[38,-172],[-99,18],[-176,-1],[4,52],[-146,59],[-133,70],[-39,42],[-35,124],[-230,9],[-18,64],[31,99],[-137,108],[-134,35],[-85,-23],[-150,-14],[-26,107],[49,23],[77,136],[-65,25],[-42,94],[-189,-58],[5,-62],[-76,-34],[-85,22],[-67,-13],[-112,23],[-53,-13],[0,-84],[-117,7],[-141,40],[-79,57],[-262,-93],[-53,143],[-62,61],[-215,-30],[-61,144],[-86,67],[-205,55],[-164,-80],[40,-103],[-10,-180],[-91,-1],[-211,-45],[-252,41],[-140,10],[-84,-14]],[[37593,62038],[-148,65],[-88,95],[-8,66],[57,137],[170,122]],[[37576,62523],[84,112],[-1,151],[-60,166],[246,-9]],[[44848,63416],[28,8],[107,-167],[136,-38],[-378,-114],[-12,-147],[11,-74],[-68,-108],[-13,-68],[-76,-54],[94,-93],[-9,-79],[72,-76],[-149,-49],[-93,-8],[-174,18],[-187,-28],[62,-33],[-42,-51],[9,-55],[-98,2],[-83,-66],[79,-100],[-234,-13],[3,-113],[173,-36],[57,-77],[119,3],[18,-76],[-87,-13],[32,-92],[-160,-31],[57,-99],[-30,-37],[-123,-32]],[[42433,68486],[16,104],[71,19],[59,48],[-26,64],[36,26],[237,14],[133,67],[26,75],[73,29],[53,68],[19,71],[-42,114],[47,52],[128,42],[16,27],[172,-8],[235,-53],[131,82],[148,28],[135,-9],[51,58],[148,26]],[[44299,69430],[65,-29],[86,-104],[70,-25],[16,-65],[97,-99],[-14,-62],[44,-46],[-28,-39],[110,-22],[-16,-79],[-124,-1],[-46,-141],[37,-111],[93,-8],[293,-2],[444,22],[108,-63],[-29,-35],[-2,-89],[-107,-150],[39,-87],[64,-42],[-20,-64],[91,-109],[-50,-124],[41,-61],[62,-32],[68,-94],[75,-315],[-40,-32],[20,-84],[107,-48],[30,-72],[-47,-63],[16,-82],[44,-75],[-92,-179],[-106,-2],[-17,-57],[-67,-76]],[[45614,66584],[-91,22],[-4,-177],[-48,-115],[-53,-59],[114,-92],[207,-231],[138,5],[95,-53],[-105,-81],[140,-298]],[[42813,57045],[-69,21],[27,67],[-84,70],[-63,139],[-115,14],[-5,-71],[-90,-34],[-108,72],[-51,-11],[-14,97],[-65,38],[6,136],[-82,4]],[[45110,59496],[38,38],[79,13],[125,144],[134,65],[254,22],[61,-23],[119,-6],[98,27],[149,87],[102,20],[332,-11],[189,55],[199,-10],[21,117],[42,27],[99,-57],[56,36],[156,-11],[44,-65],[-99,-72],[-3,-72],[57,-33],[121,7],[62,-43],[182,-7],[26,-102],[-31,-49],[42,-39],[0,-83],[76,-31],[25,78],[173,62]],[[38064,56986],[-8,107],[108,17],[122,45],[226,190],[225,140],[134,173],[32,91],[11,101],[-13,113],[-85,104],[-54,156],[8,118],[-7,238],[87,166],[-46,42],[-174,61],[-77,77],[-42,117],[-51,32],[-252,-50],[-61,-1],[-92,45],[-52,97],[74,61],[77,31],[241,28]],[[38395,59285],[14,-52],[217,2],[62,-22],[133,10],[105,-80],[145,-53],[86,-8],[220,-57],[136,-13]],[[47610,63364],[145,-53],[72,-50],[133,9],[-91,-283],[-129,-333],[-77,-179],[-105,-296],[20,-100],[65,-73],[2,-52],[176,-39],[111,11],[4,-117],[136,-139],[84,-216],[-18,-130],[151,-137],[351,-20],[127,-154],[150,0]],[[38395,59285],[27,5],[-100,306],[-82,160],[-113,308],[-47,200],[-21,165],[4,111],[97,180],[31,124],[3,113]],[[38194,60957],[-32,188],[-93,131],[-180,108],[-54,83],[-18,126],[31,99],[-7,95],[-78,151],[-170,100]],[[37898,36291],[91,-35],[151,-17],[9,-68],[92,-84],[198,-215],[83,40],[133,-110],[292,-92],[201,117],[107,-35],[-45,-33],[-36,-104]],[[39174,35655],[59,-94],[-28,-41],[26,-142],[79,-162],[-22,-71],[75,-35],[-76,-54],[16,-102],[-26,-76],[102,21],[67,-49],[-55,-115],[92,-17],[-26,-58],[164,7],[50,-53],[-76,-34],[-15,-82],[81,-79],[-11,-39],[-116,-65],[-71,-69],[-16,-52],[65,-118],[-90,-27],[-281,31],[-46,-45],[-20,-182],[-59,-158],[-68,-73],[-63,-128],[-12,-117],[117,-123],[-22,-46],[-88,-27],[-16,-45]],[[38864,33136],[-112,-20],[-55,-128],[-115,-59],[-149,-4],[-75,-55],[-116,29],[-140,-114],[-59,-18]],[[38043,32767],[-119,-12],[-145,8],[-34,-44],[-9,-98],[-63,-79],[-90,-29],[-89,44],[72,148],[-30,166],[62,59],[-63,42],[-135,14],[-58,-40],[-40,-67],[-59,19],[-54,-43],[-71,35],[-193,8],[-65,-32],[-34,81],[-156,2],[-109,-15],[-40,-58],[-87,10],[136,107],[10,60],[-84,66],[-10,47],[37,86],[-89,47],[84,79],[40,163],[97,-2],[49,77],[121,52],[-21,178],[-162,27],[-117,53],[-61,-66],[-69,-10],[-259,67],[-103,36],[-113,135],[-63,47],[-101,7],[-228,-33],[-77,-42],[-38,64],[-11,134],[-26,73],[-60,67],[-11,96],[51,65],[-94,34],[-224,-60]],[[35038,34540],[-78,5],[49,68],[-4,84],[31,77],[-115,106],[62,135],[-62,36],[64,56],[109,19],[111,82],[273,50],[97,-1],[132,-58],[11,51],[135,-22],[59,-31],[80,13],[125,-22],[36,-54],[113,64],[155,62],[125,125],[129,-25],[86,55],[45,-17],[113,54],[69,117],[-14,91],[217,69],[-154,229],[128,238],[-24,44],[198,119],[37,70],[85,-21],[130,-7],[67,-52],[-22,-111],[174,-44],[88,97]],[[41399,37314],[80,-56],[59,-112],[3,-199],[-94,-36],[-41,46],[-98,-14],[-113,-71],[-330,-170],[-25,-152],[41,-23],[210,-44],[113,-41],[110,-83],[36,-83],[-157,-18],[-161,25],[-134,-25],[-51,-84],[-183,-29],[-27,-69],[25,-85],[-11,-156],[118,-68],[91,-1],[171,35],[107,-8],[66,-34],[-5,-110],[-78,-104],[-28,-109],[7,-118],[-25,-58],[-309,59]],[[40766,35319],[42,68],[-11,41],[-102,29],[-125,86],[18,101],[-40,52],[-115,-6],[-43,35],[-104,-44],[-61,51],[-242,0],[-46,-68],[-64,-36],[-11,-45],[-214,10],[-218,56],[-154,-12],[-102,18]],[[37898,36291],[-61,20],[43,94],[-101,94],[111,61],[-64,171],[-55,28],[-122,-34],[-52,133]],[[37597,36858],[18,87],[227,-28],[41,44],[197,-21],[165,18],[53,-26],[193,2],[179,-61],[107,33],[9,52],[68,37],[101,14],[47,52],[66,-36],[62,36],[78,-4],[32,70],[-29,89],[56,49],[-132,21],[-19,50],[-88,47],[-36,51],[-118,0],[-14,45],[-72,-1],[-126,178],[-95,-16],[-68,49],[-10,42],[44,100],[203,-64],[-32,101],[110,7],[34,39],[101,-2],[81,29],[66,83],[44,-44],[25,-78],[169,38]],[[35038,34540],[-222,-50],[-88,2],[-123,48],[-95,-137],[9,-99],[-48,-143],[-62,-59],[-69,-5],[-119,-61],[-158,-37],[-121,31],[-208,-11],[-70,22],[-132,220],[57,91]],[[33589,34352],[61,59],[-43,124],[-80,95],[-114,99],[23,29],[295,34],[180,87],[190,8],[30,51],[-20,90],[-59,22],[-190,-17],[-60,31],[-54,107],[67,59],[73,23],[76,-51],[63,36],[49,119],[-51,150],[185,187],[67,95],[-52,67]],[[34225,35856],[82,98],[-11,135],[197,21],[132,-90],[84,-27],[121,-9],[76,15],[1,60],[106,21],[61,-128],[1,-71],[-36,-34],[28,-82],[177,23],[22,75],[-30,222],[141,51],[-20,46],[46,71],[96,292],[189,-67],[22,132],[-32,116],[89,98],[128,2],[109,30],[68,-6],[179,44],[109,58],[32,-11]],[[36392,36941],[-13,-33],[108,-26],[13,-105],[143,-88],[78,-71],[91,-36],[119,27],[202,-51],[33,-63],[107,-37],[82,24],[-15,69],[-61,82],[-2,76],[165,-36],[-1,116],[156,69]],[[40766,35319],[-109,32],[-80,-21],[-326,-120],[-302,-147],[-170,-55],[-115,-71],[-17,-105],[52,-64],[58,-16],[181,39],[180,14],[254,33],[144,4],[314,-46],[151,-61],[211,-105]],[[41192,34630],[100,-71],[-91,-88],[-107,-33],[-159,-78],[-113,-91],[-161,-92],[-63,19],[-34,135],[-156,183],[-56,-9],[-137,-151],[-4,-72],[55,-100],[233,-103],[251,-63],[92,10],[109,-43],[111,-8],[-61,-136],[-20,-239],[-48,-123],[-60,-85]],[[40873,33392],[-93,99],[-187,-10],[-265,-67],[-67,-49],[-36,-132],[-78,-90],[-2,-42],[90,-86],[56,-80],[37,-96],[-179,-34],[-23,-30],[-217,-16],[-209,-133],[-166,-38],[-84,11],[-170,71],[-162,129],[-84,151],[20,86],[59,106],[-56,14],[-193,-20]],[[36392,36941],[67,45],[22,85],[67,98],[-13,28],[56,161],[-97,66],[-37,89],[-146,22],[-79,81],[-41,7],[-61,95],[-13,77],[68,38]],[[36185,37833],[86,-5],[94,77],[59,11],[93,-70],[40,53],[94,66],[-46,51],[-106,4],[7,57],[299,51],[53,63],[-21,40],[-151,20],[-7,39],[60,53],[208,112],[143,97],[15,56],[-98,11],[-193,-106],[-42,35],[36,78],[259,164],[81,129],[137,72],[80,160],[-46,159],[63,40]],[[37382,39350],[130,-64],[51,9],[91,201],[90,50],[232,61],[122,-11],[16,-68],[-114,-103],[-30,-52],[76,-71],[150,9],[80,21],[150,75]],[[36540,31600],[-80,-37],[-20,-55],[105,-61],[-26,-71],[12,-70],[90,-59],[-17,-41],[-115,-15],[-118,12],[-112,44],[-81,60],[-64,-69],[47,-29],[112,-18],[-106,-67],[-10,-103],[141,67],[47,46],[114,10],[54,-21],[39,-128],[-7,-90],[47,-112],[-27,-34],[-135,-46],[-175,-26],[8,-77],[50,-52],[220,-158],[188,-66],[85,-88],[-42,-37],[-175,-2],[-190,-48],[36,-61],[66,-42],[282,-70],[142,-62],[46,-43],[55,-163],[87,-70],[37,8],[117,174],[89,96],[64,3],[52,-37],[-6,-151],[30,-55],[232,-201]],[[37728,29485],[63,-127],[-20,-24],[-192,-34],[-112,-50],[-26,-102],[37,-76],[118,-89],[20,-84],[-32,-165],[-53,-138],[3,-66],[-121,-70],[33,-91],[73,-91],[17,-88],[-70,-29],[-63,-73],[-93,-4],[22,-73],[-37,-36],[70,-169],[74,-49],[-151,-50],[-25,-82],[46,-28],[204,43],[-24,-79],[-117,-56],[-6,-35],[170,-115],[-3,-36],[-90,-102],[-60,-170],[18,-192],[-46,-151],[-52,-119],[-71,-26],[-212,228],[-102,-49],[-69,-126],[47,-81],[274,-114],[28,-25],[-12,-83],[-60,-128],[-12,-119],[-28,-85],[30,-207],[-30,-135],[28,-54],[259,-42],[54,-35],[59,-83],[160,-190],[29,-62],[32,-182],[107,-161],[-3,-51],[-87,-151],[-214,-83],[-43,-60],[-159,-85],[-5,-143],[-48,-24],[-120,-8],[-59,-38],[56,-228],[35,-50],[80,-12],[95,14],[98,-8],[28,-38],[-16,-127],[-39,-35],[-233,-63],[-51,-31],[16,-52],[140,-141],[25,-58],[-42,-89],[-39,-18],[-221,-48],[-26,-73],[205,-114],[42,-59],[-14,-70],[-178,-80],[-11,-66],[155,-72],[222,0],[166,-14],[111,-78],[15,-107],[-81,-83],[-142,-25],[-118,-67],[-134,49],[-128,96],[-161,20],[-98,-54],[-49,-74],[98,-113],[53,-108],[-32,-130],[-124,-103],[-207,-131],[258,-106],[60,-40],[124,-159],[30,-139],[111,-69],[46,-87],[66,-74],[-3,-121],[96,-280]],[[37360,20668],[-127,-167],[-137,-246],[-117,-180],[-192,-360],[-238,-324],[-158,-140],[-254,-162],[-243,-110],[-173,-59],[-193,-52],[-183,-22],[-193,-7],[-230,73],[-188,91],[-185,109]],[[34549,19112],[3,35],[-74,100],[-413,304],[-361,225],[-323,233],[-263,234],[-136,259],[16,263],[75,200],[96,205],[180,233],[195,386],[-249,232],[-275,236],[-104,164],[-54,152],[-4,215],[48,161],[85,218],[101,341],[168,423],[282,532],[224,368],[93,316],[-6,242],[-77,219],[-295,351],[-451,442],[-91,184],[4,140],[241,172],[349,188],[360,161],[3,231],[-100,180],[-1,199],[160,253],[240,215],[297,333],[132,171],[43,120],[-39,338],[-72,292],[-154,388],[-229,324],[-204,313],[-112,467],[-87,447],[-105,335],[-103,230],[-78,144],[-107,281],[-52,110],[-54,69],[-129,126]],[[33142,32812],[195,55],[71,1],[7,-52],[76,-93],[23,-88],[175,-28],[152,43],[22,-105],[98,17],[5,-60],[113,-80],[-66,-48],[13,-35],[107,-14],[51,-29],[112,-135],[60,32],[290,-29],[39,-57],[100,-67],[58,15],[-74,76],[-5,52],[104,-28],[206,-23],[60,-73],[-28,-185],[92,-36],[60,4],[96,90],[70,120],[61,-3],[104,-75],[94,12],[90,39],[122,-51],[-14,-42],[250,-100],[47,-58],[-96,-18],[54,-120],[62,20],[165,12],[24,-91],[122,44],[31,-21]],[[40873,33392],[-48,-86],[198,1],[316,-27],[228,-28],[168,-52],[87,-80],[8,-103],[-16,-119],[-121,-342],[-99,-199],[-77,-94]],[[41517,32263],[-49,-55],[-336,-262],[-198,-173],[66,-51],[352,16],[474,-10],[91,-33],[15,-88],[-29,-138],[-172,-7],[-137,-18],[-221,24],[-195,44],[-189,60],[-214,93],[-503,-5],[-137,-38],[-62,-78],[17,-131],[97,-141],[141,-87],[112,-36],[295,-25],[299,74],[120,-10],[130,-34],[76,-45],[53,-63],[14,-60],[-51,-150],[-71,-69],[-140,-78],[-141,-40],[-312,21],[-234,-67],[-169,-82],[-116,-119],[-181,-36],[-95,-56],[-73,-82],[-15,-82],[30,-89],[157,-167],[341,-232],[60,-64]],[[40417,29594],[52,-95],[-4,-196],[-101,-251],[-119,-155]],[[40245,28897],[-189,118],[-36,35],[-6,122],[-70,153],[-31,99],[-117,23],[-35,-98],[-128,-11],[-113,76],[-96,-53],[-106,-4],[-192,26],[-5,28],[164,4],[-57,82],[-8,72],[-272,-11],[-38,-16],[-173,15],[-65,70],[16,78],[-77,67],[-10,80],[-148,-92],[-121,-2],[-190,-88],[64,-58],[4,-54],[-45,-29],[-232,1],[-205,-45]],[[36540,31600],[212,16],[44,18],[17,92],[181,59],[55,71],[122,15],[57,56],[75,15],[7,75],[162,33],[52,51],[153,25],[79,50],[13,59],[-44,158],[13,77],[126,94],[161,160],[18,43]],[[33142,32812],[-202,198],[-223,158],[-115,130],[-2,81]],[[32600,33379],[13,123],[63,112],[164,156],[267,118],[-22,69],[-94,132],[-41,99],[18,133],[170,88],[33,60],[-4,66],[62,25],[203,-151],[157,-57]],[[40245,28897],[-173,-165],[-141,-154],[-157,-242],[-73,-166],[-77,-231],[-26,-124],[-17,-211],[31,-206],[110,-368],[97,-103],[175,-160],[114,-139],[64,-145],[36,-447],[74,-121]],[[40282,25915],[38,-85],[0,-72],[91,-351],[12,-226],[-27,-200],[-78,-197],[-168,-286],[-120,-224],[-18,-72],[24,-136],[147,-137],[31,-153],[84,-212],[116,-63],[36,-49],[78,-168],[77,-463],[96,-77]],[[40701,22744],[-244,-38],[-57,-35],[-13,-51],[168,-396],[70,-249],[12,-131],[-15,-249],[-48,-158],[-24,-167],[33,-207],[61,-182],[60,-347],[6,-462],[-20,-338],[-21,-50],[-418,-44],[-201,-4],[-316,19],[-439,47],[-267,70],[-196,78],[-243,186],[-298,167],[-166,82],[-376,138],[-240,113],[-149,132]],[[20986,52871],[125,-13],[149,-51],[33,86],[53,7],[11,-103],[-27,-60],[-84,-98],[-101,-178],[-106,-119],[50,-60],[139,14],[77,-16],[90,-93],[40,-80],[8,-117],[-62,-103],[32,-86],[168,-219]],[[21581,51582],[-84,5],[-59,-82],[-55,-210],[23,-33],[-27,-110],[25,-22],[-6,-104],[-37,-40],[16,-86],[112,-174],[-58,-113],[-56,-176],[47,-72],[15,-139],[-83,-65]],[[21354,50161],[-167,46],[-62,-22],[-145,-101],[-106,-44],[-85,22],[-11,93],[-153,-12],[-346,47],[-67,-10],[-237,11],[-130,46],[-138,-107],[-119,141],[-100,11],[-36,76],[-95,58],[-10,109],[46,94],[-116,119],[-23,126],[-120,72],[31,87],[-21,64],[81,47],[-91,58],[-66,75],[-63,-13],[-63,29],[-79,-67],[-109,12],[-98,62],[-134,-96],[-49,17],[-50,-54],[-111,-30],[-144,10],[-117,-31],[38,-52],[-76,-26],[-79,107],[-1,124],[-33,48],[-175,-2],[-55,-29],[47,-96],[-186,41],[-204,23],[-74,-20],[2,-44],[-194,-35]],[[17061,51145],[-45,124],[-72,90],[-105,77],[-99,31],[-41,-16],[-322,-30]],[[16377,51421],[34,71],[126,85],[57,206],[-87,17],[-12,190],[22,61]],[[16517,52051],[73,31],[63,89],[-29,156],[40,64],[53,183],[60,80],[64,-52],[91,-19],[143,46],[158,26],[51,-44],[72,47],[4,80],[35,144],[55,120],[178,263],[-5,59],[47,48],[203,56],[48,70],[2,70],[127,80],[154,-20]],[[18204,53628],[73,-68],[144,65],[125,28],[146,-16],[189,-71],[135,-12],[187,168],[93,-63],[34,-98],[195,-67],[62,-81],[1,-39],[-101,-113],[-19,-122],[-45,-103],[-89,-133],[-13,-48],[66,-30],[155,25],[160,83],[82,98],[156,8],[-45,117],[207,-74],[59,83],[83,76],[191,12],[65,-16],[156,-110],[49,-178],[34,-34],[247,-44]],[[21354,50161],[40,-85],[-51,-45],[52,-57],[-127,-209],[-309,-205],[-41,-48],[-32,-92],[22,-50],[64,-11]],[[20972,49359],[-35,-56],[-106,-36],[-56,-126],[-104,-58],[61,-126],[-32,-54],[-144,77],[-95,-11],[-112,45],[-111,-26],[-129,19],[-93,-65],[-44,-114],[74,-34],[77,71],[70,-9],[66,-59],[116,-61]],[[20375,48736],[12,-68],[-30,-87],[-69,-44],[-90,-13],[-48,-56],[-86,-38],[30,-103],[-40,-57],[-31,-139]],[[20023,48131],[-65,-14],[-21,102],[-57,14],[-48,99],[-49,-64],[53,-192],[-42,-36],[-150,7],[-109,89],[-136,12],[-49,58],[20,62],[-41,114],[-73,2],[-9,-85],[-37,-43],[-130,-26],[-154,-94],[-38,-7],[-304,9],[-105,15],[-345,23],[-190,35],[5,71],[-114,111],[-204,-72],[-141,-25],[-108,-75],[137,-98],[50,-93],[-42,-88],[-108,-45],[-66,21],[-43,101],[-58,-4],[-100,-61]],[[17152,47954],[36,64],[53,200],[-46,36],[-147,28],[-38,65],[10,53],[105,86],[30,55],[120,43],[98,8],[47,52],[-46,88],[49,58],[81,50],[-172,22],[-94,80],[14,87],[72,84],[12,81],[-66,102],[-9,51],[62,116],[94,61],[-134,182],[-24,70],[-106,6],[45,96],[76,46],[-14,64],[70,46],[-44,67],[39,116],[-135,49],[-43,-17],[-155,31],[7,-102],[-127,11],[-47,96],[-109,28],[-54,-52],[-62,15],[16,83],[116,90],[188,187],[127,218],[29,99],[-15,192]],[[17152,47954],[-103,-31],[-49,47],[-43,118]],[[16957,48088],[-7,27],[-123,61],[-83,-8],[-48,-60],[-93,-2],[-12,69],[-240,-60],[-39,-19],[-31,-156],[88,-46],[41,-80],[-83,-5],[-72,27],[-125,137],[-88,-24],[-9,-58],[82,-59],[6,-45],[-126,-1],[-161,64],[-61,-14],[-130,147],[-152,93],[-34,132],[-147,139],[-104,-18],[-51,-46],[-85,9],[-138,125],[-130,-27],[-89,32],[-9,141],[-83,-17],[8,97],[-123,33],[-4,94],[-59,58],[-177,102],[-172,-24],[-149,44],[-4,65],[-123,57],[23,102],[-54,87],[-42,143],[-45,59],[52,55],[-110,71],[-37,63],[-105,-17],[-18,118],[66,28],[47,66],[4,65],[-68,51],[-49,-5]],[[13482,49958],[-59,64],[25,42],[159,28],[61,56],[-80,81],[42,86],[99,59],[-19,64],[26,64],[65,72],[-8,61],[131,-12],[202,-69],[56,56],[60,-35],[152,-4],[61,63],[23,100],[71,37],[68,-51],[101,27],[15,124],[121,36]],[[14854,50907],[41,-14],[120,27],[240,124],[110,40],[164,102],[68,-9],[55,70],[97,68],[-7,36],[69,38],[139,-8],[246,7],[181,33]],[[20023,48131],[28,-6],[6,-107],[-20,-62],[40,-102],[-34,-93],[-125,-112],[-54,-28],[25,-127],[-54,-18],[-89,15],[-31,-95],[45,-46],[-3,-86],[-161,-50],[-90,-52],[31,-58],[177,76],[106,22],[117,-5],[95,-36],[49,-62],[-4,-92],[-82,-43],[-124,50],[-41,-39],[27,-42],[-56,-104],[51,-55],[-21,-54]],[[19831,46720],[-183,49],[-32,-17],[-102,61],[9,-168],[-121,-44],[-197,14],[-93,88],[-105,-11],[-142,-94],[-101,10],[-57,32],[-70,-40],[-10,-82],[-60,-73],[3,-107],[-37,-3],[-52,-80],[-57,-38],[-112,12],[-7,-98],[-162,-15],[54,117],[-56,12],[-72,-132],[-55,67],[-68,31],[-123,1],[-62,54],[3,48],[-58,29],[-147,-142],[-80,-23],[-143,94],[-181,22],[-58,-91],[-88,-41],[-44,-69],[-96,-22],[-64,24],[-24,97],[-157,11],[-38,-18],[-77,-127],[-85,80],[-124,-79],[-138,-41]],[[16162,46018],[-82,43],[-8,73],[59,83],[-112,80],[-75,9],[15,102],[-73,25],[-8,62],[36,33],[136,36],[73,58],[-65,85],[-81,33],[44,123],[77,21],[27,42],[-28,51],[54,31],[-12,85],[67,190],[144,-8],[60,-59],[115,-29],[58,-34],[52,68],[162,5],[-80,50],[36,47],[-26,147],[24,53],[-53,43],[-18,71],[90,94],[39,72],[143,39],[-70,100],[64,71],[11,75]],[[31969,40378],[66,-53],[2,-75],[61,-142],[262,-22],[12,-48],[159,-53],[-31,-75],[62,-4],[85,-76],[30,-55],[42,-175],[158,-57],[40,-58],[96,7],[107,47],[76,60]],[[33196,39599],[46,-73],[17,-149],[-114,-79],[-16,-59],[-128,-84],[-54,-54],[-178,-93],[-82,-23],[-127,-6],[-159,-60],[-37,-58],[5,-95],[-62,-67],[-58,-19]],[[32249,38680],[-34,4],[-212,112],[-199,118],[-193,139],[-56,75],[11,131],[-119,259],[-167,182],[-91,56],[-46,89],[-50,154],[-53,38],[-140,15],[-101,-36],[-165,-12],[-113,-100],[-35,-71],[-73,-22],[16,-273],[-48,-165],[23,-79],[-43,-120],[-164,-47],[-193,-37],[-122,-75],[-17,-63],[-66,-33],[-121,2],[-29,-99],[51,-52],[-188,-17]],[[29512,38753],[-285,35],[-115,-13],[-90,-85],[8,-67],[-154,-27]],[[28876,38596],[-100,147],[17,91],[156,2],[-19,160],[66,48],[78,123],[-18,47],[79,64],[-97,88],[-27,53],[-120,95],[-45,69],[20,89],[-14,212],[37,107],[-42,114],[-147,22],[-51,-117],[-152,33],[-36,-135],[0,-67],[57,-40],[5,-52],[-58,-16],[-25,137],[14,106],[-28,163],[22,128],[-126,30],[5,53],[-81,6],[63,100],[9,79],[-95,73],[-2,135],[-195,64],[-5,152],[-73,29],[99,53],[-118,101],[-54,67],[55,83],[-129,53],[-41,55]],[[27760,41400],[-10,43],[52,39],[178,5],[125,-69],[163,51],[187,-10],[97,-29],[152,101],[-19,45],[86,133],[274,-16],[8,-91],[105,-33],[31,-90],[68,26],[56,-43],[63,5],[-19,-78],[-66,-68],[132,-57]],[[29423,41264],[29,24],[101,-50],[114,-14],[168,29],[197,-47],[123,17],[21,88],[35,7],[169,132],[-6,56],[91,108],[121,28],[69,117],[52,-20],[-26,-128],[25,-180],[5,-131],[-63,-91],[-8,-128],[52,-44],[147,-36],[-118,-29],[31,-59],[-26,-36],[-8,-99],[71,-36],[21,-48],[114,37],[76,-173],[48,-24],[57,-76],[147,-46],[113,17],[39,30],[234,-2],[92,35],[79,-55],[121,-23],[39,-36]],[[30344,44128],[-83,-98],[75,-181],[3,-68],[40,-43],[-25,-61],[-196,-26],[38,-68],[75,-69],[-50,-73],[60,-199],[-34,-73],[-14,-158],[41,-35],[-70,-209],[-65,-3],[-13,-63],[60,-46],[-130,-12],[48,-162],[-114,11],[-11,-114],[233,-90],[-36,-113],[-126,-7],[-90,36],[-70,-36],[-135,-1],[0,42],[-119,28],[-167,-95],[-198,-41]],[[29271,42101],[-83,59],[-118,-46],[-198,-27],[-143,98],[-103,29],[-229,-9],[-230,55],[72,53],[10,57],[-104,114],[-52,109],[86,25],[74,-20],[55,-47],[71,-11],[82,63],[-180,60],[-31,41],[98,116],[-25,66],[-150,-3],[25,-73],[-47,-54],[-152,-118],[-154,2],[8,70],[-158,4],[-27,46],[58,92],[-9,51],[-73,-2],[149,141],[-118,-16],[-63,119],[-135,45],[-12,90],[-57,20],[92,103],[94,20],[-3,90],[26,97],[62,39],[-49,54],[-264,21],[-105,27],[-73,-2],[-208,24],[-61,42],[50,65],[-12,85],[-110,24],[-29,96],[44,153],[-78,86],[-112,-15],[-64,182],[-186,-75],[-96,35],[11,33],[110,21],[51,42],[54,145],[-19,76],[-206,179],[-71,40],[-206,26],[-201,67],[-68,67]],[[25781,45147],[158,45],[39,45],[110,42],[128,-68],[151,79],[98,3],[41,102],[-101,86],[-98,18],[-56,86],[107,6],[14,-31],[97,-10],[134,37],[13,102],[-35,23],[17,72],[-33,52],[116,24],[83,134]],[[26764,45994],[25,26],[117,-11],[40,-47],[127,-22],[82,-35],[-72,-69],[3,-116],[211,-79],[-21,-131],[70,-29],[65,-67],[101,-52],[175,-22],[0,-49],[115,-91],[0,-63],[66,4],[13,59],[115,39],[54,-44],[26,-67],[62,-47],[30,-137],[-32,-98],[80,-22],[173,78],[70,5],[35,-77],[75,-87],[20,-153],[56,-30],[201,106],[54,76],[112,12],[41,93],[62,23],[96,-34],[-11,-68],[27,-58],[-10,-70],[87,-28],[130,-11],[100,-56],[69,1],[139,-59],[48,-66],[134,-33],[95,-92],[98,11],[201,-128],[26,-51]],[[22134,46011],[14,-19],[-65,-122],[18,-55],[262,-41],[73,39],[256,11],[75,-115],[-55,-29],[-33,-89],[-275,-51],[-30,-156],[179,-69],[12,-85],[61,-225],[-215,-89],[-217,-162],[76,-68],[171,157],[77,46],[184,67],[121,27],[153,-2],[180,-67],[150,-87],[98,-80],[75,24],[63,-49],[-15,-121],[30,-27],[216,-94],[158,-29],[75,-33]],[[24006,44418],[-17,-236],[-157,-28],[-20,-36],[-110,15],[-121,-32],[-83,-67],[24,-50],[-87,-39],[-21,-60],[64,-25],[-1,-63],[86,-101],[25,-84],[79,-68],[-46,-50],[101,-86],[-35,-49],[-89,-19],[7,-190],[-38,-87],[67,-55],[-181,-89],[-39,-72]],[[23414,42847],[-98,51],[-122,88],[-63,-23],[-164,-19],[-85,-142],[-66,-38],[-223,45],[-48,-59],[-211,-65],[-150,36],[-178,-14],[-103,84],[-8,42],[100,27],[274,18],[57,26],[12,62],[-30,56],[-190,125],[-107,35],[-116,-22],[-59,25],[-118,108],[-125,44],[-264,15],[-171,-38],[-99,-96]],[[21059,43218],[-100,19]],[[20959,43237],[-43,74],[-100,15],[-23,40],[97,66],[73,-10],[97,-43],[19,51],[-165,51],[-15,42],[-184,52],[-219,-90],[-49,-67],[-175,-58],[-79,-5],[-111,-70],[-109,-7],[-258,101],[3,58],[-90,23],[-87,-19],[-75,-58],[-84,40],[55,123],[-34,97],[-67,92],[-116,40],[-79,-45],[-210,-23]],[[18931,43707],[-14,45],[30,127],[-43,66],[113,33],[199,-15],[153,52],[-15,61],[-124,22],[-1,104],[107,-4],[79,29],[51,107],[-174,80],[-60,47],[78,47],[179,-28],[41,-38],[85,37],[112,16],[79,50],[251,-47],[91,11],[121,-83],[151,-46],[174,115],[123,30],[211,-25],[126,101],[-71,70],[-8,64],[-207,63],[-102,-3],[-97,58],[-90,6],[-61,62],[115,62],[5,58],[-43,48],[-7,107],[-49,20],[-34,96],[88,34],[91,65],[96,44],[107,75],[11,31],[136,-17],[226,2],[167,15],[53,-53],[206,52],[50,37],[311,72],[4,64],[-96,-2],[-85,49],[-52,82],[-137,10],[-87,78],[83,50],[88,3],[50,35]],[[21715,46038],[164,27],[90,-60],[165,6]],[[27760,41400],[-35,-51],[-125,-48],[-130,42],[4,41],[-255,34],[-44,-47],[-63,94],[-48,134],[-130,35],[-63,-73],[-75,-40],[20,-86],[-254,11],[-88,-66],[-264,11],[2,-87],[-79,21],[-113,-37],[-74,-2],[-55,-42],[-9,-69],[-115,-97],[-66,60],[-82,10],[75,100],[-1,61],[-165,76],[-58,43],[-198,-3],[-101,-20],[-37,-94],[-77,22],[-59,57],[-115,45],[-129,-16],[5,-46],[-254,-100]],[[24505,41273],[18,96],[-20,78],[-66,19],[17,55],[-47,67],[13,44],[79,71],[-366,43],[-116,73],[44,91],[138,52],[-22,60],[-157,33],[-168,-7],[-111,100],[-88,20],[-88,-22],[-38,77],[6,68],[-70,143],[24,60],[-115,85],[39,63],[-23,87],[26,118]],[[24006,44418],[52,68],[225,-61],[47,8],[23,171],[67,6],[151,-37],[55,-35],[214,27],[-15,62],[34,50],[375,-6],[272,15],[60,111],[95,86],[-13,80],[-52,39],[21,116],[74,149],[90,-120]],[[29271,42101],[139,-127],[82,-171],[-45,-50],[97,-113],[8,-83],[-33,-104],[-96,-189]],[[24505,41273],[-97,-19],[-84,105],[-67,-7],[-95,-45],[-117,25],[-112,5],[-69,-31],[-115,-3],[-85,29],[-58,-20],[62,-116],[15,-82],[-33,-130],[-105,-134],[-81,-68],[-153,-97],[-45,-61],[81,-129],[80,-70],[4,-51],[-148,-2],[-77,-44],[-38,-83],[-142,-90],[-152,-117],[-127,-139],[-41,-108],[32,-200],[24,-63],[111,-36],[340,131],[166,91],[123,20],[98,-22],[81,-40],[100,17],[32,-39],[-19,-58],[32,-115],[-64,-58],[-119,25],[-94,-50],[56,-90],[-18,-32],[-185,-14],[-145,34],[-45,-43],[73,-79],[-20,-52],[-117,-23],[-200,-157],[-24,-82]],[[22924,38856],[-123,-31],[-40,-89],[-104,22],[-68,-17],[-89,26],[-133,-10],[-37,-53],[-61,3],[-72,56],[-6,70],[-66,-4],[-47,-42],[-48,-90],[-82,11],[-234,123],[-143,120],[-90,21],[-150,-18],[-142,8],[-139,-29],[-48,26]],[[21002,38959],[-37,54],[42,135],[-40,158],[-76,94],[18,69],[108,70],[51,70],[4,54],[-67,66],[29,53],[139,-29],[121,123],[-62,49],[88,225],[59,19],[41,102],[-32,47],[-73,2],[-69,70],[91,66],[-73,80],[-1,36],[68,62],[-36,114],[-1,87],[-84,94],[21,71],[-27,63],[65,69],[-10,85],[-42,94],[93,26],[19,61],[-109,6],[-67,25],[-26,74],[74,69],[191,0],[-22,80],[-65,128],[76,10],[21,71],[-88,152],[9,78],[173,79],[-128,108],[-77,-66],[-73,-22],[-110,91],[63,183],[-18,52],[80,36],[3,41],[132,115],[-53,156],[-82,80],[98,100],[0,41],[-141,37],[-40,83],[-91,13]],[[28519,38572],[-16,-172],[117,-26],[93,-135],[58,-122],[-31,-64],[85,-71],[51,-89],[-43,-83],[-120,-10],[-66,19],[-37,-90],[82,-96],[74,16],[122,-43],[6,-133],[-133,-10],[-30,-32],[44,-66],[-32,-64],[-5,-102],[29,-26],[-42,-67],[-78,-45],[-195,-17],[-202,-45],[-98,52],[80,46],[59,90],[-296,30],[-297,48],[-115,-4],[-13,74],[133,-3],[68,17],[82,93],[-230,3],[-65,17],[-49,88],[-114,29],[-34,-199],[-34,-15],[-185,93],[-49,-42],[-152,25],[-11,-67],[22,-107],[-192,38],[-27,68],[-131,-41],[-59,-90],[-35,-93]],[[26508,37149],[-143,-5],[-163,-70],[50,-39],[-15,-49],[-127,-8],[-30,-44],[-124,4],[-35,-36],[-94,5],[-73,-59],[-120,4],[-31,-52],[-127,-50],[-191,32],[-18,41],[-141,-5],[-12,-67],[-85,7],[-15,62],[-89,64],[-86,-54],[-87,-212],[-59,-50],[-237,-85],[-77,-4],[-60,30],[-42,121],[82,45],[140,16],[112,60],[42,99],[3,109],[-69,101],[-127,71],[-110,6],[28,-130],[-113,-21],[-107,31]],[[24158,37017],[-115,73],[-160,211],[-26,129],[98,195],[40,105],[-21,49],[-107,79],[-197,92],[-75,54],[-5,104],[103,120],[112,38],[122,-93],[156,-87],[120,-14],[59,38],[-69,174],[-123,162],[-50,103]],[[24020,38549],[344,4],[69,103],[-24,114],[105,-16],[20,-65],[71,32],[48,83],[172,-111],[85,27],[30,87],[55,1],[233,-52],[48,44],[171,-9],[114,24],[9,44],[102,8],[92,-68],[88,31],[77,56],[27,66],[68,6],[93,-79],[-58,-57],[83,-18],[97,12],[111,-27],[25,-41],[133,-15],[17,41],[-81,70],[-15,66],[224,-43],[262,66],[287,6],[2,-104],[47,-76],[102,-1],[39,25],[249,-8],[84,-40],[31,-100],[54,-17],[5,-53],[94,9],[208,-34],[75,-44],[81,-10],[64,74],[182,12]],[[28876,38596],[-357,-24]],[[24020,38549],[-98,131],[-227,44],[-91,70],[-17,69],[118,52],[-83,42],[-53,-14],[-205,-116],[145,-50],[37,-50],[-18,-72],[-110,-58],[-154,19],[-211,98],[-71,53],[-58,89]],[[21002,38959],[-55,-115],[63,-39],[36,-88],[-11,-69],[44,-43],[-6,-121],[-163,56],[-45,29],[-130,8],[-12,-92],[-134,77],[-137,-38],[-39,-79],[-115,3],[23,48],[-95,13],[-42,76],[-76,-36],[-66,-143],[-102,62],[-97,-21],[-170,20],[-60,-42],[-87,3],[-34,58],[50,76],[-12,40],[-116,-37],[-35,-46],[-111,-3]],[[19268,38516],[-21,31],[-198,68],[-115,21],[-73,48],[-47,83],[95,42],[27,39],[7,132],[28,75],[-48,16],[-265,25],[-89,-88],[-40,-6],[-88,52],[-70,-27],[-117,-113],[-33,4],[-61,160],[-24,107],[53,179],[50,31],[175,60],[56,44],[-76,54],[-50,73],[-20,77],[25,141],[-140,64],[-127,1],[-72,36],[-76,74],[23,34],[117,-48],[134,-25],[207,-6],[166,-53],[91,46],[4,57],[-140,28],[-27,109],[164,143],[-1,84],[78,111],[-190,107],[-17,42],[18,124],[-37,182],[-101,36],[-29,94],[-50,64],[22,138],[84,4],[19,52],[76,13],[-21,96],[-83,26],[-9,42],[125,43],[34,30],[132,27],[9,79],[174,-51],[78,52],[108,28],[36,77],[85,74],[3,51],[94,48],[0,34],[161,-2],[46,93],[-26,37],[32,69],[59,52],[163,-23],[33,185],[-85,146],[111,-26],[-11,93],[50,79],[53,9],[35,67],[99,-1],[43,62],[97,28],[142,18],[15,95],[180,75],[186,-32],[63,-59],[63,66],[85,172],[55,23]],[[21581,51582],[89,-107],[137,-90],[170,-49],[113,28],[148,175],[96,94],[28,58],[-43,34],[-257,73],[4,57],[150,48],[57,-8],[101,-91],[147,-43],[321,117],[10,39],[-108,49],[-95,20],[-75,53],[-90,200],[-111,148],[-12,119],[39,49],[102,55],[123,24],[110,-12],[21,-79],[-59,-139],[51,-34],[205,41],[82,-43],[-22,-170],[66,-29],[186,-36],[43,-130],[7,-74],[54,-63],[121,29],[114,137],[96,-1],[86,-91],[-10,-98],[-130,-182],[-8,-78],[81,-196],[44,-35]],[[23763,51351],[113,-129],[-18,-65],[-56,-28],[-127,-18],[-120,-111],[-23,-58],[68,-105],[202,-14],[93,-63],[45,-81],[102,-46],[160,-45],[178,5],[19,-66],[-17,-85],[-60,-52],[1,-75],[57,-69],[138,-67],[30,-51],[0,-123],[99,9],[25,-61],[85,-45],[130,-18],[-77,-84],[-5,-49],[128,-138],[113,-37]],[[25046,49582],[-79,-218],[-57,0],[-53,54],[14,134],[-150,30],[-132,49],[-70,-5],[-77,-104],[-21,-89],[-95,34],[-35,-51],[24,-87],[62,-29],[-131,-138],[-90,-67],[-133,-36],[-104,68],[-7,51],[46,149],[-13,35],[-109,12],[-3,-78],[28,-167],[-19,-29],[-1,-122],[-32,-29],[-158,-2],[-85,13],[7,129],[-155,106],[27,53],[86,27],[-19,41],[-85,19],[-137,-41],[-72,50],[98,125],[-38,9],[-179,-87],[-93,72],[-151,86],[-100,74],[-67,11],[-155,-18],[-122,-36],[-86,-87],[-29,-173],[-76,4],[-27,40],[-222,53],[17,94],[45,44],[136,85],[40,66],[-70,12],[-81,-40],[-104,-130],[-43,-81],[-62,-49],[11,-134],[-69,-45],[-111,29],[-206,18],[-56,41],[-45,94],[-57,33],[-135,-1],[-139,-37],[-70,-57]],[[25046,49582],[102,1],[164,-60],[34,46],[-83,80],[38,53],[-33,63],[110,-5],[249,-141],[7,-37],[128,12],[72,36],[100,-14],[85,-47],[172,-52],[-60,-143],[55,-51],[66,-19],[223,11],[69,19],[240,29],[22,38],[217,61],[6,173],[51,-2],[79,57],[84,-4],[123,-40],[85,-1],[9,-44],[248,-53],[-27,-99],[196,-90],[72,-2],[168,-128]],[[28117,49229],[38,-24],[-121,-165],[-68,-26],[-21,-82],[26,-54],[-162,-118],[-84,-190],[14,-69],[65,-32],[7,-59],[-80,-80],[138,-68],[-51,-89],[-130,37],[-57,-131],[125,-25],[87,-239],[-33,-213],[-89,3],[23,-188],[-64,-23],[-114,-134],[-120,-3],[-60,-55]],[[27386,47202],[-37,-53],[-224,-72],[-157,40],[-238,36],[-9,-119]],[[26721,47034],[-27,-45],[-147,0],[-123,29],[-56,91],[19,77],[-47,20],[-146,3],[-24,47],[-87,-34],[-75,-72],[-159,-23],[-55,-38],[-92,40],[-98,-96],[-165,48],[-89,-36],[-181,25],[-96,-38],[-98,59],[-105,5],[-72,51],[-169,4],[-110,60],[-64,9],[-122,-24],[-234,19],[36,75],[-123,116],[13,90],[-108,69],[-90,19],[-14,-52],[-117,0],[0,-82],[-83,-51],[67,-77],[-89,-105],[-109,-11],[-15,-37],[-132,9],[-150,53]],[[23185,47231],[-88,46],[-223,165],[-61,13],[-113,86],[-76,-25],[-217,-11],[-54,12],[-103,67],[13,113],[-44,48],[-109,57],[-97,80],[-88,-22],[-110,24],[-104,-11],[-39,20],[-87,127],[-183,172],[-140,49],[-26,56],[-156,-46],[-130,64],[-52,-25],[-41,-85],[-60,-6],[-47,65],[-9,125],[-148,33],[14,158],[-69,109],[-163,47]],[[22134,46011],[62,16],[46,62],[82,48],[48,89],[-55,87],[-3,49],[92,62],[89,-5],[38,157],[93,-33],[51,45],[-60,82],[211,62],[138,3],[19,46],[-58,56],[-131,68],[-37,78],[13,54],[93,-39],[120,-7],[76,142],[124,98]],[[26721,47034],[173,3],[0,-49],[139,-24],[-44,-92],[-183,-45],[-109,-134],[133,-50],[-67,-74],[-143,-23],[-55,-50],[72,-48],[-20,-57],[-113,-18],[69,-100],[13,-88],[-130,-31],[12,-61],[147,5],[149,-104]],[[21715,46038],[-28,73],[-209,72],[-27,110],[-39,64],[-18,98],[44,88],[-28,56],[-124,-24],[-73,-84],[7,-83],[-39,-125],[-135,-170],[-135,58],[68,180],[75,64],[-5,49],[-161,3],[-197,-72],[-116,-26],[-103,12],[-102,51],[-48,74],[-49,-18],[-199,-3],[-13,58],[-175,158],[-55,19]],[[18931,43707],[-124,-11],[-23,-49],[-234,89],[-279,-5],[-130,44],[-93,-47],[-40,-46],[-98,6],[-6,39],[-96,61],[-62,107],[-128,-106],[-117,-64],[-57,19],[19,82],[85,97],[-309,118],[-82,39],[13,-114],[-92,-155],[13,-109],[49,-51],[-5,-68],[56,-54],[-159,-41],[-245,18],[-50,-23],[-50,59],[-84,12],[-112,-25],[-91,59],[-10,102],[43,14],[13,76],[-65,86],[-41,3],[-94,66],[-156,-11],[-27,-55],[-141,-25],[-94,55],[-360,95],[-121,60],[-139,19],[53,168],[52,88],[-23,63],[-93,1],[-88,27],[-59,50],[11,97],[-56,92],[-137,48],[-120,7],[-14,154],[218,136],[-16,-86],[48,-30],[115,37],[113,-34],[-25,-90],[58,-14],[88,21],[48,50],[-9,159],[-23,113],[91,25],[35,-31],[-57,-71],[44,-71],[66,-43],[147,-31],[83,31],[29,144],[66,110],[-123,97],[-208,-14],[34,165],[73,117],[-29,35],[-88,8],[-27,71],[55,33],[197,-71],[54,30],[-58,51],[81,52],[11,82],[56,21],[133,-46],[101,33],[79,72],[-32,89]],[[29062,50926],[1,-78],[165,17],[59,-14],[-99,-154],[-41,-10],[-90,-136],[-51,18],[-135,-137],[12,-83],[-41,-42],[1,-64],[-37,-79],[-19,-99],[-103,-34],[-41,-174],[0,-93],[-114,-162],[103,-31],[-16,-136],[-138,-158]],[[28478,49277],[-83,20],[-107,-48],[-171,-20]],[[23763,51351],[38,18],[81,148],[-55,85],[5,71],[131,51],[-9,81],[188,9],[55,62],[100,-17],[19,-41],[289,-5],[45,227],[155,19],[4,61]],[[24809,52120],[113,7],[9,60],[60,40],[123,15],[96,-7],[61,-40],[147,-13],[182,35],[90,104],[99,4],[-4,58],[50,43],[128,24],[63,-30],[200,-42],[33,64],[194,0],[53,73]],[[26506,52515],[133,-8],[159,-147],[135,-195],[63,-20],[120,0],[186,-84],[197,-5],[77,18]],[[32600,33379],[-93,40],[-50,47],[-51,187],[-197,121],[-276,107],[-99,86],[-297,98],[-71,-30],[-91,-70],[-83,25],[-222,7],[-62,-35],[-13,-112]],[[30995,33850],[-116,28],[-183,89],[-229,44],[-124,-47],[-238,-43],[-136,20],[-123,121],[-13,79],[-67,233],[0,51]],[[29766,34425],[28,36],[240,-27],[186,57],[80,-3],[35,-108],[-18,-155],[43,-35],[157,12],[0,43],[-62,125],[5,81],[266,286],[297,282],[78,6],[151,-23],[8,111],[-132,363],[-44,34],[61,85],[84,50],[20,94],[86,85],[23,50],[-50,154],[110,36],[34,114],[41,65],[104,79],[-70,96],[75,81],[25,117],[-18,89],[280,-41],[127,60],[76,-26],[-13,-84],[80,12],[86,46],[190,33],[117,-26],[32,-44],[99,-4],[53,65]],[[32736,36696],[66,-146],[61,-51],[65,15],[119,-21],[119,-58],[150,17],[69,-85],[-13,-67],[19,-145],[119,-54],[41,-62]],[[33551,36039],[-101,-109],[73,-6],[118,58],[65,-4],[152,-88],[287,-36],[80,2]],[[34549,19112],[-17,-187],[-81,-224],[-82,-140],[-17,-117],[58,-122],[133,-155],[230,-249],[101,-164],[-445,11],[-1605,-15],[-714,260],[-232,218]],[[31878,18228],[336,518],[-26,459],[5,736],[-21,375],[83,477],[130,457],[92,532],[-3,422],[-61,469],[-132,390],[-200,245],[-29,156],[0,96],[37,129],[300,424],[141,252],[18,171],[-105,231],[-229,306],[-182,429],[-373,640],[-296,572],[-39,164],[-2,245],[37,164],[235,410],[94,109],[0,48],[-143,156],[-191,286],[-172,245],[-362,306],[-200,156],[-125,163],[-9,73],[235,323],[37,116],[-10,116],[-87,143],[-201,292],[-59,362],[-134,306],[-40,307]],[[30227,31204],[15,141],[-13,205],[-78,140],[-155,200],[23,140],[47,65],[218,192],[0,123],[-292,230],[-185,174],[76,98],[113,26],[118,51],[124,141],[89,26],[166,107],[101,18],[59,34],[82,128],[95,85],[255,133],[17,39],[-107,150]],[[33196,39599],[151,146],[168,-45],[213,-43],[67,-50],[-39,-49],[-2,-74],[124,-43],[101,-70],[50,-62],[85,-44],[58,-85],[48,-32],[111,-21]],[[34331,39127],[49,-60],[-35,-128],[7,-61],[-28,-135],[-35,-45],[-298,-25],[-49,-85],[-65,-38],[-193,21],[-96,-58],[-121,13],[-111,-205],[8,-155],[84,-85],[10,-99],[-81,-147],[43,-78],[-13,-143],[-98,-185]],[[33309,37429],[-21,-26],[-161,-1]],[[33127,37402],[-74,118],[-39,173],[-78,19],[-337,-10],[-91,36],[-42,144],[-117,154],[-7,102],[23,96],[-16,127]],[[32349,38361],[-45,146],[-55,104],[0,69]],[[32094,38343],[5,-53],[85,-153],[-63,-31],[-191,34],[-76,-15],[-7,-82],[-75,-41],[20,-37],[129,6],[76,-70],[7,-42],[239,-45],[-39,-131],[-127,2],[-102,-46],[-13,-65]],[[31962,37574],[-21,33],[-173,118],[-42,153],[-56,8],[-64,51],[-131,235],[6,100]],[[31481,38272],[119,2],[163,-15],[81,-26],[95,126],[131,17],[24,-33]],[[29512,38753],[7,-171],[-43,-102],[83,12],[107,99],[107,35],[93,-50],[73,-78],[84,-14],[156,2],[56,18],[114,-3],[272,71],[177,-8],[228,51],[105,-18],[-86,-71],[19,-70],[178,-52],[239,-132]],[[31962,37574],[23,-32],[125,-65],[120,-177],[0,-85],[85,-68],[-21,-50],[140,-19],[34,-39],[104,-49],[78,-143],[68,-3],[-15,-79],[33,-69]],[[29766,34425],[-37,21],[-190,12],[-193,68],[-72,136],[-128,44],[-164,85],[-116,25],[-36,31],[-20,130],[-171,41],[-85,52],[-60,81],[-162,3],[-21,16]],[[28311,35170],[-79,43],[76,88],[23,67],[-77,41],[-52,73],[-88,42],[-3,86],[-55,33],[-75,0],[-85,75],[-22,100],[36,87],[-54,86],[-203,82],[-14,22],[18,163],[-68,37],[28,61],[-120,35],[-28,71],[-62,7],[-43,-62],[-74,-30],[-85,2],[-213,48],[-75,72],[42,95],[-48,62],[23,76],[-93,39],[-105,-20],[-26,-58],[-145,14],[-61,61],[-8,49],[113,47],[49,72],[7,76],[69,81],[-71,72],[-73,11],[-82,-27]],[[31878,18228],[-284,-163],[-333,-92],[-745,-73],[-384,0],[-385,-19],[-410,-3],[-384,14],[-256,-20],[-283,71],[-180,156],[-28,11]],[[28206,18110],[-88,128],[-40,368],[-60,408],[-42,586],[-98,491],[-41,436],[17,300],[150,191],[225,178],[245,151],[377,97],[301,137],[18,191],[36,164],[-58,272],[-172,245],[-266,231],[-361,298],[-210,190],[-325,449],[-344,489],[-115,218],[0,41],[75,109],[188,110],[94,82],[-1,164],[-171,81],[-132,-28],[-170,-69],[-331,-111],[-47,96],[259,683],[75,164],[263,260],[226,178],[264,165],[187,246],[-17,97],[-195,151],[-104,104],[-32,87],[89,117],[24,100],[-129,126],[-178,101],[-139,129],[13,92],[162,108],[169,40],[142,63],[96,85],[7,77],[-46,64],[-125,27],[-156,-5],[-308,-51],[-131,34],[-46,50],[-37,261],[-56,99],[-139,91],[-387,345],[-22,79],[23,51]],[[26612,29021],[151,1],[199,-42],[117,36],[22,59],[-210,461],[-48,22],[-139,-32],[-154,-68],[-193,-19],[-69,82],[36,100],[305,115],[50,38],[49,123],[-44,121],[-189,175],[-76,104],[-45,97],[5,118],[54,134],[73,102],[211,20],[60,61],[-79,111],[15,78],[54,19],[301,47],[240,61],[34,33],[-42,55],[-357,129],[-229,134]],[[26714,31496],[134,30],[123,56],[137,30],[116,58],[157,-40],[63,21],[106,-9],[56,122],[87,22],[25,41],[109,-21],[85,11],[103,53],[132,40],[61,41],[85,-85],[-98,-115],[-20,-74],[108,-42],[66,17],[143,-76],[60,-77],[41,-2],[142,54],[43,-39],[19,-84],[-115,-56],[5,-37],[-98,-18],[-84,-147],[93,-81],[127,112],[189,-22],[216,-49],[52,-42],[86,-13],[89,-40],[260,-23],[57,107],[3,77],[75,-32],[116,87],[97,-57],[262,10]],[[26714,31496],[-60,64],[-77,148],[-12,91],[4,181],[-15,109],[-97,121],[-141,114],[-39,56],[1,92],[103,149],[69,77],[309,49],[49,39],[86,252],[9,184],[-33,52],[-126,71],[-271,14],[-37,47],[17,77],[98,57],[218,0],[44,27],[-57,82],[-235,120],[-78,55],[0,53],[47,45]],[[26490,33922],[70,47],[28,64],[13,130],[57,49],[140,-7],[37,-21],[91,-154],[1,-106],[-60,-108],[44,-77],[105,-56],[196,-64],[151,-27],[53,45],[-252,60],[-26,59],[81,50],[461,199],[39,48],[-60,37],[-148,49],[-324,76],[-167,76],[-180,54],[-13,29],[57,202],[-17,96],[-41,39],[-23,91],[0,365],[68,-4],[37,-48],[-18,-94],[-2,-180],[135,-7],[108,-25],[147,45],[86,-18],[252,-223],[49,-14],[110,85],[59,92],[4,49],[-58,139],[-16,98],[33,65],[68,41],[127,-37],[70,-2],[249,41]],[[32349,38361],[-255,-18]],[[33551,36039],[88,-29],[48,47],[63,149],[8,181],[-35,95],[-45,224],[-106,101],[-94,50],[-215,60],[-85,75],[-91,180],[40,230]],[[33309,37429],[101,6],[147,46],[71,-10],[177,-70],[145,-6],[104,-41],[37,-41],[98,-4],[82,39],[60,-25],[11,-48],[-98,-12],[-34,-124],[60,-63],[160,11],[173,95],[90,-80],[161,220],[68,-11],[126,122],[175,-11],[156,33],[-23,215],[-24,84],[73,61],[237,45],[279,18],[-7,100],[54,16],[128,-133],[89,-28]],[[34331,39127],[138,279],[116,5],[19,-170],[111,3],[50,56],[85,-19],[130,73],[61,-19],[81,34],[53,138],[-39,19],[106,69],[179,-52],[187,-6],[34,-89],[188,-38],[5,84],[31,23],[193,20],[156,-41],[77,0],[108,-51],[107,-1],[168,36],[197,-37],[104,-8],[91,-38],[72,-72],[99,14],[44,31],[100,-20]],[[21338,58337],[143,-87],[71,-126],[157,-137],[26,-120],[63,-117],[-5,-68],[128,-295],[31,0],[59,-119],[76,-206],[23,-92],[145,-282],[222,-317]],[[22477,56371],[-85,6],[-150,-76],[-282,-51],[-157,12],[-143,28],[-124,-101],[-200,26],[-32,-13],[-262,-2],[-113,64],[-30,67],[-86,116],[-132,12],[-44,56],[-199,42]],[[20438,56557],[-3,43],[-200,-4],[-17,74],[-254,-6],[-3,54],[-291,81],[-105,-11],[-79,73],[53,104],[64,1],[-45,151],[-116,16],[-21,50],[-77,3],[3,127],[58,92],[173,200],[35,125],[-4,196],[17,190],[32,88],[-22,50],[22,67],[-60,104]],[[19598,58425],[100,30],[177,125],[197,-95],[185,-38],[538,-32],[259,-9],[284,-69]],[[20438,56557],[8,-145],[49,-77],[94,-9],[-8,-128],[-44,-46],[-72,14],[-62,-60],[-174,-129],[-144,-140],[74,-69],[65,-115],[-8,-61],[103,-92],[38,-101],[-23,-146],[-56,-87],[-41,1],[-117,-99],[-276,-93],[-228,-45],[-25,-25],[-181,18],[-258,-33],[-224,-42],[-110,3],[-19,-81],[59,-55],[-89,-75],[-72,-134],[-4,-135]],[[18693,54371],[-142,22],[-113,0],[-119,-36],[-144,-105],[-169,-14],[-77,30],[-171,102],[-21,35],[49,70],[335,-45],[174,24],[83,51],[98,112],[40,96],[-6,165],[-42,77],[-101,110],[-100,85],[-254,140],[-254,89],[-213,20],[-135,-101],[-31,-89],[-111,47],[-68,100],[-41,146],[3,206],[-21,103],[-71,104],[-81,69],[-197,6],[-128,-50],[-97,-80],[-38,-118],[17,-134],[-46,-56],[-57,-9],[-173,82],[-63,90],[-23,125],[-42,41],[-126,19],[-195,-55],[-158,-65],[-118,15]],[[15546,55795],[26,19],[38,119],[-24,114],[11,56],[61,37],[207,22],[390,-58],[9,63],[-135,196],[32,57],[-32,68],[-139,33],[-194,-17],[-123,-69],[-37,-57],[-76,-46],[-142,18],[-11,45],[54,77],[40,157],[53,44],[-8,91],[164,196],[-10,34],[-357,95],[-26,43],[21,72],[141,-9],[-98,103],[68,81],[163,52],[-79,73],[-108,-26],[-113,66],[30,186],[81,171],[-1,153],[-86,69],[-90,8],[-96,-29],[-256,-132],[-65,0],[5,152],[-47,105],[-66,-7],[-34,45],[59,111],[91,33],[101,-37],[42,9],[392,215],[430,244],[-41,56],[-77,194],[-177,127],[-30,50],[51,385],[5,125],[23,124],[-3,139]],[[15553,60040],[27,-20],[195,-244],[46,-70],[79,7],[151,-119],[64,-85],[127,-121],[81,-173],[61,11],[118,-83],[69,-74],[-159,-117],[325,-181],[108,-41],[87,-115],[57,-31],[286,-78],[127,-20],[336,14],[167,81],[267,-170],[20,-64],[77,-2]],[[18269,58345],[104,-3],[238,61],[69,6],[-9,-242],[263,86],[256,70],[105,19],[-28,210],[224,56],[0,-111],[-44,-56],[85,-32],[66,16]],[[26506,52515],[-25,36],[59,99],[-71,46],[-18,122],[58,175],[-1,86],[81,23],[-15,157],[62,17],[101,134],[-9,50],[57,147],[94,32],[127,-78],[261,21],[94,-31],[28,115],[72,118],[106,-1],[-124,155],[99,77],[-160,50],[73,91],[76,-31],[92,14],[74,129],[-23,16],[-160,3],[17,37],[208,-8],[283,27],[-14,79]],[[28008,54422],[89,13],[248,64],[155,65],[130,82],[85,-36],[9,-86],[179,10]],[[24809,52120],[-128,88],[-116,36],[-20,43],[-124,88],[-155,-5],[-36,127],[50,294],[146,21],[93,-5],[77,37],[43,96],[103,38],[-81,41],[-75,4],[-80,82],[-1,106],[36,84],[-97,103],[-93,-11],[-40,67],[98,2],[85,27],[-8,57],[35,52],[119,19],[40,83],[-78,35],[-17,59],[46,86],[-146,61],[-44,48],[-10,73],[53,41],[14,115],[-70,-9],[91,158],[59,6],[11,55],[-99,75],[-61,111],[-6,77],[44,20],[49,99],[-159,47],[-175,67],[35,96],[227,79],[151,76],[167,21],[46,89],[-35,84],[221,38],[206,82],[111,122],[39,-5],[-41,136],[-42,61],[-117,70],[-163,-25]],[[24987,55842],[-45,108],[46,38],[-46,62],[52,146],[416,-3],[206,32],[178,12],[-24,-248],[56,-24],[211,68],[189,-57],[-35,-177],[-7,-223],[22,-82],[138,-92],[78,-10],[52,-144],[-10,-51],[77,-113],[54,-10],[9,-91],[51,-127],[186,-120],[381,3],[146,-43],[143,-64],[194,-37],[26,-72],[115,-117],[162,16]],[[20986,52871],[37,93],[63,65],[-33,45],[52,45],[75,248],[92,128],[208,24],[-36,56],[0,78],[166,7],[-9,151],[55,147],[104,-10],[85,59],[20,51],[304,105],[210,7],[29,51],[-6,190],[137,-4],[153,47],[44,-39],[155,-13],[49,21],[76,-21],[86,20],[13,53],[-93,105],[-96,-4],[-15,50],[-89,17],[-41,78],[92,26],[162,108],[159,54],[-35,99],[-207,81],[21,95],[-16,89],[74,207],[152,54],[160,-9],[63,31],[-30,141],[-100,8],[2,102]],[[23278,55807],[273,-13],[143,13],[259,-9],[198,1],[185,15]],[[24336,55814],[82,-71],[9,-109],[149,19],[36,-28],[164,21],[81,46],[130,150]],[[18204,53628],[-1,65],[52,110],[36,144],[86,86],[195,70],[166,151],[1,67],[-46,50]],[[22477,56371],[69,-136],[74,-83],[124,-91],[233,-62],[136,-4],[142,-36],[-12,-123],[35,-29]],[[32063,47726],[28,-76],[-25,-49],[-106,-50],[-5,-87],[-106,-34],[-38,-78],[-95,-111],[70,-53],[112,11],[12,-51],[-87,-17],[-148,1],[76,-105],[28,-114],[-44,-101],[68,-32],[195,-23],[26,-38],[-58,-47],[-39,-85],[86,-62],[23,-44],[-15,-88],[58,-72],[160,27],[95,-116],[100,-80],[-1,-63],[-144,-110],[-41,-70],[-5,-128],[76,-90],[13,-76],[-19,-133],[-72,-66],[-96,33],[-106,69],[-60,11],[-64,-48],[-60,-107],[74,-154],[-5,-30],[-184,-94]],[[31740,45096],[-76,112],[-153,-27],[-67,36],[-168,-112],[-58,-72],[-118,-13],[-201,4],[-47,20],[14,101],[-35,48],[36,95],[59,-2],[-23,146],[-118,-45],[-120,34],[-156,98],[-26,48],[-93,31],[-28,37],[-140,34],[54,68],[41,123],[-138,4],[-22,-37],[-109,21],[3,38],[-123,20],[-78,36],[-45,94],[-91,44],[87,69],[-23,70],[10,150],[-75,22],[-76,-16],[-5,-109],[-97,-80],[-193,22],[-35,-53],[-109,-61],[-165,85],[29,63],[15,113],[-21,22],[-172,61],[-56,74],[-3,100],[-89,49],[-265,15],[-215,71],[-49,89],[27,65],[-65,115],[-172,-18],[-183,101],[-65,49],[-66,-41],[-129,-10],[-31,105],[-137,0]],[[28478,49277],[12,-89],[128,-49],[51,5],[236,-24],[17,72],[117,-16],[119,-49],[267,-28],[22,53],[89,-3],[2,-83],[155,36],[132,8],[164,-60],[82,-11],[43,-75],[-2,-122],[49,-49],[338,-27],[243,-28],[102,22],[69,79],[71,-19],[37,-78],[120,-74],[5,-72],[-149,-97],[-28,-100],[171,42],[90,90],[48,120],[84,25],[104,-26],[66,-54],[100,-36],[63,65],[123,87],[67,28],[134,-7],[121,-46],[38,-84]],[[34512,44959],[-133,-1],[-192,65],[54,83],[-42,38],[-337,-9],[-10,25],[-282,16],[-88,-71],[-170,15],[-86,22],[-10,-115],[-100,-86],[-244,-24],[-187,-63],[-57,-113],[-117,-59],[0,-104],[-57,-51],[-11,-61],[-119,29],[-42,70],[-188,69],[-131,-43],[-56,60],[-57,109],[-75,-5],[-120,22],[-160,5]],[[31495,44782],[34,51],[71,201],[140,62]],[[31495,44782],[-37,-50],[75,-175]],[[31533,44557],[-79,11],[-141,49],[-170,-74],[-58,-205],[-54,-61],[-1,-56],[-72,-11],[11,-65],[-109,9],[-48,-23],[-194,29],[-101,-48],[-173,16]],[[16517,52051],[-87,6],[-59,52],[-146,-14],[-19,-36],[-123,-15],[13,89],[-61,72],[-182,0],[-46,-15],[-96,44],[-48,107],[-80,19],[-145,-76],[-66,16],[-92,80],[-221,66],[106,86],[-103,57],[-95,110],[-146,62],[57,91],[-223,79],[19,169],[-16,57],[105,59],[89,147],[-45,20],[5,78],[-41,16],[22,125],[-87,63],[-21,62],[59,53],[14,84],[-68,23],[-2,89],[-80,-13],[-366,52],[-59,-28],[-46,-61],[37,-50],[-24,-58],[-68,-23],[-100,-84],[-67,54],[-37,-36],[-80,-9],[-185,66],[58,40],[60,96],[3,135],[-64,95],[-105,86]],[[13565,54238],[92,13],[111,-52],[79,40],[128,0],[8,31],[132,-7],[-82,125],[13,54],[66,32],[191,26],[175,96],[79,180],[257,-36],[13,60],[-33,122],[110,42],[46,62],[144,-56],[42,47],[165,7],[45,-55],[110,10],[62,-45],[50,70],[-52,130],[57,2],[-26,81],[56,14],[-16,79],[147,-49],[-68,129],[-22,100],[4,88],[62,36],[-105,32],[-60,56],[1,93]],[[14854,50907],[31,61],[-42,104],[123,141],[11,60],[-67,3],[-61,-56],[-185,79],[32,86],[-121,62],[-125,19],[-171,-23],[-133,-77],[-69,10],[45,129],[-84,32],[-129,-16],[-221,-5],[-59,-40],[254,-115],[177,-31],[185,-62],[-1,-50],[-64,-34],[-94,-93],[-84,-25],[-87,3],[-62,51],[-62,-17],[-95,-193],[-53,53],[-109,-36],[-128,46],[37,45],[-30,120],[-64,-7],[-155,44],[146,29],[-23,117],[57,53],[-129,139],[94,108],[-2,56],[-59,91],[-66,-45],[-132,8],[22,44],[-39,68],[-86,34],[-110,-6],[-33,49],[-91,21],[32,102],[-2,95],[-48,21],[-62,-50],[34,-81],[-123,-36],[-19,-106],[-49,-26],[-131,33],[-44,48],[-127,-41],[-55,-81],[-140,19]],[[12009,51838],[19,84],[95,12],[-50,82],[5,92],[51,2],[-45,134],[42,33],[72,123],[51,13],[4,113],[-41,166],[-138,-7],[-130,30],[-139,72],[19,86],[194,-48],[157,40],[93,61],[-4,117],[45,16],[154,-1],[50,27],[-19,73],[48,29],[-135,86],[185,17],[113,63],[10,47],[-44,55],[-246,107],[-50,69],[19,188],[28,70],[64,51],[-71,82],[-100,-7],[-88,-71],[-61,66],[27,47],[-44,63],[146,23],[38,92],[63,44],[149,-32],[108,0],[126,-104],[58,-4],[44,60],[-9,108],[178,60],[100,-7],[65,-34],[-33,-89],[23,-48],[134,2],[121,85],[105,-38]],[[13482,49958],[-28,-52],[-77,36],[-243,-73],[-82,-49],[-83,23],[-103,-49],[-87,1],[46,69],[-141,50],[-72,-29],[-10,-64],[-88,23],[-274,24],[27,79],[75,67],[80,37],[101,19],[-21,176],[41,68],[-23,42],[9,112],[-61,8],[-122,-34],[-207,-10],[-85,-40],[-194,16],[28,134],[-117,69],[113,142],[66,-12],[88,70],[-11,78],[84,20],[-30,107],[48,44],[-42,144],[-102,18],[19,65],[-28,211],[-54,149],[66,53],[21,138]],[[31969,40378],[25,75],[170,-23],[76,33],[83,65],[78,1],[16,86],[66,50],[236,-23],[31,84],[-14,76],[46,21],[54,85],[-50,45],[1,95],[-87,57],[-62,4],[-132,77],[-38,92],[126,11],[115,-14],[94,53],[17,197],[87,32],[11,88],[72,9],[25,-66],[68,33],[74,-29],[116,-11],[134,-69],[40,-53],[79,-19],[-34,-86],[172,27]],[[33664,41381],[175,-150],[216,95],[89,56],[204,-34],[74,12],[49,104],[132,-5],[98,35],[67,54],[112,41],[119,-72],[-3,-73],[106,-99],[138,-9],[48,-87],[41,-26],[99,39],[50,67],[66,11],[103,75],[99,-39],[-1,-86],[72,-6],[87,-74],[184,9],[197,-32],[378,16]],[[33664,41381],[86,56],[117,50],[92,273],[80,168],[88,7],[38,104],[80,-7],[65,144],[22,139],[31,89],[-93,42],[-97,10],[0,62],[-156,14],[-121,-18],[-7,43],[58,64],[33,123],[48,112],[-134,-1],[-12,96],[-122,80],[108,66],[-3,45],[103,72],[46,84],[-162,49],[-112,62],[-50,51],[-125,66],[-66,3],[-93,-38],[-68,11],[-117,62],[-122,18],[-119,149],[-142,68],[-257,53],[-91,62],[-88,107],[-57,123],[-83,56],[-160,41],[-129,17],[-47,77],[-89,62],[-211,37],[-93,123]],[[26612,29021],[-58,40],[-40,73],[-22,140],[-93,51],[-90,84],[-110,30],[-22,33],[-123,23],[-165,52],[-83,-29],[42,-72],[-15,-32],[-306,-46],[-145,18],[-58,83],[-32,122],[-24,214],[-21,75],[-386,89],[-142,-16]],[[24719,29953],[-71,21],[-28,96],[-110,-23],[-75,13],[-20,76],[0,134],[-32,59],[16,62],[99,105],[-68,37],[-107,-5],[-82,39],[-51,137],[27,36],[171,-19],[126,21],[36,40],[-18,93],[26,87],[-23,63],[-90,42],[-80,73],[-38,100],[11,128],[57,46],[108,4],[99,54],[38,115],[-41,42],[-168,13],[-128,43],[-105,101],[-52,30],[33,56],[186,-6],[67,23],[28,90],[178,192],[9,33],[-126,29],[-198,-21],[-321,-113],[3,-28],[-108,-164],[-246,6],[-115,-19],[-81,28],[-72,113],[-86,5],[-55,33],[-85,-15],[-67,56],[23,126],[-62,93],[102,75],[-111,20],[-131,61],[-4,66],[-86,35]],[[22821,32590],[-35,138],[152,4],[-145,129],[-63,24],[-101,128],[-69,11],[-94,58],[-155,-32],[-78,46],[-75,82],[157,43],[68,57],[23,128],[115,-5],[49,-29],[354,-152],[151,-32],[72,-47],[151,7],[49,102],[115,-3]],[[23462,33247],[177,-61],[100,-76],[105,-56],[33,33],[92,-13],[93,-42],[69,171],[52,70],[31,158],[-79,161],[50,9],[-72,84],[-8,70],[76,7],[6,62],[69,7],[46,47],[42,143],[127,9],[53,30],[117,-47],[226,72]],[[24867,34085],[106,-59],[70,96],[86,23],[74,-90],[60,-30],[148,-16],[25,-45],[144,-66],[60,-84],[118,-2],[18,-65],[83,17],[30,-80],[56,-10],[254,94],[-5,57],[52,100],[69,4],[93,41],[82,-48]],[[22821,32590],[-60,-34],[-131,57],[-11,38],[-89,33],[-194,-49],[-126,-56],[-115,-105],[22,-159],[-88,4],[21,-65],[-124,-101],[-103,-63],[-26,-102],[109,-21],[-49,-39],[-148,1],[-113,64],[-119,-40],[-115,51],[-35,-46],[-166,62],[-79,-16],[-368,-131],[-70,14]],[[20644,31887],[-43,192],[-48,117],[-126,204],[-68,57],[-153,21],[-116,44],[-196,23],[-323,95],[-70,51],[67,62],[113,-8],[85,-28],[182,-15],[93,24],[-14,54],[-94,181],[0,135],[77,89],[139,77],[207,165],[-21,82],[-41,21]],[[20294,33530],[-2,44],[-78,44],[-26,126],[-122,19],[-13,40],[46,79],[196,13],[134,-19],[55,-63],[5,-92],[69,-66],[135,-41],[32,100],[-7,55],[33,128],[58,12],[8,52],[61,32],[84,5],[76,140],[-28,47],[57,34],[-27,65],[-76,8],[-12,48],[139,4],[87,37],[56,-53],[306,-2],[148,-15],[-88,-201],[119,31],[41,-20],[187,-5],[95,-37],[59,45],[-6,177],[143,-4],[39,-24],[190,23],[13,95],[98,25],[96,-27],[105,-96],[114,-63],[62,-130],[-21,-81],[169,-71],[51,-73],[-16,-154],[35,-81],[62,-54],[25,-67],[-54,-16],[-2,-55],[38,-75],[116,-84],[105,-8],[-1,-34]],[[24158,37017],[-48,-30],[-130,-29],[-51,22],[-193,27],[-6,39],[-320,-25],[-99,-35],[-5,-61]],[[23306,36925],[-248,43],[-78,-26],[-68,-94],[-87,-7],[10,112],[-161,2],[-106,-98],[-145,6],[-39,47],[3,60],[-112,69],[-345,-37],[-22,-44],[-118,30],[-158,-10],[-86,26],[-175,10],[-99,33],[-130,-16],[116,-171],[-90,-46],[-94,1],[-71,27],[-43,-29],[-109,30],[-72,-16],[-104,34],[-98,-169],[-141,16],[-74,-22]],[[20362,36686],[-89,-1],[5,64],[107,63],[43,71],[9,133],[49,99],[43,165],[-116,135],[-93,61],[15,50],[-99,79],[-12,61],[-81,145],[-90,64],[-64,-13],[-59,-84],[-130,-4],[-100,-30],[-84,49],[-27,72],[-112,-48],[-77,51],[-101,-7],[-45,134],[-53,20],[48,75],[-195,82],[54,104],[-17,47],[-102,81],[46,30],[132,3],[81,38],[20,41]],[[24719,29953],[-3,-86],[-91,-64],[-240,12],[-89,-102],[-62,-138],[17,-105],[-84,-42],[-24,-67],[-264,13],[-117,41],[-84,50],[-78,112],[-115,-8],[-95,134],[-4,61],[-100,42],[9,161],[-50,34],[-59,-50],[-120,-15],[-95,-136],[-92,65],[-46,-51],[-214,67],[-34,-29],[83,-56],[-53,-32],[-44,-82],[46,-20],[-68,-114],[48,-61],[20,-151],[-54,-19],[-113,-160],[-35,-75],[74,-68],[25,-66],[113,-24],[-15,-83],[-50,-4],[-20,83],[-79,41],[-129,14],[-215,-47],[-40,65],[-143,-20],[-58,37],[-65,-12],[-10,-71],[-57,-10],[-77,-83],[-165,-45],[-33,-70],[-76,-45],[-37,-85]],[[21358,28589],[-148,100],[-161,-33],[-97,20],[-41,73],[18,131],[65,201],[-54,137],[54,89],[-10,75],[-89,69],[-40,55],[24,74],[132,113],[41,74],[-101,93],[-193,99],[-134,104],[-12,43],[60,47],[152,54],[130,118],[57,31],[195,59],[12,61],[-210,164],[-11,84],[108,138],[45,195],[-62,96],[-112,51],[-138,109],[-138,224],[-46,180],[-10,170]],[[20294,33530],[-244,36],[-122,44],[-111,103],[-133,276],[-5,62],[56,71],[111,17],[-38,51],[79,37],[105,3],[58,47],[60,172],[0,81],[139,134],[139,-8],[12,165],[-141,151],[-84,40],[-46,-19],[-436,206],[-59,159],[-143,52],[-64,88],[11,137],[77,81],[18,56],[-82,38],[-70,-16],[-61,67],[131,184],[47,25],[139,-15],[-26,166],[102,9],[8,46],[122,-23],[16,141],[115,3],[173,113],[173,-19],[23,18],[-4,105],[23,72]],[[23306,36925],[18,-228],[-11,-60],[-58,-14],[-120,46],[-13,-68],[229,-64],[-35,-68],[-94,-101],[6,-94],[84,-49],[-39,-164],[11,-45],[81,-30],[99,-102],[41,-113],[97,-14],[64,-62],[184,-60],[-49,-67],[-12,-90],[-322,-54],[20,-53],[64,-20],[112,25],[93,-25],[90,8],[116,-152],[62,-1],[146,57],[25,51],[127,19],[97,-27],[21,-52],[-17,-101],[-85,-83],[56,-30],[119,-16],[15,-78],[42,-28],[-13,-80],[-79,-15],[18,-135],[60,-73],[105,-23],[111,-108],[140,-30],[-36,-47],[-6,-99],[46,-77],[-45,-73],[-4,-73]],[[28206,18110],[-116,-197],[-663,-197],[-497,-120],[-830,11],[-643,27],[-498,-47],[-268,-135],[-560,27],[-209,209],[-476,437],[-251,212],[-366,351],[-419,470],[-122,168],[-326,248],[-98,131],[-23,109],[30,159],[53,109],[112,185],[97,203],[31,210],[18,242],[-6,118],[-59,102],[-277,226],[-100,112],[-18,54],[11,232],[63,139],[25,92],[209,75],[328,46],[191,-23],[199,9],[39,17],[83,196],[97,277],[-41,215],[-8,269],[37,258],[62,31],[-44,190],[-71,93],[-301,259],[-77,29],[-62,131],[-72,41],[-125,159],[-163,459],[-33,165],[74,184],[101,109],[158,123],[213,58],[223,158],[122,73],[164,62],[156,98],[41,86],[-41,92],[-114,34],[-128,-69],[-132,-149],[-98,-11],[-59,40],[-126,252],[-52,43],[-25,77],[30,78],[50,30],[111,130],[32,76],[-28,115],[-137,117],[-399,285],[-127,140],[-67,119],[-13,221],[-41,134],[-57,29],[-80,-18],[-169,-82],[-136,0],[-20,56],[129,103],[36,78],[-54,41],[-149,56],[-293,154],[-46,69],[18,88],[50,48],[129,29],[128,-2],[209,-59],[99,22],[-7,47],[-203,163],[-83,103],[-100,66]],[[23076,70864],[-9,-44],[80,-39],[-46,-134],[-83,3],[-52,-43],[45,-44],[118,-23],[29,49],[95,-9],[7,-133],[48,-33],[-21,-69],[-54,-35],[-163,-43],[-63,-98],[7,-65],[158,-49],[76,-120],[72,-7],[94,35],[49,-37],[21,-89],[45,-19],[124,15],[55,-38],[178,8],[69,26],[35,-59],[99,42],[89,-21],[9,-58],[198,1],[8,-92],[189,-14]],[[24582,69628],[-48,-93],[78,-27]],[[24612,69508],[-6,-60],[52,-55],[172,-75],[-29,-138],[-111,25],[-18,45],[-146,23],[47,-152],[-212,-154],[-118,-41],[-90,2],[2,-53],[67,-12],[-13,-101],[75,-83],[-33,-66]],[[24251,68613],[-145,-47],[-48,20],[-6,111],[-101,-39],[6,-132],[-93,22],[71,-158],[42,9],[57,-67],[-95,-31],[-15,52],[-188,28],[53,-128],[-85,-5],[-154,20],[-60,31],[-47,72],[-129,73],[-88,-25],[-71,-72],[-133,-3],[-20,32],[12,98],[68,35],[96,-14],[19,44],[78,30],[-24,49],[-61,4],[-184,56],[75,48],[66,115],[-13,137],[-144,102],[12,139],[45,94],[77,49],[0,35],[-132,74],[-132,26],[-65,-92],[-113,10],[-26,-48],[-99,-4],[-17,49],[-68,32],[-86,-38],[-65,105],[-137,-21],[-149,-123],[-170,4],[-60,-22],[-127,-4],[0,-165],[-134,-7],[-17,-92],[-148,3],[-69,35],[-127,-26],[-2,-59],[-58,-72],[-71,-16],[-23,-158],[-63,-28],[-137,23],[-74,-10],[-86,-117],[-147,47],[-83,85]],[[20439,68788],[112,-23],[-84,161],[84,41],[-10,107],[36,8],[61,91],[73,55],[2,131],[-22,72],[-50,60],[123,34],[1,173],[92,39],[-48,33],[-131,22],[-3,65],[-44,27],[17,61],[-57,84],[20,39],[189,-25],[144,24],[23,68],[-177,7],[2,135],[-51,16],[-24,151],[-36,9],[70,97],[108,40],[123,15],[48,26]],[[21030,70631],[232,-42],[201,33],[36,-62],[1,-86],[81,-2],[41,74],[88,53],[158,-17],[143,2],[20,49],[70,2],[21,62],[104,23],[100,0],[14,-41],[82,-26],[69,115],[125,20],[8,50],[253,-42],[108,68],[91,0]],[[30440,70281],[-66,-35],[-45,-71],[-87,-7],[-62,-42],[-225,-73],[-99,88],[-141,-9],[-47,82],[-94,-31],[-103,-4],[-9,-165],[-49,-91],[-112,2],[-44,122],[-61,86],[-114,35],[-91,-45],[-65,11],[-49,-83],[-123,17],[-110,-11],[-32,-37],[-105,6],[-223,-43],[-49,49],[-74,-52],[-73,-17],[-236,1],[-37,38]],[[27815,70002],[-10,130],[56,28],[14,178],[-63,46],[19,44],[122,33],[-3,57],[50,41],[-54,35],[-15,89],[58,71],[64,13],[4,96],[-67,1],[-113,102],[-124,-9],[-79,76],[40,101],[-88,46],[-16,90],[90,27],[-3,69],[-101,0],[-106,31],[60,146],[-97,149],[87,9],[0,76],[-71,43],[-45,87],[-86,-16],[-105,32],[-35,53],[-112,-2],[-152,24]],[[26934,71998],[49,59],[-23,32],[56,187],[109,-10],[70,22],[58,54],[106,-42],[186,29],[143,-45],[40,23],[142,-31],[93,40],[168,42],[98,-27],[-4,71],[125,8],[134,-78],[-61,-27],[-15,-49],[73,-116],[59,-50],[204,21],[46,-48],[65,44],[59,-89],[55,51],[-17,64],[36,74],[-63,106],[11,65],[86,61],[4,55],[83,-8],[90,92],[74,0],[10,135]],[[29283,72713],[130,-56],[49,-79],[94,-76],[-46,-90],[24,-133],[235,6],[81,-175],[-27,-20],[-32,-198],[117,-17],[67,-41],[4,-114],[91,-102],[98,69],[17,-62],[-41,-69],[-75,-67],[46,-68],[-185,-96],[-13,-87],[108,-26],[23,-70],[-13,-99],[83,0],[36,-74],[71,-77],[-76,-24],[-13,-104],[-29,-46],[258,-134],[141,-1],[-40,-76],[143,-26],[-34,-107],[-130,-26],[-5,-67]],[[35297,68654],[81,-205],[-149,-29],[-126,-87],[-114,-32],[-20,-60],[-88,-11],[146,-91],[43,-129],[-82,4],[-228,-131],[-78,-56],[-51,-75],[-182,44],[-203,-27],[-56,52],[4,68],[-179,44],[-47,92],[-177,-20],[-128,7],[-190,-18],[-49,-66],[-94,37],[-46,209],[-124,-60],[-59,5],[-20,-86],[77,-126],[73,-15],[3,-54],[-54,-43],[7,-115],[-150,-38],[-54,-74],[98,-113],[-42,-21],[-61,-143],[-53,-32],[-1,-63],[98,13],[91,-12],[157,16],[3,-50],[-134,-81],[-35,-66],[65,-99],[42,-124],[-74,-88],[-142,39],[-13,-112],[161,-28],[166,32],[162,67],[100,-46],[136,25],[65,-42],[10,-63],[86,-77],[69,25],[171,-57]],[[34108,66468],[74,-72],[-27,-88],[-55,-64],[62,-149],[-6,-215],[28,-60],[-50,-88]],[[34134,65732],[-30,-48],[-148,-31],[-79,-90],[-60,44],[-40,-55],[-138,-10],[-30,-31],[-122,-27],[-41,-51],[-135,21],[-8,90],[-51,39],[-187,2],[-27,-120],[-128,-8],[7,85],[-152,13],[-21,47],[-107,123],[-76,-23]],[[32561,65702],[-86,59],[48,64],[70,10],[56,105],[-48,36],[-92,-20],[19,111],[-86,0],[-19,-45],[-87,1],[-95,-26],[1,98],[-132,26],[-81,67],[-150,15],[-29,56],[26,76],[81,-1],[158,135],[-29,44],[19,125],[-24,49],[54,52],[-23,87],[36,46],[-158,62],[-115,8],[-99,97],[-68,10],[-50,84],[112,113],[96,51],[18,90],[-49,70],[-53,-64],[-128,20],[-21,88],[-120,-32],[-14,49],[131,20],[57,27],[-7,120],[-96,26],[17,36],[119,12],[-47,95],[91,34],[-111,87],[68,92],[-79,78],[-210,-15],[8,58],[-60,32],[65,74],[-25,71]],[[31420,68365],[21,92],[248,11],[17,81],[75,58],[11,51],[-83,13],[-85,-31],[-69,60],[-161,-5],[-49,81],[-59,40],[-76,-3],[-34,118],[-86,51]],[[31090,68982],[102,49],[118,-33],[105,-11],[2,55],[235,29],[118,-27],[28,71],[-82,96],[7,41],[101,18],[30,75],[161,-10],[154,-71],[218,17],[33,46],[113,-4],[55,45],[58,-26],[54,64],[-33,56]],[[32667,69462],[148,-89],[97,-34],[167,-85],[32,54],[-109,74],[-68,82],[83,20],[82,80],[83,49],[254,-58],[79,-78],[-38,-79],[113,-117],[-102,-219],[-25,-124],[103,1],[162,69],[45,-101],[44,-33],[56,-114],[44,-26],[189,43],[-21,62],[166,48],[100,-2],[170,104],[174,-49],[-21,-56],[58,-56],[-56,-56],[22,-96],[48,-19],[113,7],[218,-55],[220,45]],[[23076,70864],[-133,174],[-89,-1],[65,107],[59,37],[150,-78],[101,1],[85,57],[-3,103],[48,76],[-89,18],[-39,138],[-66,23],[-36,82],[1,77],[-88,15],[-22,52],[28,71],[-10,67],[100,-4],[19,70],[113,44],[0,81],[-63,-7],[8,137],[-82,86],[51,44],[190,2],[62,120]],[[23436,72456],[120,-4],[25,-56],[91,25],[82,-4],[95,-83],[82,-5],[15,-73],[-106,-131],[88,-5],[834,15],[90,-9],[90,25],[130,3],[32,-102],[88,-45]],[[25192,72007],[29,-47],[-70,-158],[145,-51],[-36,-60],[110,-33],[37,-46],[79,25],[85,-32],[15,-81],[127,-39]],[[25713,71485],[-78,-53],[-65,-104],[78,-39],[-69,-34],[-94,26],[22,-76],[-91,-23],[-86,67],[-46,-60],[56,-66],[-73,-10],[-2,-45],[-95,15],[-57,-194],[49,-66],[-9,-41],[136,-23],[44,-32],[44,-103],[-91,-4],[-47,-83],[106,-41],[-9,-107],[-48,-92],[-80,-16],[87,-122],[-43,-27],[34,-76],[83,-32],[40,-53],[11,-102],[-52,-53],[-100,23],[-19,-60],[-157,26],[-118,-3],[-111,-29],[-54,125],[-39,-60],[-99,35],[-64,-50],[-30,-70],[104,-54],[-99,-71]],[[29283,72713],[-113,19],[-23,56],[154,69],[38,103],[243,97],[113,1],[73,69],[37,86],[120,-55],[51,9],[62,66],[149,-47],[70,47],[75,-27],[3,88],[60,45],[108,-42],[38,49],[106,18]],[[30647,73364],[62,-83],[-26,-63],[9,-94],[101,-27],[56,-65],[-82,-119],[-125,-55],[-3,-61],[61,-35],[37,-61],[68,-36],[58,-178],[161,14],[43,-20],[-61,-128],[-22,-119],[40,-67],[90,-21],[77,-78],[209,17],[39,-19],[33,-96],[124,-32],[48,37],[65,-26],[71,-85],[36,128],[41,27],[225,-40],[10,-70],[121,-57],[-28,-53],[33,-74],[102,-18],[74,-53],[14,-93],[98,27],[-28,41]],[[32478,71629],[207,-23],[-93,-73],[-23,-105],[27,-36],[9,-99],[-113,-98],[-79,15],[52,-97],[-218,-13],[-48,-29],[63,-103],[-37,-29],[4,-98],[59,-126],[125,-80],[177,5],[169,-58],[33,59],[187,-28],[0,-67],[59,-21],[-17,-159],[-68,-14],[-78,-87],[30,-63],[-178,-64],[-59,-65],[-110,-34],[-36,-39],[36,-57],[2,-99],[79,-139],[64,4],[-44,-100],[-67,-57],[75,-90]],[[31090,68982],[-45,-9],[-47,64],[-61,25],[17,89],[-78,34],[20,41],[-39,59],[51,37],[-3,58],[84,25],[-37,92],[-10,183],[-104,146],[-64,143],[6,66],[-67,-3],[-77,64],[-59,0],[21,110],[-41,60],[-117,15]],[[25713,71485],[33,18],[152,0],[233,40],[95,29],[217,115],[132,55],[57,68],[57,25],[245,163]],[[27815,70002],[-31,-72],[87,-26],[31,-95],[89,5],[65,-49],[29,-65],[-83,-10],[10,-82],[-76,-82],[8,-150],[48,-59],[-1,-80],[-49,-70],[23,-83],[-41,-51],[-116,-5],[-123,17],[-56,-49],[-91,1],[-7,-80],[-66,-70],[-211,-19],[5,-192],[-46,-57],[-64,11],[-13,-69],[68,-38],[-41,-177]],[[27163,68306],[-39,20],[-128,-94],[-82,42],[-11,113],[-156,5],[-61,122],[-97,-11],[-110,98],[-79,16],[-128,-13],[-13,93],[-50,26],[-124,-25],[-46,59],[2,83],[-57,-4],[-86,97],[-63,15],[8,78],[46,44],[-6,57],[-79,24],[-100,-44],[-79,17],[-29,102],[-25,164],[-143,28],[-59,66],[-149,-20],[-125,11],[-20,86],[-202,29],[-66,-29],[-94,4],[-97,-21],[-4,-36]],[[27163,68306],[77,-46],[35,-64],[-38,-104],[-95,-20],[26,-175],[42,-11],[232,14],[85,-31],[119,-2],[1,71],[76,17],[181,-8],[42,-27],[28,-78],[66,-73],[70,-6],[79,47],[-11,139],[156,13],[19,-49],[92,-71]],[[28445,67842],[-101,-62],[-91,-33],[53,-62],[-41,-129],[84,-50],[117,-40],[-15,-81],[35,-88],[-61,-34],[-19,-121],[-27,-26],[52,-128],[117,-106],[30,-97],[-25,-160],[-75,-74],[21,-77],[-8,-85],[-122,-112],[-136,23]],[[28233,66300],[-104,14],[-150,-16],[-182,6],[-25,76],[6,180],[-194,7],[52,63],[-99,32],[-84,68],[-125,25],[-216,-22],[-126,13],[-8,67],[-214,-12],[3,-56],[-115,-94],[-80,14],[-17,-76],[124,-25],[-20,-147],[-80,-31],[-68,4],[-62,-33],[-23,-77],[-56,-72],[-90,-77],[62,-70],[-172,-16],[-71,-49],[-70,0],[-44,114],[-70,11],[-59,156],[-74,63],[68,19],[-5,186],[-181,-33],[-6,-95],[-56,5],[1,98],[-71,41],[-128,9],[116,71],[-13,61],[27,89],[89,-8],[59,34],[8,83],[-113,-4],[16,98],[-55,38],[-60,-44],[-160,11],[46,129],[-86,46],[-141,-41],[-70,-85],[-114,49],[-65,-111],[7,-76],[87,-15],[6,-50],[-83,-22],[-4,-129],[-112,-33],[-184,6],[-79,-55],[-72,119],[-104,-5],[-96,125],[-40,84],[-90,126],[52,24],[-12,116],[-36,66],[48,37],[142,15],[12,117],[-39,42],[27,44],[218,14],[5,-67],[153,8],[83,26],[-7,123],[-50,44],[-15,111],[-228,2],[-28,-89],[-55,-29],[-138,-14],[-32,120],[-79,-29]],[[24145,67742],[-7,65],[-96,54],[-31,148],[62,-4],[30,50],[-52,56],[49,91],[151,20],[66,55],[46,80],[-37,61],[77,11],[-5,115],[30,110],[-177,-41]],[[32478,71629],[56,79],[46,108],[8,114],[46,41],[191,-10],[34,99],[107,66],[-47,53],[58,123],[255,28],[59,-109],[92,-32],[137,22],[65,54],[121,28],[63,64],[-33,68],[12,84],[-78,183],[60,98],[5,101],[-51,88],[25,94],[126,202],[131,-5],[122,-31],[12,114],[28,52],[-58,29],[-224,17],[10,103],[28,40],[81,19],[36,45],[-70,34]],[[33931,73692],[91,3],[125,82],[196,-3],[320,-126],[197,-86],[140,-10],[7,39],[101,72]],[[35108,73663],[70,-179],[126,-228],[58,-134],[28,-115],[-7,-251],[80,-88],[172,-132]],[[35635,72536],[96,-164],[-1,-128],[43,-119],[3,-69],[-78,-100],[-31,-156],[52,-147],[88,-48],[78,-3],[60,-185],[-104,-10],[-113,-66],[-41,-75],[-249,-73],[132,-165],[41,-222],[28,-52],[204,-254],[22,-108],[53,-115],[181,-158],[287,-195],[245,-119],[220,-79],[153,-25],[174,-6],[162,-50]],[[37340,69645],[-53,-48],[-132,-19],[-235,-8],[-112,-124],[-144,-130]],[[36664,69316],[-206,-18],[-33,9],[-203,-22],[-340,70],[-71,-29],[-88,-76],[-2,-60],[41,-69],[-91,-142],[-52,-53],[-86,-43],[60,-93],[-139,-3],[-185,-40],[28,-93]],[[31420,68365],[-124,15],[-59,27],[-164,-43],[-55,-99],[-49,13],[-242,15],[-126,29],[-125,59],[-114,20],[-119,-6],[-38,-79],[-206,21],[-18,-87],[-136,15],[-88,-8],[95,-122],[-112,12],[-21,32],[-129,-32],[-49,-69],[-14,-117],[-142,1],[-18,-97],[-86,-14],[-18,124],[-78,-7],[-94,64],[-214,-9],[-92,10],[-37,-60],[-208,-62],[-95,-69]],[[32561,65702],[9,-157],[75,-83],[-95,-39],[-92,-116],[-69,-36],[-69,42],[105,127],[-31,99],[-101,38],[-258,48],[-101,-65],[-125,-6],[-64,37],[-67,-9],[-35,41],[-165,-32],[-43,-43],[-76,-6],[33,-125],[-112,-16],[-63,38],[-200,-55],[-16,79],[-150,10],[-57,28],[-341,31],[-14,84],[-65,1],[-54,67],[-109,13],[-192,-5],[-2,-98],[-166,-64],[-94,3],[-96,27]],[[29661,65560],[4,63],[-193,13],[-72,-58],[-242,28],[-13,21],[-271,9],[-79,17],[-142,-4],[-1,72],[-98,10],[-34,-50],[-64,-19]],[[28456,65662],[-92,40],[33,71],[-37,52],[-89,14],[-11,47],[-71,84],[-46,169],[68,76],[22,85]],[[25192,72007],[94,82],[-61,60],[28,36],[-72,57],[35,86],[-185,119],[62,92],[51,8],[20,82]],[[25164,72629],[81,37],[81,-11],[46,77],[-78,15],[22,59],[-41,37],[147,37],[167,-11],[3,55],[-115,3],[194,168],[25,79],[91,16],[90,71],[26,83],[-112,6],[-5,62],[45,23],[90,-33],[39,-81],[115,9],[39,-58],[178,5],[97,129],[38,8],[-8,163],[43,106],[2,71],[60,53],[79,-5],[-56,160],[-43,79],[82,47],[107,-8],[112,117],[77,42],[337,140],[52,63],[-34,35]],[[27237,74477],[68,65],[-7,92],[56,3],[52,68],[13,94],[133,47],[28,63],[108,38],[147,-11],[6,-35],[232,-11],[103,84],[128,-9],[87,13],[45,-42],[25,-120],[107,-42],[-56,-91],[-149,-28],[39,-31],[94,23],[46,-67],[117,48],[82,-92],[82,-37],[20,-61],[135,-13],[-77,-112],[13,-74],[77,-92],[16,-67],[197,-12],[243,-99],[54,-75],[4,-70],[111,-52],[-21,94],[32,149],[36,72],[152,-25],[62,11],[-86,175],[215,-30],[75,86],[157,-88],[83,-30],[34,-149],[44,-3],[48,103],[393,28],[76,27],[67,-12],[5,-88],[-63,-41],[-28,-120],[62,-51]],[[30959,73880],[-47,-87],[66,-28],[-76,-175],[69,-50],[-50,-62],[-105,-40],[-109,4],[-7,-67],[-53,-11]],[[30959,73880],[35,41],[-34,103],[106,-15],[46,-53],[67,26],[51,-42],[-51,-81],[201,20],[31,95],[101,-20],[157,29],[105,-45],[6,-86],[59,-44],[145,-12],[63,-69],[91,-1],[43,-43],[77,2],[169,-24],[183,74]],[[32610,73735],[27,-80],[84,-21],[65,31],[221,-36],[86,-30],[135,20],[143,-39],[20,45],[215,46],[258,4],[67,17]],[[5354,70926],[-26,-134],[45,-24],[87,-109],[-40,-17],[-59,-133],[-1,-124],[-30,-57],[-179,6],[-6,57],[-160,182],[7,24],[-143,59],[-22,-79],[52,-67],[10,-90],[33,-38],[25,-112],[-17,-43],[135,-85],[-30,-202],[-216,-139]],[[4819,69801],[-87,67],[-62,-3],[-91,77],[-158,8],[-63,86],[134,18],[-37,106],[-61,-31],[-59,18],[-20,121],[13,69],[51,106],[-63,51],[-124,0],[-34,43],[13,92],[-90,34],[-6,96],[-151,-94],[-90,-39],[-280,54]],[[3554,70680],[-155,10],[-165,149],[21,49],[78,53],[-99,50],[-67,5],[-77,55],[109,127],[66,-48],[172,16],[2,48],[-57,32],[-94,-28],[-3,74],[-139,21],[-44,124],[-89,75],[-97,44],[-90,-3],[-31,110],[-9,259],[146,5],[102,-63],[168,17],[22,130],[122,-3],[8,77],[74,20],[40,51],[98,-28],[26,-35],[173,123],[81,-34],[68,11],[297,111],[237,31],[209,-13],[96,-67],[44,-76],[128,-159],[74,-60],[187,-106],[129,-104],[109,-143],[50,-163],[5,-223],[-31,-106],[-94,-169]],[[5805,68254],[160,-40],[66,22],[108,-30],[49,-74],[-3,-89],[91,-60],[127,8],[13,-98],[97,-24],[165,17],[136,-68],[118,-135],[104,-28],[111,-9],[44,-92],[-32,-47],[166,-49],[6,-71],[70,-64],[-50,-36],[-132,-47],[36,-47],[-10,-95],[35,-7],[116,66],[11,-56],[58,-19],[170,-6],[13,-86],[129,80],[96,-3],[148,-93],[10,69],[-38,24],[-36,130],[145,-48],[85,-48],[63,21],[73,-100],[143,-4],[99,28],[13,-39],[110,-4],[15,-42],[101,-56]],[[8804,66905],[-4,-171],[92,-118],[-178,-42],[-102,-91],[-198,-47],[-54,-50]],[[8360,66386],[-110,-9],[-64,-62],[-66,-2],[-150,54],[-175,13],[-53,-16],[-58,-77],[-167,86],[-104,-54],[-4,-74],[-51,-41],[-171,-91],[-121,1],[-115,20],[-52,-37],[-6,-62],[-119,-102],[-40,-64],[-131,-66],[-76,27],[-136,11],[-28,-33],[41,-62],[-116,-44],[30,-108],[91,-144],[61,-145],[54,-339],[-43,-148],[-80,-142],[-37,-94],[15,-146],[43,-84],[226,-329],[131,-86],[161,-126],[-111,-94],[-357,-207],[-191,-94],[-210,-122]],[[6071,63294],[-119,83],[-102,147],[-154,156],[-222,105],[-118,31],[-261,23],[-192,63],[-187,42],[-227,26],[-108,2],[-195,35],[-119,49],[-145,100],[-22,53],[-112,157],[-55,55],[-177,131],[-167,100],[-255,83],[-129,17],[-28,34],[-143,80],[-232,202],[-79,51],[-191,156],[-64,26],[-280,223],[-242,246],[-78,136]],[[1668,65906],[464,16],[249,-50],[36,6],[-26,165],[50,33],[442,3],[107,-6],[62,44],[55,-9],[105,-61],[118,68],[102,-31],[175,55],[151,-49],[92,21],[160,-40],[-5,-39],[265,-69],[39,-34],[119,35],[143,-16],[18,41],[-194,55],[22,50],[193,-83],[84,-71],[72,206],[-119,77],[-78,-37],[-86,33],[-14,43],[-131,-14],[-63,-90],[-98,32],[67,83],[-33,35],[-136,65],[-69,-18],[-57,58],[69,29],[-21,132],[-138,109],[98,63],[128,-35],[90,-68],[181,-112],[31,54],[185,69],[99,-1],[-21,119],[-66,46],[88,39],[219,19],[-14,39],[89,109],[83,44],[-51,56],[-66,26],[-16,100],[65,44],[88,-57],[71,-8],[31,49],[86,9],[48,81],[88,-12],[92,63],[41,-31],[332,42],[55,47],[86,24],[161,-25],[58,102],[0,83],[-36,85],[-109,60],[-72,0],[-304,-145],[-114,-28],[-216,18],[-82,29],[-161,125],[19,71],[224,186],[167,80],[225,129],[46,-17]],[[5354,70926],[156,-8],[46,128],[3,74],[52,86],[104,50],[8,-87],[36,-55],[88,30],[93,-25],[160,3],[72,-17],[93,-252],[87,-5],[40,80],[197,56],[33,41],[91,-40],[-13,-75],[109,-91],[141,0],[40,61],[-15,43],[97,12],[85,101],[0,73],[84,93],[-48,58],[-94,41],[-119,-34],[0,98],[-33,23],[-99,-13],[-80,202],[116,46],[112,-27],[30,21],[-39,129],[31,51],[112,91],[-22,90],[192,58],[124,-28],[44,72],[62,27],[-15,64],[155,-4],[14,-64],[74,-101],[146,6],[89,-62],[82,-4],[65,73],[105,-33],[45,9],[117,114],[-17,96],[-158,112],[55,56]],[[8287,72369],[107,-16],[149,67],[117,-29],[153,66],[115,-15],[195,-83],[40,-44],[6,-101],[-87,-108],[18,-62],[-29,-65],[8,-130],[97,-42],[12,-41],[82,-62],[100,-13],[117,-45],[123,26],[38,91],[-132,30],[25,100],[139,-6],[172,81],[84,25],[158,-108],[134,-17],[112,-55],[52,-63],[-39,-83],[59,-47],[-24,-90],[19,-47]],[[10407,71483],[-213,-45],[-47,-93],[55,-46],[10,-71],[43,-51],[8,-69],[42,-55],[-75,-36],[-62,-158],[-88,-48],[-47,-56],[-95,-25],[-33,-54],[49,-96],[-31,-24],[26,-99],[-92,-87],[-64,78],[-106,57],[1,33],[-74,71],[-199,79],[-98,-11],[-52,-60],[1,-45],[143,-26],[141,-108],[-50,-43],[-120,-3],[-63,24],[-140,4],[-94,-116],[-203,32],[-48,120],[-67,-4],[-52,-54],[-65,-17],[-63,68],[-119,-22],[17,-69],[-34,-73],[-127,3],[71,-109],[-46,-50],[-102,19],[-141,-18],[-69,-35],[1,-106]],[[8036,69989],[77,-83],[3,-93],[-132,-47],[-56,12],[-47,-74],[-122,37],[-95,-7],[-47,-49],[-86,13],[-72,71],[-71,-12],[-94,-67],[-108,2],[-44,-32],[-99,-5],[-64,-39],[-100,-102],[-2,-52],[-62,-130],[-25,-112],[16,-50],[128,-146],[131,-78],[-35,-50],[21,-131],[-62,-46],[-110,-31],[-113,62],[-191,72],[-66,9],[-106,-23],[-126,53],[-62,-6],[-30,107],[-124,-7],[-167,-85],[-155,-48],[-80,-58]],[[5659,68764],[-140,186],[-32,61],[-97,34],[-122,-27],[-87,29],[-216,1],[-187,16],[-41,74],[-112,-6],[-26,55],[98,13],[45,73],[206,231],[-33,70],[0,106],[-57,42],[-39,79]],[[5805,68254],[60,54],[101,140],[15,47],[-57,59],[-186,126],[-79,84]],[[8036,69989],[61,-26],[131,1],[89,87],[75,5],[27,68],[65,57],[122,-18],[50,54],[81,34],[20,-100],[-102,-8],[-66,-96],[79,-33],[111,-15],[64,46],[60,-23],[26,-69],[139,-38],[62,71],[153,61],[47,-56],[-43,-96],[16,-80],[-41,-82],[-92,29],[-62,-11],[-66,-194],[35,-113],[-127,-10],[-90,18],[-86,-71],[38,-32],[-36,-51],[-106,-29],[1,-78],[132,-19],[141,42],[75,0],[164,102],[104,13],[75,-41],[46,29],[124,5],[69,-24],[-7,-82],[241,-71],[13,-62],[98,-18],[79,127],[39,26],[142,-30],[50,-35],[97,14],[-3,-99],[-47,-103],[-44,-35],[60,-75],[-9,-45],[-100,-26],[-34,-55],[-226,100],[2,166],[-184,38],[-137,-31],[-34,-146],[120,-11],[51,-39],[-43,-94],[-30,-142],[81,-39],[99,1],[39,61],[62,7],[169,-40],[132,-2],[58,80],[291,-90],[92,-18],[-72,-55],[-43,-158]],[[10603,68317],[-83,-14],[-34,-132],[-43,-20],[-146,3],[-25,-79],[46,-40],[-9,-186],[-114,-48],[15,-37],[-62,-80],[-111,27],[-108,47],[-110,-24],[-160,2],[-64,-115],[203,-98],[121,-35],[91,-6],[24,62],[100,115],[69,-45],[94,-7],[39,58],[187,-6],[71,55],[195,-6],[-43,-153],[-167,28],[-4,-119],[-85,-2],[-90,28],[-113,-109],[63,-6],[18,-73],[-117,-2],[-26,32],[-179,13],[-73,-39],[-147,48],[-7,-44],[-163,-18],[-53,69],[-82,13],[-77,56],[-182,42],[-84,-14],[-46,-54],[10,-128],[22,-37],[-43,-61],[-72,23],[-135,-6],[-68,-23],[64,-59],[123,-32],[21,-119],[-35,-49],[-95,-26],[-120,18]],[[1668,65906],[-56,101],[-160,178],[-118,116],[-15,59],[-133,144],[-224,215],[-280,339],[-275,101],[-120,113],[-287,186],[90,91],[346,282],[280,241],[140,74],[113,27],[49,79],[137,87],[62,88],[69,162],[77,136],[-121,97],[170,181],[-118,46],[48,60],[-59,27],[90,66],[124,-59],[220,217],[194,-41],[178,5],[-22,104],[3,212],[131,207],[71,70],[192,109],[73,-126],[27,-77],[76,-95],[101,6],[-60,233],[16,135],[-25,98],[141,44],[43,100],[66,47],[7,105],[130,-30],[86,14],[181,-7],[-22,129],[250,78]],[[21030,70631],[19,101],[44,48],[-86,80],[1,94],[106,27],[82,51],[108,162],[76,49],[-7,79],[-77,6],[-48,130],[-47,18]],[[21201,71476],[126,493],[-71,29],[14,45],[-47,63],[-4,105],[121,85],[-34,54],[20,105],[-80,28],[6,108],[183,-1],[43,84],[1,124],[-66,46],[-21,127],[69,9],[-32,130],[110,1],[23,107],[51,53],[-176,30],[61,52],[85,-3],[48,33],[-98,113],[-86,10],[-3,48],[97,79],[26,89]],[[21567,73722],[153,-73],[50,-45],[-22,-49],[85,-30],[72,-105],[80,-60],[26,-52]],[[22011,73308],[27,-35],[142,-76],[-11,-125],[42,-24],[-42,-59],[-4,-94],[131,31],[36,-112],[65,-2],[49,53],[58,-47],[-61,-52],[8,-84],[123,-43],[98,-9],[55,32],[108,-28],[17,-62],[523,4],[47,-15],[14,-105]],[[21567,73722],[-125,26],[-198,20],[-77,-80],[-32,38],[-198,30],[-64,97],[-171,-9],[-35,22],[-117,-18],[-112,26],[-202,-36],[40,-122],[-23,-74],[-49,-31],[6,-74],[96,-81],[-44,-33],[-133,105],[27,71],[-221,17]],[[19935,73616],[42,31],[82,176],[-26,67],[-139,28],[-127,178],[-17,68],[61,133],[71,94],[3,54],[81,111],[9,87],[-36,138],[10,128],[-138,103],[-126,51],[-103,76],[55,112],[62,9],[-2,60],[-45,28],[-132,20],[91,75],[24,64],[-23,165],[-24,10]],[[19588,75682],[15,112],[114,103],[107,62],[193,-130],[104,49],[27,75],[-89,26],[55,81],[-16,94],[-132,-10],[-145,86],[63,92],[-12,42],[30,104],[69,-64],[81,-9]],[[20052,76395],[-60,-52],[11,-80],[408,-50],[-28,-109],[121,-82],[133,8],[95,-16],[-96,-108],[24,-39],[-34,-99],[190,-20],[-25,-99],[47,-22],[106,25],[50,-52],[4,-87],[57,-119],[1,-74],[-80,-74],[-11,-81],[79,-20],[37,47],[150,-47],[83,14],[142,-29],[112,4],[58,63],[-94,101],[54,67],[-1,79],[97,32],[-25,118],[109,-10],[24,40],[131,-33],[32,-35],[216,-37],[175,2],[22,-23],[236,-13],[91,54],[193,4],[16,-71],[84,23],[58,-54],[220,-18],[-33,-73],[-51,-28],[1,-109],[409,58],[67,84],[64,-32],[163,-2],[144,127],[71,-46],[34,-61],[125,-57],[64,1],[33,45],[113,-12],[174,-74]],[[24642,75244],[-120,-94],[83,-11],[134,11],[28,45],[88,-21],[-2,-89],[-259,-27]],[[24594,75058],[-31,-41],[-100,-25],[-126,26],[-79,-46],[0,-70],[-102,-13],[-127,16],[-30,-29],[-25,-107],[-108,-41],[-14,-59],[-70,-104],[-73,-21],[-5,-138],[-71,-74],[-112,-4],[-229,-69],[-37,-54],[-100,-69],[2,-47],[-82,-41],[-118,-120],[68,-28],[-52,-75],[-63,14],[-41,-51],[-68,-20],[-32,-116],[-79,-105],[-399,50],[-68,-15],[-56,-119],[-89,-20],[10,-132],[-77,-3]],[[25164,72629],[-180,9],[-233,59],[-77,-9],[2,109],[81,46],[112,6],[17,60],[-108,23],[-28,153],[-82,54],[4,84],[-25,116],[-35,26],[-327,1],[-30,45],[-49,179],[-163,21],[14,48],[-78,35],[-3,91],[35,179],[185,-2],[-21,72],[261,2],[-17,137],[38,40],[217,74],[92,147],[100,-27],[18,53],[127,31],[-5,122],[-38,54],[-116,-27],[-101,33],[-79,-34],[-70,0],[-2,121],[19,148],[-25,150]],[[24642,75244],[83,8],[5,92],[-54,34],[57,45],[94,129],[-47,55],[8,107],[145,2],[11,-38],[204,0],[95,37],[48,64],[-19,77],[158,36]],[[25430,75892],[17,-84],[123,-13],[3,-46],[110,15],[57,-64],[139,-53],[67,-83],[-45,-107],[-55,-60],[146,-7],[16,-26],[138,15],[68,-108],[83,-163],[118,-76],[56,-83],[48,-2],[28,-89],[-19,-77],[42,-28],[37,-118],[248,-13],[18,-39],[179,-47],[71,1],[37,-42],[77,-18]],[[20052,76395],[231,25],[146,62],[-58,43],[-3,136],[-32,72],[-180,127],[76,75],[-77,82],[144,152],[56,-5],[199,55],[56,37],[84,4],[21,58],[86,-6],[161,177],[98,-13],[26,-56],[221,-25],[67,3]],[[21374,77398],[75,-24],[111,6],[99,-18],[42,65],[105,5],[18,103],[78,-4],[110,-90],[80,-43],[103,-14],[22,-36],[91,9],[30,-28],[126,2],[16,-61],[163,15],[31,45],[-36,48],[129,35],[82,-43],[31,-63],[61,-6],[78,-67],[-6,-53],[50,-44],[178,-25],[57,-105],[86,-42],[218,-9],[44,51],[180,-10],[15,85],[51,82],[62,14],[28,-88],[104,-57],[240,31],[-14,134],[-48,36]],[[24264,77234],[79,-8],[229,7],[45,-72],[73,9],[66,-35],[-17,-75],[98,-29],[36,-70],[131,-15],[26,-81],[81,22],[209,20],[45,108],[90,-26],[-7,-96],[73,-73],[164,15],[8,-33]],[[25693,76802],[-14,-71],[-118,-28],[-5,-65],[-80,-23],[-30,-63],[-87,-46],[24,-86],[-15,-233],[-41,-69],[-155,-73],[8,-42],[241,-12],[9,-99]],[[23498,67031],[-19,-39],[-91,-4],[-35,-42],[-4,-73],[45,-24],[1,-99],[-35,-160],[15,-63],[-31,-41],[57,-96],[-104,-98],[-3,-52],[97,-60],[109,-36],[5,-67],[-30,-67],[38,-147],[-42,-95],[27,-36],[-59,-50],[-49,-101],[-49,-7],[-12,-113],[37,-62],[-118,-76],[-70,103],[-101,13],[-4,-71],[-76,-18],[-16,-100],[-298,1],[-48,13]],[[22635,65264],[-32,66],[-66,-1],[-129,-68],[-56,16],[-189,151],[-157,27],[-96,147],[-48,38],[-118,3],[-51,-26],[-78,-106],[-136,22],[-125,101],[121,42],[23,40],[-60,66],[-315,110],[-36,-21],[-172,83],[-13,34],[-173,30],[-96,79],[-72,-34],[-121,1]],[[20440,66064],[-78,23],[-94,-92],[-134,42],[-79,99],[-91,13],[-57,-23],[-93,15],[12,66],[-32,62],[-131,29],[18,57],[-14,130],[-64,49],[13,101],[-110,39],[-69,98],[-102,77],[-34,201],[-178,-7],[-77,15],[-86,-59],[-78,-8],[-156,63],[-80,-23],[43,-82],[-43,-36],[-89,32],[-54,81],[14,58],[-216,35],[22,75],[-61,8],[7,60],[-190,30],[-430,-7],[-18,-66],[-102,-36],[-168,33],[-172,52],[10,72],[41,52],[-6,150]],[[17234,67542],[41,32],[92,-9],[63,64],[40,-35],[102,9],[56,48],[69,0],[15,75],[163,-96],[38,21],[-19,192],[28,120]],[[17922,67963],[258,-24],[133,0],[109,-44],[59,-55],[183,-74],[28,-91],[60,-35],[86,11],[44,73],[43,205],[-60,27],[52,63],[92,65],[111,-57],[10,-56],[210,-39],[32,-54],[65,-28],[-12,-68],[38,-35],[247,-104],[-30,-98],[-55,-22],[-9,-53],[151,30],[88,-43],[163,-16],[85,-42],[85,5],[-39,79],[8,67],[-55,12],[-21,82],[16,163],[75,52],[79,-9],[274,8],[174,31],[207,-50],[81,-126],[8,-114],[86,-14],[10,-88],[114,-5],[239,40],[203,-11],[-7,-156],[-78,-30],[7,-39],[100,1],[25,-52],[185,-18],[185,-40],[111,-3],[58,-41],[162,-1],[-6,-116],[22,-46],[268,-28],[92,64],[42,117],[35,33],[0,158],[56,25],[29,133],[79,24],[150,3],[126,-13],[28,-189],[-74,-199],[194,-46],[62,-31]],[[21201,71476],[-38,-215],[-117,-46],[-67,-69],[-111,-9],[-163,-81],[-172,52],[-241,-36],[-294,-25],[-81,50],[-223,3],[-26,32],[-99,12],[86,69],[11,171],[-148,73],[-30,36],[-157,2],[-89,24],[-14,-116],[-117,-7],[-13,74],[-209,60],[-131,-43],[-181,36],[-177,-15]],[[18400,71508],[-8,55],[-144,27],[11,93],[85,2],[19,40],[-105,56],[-108,6],[-37,70],[4,55],[94,80],[114,48],[-25,114],[-180,129],[-27,53],[15,138],[154,18],[21,138],[-96,41],[-136,-12],[60,100],[209,-26],[8,110],[60,114],[113,6]],[[18501,72963],[43,-35],[128,0],[119,-24],[167,-15],[-4,-86],[101,-34],[49,12],[25,67],[129,48],[-11,90],[-45,65],[-61,15],[-75,109],[-1,74],[60,49],[20,81],[-60,116]],[[19085,73495],[61,36],[129,30],[110,-44],[60,-89],[76,-55],[82,-95],[122,-25],[24,62],[85,7],[-13,65],[-90,5],[-3,55],[108,133],[99,36]],[[19085,73495],[-150,28],[-24,31],[-106,9],[-63,68],[10,62],[-110,57],[52,127],[-110,8],[-53,63],[-163,-25],[-18,44],[-90,52],[-81,10],[-124,-59],[-186,-33],[-33,-25],[-106,17],[-212,-35],[-66,20],[-106,-7],[9,75],[-68,5],[-194,58],[29,156],[91,61],[28,86],[196,50],[103,63],[-40,67],[-12,158],[18,31],[-310,29],[-7,84],[-75,52],[-167,1],[-18,-45],[-90,-87],[-287,31],[-44,-12],[-115,-89],[3,-55],[-58,-15],[-74,-84],[-101,-25],[-18,60],[-92,43],[-13,64],[26,106],[-27,40],[-215,29],[-40,55],[-54,-11],[-179,19],[-158,-6],[-24,-25],[-139,-11],[-82,20],[-55,83],[-230,-28],[-16,-38],[-289,12],[-119,49],[-1,40],[62,46],[-61,65],[23,79],[52,9],[28,109],[2,158],[-28,63],[-6,112],[-87,-25],[5,92],[-23,79],[-128,16],[-110,57],[53,44],[8,135],[-135,8],[21,111],[65,-2],[0,83]],[[14179,76242],[77,22],[80,54],[4,58],[43,41],[145,6],[15,-32],[342,9],[240,-17],[64,-84],[144,1],[185,-49],[44,-140],[-14,-97],[179,8],[53,-33],[105,-22],[-30,-58],[99,-13],[93,131],[197,-26],[57,108],[72,-15],[24,-62],[-3,-96],[255,-56],[148,-54],[176,-34],[114,-3],[2,42],[156,21],[18,157],[76,82],[53,-5],[100,36],[83,115],[-10,49],[55,93],[121,1],[18,62],[98,11],[38,43],[95,-93],[30,-104],[109,-33],[82,40],[123,-35],[8,-90],[-19,-68],[64,-18],[90,31],[63,-68],[19,-134],[309,-11],[-2,103],[195,-45],[59,-42],[198,12],[40,-51],[-16,-135],[246,-73]],[[18400,71508],[-116,-34],[1,-100],[29,-129],[-25,-57],[27,-151],[54,-119],[-56,-55],[23,-154],[226,-17],[19,-41],[125,-4],[-63,-163],[30,-79],[-178,-188],[24,-91],[-82,-27],[-203,-141],[-4,-34],[-80,-66],[-143,13],[-70,-36],[-37,98],[-98,15],[-3,91],[-78,15],[-6,57],[-132,28],[-34,43],[-181,25],[-98,-20],[-77,35],[5,116],[64,56],[27,94],[10,157],[-20,66],[-101,14],[-47,-49],[-121,-15],[-85,-191],[-99,-53],[-26,-66],[-133,-52]],[[16668,70299],[-101,70],[-131,28],[-323,-1],[-113,-223],[-18,-67],[-83,-124],[-190,-4],[-205,35],[4,118],[-49,9],[-68,-186],[68,-42],[-34,-160],[-109,15],[-166,79],[-24,100],[-86,28],[-104,-23],[-42,40],[14,102],[-16,130],[96,55],[21,104],[307,108],[-75,14],[-63,67],[52,139],[-118,99],[-148,3],[-56,22],[-207,17],[-114,65],[-137,5],[-40,-20],[-128,13],[-50,-66],[-19,-107],[-119,-29],[-46,54],[-63,4],[-109,67],[-21,38],[-139,-35]],[[13716,70840],[-75,-7],[30,73],[-5,81],[39,96],[74,25],[122,116],[77,31],[-82,45],[20,121],[95,208],[-84,14],[-102,90],[32,38],[-32,93],[-124,-14],[14,137],[-87,31],[-124,-3],[-38,61],[11,86],[-41,22]],[[13436,72184],[56,68],[-84,52],[18,83],[120,43],[7,51],[-58,24],[100,246],[-68,37],[32,74],[-35,46]],[[13524,72908],[104,31],[49,-45],[141,-29],[102,-66],[126,18],[168,-6],[115,-64],[79,25],[13,183],[124,-6],[120,62],[116,-28],[-3,-35],[156,-11],[47,106],[-33,19],[16,108],[72,31],[110,-39],[-23,-77],[63,-1],[1,66],[93,-10],[94,39],[3,-104],[82,-74],[238,-26],[37,-30],[197,-24],[46,23],[132,2],[-17,219],[41,-11],[257,63],[8,-54],[128,-17],[260,-7],[16,30],[124,-12],[31,-68],[224,-26],[107,-1],[65,29],[59,-25],[216,-27],[203,-3],[78,82],[146,-42],[140,58],[150,1],[175,-55],[-19,-117]],[[17234,67542],[-184,42],[27,76],[-41,85],[-60,48],[-166,19],[-120,-113],[-262,-101],[-63,-66],[-115,-26],[-214,52],[-103,49],[-102,84],[47,36],[-179,66],[-75,-93],[-50,-94],[8,-91],[-42,-69],[-153,41],[-91,-90],[-74,8],[-3,124],[-170,-14],[0,-34],[-88,-26],[-122,-10],[-53,-103],[94,-30],[-6,-117],[-32,-52],[-108,-23],[-46,-64],[145,-20],[35,-90],[64,-16],[-32,-69],[-130,41],[-61,-74],[-99,22],[63,85],[-115,18],[-9,42],[-107,9],[-86,-76]],[[14356,66928],[-209,11],[-86,-34],[-54,-57],[-125,6],[-19,-51],[-88,10],[-16,104],[-79,-3],[-25,-96],[-47,-74],[-118,-55],[-94,13],[-80,68],[-12,97]],[[13304,66867],[78,35],[-134,31],[-98,213],[47,86],[61,13],[-39,167],[52,121],[-87,60],[11,127],[-35,166],[-106,135],[-82,22],[-169,2],[-138,-62],[-169,8]],[[12496,67991],[-38,83],[82,55],[2,112],[29,94],[-11,65],[-106,53],[62,26],[140,109],[244,-43],[135,76],[84,98],[181,93],[-46,23],[-20,119],[-100,45],[-75,85],[54,235],[-81,-13],[-15,87],[56,88],[173,-9],[-9,125],[234,14],[46,118],[-65,62],[-148,32],[3,150],[43,62],[96,31],[33,50],[-45,205],[38,70],[221,-13],[149,21],[6,-74],[108,-27],[15,-124],[75,7],[-19,119],[11,71],[-34,45],[8,66],[-91,69],[-104,18],[-63,47],[-48,122],[10,102]],[[16668,70299],[27,-25],[138,-20],[-12,-82],[51,-30],[10,-64],[123,-134],[-28,-54],[13,-60],[-28,-100],[-57,-109],[-86,-91],[4,-149],[221,0],[-44,-62],[-25,-109],[34,-61],[78,32],[32,-78],[78,-51],[65,14],[0,-82],[56,-50],[25,-78],[-82,-10],[21,-102],[-44,-71],[64,-39],[186,19],[52,-49],[6,-77],[188,-31],[0,-30],[110,-95],[71,44],[83,-4]],[[17998,68411],[36,-55],[29,-128],[-129,-6],[-13,-85],[75,-73],[-74,-101]],[[20439,68788],[-108,31],[-148,0],[-63,-85],[-156,-32],[-32,-61],[43,-34],[-114,-84],[-85,-29],[-223,-12],[-113,-30],[-84,33],[-172,24],[-51,-116],[-90,57],[-101,96],[-158,-76],[-169,-30],[-61,-110],[-81,2],[-27,62],[-102,-38],[-9,66],[-124,-13],[2,65],[-122,11],[-93,-74]],[[10407,71483],[244,-66],[168,-6],[55,-20],[47,73],[-65,65],[86,148],[47,35],[120,29],[-111,123],[-14,109],[-46,36],[1,88],[-112,27],[74,230],[88,72],[104,54],[109,-32],[-28,-120],[39,-98],[-31,-80],[114,-18],[25,-63],[-30,-63],[140,-109],[129,-9],[28,-69],[86,5],[110,96],[248,-16],[38,79],[101,11],[99,-37],[39,53],[12,95],[37,18],[220,-51],[11,91],[-147,66],[35,122],[-86,-16],[-127,35],[-103,2],[25,126],[84,12],[14,62],[156,16],[43,-21],[30,-74],[-7,-82],[116,-87],[39,-65],[75,-13],[46,-88],[43,8],[99,-40],[52,-51],[120,-14],[123,24],[19,107],[68,28],[75,-58],[55,22]],[[12496,67991],[-5,-67],[-58,-104],[-144,-52],[-46,-73],[-79,-24],[-36,45],[-91,36],[68,64],[50,131],[-75,0],[-97,49],[-10,38],[-117,43],[-166,-5],[-73,27],[-129,-62],[-66,3],[-55,55],[-89,-21],[-139,23],[-90,43],[-152,-2],[-47,83],[-106,0],[-92,42],[-49,54]],[[13524,72908],[-54,74],[-140,47],[-21,64],[-101,16],[-48,57],[14,125],[-57,17],[8,126]],[[13125,73434],[68,8],[47,52],[-42,83],[-163,72],[27,82],[-108,53],[-41,76],[59,66],[-23,63],[-59,17],[38,101],[-17,58],[139,-10],[13,126],[-64,69],[-172,-4],[-40,57],[22,37],[-40,106],[-129,69],[121,13],[26,45],[124,54],[12,30],[159,34],[35,72],[-73,11],[-70,-31],[-158,141],[-231,121],[53,78],[20,76],[-65,58],[-4,92],[39,59],[-40,52],[-86,-7],[-119,39],[39,168],[-120,24],[-28,57],[-155,75]],[[12119,75876],[113,9],[46,83],[90,0],[109,62],[1,121],[138,-25],[221,78],[83,63],[38,69],[127,12],[252,-47],[250,70],[70,-26],[291,-34],[105,1],[49,-72],[77,2]],[[8287,72369],[-5,65],[86,67],[84,14],[48,101],[89,-38],[38,-65],[131,21],[-26,97],[51,57],[-136,30],[11,79],[62,130],[90,18],[-16,40],[63,85],[311,23],[-20,99],[83,-16],[-12,146],[113,70],[21,110],[112,15],[45,44],[-11,53],[-120,36],[-187,17],[-48,127],[0,68],[143,121],[12,75],[60,70],[126,89],[-107,96],[7,93]],[[9385,74406],[212,-15],[266,1],[-18,-75],[-97,-25],[-16,-60],[102,15],[-20,-66],[-125,-71],[147,-46],[-27,72],[140,-54],[147,-40],[82,-85],[121,-4],[-47,110],[106,39],[178,-9],[62,74],[179,-1],[48,-44],[157,17],[60,58],[140,-26],[42,-66],[71,25],[171,-3],[75,-69],[10,-40],[140,40],[-41,-133],[-52,-23],[-54,-84],[-1,-63],[-54,-58],[27,-45],[-14,-115],[-30,-30],[-117,-21],[16,-61],[82,-37],[-30,-97],[127,-109],[74,-42],[222,177],[108,-3],[74,35],[69,-5],[118,95],[146,0],[119,69],[46,-29],[166,-21],[183,-6],[181,12],[69,-30]],[[24145,67742],[-67,-180],[24,-38],[-47,-137],[68,-27],[-107,-80],[-93,40],[-118,-28],[24,-97],[-48,-8],[-17,-72],[-78,-52],[-73,28],[-115,-60]],[[9385,74406],[5,91],[-58,114],[68,145],[-44,82],[-68,22],[20,71],[-39,81],[3,55],[122,12],[23,39],[108,22],[101,64],[-17,51],[60,97],[-40,56],[61,51],[-90,47],[55,101],[-53,21],[-124,104],[-35,61],[-153,49],[70,78],[-57,98],[-7,78],[16,133],[86,4],[343,-47],[124,46],[10,44],[103,129],[9,70],[232,-7],[87,-18],[178,-10],[33,-17],[15,-100],[221,-11],[332,-48],[229,-52],[-82,-32],[14,-104],[149,12],[39,80],[77,-13],[54,31],[149,-28],[94,-43],[-11,-104],[-73,-67],[52,-52],[119,-35],[224,19]],[[22168,61743],[-60,-61],[-3,-172],[48,-51],[-9,-54],[-98,-122],[-6,-74],[-242,48],[19,-63],[56,-57],[-33,-48]],[[21840,61089],[-205,-50],[-103,-52],[-134,-106],[-245,40],[-219,16],[-144,76],[-166,131],[-13,62],[-147,56],[-192,-51],[-102,0],[-12,-83],[-58,-86],[-202,9],[-10,-124],[50,0],[51,-82],[2,-82],[-52,-109],[-61,-53],[-60,-110],[-199,42],[-32,86],[-104,2]],[[19483,60621],[-33,79],[-172,30],[-83,176],[-66,28],[37,116],[13,192],[-57,17],[-331,31],[-128,-38],[-39,39],[-11,118],[-117,173],[-162,45],[-153,-113],[56,-87]],[[18237,61427],[-111,-3],[-35,22],[7,101],[-123,75],[-44,71],[42,102],[57,34],[-18,68],[-70,121],[-25,5]],[[17917,62023],[16,85],[92,38]],[[18025,62146],[137,-87],[69,2],[47,53],[10,68],[76,23],[17,-93],[58,-40],[191,-28],[139,3],[58,73],[215,38],[113,-13],[39,42],[117,41],[169,-2],[59,19],[138,-48],[15,-40],[111,39],[57,48],[60,108],[71,21],[79,-19],[23,-60],[151,-8],[97,64],[85,8],[22,63],[167,-1],[12,-62],[-38,-44],[86,-28],[82,38],[149,26],[21,-131],[151,-40],[10,-76],[116,-48],[325,-71],[17,-28],[206,-59],[61,34],[133,-68],[41,-51],[181,-69]],[[22168,61743],[62,58],[-20,132],[15,59],[173,86],[86,6],[43,101],[75,12],[194,-33],[137,63]],[[22933,62227],[64,-16],[56,65],[73,7],[52,-78],[126,-35],[-153,-37],[-89,15],[-96,-59],[104,-86],[38,19],[140,-70],[93,45],[221,60],[70,63],[83,-4],[60,-61],[116,-3],[199,-47],[155,4],[148,-43],[106,20],[97,-9],[24,45],[121,3],[-49,154],[66,83],[226,-59],[73,42],[41,-26],[100,4],[98,34],[134,-48],[10,-98],[62,-32],[161,-13],[52,-85],[105,-10],[-5,-56],[165,-8],[21,20],[218,-117],[48,-56],[-2,-122],[175,-72],[69,-103],[119,22],[311,-3],[9,61],[83,78],[-14,135],[100,35],[27,83],[154,-61],[152,-43]],[[27450,61764],[-48,-156],[48,-87],[-22,-94],[-125,23],[-92,-5],[-46,-165],[-88,-4],[-76,38],[-38,-107],[-92,-125],[-95,-32],[-67,-117],[-157,-5],[-125,39],[-65,-63],[-10,-76],[-110,-19],[-19,-60],[34,-85],[127,0],[27,-55],[-27,-146],[-42,-72],[-117,28],[-86,-147],[-123,25],[-44,-29],[60,-75],[17,-71],[-66,-67],[7,-39],[-91,-113],[-161,-102],[-115,29],[-77,-63],[-90,-14],[-33,-49],[-85,-31]],[[25338,59673],[-52,14],[-135,-46],[-83,28],[-68,-78],[-79,-44],[-130,-153],[-4,-69],[-90,-76]],[[24697,59249],[-143,-70],[-180,-26],[-69,36],[-212,37],[-97,-22],[-1,-36],[-157,-14],[-211,1],[-55,-89],[-78,8]],[[23494,59074],[21,82],[19,261],[38,16],[-7,73],[58,193],[-98,13],[-10,96],[-55,89],[-98,16],[-27,52],[112,84],[6,58],[-30,79],[38,64],[83,24],[12,89],[114,61],[-20,86],[-62,59],[-240,54],[-3,29],[108,50],[79,64],[51,80],[-5,68],[-118,50],[-98,-36],[-242,-27],[-13,-68],[51,-73],[-32,-72],[-110,-65],[-87,-2],[-149,-77],[-95,105],[-133,15],[-21,-102],[-103,51],[-139,15],[-55,51],[-136,-108],[-101,-51],[-103,1],[-81,103],[-118,79],[4,87],[162,90],[34,73],[-10,104],[-45,32]],[[22933,62227],[-26,38],[-141,5],[-86,62],[20,33],[121,15],[63,69],[129,65],[-5,49],[-118,45],[9,25],[323,79],[75,154],[-25,58],[117,104],[18,156],[94,-9]],[[23501,63175],[134,-32],[51,51],[101,-15],[103,105],[121,32],[-1,-71],[149,-55],[40,36],[209,-9],[154,-92],[128,-3],[102,-44],[169,192],[223,-41],[59,48],[107,-47],[55,-51],[110,29],[80,-22],[284,76],[-49,30],[-14,71],[-52,82],[210,98],[149,98],[43,56],[85,31],[160,19],[-26,-99],[163,-37]],[[26548,63611],[-1,-78],[170,-41],[130,16],[109,56],[181,-49],[73,-69],[119,-3],[32,-127],[-48,-174],[75,-30],[-18,-100],[16,-126],[-38,-94],[23,-75],[68,-32],[-2,-56],[62,-88],[43,-18],[119,43],[137,-129],[134,-57],[65,-56],[68,6],[24,-117]],[[28089,62213],[-56,-65],[21,-42],[-75,-90],[-71,-42],[-186,-29],[-56,-117],[-216,19],[0,-83]],[[18269,58345],[82,70],[54,85],[110,122],[217,-14],[186,312],[210,31],[21,37],[-179,-26],[14,166],[-269,-21],[-23,41],[-137,26],[-45,-18],[-98,18],[-25,-42],[-117,45],[59,118],[111,18],[69,61],[14,81],[-130,44],[25,62],[113,10],[51,147],[-1,60],[-121,32],[61,129],[20,114],[-53,5],[-13,103],[101,144],[44,-86],[218,-11],[68,51],[97,-7],[96,33],[-19,124],[53,23],[88,-48],[80,9],[57,61],[100,7],[-10,93],[35,67]],[[23494,59074],[-114,-17],[-31,-37],[-198,22],[-42,61],[-124,9],[-4,-164],[-121,-58],[-154,-30],[-66,29],[-141,10],[-80,109],[-239,182],[-79,-56],[-17,-113],[-71,-8],[-69,35],[-18,80],[-97,83],[-71,0],[-149,-108],[-108,-41],[-174,-8],[-193,-65],[196,-78],[98,-91],[74,12],[62,-26],[-294,-36],[133,-30],[200,6],[-12,-38],[-85,-38],[-111,43],[-6,-54],[53,-99],[-8,-120],[-96,-103]],[[22635,65264],[-160,-107],[151,-23],[-54,-74],[-142,-34],[-15,-29],[77,-138],[-32,-66],[-118,-42],[-30,-60],[95,-100],[2,-56],[-93,-85],[-104,-56],[31,-104],[-168,-118]],[[22075,64172],[-100,-48],[-22,-100],[-152,18],[-122,54],[-84,-29],[-106,10],[-36,-103],[22,-72],[-41,-47],[-119,23],[-43,-23],[-190,-24],[-141,49],[20,55],[-296,6],[-20,-24],[-118,23],[-71,-54],[-158,-10],[-192,41],[-43,-46],[25,-69],[-81,-34],[-124,-6],[-145,-32],[-86,26],[-117,8],[-106,52],[-109,2],[-160,31],[-44,-33]],[[19116,63816],[-14,37],[-184,103],[53,76],[96,44],[-62,172],[-72,20],[55,68],[2,109],[191,38],[7,110],[33,54],[99,-11],[58,62],[-7,45],[101,42],[115,-17],[36,113],[57,11],[13,78],[-76,50],[-93,-77],[-57,-17],[-110,10],[-219,-26],[-86,-30],[13,88],[-20,73],[-163,-6],[-90,-55]],[[18792,64980],[-83,48],[6,45],[75,18],[-25,82],[151,30],[129,-20],[-14,134],[142,39],[89,-7],[131,75],[139,14],[28,41],[121,-36],[82,-46],[105,-14],[47,-46],[117,11],[110,152],[96,6],[204,35],[25,67],[-34,45],[25,201],[-48,34],[30,176]],[[18025,62146],[80,28],[39,109],[115,94],[11,56],[251,-41],[134,60],[119,-42],[25,38],[148,-15],[61,269],[-113,47],[-16,33],[62,84],[97,195],[51,143],[-51,8],[81,180],[-67,75],[3,172],[-47,32],[28,69],[80,76]],[[22075,64172],[140,-63],[103,-97],[-16,-63],[173,3],[80,-41],[54,-97],[-88,-64],[-118,-16],[-40,-69],[7,-86],[56,-60],[59,-9],[40,104],[46,57],[178,70],[57,-38],[71,-86],[-58,-122],[15,-65],[57,-71],[4,-47],[-124,-69],[71,-80],[83,-22],[33,37],[15,93],[37,73],[86,2],[79,-102],[57,37],[95,-29],[70,10],[92,-42],[12,-45]],[[28456,65662],[-65,-59],[41,-137],[-118,-23],[-47,-134],[-78,-56],[-138,-183],[-59,-56],[-32,-86],[-110,-4],[-74,-94],[-42,-120],[-110,-3],[-124,-134],[-260,-191],[51,-39],[9,-89],[-88,3],[-29,-58],[85,-10],[-15,-102],[-128,-79],[-12,-97],[-111,-75],[-194,-52],[-260,-173]],[[25338,59673],[35,-106],[193,-12],[-52,-62],[-31,-111],[36,-142],[114,1],[39,-29],[80,12],[55,-35],[-29,-60],[87,-39],[20,-131],[81,26],[153,104],[-17,36],[-112,8],[22,75],[76,-22],[194,4],[114,-37],[33,-168],[-32,-121],[-49,-26],[23,-67],[77,-26],[175,111],[196,42],[53,-49],[65,-13],[-32,-89],[71,-43],[53,-113],[-3,-79],[138,-68],[103,-96],[-48,-61],[130,-80],[115,-16],[106,22],[153,-20],[157,80],[26,71],[200,41],[50,-108],[46,-19],[2,-79],[129,-6],[112,-68],[22,52],[85,24],[260,-8],[113,81],[-41,54],[11,107],[132,-8]],[[29027,58407],[130,-11],[142,-115],[88,55],[96,-43],[82,43],[66,-77],[105,-32],[-17,-58],[116,-32],[83,12],[49,117],[44,1],[63,-112],[57,-14],[34,-97]],[[30165,58044],[-103,-2],[-111,-49],[62,-88],[86,-41],[-17,-85],[79,-12],[-8,-52],[117,-57],[-15,-85],[-45,-53],[59,-155],[-110,-37],[-23,-120],[8,-56],[-263,-65]],[[29881,57087],[-184,109],[-95,85],[-68,1],[-17,-132],[-42,-58],[-134,6],[-17,132],[-25,49],[-68,33],[-130,-79],[-100,-26],[-60,8],[-130,95],[-132,25],[-115,61],[-100,119],[-88,37],[-175,-66],[-187,-114],[-115,-85],[-75,78],[-19,112],[-130,32],[-222,1],[-7,-55],[-120,-9],[22,51],[-38,72],[-80,9],[-96,40],[-11,64],[-321,70],[-113,-9],[-140,31],[-151,-43],[-108,18],[-52,29],[-192,34],[-151,-44],[-57,61],[-92,-28],[-70,35],[-25,66],[-111,5],[-30,41],[-74,7],[-79,-78],[-98,25]],[[25259,57902],[-33,149],[49,16],[-5,103],[-41,50],[-308,-12],[26,148],[-111,90],[27,65],[118,0],[8,45],[-47,57],[68,63],[-6,53],[-78,38],[-28,-78],[-51,13],[-64,90],[-67,29],[-2,161],[47,65],[-7,51],[30,91],[-87,60]],[[35008,53329],[-31,49],[-117,-7],[-42,79],[-91,24],[-114,173],[-121,101],[42,44],[24,180],[48,74],[-44,94],[-106,3],[-39,64],[-12,80],[106,67],[17,45],[121,57],[-1,46],[-146,75],[-9,82],[-33,37],[-101,-16],[-148,-72],[-102,-14],[-39,50],[96,68],[6,41],[-172,38],[-97,43],[-112,103],[150,37],[155,-7],[135,-21],[245,-2],[30,51],[-36,105],[-132,143],[-242,155],[-89,38],[-154,20],[-107,33],[227,92],[85,19],[141,137]],[[34199,55737],[47,0],[95,178],[67,20],[51,64],[49,-13],[73,37],[-110,45],[97,55],[-76,121],[37,64],[-82,81],[-3,76],[-77,45],[9,99],[-72,12],[35,94],[-46,133],[-72,1],[-9,101],[-75,41],[-31,65],[-74,40],[14,84],[43,40],[153,56],[73,131],[-8,83],[-100,41],[20,167],[-148,80],[92,116],[87,9],[35,51],[-7,69]],[[34286,58023],[77,17],[341,-253],[70,-30],[133,57],[87,-44],[295,-108],[260,-190],[219,-96]],[[35768,57376],[76,-45],[-97,-48],[-5,-53],[52,-139],[-13,-80],[104,29],[185,27],[98,-61],[-18,-47],[77,-91],[59,-131],[75,-5],[323,-132]],[[29713,62023],[48,-44],[98,-40],[-80,-74],[-6,-65],[152,-66],[196,28],[162,-59],[-57,-54],[15,-64],[71,1],[50,-83],[-109,-136],[44,-24],[-57,-212],[110,-56],[-13,-142],[86,-32],[9,-90],[-67,-34],[-42,-115],[-3,-95],[87,-6],[55,63],[167,-10],[5,60],[62,121],[113,-3],[11,84],[117,-27],[5,-35],[145,-47],[-24,-45],[88,-125],[-44,-31],[-52,-164],[-82,-28],[19,-61],[-212,-2],[21,-66],[132,-56],[121,40],[69,-10],[188,30],[42,37],[115,-84],[3,-84],[-95,-75],[-134,2],[-4,-88]],[[31238,59957],[-220,18],[-132,32],[-106,-2],[-31,-38],[-91,-2],[13,-169],[-60,-67],[-138,-36],[-136,129],[50,73],[-151,142],[-64,-24],[20,-140],[-96,-31],[-70,-80],[-21,-100],[14,-66],[-29,-36],[-82,32],[-61,-33],[-9,-74],[-49,-55],[37,-28],[-76,-121],[103,-64],[-49,-188],[183,-28],[32,-20],[-69,-70],[-146,-43],[1,-54],[75,-61],[-187,-89],[-38,50],[-25,240],[-75,29],[-117,-29],[-75,79],[-139,78]],[[29224,59111],[-28,20],[-224,50],[77,135],[-111,49],[-80,67],[-77,28],[64,47],[95,7],[-31,210],[-64,46],[-123,12],[0,46],[-238,112],[-84,50],[78,21],[19,87],[-87,57],[-262,48],[58,136],[122,40],[116,113],[-11,107],[262,106],[18,45],[220,-67],[98,67],[26,85],[97,13],[110,71],[148,-66],[177,214],[34,124],[-112,35],[-11,26],[69,73],[-96,108],[2,60],[-85,30],[-22,51],[48,106],[-47,10],[-17,112],[-79,-12],[-23,64],[33,71],[153,143]],[[29436,62068],[242,-72],[35,27]],[[28089,62213],[338,-29],[85,49],[71,-33],[153,-25],[106,8],[160,76],[78,5],[153,-86],[89,-10],[92,-48],[22,-52]],[[29224,59111],[-28,-38],[-108,-23],[-55,-148],[-104,-15],[46,-130],[60,2],[70,-65],[-26,-70],[15,-97],[-116,-66],[49,-54]],[[31238,59957],[6,-85],[40,-91],[43,-19],[161,27],[228,-43],[-14,43],[29,88],[-16,45],[58,44],[134,-17],[36,-24],[90,16],[158,-241],[75,-8]],[[32266,59692],[25,-27],[146,-8],[79,-48],[23,-67],[-43,-42],[-105,-4],[-50,-47],[23,-102],[43,-44],[120,-40],[150,4],[61,-35],[23,-87],[-46,-29],[-120,40],[-73,1],[-18,-57],[40,-59],[85,-21],[-18,-51],[-91,3],[-83,-40],[-16,-59],[109,-32],[23,-72]],[[32553,58769],[-87,-9],[-73,-48],[-61,-2],[-79,-92],[-53,17],[-98,-60],[-111,43],[-7,41],[-79,50],[-30,-36],[-95,-9],[-45,-63],[-87,5],[-20,-80],[-102,-42],[-84,30],[-110,10],[-5,33],[-132,13],[-101,-101],[-112,55],[-76,61],[-39,-43],[12,-69],[-42,-90],[-61,9],[-91,-65],[117,-84],[59,-86],[-35,-91],[-40,-35],[-36,-98],[-193,-48],[-138,21],[-101,-15],[-58,-41],[-91,77],[-4,117]],[[25259,57902],[-178,-25],[-135,5],[-80,-125],[-102,1],[-43,-66],[-148,-43],[-87,22],[-34,-30],[-108,21],[-161,-15],[12,-238],[-14,-216],[22,-213],[69,-12],[-5,-99],[-50,-143],[69,1],[-19,-163],[9,-125],[-52,-266],[94,-212],[18,-147]],[[29881,57087],[57,-62],[59,-263],[54,12],[136,-75],[15,-72],[-71,-23],[-5,-62],[-47,-99],[-207,-13],[95,-97]],[[29967,56333],[-165,-171],[77,-40],[41,-75],[40,-210],[-35,-150],[20,-117],[-142,-78],[-169,-217],[-239,-264],[-64,-130]],[[32553,58769],[9,-78],[65,-51],[99,-42],[134,-103],[90,24],[56,52],[122,-14],[137,-63],[19,-55],[-34,-65],[-100,33],[-7,-73],[53,-55],[141,-43],[47,59],[225,-16],[32,-52],[78,-40],[110,0],[168,-87],[289,-77]],[[34199,55737],[-41,23],[-269,24],[-158,-3],[-190,44],[-168,16],[-126,35],[-108,-9],[-168,8],[-136,-28],[-118,-72],[-176,-84],[-91,3],[-47,49],[11,100],[-91,18],[-95,-39],[-239,-40],[-107,15],[-97,109],[-174,36],[-34,-47],[-155,-83],[-22,-48],[-62,-19],[-15,104],[-58,43],[-63,-60],[-131,-4],[-130,18],[20,102],[104,15],[-13,40],[-88,29],[-99,80],[-120,13],[-39,54],[-10,73],[-71,2],[-15,47],[-114,-25],[-61,59],[-103,4],[-28,-114],[-114,-94],[-59,3],[-146,69],[45,101],[-63,29]],[[15553,60040],[33,143]],[[15586,60183],[180,69],[25,26],[224,-14],[138,121],[160,-33],[39,-36],[202,-18],[2,-29],[150,-31],[144,5],[179,39],[-1,65],[129,-60],[76,-7],[104,-60],[151,-31],[-18,133],[33,52],[145,6],[42,154],[115,-7],[41,174],[-11,83],[-51,31],[41,90],[-132,18],[4,102],[111,57],[116,14],[189,-12],[119,133],[25,62],[-20,148]],[[18792,64980],[-102,-59],[-147,-12],[-71,16],[-36,86],[-71,2],[-107,-62],[-152,-22],[-68,-44]],[[18038,64885],[-133,11],[-105,42],[-69,-2],[4,63],[-126,-10],[-159,60],[-94,15],[-8,55],[-216,65],[-209,-36],[-18,-69],[-113,-8],[-187,80],[-5,53],[-124,9],[-125,-65],[-136,-1],[-186,30],[-74,-27],[-115,72],[-80,-85],[36,-47],[-64,-67],[-11,-78],[54,-33],[-17,-82],[-121,-6],[-224,-53],[26,138],[2,95],[-89,43],[-25,42],[-201,18]],[[15126,65107],[-55,58],[11,37],[-69,83],[33,110],[-22,34],[-104,14],[63,156],[34,10],[31,156],[-127,6],[-233,112],[125,94],[-12,82],[-199,90],[64,85],[-59,103],[-79,10],[-97,72],[-80,-1],[-132,45],[8,101],[122,29],[-24,79],[32,79],[-13,42],[12,135]],[[15586,60183],[68,319],[31,84],[-10,79],[-39,55],[-3,122],[-105,232],[-201,269],[-187,88],[-210,143],[-194,53],[-311,8],[-137,-13]],[[14288,61622],[-80,265],[-72,193],[84,122],[-110,12],[-1,67],[67,41],[-81,51],[34,60],[80,-42],[107,10],[50,-53],[134,-65],[126,19],[99,-34],[169,15]],[[14894,62283],[9,-43],[82,-18],[18,-98],[78,4],[66,57],[72,-73],[73,1],[-4,-86],[180,-33],[1,-55],[207,-12],[111,74],[-14,34],[95,64],[-58,77],[5,50],[118,64],[-29,53],[-187,27],[32,57],[124,18],[136,-53],[91,19],[118,-3],[119,81],[-10,-107],[78,-3],[17,83],[57,2],[-6,81],[78,51],[25,-70],[21,-200],[64,-20],[10,-56],[134,-42],[-31,-125],[78,-65],[65,30],[106,-54],[50,65],[91,49],[222,-46],[-26,80],[63,116],[83,11],[29,-62],[156,18],[45,-17],[46,-153],[135,-32]],[[18038,64885],[-11,-97],[-33,-7],[-167,-167],[24,-86],[95,-12],[54,-153],[-169,-123],[-81,-33],[25,-63],[173,-38],[-11,-60],[250,-5],[48,-84],[-58,-60],[-17,-114],[-113,-7],[-3,-43],[-89,-34],[-90,20],[-134,-71],[-96,116],[-76,-26],[-230,11],[-114,-25],[-48,-86],[-197,18],[-54,-110],[38,-102],[73,-23],[69,-67],[-5,-92],[-59,-33],[-13,-53],[-89,-53],[-146,24],[-177,-18],[-27,-61],[-189,16],[-57,-16],[-8,-70],[-69,-5],[-8,101],[-114,-10],[-116,127],[-148,11],[-56,-99],[-163,-11],[-63,-97],[52,-73],[-181,-4],[23,-71],[-14,-114],[-83,5],[-1,44],[-142,96],[-90,20],[-16,50],[-123,17]],[[15014,62985],[0,52],[56,47],[-6,67],[-113,-9],[-121,41],[53,103],[83,-8],[-13,151],[-31,53],[-139,10],[-10,43],[-96,46],[-5,70],[72,26],[14,73],[-73,12],[-177,109],[-81,16],[-214,-3],[-110,-43],[-34,72],[86,27],[53,187],[18,136],[90,42],[-18,48],[50,70],[-21,108],[-42,7],[34,107],[-62,7],[16,82],[87,2],[106,-84],[61,14],[25,105],[-30,52],[-162,-17],[8,70]],[[14368,64876],[62,40],[53,-15],[106,50],[113,-28],[67,39],[57,74],[59,-5],[24,64],[137,-25],[80,37]],[[8360,66386],[22,-33],[95,-18],[10,-71],[134,-69],[99,55],[176,73],[177,-50],[100,32],[-4,-56],[38,-86],[60,-5],[74,64],[96,34],[60,-44],[125,-25],[8,-53],[-108,6],[12,-94],[141,-54],[26,-35],[108,-33],[71,-70],[204,-98],[99,-83],[124,-23],[51,-66],[97,7],[44,28],[76,-87],[103,4],[60,24],[63,-69],[86,33],[132,-26],[80,32],[35,52],[133,-14],[40,-26],[-87,-183],[-35,-10],[78,-156],[54,-1],[52,75],[121,-14],[60,-44],[77,-14],[5,-103],[-142,-78],[-38,-95],[-85,12],[-138,-8],[43,-132],[-8,-43],[82,-59],[11,-111]],[[11357,64578],[-147,14],[-42,-100],[-90,33],[-76,-49],[-170,79],[-32,61],[39,108],[-22,30],[-103,3],[-78,-119],[70,-130],[-6,-97],[96,-39],[44,-50],[87,-19],[-41,-46],[-142,9],[-82,-24],[44,-65],[118,-40],[-5,-37],[134,-68],[86,61],[78,-9],[135,-59],[-88,-80],[66,-176],[-21,-186],[-137,18],[-62,-28],[-2,-49],[-68,-13],[-58,40],[-50,-60],[26,-42],[-16,-82],[77,-61],[10,-102],[76,-65],[-37,-92],[-177,-24],[23,-76],[-6,-76],[-100,-93],[-93,23],[-50,53],[-60,-10],[-162,37],[-92,37],[-58,-9],[-90,-78],[-54,-105],[58,-49],[-9,-50],[-189,-75],[-40,-125]],[[9869,62427],[-110,43],[-163,95],[-206,95],[-271,78],[-100,11],[-213,-38],[-149,-75],[-466,-80],[-251,39],[-215,-20],[-255,12],[-248,41],[-202,64],[-165,78],[-94,80],[-169,100],[-117,103],[-404,241]],[[14368,64876],[-81,22],[-111,-45],[-102,-83],[-36,-60],[-157,-57],[-141,-21],[-76,-37],[-48,-57],[43,-163],[-99,-87],[-162,63],[-64,57],[-136,36],[-78,-33],[-36,42],[-93,8],[7,-76],[-156,21],[-59,90],[-72,14],[-82,-40],[-240,55],[-121,0],[-61,119]],[[12207,64644],[20,191],[43,73],[-152,40],[-39,79],[59,52],[23,140],[-9,86],[83,6],[112,67],[14,102],[77,34],[86,109],[-9,30],[62,98],[-59,23],[28,76],[-86,47],[-67,82],[57,23],[-7,77],[86,41],[23,59],[-30,45],[2,95],[32,98],[-49,29],[-6,62],[131,80],[100,112],[155,-61],[154,-22],[38,-40],[148,-42],[57,27],[-4,104],[-67,62],[-4,85],[95,54]],[[14288,61622],[-351,-13],[-135,-151],[-47,-1],[-47,95],[-299,-69],[-32,20],[-95,-44],[-103,170],[-157,-11],[-199,5],[-19,-68],[-140,-4],[-244,54],[-19,167],[-340,39],[-83,-1],[-36,-91],[-77,-99],[-144,-340],[-55,37],[-81,129],[-214,288],[-255,366],[-18,12],[-195,-31],[-199,-2],[-203,152],[-75,35],[-213,25],[-344,136]],[[11357,64578],[48,-13],[-32,-80],[33,-77],[156,32],[78,50],[99,-13],[-72,101],[76,27],[110,-8],[10,-66],[127,-25],[120,58],[36,91],[61,-11]],[[15014,62985],[-90,-9],[12,-91],[-62,-15],[-12,-135],[-56,-32],[43,-59],[-29,-39],[-4,-109],[24,-66],[68,-41],[-14,-106]],[[12454,63308],[46,-32],[-65,-143],[58,-45],[-54,-99],[144,-27],[-22,-47],[-77,8],[-27,-67],[-60,-46],[-30,-82],[-116,-12],[-15,78],[-60,-1],[-54,-62],[-92,21],[-44,151],[21,64],[-118,34],[-31,34],[-124,12],[-80,-178],[-25,-85],[-110,-30],[-64,21],[-37,-100],[82,-8],[22,-41],[148,13],[94,-33],[-38,-66],[88,-16],[39,-50],[151,-77],[149,8],[355,1],[122,-17],[372,-27],[19,-18],[215,-27],[197,-44],[66,-32],[236,-50],[49,141],[45,56],[111,76],[127,-10],[15,30],[-48,71],[-60,16],[31,57],[-28,83],[-49,19],[-38,118],[-99,52],[-8,-55],[-89,1],[-278,42],[-149,-106],[-92,10],[-30,38],[-92,41],[190,95],[86,96],[-30,64],[38,34],[-90,71],[-172,42],[-29,-56],[-122,7],[-63,56],[-126,-48],[-170,58],[-111,18]],[[38194,60957],[-265,71],[-240,115],[-182,19],[-9,-101],[-162,-48],[-16,-74],[-139,-88],[-53,-76],[-282,-42],[8,-46],[-377,-35],[-135,-104],[-63,38],[-84,-159],[-116,-1],[-56,-65],[125,-131]],[[36148,60230],[-77,-56],[-81,-5],[-72,32],[-42,66],[-86,16],[-80,-50],[-124,39],[-169,20],[-124,-2],[4,-63],[-54,-91],[-37,3],[-75,-72],[80,-14],[-23,-83],[-121,-2],[13,165],[-64,11],[-1,95],[-231,5],[-38,13],[-19,110],[-128,18],[-102,-34]],[[34497,60351],[-55,39],[39,79],[-34,53],[-41,207],[55,117],[112,70],[94,-51],[117,37],[29,87],[4,102],[-44,14],[60,130],[99,-36],[3,69],[-88,-4],[-92,66],[11,151]],[[34766,61481],[226,-67],[84,-10],[58,149],[132,31],[11,103],[-79,8],[63,165],[58,-5],[92,62],[47,-28],[139,72],[50,50],[61,-89],[80,56],[56,69],[180,89],[95,79],[-122,139],[-7,73],[127,83]],[[36117,62510],[135,-61],[93,138],[124,28],[79,-6],[135,24],[74,-65],[111,108],[84,-33],[113,-73],[-19,-287],[133,4],[28,115],[6,181],[159,-79],[114,28],[90,-9]],[[35768,57376],[80,65],[75,32],[31,68],[-19,37],[129,62],[39,-15],[95,51],[100,-22],[110,54],[20,46],[-22,110],[94,-7],[6,-92],[106,-5],[81,69],[69,131],[287,-9],[79,93],[11,69],[106,62],[249,-48],[109,134],[-223,65],[-95,48],[-183,62],[-3,-72],[-82,34],[64,47],[-85,109],[-162,-7],[-146,40],[-77,39],[-126,111],[87,143],[67,73],[119,0],[15,74],[-28,119],[119,-4],[-16,175],[-156,77],[-34,54],[12,103],[-94,16],[-38,43],[17,71],[-79,20],[-34,108],[29,31],[-109,96],[55,105],[-51,66],[-184,51],[-34,72]],[[34766,61481],[-96,106],[-46,153],[-64,138],[47,72],[-89,30],[-55,195],[34,46],[-65,61],[-17,155],[116,50],[13,169],[-81,-34],[-36,-85],[-114,65],[5,52],[-139,64],[-101,73],[-88,-33],[-4,79],[-94,109],[-60,10],[-134,94],[143,168],[-36,122]],[[33805,63340],[171,-12],[69,10],[12,80],[128,-16],[35,50],[-145,74],[-23,130],[195,61],[-96,88],[-207,23],[11,64],[163,1],[129,-46],[54,-95],[171,61]],[[34472,63813],[61,-28],[69,39],[103,15],[-2,-98],[-134,-25],[9,-61],[157,-31],[-56,-83],[-48,77],[-100,-69],[66,-69],[-107,-63],[103,-42],[-53,-79],[14,-99],[79,-25],[141,-5],[30,80],[276,-23],[-25,51],[79,30],[-12,44],[58,34],[114,-20],[49,130],[87,-98],[70,-43],[4,-115],[332,-14],[18,-44],[-64,-52],[159,-16],[21,-42],[-94,-46],[15,-184],[-34,-101],[171,-84],[80,7],[55,-61],[-46,-90]],[[36664,69316],[87,-29],[147,-96],[104,-19],[47,-66],[5,-78],[113,124],[-27,45],[59,55],[324,-132],[284,105],[154,-99],[52,-85],[18,-83],[-27,-131],[-89,-77],[109,-41],[140,-28],[26,-58],[-54,-70],[-17,-78],[-73,-22],[-153,1],[-83,-33],[25,-117],[74,-24],[40,-82],[74,-41],[26,-71],[79,24],[118,-38],[-19,-45],[-78,-60],[44,-83],[-14,-87],[131,-15],[55,-48],[-13,-84],[-180,-95],[-129,-33],[44,-78],[-5,-127],[-25,-173],[-9,-197],[48,-144],[-228,-46],[-159,-4],[-57,-167],[84,-101],[52,-123],[139,-86]],[[37927,66276],[-300,-54],[-97,1],[-41,86],[-314,-7],[-102,-100],[-32,-100],[24,-55],[116,-103],[-31,-34],[-337,22],[31,54],[-30,33],[37,106],[-57,99],[-115,10],[-32,-70],[-131,23],[-129,4],[-43,-78],[-108,-7],[-73,-80],[-84,-6],[-96,-145],[-25,-105],[101,-120],[-33,-56],[26,-48],[-54,-38],[-184,-1],[19,92],[-63,27],[-106,5],[-22,65],[-120,15],[29,192],[-15,59],[-119,111],[-44,-34],[-162,-25],[-29,17],[-2,145],[80,71],[-143,124],[-56,15],[-107,-48],[-92,31],[-130,-21],[-50,79],[-92,21],[-124,81],[-50,-26],[-173,59],[-126,-38],[-9,-56]],[[34134,65732],[61,-1],[224,-83],[-56,-42],[57,-67],[-242,6],[-74,-53],[-14,-53],[112,-61],[-46,-102],[-76,-3],[-23,-54],[16,-71],[-26,-170],[130,-16],[44,-91],[84,-110],[91,-57],[11,-66],[-6,-175],[142,-27],[-80,-43],[-89,2],[-45,-47],[28,-72],[203,-182],[-9,-37],[-116,-72],[-17,-64],[80,-79],[-26,-29]],[[33805,63340],[-196,48],[-71,-16],[-7,103],[-69,57],[-78,-3],[-9,56],[-146,-23],[-43,46],[-109,27],[-19,38],[-161,-46],[-186,-15],[-54,-58],[-105,-33],[61,-60],[-5,-60],[-61,1],[-65,-64],[-52,58],[-166,17],[-30,-102],[4,-68],[-71,-45],[-111,16],[8,257],[121,-13],[14,132],[-53,38],[-233,-25],[-26,-44],[-83,26],[-67,-56],[-183,-38],[-6,-64],[-54,-79],[-51,-21],[-69,69],[-114,33],[-259,-1],[-58,-39],[-259,21],[-141,30]],[[30543,63440],[73,44],[-7,117],[-68,39],[9,41],[143,119],[-3,60],[-69,19],[35,66],[0,92],[76,-1],[67,125],[143,-15],[21,154],[-8,55],[-122,-20],[-1,-52],[-131,-69],[-270,5],[-18,101],[-368,23],[67,59],[4,73],[143,104],[-6,67],[60,21],[-73,83],[-36,95],[-179,198],[-137,15],[-4,81],[-79,1],[-7,202],[-41,30],[-185,-9],[55,68],[34,129]],[[32266,59692],[-3,61],[133,39],[76,73],[-52,68],[-56,30],[-61,84],[-44,23],[27,79],[116,134],[46,14],[49,73],[159,-30],[39,52],[119,-30],[58,33],[8,49],[139,-19],[20,25],[-109,94],[38,37],[87,-39],[221,-7],[147,99],[370,-56],[153,130],[44,121],[42,-5],[-22,-116],[-81,-66],[-5,-76],[32,-39],[-8,-74],[89,36],[52,-47],[87,2],[0,-107],[89,-25],[70,-46],[162,85]],[[37927,66276],[55,-94],[32,-158],[110,-61],[-3,-46]],[[30543,63440],[-59,-16],[-191,-106],[124,-94],[83,-29],[17,-97],[-25,-60],[-219,-77],[-234,6],[-25,-92],[155,-66],[182,-19],[87,18],[-52,-98],[-206,-67],[15,-50],[232,-65],[-60,-77],[-111,-21],[-134,2],[-73,-67],[146,-142],[-21,-47],[-84,-69],[-226,77],[-124,-152],[-27,-9]],[[49806,27629],[-63,-97],[-70,-158],[47,-32],[141,-5],[-40,-81],[63,-42],[106,22],[96,-72],[134,-46],[115,24],[29,-32],[-27,-64],[45,-77],[-40,-33],[18,-61],[81,-35],[-133,-116],[-22,-37],[-181,-5],[22,-61],[112,-86],[100,2],[112,30],[57,52],[126,-64],[-23,-82],[-106,-69],[-112,-96],[-133,27],[-175,-116],[-128,-62],[-100,-129],[-27,-109],[54,-159],[-36,-148],[9,-75],[115,-48],[33,-53],[-62,-133],[1,-68],[94,-91]],[[50038,25144],[-71,-14],[-81,31],[-109,-32],[-12,-85],[24,-93],[-54,-68],[-15,-206],[-94,41],[-12,84],[-165,5],[-130,-23],[75,-80],[0,-41],[-118,-29],[-164,-78],[-243,-30],[-52,-40],[-14,-112],[-63,-49],[-129,37],[-31,-59],[194,-48],[57,-47],[-49,-29],[-142,-28],[-18,-53],[53,-88],[-36,-80],[-128,-98],[-79,-80],[-123,-9],[-80,33],[-127,4],[-87,-33],[-115,-151],[-71,71],[-91,27],[63,69],[-39,31],[-394,-8],[-58,12],[10,74],[205,20],[216,67],[26,44],[-357,1],[-13,33],[127,85],[46,48],[105,57],[-42,33],[-198,40],[-80,-30],[-73,17],[-38,80],[-72,72],[-161,-20],[-75,78],[142,109],[-77,59],[-18,57],[-78,17],[-45,43],[-60,-3],[-289,-110]],[[46511,24669],[-29,55],[-71,-13],[-10,-81],[-38,-68],[-6,-77],[-55,-40],[-50,48],[-165,62],[-72,68],[-104,70],[-52,84],[-26,85],[-124,117]],[[45709,24979],[28,22],[130,220],[106,114],[91,37],[137,0],[208,-59],[114,-48],[258,-48],[160,11],[144,67],[95,124],[50,103],[38,135],[63,308],[68,146],[244,303],[18,51],[-16,75],[-123,190],[-120,115]],[[47402,26845],[134,115],[68,103],[-137,42],[-29,88],[248,67],[41,145],[111,109],[24,96],[44,38],[245,-34],[160,41],[115,13],[179,-143],[98,38],[10,46],[118,-54],[-32,-104],[-42,-35],[14,-59],[-105,-18],[59,-67],[18,-100],[43,-21],[88,54],[-85,53],[34,55],[173,35],[79,-19],[77,53],[80,98],[257,82],[188,22],[129,45]],[[44592,29019],[82,-136],[166,-224],[78,-155],[22,-157],[-27,-132],[-97,-198],[-105,-115],[-142,-108],[-139,-129],[-51,-79],[-20,-77],[-30,-304],[-91,-190],[-101,-68]],[[44137,26947],[-293,-125],[-141,-42],[-422,-72],[-157,-79],[-53,-78],[51,-113]],[[43122,26438],[-176,-65],[-173,118],[-17,44],[168,27],[49,29],[-69,104],[168,55],[51,148],[74,98],[-116,-20],[-32,-46],[-191,10],[-35,-58],[-66,-23],[-29,-69],[-229,-105],[-66,90]],[[42433,26775],[68,45],[112,-4],[-63,120],[-6,152],[75,-12],[240,1],[142,14],[11,103],[38,95],[52,62],[114,212],[-5,38],[-92,79],[-73,168],[9,62],[88,142],[-19,74],[149,92],[-10,90],[44,32],[135,-23],[27,16],[9,143],[36,83],[169,-66],[67,-2],[39,49],[-10,134],[-89,126],[31,66]],[[43721,28866],[56,1],[116,90],[81,26],[124,-50],[63,39],[100,183],[39,4],[106,-84],[122,-49],[64,-7]],[[45709,24979],[-180,-126],[-289,-171],[-166,-117],[-222,-138],[-97,-44],[-236,-169],[-149,-247],[-108,-161],[-42,-101],[-70,-101],[-112,-226],[-2,-61],[44,-255],[-40,-131],[-65,-72],[-88,-34]],[[43887,22825],[-77,9],[-312,87],[-214,-2],[2,155],[-88,23],[-469,-63],[-130,8]],[[42599,23042],[-19,136],[-148,85],[-16,85],[-48,36],[-44,125],[-37,29],[-67,162],[-33,226],[44,109],[167,108],[94,30],[252,58],[161,83],[132,105],[84,94],[77,173],[-5,85],[-77,379],[7,189],[53,126],[98,126],[89,65],[226,100],[513,242],[-5,70],[-98,108],[-88,27],[-239,20],[-219,51],[-211,87],[-120,77]],[[44137,26947],[128,-50],[45,-50],[72,-23],[121,27],[112,48],[102,8],[133,-41],[120,17],[38,102],[49,305],[144,43],[246,-57],[212,7],[286,-1],[28,55],[88,68]],[[46061,27405],[241,-80],[266,-165],[319,-63],[131,-54],[119,-75],[106,40]],[[47243,27008],[159,-163]],[[44592,29019],[68,4],[16,53],[76,80],[158,93],[125,50],[109,91],[123,195],[78,91],[121,108],[151,170],[154,148],[372,229],[267,142],[19,31],[5,197],[-33,122],[17,98],[89,153],[151,147]],[[46658,31221],[53,-5]],[[46711,31216],[146,-24],[136,0],[115,-32],[166,-10],[16,53],[154,20],[78,53],[142,33],[173,-5],[52,-44],[-50,-48],[-17,-65],[-218,-165],[40,-158]],[[47644,30824],[-81,-97],[-111,-20],[-20,-43],[51,-108],[-59,-45],[-56,-108],[-134,-116],[-36,-99],[-167,5],[-118,-24],[-91,-58],[12,-86],[-44,-72],[-109,-73],[-52,-79],[5,-110],[-25,-66],[6,-275],[-114,-26],[-35,-29],[41,-63],[10,-108],[-58,-146],[-44,-52],[-153,4],[-81,-39],[111,-96],[34,-150],[-132,76],[-362,39],[-107,98],[-139,36],[21,-120],[218,-107],[26,-110],[173,17],[-3,-83],[37,-70],[-68,-60],[-113,42],[-86,8],[-44,-100],[9,-142],[-43,-150],[86,-133],[27,-123],[158,-106],[-59,-90],[99,-69],[37,-93]],[[40282,25915],[347,6],[328,-4],[158,32],[157,98],[83,155],[71,-4],[121,-61],[129,-35],[57,40],[-32,156],[108,50],[62,72],[76,37],[-25,72],[-71,96],[-32,101],[13,185],[69,-46],[51,-119],[133,-105],[119,89],[29,-1],[60,-99],[105,-14],[35,159]],[[42599,23042],[-322,-36],[-124,-91],[-234,-96],[-264,-57],[-275,-10],[-390,0],[-289,-8]],[[46511,24669],[1,-50],[57,-98],[-39,-79],[13,-69],[58,-35],[82,-103],[89,17],[53,79],[53,-36],[-60,-124],[290,-72],[10,-19],[-136,-78],[94,-184],[-15,-55],[-195,39],[-7,-39],[82,-68],[11,-56],[-95,-7],[-268,36],[-179,11],[-2,-56],[158,-125],[-6,-40],[-159,-94],[12,-53],[124,-73],[167,-174],[0,-72],[-290,-51],[-137,0],[-175,98],[-111,-25],[-277,-257],[-102,-68],[-67,-73],[-7,-134],[26,-49],[183,-203],[7,-83],[-94,-44],[-137,-7],[-246,19],[-154,-35],[-33,-59],[-9,-86],[54,-234],[-93,-142],[-197,-247],[-21,-39],[-141,-371],[-103,-140],[-266,-9]],[[44314,20753],[-379,26],[-440,42],[-263,78],[-127,49],[-88,56],[-97,127],[-88,155],[-39,232],[0,198],[29,197],[98,317],[185,267],[196,113],[390,126],[196,89]],[[45700,40610],[192,-68],[105,-3],[12,52],[80,-16],[97,10],[61,49],[160,33],[136,-27],[25,-55],[79,-13],[15,-91],[71,7],[-64,-121],[-65,4],[-33,-68],[87,-37],[-37,-98],[70,-20],[-44,-57],[-30,-94],[56,-68],[0,-93],[-127,-17],[11,-133],[103,-13],[39,-73],[66,-44],[-45,-133],[36,-42],[26,-142],[53,-77],[58,15],[145,-24],[137,-77],[-28,-57],[37,-58],[-169,-218],[138,-63],[5,-42],[167,24],[33,-120]],[[47358,38542],[-83,13],[-36,-148],[-153,-36],[-25,-101],[-70,-16],[-124,39],[-28,35],[-117,5],[-16,-57],[-200,93],[-93,14],[54,116],[-163,0],[-320,40],[-92,36],[-122,-35],[-78,-4],[-33,-41],[-78,5],[-347,-5],[-397,39],[-10,-25],[-173,30],[-393,30],[-67,-19],[-144,27],[19,73],[-229,32],[-11,51]],[[50323,38546],[25,-197],[-40,-125],[-62,-108],[-76,-86],[-109,-75],[4,-123],[24,-132],[73,-159],[81,-118],[108,-112],[-57,-157],[-77,42],[-153,-43],[52,-78],[14,-81],[200,-212],[-29,-73]],[[50301,36709],[-7,-40],[96,-96],[123,-192],[94,-36],[119,-219],[-25,-123],[-95,-155],[-28,-70],[-84,26],[-77,75],[-179,111],[-109,40],[-206,-26],[-246,50],[-96,38],[7,-77],[-59,-64],[-305,-6],[-29,-126]],[[49195,35819],[-98,-7],[-15,-44]],[[49082,35768],[-94,-106],[-91,47],[-133,-42],[-56,-66],[-83,-13],[-202,-121]],[[48423,35467],[-108,51],[16,80],[-101,77],[-106,121],[-175,-7]],[[47949,35789],[-31,52],[-63,29],[29,49],[117,11],[-44,80],[64,107],[17,88],[160,176],[10,195],[-112,80],[-101,44],[134,101],[159,169],[116,144],[84,123],[19,67],[88,118],[60,125],[13,62],[90,119],[92,90],[95,148]],[[48945,37966],[77,138],[56,71],[67,41],[-4,168],[64,111],[181,134],[63,62],[166,52],[59,-1],[164,-90],[131,-198],[95,-72],[111,100],[148,64]],[[46711,31216],[201,251]],[[46912,31467],[102,94],[107,62],[233,47],[180,49],[169,129],[153,60],[119,5],[137,65],[108,71],[111,118],[84,68],[79,28],[66,-32],[67,42],[43,129],[-3,50],[-96,39],[12,41],[120,68],[120,24],[170,-27],[78,-72],[62,10],[75,96],[39,85],[14,118],[132,-48],[95,64],[179,61],[124,-16],[55,30],[-167,144],[-16,85],[-66,23],[-11,108],[23,32],[115,18],[227,-7],[72,118],[32,3],[160,-88],[135,-151],[66,-44],[157,-64],[116,-32],[136,19],[36,43],[0,68],[-98,172],[-323,151],[-119,83],[-151,17],[-189,-2],[-16,26],[117,114],[75,93],[53,-13],[102,-70],[116,-30]],[[50428,33741],[174,-4],[93,31],[183,129],[289,-93],[65,62],[12,90],[-70,128],[2,127],[78,197],[59,7],[56,-60],[190,-96],[129,-80],[150,-173],[66,-20],[60,22],[10,175],[-46,129],[77,20],[115,-26],[129,-54],[17,-59],[-81,-80],[68,-68],[147,6],[108,22],[74,38],[111,3],[106,59],[131,-5],[8,-121],[-49,-98],[6,-39],[181,-15],[67,-104],[269,-128],[240,-105],[104,-30],[183,2],[42,-12]],[[53981,33518],[161,-52],[373,-251],[29,-78]],[[54544,33137],[-313,-7],[-77,-66],[-9,-74],[-44,-42],[51,-69],[88,-40],[64,-61],[6,-105],[-219,-83],[-81,-18],[-229,-11],[-111,-57],[17,-72],[100,-15],[177,17],[39,-66],[-84,-73],[-142,-88],[-44,-64],[-119,-34],[-83,18],[-15,145],[-29,59],[-62,14],[-93,-29],[-76,-91],[-104,-62],[-263,-69],[-176,-16],[-160,70],[-122,-33],[-286,-293],[-111,-186],[-20,-94],[83,-221],[-227,-340],[-92,-57]],[[51778,30924],[-151,182],[-166,111],[-184,70],[-207,29],[-213,103],[-130,86],[-164,88],[-143,10],[-38,-51],[-46,-128],[-184,-7],[-22,-147],[-140,-95],[16,-46],[-108,-69],[-104,-17],[-92,35],[-110,94],[7,40],[-132,70],[-116,-4],[-75,-120]],[[49276,31158],[-195,40],[-72,-11],[-42,-129],[-108,17],[-292,10],[6,83],[-92,-49],[-125,-160],[-106,-40],[-109,34],[-155,-65],[-118,-8],[-106,-40],[-118,-16]],[[46886,36314],[-203,-1],[24,-73],[-87,-16],[-110,-83],[-32,-155],[130,-19],[-32,-64],[-93,-35],[-25,-44],[-87,17],[22,-95]],[[46393,35746],[-84,-11],[-21,-82],[-120,12],[-35,62],[39,120],[-176,23],[-112,52],[-43,-36],[18,-68],[-126,23],[-65,-8],[-45,74],[18,82],[-104,27],[-93,-33],[-35,52],[-173,22],[6,58],[-111,46],[-188,13],[-42,-60],[-174,33],[55,101],[-226,45],[-117,-21],[-55,15],[-108,-25],[-139,137],[-50,149],[-112,89],[-273,76]],[[43702,36713],[93,43],[-79,104],[36,10],[45,124],[-111,-7],[-139,-50],[-108,-76],[-79,-24],[-110,12],[79,100],[31,136],[30,43],[8,166],[-9,108],[22,145],[-21,120]],[[43390,37667],[81,-6],[214,-63],[72,5],[260,-40],[163,-61],[44,-152],[87,-12],[16,-38],[-76,-29],[-73,-63],[10,-140],[207,14],[23,24],[226,-5],[-9,-83],[76,2],[-59,-94],[84,-5],[30,103],[-4,68],[-54,41],[26,114],[151,54],[149,-14],[25,-32],[139,-14],[-1,73],[39,52],[1,109],[-39,63],[120,-9],[69,24],[73,-15],[31,-70],[278,-33],[121,-38],[183,-103],[317,-76],[144,-62],[76,-50],[115,-17],[168,-88],[82,56],[137,-28],[96,12],[178,-100],[-41,-122],[-91,-117],[-42,-83],[5,-97],[-30,-77],[17,-47],[-170,-16],[-26,-73],[-122,5]],[[50301,36709],[74,-34],[75,4],[191,65],[35,56],[190,34],[141,-171],[205,-90],[158,-91]],[[51370,36482],[157,-71],[231,-71],[354,-52],[155,5],[-45,-110],[75,-32],[55,48],[453,36],[35,-39],[148,-9],[-49,-93],[66,-212],[-204,-20],[-41,-134],[72,-156],[83,-133],[-183,-70],[-79,-52],[23,-66],[141,-214],[160,-125],[156,-72],[9,-120],[83,-110],[144,-88],[179,-139],[139,-168],[36,-106],[272,-2],[-5,-69],[-37,-63],[17,-196]],[[53970,33779],[11,-261]],[[50428,33741],[163,44],[53,131],[-78,162],[-95,26],[-257,-38]],[[50214,34066],[-2,92],[39,186],[284,246],[114,146],[56,178],[169,64],[63,54],[8,115],[-36,84],[56,4],[-72,155],[-132,-36],[33,69],[-221,-3],[-8,-70],[-123,33],[-54,64],[-73,23],[-51,75],[7,72],[-64,4],[-53,-103],[21,-76],[-113,-54],[-53,6],[-60,69],[-236,10],[-99,60],[-84,113],[-36,79],[8,52],[-212,8],[-95,34]],[[49082,35768],[58,-42],[30,-101],[170,-217],[-102,-24],[-57,-69],[42,-62],[8,-85],[173,-42],[-9,-95],[48,-124],[66,-9],[-54,-90],[-125,6],[-83,-17],[-24,-94],[-37,-32],[20,-79]],[[49206,34592],[-124,63],[-89,13],[-78,-53],[-124,-26],[-150,80],[-127,22],[-28,26]],[[48486,34717],[-18,28],[10,247],[-92,152],[88,28],[38,46],[-38,97],[2,116],[-53,36]],[[48803,39448],[26,-193],[114,-104],[144,-85],[135,-31],[118,-10],[175,-34],[206,-25],[239,-48],[177,-2],[40,-37],[-6,-77],[102,-156],[50,-100]],[[48945,37966],[-105,51],[-121,11],[-185,54],[-138,73],[-99,14],[-108,-25],[-121,-3],[-93,44],[-72,2],[-81,-73],[-56,17],[-29,74],[-133,21],[-78,55],[-3,58],[-46,31],[-23,127],[-96,45]],[[56774,38258],[-24,14],[-86,263],[-143,161],[-117,-129],[-192,-78],[-49,-39],[-109,-26],[-84,-141],[27,-101],[-1,-99],[-23,-58],[-93,-124],[-54,-115],[-36,-23],[-130,6],[-183,29],[-178,50],[-68,-7],[5,-118],[-215,9],[-1,23],[-143,15],[-74,46],[-1,47],[-117,81],[-106,35],[-213,27],[-22,53],[38,84],[-27,18],[-130,-111],[-70,-7],[-204,-87],[43,-73],[-232,-70],[-80,13],[-247,-33],[-187,36],[-68,74],[3,38],[156,103],[-22,89],[32,83],[68,20],[27,51],[-110,86],[-105,2],[-131,63],[-176,-12],[-106,30],[-160,21],[-148,55],[-184,23],[-136,-31],[-37,-86],[52,-72],[-173,-36],[-166,5],[-189,-64],[-68,0]],[[51607,38271],[131,53],[1,41],[-73,57],[11,139],[-112,58],[-188,25],[143,36],[15,61],[96,18],[194,13],[58,19],[152,122],[9,90],[62,55],[127,181],[14,71],[90,240],[81,80],[16,57],[-91,46],[-197,-46],[-132,29],[-24,68],[108,-13],[34,44],[-173,15],[-96,34],[-244,8],[-116,-21],[-76,25],[32,51],[169,-4],[5,57]],[[57018,37621],[-60,-114],[-58,-58],[0,-50],[-171,-108],[-67,17],[-60,-113],[-120,-35],[-188,-21],[0,-92],[-199,-9],[-299,-50],[-102,-47],[-158,-172],[-132,-44],[-275,-65],[20,-140],[-64,-86],[-68,-45],[-245,-10],[-76,-132],[-86,-195],[0,-30],[101,-217],[100,-136],[35,-187],[1,-77],[-47,-180],[-241,-298],[-164,-217],[-146,52],[-142,-30],[-33,-41],[-148,4],[-104,-20],[20,-131],[178,-18],[65,-23],[132,-96],[25,-73],[-7,-118],[21,-210],[-74,-91],[-140,-52],[-72,-84]],[[51370,36482],[41,58],[-122,104],[-115,146],[3,71],[56,134],[-43,136],[-102,115],[104,49],[-74,57],[-56,104],[-26,175],[-32,68],[131,155],[198,188],[78,103],[65,32],[64,67],[67,27]],[[47949,35789],[-111,47],[-151,-45],[-84,-48],[-152,17],[-76,36],[2,54],[-100,44],[46,88],[-12,56],[-159,9],[19,53],[-143,-16],[-81,89],[3,57],[-64,84]],[[43390,37667],[-222,29],[-143,-7]],[[58147,36655],[-177,-251],[168,-67],[11,-71],[-132,-16],[-133,-35],[-79,-42],[64,-53],[89,12],[49,-73],[-65,-40],[3,-76],[-104,-227],[-60,-81],[-88,-31],[22,-68],[240,-96],[17,-91],[-317,-28],[-97,-31],[-26,-153],[15,-86],[-26,-41],[76,-48],[9,-41],[98,-8],[-5,-80],[-47,-66],[-21,-163],[-108,-89],[27,-38],[117,-38],[37,-84],[-141,-38],[-65,-45],[-80,-6],[-30,-47],[-61,-198],[-346,-69],[-125,-39],[-61,29],[-6,-268],[-90,-222],[-6,-272],[37,-247],[78,-269],[43,-77],[185,-185],[28,-49],[-17,-60]],[[57047,32293],[-73,-6],[-175,98],[-183,51],[-152,68],[-121,-5],[-150,19],[-104,-92],[-224,-18],[-83,21],[-181,142],[-45,49],[-419,-5]],[[55137,32615],[-164,164],[-196,149],[-233,209]],[[57047,32293],[-42,-136],[96,28],[178,135],[270,28],[70,21],[205,162],[77,124],[375,-45],[216,5],[110,-10],[72,-38],[47,50],[62,-183],[8,-72],[98,-59],[159,26],[195,-34]],[[59243,32295],[41,-173],[57,-93],[52,-183],[0,-87],[48,-129],[228,-153],[93,64],[-6,75],[85,63],[162,-3],[107,160],[225,12],[30,-27],[182,15],[88,-20],[-35,-63],[-96,-50],[-21,-132],[-57,-39],[92,-79],[126,-9],[5,-54],[-92,-91],[55,-55],[2,-82],[-37,-21],[-130,25],[-82,-12],[-47,-38],[-26,-125],[-212,20],[-62,68],[-125,9],[-28,-71],[96,0],[27,-29],[-150,-43],[56,-170],[-19,-186],[-21,-13],[-159,48],[-124,22],[-78,-154],[30,-50],[-50,-134],[22,-46],[-12,-104],[-96,-66],[-20,-66],[-153,-12],[-108,-41]],[[59106,29973],[-166,-113],[-301,-25],[-172,59],[-94,46],[-50,75],[48,101],[-63,71],[68,71],[-16,98],[-70,15],[-85,-186],[-98,-116],[-48,-30],[-212,39],[-60,33],[-148,17],[-95,71],[-88,-37],[-136,-1],[-109,-70],[-54,49],[-133,21],[-65,-76],[-189,-6]],[[56770,30079],[69,87],[15,67],[-77,185],[-72,203],[-48,186],[-164,43],[-104,59],[-184,215],[-76,53],[-139,56],[-143,234],[-58,140],[-128,192],[-138,184],[-34,147],[-101,65],[-86,110],[-100,163],[-65,147]],[[61519,26411],[-41,-151],[-146,-683],[-53,-154],[-97,-405],[-228,-894]],[[60954,24124],[14,-1172],[19,-2307],[-1172,20],[-2727,47],[-1713,30],[-38,57],[17,162],[41,219],[12,291],[-15,105]],[[55392,21576],[128,37],[-65,358],[16,65],[82,93],[114,91],[54,66],[134,227],[23,107],[1,168],[-25,115],[-68,31],[-558,148],[-54,36]],[[55174,23118],[33,73],[117,137],[26,57],[-156,372],[-111,113],[-37,299],[-33,135],[5,206],[132,278],[18,372],[-26,88],[-65,105],[80,206],[7,83]],[[55164,25642],[-13,25],[-215,83],[-81,100],[12,79],[160,149],[90,176],[174,218],[146,218],[113,105],[175,233],[141,246],[127,161],[54,101],[99,146]],[[56146,27682],[230,-38],[396,-77],[93,-29],[131,4],[-8,-82],[51,-55],[113,-4],[108,37],[170,-39],[32,39],[100,-15],[134,-67],[152,48],[62,92],[52,-24],[176,21],[21,47],[87,-20],[79,22],[92,68],[101,13],[80,-146],[188,40],[56,43],[155,-16],[-22,205],[86,6],[106,-111],[161,15],[9,-98],[-58,-58],[52,-59],[88,-10],[79,56],[43,-33],[257,-70],[1,-38],[-125,-57],[-2,-44],[147,-76],[62,-111],[103,-142],[4,-60],[-108,-134],[47,-40],[201,30],[101,-6],[157,-199],[-8,-105],[75,-27],[131,25],[935,8]],[[61458,32760],[-487,-6],[-289,-13],[-150,20],[-206,0],[-7,-71],[-71,-123],[-70,-17],[-202,70],[-43,-25],[-78,21],[-42,-35],[-61,44],[-36,-54],[-109,-31],[-97,-47],[-137,-99],[-86,-26],[-44,-73]],[[59106,29973],[41,-78],[-27,-47],[-32,-233],[55,-204],[96,-62],[91,-26],[22,-84],[54,-15],[83,90],[68,4],[99,-45],[88,-3],[165,-113],[102,-4],[280,-130],[102,-12],[332,-15],[108,-31],[188,20],[14,-53],[-118,-61],[-43,-54],[138,-101],[58,-89],[1,-110],[31,-42],[102,13],[19,49]],[[61223,28537],[824,-2],[-19,-69],[-220,-521],[-149,-472],[-6,-120],[11,-199],[53,-93],[-108,-376],[-90,-274]],[[56146,27682],[269,114],[165,93],[49,56],[116,368],[58,266]],[[56803,28579],[29,115],[10,293],[-34,308],[-1,224],[-37,560]],[[63891,25328],[-95,-164],[-206,-323],[-115,-259],[-251,-453],[-123,-356],[-2147,351]],[[61223,28537],[41,178],[114,122],[35,191],[137,75],[-19,98],[103,67],[120,114],[88,24],[88,187],[-155,60],[19,202],[138,64],[11,105],[229,-11],[802,107],[274,138],[111,139]],[[48486,34717],[-113,-28],[7,-81],[-57,-78],[-42,-118],[-226,-6],[-92,-74],[-72,4],[-58,-53],[-228,-8],[-111,-75],[-58,-96],[-1,-49],[-80,-38],[-17,-88],[-111,-17],[-18,-53],[77,-102],[-13,-148],[-84,-81],[62,-31],[-35,-78],[62,-41],[-93,-178],[18,-103],[-44,-132],[-144,-44],[-78,-53]],[[46937,32868],[28,57],[-45,98],[-164,60],[-132,79],[-56,0],[5,-72],[-145,42],[-121,3],[-17,60],[-72,25],[-86,-5],[69,213],[-135,59],[-84,-28],[-136,16],[-152,-49],[-70,-2],[-43,49],[30,99],[-32,26],[-14,117],[-122,2],[-54,-58],[21,-91],[-41,-51],[-161,-33],[-83,4],[-16,-121],[-118,36]],[[44991,33403],[-98,80],[17,53],[-119,105],[-48,62],[68,69],[-13,105],[-93,10],[-5,123],[33,106],[-75,28]],[[44658,34144],[185,63],[199,86],[542,155],[-10,72],[83,32],[9,112],[147,98],[40,169],[89,29],[50,155],[4,87],[82,7],[64,56],[1,70],[159,3],[11,60],[119,22],[78,106],[111,12],[47,79],[-126,11],[-149,118]],[[43721,28866],[-9,51],[106,200],[12,61],[-115,72],[-102,-3],[-34,71],[-89,38],[-95,123],[-22,-130],[-257,25],[-66,29],[-38,53],[34,109],[50,61],[22,90],[-16,64]],[[43102,29780],[64,60],[115,-13],[148,72],[40,53],[-102,95],[0,61],[-47,38],[-18,78],[-65,18],[-19,150],[59,69],[4,144],[-39,54],[188,54],[7,-51],[186,-20],[156,-34],[141,21],[33,129],[-113,50],[34,129],[178,12],[-44,-68],[89,-34],[2,-46],[161,-24],[-15,-109],[46,-78],[111,-28],[27,60],[137,-6],[5,32],[118,23],[110,-12],[72,96],[49,154],[78,-19],[281,168],[32,121],[60,20],[43,72],[62,22],[5,52],[-58,83]],[[45423,31428],[121,141],[93,80],[80,32],[60,56],[107,29],[36,-60],[88,-29],[71,-68],[66,32],[130,-34],[57,-134],[114,-33],[150,-137],[15,-61],[47,-21]],[[46912,31467],[18,69],[121,302],[-12,68],[-160,28],[-84,-1],[-152,44],[-23,75],[12,76],[83,238],[134,255],[88,247]],[[49206,34592],[245,-102],[56,-76],[-88,-110],[-53,-28],[8,-61],[76,-146],[60,-77],[94,6],[-57,199],[18,53],[252,-22],[134,-55],[110,-71],[153,-36]],[[45423,31428],[-155,-21],[11,147],[-109,64],[-118,-41],[27,-99],[-68,-31],[-212,99],[-50,-51],[-71,16],[-141,-15],[-19,-85],[-69,-50],[-157,9],[28,75],[-22,55],[-126,25],[-43,41],[103,110],[-56,67],[-61,-55],[-118,-1],[32,186],[-34,184]],[[43995,32057],[21,51],[-36,53],[29,153],[-15,86],[21,65],[-117,129],[-3,216],[-62,82],[66,103],[77,161],[42,17],[218,-131],[199,21],[239,47],[127,81],[99,138],[91,74]],[[56803,28579],[-300,-12],[-312,-86],[-242,-41],[-163,-49],[52,230],[14,171],[-228,4],[-56,-77],[-166,-41],[-51,43],[-43,155],[78,1],[-43,95],[-60,21],[-22,101],[-146,26],[-18,38],[-84,0],[-83,80],[4,112],[-66,40],[-33,-61],[10,-63],[-43,-26],[8,-86],[-77,-77],[-156,27],[-40,-38],[-78,22],[-28,43],[-148,6],[-79,-15],[-102,38],[-196,35],[-92,-52],[-251,31],[-67,54],[-86,9],[-53,-58],[-162,-38],[-34,-117],[-145,-29]],[[53016,28995],[-109,3],[-107,44],[-81,-43],[-32,-135],[-109,32],[-135,89],[-203,55],[-2,-50],[171,-140]],[[52409,28850],[-200,30],[-94,33],[29,72],[-56,21],[-162,6],[-101,125],[-12,123],[-78,114],[13,69],[179,115],[67,86],[-120,57],[-40,41],[-7,76],[52,80],[-12,58],[-116,129],[-90,12],[-28,96],[-89,89],[7,42]],[[51551,30324],[151,-17],[265,-60],[99,-54],[83,-20],[130,-1],[60,55],[28,132],[-14,139],[-77,150],[-66,81],[-20,136],[-100,34],[-180,-73],[-17,69],[-115,29]],[[55164,25642],[-133,-45],[-10,-60],[-263,-82],[-305,-59],[-88,7],[-143,-33],[-167,-73],[-41,-60],[-112,-42],[54,139],[-4,85],[118,23],[11,34],[-70,86],[-9,47],[-133,34],[-70,-33],[-264,15],[-92,64],[-186,1],[26,118],[-24,174],[-59,182],[-14,132],[-59,143],[-114,148],[-22,137],[74,39],[103,20],[48,45],[-39,89],[-176,47],[-246,92],[-58,37],[174,104],[-129,112],[-42,55],[37,31],[7,95],[-83,18],[48,125],[94,18],[182,-8],[43,-49],[98,-15],[149,38],[-8,98],[-123,171],[-139,98],[52,76],[48,-30],[207,-50],[168,-151],[88,54],[-51,123],[50,104],[-6,69],[30,130],[-77,-17],[-163,7],[-26,93],[-35,263],[-49,67],[-121,43],[-1,132],[-82,7],[-21,91]],[[51551,30324],[-160,0],[-191,-69],[-87,-60],[-41,-62],[-19,-106],[-94,-106],[15,-32],[-199,-160],[-94,0],[-30,52],[1,158],[35,43],[100,58],[80,124],[16,60],[-79,111],[2,303],[-141,-26],[-227,-24],[-13,-46],[-94,-1],[-89,59],[-101,-73],[-55,9],[-43,60],[-159,-1],[-111,33],[-130,-141],[-83,-133],[-113,-152],[-46,-140],[-63,-93],[-130,-80],[-157,-156],[-40,27],[46,76],[72,62],[59,99],[-51,85],[-5,83],[-88,24],[33,61],[-67,22],[-6,49],[-84,-16],[-123,32],[54,140]],[[48851,30477],[139,113],[80,84],[74,120],[132,364]],[[49806,27629],[380,69],[-1,-72],[65,-90],[109,-9],[-6,74],[174,14],[52,34],[121,-7],[7,167],[-21,63],[16,315],[63,35],[74,-33],[170,-34],[80,-33],[157,-33],[25,182],[60,25],[158,-64],[273,-18],[137,-26],[113,80],[65,19],[212,-20],[140,-35],[51,109],[208,192],[52,106],[-8,55],[-131,34],[-192,122]],[[55174,23118],[-444,-14],[-264,-21],[-162,-54],[-477,137],[-408,-102],[-163,-23],[19,165],[-53,63],[-140,102],[-66,76],[-152,279],[-139,145],[-173,121],[-179,208],[-77,62],[-167,55],[-107,15],[23,78],[-60,56],[-53,7],[-160,109],[-134,5],[-109,52],[-61,80],[-408,62],[-51,54],[-207,-2]],[[50802,24833],[-23,103],[-43,87],[-251,35],[-105,46],[-40,-10],[-60,-104],[-57,-13],[-93,121],[-92,46]],[[50802,24833],[4,-95],[-71,-85],[-273,-186],[-209,-160],[-107,-121],[-186,-156],[-109,-66],[-153,-134],[-42,-105],[-251,-371],[-20,-8],[-94,-266],[61,-46],[-9,-163],[-119,4],[-6,-72],[33,-109],[9,-389],[-50,-134],[-79,-59],[-44,-98],[-156,-104],[-129,-141],[-45,-159],[143,-71],[-13,-68],[-92,-146],[-90,-119],[-12,-53],[48,-75],[-96,-153],[-187,-26],[-166,-59],[73,-103],[-52,-78],[-135,-98],[-151,-72]],[[48027,20489],[-86,-22],[-176,-104],[-119,-94],[-209,-113],[-112,-40],[-287,-28],[-179,-73],[-429,-100],[-287,8],[-357,38],[-462,90],[-328,82],[-140,59],[-358,269],[-164,200],[-20,92]],[[48851,30477],[-280,-293],[-110,-248],[-30,-103],[-143,-232],[-30,-123],[46,-209],[-2,-96],[-68,-81],[-178,-51],[-273,-9],[-349,12],[-93,-32],[-65,-71],[-212,-314],[-36,-157],[51,-211],[87,-145],[54,-191],[-9,-182],[7,-264],[-8,-175],[33,-294]],[[55392,21576],[-328,-94],[-765,-211],[-84,-20],[-164,-90],[-384,-390],[-440,-453],[-103,-120],[-89,-134],[-150,-62],[-110,-14],[-99,16],[-708,290],[-230,-34],[-187,-6],[-159,12],[-1043,139],[-781,115],[-250,10],[-34,-71],[-93,-22],[-63,42],[-607,1],[-494,9]],[[43102,29780],[-5,33],[-321,18],[-110,91],[-56,-94],[-167,-9],[-149,-21],[-132,21],[-83,103],[-26,62],[-86,-5],[-139,-34],[-1,-42],[53,-72],[138,-79],[60,-123],[-5,-75],[-70,-95],[-100,-43],[-145,8],[-122,193],[1,48],[-290,42],[-102,-118],[-41,-156],[36,-105],[-171,-18],[-45,63],[-172,121],[-114,64],[-248,35]],[[40490,29593],[53,59],[102,51],[162,105],[395,327],[133,136],[142,113],[164,98],[164,83],[160,64],[131,133],[94,158],[154,326],[16,133],[-16,115],[54,68],[179,45]],[[42577,31607],[221,-56],[148,-3],[119,65],[35,65],[-69,38],[24,149]],[[43055,31865],[201,-10],[32,41],[-38,41],[20,104],[81,45],[65,82],[120,-21],[-5,45],[61,116],[125,106],[102,14],[17,-112],[73,-14],[-18,-81],[14,-79],[85,-52],[5,-33]],[[41517,32263],[56,-62],[90,-49],[60,10],[76,84],[107,-22],[172,0],[8,-73],[116,7],[33,-51],[-38,-44],[39,-69],[-1,-90],[121,28],[173,-31],[-15,-79],[39,-75],[24,-140]],[[40490,29593],[-73,1]],[[43055,31865],[52,387],[-12,239],[-50,178],[6,52],[187,5],[25,139],[163,182],[1,189],[-127,80],[-225,24],[-20,99],[87,131],[86,190],[37,245],[40,161],[-87,141]],[[43218,34307],[87,7],[112,-34],[183,-29],[93,-51],[46,103],[71,5],[62,89],[76,5],[67,-52],[102,-35],[63,-75],[91,4],[34,-73],[117,-87],[83,44],[153,16]],[[43702,36713],[-82,-28],[-30,-51],[45,-93],[-98,-72],[89,-80],[-128,-42],[50,-89],[-26,-205],[-58,-51],[35,-80],[-19,-40],[-100,-65],[14,-78],[40,-69],[-133,-72],[12,-79],[-95,-144],[-86,-48],[-35,-108],[-158,-16],[-66,-35],[-16,-87],[13,-71],[-46,-68],[-100,-21],[-104,14],[-68,-168],[16,-95],[106,-98]],[[42674,34574],[-39,-83],[-162,54],[-70,-78],[-100,-15],[-165,18],[-150,-29],[-113,33],[46,53],[92,-8],[66,76],[-146,119],[2,47],[-223,30],[-108,-32],[6,-114],[-72,-30],[-197,37],[-100,61],[-49,-83]],[[43218,34307],[-75,-18],[-124,176],[-89,58],[-115,38],[-141,13]],[[41508,77836],[-145,-69],[-190,-18],[5,-124],[-82,-84],[-27,-169],[23,-54],[-213,-1],[-48,76],[-65,34],[-140,-14],[0,-55],[-78,-68],[10,-108],[-14,-147],[27,-6],[-23,-120],[-36,-70],[-28,-151],[-101,-57],[9,-64],[-105,-59],[12,-71],[-15,-137],[-34,-113],[-34,-16],[8,-79],[-42,-69],[29,-47],[162,-40],[177,13],[175,-129],[-139,-108],[-77,-146],[-25,-131],[69,-8],[-48,-111],[-43,-34],[38,-68],[-3,-62],[-87,-7],[-8,-47],[47,-99],[-5,-94],[-46,-14],[83,-126]],[[40481,74765],[-128,-9],[-181,20],[-156,-15],[-131,-29],[-61,43],[24,105],[-12,46],[-171,104],[-9,98],[-28,44],[-128,43],[-143,73],[-29,123],[-227,18],[97,-100],[-72,-56],[-147,7],[-41,-132],[-112,39],[-22,127],[-176,-7],[-48,16]],[[38580,75323],[-56,25],[-144,-16],[-163,1],[-135,-18],[-107,46],[-69,58],[-51,118],[28,32],[18,121],[94,8],[19,149],[45,119],[153,28],[127,-14],[64,-49],[48,62],[-92,24],[-110,144],[-98,43],[-18,159],[-50,86],[34,98],[-35,52],[-56,-6],[-37,58],[98,217],[-30,57],[46,70],[64,10],[117,-25],[66,-35],[95,19],[101,-5],[82,-76],[95,-40],[110,14],[-61,102],[16,40],[-59,64],[-211,144],[-50,91],[-108,51],[-130,13],[48,62],[-39,42],[-10,85],[90,98],[72,13],[-2,184],[184,150],[155,-110],[84,-77],[187,-34],[81,52]],[[39080,77827],[117,-29],[112,-7],[92,-44],[101,-2],[69,-47],[139,20],[266,-39],[185,41],[41,50],[84,25],[51,92],[171,121],[173,46],[113,-12],[87,-43],[102,-8],[119,-55],[123,-5],[104,-27],[100,82],[34,-10],[45,-140]],[[38580,75323],[-62,-43],[-26,-64],[51,-31],[45,-144],[-94,12],[-18,-45],[-190,18],[3,-46],[-64,-30],[34,-60],[-32,-79],[-155,39],[-100,-83],[-61,-21],[-121,17],[5,184],[-107,-8],[-216,54],[-183,219],[-93,24],[-11,80],[-44,14],[63,86],[21,74],[-70,2],[-88,56],[-217,64],[-61,-5],[-233,-59],[-110,10],[-114,-129],[-74,49],[-187,68],[-122,89],[-55,-61],[-118,19],[3,58],[-134,8],[-115,-39],[-34,19]],[[35496,75639],[103,93],[62,83],[37,173],[120,181],[96,174],[187,195],[87,212],[47,44],[200,51],[151,9],[385,-33],[62,99],[-2,127],[47,49],[187,6],[53,17],[-21,150],[20,150],[92,99],[12,93],[-112,166],[-122,113],[-28,71],[-28,277],[-139,30],[-147,271]],[[36845,78539],[-11,54],[-64,70],[-70,119],[-67,15],[-6,50],[240,107],[167,121],[49,13],[1,76]],[[37084,79164],[41,73],[122,47],[213,6],[278,31],[121,46],[39,131],[32,221],[-55,102],[-173,36],[60,111],[-45,68],[-111,18],[-18,82],[53,17],[330,-50],[89,-23],[71,-57],[124,-55],[385,-77],[263,-65]],[[38903,79826],[-16,-112],[42,-37],[-4,-105],[-63,-180],[-87,-131],[25,-133],[-13,-164],[13,-107],[42,-141],[82,-32],[76,-160],[67,-107],[90,-94],[78,-152],[-3,-115],[-81,-51],[-27,-83],[-110,-67],[66,-28]],[[35108,73663],[152,63],[25,76],[-7,172],[-62,140],[0,134],[-104,17],[-83,50],[-71,107],[-49,23],[93,89],[33,64],[16,112],[93,-2],[2,58]],[[35146,74766],[6,173],[-36,17],[84,330],[5,63],[270,251],[21,39]],[[40481,74765],[84,-45],[64,-120],[214,-188],[12,-156],[-48,-40],[-11,-92],[81,-87],[12,-47],[87,-55],[68,1]],[[41044,73936],[-213,-171],[-166,-95],[35,-56],[-28,-115],[-194,21],[-251,5],[-39,-85],[-4,-105],[-46,-92],[210,1],[33,-50],[-32,-127],[92,-142],[14,-57]],[[40455,72868],[-181,8],[-150,131],[-94,-4],[-72,-30],[-68,11],[-124,75],[24,137],[-158,48],[-84,44],[-172,33],[-171,3],[-53,24],[-84,281],[-44,96],[5,106],[-108,149],[-76,39],[-141,43],[-71,129],[-82,42],[-107,110],[-62,-141],[-16,-83],[-205,-104],[-151,-64],[-25,-62],[-96,-106],[-20,-53],[29,-143],[-102,-41],[3,-34],[-88,-137],[-20,-99],[-96,40],[-64,-85],[-53,13],[-134,-78],[-217,-49],[-33,-25],[31,-68],[-168,10],[-208,-19],[-415,-225],[-69,-93],[50,-92]],[[36315,72605],[-93,-67],[-135,30],[-50,-6],[-319,45],[-83,-71]],[[41181,68982],[-90,38],[-138,29],[-42,58],[-14,92],[39,66],[-52,73],[-113,56],[-120,33],[-109,50],[-85,64],[-32,78],[15,77],[-173,21],[-28,84],[110,23],[53,34],[-187,112],[4,58],[-101,19],[-28,-80],[-91,-44],[-216,61],[-118,-37],[-99,-7],[-9,47],[-117,23],[-13,102],[-92,14],[-188,2],[-49,149],[-86,129],[-149,-36]],[[38863,70370],[-168,2],[-48,83]],[[38647,70455],[263,24],[114,49],[162,100],[159,48],[95,-36],[278,-68],[301,-13],[269,57],[101,105],[25,247],[-25,40],[95,79],[11,98],[140,126],[-33,54],[102,103],[0,78],[-73,91],[4,59],[64,97],[-12,59],[-55,26],[-65,76],[-36,102],[-58,68],[252,-69],[-47,94]],[[40678,72149],[185,-8],[18,132],[238,29],[165,-16],[115,-59],[-16,-28],[53,-90],[28,-133],[-11,-130],[140,-106],[103,-34],[411,-70],[189,-57],[151,37],[168,26],[148,-133],[209,-56],[234,-30],[105,2],[3,85],[45,0],[44,-80],[50,-17],[268,23],[92,34],[89,-60],[223,-50],[216,46],[116,3],[88,-28],[123,7],[142,-22],[235,32],[80,-25]],[[45125,71373],[172,7],[76,-65],[170,-16],[132,42],[137,80],[105,28],[74,-4],[50,-47],[-40,-100],[167,-48],[92,-1],[34,-43],[156,13],[94,-19],[220,-122]],[[46764,71078],[-18,-64],[167,-31],[-147,-132],[-23,-93],[-40,-30],[-149,21],[-5,-45],[196,4],[149,-47],[41,-37]],[[46935,70624],[-177,-20],[-84,-88],[-3,-160],[-160,-37],[65,-75],[14,-84],[93,-26],[-79,-66],[-70,54],[-118,-36],[-78,37],[-66,-15],[-88,-152],[-95,-66],[31,-138],[-74,-47],[50,-107],[-48,-81],[-120,-7],[-59,21],[-131,-48],[-78,-170],[-112,-14],[-20,51],[-128,43],[-4,29],[-139,51],[-72,-55],[-104,37],[-174,-97],[-75,-5],[-121,55],[-90,78],[-71,8],[-214,-44],[-37,-20]],[[36315,72605],[34,-30],[168,-25],[92,3],[26,-110],[89,26],[-9,51],[55,52],[205,28],[51,-43],[179,-57],[108,47],[168,-3],[124,-54],[-6,-101],[89,-86],[87,-47],[31,-90],[215,-124],[85,-7],[-10,-113],[262,-34],[11,-104],[-48,-138],[-134,56],[-17,-96],[51,-53],[-11,-62],[-70,-52],[-54,-74],[91,-5],[-55,-206],[-42,-80],[-141,-65],[-27,-171],[30,-55],[95,30],[72,-42],[195,0],[154,-76],[27,-55],[-4,-81],[166,-104]],[[38863,70370],[65,-82],[-17,-57],[-94,-73],[126,-40],[89,31],[67,-18],[-41,-127],[14,-134],[-145,-21],[81,-105],[-93,0],[-21,-100],[-121,-18],[-184,53],[-75,-157],[-71,-8],[-101,112],[-156,-2],[-190,74],[-23,69],[-130,30],[-263,96],[-34,-152],[-29,-26],[-177,-70]],[[40455,72868],[54,-90],[137,-43],[74,-85],[60,-30],[-47,-51],[8,-150],[-11,-109],[-171,46],[119,-207]],[[47357,63839],[61,-14],[151,-78],[373,-38],[97,156],[49,39],[-11,78],[21,111],[-53,72],[0,65],[76,-18],[141,34],[126,105],[74,14],[47,-30],[124,13],[127,-54],[91,-8],[79,-52]],[[48930,64234],[175,-132],[67,4],[96,52],[90,6],[66,55],[61,-4],[101,-58],[55,57],[93,20],[129,-171],[174,-69],[68,47],[119,16],[165,-79],[44,-42],[78,25],[58,121],[54,22],[102,85],[138,3],[57,-56],[37,-102],[61,53],[8,46],[-49,62],[102,40],[42,47],[79,-11],[45,41],[131,18],[102,-17],[-4,-35],[221,-53],[89,-88],[32,-92],[68,-53],[-10,-104],[55,-16],[178,42],[191,-25],[105,86],[10,74]],[[52413,64049],[167,-47],[63,-150],[-13,-131],[-79,-109],[25,-66],[78,-34],[2,-71],[-40,-62],[90,-31],[2,-88],[44,-55],[189,-13],[-24,-54],[108,-26],[-6,-36],[-130,-59],[-73,-69],[-40,-115],[19,-91],[38,-51],[118,-83],[95,-13],[90,-118],[30,-114],[112,-42],[-9,-59],[66,-27],[-1,-102],[-150,-158],[-35,-91],[23,-125],[71,-45],[10,-89]],[[55862,75813],[-33,-55],[52,-88],[-25,-67],[27,-65],[-70,-54],[17,-55],[-39,-80],[-137,-54],[114,-47],[25,-106],[-75,-68],[-90,-12],[41,-70],[-25,-39],[-99,-54],[23,-90],[-62,-31],[113,-82],[-72,-70],[-63,-123],[-123,-102],[-66,-76],[88,-103],[-83,-43],[-37,-81],[3,-77],[40,-39],[132,72],[24,93],[84,39],[80,6],[74,-113],[-105,-22],[-2,-59],[134,-31],[53,-92],[-96,-39],[22,-52],[-98,-33],[-28,-122],[66,-55],[-69,-40],[40,-88]],[[55617,73446],[-174,-6],[-107,111],[-120,-123],[-40,-1],[-254,129],[-84,-10],[-68,-38],[-69,7],[-106,44],[-12,148],[-182,-59],[-30,-25],[-11,-94],[-37,-42],[-136,50],[-99,17],[-32,-74],[83,-66],[104,6],[45,-22],[26,-85],[-10,-100],[-124,-55],[-102,30],[-139,170],[-36,110],[-86,4],[-54,-94],[-71,-11],[-52,98],[-79,-3],[-2,-97],[-56,-45],[-132,-33]],[[53371,73287],[-128,0],[-74,20]],[[53169,73307],[-42,30],[-214,12],[-54,36],[-2,63],[-73,47],[46,53],[-36,59],[-250,27],[-148,-8],[26,90],[-35,19],[42,73],[-135,142],[-102,68],[-32,55],[-63,-2],[-73,69],[-150,-43],[-25,45],[-66,21],[-38,78],[48,79],[171,37],[92,125],[57,19],[58,123],[-119,95],[-139,24],[-57,58],[-99,30],[-196,3],[-146,23],[-170,87],[-18,63],[149,67],[64,-15],[54,33],[117,-27],[83,82],[119,-47],[58,92],[156,-29],[56,13],[80,72],[137,6],[124,24],[47,132],[52,87]],[[52523,75497],[508,122],[56,49],[212,65],[24,60],[230,-29],[-9,87],[191,-50],[140,23],[217,-5],[62,31],[148,-23],[142,20],[53,-52],[85,16],[100,-16],[58,25],[151,4],[59,-34],[64,42],[165,-11],[70,52],[47,-12],[175,15],[90,-31],[126,68],[175,-100]],[[45614,66584],[34,-24],[180,41],[104,-91],[214,-105],[95,1],[54,102],[74,28],[-24,40],[6,97],[56,55],[169,62],[34,99],[-51,54],[38,66],[-79,115],[51,52],[119,-16],[1,91],[59,-15],[114,21],[41,-27],[80,41],[7,177],[57,65],[-75,7],[-37,107],[-63,29],[13,60],[54,18],[122,-19],[191,-11],[85,20],[131,3],[160,90],[15,73],[165,27],[90,-7],[23,-81],[129,1],[61,66],[112,5],[81,-35],[107,67],[113,1],[49,29],[88,-14],[115,34],[81,170],[47,69],[-4,83],[127,52],[51,-68]],[[49078,68289],[6,-185],[15,-70],[182,-5],[35,43],[109,15],[121,-5],[203,-92],[199,-58],[-73,-110],[-72,-30],[7,-120],[81,-59],[139,-46]],[[50030,67567],[-5,-73],[-92,-73],[-320,-17],[-19,-62],[139,-64],[6,-65],[-40,-26],[75,-137],[106,-34],[-5,-70],[59,-34],[81,13],[174,-241],[-38,-52],[44,-43],[89,17],[29,-41],[0,-118],[-42,-81],[-104,-57],[-60,-58],[-15,-56],[-197,-56],[-58,-60],[-21,-79],[116,-32],[27,-120],[-61,-48],[-157,11],[-107,-8],[-64,-46],[46,-109],[2,-85],[-74,-70],[91,-120],[348,-47],[40,-48],[-12,-56],[-159,-30],[-58,-93],[17,-105],[-181,-32],[-93,-135],[12,-47],[-43,-44],[54,-181],[-31,-17],[-1,-107],[-81,19],[-272,-10],[-89,-44],[-5,-60],[-112,-55],[-39,-47]],[[53371,73287],[55,-18],[-38,-73],[-139,-49],[-58,-71],[16,-63],[205,2],[-6,-88],[70,-25],[-3,-98],[-50,-67],[92,-17],[89,29],[-8,-68],[30,-65],[63,9],[45,-67],[-44,-85],[-13,-120],[-49,-20],[6,-183]],[[53634,72150],[-82,-8],[-95,-58],[-271,110],[-157,16],[-109,68],[-202,32],[-113,31],[-30,-32],[-88,66],[-116,16],[-20,-41],[-218,-4],[-69,-37],[-5,-73],[-61,-32],[-10,-135],[-37,-52],[118,-81],[184,-34],[53,-56],[72,-9],[16,-134],[-131,-29],[-44,27],[-83,-33],[-97,55],[-12,46],[-85,29],[-108,-42],[-56,-62],[-145,-4],[-178,31],[-43,-56],[-201,36],[-107,0],[-60,-28],[-86,-116],[-210,39],[-137,-31],[-97,25],[-75,-59],[5,-56],[-93,-76],[26,-127],[62,-33],[73,12],[87,-17],[-23,-71],[136,-83],[59,-92],[-7,-136],[-103,-7],[-70,33],[-77,-29],[-99,11],[-93,-51],[-33,45],[-86,2],[39,-76],[-102,-75],[-113,-36]],[[50027,70669],[-45,-29],[-87,2],[-62,53],[-103,40],[-46,103],[-77,65],[-98,22],[-90,-94],[-114,62],[-160,116],[-39,64],[-71,54],[-111,28],[-262,6],[-260,-17],[-134,5],[-33,-18],[-87,83],[-92,34],[-189,-16],[-67,14]],[[47800,71246],[-43,83],[74,122],[13,112],[85,174],[-32,42],[-84,15],[-3,39],[-104,28],[-100,132],[15,65],[90,40],[118,-9],[145,-41],[188,37],[-23,84],[-69,87],[-119,50],[-144,29],[53,82],[-103,37],[-66,-93],[-123,43],[-2,63],[-40,91],[149,141],[-50,32],[117,98],[55,93],[41,237]],[[47838,73159],[192,46],[89,-27],[194,-1],[131,-45],[94,43],[115,88],[49,60],[46,-98],[-21,-46],[168,-41],[4,59],[76,-7],[61,33],[39,-106],[-7,-54],[198,12],[34,-16],[40,-102],[129,-39],[78,55],[90,-9],[58,74],[115,-19],[36,-44],[-73,-45],[70,-32],[97,71],[41,-30],[5,-83],[140,-35],[176,33],[26,104],[60,36],[126,7],[58,66],[91,-34],[21,73],[72,-36],[87,28],[97,-50],[35,48],[111,-70],[-33,-98],[11,-62],[101,29],[14,-69],[92,-5],[9,-73],[128,-11],[21,79],[154,-23],[66,85],[54,27],[180,-59],[32,31],[-72,89],[21,66],[80,-7],[102,51],[103,-39],[75,-54],[48,97],[-67,114],[275,-109],[174,21],[124,58],[16,-56],[165,-53],[39,53],[-49,113],[76,70],[144,16]],[[52413,64049],[-174,76],[-87,64],[26,80],[-89,49],[-3,128],[77,21],[103,-18],[57,20],[-20,67],[-60,63],[70,69],[-43,71],[8,44],[-104,8],[-29,51],[60,19],[50,61],[-26,126],[109,47],[138,-14],[157,-68],[26,30],[-43,57],[29,61],[-65,71],[68,45],[-89,49],[92,32],[50,68],[155,0],[58,36],[85,-45],[-28,-125],[24,-56],[136,-53],[17,-72],[94,-14],[97,-55],[12,-50],[75,8],[59,-29],[118,82],[160,-26],[200,5],[112,-68],[166,-70],[30,4]],[[54271,64898],[142,-33],[123,-73],[135,-28],[58,-98],[130,-138],[70,-56],[28,-85]],[[54101,71144],[147,-90],[139,23],[122,-41],[101,53],[112,2],[58,-72],[-28,-56],[73,-85],[-17,-50],[-6,-158],[25,-98],[-44,-24],[43,-61],[-57,-58],[-2,-93],[105,-4],[45,-53],[56,2],[82,101],[77,17],[124,-41],[10,-101],[-73,17],[-63,-103],[-101,-102],[-46,6],[-145,-71],[-87,-58],[24,-100],[170,47],[77,87],[65,35],[47,-24],[-5,-135],[146,7],[167,-11],[60,-44],[146,64],[98,-62],[-3,-47],[179,-30],[73,-66],[33,-95],[111,11],[40,41],[218,7],[19,-77],[84,-50],[128,4],[120,27],[42,34],[174,56],[16,66]],[[56980,69691],[85,-9],[80,-43],[107,35],[78,-41],[122,35],[139,-37],[92,55],[114,-27],[56,-53],[-28,-70],[-90,-46],[-25,-55],[46,-38],[236,-53],[76,-60],[14,-52],[-50,-69]],[[58032,69163],[-66,-28],[-175,-6],[-76,118],[-95,19],[-104,-81],[-10,-93],[47,-67],[-31,-69],[37,-57],[148,6],[166,-58],[64,-9],[25,-109],[139,-3],[52,-192],[-88,-26],[-15,-35],[-118,3],[-113,25],[-89,-105],[-69,-123],[-139,-52],[9,-101],[29,-35],[-63,-110]],[[57497,67975],[-46,-51],[-140,12],[43,102],[-132,27],[-98,-14],[-62,18],[7,113],[-159,56],[-200,-3],[-28,-27],[-167,-25],[-65,22],[26,80],[-101,155],[-99,-19],[-19,-116],[-95,-141],[-144,-92],[-141,61],[-104,69],[-77,11],[-166,-17],[-253,-89],[-130,-18],[-67,-45],[-93,5],[-38,-142],[33,-39],[95,-25],[80,-112],[-55,-38],[-94,31],[-71,-112],[-118,-13],[-87,41],[6,86],[-86,-17],[-99,66],[-59,-81],[-89,-14],[-196,52],[-112,2],[8,72],[-40,62],[57,98],[-166,1],[-29,-61],[-297,37],[-40,65],[-108,-13],[-27,63],[-136,33],[-78,-20],[-72,-179],[-31,-180],[52,-131],[162,-147],[99,-47],[93,-98],[64,-151],[-164,25],[-103,55],[-128,-22],[-194,73],[-120,16],[-52,-15],[-55,-62],[-226,-117],[-28,-46],[16,-92]],[[52554,66953],[-14,8]],[[52540,66961],[-85,187],[76,91],[-14,95],[79,106],[-17,147],[24,72],[-103,65]],[[52500,67724],[-8,57],[-74,143],[12,65],[-96,75],[-3,107]],[[52331,68171],[53,43],[171,-7],[78,52],[89,-2],[183,76],[102,64],[-28,81],[50,114],[-12,57],[115,46],[60,-46],[60,54],[121,21]],[[53373,68724],[63,-78],[107,18],[121,88],[28,50],[202,-8],[82,64],[-18,92],[31,58],[-38,143],[-81,42],[97,185],[220,-44],[48,-34],[116,24],[65,202],[4,96],[-64,21],[43,67],[116,120],[-100,180],[-118,85],[-63,-28],[-69,27],[-12,43],[113,72],[-44,20],[-85,-29],[-189,14],[-69,45],[-120,23],[19,55],[112,52],[70,77],[-14,94],[-107,-30],[-71,107],[17,63],[54,50],[94,15],[52,49],[-156,66],[-34,52],[14,101],[-37,35],[-129,45],[36,79],[259,9],[111,-55],[52,-2]],[[47838,73159],[-44,141],[-127,53]],[[47667,73353],[30,110],[-32,166],[-37,35],[36,55],[56,13],[67,67],[179,42],[65,82],[-24,44],[110,70],[142,-52],[-49,-130],[74,-49],[179,39],[77,62],[122,-7],[23,96],[67,17],[12,70],[130,-5],[-18,72],[-97,17],[39,76],[115,-2],[49,51],[176,-9],[76,58],[-37,42],[-12,83],[-193,-9],[-85,-68],[-129,-67],[-60,62],[-64,25],[7,109],[-107,19],[-26,-26],[-142,39],[-122,14],[11,67],[72,6],[-20,80],[9,173],[-18,59],[37,158],[58,123],[-27,56],[23,151],[-87,10],[-41,59],[44,129],[-130,16],[36,69],[3,70],[43,89],[53,185],[-46,89],[54,67]],[[48338,76220],[121,-2],[161,-31],[100,3],[197,-55],[233,-36],[121,-30],[143,65],[132,-9],[140,24],[162,-80],[63,-73],[115,-88],[169,-91],[273,-116],[132,-69],[102,-12],[246,0],[259,-37],[115,5],[181,-104],[212,-66],[196,-28],[164,-51],[172,10],[34,119],[242,29]],[[57497,67975],[158,23],[120,-137],[-65,-70],[-77,-44],[-24,-102],[-35,-42],[82,-149],[78,-19],[56,-86],[210,-181],[87,-32],[60,71],[73,-4],[-3,-67],[192,18],[48,-10],[52,-219],[186,-9],[123,6],[61,-35],[46,-161]],[[58925,66726],[-66,23],[-130,0],[-73,40],[-180,6],[-141,-28],[-33,-32],[-113,7],[-108,-47],[-2,-56],[-152,-93],[-104,28],[-50,60],[-91,0],[11,100],[-29,50],[-66,7],[-129,62],[-268,94],[-135,-97],[-62,-151],[-75,-55],[-49,-114],[-102,-76],[11,-83],[-201,-20],[-72,-116],[-104,-21],[-209,-5],[-196,-34],[-24,24],[-155,-2],[-58,-95],[111,-50],[-66,-50],[-102,-23],[-45,-37],[-114,34],[-52,-25],[-207,21],[-180,-118],[-12,-30],[125,-60],[-43,-74],[-123,-23],[-165,107],[-20,54],[-105,-14],[-10,-73],[23,-62],[-201,-4],[0,243],[-267,-34],[-153,6],[-6,51],[-162,-18],[-31,66],[-95,105],[-50,-2],[-77,-79],[33,-149],[-25,-35],[-101,-19]],[[53650,65810],[-4,190],[81,50],[18,77],[-38,94],[-46,27],[-30,90],[-84,112],[-153,158],[-99,54],[40,40],[-235,45],[-359,93],[-179,89],[-8,24]],[[46935,70624],[31,-91],[120,15],[211,-74],[99,-231],[-6,-40],[-77,-38],[87,-46],[123,92],[98,23],[-34,72],[102,24],[66,-96],[-48,-74],[0,-192],[28,-76],[105,-48],[-135,-116],[70,-25],[162,131],[7,-85],[185,-79],[62,25],[125,-30],[256,1],[132,35],[270,-9],[77,-26],[82,-124],[74,-16],[50,-65],[-120,-57],[-37,-78],[75,-67],[214,-27],[83,-41],[9,-64],[-98,-55],[-10,-85],[100,-62],[111,31],[80,-76],[133,-9],[4,-86],[29,-61],[-147,-3],[-63,-82],[82,-39],[-30,-42],[-120,-35],[-97,-10],[-53,-104],[-97,14],[-45,-141],[-182,7]],[[46764,71078],[343,-54],[282,-4],[171,34],[102,54],[57,98],[81,40]],[[50027,70669],[-70,-93],[57,-7],[-47,-89],[146,-40],[168,-131],[60,12],[34,51],[71,23],[114,-46],[36,-46],[157,-66],[-72,-125],[74,-69],[72,-30],[79,3],[46,68],[53,-3],[278,-95],[118,10],[71,-47],[85,-21],[87,-53],[83,-4],[152,-64],[193,-110],[9,-26],[127,-81],[101,-103],[223,-36],[150,-91],[195,-43],[321,-138],[72,45],[145,-102],[64,-157],[24,-99],[-67,-66],[-94,-20],[31,-56]],[[52331,68171],[-81,50],[-2,79],[61,31],[24,112],[-19,120],[154,256],[-40,95],[38,31],[73,-44],[166,-56],[-97,133],[-3,118],[59,75],[-121,32],[-213,34],[-87,-43],[-98,48],[-204,-4],[-43,-37],[-65,43],[-189,66],[-94,46],[79,113],[-108,40],[-237,59],[-327,35],[-15,-99],[-128,53],[-33,-30],[-164,113],[-80,35],[-86,-6],[-167,56],[-34,-84],[-198,10],[-57,-47],[-146,-13],[-78,-48],[23,-104],[-76,-42],[20,-52],[145,-18],[-28,-60],[23,-87],[162,36],[45,-45],[19,-106],[129,-24],[100,10],[-135,-140],[-24,-62],[-52,-31],[25,-60],[143,0],[3,-58],[73,-10],[114,-129],[162,-33],[67,-61],[130,-28],[221,-103],[-37,-39],[-11,-108],[142,-45],[151,-11],[54,-116],[77,-37],[14,-89],[167,13],[90,-9],[64,-67],[75,-39],[205,-14],[157,-71],[121,36],[171,-16]],[[52540,66961],[-83,40],[-58,73],[-99,44],[-140,-4],[3,55],[-615,99],[-10,45],[-217,113],[-166,35],[-57,-53],[-68,58],[-171,-17],[-99,6],[-126,42],[-36,33],[-133,30],[-45,55],[-97,22],[-293,-70]],[[54271,64898],[-64,114],[-161,140],[-73,28],[-165,183],[-97,38],[-57,192],[-4,217]],[[58925,66726],[-34,-40],[-25,-209],[142,-4],[88,-22],[132,10],[99,100],[90,-103],[113,-31],[107,-8],[51,-192],[-73,-115],[-85,-45],[26,-34],[107,28],[16,-43],[-49,-73],[86,-30],[88,47],[129,25],[38,84],[70,-73],[69,6],[-8,76],[97,23]],[[53634,72150],[71,-16],[9,-81],[205,76],[20,57],[95,-32],[-75,-114],[94,-38],[45,13],[82,-65],[108,-14],[4,-80],[-101,-3],[-120,-94],[39,-83],[-43,-96],[104,-23],[-10,-49],[70,-80],[-69,-45],[23,-88],[-92,-25],[-39,-36],[47,-90]],[[62525,70715],[111,-37],[21,-191],[26,-16],[154,50],[73,-188],[0,-141],[-284,-43],[-44,28],[-131,-21],[-63,-59],[-157,-75],[-21,-81],[29,-57],[-19,-114],[40,-67],[67,3],[277,-110],[9,-87],[64,-46],[-57,-207],[88,-88],[124,-36],[36,-34],[77,92],[107,13],[6,35],[277,19],[115,36],[63,47],[52,-55],[67,-153],[-26,-167],[-66,-55],[80,-22],[19,-58],[130,-27],[42,-120]],[[63811,68683],[-64,-59],[-93,-4],[-172,-66],[-80,-84],[-116,14],[-191,-103],[-195,61],[-56,93],[-332,-13],[-62,87],[-48,135],[-173,62],[-106,-52],[-125,-17],[-103,11],[-160,-13],[-282,39],[3,-78],[-126,-72],[-32,-48],[-65,3],[-211,-82]],[[61022,68497],[-212,11],[-40,48],[-64,-22],[47,163],[62,33],[-114,86],[-103,9],[-11,32],[-110,3],[-71,-40],[-84,54],[-46,-14],[-129,52],[-63,48],[-95,3],[-62,32],[-108,-22],[-90,69],[-45,-4],[3,132],[27,132],[-115,23],[-99,-45],[-56,-65],[-90,8]],[[59354,69223],[-69,84],[69,82],[72,-3],[15,69],[79,7],[25,147],[6,140],[46,44],[-118,146],[-102,-13],[-62,77],[56,133],[129,-9],[56,20],[106,-3],[18,193],[95,41],[189,8],[15,61]],[[59979,70447],[92,-13],[212,6],[160,63],[53,58],[132,4],[190,75],[56,-30],[85,-122],[70,-35],[77,-1],[144,49],[347,70],[27,-60],[83,-31],[146,2],[18,54],[147,121],[116,-22],[111,9],[136,42],[-4,54],[148,-25]],[[59979,70447],[37,34],[-15,79],[53,85],[132,44],[-20,79],[79,68],[-3,93],[-58,49],[-126,6],[-140,-58],[-67,50],[105,35],[14,63],[92,29],[14,97],[76,63],[3,82],[80,29],[121,118],[-25,86],[18,78],[113,25],[99,-38],[77,3],[-59,90],[-108,16],[42,125],[-105,164],[-69,23],[-19,57],[-96,-17],[18,-68],[-16,-76],[-65,-19],[-106,15],[-176,79],[-14,26],[46,120],[-15,112],[-46,48],[-94,44],[-46,-17],[111,-85],[-51,-61],[-77,-2],[-76,45],[-91,109],[-88,18],[-43,121],[-81,55],[-170,2],[-69,44],[-25,89],[35,167],[61,51]],[[59146,72921],[-26,69],[54,16],[81,-82],[103,-21],[39,-46],[152,-14],[80,63],[139,-36],[75,32],[14,70],[120,23],[-41,-69],[19,-85],[102,-20],[66,29],[96,2],[35,53],[102,61],[81,9],[190,-126],[92,39],[69,-65],[26,-73],[64,-7],[-78,-87],[-17,-142],[90,-77],[-144,-84],[-70,-92],[81,-20],[209,59],[27,44],[150,-40],[120,12],[17,32],[136,60],[62,3],[35,84],[75,-35],[94,20],[126,121],[101,0],[44,-33],[97,8],[208,46],[102,-29],[66,10],[187,92],[201,3]],[[62797,72698],[74,-41],[-24,-113],[83,-16],[10,-52],[145,-9],[93,32],[134,-82],[35,-83],[104,-37],[11,-86],[-66,-122],[-118,-70],[-27,-37],[-170,10],[1,-233],[32,-37],[-3,-72],[-47,-49],[81,-90],[107,-37],[96,6],[21,58],[81,25],[180,14],[119,-45],[171,-10],[48,-51],[1,-138],[27,-40],[12,-136]],[[64008,71157],[-193,-39],[-124,-58],[-81,-104],[-64,-25],[-82,-71],[-90,89],[-96,6],[-77,-118],[-97,-44],[-158,14],[-150,70],[-17,-113],[-85,-17],[-142,40],[-27,-72]],[[55862,75813],[61,21],[246,-9],[53,37],[102,-25],[50,46],[-60,50],[36,60],[118,-46],[99,15],[41,85],[122,-28],[58,60],[81,-61],[23,-317],[86,4],[75,140],[166,-87],[33,-94],[91,10],[88,-23],[168,-106],[78,90],[93,-6],[13,70],[47,31],[102,-8],[60,-61],[102,14],[63,-27],[52,-90],[151,6],[69,-23],[81,72],[-114,47],[68,47],[157,-34],[51,43],[114,28],[76,-9]],[[58862,75735],[0,-89],[120,-31],[-6,-44],[-117,-62],[-90,43],[-79,-151],[-74,-63],[-1,-37],[94,-70],[112,-47],[96,53],[33,-46],[131,-25],[-183,-123],[-31,-87],[122,4],[103,-27],[-19,-81],[54,-121],[-32,-79],[140,-38],[1,-121],[158,-38],[160,-4],[91,43],[91,-89],[-29,-54],[-81,16],[-42,-51],[-118,-40],[-88,-122],[-11,-79],[-139,61],[-101,118],[-117,-5],[-142,-51],[-30,-102],[-97,-54],[0,-34],[130,-22],[-25,-36],[56,-42],[-37,-74],[-52,14],[-43,-56],[-173,-58],[-6,-102],[113,-35],[94,-195]],[[58798,73402],[-64,4],[-122,-54],[-80,6],[-87,-25],[-86,2],[-105,-63],[5,76],[-72,30],[-132,6],[-73,-79],[-132,-11],[-125,-54],[0,-76],[175,-9],[86,-38],[52,-58],[79,35],[79,-24],[-21,-42],[26,-74],[-55,-55],[-111,-7],[-41,53],[-154,-16],[-111,-52]],[[57729,72877],[-115,-35],[-315,-152],[-133,33],[-76,114],[-116,-71],[-94,11],[-56,83],[306,48],[-68,79],[71,84],[-52,66],[-186,-62],[-109,61],[-110,-13],[-159,53],[-116,2],[-100,-21],[-299,-25],[47,136],[-76,80],[-135,-2],[-117,-45],[-67,30],[-37,115]],[[59146,72921],[-85,-21],[-90,38],[-6,73],[72,38],[53,82],[-119,92],[-16,57],[-156,88],[-1,34]],[[58862,75735],[68,38],[-47,49],[76,72],[149,63],[92,11],[141,66],[21,-66],[54,-47],[61,-3],[146,37],[81,-101],[125,-34],[16,-98],[209,-43],[4,54],[87,-4],[11,-67],[387,-27],[129,1],[53,-46],[208,-6],[88,34],[41,-30],[102,44],[153,-7],[202,95],[270,-21],[47,21],[92,-55],[59,-11],[334,19],[169,-8],[185,33],[136,45],[271,56],[153,1]],[[63235,75800],[-51,-70],[93,-21],[75,-94],[-120,-119],[-56,-74],[-170,12],[-47,-188],[78,-41],[24,-72],[55,-11],[15,-54],[-22,-127],[-48,-40],[-110,-42],[-25,-57],[87,-80],[93,-51],[185,-133],[137,-21],[30,-53],[-60,-33],[-13,-147],[82,-60],[9,-73],[-59,-35],[-89,-11],[-95,51],[-71,-49],[-59,4],[-103,59],[-91,98],[-68,28],[-109,-48],[-95,34],[-115,-59],[96,-51],[-2,-52],[42,-98],[-102,-12],[13,-97],[-39,-93],[83,-67],[-30,-96],[147,22],[279,-11],[16,-42],[80,-64],[95,0],[64,-49],[-142,-33],[-91,25],[-169,-79],[-132,-9],[-9,-59],[-65,-18],[-7,-92],[49,-92],[-12,-46],[96,-82],[144,10],[-20,-180]],[[62906,72858],[-122,-66],[13,-94]],[[58032,69163],[77,-11],[92,55],[89,-9],[188,-55],[108,-71],[28,-80],[64,12],[190,-16],[51,111],[128,-14],[181,8],[119,83],[7,47]],[[61022,68497],[-77,-21],[-131,10],[48,-75],[67,-17],[42,-70],[67,39],[50,-12],[-9,-89],[26,-48],[235,22],[113,-13],[-12,-112],[-66,-240],[157,-12],[15,-85],[87,-39],[33,-58],[62,-20],[3,-87],[58,-59],[-51,-65],[176,8],[-52,-90],[42,-102],[171,-102],[22,-30],[-46,-145],[25,-46],[-11,-142],[50,13],[68,-56],[-3,-89],[30,-89]],[[64958,66771],[82,58],[-94,14],[49,102],[-77,-17],[-57,49],[128,239],[107,25],[2,38],[112,87],[-4,40],[104,28],[54,-26],[95,9],[11,40],[-70,99],[61,79],[-3,125],[100,84],[24,69],[-113,48],[-63,-5],[-51,56],[-73,-28],[-25,-60],[-128,7],[-84,-68],[-142,87],[-7,43],[76,80],[146,70],[-46,114],[-177,74],[-52,66],[-71,-3],[3,83],[-119,48],[-70,54],[-157,29],[-64,26],[-155,-5],[-92,-33],[-51,65]],[[64067,68661],[86,27],[30,79],[111,82],[-82,119],[39,23],[-21,61],[82,43],[180,16],[193,-11],[206,-36],[98,70],[240,-9],[94,91],[117,-2],[49,-76],[187,-30],[-32,112],[86,42],[144,-13],[70,50],[-80,116],[51,16],[97,-40],[76,37],[119,-35],[96,113],[57,-1],[155,120],[60,149]],[[66575,69774],[131,-37],[10,-30],[127,-48],[-37,-74],[78,-48],[193,74],[27,80],[203,148],[-69,135],[-141,78],[-5,35],[63,75],[130,74],[8,52],[57,24],[103,-92],[118,-1],[-25,-59],[144,-38],[23,-132]],[[67713,69990],[19,-106],[-37,-131],[-208,-148],[-7,-76],[98,6],[87,-23],[28,-52],[10,-135]],[[67703,69325],[-93,-6],[29,-68],[-164,-80],[1,-86],[-52,-17],[-87,39],[-178,-84],[-91,-75],[145,18],[69,-34],[-3,-83],[99,21],[67,-10],[31,-54],[-37,-89],[-77,-2],[-82,96],[-104,-33],[4,-80],[112,-106],[3,-53],[-186,-51],[1,-69],[146,3],[145,-16],[70,-26],[-32,-51],[107,-22],[49,87],[79,94],[155,-8],[183,-62],[162,-128],[68,-24],[133,-8],[91,-64],[23,80],[115,-15],[177,119],[-3,81],[96,9],[83,-34],[-52,-193],[-19,-147],[-105,-40],[68,-70],[88,2],[65,-53],[85,-23],[118,18],[24,-36],[-14,-134],[34,-47],[-120,-97],[-85,-26],[-202,54],[38,-128],[146,-13],[13,-68],[-44,-128],[-143,-50],[-266,-6],[-77,-66],[-27,-194],[-54,-99],[-66,26],[-158,-47]],[[63811,68683],[256,-22]],[[64008,71157],[160,8],[174,95],[22,-62],[129,-47],[-87,-84],[61,-9],[73,45],[151,-42],[-5,75],[193,159],[-33,90],[70,32],[108,12],[107,-86],[73,-30],[75,45],[183,-4],[106,-44],[65,38],[98,-36],[6,-52],[179,-128],[88,11],[141,-71],[61,-7],[144,-192],[-78,-31],[-40,-94],[137,-75],[21,-103],[57,-43],[31,-77],[214,-28],[98,-93],[-141,-14],[-89,-86],[-33,-160],[-65,-112],[52,-94]],[[66514,69863],[61,-89]],[[56980,69691],[-81,41],[-72,118],[-162,-10],[-106,-30],[-32,32],[79,289],[128,13],[44,79],[-17,94],[-59,23],[-19,93],[28,131],[-8,63],[-53,118],[-18,90],[-119,52],[2,103],[-52,33],[70,66],[-9,72],[40,101],[-15,62],[70,118],[36,18],[-29,133],[88,68],[130,5],[55,-19],[36,113],[91,-13],[122,81],[125,1],[80,27],[-42,88],[28,87],[-53,129],[-94,31],[7,54],[106,9],[12,84],[97,8],[36,58],[167,13],[184,-17],[24,31],[148,-8],[121,24],[79,-8],[47,59],[-66,189],[-87,23],[-51,-66],[-80,3],[-179,181],[-28,49]],[[45342,76668],[-84,-8],[96,-140],[-10,-53],[54,-85],[97,-74],[11,-103],[-80,-136],[-85,-62],[-45,-136],[37,-57],[-108,-19],[-192,-110],[-58,-5],[-13,-90],[178,-103],[1,-77],[174,-24],[-67,-100],[-107,32],[-154,-90],[-166,-66],[-413,32],[-3,-54],[-70,-34],[173,-69],[-62,-41],[-118,45],[-51,-32],[67,-71],[85,-8],[41,-142],[-13,-121],[181,-56],[52,-64],[-44,-44],[132,-109],[-38,-40],[-138,-87],[-170,-149],[-71,28],[-23,104],[-89,-11]],[[44249,74239],[-73,33],[-47,115],[-90,-18],[-61,-41],[-32,-82],[-171,75],[-23,59]],[[43752,74380],[-103,65],[-118,18],[5,57],[-98,119],[-118,101],[-98,283],[-232,92],[31,76],[-68,-3],[-59,47],[-109,5],[-27,66],[12,80],[-191,14],[-30,63],[-133,97],[-5,46],[-78,5],[-59,61],[-16,127],[131,-40],[106,1],[16,-35],[102,20],[104,-65],[81,-5],[64,141],[-208,144],[-76,6],[19,109],[-42,90],[52,41],[-30,66],[-123,-3],[-89,47],[-31,67],[5,75],[60,76],[-49,83],[-216,117],[-128,106],[129,112],[92,34],[85,-1],[47,-42],[213,61],[-27,58],[-67,12],[-34,75],[82,20],[108,121],[21,70],[55,48],[62,-6],[93,37],[63,77]],[[42928,77516],[200,-41],[74,-103],[221,-92],[241,-24],[192,3],[79,-96],[216,-109],[86,-60],[161,-61],[235,-35],[123,-56],[84,-66],[127,-70],[182,-62],[105,32],[88,-8]],[[45125,71373],[56,36],[-91,68],[24,31],[138,-20],[66,125],[-56,0],[-99,110],[-49,106],[108,16],[147,-4],[56,229],[-102,36],[6,79],[-153,13],[46,39],[-116,55],[59,181],[302,-23],[32,65],[-70,82],[-108,74],[-76,101],[-8,47],[-84,20],[26,132],[54,46],[198,81],[83,63],[-2,55],[-77,54],[-3,83]],[[45432,73353],[158,-6],[56,-23],[173,1],[129,-50],[-9,64],[96,139],[84,-9],[23,-155],[167,-1],[238,-50],[95,-5],[64,25],[139,145],[62,-24],[51,98],[127,-38],[81,-1],[0,-67],[75,-50],[69,58],[127,3],[38,64],[93,-24],[33,-52],[-92,-64],[78,-27],[80,49]],[[45432,73353],[-28,39],[47,82],[-70,0],[-106,-64],[-54,61],[-157,88],[99,108],[13,176],[-102,28],[-43,-39],[-87,7],[-87,130],[-76,-45],[-144,-5],[-324,80],[-123,163],[59,77]],[[45342,76668],[271,-15],[143,3],[439,-16],[142,-12],[295,-106],[110,-11],[40,-41],[136,-37],[177,-4],[156,-70],[141,6],[127,-94],[63,38],[159,33],[179,-25],[124,-42],[177,-12],[117,-43]],[[41044,73936],[168,-18],[124,-46],[71,-44],[98,56],[145,24],[135,108],[88,-69],[161,-58],[220,-63],[176,-9],[4,106],[105,68],[76,-48],[231,-54],[97,-60],[86,68],[-14,53],[126,110],[33,75],[63,59],[361,84],[20,76],[134,26]],[[41508,77836],[36,-31],[112,119],[120,34],[88,-6],[83,41],[233,-119],[75,-122],[12,-145],[308,-65],[55,-2],[150,54],[148,-78]],[[22029,78407],[-227,-14],[-47,55],[-203,4],[52,62],[-64,54],[-9,80],[-57,82],[-263,-29],[-116,7],[-140,31],[-73,-66],[1,-99],[-70,-9],[-149,-86],[16,-67],[71,-21],[55,-128],[-103,-49],[-17,-61],[215,-85],[0,-69]],[[20901,77999],[-185,12],[-28,-70],[-166,13],[-72,54],[-62,7],[-8,-69],[-151,-1],[-72,32],[-113,-38],[-107,-12],[-27,27],[-206,53],[5,159],[-89,-10],[-9,-35],[-171,1],[-81,78],[-107,153],[-19,192],[-189,-23],[-209,6],[-39,-45],[44,-72],[4,-63],[-61,-5],[-162,101],[-40,85],[-194,102],[31,25],[18,134],[-111,-15],[-28,59],[-118,-18],[-65,149],[-170,-21],[-110,32],[-11,61],[-51,16],[32,80],[-22,26],[32,149],[-51,35],[-5,84],[85,34]],[[17843,79461],[99,8],[28,-42],[279,2],[79,-23],[124,60],[197,-23],[-38,146],[227,-3],[105,16],[108,-39],[200,73],[292,-9],[207,65],[53,-58],[103,18],[-25,-113],[92,-55],[49,44],[151,59],[77,-18],[47,98],[82,-18],[73,63],[40,69],[-172,135],[74,52],[238,-61],[110,45],[-73,67],[11,139],[138,-6],[73,195],[56,0],[33,53],[-94,243],[-218,75],[-67,-34],[-79,61],[80,59],[29,77],[77,73],[95,1],[34,110]],[[20837,81065],[147,12],[-8,-74],[168,-6],[39,16],[136,-34],[269,-52],[26,-94],[-96,-34],[71,-220],[106,-106],[27,-74],[114,-67],[37,-66],[-27,-109],[41,-6],[43,-102],[-53,-21],[-29,-90],[9,-59],[-48,-29],[9,-161],[-102,-83],[85,-56],[153,-29],[174,45],[101,-23],[137,45],[29,62],[151,-24],[87,-46],[250,-19],[-14,-51],[-113,-74],[24,-73],[-31,-49],[-121,-8],[-73,-103],[-18,-118],[11,-71],[-112,-22],[-76,-112],[-163,-10],[-73,-159],[44,-65],[-98,-24],[15,-73],[-68,-24],[12,-118]],[[13199,90446],[120,-125],[121,-27],[30,-28],[116,-16],[250,-258],[143,-112],[17,-59],[140,-90],[160,-2],[58,22],[447,19],[12,-134],[130,-22],[129,25]],[[15072,89639],[2,-114],[-41,-49],[-158,-104],[122,-77],[89,28],[82,65],[124,-85],[-14,-67],[-81,-129],[23,-121],[-24,-50],[-198,-16],[150,-156],[5,-129],[73,-128],[-69,-50],[10,-128],[-84,-23],[103,-67],[197,9],[33,-21],[-42,-76],[8,-73],[51,-7],[-28,-73],[-31,-198],[-105,-257],[-10,-90],[23,-92],[80,-44],[56,-62],[-6,-48],[-71,-44],[49,-139],[134,-154],[2,-93],[-44,-34],[75,-152],[-234,-81]],[[15323,86510],[-210,122],[-72,-16],[-47,-45],[-89,-22],[-88,6],[-62,36],[-21,101],[-67,85],[-66,-34],[15,-87],[-46,-27],[-102,-1],[15,-56],[156,-6],[46,-121],[-63,-57],[-75,-26],[8,-56],[-85,-9],[-16,69],[-98,31],[-58,-12],[-47,48],[32,83],[-23,41],[-107,83],[-20,151],[-56,42],[-53,-32],[-109,8],[-5,-92],[-225,6],[-89,-18],[-28,-56],[-77,-14],[-71,69],[-144,-32],[-159,28],[-70,-44],[-78,5],[-91,-39],[-37,-55],[-167,137],[-11,62],[-116,97],[-159,104],[-122,30],[-24,53],[-104,63],[-144,-2],[-124,46],[-33,52],[19,81],[-33,29],[31,74],[-38,56],[-67,18],[-144,107],[-47,-29],[-155,-27],[-24,-65],[-199,1],[-28,35],[-100,5],[-74,45],[-77,-8],[-33,-52],[-72,-4]],[[10796,87475],[-59,22],[-26,67],[-125,26],[-59,127],[46,69],[-30,33],[-135,16],[-38,23],[90,92]],[[10460,87950],[75,-1],[60,54],[4,46],[76,5],[12,86],[-113,-34],[-15,75]],[[10559,88181],[22,90],[-176,17],[7,33],[135,-2],[143,-44],[15,79],[-50,59],[86,53],[34,89],[104,1],[125,151],[35,19],[241,-14],[55,180],[-14,65],[-116,54],[-74,155],[20,39],[-12,136],[50,60],[173,30],[1,68],[83,27],[-34,128],[57,64],[-4,74],[40,48],[65,-26],[77,88],[100,11],[107,-18],[38,38],[93,5],[14,-38],[107,-32],[303,-17],[104,46],[-12,61],[45,58],[255,60],[50,54],[-48,84],[37,69],[-18,61],[34,60],[92,58],[100,25],[151,-41]],[[13630,85193],[-47,-165],[-70,-35],[-123,-171],[-102,-19],[-29,-63],[41,-53],[-50,-138],[78,-113],[-45,-155],[38,-22],[6,-86],[-164,23],[-46,-80],[152,-94],[53,-7],[-16,-96],[48,-34],[-81,-57],[-77,12],[-82,-38],[25,-53],[118,-10],[-106,-68],[-34,-57],[41,-120],[-92,-124],[2,-69],[159,-162],[7,-70],[-165,-78],[-77,-91],[19,-105],[-68,-76],[-198,18],[-36,-105],[13,-100],[68,-63],[-12,-79],[-118,-37],[-164,20],[-92,-5],[-43,-107],[28,-115],[96,-111],[20,-54],[-68,-78],[-33,-116],[-84,-69],[-46,-113],[21,-27],[-38,-106],[-155,7],[-46,17],[-76,-35]],[[11980,81461],[-173,-22],[-148,44],[35,92],[-147,-50],[0,-109],[-100,-41],[-49,38],[-30,80],[15,64],[-57,18],[7,67],[58,78],[-25,82],[-86,-16],[-54,27],[-7,113],[-112,17],[-54,-109],[-43,-23],[-96,54],[27,99],[-114,51],[-122,-44],[-22,37],[-155,59],[-60,78],[18,52],[-94,9],[4,91],[104,134],[24,186],[-187,10],[-153,27],[-65,-14],[-153,6],[-111,-28],[-53,42],[-5,89],[-76,44],[-102,24],[-3,45],[-147,-25],[-129,-5],[21,58],[53,11],[3,79],[-66,141],[43,50],[5,70],[60,59],[75,29],[38,102],[-13,32],[25,146],[-45,38],[29,148],[-30,32],[0,121]],[[9538,83948],[33,6],[33,129],[95,1],[47,100],[163,-8],[6,60],[121,21],[25,-61],[78,3],[65,185],[43,84],[-61,116],[39,96],[-97,216],[233,12],[78,28],[104,4],[-67,154],[22,61],[-77,43],[50,93],[92,-18],[42,-48],[164,31],[50,87],[81,9],[79,67],[-17,116],[61,25],[-12,45],[116,18]],[[11127,85623],[41,-33],[10,-68],[112,2],[106,73],[82,-31],[198,1],[121,-49],[63,0],[79,-85],[203,-49],[112,-50],[185,0],[50,24],[129,11],[9,-50],[84,-34],[149,-23],[112,-71],[80,40],[14,73],[133,-32],[98,8],[58,-59],[271,23],[4,-51]],[[10796,87475],[-45,-57],[-217,-29],[55,-64],[-34,-123],[0,-67],[85,-31],[-18,-93],[108,-155],[137,-86],[21,-82],[-93,-97],[-82,23],[-92,-5],[-59,-60],[30,-33],[89,28],[118,-18],[-118,-108],[69,-34],[-9,-110],[-112,-14],[105,-60],[7,-91],[-121,-11],[-47,-39],[47,-84],[49,-21],[-21,-91],[25,-66],[106,10],[115,-85],[187,7],[46,-106]],[[9538,83948],[-216,10],[-106,46],[-217,24]],[[8999,84028],[63,62],[-114,63],[93,84],[-47,67],[18,42],[74,17],[101,-53],[50,72],[-87,80],[-10,80],[17,159],[-147,-43],[-57,18],[-55,105],[160,8],[-21,68],[-114,78],[85,83],[-124,63],[-31,-36],[-164,100],[-17,-80],[-94,-70],[-147,25],[-69,98],[48,53],[-120,12],[-62,63],[5,133],[-84,51],[36,109],[-84,41],[14,119],[-31,81],[43,27],[-18,99],[-72,84],[-5,68],[57,19],[55,178],[-42,5],[-26,74],[94,20],[10,61],[-72,81],[-21,90],[22,97],[-21,154],[25,42],[93,-12],[115,17],[44,38],[86,223],[1,134],[111,61],[65,-98],[74,2],[151,-120],[52,32],[28,62],[-174,107],[29,45],[188,9],[107,-65],[70,-13],[-11,95],[181,-21],[-11,-99],[22,-49],[304,-20],[50,130],[-3,84],[118,-30],[2,-70],[43,-64],[105,-18],[154,15],[-6,46],[115,49],[-54,152],[0,79],[-80,52],[-91,29],[77,40],[-9,64],[44,152],[210,30],[87,34],[60,-31]],[[18102,85816],[40,-93],[-42,-17],[45,-97],[93,-101],[165,-90],[154,-54],[31,-119],[-62,-31],[-67,-74],[-159,-103],[-59,-7],[-92,29],[-83,-9],[-105,-92],[-161,-168],[-44,-105],[-5,-71],[88,-115],[5,-41],[-64,-38],[-149,-4],[-14,-65],[40,-113],[45,-29],[-157,-88],[-56,-60],[20,-121],[-27,-133],[-134,-9],[-20,-76],[58,-57],[-115,-2],[-5,-137],[155,-69],[1,-65],[-134,-50],[19,-52],[-28,-122],[5,-62],[62,-62],[135,-41],[55,-37],[18,-120],[-30,-62],[-83,-49],[10,-68],[60,-45],[64,-121],[29,-90],[-44,-33],[37,-108],[-3,-92],[29,-80],[64,-38],[49,-119],[-13,-104],[129,9],[145,-48],[-98,-45],[-211,43],[-29,-62]],[[17659,81734],[-275,25],[-84,67],[-149,-56],[-161,-20],[13,-118]],[[17003,81632],[-221,-29],[-10,-28],[-111,-27],[-6,-42],[-208,-9],[-55,40],[-131,56],[-19,52],[-174,4]],[[16068,81649],[0,70],[-47,233],[-196,146],[33,41],[-117,113],[12,81],[-105,14],[-4,36],[145,109],[1,69],[-61,85],[-68,8],[-113,-51],[-78,-3],[-73,45],[-8,63],[-43,40],[-183,7],[-114,-9],[-86,35],[-19,119],[-46,59],[-15,74],[-45,64],[-82,18],[-33,63],[99,83],[118,35],[82,195],[55,190],[-67,112],[99,36],[17,138],[85,-2],[27,33],[208,95],[-3,50],[-56,58],[11,86],[-65,72],[-19,79],[60,43],[22,61],[110,77],[-16,147],[77,64],[111,41],[25,215],[-35,35],[-47,174],[-113,12],[-37,117],[32,67],[21,159],[34,57],[-227,84],[-69,69]],[[15262,85860],[44,41],[317,34],[234,-29],[32,-50],[151,25],[136,0],[120,31],[106,-52],[112,68],[8,43],[186,28],[267,123],[82,1],[73,-81],[182,-5],[122,66],[120,30],[31,46],[130,21],[78,66],[74,17]],[[17867,86283],[27,-214],[125,-155],[44,-89],[39,-9]],[[13630,85193],[153,27],[75,107],[131,11],[281,-35],[31,50],[60,3],[81,94],[80,57],[84,-14],[126,79],[91,178],[-38,66],[13,55],[99,11],[58,40],[22,103],[43,-6]],[[15020,86019],[131,-48],[111,-111]],[[16068,81649],[33,-55],[20,-111],[-29,-57],[126,-127],[111,12],[-38,-80],[-97,-95],[-153,-24],[-87,21],[-157,-28],[-31,-67],[-107,12],[79,136],[-28,112],[-214,3],[-227,-50],[-4,-28],[-173,-14],[-123,17],[33,-69],[-19,-73],[40,-175],[-77,-23],[14,-40],[-151,-20],[-34,-77],[-97,51],[-199,27],[-138,-29],[-184,15],[-134,-23],[-61,137],[-163,-13],[-137,-51],[-47,200],[33,68],[-20,68],[-92,28],[-363,-52],[-81,117],[-93,23],[-20,53],[-104,49],[-11,81],[-135,-15],[-75,-72],[-25,-76],[-124,37],[-177,16],[-253,-9],[-95,82]],[[17843,79461],[-16,73],[-51,-3],[-19,74],[-280,-19],[-35,143],[-193,14],[142,92],[126,-2],[83,36],[18,90],[-29,72],[101,-3],[-33,138],[-101,16],[-53,111],[98,102],[167,78],[16,79],[-82,76],[51,102],[-4,40],[-82,86],[-2,56],[-84,152],[-248,-34],[-106,30],[-82,161],[16,199],[-52,49],[16,78],[46,61],[-168,24]],[[17659,81734],[-5,-66],[118,-20],[122,-49],[22,-54],[67,-1],[106,-58],[128,30],[-2,-67],[50,-43],[106,19],[2,163],[106,22],[142,8],[83,-40],[152,13],[51,104],[-123,123],[10,105],[116,51],[164,2],[-28,69],[-178,-59],[-59,60],[29,62],[85,12],[102,91],[27,48],[133,16],[97,-81],[331,-39],[28,-21],[-13,-148],[75,-57],[55,158],[59,25],[-46,61],[27,55],[240,-27],[26,-69],[110,11],[3,-85],[69,-87],[-87,-73],[55,-39],[69,-110],[42,-201],[165,-48],[102,-51],[139,-4],[178,-27],[51,-69]],[[20960,81349],[37,-89],[-118,-11],[-51,-70],[68,-50],[-59,-64]],[[24264,77234],[-54,249],[-71,27],[-13,52],[92,-1],[150,73],[-19,172],[59,68],[-47,87],[-102,-18]],[[24259,77943],[-8,61],[135,11],[-9,45],[80,29],[15,121],[205,12],[-27,78],[74,23],[20,127],[102,31],[165,-14],[6,115],[161,4],[62,105],[9,88],[101,-22],[165,92],[-34,56],[66,43],[91,9],[53,51],[9,56]],[[25700,79064],[110,10],[71,38],[96,-6],[86,-31],[10,-101],[108,27],[24,35],[-17,79],[83,5],[33,-110],[48,-70],[-22,-32],[-103,-18],[41,-59],[103,-37],[-82,-100],[-26,-62],[-75,53],[-67,-24],[-72,-115],[-4,-87],[72,-37],[70,2],[9,125],[46,19],[115,-75],[182,-11],[-56,-89],[-107,-10],[-47,-35],[59,-128],[196,-10],[102,-37],[61,17],[81,101],[74,27],[70,-46],[-78,-69],[9,-48],[111,-31],[44,-74],[265,-56],[-23,-57]],[[27300,77937],[-132,-5],[-90,-21],[-96,6],[-70,-74],[85,-106],[-86,-4],[-182,-46],[12,-46],[111,-12],[150,-157],[64,-134],[146,-107],[127,-25],[103,-116],[-19,-122],[107,-95],[45,-95],[141,-48]],[[27716,76730],[-52,-85],[-185,-2],[-65,45],[-73,2],[3,62],[-167,29],[-180,-38],[65,-68],[-212,-6],[-23,33],[-119,5],[-260,-54],[-60,41],[-107,-1],[-74,84],[-70,-28],[-143,14],[3,74],[-139,21],[-101,-57],[-64,1]],[[21374,77398],[-11,99],[52,391],[-9,66],[-154,-102],[-179,-3],[-133,87],[-39,63]],[[22029,78407],[73,-120],[197,21],[70,31],[38,-52],[150,-72],[6,-63],[89,-6],[10,-46],[164,-5],[35,-60],[184,-3],[68,-19],[434,22],[41,-16],[43,-76],[195,2],[116,-29],[287,32],[30,-5]],[[15323,86510],[-5,-60],[-89,-127],[-93,-103],[-8,-46],[-74,-18],[-34,-137]],[[15072,89639],[56,-28],[86,19],[45,70],[113,84],[163,19],[39,-36]],[[15574,89767],[-19,-62],[55,-161],[118,-126],[68,-161],[-5,-81],[-50,-111],[2,-96],[89,-118],[23,-73],[2,-127],[-152,-87],[41,-49],[90,-19],[108,-56],[43,79],[126,11],[74,-32],[121,-8],[114,16],[172,-80],[165,-27],[158,-87],[91,-135],[-70,-102],[-2,-85],[63,-161],[92,-63],[62,-143],[109,-99],[48,-186],[32,-60],[-14,-82],[142,-34],[-2,-166],[-93,-79],[66,-19],[-3,-56],[74,-91],[3,-97],[-23,-170],[60,-85],[103,-13],[153,21],[94,-42]],[[17902,86365],[-35,-82]],[[20960,81349],[54,60],[-13,223],[35,112],[-96,3],[18,78],[74,23],[117,-3],[3,93],[102,-44],[169,-21],[205,61],[160,20],[115,-4],[142,-43],[93,13],[105,61],[63,-16],[-3,-71],[121,-111],[50,-26],[132,-17],[69,146],[10,184],[183,18],[10,41],[92,39],[14,66],[123,-23],[179,-57],[-16,-70]],[[23270,82084],[-53,-82],[64,-51],[65,10],[-4,-92],[67,-33]],[[23409,81836],[45,-18],[-20,-67],[-50,-48],[44,-48],[0,-75],[47,-171],[81,31],[105,-91],[-84,2],[-20,-87],[-127,-11],[-24,-135],[24,-146],[123,10],[-18,-87],[-84,-33],[2,-61],[76,-47],[112,-13],[-2,-93],[25,-52],[90,78],[109,-103],[-183,-75],[212,-65],[83,-111],[61,59],[62,-23],[-62,-115],[122,-56],[189,-40]],[[24347,80145],[65,-48],[47,-77],[-60,-72],[55,-50],[-50,-104],[-183,27],[-51,30],[-62,-37],[41,-43],[112,13],[79,-55],[192,26],[64,-118],[148,-34],[127,92],[97,-62],[-6,-44],[162,-38],[50,-53],[31,-103],[51,-10],[94,66],[178,-20],[104,27],[16,-73],[179,-122],[44,-54],[-57,-60],[-71,-29],[-43,-56]],[[18102,85816],[85,-4],[136,-81],[86,18],[322,-15],[63,-284],[78,-61],[-29,-59],[-11,-99],[61,-8],[37,-55],[114,12],[196,-13],[151,3],[-11,33],[-99,40],[-152,-40],[46,132],[106,6],[-18,-61],[104,-50],[66,33],[124,8],[50,-91],[139,-26],[224,-21]],[[19970,85133],[40,-93],[-78,-58],[-83,-29],[-57,13],[-107,-36],[38,-77],[-35,-67],[40,-121],[139,-111],[36,-136],[-21,-105],[141,-45],[125,-18],[148,44],[112,-28],[24,-147],[41,-19],[147,0],[74,-53],[-101,-136],[70,-62],[114,-5],[186,70],[105,-37],[110,-108],[23,-65],[-77,-17],[-123,-107],[123,-40],[79,-100],[-85,-41],[-29,-98],[70,-60],[-11,-41],[112,-34],[104,32],[112,-112],[17,-159],[199,18],[89,38],[78,-47],[107,12],[120,-51],[56,-124],[-17,-112],[88,-65],[108,73],[176,44],[271,-67],[91,9],[38,-79],[66,-33],[131,-116],[122,-39],[93,-50],[122,22],[44,-58],[-102,-99],[-29,-78],[-74,-41]],[[35146,74766],[-245,2],[-372,-13],[-16,-8],[30,-184],[-56,-100],[-89,15],[-139,87],[-3,128],[-32,32],[45,72],[-40,94],[97,7],[63,103],[28,98],[5,108],[63,107],[16,117],[-129,71],[-127,-201],[-70,19],[-68,85],[-15,62],[71,186],[169,7],[37,165],[-85,-10],[-64,65],[-241,166],[-193,-43],[-29,31],[89,109],[-64,3],[45,79],[-42,96],[-101,111],[-125,69],[-81,129],[-108,-26],[-25,56],[21,52],[111,17],[-54,128],[-93,40]],[[33330,76897],[49,23],[-74,111],[80,-17],[26,49],[-62,59],[-110,-64],[-10,62],[124,12],[68,129],[-11,114],[-94,17],[78,121],[127,9],[-41,121],[34,25],[27,103],[-89,7],[-24,66],[116,66],[83,29],[-33,87],[-126,12],[109,52],[-9,86],[-34,44],[15,61],[144,139],[91,-13],[93,-45],[60,29],[136,-15],[159,88],[63,-19],[159,94],[106,-60],[186,7],[87,-10],[81,-83],[0,-72],[54,-44],[78,-6],[78,-36],[70,14],[36,59],[-27,112],[82,-15],[74,20],[10,44],[203,211],[40,16],[4,74],[115,3],[113,24],[-36,175],[150,-38],[51,22],[-10,265],[50,110],[130,-12],[90,-125],[32,-121],[182,-60],[-12,-107],[31,-110],[197,-196],[30,-90],[45,-35],[71,64]],[[33330,76897],[-77,-31],[-13,-56],[-89,-24],[-97,-76],[-320,23],[-102,-64],[-16,-48],[-131,15],[-48,52],[-58,-82],[-72,46],[-94,-54]],[[32213,76598],[73,195],[-10,148],[-94,52],[5,92],[140,16],[3,46],[87,60],[111,-13],[40,127],[-90,12],[8,93],[-54,27],[-327,21],[-22,-121],[-115,18],[17,56],[-51,65],[-87,34],[-171,-2],[-18,-24],[-146,-26],[-92,48],[-114,15],[135,140],[-120,29],[76,69],[22,78],[-87,3],[-64,29],[166,118],[-59,56],[-151,72],[-174,-11],[-68,20],[-111,-75],[-38,21],[-272,-58],[-99,9],[-64,-23]],[[30398,78014],[-32,39],[33,52],[-18,73],[35,74],[27,142],[87,7],[3,68],[-49,32],[26,151],[-48,89],[111,11],[36,-24],[93,20],[101,-117],[76,-3],[101,38],[254,-44],[121,6],[-2,97],[-93,83],[78,40],[-24,64],[150,41],[-38,72],[-105,-20],[-6,55],[65,61],[103,32],[101,-88],[152,-14],[82,70],[36,-12],[129,121],[71,95],[-87,-5],[-144,73],[60,49],[-64,64],[10,67],[51,73],[103,36],[-45,104],[109,60],[-2,67],[82,72],[-35,159],[40,37]],[[32132,80181],[251,5],[32,-22],[115,69],[153,12],[198,-60],[41,30],[158,37],[132,-12],[8,94],[182,2],[181,-159],[1,-71],[264,30],[88,-54],[57,-132],[212,-24],[108,17],[60,-77],[4,-72],[86,-5],[37,35],[88,-38],[-48,-32],[22,-58],[109,-44],[17,74],[103,-18],[71,-104],[140,-28],[108,26],[68,-23],[324,-51],[152,55],[93,83],[195,52],[186,18],[42,-24]],[[36170,79712],[17,-89],[-74,-65],[8,-35],[125,-112],[66,47],[92,-14],[190,47],[210,18],[146,51],[66,-14],[-29,-123],[152,-12],[-5,-60],[-58,-134],[8,-53]],[[27716,76730],[184,8],[172,-38],[-12,-73],[115,-40],[12,-49],[104,11],[58,-71],[175,-47],[61,-2],[51,57],[-66,78],[77,40],[63,-3],[208,-105],[49,32],[-97,73],[-46,107],[15,55],[102,10],[1,70],[-107,94],[-3,49],[-90,90],[-85,23],[55,53],[101,-86],[113,28],[109,-50],[-57,-42],[6,-65],[49,-30],[133,-1],[23,-129],[52,-11],[-40,-82],[122,12],[40,56],[228,22],[42,73],[210,43],[54,-12],[-21,-90],[35,-36],[95,29],[193,18],[46,-22],[30,145],[120,89],[-47,73],[131,-10],[104,71],[31,-36],[40,-122],[35,-21],[152,10],[150,-18],[72,16],[151,-35],[115,6],[175,30],[33,-58],[-6,-94],[-48,-70],[-105,-8],[-8,-50],[164,-31],[125,3],[94,-39],[-34,-100],[-48,-48],[-29,-89],[131,-19],[84,31],[16,-69],[65,-23],[59,-66]],[[31997,76245],[26,-70],[-73,-19],[62,-111],[-50,-47],[-125,-18],[0,-62],[-127,-56],[6,-49],[72,-34],[-33,-93],[-37,-31],[-4,-97],[-59,-55],[86,-54],[-115,-117],[23,-67],[184,-25],[52,-50],[-41,-39],[149,-92],[80,-34],[26,-87],[-74,-79],[139,-102],[-56,-137],[-120,-55],[44,-50],[-73,-43],[-59,62],[-48,-77],[83,-26],[34,-41],[-58,-81],[15,-85],[223,-48],[45,-65],[-34,-95],[180,17],[-44,-72],[123,-63],[60,-69],[20,-91],[111,-3]],[[27300,77937],[126,32],[62,-44],[393,10],[54,-17],[111,60],[170,-38],[62,37],[111,-34],[27,50],[155,11],[23,46]],[[28594,78050],[108,-83],[-11,-115],[94,-57],[83,14],[44,75],[98,3],[-46,72],[128,62],[124,-44],[309,-24],[136,72],[6,56],[260,-40],[12,-47],[78,-43],[108,5],[41,-26],[125,1],[96,24],[11,59]],[[32213,76598],[-28,-68],[-65,-55],[-34,-123],[-89,-107]],[[28594,78050],[59,115],[-99,34],[-148,-3],[-45,54],[48,123],[106,40],[140,-32],[34,154],[-148,-5],[-17,127],[38,32],[77,126],[-82,183],[55,100],[178,16],[50,27],[-78,93],[122,104],[115,24],[40,28],[74,160],[-20,64],[28,41],[162,38],[67,75],[-46,57],[29,59],[-6,103],[57,-7],[66,76],[-118,90],[54,114],[-29,76],[51,15],[67,-49],[140,-7],[68,117],[6,69],[56,68],[17,86],[111,7],[69,83]],[[29942,80725],[86,-57],[109,-43],[112,18],[6,48],[87,59],[47,99],[93,-30],[39,73],[23,143],[111,-1],[94,71]],[[30749,81105],[155,-37],[136,24],[105,-3],[217,43],[157,-13],[33,120],[90,-12],[46,81],[180,-84],[-70,-108],[108,-39],[143,-76],[-112,-111],[-121,-38],[-162,-13],[20,-131],[-55,-38],[-71,31],[-49,-46],[-2,-81],[83,-37],[29,-47],[172,-17],[127,-86],[-25,-65],[22,-71],[114,-10],[113,-60]],[[30749,81105],[-79,92],[-5,49],[92,91],[-62,38],[-25,63],[30,58],[-38,65],[-99,11],[56,77],[104,-9],[70,69],[-33,35],[-95,-58],[-47,76],[23,83],[-88,10],[-102,-124],[-71,16],[3,53],[-71,22],[-170,-86],[8,59],[-115,35],[-14,82],[-159,69],[53,50],[83,-30],[88,55],[-144,24],[50,126]],[[29992,82206],[-2,102],[-35,95],[95,59],[21,54],[-21,113],[57,85],[99,-15],[196,9],[205,-32],[-6,-42],[122,-10],[111,104],[82,-4],[138,29],[103,91],[206,10],[8,-109],[245,-131],[39,-42],[-28,-42],[73,-39],[117,-11],[30,46],[-43,38],[93,80],[-165,92],[4,150],[-26,60],[122,136],[150,-5],[-64,96],[39,38],[135,-68],[172,50],[118,78],[19,40],[-64,36],[92,132],[69,13],[76,115],[37,-4]],[[32611,83603],[161,-63],[60,-62],[115,-31],[70,-49],[60,-132],[-5,-74],[-45,-65],[-16,-156],[-117,1],[-51,-97],[-122,-1],[64,-172],[361,-92],[265,-14],[67,-100],[150,-150],[27,-51],[195,-147],[124,3],[221,102],[16,46],[202,15],[201,-79]],[[34614,82235],[178,-129],[72,-85],[166,-96],[217,-66],[188,-111],[181,-35],[160,-3],[186,31],[119,-64],[-9,-45],[-79,-9],[-14,-69],[-168,-41],[-51,-110],[34,-68],[267,-144],[39,-88],[-76,-67],[-136,-8],[-170,26],[-155,-14],[-44,-64],[51,-54],[116,-53],[151,-117],[-48,-111],[256,10],[31,39],[175,-16],[46,-74],[-9,-82]],[[36288,80518],[13,-52],[-52,-88],[-31,-122],[-113,-174],[-73,-84],[-66,-38],[32,-56],[145,47],[75,-69],[-3,-147],[-45,-23]],[[37820,90108],[-45,-78],[-79,-18],[-69,26],[-13,97],[96,54],[-8,101],[23,66],[-54,43],[-111,-6],[-47,-40],[-15,-144],[-109,-45],[-59,-86],[-195,28],[-246,-50],[-149,-106],[-41,55],[-26,114],[-77,38],[-92,-39],[47,-50],[-194,-31],[-22,32],[38,82],[-26,63],[-81,41],[-30,59],[-206,-20],[-63,-79],[-116,-99],[-92,53],[-27,-53],[-127,44],[47,29],[-46,191],[97,-37],[92,42],[-178,38],[-35,112],[49,38],[-4,127],[-98,-57],[75,-42],[-88,-29],[-98,-85],[-30,58],[-99,16],[-116,99],[-34,-14],[56,-83],[-34,-88],[-60,51]],[[35101,90526],[20,68],[-198,113],[-69,18],[-84,125],[67,113],[45,37],[-109,45],[-32,59],[91,25],[-78,51],[-58,90],[-128,3],[-20,-90],[-54,-27],[-69,60],[-78,-42],[88,-99],[-63,-19],[-43,40],[-78,-47],[29,-63],[-58,-17],[-47,78],[-167,64],[-71,58],[136,96],[-64,78],[64,24],[61,-30],[46,-72],[114,25],[76,-24],[83,19],[213,105],[35,49],[-48,171],[-80,3],[-48,-117],[-99,-9],[-64,69],[-75,30],[-50,-111],[-53,-40],[-88,85],[116,9],[-16,70],[-171,89],[-42,119],[43,100],[9,120],[-62,57],[-15,64],[95,13],[44,-56],[60,-20],[123,32],[70,59],[11,68],[109,8],[-21,49],[-93,-37],[-46,20],[-7,93],[27,65],[241,19],[39,-46],[147,55],[96,-13],[12,-41],[-115,-48],[103,-22],[47,-85],[160,-44],[69,2],[8,90],[98,3],[7,57],[84,47],[-69,83],[-129,-27],[-115,44],[-203,-44],[-144,60],[-3,95],[42,104],[68,6],[62,-36],[-18,-39],[67,-73],[140,-36],[58,7],[54,85],[-73,83],[-69,9],[-85,65],[-9,153],[-130,21],[2,41],[63,68],[-47,40],[33,56],[-17,103],[76,10],[37,-37],[155,-37],[58,-53],[135,-44],[344,16],[12,151],[92,67],[50,74],[48,-166],[68,3],[93,-86],[-75,-50],[-137,66],[-18,-72],[37,-86],[-26,-60],[-62,-26],[-56,-79],[24,-80],[139,-31],[24,-98],[93,-127],[82,-82],[106,-60],[132,-25],[-13,-37],[-105,-38],[-239,13],[-75,-83],[83,-57],[176,-30],[96,-32],[62,-103],[162,43],[51,89],[-9,57],[38,77],[96,5],[51,-31],[19,-164],[234,28],[65,-10],[214,27],[109,-39],[96,-115],[28,-65],[14,-116],[174,-24],[83,-102],[-22,-101],[-114,-123],[-99,-64],[41,-96],[146,33],[99,-45],[38,-47],[115,23],[32,36],[150,-48],[24,-117],[-51,-62],[-46,-160],[94,-4],[56,67],[128,15],[20,-84],[-93,-77],[120,-63],[-37,-38],[54,-46],[-39,-89],[61,-83],[-114,-27],[-149,-5],[-33,-94],[84,-39],[-91,-51],[-96,-25],[-124,-92],[21,-51]],[[34614,82235],[143,59],[-46,70],[87,94],[-10,48],[63,43],[113,22],[-3,62],[88,-14],[105,28],[104,158],[-20,99],[-134,6],[-17,-70],[-83,33],[-39,92],[68,69],[100,34],[92,122],[-25,102],[183,129],[-103,17],[10,80],[-27,50],[85,28],[25,-72],[139,-26],[7,88],[164,10],[-25,101],[147,12],[72,149],[208,20],[51,27],[120,9],[78,-21],[10,-61],[147,-41],[132,-20],[-59,-93],[140,-89],[145,-142],[137,-99],[44,-90],[181,-28],[-23,120],[49,43],[237,113],[161,59],[61,41],[161,13]],[[37857,83619],[94,-86],[41,-77],[-18,-117],[153,-78],[2,-55],[50,-35],[140,-166],[-4,-96],[-75,-192],[-196,-280],[-30,-123],[-92,-120],[104,-37],[127,-9],[227,-50],[60,-49],[-15,-112],[-174,-56],[-42,-37],[-73,7],[6,-81],[-63,-70],[66,-154],[-49,-64]],[[38096,81482],[-62,-37],[-45,52],[-66,4],[-127,-33],[-110,41],[-100,72],[-95,-31],[-14,-40],[-129,-43],[-110,4],[-59,-77],[-63,-27],[39,-47],[86,6],[41,-137],[-95,-32],[88,-37],[-15,-57],[191,4],[85,-106],[-21,-36],[-187,-55],[-3,-99],[-49,-22],[-82,21],[-111,63],[-59,-5],[17,-87],[156,12],[86,-38],[-64,-106],[-93,-7],[-30,-92],[-49,-50],[-76,10],[-67,49],[-64,-9],[-166,-65],[66,-49],[-86,-25],[-82,13],[-59,-27],[-22,78],[-64,44],[-139,39]],[[39075,87120],[22,-261],[-167,-125],[-10,-39],[-173,-189]],[[38747,86506],[-162,9],[-26,-188],[-62,-91],[-66,-31],[-125,-135],[-22,-96],[-104,-43],[-77,-91],[32,-73],[-121,-32],[-145,-57],[-237,27],[-128,-56],[-205,70],[-148,-7],[-57,23],[-20,87],[-138,-30],[-128,0],[6,77],[-94,42],[-175,9],[-184,-44],[-62,11],[-102,-57],[-224,-47],[-71,-92],[42,-193],[-56,-6],[-5,-63],[-179,-18],[-17,-58],[-279,25],[-44,58],[-146,33],[-84,-1],[5,121],[-194,18],[4,-48],[-105,11],[-86,-14],[-70,49],[53,25],[118,2],[2,33],[-218,-11],[-93,-48],[9,-59]],[[34559,85547],[-106,11],[-51,97],[-2,81],[-89,119],[-117,-46],[-132,-4],[-64,34],[-43,85],[72,80],[43,6],[11,83],[-22,70],[6,99],[-139,17],[-187,47],[-8,119],[39,118],[-146,16],[-83,35],[80,184],[-31,7],[-119,108],[-9,95],[103,-12],[2,-39],[148,31],[-18,124],[98,46],[-36,67],[-3,103],[84,117],[115,72],[-34,22]],[[33921,87539],[227,119],[27,124],[70,73],[16,62],[106,29],[88,-38],[-20,-149],[-100,-73],[16,-119],[-15,-117],[80,-33],[87,49],[165,8],[357,111],[97,87],[-231,-14],[-66,48],[115,27],[15,63],[91,30],[17,45]],[[35063,87871],[95,21],[170,-45],[-1,167],[96,42],[45,60],[97,3],[-36,-171],[40,-23],[67,63],[147,-3],[49,-52],[-46,-86],[76,-4],[96,-71],[-35,-44],[-115,0],[-75,-49],[-84,-17],[118,-166],[29,-17],[154,16],[30,52],[118,17],[21,67],[-17,67],[77,94],[185,5],[17,-47],[-80,-50],[-96,4],[0,-82],[57,-64],[232,14],[313,-27],[0,-101],[105,-2],[22,-84],[70,10],[31,-74],[162,-8],[19,-50],[75,-55],[80,-12],[33,-123],[187,12],[192,34],[180,11],[55,-49],[57,0],[175,82],[99,31],[122,14],[237,-22],[186,-27],[53,11],[128,-23]],[[37820,90108],[36,-19],[95,97],[176,-11],[-38,-73],[83,-21],[25,43],[-12,75],[51,16],[149,-40],[3,-44],[-61,-44],[-25,-61],[-115,-74],[12,-66],[-118,-22],[53,-58],[89,45],[8,44],[78,36],[85,115],[53,176],[44,25],[102,-61],[77,-180],[86,-70],[-81,-79],[17,-62],[101,-85],[18,-66],[-68,-84],[52,-62],[-13,-52],[-86,-29],[29,-64],[93,-83],[127,-36],[183,-20],[16,40],[-63,66],[-47,169],[-38,79],[3,101],[90,54],[87,-60],[105,-43],[92,-110],[-12,-64],[80,-114],[97,-17],[127,-65],[105,-32],[35,-64],[109,-40],[-35,-53],[-176,-40],[-109,-40],[-68,-3],[-160,46],[-126,-13],[-55,-68],[83,-42],[87,-120],[-55,-35],[100,-81],[-165,19],[-204,69],[-78,-8],[-46,-40],[-21,-97],[371,-34],[-64,-50],[109,-16],[86,45],[288,10],[335,55],[197,-21],[-93,-127],[-93,-191],[10,-34],[-199,-166],[-183,-118],[-93,-127],[-161,-110],[-8,-71],[-167,-142],[-95,-100],[-84,-55],[61,-173],[-28,-63]],[[35063,87871],[-24,98],[-41,43],[-104,44],[-23,40],[80,35],[144,20],[64,51],[-12,80],[99,11],[-31,54],[-86,25],[-72,52],[-80,-27],[-28,61],[86,24],[-42,54],[-110,-19],[-61,60],[-119,54],[-134,175],[-17,122],[-107,6],[-12,54],[256,17],[31,58],[-102,60],[-131,10],[0,71],[-83,-18],[-48,66],[72,14],[62,103],[-49,57],[-70,223],[-38,214],[13,95],[-97,-1],[-34,99],[-164,-2],[-76,44]],[[33975,90098],[25,68],[-76,9],[-33,62],[130,-7],[146,81],[131,33],[47,76],[57,21],[41,-55],[81,4],[109,57],[30,64],[66,21],[145,-29],[136,38],[91,-15]],[[33921,87539],[-67,-39],[-171,-25],[-60,43],[-91,137]],[[33532,87655],[-107,-30],[-23,-31],[-176,-3],[-227,57],[-118,16],[-52,136],[-113,28],[-82,-3],[-40,42],[-56,223],[-147,-7],[-84,31],[-34,86],[25,79],[-81,50],[-34,63],[25,149],[-73,75],[-26,152],[-80,81],[-23,145],[-40,33],[-104,-101],[-102,-4],[-4,-36],[-166,-19],[-86,58],[-32,86],[-67,29],[-18,56],[18,91]],[[31405,89187],[40,66],[136,77],[36,68],[-37,88],[75,17],[106,100],[131,-53],[183,-26],[69,14],[71,70],[148,28],[20,-53],[198,-14],[86,25],[117,0],[52,-54],[134,-40],[-9,-39],[-104,-17],[-119,-59],[16,-44],[-46,-85],[130,-37],[-94,-155],[44,-58],[213,-71],[170,-13],[-2,64],[112,28],[19,124],[100,12],[-23,-162],[93,-29],[132,28],[15,58],[-35,78],[106,34],[79,-13],[9,117],[-45,52],[52,54],[-13,88],[-69,61],[-71,20],[-32,66],[49,70],[-29,79],[-26,162],[144,36],[-39,48],[69,73],[17,60],[60,4],[60,-62],[72,26]],[[34559,85547],[-35,-39],[166,-64],[-84,-124],[-179,-4],[14,-108],[-204,9],[-96,-20],[-118,58],[-81,5],[38,-87],[-23,-131],[-230,21],[-171,-108],[-42,-97],[-187,80],[-110,-78],[-83,30],[-62,69],[-195,14],[-91,-33],[-99,-6],[-31,102],[35,85],[-135,24],[-32,65],[-132,61],[-13,-56],[45,-161],[-79,-16],[-16,-70],[-152,-9],[-78,-83]],[[32099,84876],[-233,-46],[-116,-6]],[[31750,84824],[-75,82],[-69,142],[70,29],[203,20],[16,165],[-3,133],[-91,43],[-136,1],[-20,46],[-134,-15],[-49,84],[35,53],[-117,127],[-60,86],[-110,87],[-72,97],[-115,-12],[12,51]],[[31035,86043],[44,52],[14,126],[-61,52],[-3,75],[29,62],[176,34],[-108,121],[-229,-66],[-5,74],[115,72],[121,31],[81,-25],[42,56],[133,14],[68,70],[-2,58],[117,-12],[34,-50],[-37,-44],[51,-37],[-13,-66],[82,-40],[-3,-96],[93,-30],[31,-47],[71,25],[71,-72],[147,-16],[261,11],[-22,47],[40,96],[-72,14],[7,78],[56,3],[58,-43],[-3,-57],[145,2],[94,62],[49,161],[4,192],[-50,10],[-36,166],[15,35],[-81,96],[104,33],[257,-47],[25,-37],[108,2],[77,106],[-40,73],[13,60],[67,35],[214,14],[0,34],[138,16],[26,97],[-16,32]],[[38096,81482],[89,-242],[80,-175],[-5,-85],[47,-56],[61,-234],[138,-27],[51,49],[83,1],[25,258],[143,7],[42,-122],[158,-78],[-28,-98],[25,-125],[85,-176],[-6,-121]],[[39084,80258],[-101,-215],[-37,-137],[-43,-80]],[[37857,83619],[-65,102],[32,67],[28,189],[-117,97],[39,79],[12,148],[127,6],[24,77],[-31,57],[69,31],[200,11],[-4,-89],[-87,-99],[39,-45],[118,-11],[96,14],[45,-37],[36,-202],[138,-23],[-22,50],[59,317],[157,276],[55,67],[36,89],[126,17],[83,55]],[[39050,84862],[32,-45],[87,-41],[243,7],[61,-87],[1,-41],[-71,-142],[-43,-51],[114,-157],[137,-98],[63,-184],[65,-85],[140,-27],[65,-140],[40,-132],[108,-221],[24,-262],[-26,-60],[-40,-178],[-128,-239],[50,-116],[-74,-134],[14,-65],[-59,-21],[-61,-110],[-24,-135],[8,-83],[-67,-83],[-96,-16],[-162,-51],[187,-347],[-44,-189],[-90,-43],[19,-94],[-111,-66],[-13,-75],[27,-48],[-24,-202],[55,-19],[5,-107],[-155,-118],[-87,-96],[-136,-203]],[[32611,83603],[36,66],[-57,60],[-125,21],[-37,-46],[-64,2],[-32,185],[-103,-4],[7,117],[37,100],[82,164],[-10,85],[-76,-7],[-49,131],[-9,88],[39,118],[-151,193]],[[38747,86506],[-33,-71],[191,-60],[82,-160],[-9,-80],[102,-150],[-8,-69],[107,-126],[18,-46],[38,-227],[-20,-49],[-98,-113],[-185,-155],[3,-135],[83,-127],[32,-76]],[[31027,89516],[-147,9],[-114,-54],[-108,-26],[23,-48],[-50,-66],[8,-89],[-51,-56],[71,-126],[-76,-35],[-25,-58],[-75,-11],[107,-154],[-14,-144],[29,-38],[-10,-157],[38,-29],[-74,-57],[-39,-68],[-72,5],[-133,-42],[-19,-44],[-194,27],[-18,-34],[106,-21],[18,-66],[-112,-18],[21,-105],[71,-59],[-73,-62],[-120,-34],[-136,11],[-91,-34],[32,-50],[-107,-7],[-88,-97],[-34,-78],[-118,-70],[-83,32],[-11,-120],[-101,-22],[-123,32],[-282,-42],[-121,16],[-2,154],[-63,-1],[-39,-114],[19,-119],[43,-25],[49,-105],[-125,-37],[-33,30],[-152,-47],[-17,-125]],[[28412,87038],[-116,60],[-17,36],[-248,20],[-95,104],[-89,11],[-88,104],[-167,88],[-119,139],[0,87]],[[27473,87687],[0,74],[-35,68],[-103,58],[-149,33],[28,39],[-51,182],[101,-29],[-45,123],[40,68],[-57,13],[-34,97],[189,16],[104,-60],[135,27],[84,-33],[-24,128],[152,55],[152,22],[25,103],[63,61],[13,59],[51,50],[34,108],[-8,70],[73,48],[-51,44],[6,67],[71,-2],[-8,83],[138,49],[125,-12],[56,65],[143,-12],[170,10],[131,35],[62,65],[9,78],[-28,113]],[[29035,89650],[155,34],[127,-22],[104,22],[89,-5],[78,-35],[91,65],[-67,80],[-7,94],[262,84],[102,226],[78,-14],[158,26],[136,49],[108,-57],[53,-78],[22,-94],[-135,-204],[18,-109],[126,-43],[240,-24],[76,-23],[178,-106]],[[23811,93663],[138,-59],[86,0],[23,63],[109,-60],[-92,-13],[-50,-73],[28,-67],[86,-47],[84,15],[20,-93],[-30,-42],[56,-139],[-8,-93],[136,-118],[-21,-60],[-74,-68],[-71,-14],[-34,-84],[-6,-87],[-42,-16],[-10,-89],[35,-112],[72,-7],[-30,-65],[24,-35],[177,5],[73,-96],[93,-20],[-29,-57],[-142,-6],[4,-92],[53,-34],[-3,-53],[67,-113],[117,-91],[44,13],[79,-78],[174,-25],[159,-47],[162,-10],[83,-59],[71,58],[148,26],[200,-64],[60,25],[267,-40],[26,-66],[108,-102],[41,12],[104,-33],[-19,-70],[46,-58],[90,7],[128,-54],[-9,-80],[39,-60],[53,15],[211,-12],[8,-89],[-99,-46],[-89,-77],[-40,-75],[19,-56],[-36,-78],[100,-80],[41,8],[214,-48],[103,24],[62,83],[76,-38],[-23,-45],[4,-109],[-91,-96]],[[27164,90319],[-58,-89],[16,-237],[-57,-25],[-273,-16],[-75,92],[-84,-7],[-69,-106],[3,-76],[-63,-16],[-151,0],[-84,28],[-3,103],[-89,165],[-143,96],[-161,15],[-49,75],[-45,21],[12,78],[-37,41],[-77,8],[-113,-82],[-123,-30],[-50,80],[-177,37],[-90,-28],[-103,0],[-39,-84],[-79,-76],[-87,-29],[-108,-73],[6,-72],[-31,-115],[44,-96],[-110,11],[-227,-10],[-107,15],[-197,0],[54,-245],[34,-12],[85,-172],[-82,-25],[-15,-67],[-101,-21],[-79,-86],[-147,39]],[[23835,89328],[-63,12],[-113,115],[-2,86],[-91,134],[-6,59],[-79,52],[-24,172],[-174,127],[69,44],[-40,89],[15,74],[-80,103],[-37,123],[70,47],[-41,123],[66,68],[83,25],[-218,209]],[[23170,90990],[15,86],[-22,86],[34,165],[-16,94],[146,-8],[85,84],[-19,91],[-75,156],[17,150],[-42,78],[-174,106],[-41,118],[-195,135],[-136,21],[-27,-26],[-171,-13],[-34,33],[-167,70],[-116,-17],[-104,15],[-77,105],[-105,31],[29,42],[-48,119],[-138,46],[-22,65],[65,32],[108,8],[66,96],[-27,38],[45,157],[44,37],[-52,92],[-97,40],[-162,35],[-68,186]],[[21689,93543],[8,51],[208,-15],[88,-77]],[[21993,93502],[-8,-32],[65,-78],[48,25],[139,5],[280,-88],[-49,-98],[113,-44],[87,-60],[59,97],[140,70],[-2,77],[157,62],[51,-29],[100,14],[11,43],[96,13],[119,-16],[4,70],[-170,36],[-46,-14],[-30,100],[37,18],[69,128],[105,-26],[39,25],[186,-154],[125,26],[93,-9]],[[27473,87687],[-109,21],[-68,77],[-131,3],[-77,-67],[-160,-32],[-74,91],[-55,30],[-131,-8],[-105,58],[-268,65],[-108,117],[-220,137],[-47,7],[-63,77],[-60,38],[-24,99],[-91,45],[-79,74],[-57,88],[-179,44],[-194,132],[-91,19],[-172,-36],[-117,23],[-161,9],[-159,48],[-179,110]],[[24294,88956],[-108,61],[-141,109],[-57,15],[-104,74],[-49,113]],[[27164,90319],[217,-11],[132,-44],[93,53],[213,-59],[45,-51],[140,-62],[77,8],[111,-46],[127,-151],[75,4],[70,-64],[15,-96],[223,-120],[109,2],[63,-39],[161,7]],[[31035,86043],[-102,-30],[-54,49],[-197,-12],[-120,34],[-158,4],[8,105],[-258,-35],[-74,1],[-70,43],[-115,-21],[-203,37],[-198,18],[-47,56],[-86,11],[-108,67],[-98,87],[7,90],[-82,31],[-112,-23],[-71,47],[-179,38]],[[28718,86640],[-120,86],[-85,-6],[-91,91],[15,188],[-25,39]],[[31027,89516],[84,-38],[389,-27],[48,-101],[-153,-100],[10,-63]],[[21993,93502],[44,41],[162,-61],[114,7],[-57,73],[9,91],[54,64],[111,24],[46,-28],[88,70],[-50,144],[43,44],[-43,71],[57,95],[-35,51],[-80,35],[67,87],[-38,41],[-116,-22],[-17,59],[-130,2],[-32,-98],[-11,-239],[-92,20],[-2,69],[-107,55],[-174,26],[-147,74],[69,53],[-43,77],[121,134],[-119,50],[-122,-108],[34,-93],[56,-36],[-24,-39],[-89,-22],[-45,40],[9,76],[-134,107],[-40,-51],[-18,-78],[-63,-30],[-21,-65],[-105,-12],[14,118],[-96,50],[-149,0],[-39,168],[89,116],[92,-53],[110,-15],[8,44],[-65,55],[101,65],[49,98],[-53,40],[-216,-1],[-67,27],[-18,63],[61,88],[-11,104],[-74,-2],[-102,-41],[-84,71],[-166,-12],[-38,-23],[-71,59],[-43,-75],[60,-28],[7,-163],[-63,-6],[22,-95],[-91,1],[-92,48],[-2,102],[140,66],[-104,47],[-29,-37],[-132,5],[79,94],[23,82],[163,41],[-114,145],[-61,2],[-77,-156],[-106,16],[-100,-18],[-18,31],[-103,23],[-79,89],[-85,-20],[-73,40],[-119,-18],[-79,84],[56,65],[146,7],[8,64],[-160,-12],[-90,33],[156,85],[43,87],[8,75],[-22,136],[-81,2],[-70,-43],[-81,103],[139,34],[269,-38],[122,129],[-40,36],[-98,11],[-35,84],[52,35],[128,3],[24,44],[-141,3],[0,75],[44,15],[117,-21],[94,-66],[1,-36],[103,-6],[60,61],[3,64],[111,13],[-35,68],[-2,81],[-45,9],[-16,75],[117,11],[-3,45],[179,11],[-53,45],[1,75],[172,-38],[20,-99],[91,6],[85,-29],[46,-60],[133,4],[-57,-75],[49,-59],[-93,-34],[-5,-40],[96,-51],[-49,-86],[65,-11],[-15,-61],[192,-37],[41,-34],[113,106],[141,-17],[-25,-54],[89,-79],[200,38],[86,-25],[15,-87],[148,-23],[40,-123],[43,-71],[94,18],[-12,55],[214,0],[124,-14],[52,-46],[65,41],[67,-10],[93,32],[192,-69],[176,35],[79,-6],[-16,-86],[199,-16],[-85,-40],[-1,-110],[-59,-25],[29,-97],[-31,-125],[-35,-30],[-154,16],[-8,-58],[63,-16],[67,32],[100,-56],[121,-8],[4,-167],[43,-39],[-9,-127],[48,-24],[-313,-294],[93,20],[199,108],[-11,-78],[94,-19],[52,57],[140,-52],[17,-76],[77,30],[207,29],[46,-52],[149,35],[15,-97],[-26,-63],[30,-60],[-114,-46],[0,-120],[-102,-36],[-10,-81],[-116,-62],[-73,85],[-9,86],[-51,22],[13,85],[-113,17],[-20,139],[-54,14],[-69,-40],[9,-60],[-69,-60],[162,-55],[-64,-52],[-11,-59],[68,-60],[-90,-36],[-16,-86],[83,-33],[-16,-108],[81,13],[69,-48],[274,-152],[-92,-194]],[[19674,94989],[200,38],[72,-22],[5,-179],[-100,-24],[14,-120],[239,79],[99,-13],[52,-129],[-28,-75],[180,12],[36,-58],[-50,-29],[-35,-74],[48,-10],[124,38],[22,-37],[133,20],[52,40],[120,34],[27,-77],[-27,-27],[-41,-188],[-145,18],[-80,-102],[-197,-8],[-212,-33],[-78,44],[-100,137],[-147,86],[-92,24],[-75,-27],[-57,24],[-34,133],[67,30],[24,83],[-99,65],[-30,98],[-73,137],[65,49],[-58,46],[49,55],[83,-18],[47,-40]],[[23170,90990],[-364,2],[-31,-85],[-111,-13],[-130,8],[-77,35],[-95,-109],[-45,31],[-131,15],[-49,66],[-94,46],[-186,-6],[-168,-23],[-37,-51],[-86,-19],[14,-41],[101,-81],[8,-116],[-116,13],[-208,83],[-323,64],[-127,53],[-71,56],[-214,126],[-140,11],[-124,43],[-160,25],[-28,24],[-233,55],[-119,-2],[-298,46],[-118,38],[-99,64],[-185,60],[-97,2],[-116,63]],[[18913,91473],[16,60],[63,78],[30,125],[41,357],[-59,211],[-23,33],[-177,36],[-77,138],[-30,138],[-48,96],[-8,108],[17,165],[-175,118],[111,218]],[[18594,93354],[-60,118],[-48,-2],[-20,92],[-75,13],[1,58],[-132,46],[7,223],[58,57],[-55,76],[111,46],[-12,66],[94,60],[104,37],[413,29],[251,-5],[50,-11],[190,9],[180,-83],[83,-69],[82,-123],[19,-66],[104,-65],[95,-137],[103,-84],[81,-89],[4,-42],[235,-54],[131,10],[196,82],[272,21],[148,-31],[342,2],[91,-31],[52,36]],[[18913,91473],[-69,22],[-103,-12],[11,-243],[-84,-15],[-70,-130],[22,-151],[-78,-35],[-182,-49],[44,-116],[74,-56],[-55,-45],[24,-133],[42,-56],[-20,-53],[-160,16]],[[18309,90417],[-94,39],[-6,-63],[-52,-51],[-230,-33],[-115,-30],[-33,-52],[56,-43],[108,6],[51,-39],[-91,-30],[-202,-30],[-105,10],[6,94],[-126,-12],[18,-152],[-110,-21],[-102,19],[-83,113],[-112,46],[-73,56],[-163,0],[-137,79],[-35,59],[-68,42],[-201,-21]],[[16410,90403],[108,179],[-83,67],[-7,85],[-219,110],[-50,68],[136,80],[123,215],[2,57],[170,124],[35,59],[113,121],[-20,92],[-115,29],[12,130],[-16,91],[64,18],[-41,102],[2,59],[-94,63],[-45,91],[77,249],[244,124],[25,102],[45,66],[-7,115],[-126,0],[16,80],[102,2],[-1,84],[-40,92],[-125,137],[-178,119],[-86,30],[-166,-40],[-106,-8],[-71,332],[-32,69]],[[16056,93796],[130,182],[1,96],[29,106],[-2,90],[-118,104],[14,101]],[[16110,94475],[39,-19],[185,24],[107,54],[154,-3],[159,64],[34,33],[200,-39],[256,-167],[116,-53],[-128,-97],[-27,-146],[-37,-53],[72,-42],[37,-104],[-66,-41],[27,-106],[42,-51],[77,0],[84,-33],[5,-84],[87,10],[2,-151],[83,3],[64,-38],[84,6],[5,-106],[99,-29],[17,43],[215,42],[135,-46],[113,3],[123,28],[121,-23]],[[24294,88956],[-122,-36],[-87,28],[-143,-69],[-120,88],[-209,8],[-62,-32]],[[23551,88943],[-26,-36],[-84,-17],[-83,21],[-144,-76],[-106,-10],[-23,-34],[-138,0],[-53,30],[-81,-70],[-90,2],[-92,90],[-177,28],[-52,-12],[-163,5],[-266,87],[-21,118],[-114,-4],[-226,-60],[-188,9],[-14,126],[-110,17],[-87,70],[-46,67],[-46,-12],[42,-85],[70,-61],[-35,-152],[-92,-28],[-156,60],[35,-75],[-10,-60],[-245,-19],[-78,33],[-144,-4]],[[20508,88891],[-92,57],[-75,10],[-68,57],[-89,-68],[-198,-44],[-64,57],[-23,82],[-117,7],[-138,157],[-257,61],[58,125],[-67,50],[-100,13],[-37,42],[-93,31],[-95,-15],[-171,32],[-42,90],[-14,123],[-91,51],[-119,92],[35,116],[66,59],[-53,30],[-58,-42],[-115,80],[20,60],[150,-2],[24,109],[-34,55],[-134,29],[-114,-52],[-108,32],[14,42]],[[23551,88943],[54,-79],[-120,-207],[-60,-142],[-117,-84],[138,-53],[15,-116],[-82,-123],[74,-59],[-112,-111],[87,-123],[94,-26],[8,-57],[222,-143],[-26,-72],[-125,-63],[-144,-45],[22,-123],[-64,-69],[-96,-38],[91,-167],[-48,-24],[-195,-31],[-42,-50],[20,-117]],[[23145,86821],[2,-80],[46,-61]],[[23193,86680],[-208,-18],[-20,84],[-85,5],[-236,46],[-124,-10],[-88,-38],[-8,-64],[-154,-106],[-13,-61],[-213,-13],[-139,32],[-56,-22],[-305,-9],[-66,19],[-67,-38]],[[21411,86487],[-96,53],[-142,39],[-74,-16],[-17,60],[-96,-17],[-4,143],[-115,74],[67,53],[89,3],[-12,75],[-71,56],[-31,106],[-146,20],[-103,86],[-98,37],[-59,-30],[-62,37],[-183,-9]],[[20258,87257],[-108,80],[102,156],[-81,65],[51,121],[91,125],[122,353],[1,174],[66,77],[62,-12],[84,130],[-48,146],[29,59],[-6,68],[-110,49],[-5,43]],[[15574,89767],[153,106],[29,67],[126,25],[76,-58],[117,7],[36,41],[-57,59],[26,52],[-43,71],[103,36],[-10,56],[49,38],[73,1],[-16,62],[93,70],[81,3]],[[20258,87257],[-2,-45],[-110,-78],[-135,4],[-88,19],[-65,71],[-86,24],[-77,-20],[16,-66],[-31,-128],[-280,2],[62,-49],[13,-78],[-121,-38],[-38,73],[-118,39],[-179,10],[-64,-84],[-172,19],[-135,-197],[-9,-44],[60,-98],[-18,-41],[-217,-104],[-29,42],[-99,-36],[-142,36],[-49,-11],[-42,-95],[-115,35],[-86,-54]],[[21411,86487],[-87,-63],[-87,-19],[-67,20],[-171,-3],[-98,-85],[-283,10],[-124,69],[-141,-8],[-82,-32],[-155,-2],[-117,-49],[33,-71],[108,-43],[65,40],[61,-69],[-1,-38],[75,-78],[-72,-61],[113,-21],[-77,-133],[-201,-13],[-73,-51],[-19,-100],[38,-112],[-27,-26],[-13,-101],[167,-5],[45,-44],[30,-144]],[[20251,85255],[-31,-57],[-100,6],[-26,40],[-124,-111]],[[10037,95359],[-8,-36],[-120,-17],[-28,-32],[-148,42],[-88,4],[-144,-95],[-41,-92],[-88,1],[-205,-165],[-39,-83],[66,-127],[117,-28],[49,43],[103,-37],[201,-9],[81,-30],[97,-132],[60,-6],[114,-52],[196,-24],[38,-77],[-48,-35],[-56,-150],[-116,-54],[-67,-78]],[[9963,94090],[-66,-90],[-82,-49],[12,-73],[62,-57],[-29,-82],[38,-15],[-3,-97],[75,-68],[12,-43],[78,-67],[26,-138],[180,-22],[37,27],[226,-3],[32,30],[167,-3],[80,-152],[224,5],[173,-16],[182,92],[123,-83],[63,-14],[15,-104],[-74,-47],[12,-119],[-28,-120],[2,-90],[32,-74]],[[11532,92618],[-158,-79],[-64,-4],[-5,-80],[-113,43],[-172,-30],[-63,67],[16,59],[-39,29],[26,71],[-66,122],[-48,-32],[-242,70],[-369,1],[-38,-17],[-120,36],[-98,-34],[-93,3],[12,-62],[-86,-25],[11,-41],[-103,-42],[-84,6],[-78,88],[-124,-24],[-117,25],[-290,35],[-24,30],[-114,1],[-60,-28],[-117,57],[-155,-31],[58,-92],[-152,-23],[-66,70],[-204,35],[-145,-11],[-6,-134],[42,-34],[-82,-145],[-149,26],[-149,-76]],[[7704,92448],[-7,30],[-139,22],[-83,-23],[-143,38],[-51,36],[-5,56],[-134,24],[-35,-40],[-117,4],[-150,127],[-46,83],[-120,56]],[[6674,92861],[127,38],[-56,80],[72,11],[89,87],[59,-4],[143,35],[24,23],[183,15],[73,87],[-43,77],[94,35],[-27,89],[102,44],[4,34],[-116,51],[9,31],[-125,80],[30,211],[-48,67],[27,56],[-1,100],[82,145],[102,13],[120,111],[-16,70],[131,28],[13,71],[67,21],[120,-8],[131,132],[94,23],[135,6],[155,39],[266,-38],[35,93],[-16,51],[-118,-16],[-66,14],[13,61],[-83,7],[71,70],[78,34],[49,52],[132,-25],[206,9],[149,-5],[47,61],[56,138],[-15,49],[55,27],[39,131],[127,78],[41,84],[84,19],[85,-16],[-52,-72],[41,-78],[73,-25],[14,-43],[109,17],[100,-36],[90,18],[-1,-59]],[[16056,93796],[-381,8],[-32,-117],[-96,-13],[-73,15],[-26,126],[-209,37],[20,-52],[-60,-54],[-194,16],[-115,-24],[-161,0],[62,-79],[128,2],[219,-89],[30,-281],[-70,-95],[76,-117],[-48,-87],[50,-36],[4,-77],[-56,-32],[89,-89],[65,-33],[34,52],[59,-13],[21,-70],[-67,-118],[-127,29],[-107,-31],[5,-43],[-134,-20],[-88,81],[-58,20],[23,68],[194,156],[-29,88],[-163,77],[-142,16],[-97,-69],[-125,-36],[-48,56],[-78,-3],[-200,31],[-68,-34],[-27,-126],[-40,-60],[-15,-102],[-159,-75],[29,-79],[-104,-81],[72,-103],[4,-70],[-57,-26],[-5,-80],[50,-84],[-39,-17],[21,-74],[127,-41],[-56,-84],[-112,-27],[-44,51],[-90,-5],[-30,-56],[122,-17],[-23,-60],[144,-113],[-120,-144],[144,-13],[12,-50],[77,11],[28,-106],[-86,2],[13,-64],[-37,-86],[-224,-102],[113,-54],[-52,-74],[-170,-43]],[[13549,90910],[-17,98],[-100,67],[-1,93],[-105,75],[17,66],[-103,56],[-12,70],[-173,203],[-213,121],[-155,110],[-173,30],[-191,-14],[-13,102],[-94,8],[-37,35],[-108,10],[-141,146],[-144,82],[37,112],[-104,22],[-33,42],[-137,-5],[-74,66],[55,25],[2,88]],[[9963,94090],[115,-111],[58,17],[327,-47],[68,-74],[148,34],[22,28],[183,6],[70,25],[89,-22],[112,9],[-96,104],[-90,39],[14,48],[83,11],[10,104],[83,37],[87,-54],[67,62],[126,40],[86,49],[189,-15],[-3,51],[107,11],[10,74],[54,-4],[82,54],[58,70],[166,54],[67,-54],[119,35],[44,118],[136,-3],[39,-89],[-25,-46],[0,-103],[132,68],[97,-21],[197,-14],[234,178],[-6,45],[83,72],[158,22],[-6,79],[103,12],[107,-17],[31,-82],[83,-2],[64,-117],[81,33],[111,3],[87,-104],[152,-15],[86,49],[94,-86],[-117,-38],[26,-82],[101,-15],[-19,-44],[61,-64],[156,-48],[17,-71],[113,-23],[79,56],[68,-54],[-113,-71],[-50,13],[-73,-35],[-157,18],[5,-86],[37,-15],[209,24],[95,32],[201,1],[25,22],[136,4],[36,50],[-64,101],[131,17],[64,-67],[49,40],[-9,55],[160,-22],[19,-28],[117,-8],[-51,83],[52,228],[31,27],[234,-12]],[[16025,94639],[61,-87],[24,-77]],[[13199,90446],[67,105],[89,45],[0,41],[92,48],[-42,64],[19,94],[64,12],[61,55]],[[10037,95359],[64,-58],[163,-25],[76,37],[-68,122],[60,26],[112,-23],[251,55],[-61,-102],[4,-79],[75,23],[113,3],[68,-22],[31,92],[84,45],[-33,65],[-89,-17],[-8,68],[95,-5],[82,129],[-48,21],[-81,-72],[-67,21],[-63,83],[53,120],[-73,60],[-64,100],[-84,62],[122,72],[-27,68]],[[10724,96228],[38,134],[-52,39],[22,53],[72,42],[135,-47],[142,63],[-55,61],[-5,177],[13,65],[-36,87],[-66,-1],[-105,-78],[-138,26],[-49,48],[156,5],[79,18],[134,98],[-73,52],[1,49],[146,56],[133,-98],[11,99],[33,60],[-173,106],[-73,-33],[-184,80],[10,137],[95,-5],[71,38]],[[11006,97559],[108,-12],[-3,-89],[615,71],[-33,-108],[41,-64],[66,-216],[63,-10],[59,-54],[231,-15],[140,-19],[61,-92],[86,21],[62,-24],[54,36],[-4,160],[26,150],[565,0],[49,-297],[39,-60],[24,-140],[-97,-44],[57,-78],[98,17],[7,-51],[92,8],[71,-41],[120,-15],[126,19],[31,-64],[-27,-86],[-61,-53],[137,-25],[127,15],[73,-98],[103,-49],[224,2],[136,42],[-19,-64],[73,-59],[-238,-33],[18,-33],[-134,-32],[173,-66],[46,18],[158,1],[-13,-126],[142,14],[114,46],[55,-74],[-165,-14],[-127,-33],[-129,-12],[-9,-73],[96,13],[-12,-74],[39,-35],[28,-104],[45,-40],[61,-116],[83,-15],[4,-95],[-53,-86],[58,-21],[109,-97],[39,-83],[103,34],[51,59],[27,110],[262,-16],[87,90],[93,19],[-41,70],[108,-13],[265,0],[22,-82],[83,-90],[-13,-72],[152,-61],[9,-30],[-101,-187],[31,-118],[-27,-77]],[[10724,96228],[-98,-59],[-71,1],[-28,66],[-114,34],[153,123],[-144,-9],[-41,23],[1,88],[79,55],[-170,45],[16,60],[71,4],[59,43],[-82,41],[-56,100],[-76,24],[1,69],[-167,40],[11,39],[112,56],[17,45],[-210,28],[-270,64],[-331,3],[-136,-17],[-144,31],[-114,100],[-112,-7],[1,-43],[-160,-13],[-149,129],[-6,42],[-72,17],[7,74],[-79,1],[-37,-52],[-79,-8],[-154,-47],[-58,62],[-193,20],[-101,77],[-195,-29],[-68,-78],[39,-34],[2,-90],[61,-31],[-11,-50],[-91,-66],[-10,-108],[36,-73],[-94,-39],[-39,-77],[-57,60],[-66,129],[-30,21],[12,81],[-35,59],[-136,7],[2,154],[-106,-8],[-97,111],[19,144],[119,120],[180,92],[91,84],[50,93],[-22,109],[21,37],[117,54],[24,93],[-40,126],[26,48],[151,124],[23,82],[80,38],[36,119],[-28,119],[9,45],[73,54],[19,63],[-36,27],[55,81],[17,99],[165,49],[57,41],[201,10],[39,57],[-87,28],[-102,0],[-44,44],[42,75],[159,57],[34,142],[163,50],[87,79],[115,-45],[8,-54],[-40,-104],[78,-13],[-25,-160],[52,-156],[15,-96],[-18,-95],[66,-146],[-21,-205],[71,-85],[145,-249],[131,-86],[110,-5],[16,-74],[102,-65],[148,12],[2,48],[61,21],[23,115],[74,-54],[289,7],[36,-32],[136,-15],[14,-38],[-52,-51],[6,-66],[154,-10],[-18,-229],[34,-52],[-19,-54],[215,23],[-10,42],[180,3],[71,-85],[162,12],[75,-93],[-81,-60],[88,-93],[38,-109],[-40,-44]],[[20251,85255],[32,-40],[207,-8],[-40,53],[55,105],[-23,55],[176,70],[96,-54],[77,82],[125,61],[81,-62],[35,-123],[169,-14],[96,5],[130,-54],[29,-76],[-33,-80],[53,-30],[96,36],[9,51],[159,43],[356,-2],[68,-61],[11,-97],[62,-55],[111,-51],[118,23],[-79,73],[-50,104],[198,-20],[63,43],[83,-17],[45,103],[104,10],[209,-105],[19,-55],[107,-10],[56,-67]],[[23261,85091],[-125,-27],[-17,-62],[-128,-25],[44,-133],[59,-60],[165,32],[77,1],[44,97],[124,-2],[92,72],[231,-16],[200,-31],[20,-52],[163,-10],[29,-52],[-42,-44],[115,-60],[113,-9],[67,-67],[-37,-120],[38,-80],[144,-61],[-28,-53],[-19,-118],[15,-226]],[[24605,83985],[-389,-17],[-36,-179],[51,-53],[-125,-19],[-6,-82],[-72,-83],[-23,-130],[32,-56],[169,-34],[79,28],[60,-28],[-41,-66],[-155,-130],[-46,-10],[-5,-68],[77,-225],[47,-43],[-1,-70],[59,-39],[-58,-35],[-6,-94],[61,-88],[-109,-76],[-51,2],[-129,-44],[-89,-56],[-23,-48],[-63,-28],[-24,-103],[-86,-33],[-90,11],[-54,-109],[-10,-67],[-140,-77]],[[28718,86640],[-88,-21],[-47,-50],[-56,42],[-195,-90],[-69,41],[-158,-23],[9,-61],[-70,-29],[-79,12],[-11,-61]],[[27954,86400],[-33,-54],[-68,32],[-68,-10],[-27,96],[-97,21],[-22,45],[-87,-9],[-41,-36],[-128,38],[-76,63],[-109,-41],[-86,-92],[-26,59],[-127,-11],[-5,-49],[-68,-29],[-171,70],[0,91],[-132,37],[-69,-48],[-109,-24],[-107,-67],[-211,35],[-48,32],[-118,-10],[-192,7],[-61,76],[86,7],[-7,49],[-155,69],[-24,48],[-169,-113],[-70,-13],[4,-113],[68,-44],[-22,-52],[-225,-14],[-98,109],[-63,-58]],[[24993,86497],[-50,-28],[-164,12],[-84,70],[20,64],[179,70],[-17,68],[-71,28],[-65,-28],[-32,-78],[-106,4],[-107,81],[-98,-12],[-5,78],[69,55],[-42,54],[-62,0],[-104,65],[-69,-86],[-13,-86],[-83,-3],[-75,67],[-63,147],[112,-5],[27,113],[-84,51],[-69,-18],[-138,42],[-152,-49],[-31,-87],[112,-24],[-68,-61],[-26,-69],[29,-83],[-196,-33],[-128,105],[-116,-25],[-78,-75]],[[31750,84824],[-83,21],[-248,-12],[-125,-72],[-190,-1],[-103,-26],[-74,-118],[-113,-21],[-97,43],[42,87],[-64,32],[84,49],[-1,64],[-92,39],[-68,-1],[3,89],[-46,70],[17,32],[-160,37],[-85,-37],[-287,30],[-72,76],[-194,19],[-39,-23],[-35,-155],[-94,-69],[-131,99],[-56,-24],[-136,-11],[-99,26],[-123,-53],[-54,-117],[-70,19],[-134,-18],[-83,-70],[-114,1],[-20,110],[18,87],[-18,78],[-69,143],[25,76],[-169,101],[-62,-40],[-102,16],[-36,-30],[-147,16],[-94,-109],[-56,-5]],[[27896,85272],[-91,6],[-28,-61],[-202,56],[93,179],[102,304],[48,106],[57,192],[-9,104],[136,84],[-42,27],[77,95],[-83,36]],[[24605,83985],[110,-14],[41,-72],[229,-45],[126,-106],[154,55],[162,-5],[52,21],[247,23],[138,-12],[66,92],[80,54],[133,5],[63,-19],[5,130],[105,64]],[[26316,84156],[114,17],[-4,-116],[49,-50],[129,52],[106,-5],[48,78],[87,64],[295,16],[75,-37],[47,85],[124,-41],[47,-57],[94,-9],[20,-102],[147,39],[65,-29],[30,-85],[198,26]],[[27987,84002],[67,-91],[206,-62],[136,-21],[73,43],[-46,53],[18,51],[96,-2],[26,-88],[105,-47],[98,44],[82,-17],[-134,-119],[55,-22],[38,-66],[77,52],[-84,20],[30,49],[153,68],[86,-31],[-93,-62],[-32,-69],[69,-32],[-72,-119],[74,-64],[94,76],[176,-62],[62,57],[69,15],[52,-49],[-56,-78],[-73,0],[-5,-51],[109,-21],[106,-49],[-28,-46],[92,-96],[31,-111],[-199,-12],[78,-52],[91,-93],[104,8],[24,-54],[-77,-18],[-93,21],[-81,-41],[-20,-51],[183,-38],[-28,-52],[-118,28],[-33,-35],[58,-55],[-39,-64],[-102,-57],[93,-16],[72,-72],[-30,-92],[122,-99],[-17,-61],[227,12],[133,44]],[[29942,80725],[-47,54],[-60,16],[82,141],[-19,49],[-174,-7],[-246,136],[-18,106],[-167,60],[-9,-50],[-91,-33],[-82,26],[-310,-3],[-205,43],[-108,-45],[-92,40],[26,62],[-71,11],[-123,-21],[-89,-35],[-122,-11],[-5,55],[43,81],[-4,63],[-325,60],[-12,-43],[-107,1],[-32,-107],[-82,47],[-95,14],[-25,68],[-170,-8],[-57,30],[-39,65],[-57,-48],[27,-62],[-30,-47],[-139,32],[-28,109],[-32,15],[-133,-34],[-79,10],[-67,51],[-59,-12],[-39,-57],[17,-44],[-27,-78],[-154,-20],[-29,-68],[-167,9],[-104,-12],[-48,-30],[-239,85],[-106,-1],[-107,41],[-193,-44],[-78,-40],[-130,-25],[-141,64],[-85,-27],[-10,-90],[-47,-73],[-94,-15],[-83,15],[-80,-62],[-123,-6],[-110,-26],[-38,-163],[76,-56],[8,-114],[80,-73],[63,-14],[-21,-117],[-38,-25],[14,-73],[65,-80],[-27,-66],[-69,-29],[-40,-123],[-59,-22]],[[27987,84002],[53,117],[103,-3],[-20,95],[45,72],[-88,38],[-84,-15],[-145,76],[-89,81],[91,62],[33,54],[95,-27],[46,46],[-5,54],[87,7],[62,93],[-178,37],[-34,63],[-143,38],[13,30],[-51,81],[84,62],[39,65],[-5,144]],[[24993,86497],[-84,-114],[-105,-51],[25,-64],[-12,-69],[47,-89],[-38,-38],[69,-56],[-33,-72],[18,-78],[-75,-50],[-30,-63],[44,-92],[-173,-23],[-15,-56],[124,-84],[-153,-2],[13,-175],[165,-81],[67,-120],[276,-116],[6,-96],[-77,-21],[121,-85],[50,84],[76,-79],[109,-7],[38,-53],[133,-3],[-6,-44],[-63,-42],[-6,-75],[71,12],[402,-42],[-23,-85],[156,-229],[46,1],[86,-63],[74,-21]],[[23261,85091],[64,56],[67,18],[-79,92],[-1,64],[-49,13],[-8,72],[97,11],[133,41],[63,-4],[-26,103],[-32,23],[-149,-10],[-41,16],[-7,116],[38,57],[125,31],[7,65],[-156,24],[-2,32],[105,53],[103,-16],[65,103],[-85,38],[30,124],[0,248],[-71,107],[-47,33],[-212,79]],[[7704,92448],[-52,-19],[-36,-64],[-168,-159],[-67,-1],[-20,-130],[-108,-70],[-76,-81],[-90,-47],[-54,-78],[-67,-54],[8,-49],[166,5],[54,-109],[-20,-105],[128,-3],[225,45],[63,-25],[-129,-91],[-50,-71],[-88,-31],[-101,-101],[30,-27],[-168,-86],[-196,-35],[-61,-58],[11,-44],[-52,-63],[-88,-32],[-131,35],[-37,-42],[90,-70],[15,-64],[-27,-65],[71,-40],[-39,-47],[-10,-93],[22,-122],[-41,-74],[-67,-6],[-26,-98],[-95,0],[-91,-148],[-4,-84],[58,-51],[-54,-94],[33,-36],[-28,-80],[133,-85],[5,-57],[-87,-20]],[[6388,89524],[-158,43],[-84,-44],[-55,4],[-81,-179],[-118,15],[-52,-19],[-118,26],[-100,-1],[-16,58],[-53,18],[-36,65],[42,46],[9,83],[46,29],[67,150],[-95,64],[-70,-8],[-137,-97],[-107,55],[-72,0],[-103,-40],[-93,38],[-115,75],[10,55],[92,63],[31,109],[-139,28],[-94,54],[-26,65],[15,64],[57,38],[-48,72],[-80,25],[-140,-21],[-141,-1],[-62,-77],[-71,-16],[-52,27],[-56,-61],[-79,-37],[14,-64],[-72,-72],[-148,-42],[-17,-32],[-107,4],[-125,-90]],[[3651,89996],[-154,19],[-14,83],[79,39],[-5,38],[-112,70],[95,73],[85,-13],[4,59],[-47,91],[210,84],[-76,60],[34,86],[-32,33],[-200,41],[-73,62],[-186,-39],[-34,45],[37,67],[94,40],[-134,116],[-9,36],[101,75],[-3,93],[48,41],[120,12],[39,23],[22,139],[102,68],[-78,53],[-13,64],[121,133],[-54,48],[0,105],[100,41],[27,45],[142,34],[140,72],[0,68],[65,-8],[44,-61],[67,-5],[84,32],[139,22],[28,32],[-86,48],[50,53],[71,-47],[110,-17],[110,112],[106,-2],[5,49],[89,17],[-79,55],[108,77],[139,24],[47,69],[134,-32],[87,4],[49,-32],[107,30],[90,-33],[109,26],[246,201],[57,-17],[57,48],[49,-49],[76,20],[47,-41],[197,102],[245,-16]],[[2706,89471],[100,-62],[159,-50],[131,31],[127,-7],[25,20],[127,-31],[60,-34],[-54,-106],[62,-76],[-19,-117],[-50,-115],[5,-89],[169,-47],[100,23],[-3,52],[100,60],[139,-248],[11,-76],[117,-58],[86,-67],[-72,-133],[-150,-12],[-151,-41],[-37,-131],[87,-98],[238,-21],[18,-38],[-87,-161],[-32,-97],[6,-55],[116,-47],[130,-16],[-4,-113],[-106,25],[6,-55],[-90,-32],[-38,-51],[57,-76],[-68,-40],[57,-60],[-14,-85],[-60,-69],[77,-18],[120,-56],[13,-117],[50,-14],[106,-93],[106,-39],[318,53],[95,31],[153,-168],[22,-109],[-77,-20],[46,-55],[30,-123]],[[4963,86340],[-103,-15],[-88,-87],[9,-89],[-161,3],[-192,55],[8,-42],[-84,-17],[-52,-152],[-45,-6],[-154,38],[-10,70],[-111,61],[-16,60],[-103,-16],[-94,16],[-69,-39],[-20,-93],[-63,9],[-92,-119],[-150,41],[-132,-28],[-20,-93],[-78,-80],[-75,-22],[-108,6],[-26,58],[-68,45],[49,54],[1,129],[-123,52],[-232,22],[-84,-30],[-199,34],[20,107],[95,122],[-94,38],[-110,-8],[-72,22],[89,104],[-110,36],[-108,84],[145,110],[4,60],[-96,12],[-37,71],[99,16],[86,47],[70,75],[-6,43],[-72,77],[27,55],[-10,81],[-89,-8],[-43,-93],[-49,-7],[3,130],[-28,48],[-95,-25],[-66,55],[53,56],[46,93],[96,100],[-85,74],[-107,1],[-87,71],[68,22],[-61,51],[17,58],[71,32],[-14,55],[-65,58],[-104,-1],[111,204],[58,62],[122,75],[249,-28],[39,99],[-9,67],[117,17],[95,60],[-108,126],[-61,34],[15,79],[78,4],[106,46],[-75,51],[-4,73],[155,51],[4,121],[74,97],[-43,58],[19,65],[105,23]],[[8999,84028],[-168,17],[-36,-37],[-78,27],[-293,45],[20,97],[52,85],[-78,42],[-237,-31],[-9,101],[34,49],[-134,26],[-85,42],[-166,10],[-71,55],[99,187],[-60,51],[-137,24],[-22,42],[-165,30],[46,86],[-159,30],[-84,40],[-78,-19],[-66,90],[-69,45],[-202,42],[-61,-47],[-115,16],[6,109],[-114,27],[46,85],[-84,54],[-300,89],[-1,60],[-164,51],[-36,32],[10,77],[-149,14],[-99,-8],[-139,95],[-82,14],[34,127],[40,57],[-26,207],[-27,54],[-183,87]],[[5409,86404],[41,78],[63,48],[-105,70],[32,28],[-49,83],[-82,-44],[-70,25],[23,45],[-62,62],[58,123],[108,69],[217,-19],[138,65],[208,-13],[103,114],[19,95],[68,26],[185,-51],[44,76],[84,86],[-3,31],[151,244],[114,45],[-19,98],[195,87],[-81,161],[-1,179],[-53,76],[11,81],[127,101],[-11,86],[56,72],[-23,44],[23,192],[241,35],[94,81],[-36,56],[27,114]],[[7244,89153],[239,-26],[53,-86],[92,19],[88,48],[53,60],[58,-50],[83,-17],[131,-55],[38,-74],[-92,-88],[71,-33],[68,92],[41,-98],[-36,-47],[82,-62],[62,7],[73,61],[-5,61],[59,34],[210,29],[179,10],[182,-63],[-26,-58],[51,-29],[56,-94],[65,1],[22,80],[263,17],[60,-64],[-53,-62],[-80,-39],[-34,-60],[-61,11],[-33,-73],[67,-49],[-17,-44],[147,-43],[60,-85],[-46,-13],[-115,-176],[58,-54],[-22,-64],[39,-52],[70,-5],[70,112],[87,48],[221,-4],[18,-40],[88,-8],[8,63],[112,6],[91,48],[48,53],[231,-4],[141,-13]],[[6388,89524],[70,-100],[90,-25],[125,-7],[55,21],[33,77],[145,-13],[143,-122],[-22,-84],[27,-47],[121,-22],[69,-49]],[[5409,86404],[-53,-31],[-204,18],[-44,-100],[-145,49]],[[2706,89471],[26,37],[89,-54],[82,61],[-13,103],[-43,63],[14,58],[108,-17],[4,42],[211,42],[69,-3],[83,50],[259,-2],[125,76],[-1,67],[-68,2]],[[69046,65843],[183,101],[106,22],[184,6],[265,104],[3,104],[-29,101],[1,74],[148,130],[56,-18],[-17,-68],[199,-57],[174,-23],[40,19],[35,107],[54,88],[-39,85],[3,66],[200,60],[11,53],[-89,80],[-9,61],[43,100],[-40,83],[-7,129],[45,42],[80,-16],[5,-54],[87,-89],[80,18],[152,122],[58,27],[167,33]],[[71195,67333],[102,-136],[223,6],[243,-31],[-5,-39],[102,-97],[-219,-105],[-103,-117],[-75,41],[-73,-15],[-103,95],[-28,-65],[48,-60],[19,-72],[205,-4],[100,-30],[92,43],[85,-21],[137,-73],[110,-22],[5,140],[33,13],[106,-132],[-112,-138],[-69,10],[-7,-92],[-63,-32],[-82,-118],[-35,-88],[-84,55],[-56,-28],[-207,-8],[-135,-85],[56,-48],[55,20],[195,-43],[147,-91],[-22,-56],[-96,-34],[-15,55],[-84,40],[-95,-42],[-90,43],[-50,58],[-388,69],[-253,64],[-151,126],[-76,-29],[145,-140],[92,-56],[36,42],[144,-92],[-73,-107],[161,-59],[212,-41],[149,-45],[-88,-99],[53,-48],[113,35],[-32,-166],[-122,-42],[-163,-7],[-132,15],[-79,34],[-114,10],[-44,-21],[-87,53],[-60,-44],[27,-91],[-8,-58],[65,-57],[35,-146],[245,19],[44,-19],[-29,-216],[-124,-45],[-12,-99],[-48,-6],[-5,-98],[-110,-45],[-43,28],[-9,103],[-156,-9],[-70,-54],[11,-133],[137,-21],[9,-66],[-27,-65],[119,-17],[-74,-68],[-149,10],[-102,-111],[-277,55],[-12,88],[34,37],[-12,84],[-92,-13],[-50,-77],[-71,-1],[21,120],[-23,30],[-209,-8],[60,-78],[-102,-40],[-218,6],[1,35],[-153,72],[-142,-11],[-27,-57],[-231,30],[20,-73]],[[77110,63697],[104,-4],[56,-111],[-69,-64],[48,-53],[-21,-71],[60,-51],[-8,-39],[-152,11],[-219,-1],[-8,-314],[41,-254],[-39,-133],[16,-185],[323,-20],[14,52],[99,-1],[8,-47],[-74,-33],[74,-167],[102,-76],[41,-160],[12,-145],[-3,-245],[-38,-94],[-80,-94],[-8,-62],[-236,-173],[-6,-58]],[[77147,61105],[-117,-48],[-296,-5],[-314,39],[-115,-32],[-228,-12],[-12,-43],[-120,7],[-70,49],[-84,-5],[-34,-45],[-88,37],[-107,-31],[-239,-35],[-30,-110],[68,-102],[-43,-122],[-159,33],[-57,38],[47,83],[-61,58],[-136,73],[-78,-37],[10,-47],[108,-8],[-4,-56],[-59,-30],[-116,24],[-51,65],[-104,58],[-60,-1],[-103,-66],[-54,133]],[[74441,60967],[-7,35],[69,87],[12,76],[-65,25],[-15,78],[140,45],[-71,48],[27,94],[-62,2],[-70,72],[-1,43],[-117,4],[20,78],[-91,43],[-1,67],[-79,20],[-30,220],[76,77],[77,109],[145,47],[34,63],[-67,34],[70,132],[-2,104],[-53,29],[0,139],[-47,0],[-34,-74],[-122,23],[-84,77],[-20,123],[-66,46],[-30,126],[44,98],[175,-8],[123,148],[-25,50],[32,72],[-38,36],[113,84],[6,47],[62,33],[96,1],[68,-32],[122,1],[29,51],[-50,39],[28,43],[-43,75],[-90,7]],[[74629,63804],[55,70],[-27,53],[148,143],[137,175],[144,-37],[197,-19],[42,-119],[76,-31],[126,-16],[83,72],[104,9],[29,-52],[124,24],[164,-65],[46,-58],[-72,-50],[-24,-50],[-116,-19],[-98,-72],[127,-18],[38,28],[76,-96],[81,-34],[28,-63],[104,29],[176,-25],[123,3],[182,-41],[66,5],[29,-44],[75,-20],[65,-54],[166,206],[7,59]],[[71195,67333],[67,80],[104,163],[78,-16],[23,-75],[328,146],[-13,66],[-77,68],[-172,10],[-38,27],[75,58],[98,4],[300,-50],[64,26],[21,99],[77,19]],[[72130,67958],[106,-85],[195,-81],[-50,-72],[51,-46],[-36,-77],[43,-11],[99,41],[38,-75],[204,19]],[[72780,67571],[41,-85],[-68,-44],[-167,-40],[-78,-42],[-19,-135],[89,-44],[131,22],[157,-70],[150,-12],[281,-77],[48,-143],[5,-103],[119,-51],[21,-46],[-107,-35],[-109,-107],[48,-17],[113,11],[201,-33],[60,44],[64,-10],[-10,-191],[166,12],[153,-23],[145,-245],[-98,-62],[-69,-18],[-130,53],[-125,30],[-56,-29],[13,-119],[-60,-32],[69,-253],[52,-124],[86,-77],[114,-2],[73,63],[151,2],[34,-24],[223,37],[160,-39],[9,-99],[-55,-55],[-105,32],[-24,-45],[167,-76],[9,-72],[-240,-82],[-55,-38],[44,-54],[-77,-57],[-98,-42],[17,-33],[134,-85],[-36,-45],[-116,-1],[-145,99],[-41,7],[-43,-87],[17,-55],[87,-18],[46,33],[88,-21],[0,-56],[-75,-52],[-97,-29],[26,-58],[78,-36],[-59,-46],[-144,0],[45,-62],[114,-5],[79,21],[53,45],[47,-63],[-23,-33],[-123,-17],[-22,-130],[-218,-175],[-32,-50],[56,-48]],[[73939,63925],[-111,-196],[-102,-71],[41,-53],[113,25],[66,-21],[4,-125],[-22,-48],[-135,-31],[-52,12],[-129,132],[-52,-31],[43,-85],[110,-35],[213,-144],[11,-21],[-242,-99],[-39,2],[-59,113],[-103,61],[-115,6],[-47,-58],[87,-13],[23,-84],[-206,-95],[-21,-53],[-91,-29],[-49,71],[-57,-27],[-109,57],[-171,4],[-8,-69],[-63,0],[-16,-53],[63,-67],[-70,-35],[-118,107],[-72,-36],[70,-97],[-65,-17],[-279,113],[-138,119],[-41,-119],[95,3],[132,-82],[-71,-42],[-428,85],[-75,-9],[-96,-44],[-223,-10],[-122,-31],[-105,-65],[10,-85],[70,-52],[44,-98],[-94,-15],[-107,62],[-181,9],[-49,-117],[-139,44]],[[70662,62488],[-137,-15],[-235,18],[-47,-140],[-88,24],[-75,-19],[-181,36],[-27,-84],[-196,-56],[-136,17],[47,72],[-124,68],[-88,20],[-82,-8],[-80,22],[-12,76],[101,6],[1,79],[-92,70]],[[77147,61105],[102,-108],[-25,-52],[103,-111],[-16,-94],[5,-117],[-65,-45],[67,-91],[-33,-73],[12,-158],[82,-23],[43,-49],[8,-104],[51,-44],[16,-83],[117,-46],[45,-88],[-23,-107],[123,-7],[40,-110],[77,-21],[19,-215]],[[77895,59359],[-29,-45],[3,-107],[45,-214],[-26,-54],[-235,-266],[83,-152],[54,-241],[-65,-162],[-41,-52],[-161,-13],[-120,-66],[-302,-70],[-201,78],[-79,-52],[-81,-8],[17,-62],[120,-66],[-102,-53],[-47,-127],[-91,-3],[-35,-32],[-98,29],[-132,86],[-49,-16],[-7,-64],[-296,44],[-282,-46],[-298,77],[-537,118],[-180,5],[-122,60],[50,82],[-61,16],[-100,-20],[-103,38],[-108,8],[-32,35],[-105,-25],[-96,4],[-98,-49],[-206,37],[-55,47],[-161,-63],[-25,63],[-83,26],[-139,-37],[-75,140],[-387,34],[-50,-12]],[[72767,58209],[21,34],[-32,124],[-187,252],[-64,118],[-105,150],[-59,49],[-100,146],[-188,334],[-49,164],[-13,174],[10,86],[99,325],[-75,32],[-16,72],[110,139],[78,177],[-11,51]],[[72186,60636],[40,63],[45,197],[87,-18],[92,8],[41,-82],[225,-128],[49,-49],[150,-86],[-14,-91],[174,95],[133,-9],[83,48],[248,-21],[123,44],[-4,63],[-52,60],[159,43],[108,-1],[178,42],[46,128],[62,-2]],[[74159,60940],[156,-55],[64,78],[62,4]],[[74159,60940],[-4,85],[-39,65],[99,41],[-10,81],[-137,31],[-101,-31],[-135,20],[-70,79],[-77,-1],[-26,-50],[-113,-67],[-146,-44],[-89,17],[-77,-57],[-89,30],[14,64],[-77,10],[-30,-38],[-114,24],[-90,-15],[-76,104],[-251,-33],[-27,-110],[-45,20],[-78,-66],[-123,58],[-130,-17],[1,80],[95,61],[44,62],[-182,33],[46,-110],[-100,-49],[-97,18],[-9,47],[-104,18],[-170,-62],[-139,-14],[-88,50],[-23,76],[-103,60]],[[71289,61410],[28,92],[-16,34],[132,132],[12,77],[-37,59],[7,111],[-51,66],[-2,47],[69,46],[-28,67],[69,53],[-38,80],[-171,-86],[-96,14],[-119,60],[-97,-11],[-74,65],[-104,0],[-31,104],[-80,68]],[[73939,63925],[163,29],[176,-29],[-58,-56],[100,-29],[309,-36]],[[71289,61410],[-44,-108],[95,-152],[4,-108],[-45,-42],[-14,-128]],[[71285,60872],[-60,-24],[-94,3],[-28,-51],[-177,4]],[[71285,60872],[178,-75],[-16,-48],[128,-19],[165,-5],[111,47],[256,-23],[-21,-78],[100,-35]],[[72767,58209],[-135,32],[-372,-65],[-211,1],[66,-459],[408,-492],[3,-120],[-116,-246],[-4,-38],[-379,-372],[15,-88],[101,-102],[-47,-76],[79,-139],[-4,-47],[-122,-8],[-154,93],[-181,53],[-146,-28],[-92,27],[-141,-27],[-72,39],[-65,85],[-96,48],[-69,-14],[-51,38],[-73,-13],[-85,-48],[-101,12],[-189,90]],[[72780,67571],[132,-3],[64,108],[60,30],[122,-7],[52,-38],[-36,-89],[25,-71],[54,2],[8,75],[161,-77],[20,-92],[68,-95],[16,-119],[71,6],[34,63],[-1,125],[47,57],[67,23],[112,4]],[[73856,67473],[120,37],[35,-26],[-31,-99],[35,-19],[174,143],[87,49],[91,-68],[28,80],[98,0],[104,-89],[42,79],[239,-87],[198,-32],[90,41],[81,-53],[113,-11],[75,-54],[-32,-145],[49,-27],[50,55],[76,25],[59,180],[76,63],[55,-135],[43,-43],[79,19],[-36,75],[30,25],[119,-105],[191,-68],[48,-146],[59,22],[4,91],[-23,89],[-41,54],[-170,10],[15,75],[61,45],[119,34],[66,56],[60,-19],[38,-56],[-18,-98],[36,-59],[118,-31],[-24,61],[31,51],[85,41],[120,17],[196,-21],[70,65],[147,-155],[56,-33],[30,-71],[144,-15],[25,71],[-44,106],[72,95],[405,67],[74,23]],[[77953,67652],[107,43],[74,-55],[-174,-108],[12,-120],[-70,-53],[-145,-16],[-36,-39],[90,-44],[16,-42],[-60,-63],[34,-46],[79,-12],[3,-74],[116,-43],[60,-51],[-29,-105],[162,-33]],[[78192,66791],[46,-19],[71,-118],[61,-157],[-40,-150],[-47,-45],[1,-74],[-34,-38],[-133,46],[-120,20],[-85,-10],[-139,-42],[-144,30],[9,-55],[-65,-25],[-28,122],[-155,82],[-199,-127],[-106,-79],[28,-87],[67,-17],[76,71],[195,44],[109,-52],[-101,-133],[152,-28],[53,-147],[53,-47],[134,19],[19,-85],[-32,-59],[96,-29],[60,-95],[60,27],[62,-78],[-48,-44],[-98,12],[-60,-65],[-71,56],[-76,21],[-68,-22],[22,-105],[73,-46],[-26,-115],[-152,-39],[61,-64],[-146,-97],[-133,18],[21,-66],[-177,-221],[48,-35],[-64,-58],[-23,-137],[-44,-104],[30,-113]],[[77185,64232],[43,-77],[3,-70],[-56,-96],[-3,-97],[-71,-146],[9,-49]],[[90635,66544],[-100,17],[-38,116],[-80,20],[-89,69],[-52,-73],[-154,-31],[-59,-35],[-3,-49],[-191,-119],[-170,2],[-72,-60],[-153,-43],[-57,36],[-98,8],[-122,48],[-19,-66],[71,-63],[-87,-38],[7,-89],[-88,-66],[-39,86],[36,124],[-145,37],[-15,306],[-51,-15],[-132,48],[-131,87],[-133,17],[-104,-9],[-6,105],[-55,8],[68,114],[-89,33],[-132,0],[-39,38],[-132,11],[-38,90],[-135,69],[-72,3],[-123,-113],[-40,-199],[-88,-73],[-130,127],[-9,50],[-87,9],[-94,46],[-33,-27],[-110,50],[-10,74],[127,102],[50,152],[-119,80],[-52,-42],[-19,-115],[-66,-10],[-120,-120],[-51,-104],[41,-32],[-104,-45],[24,-84]],[[86724,67006],[-64,-59],[-190,-45],[-67,-55],[-42,-75],[-67,27],[-84,-10],[-74,19],[-76,135],[19,64],[91,40],[-71,72],[-32,75]],[[86067,67194],[93,138],[12,188],[-9,155],[56,104],[-108,209]],[[86111,67988],[129,63],[52,56],[94,-110],[101,-58],[19,66],[67,15],[155,139],[-53,54],[13,89],[91,-23],[268,-7],[30,62],[77,34],[-33,82],[74,44],[26,124],[-2,127],[25,41],[-147,21],[2,330]],[[87099,69137],[56,-41],[247,-16],[84,-140],[185,-11],[105,40],[106,109],[101,9],[81,-59],[107,-36],[45,36],[228,28],[59,42],[179,-19],[159,90],[77,-26],[130,41],[165,19],[78,-60],[164,-7],[120,-19],[67,58],[27,115],[-4,86],[-92,70],[12,177],[96,121],[109,12],[17,-64],[98,37],[85,-5],[-14,86],[72,67],[141,25],[95,51],[123,28],[209,-30],[65,46],[-17,54],[-109,72],[-13,41],[143,-5],[128,84]],[[90813,70243],[60,-68],[155,-35],[175,-3],[96,-38],[-5,-102],[69,-97],[-28,-132],[17,-65],[-48,-69],[127,-44],[1,-60],[46,-49],[149,-43],[-46,-177],[-68,-59],[-6,-145],[135,-55],[-42,-79],[-152,-131],[-2,-56],[55,-52],[283,-83],[-43,-33],[-84,-141],[-212,-196],[-93,-103],[-33,-64],[-177,-217],[-75,-10],[-55,-62],[-14,-112],[-85,-24],[51,-76],[-54,-113],[-91,-111],[-102,-76],[71,-103],[-37,-72],[25,-29],[-15,-91],[-91,-163],[-15,-63],[24,-109],[-44,-89]],[[90635,66544],[-60,-80],[-99,-306],[-27,-44],[-9,-117],[30,-69],[-46,-97],[-39,-596],[-31,-541],[-148,-9],[-65,35],[-197,31],[-175,53],[-64,58],[-185,107],[-184,82],[-147,13],[0,38],[-152,109],[-165,-69],[-99,-143],[36,-88],[-81,-43],[112,-80],[-143,-75],[-8,-188],[42,-96],[-13,-77],[60,-42],[-31,-84],[77,-93],[67,-162],[-30,-38],[29,-76],[64,-66],[-12,-83],[81,-151],[2,-99],[-79,-93],[-84,54],[-72,7],[-54,41],[-141,-67],[-196,62],[-53,-47],[5,-51],[-56,-46],[-8,-83],[39,-71],[-73,-19],[-86,-82],[-11,-58],[-99,-47],[-69,-82],[68,-95],[-41,-37],[-113,3],[-99,-30],[-95,28]],[[87708,62745],[-6,72],[52,69],[13,76],[-29,52],[4,176],[145,97],[-42,210],[30,70],[140,24],[56,120],[-92,40],[32,93],[-34,50],[64,83],[-238,93],[-54,86],[27,83],[82,64],[50,68],[90,29],[57,-9],[78,38],[83,80],[-91,59],[29,126],[-11,52],[-91,15],[-9,-71],[-53,-51],[-81,37],[15,100],[-112,32],[139,133],[35,53],[-32,230],[-96,29],[-128,-17],[-49,13],[143,106],[-9,44],[109,63],[-36,100],[-106,34],[-13,83],[-100,2],[-80,-44],[-179,94],[-43,-9],[-82,54],[-68,9],[-51,-46],[-99,17],[-64,47],[-141,3],[-244,75],[23,123],[-75,64],[72,165],[-30,154],[4,80],[176,189],[81,134],[25,87],[-24,70],[-146,59]],[[81818,64031],[99,-37],[82,3],[184,-35],[84,23],[125,-60],[86,-19],[177,40],[133,5],[76,-22],[-30,-51],[65,-154],[46,-66],[276,-39],[44,51],[-59,41],[98,76],[50,6]],[[83354,63793],[139,2],[90,-25],[6,-64],[-44,-73],[110,-22],[20,-83],[102,-31],[18,-198],[-62,-115],[4,-119],[56,-74],[124,-33],[140,57],[45,-25],[-26,-102],[23,-52],[-91,-22],[-50,-223],[-25,-55],[-77,-314],[-107,-245]],[[83749,61977],[10,-65],[98,-300],[69,-131],[232,-621],[-62,-201],[-148,-382],[-84,-245],[-179,-450],[-91,-287],[-42,-99],[40,-99],[-10,-112],[-77,-144],[-76,-35],[-8,-89],[-77,-33],[-110,38],[-126,-43],[-42,34],[-104,4],[-13,66],[-111,58],[10,81],[-44,52],[-10,109],[-37,23],[-25,198],[-145,37],[-117,101],[-79,-13],[-135,9],[-121,119],[40,49],[-46,110],[94,68],[64,98],[61,50],[-82,65],[-110,27],[63,56],[-108,79],[-118,9],[9,-110],[-61,-32],[-77,10],[-72,-82],[-114,-56],[-139,2],[-84,37],[-55,89],[-72,39],[-178,-14],[-136,11],[-242,98]],[[80772,60160],[95,52],[61,107],[80,70],[31,72],[-63,92],[49,138],[-87,4],[-99,43],[-190,-79],[-94,-24],[-68,-64],[-68,7],[40,85],[188,32],[32,62],[-35,101],[106,43],[127,-30],[59,48],[98,21],[-7,115],[32,63],[31,251],[-23,57],[-113,72],[-153,-28],[-90,16],[-184,-10],[11,138],[85,137],[-99,30],[8,98],[315,49],[10,103],[-23,49],[-18,264],[-188,-17],[-75,16],[25,74],[62,70],[94,-53],[189,-56],[180,62],[-12,62],[64,87],[9,50],[-245,106],[182,57],[-30,69],[-73,45],[-82,105],[0,76]],[[80916,63097],[24,174],[34,51],[-43,82],[-98,58],[-14,33],[201,-27],[33,51],[-22,46],[25,172],[-89,5],[-96,32],[-22,135],[55,107],[-5,74],[133,-20],[75,25],[64,-64],[69,-12],[20,-58],[-42,-91],[61,4],[67,57],[0,44],[115,17],[69,-28],[76,70],[-49,47],[64,46],[120,-82],[77,-14]],[[87708,62745],[-115,-16],[19,-46],[-102,-78],[-127,-25],[-82,12],[-46,41],[-293,-2],[-462,9],[-134,30],[-70,-10],[-87,53],[-46,-19],[-104,16],[-114,100],[-110,-14],[-197,-56],[-102,31],[-1,69],[-167,90],[-32,-82],[-146,-76],[-8,-82],[-66,-34],[-48,59],[-148,27],[-70,41],[-95,-42],[81,-44],[-21,-80],[40,-57],[80,25],[46,-48],[34,-95],[-42,-102],[66,-38],[48,-64],[182,-132],[22,-45],[73,-34],[39,-109],[-66,-4],[25,-86],[-8,-70],[-113,24],[-117,-18],[-76,37],[-4,43],[-104,22],[-84,98],[-28,122],[-127,84],[-33,45],[-166,94],[-137,-92],[-82,-2],[-70,-37],[-48,-95],[-59,0],[-215,-57],[-50,-49],[-92,0]],[[83354,63793],[66,47],[-5,120],[150,75],[107,6],[66,95],[-127,-11],[-48,21],[15,71],[77,60],[79,-9],[64,51],[100,30],[13,58],[-84,8],[1,55],[-64,60],[66,21],[313,12],[-70,132],[50,73],[-95,38],[22,95],[-23,82],[189,26],[10,57],[91,26],[4,80],[99,-2],[129,23],[58,28],[8,59],[-127,26],[-205,-28],[-30,71],[-141,128],[-23,90],[-62,81],[21,90],[66,64],[65,226],[-11,77],[185,51],[-14,54],[86,103],[104,41],[4,54],[-95,103],[-30,88],[29,74],[-6,114],[51,18],[93,-19],[48,-43],[111,-8],[60,50],[58,137],[-66,68]],[[84786,66990],[81,-32],[119,77],[143,12],[10,41],[85,57],[81,12],[24,56],[143,2],[316,-42],[3,61],[115,-25],[161,-15]],[[78192,66791],[177,73],[86,-3],[80,38],[101,-108],[81,-187],[-57,-71],[90,-60],[140,-31]],[[78890,66442],[164,-40],[251,-91],[143,-35],[195,-16],[129,50]],[[79772,66310],[54,-57],[-20,-55],[48,-56],[229,-9],[-34,-115],[48,-62],[-86,-91],[194,1],[64,42],[117,-29],[-63,-74],[59,-54],[-38,-36],[32,-145],[49,-47],[174,-20],[38,-54],[227,-24],[37,-31],[-5,-74],[113,-25],[103,6],[17,-79],[46,-14],[16,-66],[-27,-48],[43,-79],[12,-92],[141,-37],[-97,-133],[35,-42],[88,-39],[115,-9],[7,-71],[122,12],[63,-114],[-48,-58],[58,-61],[146,-96],[-75,-65],[10,-66],[67,-41],[-33,-72]],[[80916,63097],[-80,-16],[-186,-3],[-34,78],[-105,1],[-105,-39],[-159,-16],[-56,-30],[-179,27],[-57,-34],[-349,19],[-7,-32],[-265,-16],[-91,119],[-194,-10],[-102,-26],[-58,-44],[-128,13],[29,145],[-119,-45],[-77,-4],[-49,-42],[-117,-36],[-133,74],[-94,-56],[-280,-24],[-89,177],[210,18],[45,26],[-59,99],[-74,22],[-36,140],[-164,22],[27,95],[-108,14],[-82,47],[19,97],[51,-3],[46,83],[-55,77],[-52,1],[1,78],[-102,10],[-64,43],[-105,-1],[-11,67],[-134,20]],[[79772,66310],[120,29],[70,-57],[69,46],[93,10],[15,109],[34,40],[135,81],[237,102],[35,107],[143,-4],[80,18],[-59,149],[68,85],[55,28],[175,37],[71,-46],[10,-62],[59,-29],[204,86],[319,167],[133,29],[198,-23],[103,-58],[18,-68],[268,62],[111,43],[24,106],[130,11],[121,-48],[88,42],[128,-32],[49,-152],[35,-20],[162,40],[75,37],[41,80],[-8,129],[20,18]],[[83401,67402],[184,-37],[-45,-84],[236,-54],[95,1],[47,68],[71,3],[91,-43],[227,-40],[24,-29],[179,-38],[157,-45],[15,-64],[104,-50]],[[80772,60160],[-364,168],[-399,173],[11,-84],[88,-425],[16,-151],[83,-481],[1,-99],[56,-290],[29,-206],[-230,-16],[-233,26],[-26,45],[-176,-32],[-123,73],[-36,66],[-174,13],[-138,29],[-58,138],[-111,4],[-52,-55],[-66,-2],[-159,93],[-92,165],[-7,127],[-34,66],[32,27],[-16,77],[-80,79],[11,27],[-186,155],[-5,216],[21,134],[-53,40],[-52,-60],[-129,-53],[-6,-34],[-187,-139],[84,-157],[23,-98],[-15,-67],[87,-21],[52,-74],[-34,-94],[-9,-100],[-72,-48],[-149,44]],[[72351,75728],[28,-94],[2,-91],[-125,-121],[-10,-88],[101,-93],[4,-127],[93,-36],[1,-90],[106,-32],[4,-99],[-47,-41],[10,-149],[37,-191],[-46,-111],[-117,-77],[-97,-19],[-59,-37],[-106,48],[-56,-9],[-14,-90],[-108,-94],[-92,-174],[-89,-28],[-186,16],[-23,-47],[-65,-5],[-64,53],[-141,12],[-102,61],[-272,-6],[-168,37],[-121,-11],[-52,-63],[-115,99],[-89,40],[-23,-47],[25,-92],[-12,-107],[-32,-45],[-105,-14],[-87,-57],[-52,-75],[-29,-143],[-87,-40],[40,-92],[-48,-45]],[[69963,73314],[-151,7],[30,60],[-67,92],[-98,29],[-92,-7],[-23,-60],[-164,-61],[-111,-113],[-112,78],[69,200],[-113,12],[27,65],[65,28],[-5,46],[-65,80],[-109,12],[0,40],[-111,43],[-139,17],[-28,73],[4,69]],[[68770,74024],[106,34],[-8,64],[138,167],[120,-21],[114,1],[50,25],[158,5],[137,-16],[64,45],[74,-14],[-41,95],[10,95],[-33,323],[-66,105],[-72,48],[-51,-19],[-45,-86],[-127,17],[-76,33],[6,64],[71,109],[30,81],[43,42],[246,-27],[105,-26],[64,15],[7,48],[-50,84],[57,15],[142,159],[-92,17],[-78,-133],[-123,15],[35,114],[-174,22],[44,93],[303,-3],[61,-54],[100,-23],[113,98],[-92,125],[64,32],[34,132],[35,29],[6,77]],[[70179,76030],[132,-41],[137,6],[132,-25],[109,26],[176,-10],[132,-56],[51,-60],[148,7],[73,-54],[207,13],[85,24],[47,-67],[154,90],[83,0],[24,-56],[194,-90],[145,4],[57,23],[86,-36]],[[79080,75425],[175,-40],[62,-153],[115,-13],[14,-58],[-44,-73],[191,-10],[5,-117],[-73,-48],[-78,-88],[-38,-176],[41,-65],[-39,-91],[107,-101],[233,-132],[-87,-92],[76,-32],[-39,-50],[-172,-3],[-84,-31],[-166,51],[-98,-11],[-80,-81],[-179,-41],[-142,3],[-87,-37],[-42,-47],[-6,-71],[91,-54],[4,-50],[-58,-50],[-113,-28],[-97,25],[-104,-24],[119,-63],[57,-52],[47,-92],[-14,-66],[-253,-14],[-24,-23],[98,-65],[124,-34],[140,-84],[59,-83],[75,-45],[112,-28],[-24,-56],[-183,-22],[-113,10],[-274,82],[-64,-17],[57,-68],[155,-86],[298,-50],[81,-23],[161,-4],[64,-53],[3,-81],[-38,-17]],[[79031,72603],[-76,-16],[140,-78],[125,-29],[25,-96],[-106,-97],[-47,-134],[189,-28],[-65,-58],[-139,-22],[-95,-91],[-214,5]],[[78768,71959],[-17,-93],[87,-28],[-46,-105],[-9,-87],[108,-52],[32,-49],[0,-86],[-93,-12],[-185,4],[3,-28],[272,-12],[-43,-104],[-56,-58],[-208,-5],[80,-41],[-6,-145],[39,-52],[135,-16],[110,20],[1,-132],[-20,-62],[-70,0],[-87,-107],[-119,37],[19,100],[-91,33],[-126,4],[70,-73],[-16,-57],[-70,-98],[-232,-47],[-148,-124],[77,-41],[12,-114],[73,7],[2,-189],[-129,-67]],[[78117,70080],[-123,-38],[-187,30],[-148,-15],[-48,-84],[-370,37],[-66,16],[-19,55],[-91,31],[-4,-113],[36,-59],[-165,-91],[-128,-15],[28,158],[-111,38],[-5,42],[-165,48],[-171,35],[-196,6],[-57,-37],[-89,8],[-44,46],[16,64],[-110,31],[-145,4],[-42,-81],[-182,-66],[-78,26],[-30,156],[-191,-85],[-56,43],[-109,-105],[-47,37]],[[75020,70202],[21,170],[-48,230],[-82,71],[-173,109],[-17,56],[37,140],[-17,36],[-139,87],[-23,39],[71,49],[27,55],[195,27],[34,-29],[135,37],[142,7],[150,84],[-15,36],[-91,-6],[72,119],[-210,164],[-219,54],[-234,226],[-35,117],[-82,-3],[-48,44],[23,56],[-102,70],[34,98]],[[74426,72345],[155,50],[250,57],[71,-3],[100,-45],[73,-8],[121,23],[207,81],[182,-10],[43,-40],[93,69],[56,-14],[44,94],[-87,63],[162,13],[116,72],[191,176],[114,18],[26,-70],[105,-67],[100,14],[48,37],[80,-38],[105,8],[28,84],[71,65],[-277,122],[18,47],[135,28],[34,168],[-121,0],[-3,98],[-105,45],[-126,16],[32,173],[-3,155],[142,1],[267,-14],[-36,186],[-42,62],[43,142],[294,-86],[76,39],[141,-17],[232,10],[91,60],[44,57],[-43,96],[163,20],[104,-73],[138,4],[131,46],[114,-43],[-53,-49],[100,-132],[15,-125],[90,-50],[161,-12],[103,57],[-9,82],[56,33],[-34,113],[-120,79],[40,71],[-5,71],[83,52],[1,47],[-60,80],[16,120],[-31,41],[104,106],[36,160],[-39,65],[-1,102]],[[78776,75227],[71,-1],[53,61],[10,78],[67,3],[103,57]],[[67713,69990],[88,8],[63,56],[95,-1],[136,82],[-52,75],[86,1],[106,90],[-41,83],[134,-5],[121,-113],[106,4],[-72,96],[36,56],[90,-78],[52,68],[203,30],[4,89],[177,68],[96,56],[-79,137],[-14,57],[40,185],[-27,58],[43,56],[179,-73],[102,-72],[240,-30],[68,52],[143,-89],[100,-33],[128,-1],[46,115]],[[70110,71017],[255,-65],[98,6],[177,-82],[12,83],[98,20],[230,-101],[86,-17],[87,-64],[95,-133],[-14,-91],[73,-49],[109,16],[45,50],[55,-18],[206,32],[77,-40],[81,40],[79,-16],[1,-53],[-81,-59],[-133,-23],[-10,-38],[72,-48],[395,-130],[65,7],[35,74],[46,-9],[7,-68],[309,69],[69,-115],[50,18],[26,63],[182,21],[-15,66],[41,19],[88,-55],[114,-22],[58,-72],[116,40],[133,-5],[147,23]],[[73674,70291],[8,-56],[81,-56],[-3,-42],[-70,-49],[-41,-104],[9,-42],[242,-54],[-22,-59],[-1,-156],[64,-14],[62,-57],[-64,-49],[38,-44],[-2,-90],[136,-33],[-48,-73],[-78,7],[-112,-48],[-71,-52],[44,-117],[-47,-81],[45,-36],[131,-2],[81,-39],[0,-90],[49,-131],[-124,-35],[-114,44],[-119,-53],[-85,-66],[-53,91],[-104,-5],[8,-49],[187,-190],[1,-81],[109,4],[48,-30],[0,-73],[-96,-58],[-78,-179],[65,-46],[144,-9],[10,-70],[61,-35],[-129,-89],[-71,-23],[-18,-51],[53,-27],[-2,-122],[61,-47],[-3,-52]],[[72130,67958],[-16,35],[105,61],[-42,70],[-68,-46],[-102,105],[-117,-12],[-62,17],[-81,87],[-105,38],[-166,-52],[-93,4],[16,104],[45,33],[135,31],[7,62],[-48,70],[-2,111],[-47,32],[-107,-1],[-64,-46],[-106,-16],[-136,8],[2,96],[-34,6],[-93,-85],[-159,-92],[-133,-116],[-9,46],[51,105],[101,58],[-26,82],[-111,36],[-64,108],[-37,126],[-90,32],[-39,61],[-116,-81],[-145,18],[-185,90],[-119,-73],[-202,-39],[34,-105],[-54,-137],[311,77],[-37,-75],[-91,-24],[-60,-119],[-7,-77],[-168,-71],[-126,-38],[-125,-1],[-31,111],[-81,43],[21,57],[-243,12],[-60,50],[-110,-12],[-80,25],[-155,11],[-36,54],[-156,-70],[-220,48],[-50,39],[33,131],[76,-30],[130,-114],[47,9],[-13,169],[81,133],[189,29],[40,23],[-20,96],[-118,63],[-75,96],[-102,20],[-7,30],[120,113],[115,20],[81,-32],[154,61],[-206,13],[-25,-20],[-143,25],[-23,96],[-55,35],[-135,6],[-38,-52],[-87,4],[-111,-104],[-15,-61],[-112,-83],[-119,35],[-48,-29],[-4,-69],[-46,-60],[-5,-57]],[[62906,72858],[33,-46],[93,-27],[62,32],[240,43],[13,124],[-55,85],[69,223],[-60,57],[100,45],[141,-2],[179,-59],[133,-2],[223,-64],[82,-14],[114,-65],[110,-36],[102,-83],[35,-84],[78,-46],[103,51],[149,-9],[57,66],[92,-24],[239,-10],[141,23],[45,-11],[42,149],[-127,27],[55,155],[84,41],[58,70],[-65,69],[-69,119],[-56,46],[97,67],[114,-10],[140,-60],[-54,-143],[-47,-48],[62,-103],[162,-26]],[[65820,73378],[143,-7],[68,-38],[29,-70],[-19,-37],[31,-71],[87,9],[65,-31],[71,-145],[109,18],[70,-59],[168,-83],[162,25],[30,-43],[-21,-73],[103,-89],[-5,-85],[73,-59],[-87,-73],[18,-59],[127,55],[62,-48],[-73,-115],[53,-17],[123,41],[103,-4],[25,-74],[75,-2],[64,59],[4,-161],[109,-57],[0,-147],[-117,-140],[77,-172],[-18,-86],[-72,-104],[-4,-68],[49,-46],[-46,-171],[-72,20],[-17,115],[-104,12],[-72,-78],[-191,-98],[30,-72],[164,-17],[158,-152],[52,-12],[105,24],[14,-44],[-163,-263],[-161,-125],[-18,-73],[31,-76],[-66,-47],[-186,-62],[-121,-164],[-94,-74],[-231,-102]],[[74426,72345],[87,179],[7,70],[-27,57],[-117,105],[-31,113],[-115,124],[-81,111],[-126,95]],[[74023,73199],[28,86],[70,21],[25,67],[58,59],[52,94],[1,51],[-61,27],[-441,33],[-174,106],[50,274],[186,-44],[43,-108],[109,-51],[27,66],[57,-11],[62,54],[-98,58],[72,123],[137,20],[199,-33],[147,43],[116,101],[68,120],[-183,113],[-78,6],[-118,44],[30,158],[59,-23],[139,40],[-28,-62],[22,-59],[123,16],[15,51],[72,52],[131,223],[-31,196],[97,43],[137,3],[120,48],[6,61],[54,84]],[[75323,75349],[143,13],[440,60],[72,50],[-6,54],[117,85],[86,-20],[116,63],[-6,49],[117,101],[248,0],[45,34],[310,-2],[107,48],[91,-35],[9,-72],[-179,-21],[-56,-22],[-46,-87],[30,-59],[-25,-69],[-63,-58],[55,-154],[195,66],[207,-43],[47,-106],[-6,-147],[93,-45],[226,-43],[94,8],[71,60],[135,6],[17,59],[118,17],[48,-81],[98,22],[-19,115],[119,42],[138,4],[97,-48],[170,34]],[[73674,70291],[49,38],[222,-59],[35,9],[-33,133],[105,-18],[159,-82],[123,-5],[59,-29],[60,-68],[69,38],[117,-39],[149,5],[101,-63],[131,51]],[[78117,70080],[62,-16],[-2,-71],[-55,-42],[24,-109],[105,0],[75,-35],[82,24],[32,-105],[-29,-73],[74,-94],[-73,-100],[-90,23],[-48,-26],[-155,65],[-67,56],[-53,-89],[-94,-33],[-133,-3],[-123,-62],[-28,-47],[271,19],[39,-45],[-39,-130],[91,0],[191,36],[73,-13],[147,-79],[105,-115],[15,-49],[-87,-147]],[[78427,68820],[-154,-4],[-60,-32],[4,-164],[196,-112],[-32,-48],[54,-55],[-47,-71],[-112,10],[-8,51],[-143,0],[-63,-54],[-14,-57],[65,-72],[-28,-65],[30,-43],[86,-24],[-45,-46],[-84,-26],[-264,-5],[-15,-117],[61,-3],[15,85],[132,4],[48,-19],[-6,-100],[-74,-72],[-16,-129]],[[65820,73378],[39,80],[126,-5],[100,17],[50,37],[21,93],[-72,44],[-97,22],[-9,41],[94,50],[165,-51],[86,-1],[5,49],[-128,109],[-123,22],[-19,28],[25,98],[-28,90]],[[66055,74101],[112,62],[409,1],[44,-20],[130,-198],[95,-100],[54,-91],[-26,-37],[-93,-31],[-66,-54],[-6,-66],[89,-64],[77,-23],[59,-56],[165,130],[70,23],[154,-17],[38,-36],[276,-20],[21,82],[-46,44],[120,62],[123,110],[340,-13],[13,110],[75,100],[281,24],[97,18],[110,-17]],[[69963,73314],[46,-23],[131,18],[173,-144],[135,7],[70,-84],[65,-7],[-49,-75],[25,-72],[123,2],[25,-60],[-37,-28],[85,-78],[-28,-51]],[[70727,72719],[-121,-27],[46,-65],[-40,-109],[-68,-25],[-1,-73],[-196,36],[-28,-77],[-128,41],[-108,-131],[-36,-129],[46,-28],[112,19],[15,-49],[-76,-33],[-108,-15],[-2,-67],[76,-56],[-24,-147],[158,-4],[-54,-63],[-10,-109],[102,-10],[37,-99],[-182,-92],[-118,-34],[-170,-153],[154,-138],[53,-6],[54,-59]],[[63235,75800],[95,9],[124,54],[67,-15],[176,12],[237,57],[47,-12],[110,48],[131,-3],[18,30],[115,-3],[106,21],[8,59],[132,-37],[103,-4],[147,20],[296,59],[112,38],[174,-18],[104,9]],[[65537,76124],[56,-50],[-2,-130],[-58,-66],[50,-60],[138,-70],[54,-99],[48,-154],[48,-78],[1,-160],[-109,45],[-84,-29],[-140,-162],[-54,-34],[-184,50],[-94,73],[-172,81],[-118,3],[-236,-44],[-48,-21],[-120,-103],[29,-96],[-3,-74],[283,-117],[224,-46],[-11,-120],[56,-43],[-76,-34],[-38,-63],[12,-66],[96,-12],[10,-35],[107,-59],[98,-1],[83,-50],[131,84],[233,-48],[-18,-96],[200,-70],[126,-69]],[[70727,72719],[113,-85],[116,-20],[-33,-93],[-62,68],[-46,-7],[3,-112],[76,-163],[-118,-26],[156,-46],[78,52],[63,2],[-40,-101],[3,-145],[197,-78],[135,34],[100,7],[78,47],[25,56],[-115,30],[19,34],[124,23],[-12,123],[134,49],[32,34],[96,16],[39,-32],[-21,-69],[91,-33],[69,-63],[78,81],[73,-7],[173,-114],[24,-97],[77,-4],[37,104],[-4,137],[-35,29],[135,42],[140,11],[9,143],[-76,53],[58,60],[-14,35],[100,184],[69,28],[157,-11],[61,-24],[180,33],[243,-2],[34,29],[-20,95],[141,-53],[25,59],[59,-5],[117,58],[46,66],[109,48]],[[72351,75728],[239,-41],[148,16],[89,-37],[78,108],[144,-120],[91,-103],[162,-2],[170,-117],[194,-3],[34,53],[108,-42],[212,25],[66,-14],[-46,-106],[21,-110],[-85,-38],[133,-26],[180,5],[75,45],[143,-23],[60,46],[79,-44],[100,0],[42,133],[146,60],[161,8],[86,-37],[142,-15]],[[65537,76124],[68,25],[-34,82],[75,6],[244,-39],[149,11],[328,-29],[260,-15],[242,-4],[169,32],[226,18],[156,-9],[96,20],[49,-19],[127,6],[231,30],[85,22],[270,32],[298,-23],[298,-10],[119,-47],[46,33],[83,-40],[207,10],[265,44],[21,71],[155,27],[40,-16],[164,-123],[257,-58],[-7,-70],[-45,-61]],[[78890,66442],[30,63],[-18,108],[135,-2],[148,-34],[14,65],[202,52],[59,-23],[111,53],[98,5],[3,-43],[182,0],[53,-41],[114,2],[102,129],[0,75],[-34,130],[55,39],[13,66],[126,27],[73,72],[-6,115],[75,69],[-45,56],[30,52],[-118,8],[-61,71],[4,104],[126,86],[-24,41],[-167,61],[80,60],[44,66],[-66,20],[60,64],[39,81],[64,11],[105,-26],[-52,-94],[-6,-61],[169,-24],[145,-70],[251,-1],[9,63],[115,-8],[-3,241],[146,-75],[120,-27],[6,-48],[275,-23],[37,88],[-23,84],[-86,37],[47,67],[140,-65],[28,72],[-12,244],[-385,3],[-23,137],[12,93],[-53,63],[-76,32],[-42,150],[124,23],[178,3],[112,-30],[15,86],[88,53],[83,14]],[[81835,69151],[160,-31],[38,58],[60,22],[146,-35],[-26,-64],[148,3],[27,56],[64,4],[286,-44],[-10,-110],[-82,-53],[148,-31],[78,1],[226,-59],[39,83]],[[83137,68951],[52,-48],[-37,-100],[24,-57],[178,-22],[37,-35],[-32,-146],[56,-67],[124,-67],[82,-23],[63,-73],[-52,-58],[-124,-38],[-92,35],[0,-103],[-115,15],[-14,-34],[94,-51],[0,-103],[68,-54],[208,-12],[37,-52],[-65,-76],[3,-149],[-132,-82],[-99,-149]],[[87099,69137],[21,76],[-60,49],[-158,6],[69,50],[-18,92],[-45,47],[41,63],[107,-58],[-7,-52],[73,-63],[106,13],[13,90],[-20,47],[-112,7],[56,141],[158,-12],[61,61],[-14,43],[-106,106],[17,83],[104,54],[112,18],[53,86],[-61,51],[89,77],[64,14],[16,95],[133,-22],[42,67],[-67,30],[-32,76],[-316,63],[7,147],[177,60],[-37,94],[-123,-14],[-41,37],[-109,-64],[-7,-81],[-42,-9],[-180,49],[-88,-11],[19,81],[-50,91],[-4,63],[31,78],[-10,124],[-49,7],[0,108],[-50,19]],[[86862,71314],[106,63],[94,-13],[92,-94],[84,-2],[110,53],[76,4],[108,-107],[97,-52],[64,12],[89,147],[91,57],[206,7],[203,95],[184,-63],[82,5],[3,134],[92,110],[150,90],[19,45],[-37,192],[13,56],[110,84],[112,23],[51,-36],[79,-209],[37,-65],[99,-24],[146,83],[80,13],[105,-22],[131,15],[53,62],[101,50]],[[89892,72027],[190,-106],[-21,-63],[35,-104],[-29,-93],[50,-63],[233,-43],[-52,-116],[90,-133],[41,0]],[[90429,71306],[68,-21],[-3,-99],[147,-66],[97,-69],[4,-94],[-47,-139],[7,-65],[-147,22],[-60,-73],[6,-81],[82,-19],[4,-81],[36,-49],[-7,-75],[28,-85],[218,-29],[-49,-40]],[[78768,71959],[163,-74],[158,-29],[28,-128],[54,-30],[271,-71],[249,1],[69,-21],[11,-142],[-57,-78],[36,-28],[183,-3],[97,14],[206,60],[134,-126],[-31,-100],[-47,-37],[-26,-95],[99,-63],[109,38],[39,62],[72,168],[66,109],[148,89],[71,-7],[94,-118],[-4,-52],[-51,-51],[-173,-13],[29,-51],[199,-39],[84,17],[63,67],[105,7],[60,-123],[-32,-9]],[[81244,71103],[-66,-38],[36,-73],[-6,-86],[-41,-42],[3,-130],[51,-3],[7,-72],[77,-67],[184,-16],[-24,-75],[-113,-66],[-34,57],[-71,-2],[-1,-128],[87,-8],[-6,-97],[-42,-93],[-70,-43],[-19,-83],[-130,-30],[33,-94],[-144,-48],[-9,-189],[-21,-76]],[[80925,69601],[-50,-41],[31,-61],[-150,-67],[-57,-86],[-235,-23],[-28,-61],[-282,-48],[-130,14],[14,82],[-62,10],[-88,-27],[-40,-111],[-80,-109],[-67,-2],[-14,-51],[-99,-60],[58,-132],[-4,-46],[-175,25],[-81,-66],[-8,-43],[-149,-40],[-30,66],[-93,-23],[-92,66],[-171,24],[-96,65],[-68,18],[-126,-33],[-30,-76],[-96,55]],[[79080,75425],[19,66],[-55,36],[42,52],[107,4],[160,-32],[27,-67],[337,-39],[63,-24],[20,-86],[138,-29],[24,69],[-6,78],[103,85],[16,78],[-99,118],[-1,37],[75,68],[139,46],[6,-54],[84,-91],[99,-28],[63,17],[193,-70],[125,46],[336,40],[173,-5],[9,57],[254,-3],[131,89],[203,19],[220,-26],[147,-50]],[[82232,75826],[-7,-79],[-70,-88],[1,-91],[87,-111],[-13,-32],[-126,-105],[3,-86],[50,-121],[174,-112],[-26,-75],[-77,-127],[140,-53],[1,-72],[-177,-30],[-90,-60],[170,-84],[62,-100],[72,-29],[-101,-46],[-90,-169],[-63,-66],[-9,-63],[-71,-97],[57,-130],[96,-15],[44,-276],[76,-70],[-3,-61],[-125,-7],[-23,-28],[-123,51],[-28,-40],[-42,-149],[-45,39],[-210,-4],[-24,-20],[-193,32],[-103,5],[-48,-106]],[[81378,73151],[-119,-14],[-16,-30],[-159,-33],[-64,28],[-162,-43],[-58,9],[-93,64],[5,78],[-43,109],[-264,-109],[-87,-68],[-137,25],[-69,-33],[-241,-83],[-81,-172],[25,-52],[-207,-47],[-109,-56],[-20,-84],[-172,-7],[-53,-20],[62,-59],[-10,-43],[-96,-10],[-106,44],[-73,58]],[[81835,69151],[117,91],[-24,163],[-77,11],[-85,-29],[-15,-53],[-155,49],[-51,55],[-129,-5],[-130,53],[-202,33],[-159,82]],[[81244,71103],[64,-3],[157,62],[29,70],[78,12],[212,-31],[93,35],[73,106]],[[81950,71354],[78,-52],[12,-75],[-53,-62],[81,-45],[164,-3],[75,-19],[33,-56],[-6,-81],[75,1],[55,-41],[144,-8],[36,-53],[83,31],[48,-25],[179,-9],[-24,-38],[11,-87],[93,-26],[39,31],[82,-6],[105,70],[41,102]],[[83301,70903],[144,-46],[90,6],[90,40],[61,-7],[99,-107],[93,-38]],[[83878,70751],[24,-148],[110,-23],[-12,-74],[-79,-63],[-79,-19],[-31,-91],[11,-68],[153,-1],[42,-84],[-23,-76],[16,-101],[170,-156],[100,-25],[98,71],[151,7],[118,-53],[-6,-109],[73,-24],[-83,-106],[20,-55],[146,-18],[-24,-113],[-71,13],[-86,-83],[-75,3],[-33,-81],[91,-21],[-41,-165],[-45,-108],[152,-3],[32,-38],[-22,-113],[-99,-48],[57,-61],[-84,-53],[133,-97],[15,-41]],[[84697,68526],[-92,-33],[-117,3],[-74,-39],[-26,55],[128,34],[24,56],[-162,8],[9,86],[-47,105],[-73,31],[-164,1],[-160,-24],[-168,8],[1,26],[-182,-5],[-80,58],[-110,14],[-170,42],[-97,-1]],[[84697,68526],[152,-53],[143,21],[39,65],[95,-4],[91,-73],[-13,-71],[107,18],[5,-66],[-126,-61],[-55,-52],[129,-19],[50,-36],[95,-2],[15,-32],[167,29],[102,3],[59,-85],[172,-8],[121,-87],[66,-25]],[[83878,70751],[237,-48],[81,225],[-22,24],[438,-4],[12,-23],[338,3],[-7,145],[-98,39],[94,113],[134,70],[111,88],[137,70],[90,3],[23,62],[99,7],[96,79]],[[85641,71604],[253,155]],[[85894,71759],[-2,-57],[191,-129],[15,-83],[-66,-35],[23,-128],[-146,-101],[-72,-83],[41,-47],[187,-43],[48,52],[96,6],[158,-15],[216,0],[96,34],[113,139],[70,45]],[[82232,75826],[243,-11],[70,43],[131,-14],[95,38],[122,-57],[84,66],[109,-17],[109,5],[76,61],[182,-10],[124,27],[177,3],[111,-19],[149,-5],[67,-21],[244,-22],[185,10],[324,-39],[138,-53],[141,6],[68,31],[148,115],[170,69],[294,24],[51,-78],[142,-56],[53,50],[123,24],[80,-30],[68,68],[259,7]],[[86569,76041],[21,-66],[79,7],[-81,-134],[112,-45],[8,-146],[27,-68],[-119,-62],[-136,-18],[-22,-94],[54,-19],[-25,-58],[82,-80],[137,9],[24,-45],[90,-7],[125,-52],[-25,-44],[30,-66],[89,-77],[2,-57],[51,-36],[100,7],[11,-73],[121,-23],[31,-53],[1,-104],[31,-191],[29,-14],[218,69],[120,19],[130,-18],[70,-29],[21,-72],[-135,-44],[-70,-112],[-118,6],[-93,-67],[-52,-4],[-29,-70],[82,-27],[-61,-59],[-181,-66],[-85,-6],[-122,-50],[-62,-73],[29,-127],[-31,-55],[147,-44],[55,-37],[-82,-67],[19,-47],[-38,-44],[-67,8],[-53,-58],[-31,-81],[-93,-64],[-172,-24],[-108,96],[-143,-118],[-125,62],[-113,123],[-130,11],[-23,-39],[-161,-69],[-12,-81],[-93,11],[-54,-98],[-98,14],[-137,-17],[26,-60],[-79,-30],[-44,-173],[-17,-145],[-76,-44],[-63,-2],[-53,-114],[-82,58],[6,50],[-91,13],[-108,-70],[-11,-153],[-115,-38],[50,-56],[81,7],[57,-118],[82,-36]],[[85098,72173],[-149,-30],[-108,71],[10,38],[-223,5],[52,-114],[-78,-47],[-41,31],[-187,2],[-85,-48],[-53,90],[-65,237],[-66,150],[-61,53],[-41,98],[-76,52],[-28,126],[-96,39],[-82,106],[-71,32],[-124,12],[-38,39],[-103,-23],[-75,-95],[-87,-40],[-69,-105],[-131,-17],[-121,-54],[-55,-48],[-120,28],[-114,-18],[-79,41],[-137,-36],[-73,72],[-48,5],[-154,-156],[-332,30],[58,55],[-184,139],[-28,97],[-99,99],[-159,62]],[[85641,71604],[-93,42],[-75,-10],[-39,33],[-95,-53],[-52,143],[-52,99],[21,69],[-91,103],[8,91],[-75,52]],[[86569,76041],[43,-28],[166,36],[88,-26],[170,-14],[99,-60],[58,26],[222,-84],[75,0],[143,-41],[80,-46],[236,-90],[81,-48],[199,-42],[130,-142],[-44,-67],[5,-87],[61,-57],[120,-71],[102,-7],[107,40],[7,-65],[127,-14],[46,-57],[-18,-51],[84,-15],[164,37],[157,-61],[88,-100],[118,192],[-22,51],[35,59],[78,-34],[94,-131],[248,-60],[226,-90],[-23,-29],[-299,75],[-87,-2],[-89,-194],[153,-26],[82,34],[173,-34],[155,-45],[14,-87],[99,-66]],[[90320,74520],[22,-73],[-126,9],[-91,-21],[-30,-90],[-97,-127],[-1,-50],[-176,-69],[-39,-62],[95,-13],[483,-143],[-35,-50],[-79,-30],[-99,-85],[-83,-37],[-171,-28],[-72,19],[27,110],[-59,107],[-25,113],[-117,-23],[-67,-48],[-263,-62],[-162,-19],[-40,-155],[-81,-25],[-118,-176],[-48,-24],[-39,-174],[-120,-58],[63,-157],[-84,-55],[-140,-57],[-196,-139],[-111,-55],[-93,22],[-230,-83],[-39,25],[-279,-2],[-65,-24],[-121,58],[-105,-57],[-144,-40],[-132,56],[-84,-8],[-77,-34],[48,-95],[-51,-28],[-74,20],[-64,-28],[60,-48],[13,-56],[-77,-42],[-56,-64],[-89,-22],[-214,20],[-160,-206],[-57,15],[-78,-29],[-85,-135],[-62,-61],[7,-99],[-39,-69]],[[90320,74520],[78,41],[46,-40],[125,-26],[322,-121],[133,-36],[129,-6],[252,-89],[163,-11],[309,-99],[118,6],[107,-38],[43,46],[124,-29],[-2,63],[70,65],[111,-4],[103,20],[131,-52],[217,-42],[9,-164],[-30,-68],[-169,-101],[1,-55],[159,-35],[67,27],[88,-4],[35,-34],[102,-6],[39,52],[91,-38],[14,-84],[187,4],[66,-56],[117,24],[157,-17],[142,-116],[125,-6],[187,-58],[61,20],[103,-41],[100,2],[2,-135],[-39,-10],[20,-104],[-39,-113],[-61,-92],[-79,-165]],[[94354,72795],[-15,-12],[-372,-48],[-159,21],[-66,120],[-210,173],[-30,-20],[5,-114],[-39,-31],[-50,-227],[-230,5],[-70,-93],[-77,-176],[-277,26],[-40,91],[-191,98],[-34,-70],[-36,-219],[-61,-55],[-72,-9],[-97,37],[-129,-111],[-140,31],[-408,136],[-74,61],[11,64],[48,61],[-105,164],[-307,43],[-101,-64],[-47,-118],[-58,-24],[-248,-8],[-88,-49],[-23,-58],[32,-119],[-35,-71],[-57,-7],[-101,43],[-83,59],[-116,46],[-169,-4],[-36,-50],[162,-90],[21,-30],[-4,-175],[-91,-7],[-195,12]],[[83301,70903],[68,145],[87,107],[-52,34],[-20,116],[-67,4],[-50,40],[-98,11],[-28,73],[-106,24],[-49,-27],[-147,63],[-60,134],[-114,-31],[-157,33],[-118,-38],[-9,-52],[-64,-14],[-104,37],[31,94],[-182,48],[-32,-70],[45,-19],[29,-146],[-182,-18],[-64,30],[-38,-62],[130,-65]],[[94354,72795],[112,-3],[22,-42],[-32,-200],[-28,-97],[20,-53],[75,-15],[285,18],[178,-11],[88,8],[140,62],[108,-11],[158,-123],[-40,-68],[-74,-32],[-180,-30],[-77,-32],[-58,-68],[-20,-72],[26,-83],[71,-3],[247,54],[264,8],[189,85],[61,-53],[-52,-99],[-34,-110],[31,-106],[51,-83],[139,-64],[10,-27],[-37,-151],[78,-51],[-123,-187],[23,-120],[-10,-61],[26,-78],[-134,-64],[-134,20],[-108,-77],[-77,11],[-150,55],[-361,8],[-74,-7],[-63,-98],[-78,-158],[-126,-20],[-122,-46],[-198,77],[-144,25],[-94,0],[-47,-34],[-28,-104],[-70,-17],[-280,34],[-77,129],[-113,60],[-19,110],[-48,48],[-237,-9],[-55,94],[-133,20],[-112,166],[-62,-16],[-52,-109],[-82,-59],[-63,30],[-191,149],[-24,93],[-98,34],[-137,-32],[-41,40],[-152,60],[-11,133],[-93,85],[-153,22],[-194,-51],[-67,-88],[-202,-27],[-156,38],[-145,-9],[-152,33],[-106,-1],[-128,-60],[-93,-15],[-78,-64]]],"transform":{"scale":[0.00004671929714297232,0.00006043860554605545],"translate":[88.00816912400006,20.590748150000024]},"objects":{"bgd_admin3":{"type":"GeometryCollection","geometries":[{"arcs":[[0,1,2,3]],"type":"Polygon","properties":{"id":"BD20030004","name":"Alikadam","pcode":"BD20030004","parent":"BD2003"}},{"arcs":[[4,5,6,7,8,9,10,11]],"type":"Polygon","properties":{"id":"BD20030014","name":"Bandarban Sadar","pcode":"BD20030014","parent":"BD2003"}},{"arcs":[[-3,12,13,14,-7,15,16]],"type":"Polygon","properties":{"id":"BD20030051","name":"Lama","pcode":"BD20030051","parent":"BD2003"}},{"arcs":[[-2,17,18,19,20,-13]],"type":"Polygon","properties":{"id":"BD20030073","name":"Naikkhongchhari","pcode":"BD20030073","parent":"BD2003"}},{"arcs":[[-5,21,22,23]],"type":"Polygon","properties":{"id":"BD20030089","name":"Rowangchhari","pcode":"BD20030089","parent":"BD2003"}},{"arcs":[[-6,-24,24,25,-16]],"type":"Polygon","properties":{"id":"BD20030091","name":"Ruma","pcode":"BD20030091","parent":"BD2003"}},{"arcs":[[-4,-17,-26,26,27]],"type":"Polygon","properties":{"id":"BD20030095","name":"Thanchi","pcode":"BD20030095","parent":"BD2003"}},{"arcs":[[28,29,30,31]],"type":"Polygon","properties":{"id":"BD20120002","name":"Akhaura","pcode":"BD20120002","parent":"BD2012"}},{"arcs":[[32,33,34,35,36]],"type":"Polygon","properties":{"id":"BD20120033","name":"Ashuganj","pcode":"BD20120033","parent":"BD2012"}},{"arcs":[[37,38,39,40,41]],"type":"Polygon","properties":{"id":"BD20120004","name":"Banchharampur","pcode":"BD20120004","parent":"BD2012"}},{"arcs":[[-32,42,43,44,45,46]],"type":"Polygon","properties":{"id":"BD20120007","name":"Bijoynagar","pcode":"BD20120007","parent":"BD2012"}},{"arcs":[[-31,47,48,-33,49,-43]],"type":"Polygon","properties":{"id":"BD20120013","name":"Brahmanbaria Sadar","pcode":"BD20120013","parent":"BD2012"}},{"arcs":[[-30,50,51,52,53,-48]],"type":"Polygon","properties":{"id":"BD20120063","name":"Kasba","pcode":"BD20120063","parent":"BD2012"}},{"arcs":[[-34,-49,-54,54,-42,55,56]],"type":"Polygon","properties":{"id":"BD20120085","name":"Nabinagar","pcode":"BD20120085","parent":"BD2012"}},{"arcs":[[-45,57,58,59,60,61]],"type":"Polygon","properties":{"id":"BD20120090","name":"Nasirnagar","pcode":"BD20120090","parent":"BD2012"}},{"arcs":[[-37,62,63,-58,-44,-50]],"type":"Polygon","properties":{"id":"BD20120094","name":"Sarail","pcode":"BD20120094","parent":"BD2012"}},{"arcs":[[64,65,66,67,68,69,70]],"type":"Polygon","properties":{"id":"BD20130022","name":"Chandpur Sadar","pcode":"BD20130022","parent":"BD2013"}},{"arcs":[[-67,71,72,73,74]],"type":"Polygon","properties":{"id":"BD20130045","name":"Faridganj","pcode":"BD20130045","parent":"BD2013"}},{"arcs":[[-68,-75,75,76,77]],"type":"Polygon","properties":{"id":"BD20130047","name":"Haimchar","pcode":"BD20130047","parent":"BD2013"}},{"arcs":[[-66,78,79,80,81,-72]],"type":"Polygon","properties":{"id":"BD20130049","name":"Hajiganj","pcode":"BD20130049","parent":"BD2013"}},{"arcs":[[-80,82,83,84,85,86]],"type":"Polygon","properties":{"id":"BD20130058","name":"Kachua","pcode":"BD20130058","parent":"BD2013"}},{"arcs":[[-65,87,88,-83,-79]],"type":"Polygon","properties":{"id":"BD20130076","name":"Matlab Dakkhin","pcode":"BD20130076","parent":"BD2013"}},{"arcs":[[-71,89,90,91,92,-88]],"type":"Polygon","properties":{"id":"BD20130079","name":"Matlab Uttar","pcode":"BD20130079","parent":"BD2013"}},{"arcs":[[-81,-87,93,94,95,96,97]],"type":"Polygon","properties":{"id":"BD20130095","name":"Shahrasti","pcode":"BD20130095","parent":"BD2013"}},{"arcs":[[98,99,100,101,102,103]],"type":"Polygon","properties":{"id":"BD20150004","name":"Anwara","pcode":"BD20150004","parent":"BD2015"}},{"arcs":[[-101,104,105,106,107,108]],"type":"Polygon","properties":{"id":"BD20150008","name":"Banshkhali","pcode":"BD20150008","parent":"BD2015"}},{"arcs":[[109,110,111,112]],"type":"Polygon","properties":{"id":"BD20150012","name":"Boalkhali","pcode":"BD20150012","parent":"BD2015"}},{"arcs":[[-10,113,-99,114,115]],"type":"Polygon","properties":{"id":"BD20150018","name":"Chandanaish","pcode":"BD20150018","parent":"BD2015"}},{"arcs":[[116,117,118,119,120,121,122,123,124]],"type":"Polygon","properties":{"id":"BD20150033","name":"Fatikchhari","pcode":"BD20150033","parent":"BD2015"}},{"arcs":[[-122,125,126,127]],"type":"Polygon","properties":{"id":"BD20150037","name":"Hathazari","pcode":"BD20150037","parent":"BD2015"}},{"arcs":[[-103,128,129]],"type":"Polygon","properties":{"id":"BD20150039","name":"Karnaphuli","pcode":"BD20150039","parent":"BD2015"}},{"arcs":[[-8,-15,130,-106,131]],"type":"Polygon","properties":{"id":"BD20150047","name":"Lohagara","pcode":"BD20150047","parent":"BD2015"}},{"arcs":[[-124,132,133,134,135,136,137,138]],"type":"Polygon","properties":{"id":"BD20150053","name":"Mirsarai","pcode":"BD20150053","parent":"BD2015"}},{"arcs":[[-104,-130,139,-110,140,-115]],"type":"Polygon","properties":{"id":"BD20150061","name":"Patiya","pcode":"BD20150061","parent":"BD2015"}},{"arcs":[[-11,-116,-141,-113,141,142,143,144]],"type":"Polygon","properties":{"id":"BD20150070","name":"Rangunia","pcode":"BD20150070","parent":"BD2015"}},{"arcs":[[-112,145,-126,-121,146,-142]],"type":"Polygon","properties":{"id":"BD20150074","name":"Raozan","pcode":"BD20150074","parent":"BD2015"}},{"arcs":[[[147]],[[148]],[[149]],[[150,151]]],"type":"MultiPolygon","properties":{"id":"BD20150078","name":"Sandwip","pcode":"BD20150078","parent":"BD2015"}},{"arcs":[[-9,-132,-105,-100,-114]],"type":"Polygon","properties":{"id":"BD20150082","name":"Satkania","pcode":"BD20150082","parent":"BD2015"}},{"arcs":[[-123,-128,152,-133]],"type":"Polygon","properties":{"id":"BD20150086","name":"Sitakunda","pcode":"BD20150086","parent":"BD2015"}},{"arcs":[[-14,-21,153,154,155,156,-107,-131]],"type":"Polygon","properties":{"id":"BD20220016","name":"Chakaria","pcode":"BD20220016","parent":"BD2022"}},{"arcs":[[157,158,159,160]],"type":"Polygon","properties":{"id":"BD20220024","name":"Coxs Bazar Sadar","pcode":"BD20220024","parent":"BD2022"}},{"arcs":[[-155,161,-161,162]],"type":"Polygon","properties":{"id":"BD20220032","name":"Eidgaon","pcode":"BD20220032","parent":"BD2022"}},{"arcs":[[163]],"type":"Polygon","properties":{"id":"BD20220045","name":"Kutubdia","pcode":"BD20220045","parent":"BD2022"}},{"arcs":[[-156,-163,-160,164,165]],"type":"Polygon","properties":{"id":"BD20220049","name":"Maheshkhali","pcode":"BD20220049","parent":"BD2022"}},{"arcs":[[-108,-157,-166,166]],"type":"Polygon","properties":{"id":"BD20220056","name":"Pekua","pcode":"BD20220056","parent":"BD2022"}},{"arcs":[[-20,167,168,-158,-162,-154]],"type":"Polygon","properties":{"id":"BD20220066","name":"Ramu","pcode":"BD20220066","parent":"BD2022"}},{"arcs":[[[169,170]],[[171]]],"type":"MultiPolygon","properties":{"id":"BD20220090","name":"Teknaf","pcode":"BD20220090","parent":"BD2022"}},{"arcs":[[-19,172,-171,173,-168]],"type":"Polygon","properties":{"id":"BD20220094","name":"Ukhia","pcode":"BD20220094","parent":"BD2022"}},{"arcs":[[174,175,176,177,178,179,180]],"type":"Polygon","properties":{"id":"BD20190067","name":"Adarsha Sadar","pcode":"BD20190067","parent":"BD2019"}},{"arcs":[[-86,181,-179,182,183,184,-94]],"type":"Polygon","properties":{"id":"BD20190009","name":"Barura","pcode":"BD20190009","parent":"BD2019"}},{"arcs":[[-52,185,186,187,188]],"type":"Polygon","properties":{"id":"BD20190015","name":"Brahmanpara","pcode":"BD20190015","parent":"BD2019"}},{"arcs":[[-181,189,190,-187,191]],"type":"Polygon","properties":{"id":"BD20190018","name":"Burichang","pcode":"BD20190018","parent":"BD2019"}},{"arcs":[[-85,192,193,194,-190,-180,-182]],"type":"Polygon","properties":{"id":"BD20190027","name":"Chandina","pcode":"BD20190027","parent":"BD2019"}},{"arcs":[[195,196,197,198,199,200]],"type":"Polygon","properties":{"id":"BD20190031","name":"Chauddagram","pcode":"BD20190031","parent":"BD2019"}},{"arcs":[[-84,-89,-93,201,202,203,204,-193]],"type":"Polygon","properties":{"id":"BD20190036","name":"Daudkandi","pcode":"BD20190036","parent":"BD2019"}},{"arcs":[[-188,-191,-195,205]],"type":"Polygon","properties":{"id":"BD20190040","name":"Debidwar","pcode":"BD20190040","parent":"BD2019"}},{"arcs":[[-39,206,207,208,209]],"type":"Polygon","properties":{"id":"BD20190054","name":"Homna","pcode":"BD20190054","parent":"BD2019"}},{"arcs":[[-95,-185,210,211,212]],"type":"Polygon","properties":{"id":"BD20190072","name":"Laksam","pcode":"BD20190072","parent":"BD2019"}},{"arcs":[[-184,213,-200,214,-211]],"type":"Polygon","properties":{"id":"BD20190073","name":"Lalmai","pcode":"BD20190073","parent":"BD2019"}},{"arcs":[[-96,-213,215,216,217,218]],"type":"Polygon","properties":{"id":"BD20190074","name":"Manoharganj","pcode":"BD20190074","parent":"BD2019"}},{"arcs":[[-203,219,220,221,-209,222]],"type":"Polygon","properties":{"id":"BD20190075","name":"Meghna","pcode":"BD20190075","parent":"BD2019"}},{"arcs":[[-38,-55,-53,-189,-206,-194,-205,223,-207]],"type":"Polygon","properties":{"id":"BD20190081","name":"Muradnagar","pcode":"BD20190081","parent":"BD2019"}},{"arcs":[[-199,224,225,-216,-212,-215]],"type":"Polygon","properties":{"id":"BD20190087","name":"Nangalkot","pcode":"BD20190087","parent":"BD2019"}},{"arcs":[[-176,226,-201,-214,-183,-178,227]],"type":"Polygon","properties":{"id":"BD20190033","name":"Sadar Dakkhin","pcode":"BD20190033","parent":"BD2019"}},{"arcs":[[-204,-223,-208,-224]],"type":"Polygon","properties":{"id":"BD20190094","name":"Titas","pcode":"BD20190094","parent":"BD2019"}},{"arcs":[[-138,228,229,230]],"type":"Polygon","properties":{"id":"BD20300014","name":"Chhagalnaiya","pcode":"BD20300014","parent":"BD2030"}},{"arcs":[[-198,231,232,233,234,-225]],"type":"Polygon","properties":{"id":"BD20300025","name":"Daganbhuiyan","pcode":"BD20300025","parent":"BD2030"}},{"arcs":[[-137,235,-232,-197,236,237,-229]],"type":"Polygon","properties":{"id":"BD20300029","name":"Feni Sadar","pcode":"BD20300029","parent":"BD2030"}},{"arcs":[[-230,-238,238,239,240]],"type":"Polygon","properties":{"id":"BD20300041","name":"Fulgazi","pcode":"BD20300041","parent":"BD2030"}},{"arcs":[[-240,241]],"type":"Polygon","properties":{"id":"BD20300051","name":"Parashuram","pcode":"BD20300051","parent":"BD2030"}},{"arcs":[[-136,242,-233,-236]],"type":"Polygon","properties":{"id":"BD20300094","name":"Sonagazi","pcode":"BD20300094","parent":"BD2030"}},{"arcs":[[243,244,245,246,247]],"type":"Polygon","properties":{"id":"BD20460043","name":"Dighinala","pcode":"BD20460043","parent":"BD2046"}},{"arcs":[[248,249,250,251,252,253]],"type":"Polygon","properties":{"id":"BD20460047","name":"Guimara","pcode":"BD20460047","parent":"BD2046"}},{"arcs":[[-246,254,255,-254,256,257]],"type":"Polygon","properties":{"id":"BD20460049","name":"Khagrachhari Sadar","pcode":"BD20460049","parent":"BD2046"}},{"arcs":[[-119,258,-250,259,260,261]],"type":"Polygon","properties":{"id":"BD20460061","name":"Lakkhichhari","pcode":"BD20460061","parent":"BD2046"}},{"arcs":[[-249,-256,262,263,-260]],"type":"Polygon","properties":{"id":"BD20460065","name":"Mahalchhari","pcode":"BD20460065","parent":"BD2046"}},{"arcs":[[-118,264,-251,-259]],"type":"Polygon","properties":{"id":"BD20460067","name":"Manikchhari","pcode":"BD20460067","parent":"BD2046"}},{"arcs":[[-253,265,266,267,-257]],"type":"Polygon","properties":{"id":"BD20460070","name":"Matiranga","pcode":"BD20460070","parent":"BD2046"}},{"arcs":[[-247,-258,-268,268]],"type":"Polygon","properties":{"id":"BD20460077","name":"Panchhari","pcode":"BD20460077","parent":"BD2046"}},{"arcs":[[-117,269,-266,-252,-265]],"type":"Polygon","properties":{"id":"BD20460080","name":"Ramgarh","pcode":"BD20460080","parent":"BD2046"}},{"arcs":[[270,271,272,273,274]],"type":"Polygon","properties":{"id":"BD20510033","name":"Kamalnagar","pcode":"BD20510033","parent":"BD2051"}},{"arcs":[[-275,275,276,277,278,279,280,281,282,283]],"type":"Polygon","properties":{"id":"BD20510043","name":"Lakshmipur Sadar","pcode":"BD20510043","parent":"BD2051"}},{"arcs":[[-74,284,-280,285,-76]],"type":"Polygon","properties":{"id":"BD20510058","name":"Raipur","pcode":"BD20510058","parent":"BD2051"}},{"arcs":[[-73,-82,-98,286,-281,-285]],"type":"Polygon","properties":{"id":"BD20510065","name":"Ramganj","pcode":"BD20510065","parent":"BD2051"}},{"arcs":[[-273,287,288,289,290]],"type":"Polygon","properties":{"id":"BD20510073","name":"Ramgati","pcode":"BD20510073","parent":"BD2051"}},{"arcs":[[-283,291,292,293,294,295]],"type":"Polygon","properties":{"id":"BD20750007","name":"Begumganj","pcode":"BD20750007","parent":"BD2075"}},{"arcs":[[-97,-219,296,-292,-282,-287]],"type":"Polygon","properties":{"id":"BD20750010","name":"Chatkhil","pcode":"BD20750010","parent":"BD2075"}},{"arcs":[[-135,297,-151,298,299,300,301,302,-234,-243]],"type":"Polygon","properties":{"id":"BD20750021","name":"Companiganj","pcode":"BD20750021","parent":"BD2075"}},{"arcs":[[[-289,303,304,305,306]],[[307]],[[308]],[[309]],[[310]]],"type":"MultiPolygon","properties":{"id":"BD20750036","name":"Hatiya","pcode":"BD20750036","parent":"BD2075"}},{"arcs":[[-295,311,-302,312]],"type":"Polygon","properties":{"id":"BD20750047","name":"Kabirhat","pcode":"BD20750047","parent":"BD2075"}},{"arcs":[[-271,-284,-296,-313,-301,313]],"type":"Polygon","properties":{"id":"BD20750087","name":"Noakhali Sadar","pcode":"BD20750087","parent":"BD2075"}},{"arcs":[[-217,-226,-235,-303,-312,-294,314]],"type":"Polygon","properties":{"id":"BD20750080","name":"Senbag","pcode":"BD20750080","parent":"BD2075"}},{"arcs":[[-218,-315,-293,-297]],"type":"Polygon","properties":{"id":"BD20750083","name":"Sonaimuri","pcode":"BD20750083","parent":"BD2075"}},{"arcs":[[[-272,-314,-300,315,-304,-288]],[[316]],[[317]]],"type":"MultiPolygon","properties":{"id":"BD20750085","name":"Subarnachar","pcode":"BD20750085","parent":"BD2075"}},{"arcs":[[-244,318,319,320]],"type":"Polygon","properties":{"id":"BD20840007","name":"Baghaichhari","pcode":"BD20840007","parent":"BD2084"}},{"arcs":[[-320,321,322,323,324]],"type":"Polygon","properties":{"id":"BD20840021","name":"Barkal","pcode":"BD20840021","parent":"BD2084"}},{"arcs":[[-23,325,326,327,328,329,-27,-25]],"type":"Polygon","properties":{"id":"BD20840029","name":"Belaichhari","pcode":"BD20840029","parent":"BD2084"}},{"arcs":[[-323,330,-329,331]],"type":"Polygon","properties":{"id":"BD20840047","name":"Jurachhari","pcode":"BD20840047","parent":"BD2084"}},{"arcs":[[-144,332,333,-327,334]],"type":"Polygon","properties":{"id":"BD20840036","name":"Kaptai","pcode":"BD20840036","parent":"BD2084"}},{"arcs":[[-120,-262,335,336,-333,-143,-147]],"type":"Polygon","properties":{"id":"BD20840025","name":"Kawkhali","pcode":"BD20840025","parent":"BD2084"}},{"arcs":[[-245,-321,-325,337,338,-263,-255]],"type":"Polygon","properties":{"id":"BD20840058","name":"Langadu","pcode":"BD20840058","parent":"BD2084"}},{"arcs":[[-261,-264,-339,339,-336]],"type":"Polygon","properties":{"id":"BD20840075","name":"Naniarchar","pcode":"BD20840075","parent":"BD2084"}},{"arcs":[[-12,-145,-335,-326,-22]],"type":"Polygon","properties":{"id":"BD20840078","name":"Rajasthali","pcode":"BD20840078","parent":"BD2084"}},{"arcs":[[-324,-332,-328,-334,-337,-340,-338]],"type":"Polygon","properties":{"id":"BD20840087","name":"Rangamati Sadar","pcode":"BD20840087","parent":"BD2084"}},{"arcs":[[340,341,342,343,344,345,346]],"type":"Polygon","properties":{"id":"BD30260014","name":"Dhamrai","pcode":"BD30260014","parent":"BD3026"}},{"arcs":[[347,348,349,350,351]],"type":"Polygon","properties":{"id":"BD30260018","name":"Dohar","pcode":"BD30260018","parent":"BD3026"}},{"arcs":[[352,353,354,355,356,357]],"type":"Polygon","properties":{"id":"BD30260038","name":"Keraniganj","pcode":"BD30260038","parent":"BD3026"}},{"arcs":[[-352,358,359,360,-357,361,362]],"type":"Polygon","properties":{"id":"BD30260062","name":"Nawabganj","pcode":"BD30260062","parent":"BD3026"}},{"arcs":[[-342,363,364,-353,365]],"type":"Polygon","properties":{"id":"BD30260072","name":"Savar","pcode":"BD30260072","parent":"BD3026"}},{"arcs":[[366,367,368,369]],"type":"Polygon","properties":{"id":"BD30290003","name":"Alfadanga","pcode":"BD30290003","parent":"BD3029"}},{"arcs":[[370,371,372,373,374]],"type":"Polygon","properties":{"id":"BD30290010","name":"Bhanga","pcode":"BD30290010","parent":"BD3029"}},{"arcs":[[-367,375,376,377,378,379]],"type":"Polygon","properties":{"id":"BD30290018","name":"Boalmari","pcode":"BD30290018","parent":"BD3029"}},{"arcs":[[-350,380,381,382,383]],"type":"Polygon","properties":{"id":"BD30290021","name":"Char Bhadrasan","pcode":"BD30290021","parent":"BD3029"}},{"arcs":[[-378,384,385,386,387,-383,388,389]],"type":"Polygon","properties":{"id":"BD30290047","name":"Faridpur Sadar","pcode":"BD30290047","parent":"BD3029"}},{"arcs":[[-377,390,391,392,393,394,-385]],"type":"Polygon","properties":{"id":"BD30290056","name":"Madhukhali","pcode":"BD30290056","parent":"BD3029"}},{"arcs":[[-374,395,396,-389,-382,397]],"type":"Polygon","properties":{"id":"BD30290062","name":"Nagarkanda","pcode":"BD30290062","parent":"BD3029"}},{"arcs":[[-349,398,399,-375,-398,-381]],"type":"Polygon","properties":{"id":"BD30290084","name":"Sadarpur","pcode":"BD30290084","parent":"BD3029"}},{"arcs":[[-379,-390,-397,400,401]],"type":"Polygon","properties":{"id":"BD30290090","name":"Saltha","pcode":"BD30290090","parent":"BD3029"}},{"arcs":[[[402,403,404]],[[405,406,407]]],"type":"MultiPolygon","properties":{"id":"BD30330030","name":"Gazipur Sadar","pcode":"BD30330030","parent":"BD3033"}},{"arcs":[[-341,408,409,410,-404,411,-364]],"type":"Polygon","properties":{"id":"BD30330032","name":"Kaliakair","pcode":"BD30330032","parent":"BD3033"}},{"arcs":[[-406,412,413,414,415,416]],"type":"Polygon","properties":{"id":"BD30330034","name":"Kaliganj","pcode":"BD30330034","parent":"BD3033"}},{"arcs":[[-414,417,418,419,420,421,422]],"type":"Polygon","properties":{"id":"BD30330036","name":"Kapasia","pcode":"BD30330036","parent":"BD3033"}},{"arcs":[[-405,-411,423,424,425,-418,-413,-408,426]],"type":"Polygon","properties":{"id":"BD30330086","name":"Sreepur","pcode":"BD30330086","parent":"BD3033"}},{"arcs":[[427,428,429,430,431,432,433,434]],"type":"Polygon","properties":{"id":"BD30350032","name":"Gopalganj Sadar","pcode":"BD30350032","parent":"BD3035"}},{"arcs":[[-368,-380,-402,435,-434,436]],"type":"Polygon","properties":{"id":"BD30350043","name":"Kashiani","pcode":"BD30350043","parent":"BD3035"}},{"arcs":[[-429,437,438,439,440,441,442,443,444]],"type":"Polygon","properties":{"id":"BD30350051","name":"Kotalipara","pcode":"BD30350051","parent":"BD3035"}},{"arcs":[[-373,445,-435,-436,-401,-396]],"type":"Polygon","properties":{"id":"BD30350058","name":"Muksudpur","pcode":"BD30350058","parent":"BD3035"}},{"arcs":[[-430,-445,446,447,448]],"type":"Polygon","properties":{"id":"BD30350091","name":"Tungipara","pcode":"BD30350091","parent":"BD3035"}},{"arcs":[[-60,449,450,451,452,453]],"type":"Polygon","properties":{"id":"BD30480002","name":"Austagram","pcode":"BD30480002","parent":"BD3048"}},{"arcs":[[-59,-64,454,455,456,457,-450]],"type":"Polygon","properties":{"id":"BD30480006","name":"Bajitpur","pcode":"BD30480006","parent":"BD3048"}},{"arcs":[[-36,458,459,460,-455,-63]],"type":"Polygon","properties":{"id":"BD30480011","name":"Bhairab","pcode":"BD30480011","parent":"BD3048"}},{"arcs":[[461,462,463,464]],"type":"Polygon","properties":{"id":"BD30480027","name":"Hossainpur","pcode":"BD30480027","parent":"BD3048"}},{"arcs":[[465,466,467,468,469,470,471]],"type":"Polygon","properties":{"id":"BD30480033","name":"Itna","pcode":"BD30480033","parent":"BD3048"}},{"arcs":[[-469,472,473,474,475,476]],"type":"Polygon","properties":{"id":"BD30480042","name":"Karimganj","pcode":"BD30480042","parent":"BD3048"}},{"arcs":[[-457,477,478,479,480,481,-475,482]],"type":"Polygon","properties":{"id":"BD30480045","name":"Katiadi","pcode":"BD30480045","parent":"BD3048"}},{"arcs":[[-462,483,484,-476,-482,485]],"type":"Polygon","properties":{"id":"BD30480049","name":"Kishoreganj Sadar","pcode":"BD30480049","parent":"BD3048"}},{"arcs":[[-456,-461,486,-478]],"type":"Polygon","properties":{"id":"BD30480054","name":"Kuliarchar","pcode":"BD30480054","parent":"BD3048"}},{"arcs":[[-452,487,-473,-468,488,489]],"type":"Polygon","properties":{"id":"BD30480059","name":"Mithamain","pcode":"BD30480059","parent":"BD3048"}},{"arcs":[[-451,-458,-483,-474,-488]],"type":"Polygon","properties":{"id":"BD30480076","name":"Nikli","pcode":"BD30480076","parent":"BD3048"}},{"arcs":[[-420,490,-463,-486,-481,491]],"type":"Polygon","properties":{"id":"BD30480079","name":"Pakundia","pcode":"BD30480079","parent":"BD3048"}},{"arcs":[[-470,-477,-485,492,493,494]],"type":"Polygon","properties":{"id":"BD30480092","name":"Tarail","pcode":"BD30480092","parent":"BD3048"}},{"arcs":[[-440,495,496,497]],"type":"Polygon","properties":{"id":"BD30540018","name":"Dasar","pcode":"BD30540018","parent":"BD3054"}},{"arcs":[[-497,498,499,500,501,502,503]],"type":"Polygon","properties":{"id":"BD30540040","name":"Kalkini","pcode":"BD30540040","parent":"BD3054"}},{"arcs":[[-439,504,505,506,507,-499,-496]],"type":"Polygon","properties":{"id":"BD30540054","name":"Madaripur Sadar","pcode":"BD30540054","parent":"BD3054"}},{"arcs":[[-372,508,-505,-438,-428,-446]],"type":"Polygon","properties":{"id":"BD30540080","name":"Rajoir","pcode":"BD30540080","parent":"BD3054"}},{"arcs":[[-371,-400,509,510,511,-506,-509]],"type":"Polygon","properties":{"id":"BD30540087","name":"Shibchar","pcode":"BD30540087","parent":"BD3054"}},{"arcs":[[512,513,514,515,516,517]],"type":"Polygon","properties":{"id":"BD30560010","name":"Daulatpur","pcode":"BD30560010","parent":"BD3056"}},{"arcs":[[-514,518,519,520,521]],"type":"Polygon","properties":{"id":"BD30560022","name":"Ghior","pcode":"BD30560022","parent":"BD3056"}},{"arcs":[[-351,-384,-388,522,523,-521,524,-359]],"type":"Polygon","properties":{"id":"BD30560028","name":"Harirampur","pcode":"BD30560028","parent":"BD3056"}},{"arcs":[[-344,525,-360,-525,-520,526]],"type":"Polygon","properties":{"id":"BD30560046","name":"Manikganj Sadar","pcode":"BD30560046","parent":"BD3056"}},{"arcs":[[-345,-527,-519,-513,527]],"type":"Polygon","properties":{"id":"BD30560070","name":"Saturia","pcode":"BD30560070","parent":"BD3056"}},{"arcs":[[-515,-522,-524,528,529]],"type":"Polygon","properties":{"id":"BD30560078","name":"Shibalay","pcode":"BD30560078","parent":"BD3056"}},{"arcs":[[-343,-366,-358,-361,-526]],"type":"Polygon","properties":{"id":"BD30560082","name":"Singair","pcode":"BD30560082","parent":"BD3056"}},{"arcs":[[-92,530,531,-220,-202]],"type":"Polygon","properties":{"id":"BD30590024","name":"Gazaria","pcode":"BD30590024","parent":"BD3059"}},{"arcs":[[-511,532,533,534,535]],"type":"Polygon","properties":{"id":"BD30590044","name":"Louhajang","pcode":"BD30590044","parent":"BD3059"}},{"arcs":[[-91,536,537,538,539,540,541,-531]],"type":"Polygon","properties":{"id":"BD30590056","name":"Munshiganj Sadar","pcode":"BD30590056","parent":"BD3059"}},{"arcs":[[-356,542,543,-534,544,-362]],"type":"Polygon","properties":{"id":"BD30590074","name":"Sirajdikhan","pcode":"BD30590074","parent":"BD3059"}},{"arcs":[[-348,-363,-545,-533,-510,-399]],"type":"Polygon","properties":{"id":"BD30590084","name":"Sreenagar","pcode":"BD30590084","parent":"BD3059"}},{"arcs":[[-535,-544,545,-539,546,547]],"type":"Polygon","properties":{"id":"BD30590094","name":"Tongibari","pcode":"BD30590094","parent":"BD3059"}},{"arcs":[[-40,-210,-222,548,549,550]],"type":"Polygon","properties":{"id":"BD30670002","name":"Araihazar","pcode":"BD30670002","parent":"BD3067"}},{"arcs":[[551,552]],"type":"Polygon","properties":{"id":"BD30670006","name":"Bandar","pcode":"BD30670006","parent":"BD3067"}},{"arcs":[[-355,553,-540,-546,-543]],"type":"Polygon","properties":{"id":"BD30670058","name":"Narayanganj Sadar","pcode":"BD30670058","parent":"BD3067"}},{"arcs":[[-416,554,555,-550,556,557]],"type":"Polygon","properties":{"id":"BD30670068","name":"Rupganj","pcode":"BD30670068","parent":"BD3067"}},{"arcs":[[-221,-532,-542,558,-553,559,-557,-549]],"type":"Polygon","properties":{"id":"BD30670004","name":"Sonargaon","pcode":"BD30670004","parent":"BD3067"}},{"arcs":[[-460,560,561,562,-479,-487]],"type":"Polygon","properties":{"id":"BD30680007","name":"Belabo","pcode":"BD30680007","parent":"BD3068"}},{"arcs":[[-421,-492,-480,-563,563]],"type":"Polygon","properties":{"id":"BD30680052","name":"Manohardi","pcode":"BD30680052","parent":"BD3068"}},{"arcs":[[-41,-551,-556,564,565,566,-56]],"type":"Polygon","properties":{"id":"BD30680060","name":"Narsingdi Sadar","pcode":"BD30680060","parent":"BD3068"}},{"arcs":[[-415,-423,567,-565,-555]],"type":"Polygon","properties":{"id":"BD30680063","name":"Palash","pcode":"BD30680063","parent":"BD3068"}},{"arcs":[[-35,-57,-567,568,-561,-459]],"type":"Polygon","properties":{"id":"BD30680064","name":"Raipura","pcode":"BD30680064","parent":"BD3068"}},{"arcs":[[-422,-564,-562,-569,-566,-568]],"type":"Polygon","properties":{"id":"BD30680076","name":"Shibpur","pcode":"BD30680076","parent":"BD3068"}},{"arcs":[[-394,569,570,571]],"type":"Polygon","properties":{"id":"BD30820007","name":"Baliakandi","pcode":"BD30820007","parent":"BD3082"}},{"arcs":[[-387,572,573,-529,-523]],"type":"Polygon","properties":{"id":"BD30820029","name":"Goalanda","pcode":"BD30820029","parent":"BD3082"}},{"arcs":[[-571,574,575,576,577]],"type":"Polygon","properties":{"id":"BD30820047","name":"Kalukhali","pcode":"BD30820047","parent":"BD3082"}},{"arcs":[[-576,578,579,580,581,582]],"type":"Polygon","properties":{"id":"BD30820073","name":"Pangsha","pcode":"BD30820073","parent":"BD3082"}},{"arcs":[[-386,-395,-572,-578,583,584,-573]],"type":"Polygon","properties":{"id":"BD30820076","name":"Rajbari Sadar","pcode":"BD30820076","parent":"BD3082"}},{"arcs":[[-70,585,586,587,588,-537,-90]],"type":"Polygon","properties":{"id":"BD30860014","name":"Bhedarganj","pcode":"BD30860014","parent":"BD3086"}},{"arcs":[[-501,589,-587,590]],"type":"Polygon","properties":{"id":"BD30860025","name":"Damudya","pcode":"BD30860025","parent":"BD3086"}},{"arcs":[[-69,-78,591,592,-502,-591,-586]],"type":"Polygon","properties":{"id":"BD30860036","name":"Gosairhat","pcode":"BD30860036","parent":"BD3086"}},{"arcs":[[-538,-589,593,594,-547]],"type":"Polygon","properties":{"id":"BD30860065","name":"Naria","pcode":"BD30860065","parent":"BD3086"}},{"arcs":[[-500,-508,595,-594,-588,-590]],"type":"Polygon","properties":{"id":"BD30860069","name":"Shariatpur Sadar","pcode":"BD30860069","parent":"BD3086"}},{"arcs":[[-507,-512,-536,-548,-595,-596]],"type":"Polygon","properties":{"id":"BD30860094","name":"Zajira","pcode":"BD30860094","parent":"BD3086"}},{"arcs":[[596,597,598,599,600]],"type":"Polygon","properties":{"id":"BD30930009","name":"Basail","pcode":"BD30930009","parent":"BD3093"}},{"arcs":[[601,602,603,604,605]],"type":"Polygon","properties":{"id":"BD30930019","name":"Bhuanpur","pcode":"BD30930019","parent":"BD3093"}},{"arcs":[[-599,606,607,608]],"type":"Polygon","properties":{"id":"BD30930023","name":"Delduar","pcode":"BD30930023","parent":"BD3093"}},{"arcs":[[609,610,611,612]],"type":"Polygon","properties":{"id":"BD30930025","name":"Dhanbari","pcode":"BD30930025","parent":"BD3093"}},{"arcs":[[-602,613,614,615,616,617,618]],"type":"Polygon","properties":{"id":"BD30930028","name":"Ghatail","pcode":"BD30930028","parent":"BD3093"}},{"arcs":[[-606,619,-611,620,-614]],"type":"Polygon","properties":{"id":"BD30930038","name":"Gopalpur","pcode":"BD30930038","parent":"BD3093"}},{"arcs":[[-601,621,622,623,-603,-619,624]],"type":"Polygon","properties":{"id":"BD30930047","name":"Kalihati","pcode":"BD30930047","parent":"BD3093"}},{"arcs":[[-610,625,626,627,-615,-621]],"type":"Polygon","properties":{"id":"BD30930057","name":"Madhupur","pcode":"BD30930057","parent":"BD3093"}},{"arcs":[[-347,628,-607,-598,629,-409]],"type":"Polygon","properties":{"id":"BD30930066","name":"Mirzapur","pcode":"BD30930066","parent":"BD3093"}},{"arcs":[[-346,-528,-518,630,631,-608,-629]],"type":"Polygon","properties":{"id":"BD30930076","name":"Nagarpur","pcode":"BD30930076","parent":"BD3093"}},{"arcs":[[-410,-630,-597,-625,-618,632,-424]],"type":"Polygon","properties":{"id":"BD30930085","name":"Sakhipur","pcode":"BD30930085","parent":"BD3093"}},{"arcs":[[-600,-609,-632,633,634,-622]],"type":"Polygon","properties":{"id":"BD30930095","name":"Tangail Sadar","pcode":"BD30930095","parent":"BD3093"}},{"arcs":[[635,636,637,638,639]],"type":"Polygon","properties":{"id":"BD40010008","name":"Bagerhat Sadar","pcode":"BD40010008","parent":"BD4001"}},{"arcs":[[-448,640,641,-636,642,643]],"type":"Polygon","properties":{"id":"BD40010014","name":"Chitalmari","pcode":"BD40010014","parent":"BD4001"}},{"arcs":[[-640,644,645,646,647,-643]],"type":"Polygon","properties":{"id":"BD40010034","name":"Fakirhat","pcode":"BD40010034","parent":"BD4001"}},{"arcs":[[-637,-642,648,649,650]],"type":"Polygon","properties":{"id":"BD40010038","name":"Kachua","pcode":"BD40010038","parent":"BD4001"}},{"arcs":[[-431,-449,-644,-648,651,652,653]],"type":"Polygon","properties":{"id":"BD40010056","name":"Mollahat","pcode":"BD40010056","parent":"BD4001"}},{"arcs":[[654,655,656,657,658]],"type":"Polygon","properties":{"id":"BD40010058","name":"Mongla","pcode":"BD40010058","parent":"BD4001"}},{"arcs":[[-638,-651,659,660,661,662,-655,663]],"type":"Polygon","properties":{"id":"BD40010060","name":"Morelganj","pcode":"BD40010060","parent":"BD4001"}},{"arcs":[[-639,-664,-659,664,665,-645]],"type":"Polygon","properties":{"id":"BD40010073","name":"Rampal","pcode":"BD40010073","parent":"BD4001"}},{"arcs":[[-656,-663,666,667,668]],"type":"Polygon","properties":{"id":"BD40010077","name":"Sharankhola","pcode":"BD40010077","parent":"BD4001"}},{"arcs":[[669,670,671,672,673,674,675]],"type":"Polygon","properties":{"id":"BD40180007","name":"Alamdanga","pcode":"BD40180007","parent":"BD4018"}},{"arcs":[[-672,676,677,678,679,680]],"type":"Polygon","properties":{"id":"BD40180023","name":"Chuadanga Sadar","pcode":"BD40180023","parent":"BD4018"}},{"arcs":[[-673,-681,681,682,683,684]],"type":"Polygon","properties":{"id":"BD40180031","name":"Damurhuda","pcode":"BD40180031","parent":"BD4018"}},{"arcs":[[-680,685,686,687,-682]],"type":"Polygon","properties":{"id":"BD40180055","name":"Jibannagar","pcode":"BD40180055","parent":"BD4018"}},{"arcs":[[688,689,690,691,692,693,694]],"type":"Polygon","properties":{"id":"BD40410004","name":"Abhaynagar","pcode":"BD40410004","parent":"BD4041"}},{"arcs":[[695,696,697,698]],"type":"Polygon","properties":{"id":"BD40410009","name":"Bagharpara","pcode":"BD40410009","parent":"BD4041"}},{"arcs":[[699,700,701,702,703,704,705]],"type":"Polygon","properties":{"id":"BD40410011","name":"Chaugachha","pcode":"BD40410011","parent":"BD4041"}},{"arcs":[[-694,706,707,-701,708,-697,709]],"type":"Polygon","properties":{"id":"BD40410047","name":"Jashore Sadar","pcode":"BD40410047","parent":"BD4041"}},{"arcs":[[-702,-708,710,711,712]],"type":"Polygon","properties":{"id":"BD40410023","name":"Jhikargachha","pcode":"BD40410023","parent":"BD4041"}},{"arcs":[[713,714,715,716]],"type":"Polygon","properties":{"id":"BD40410038","name":"Keshabpur","pcode":"BD40410038","parent":"BD4041"}},{"arcs":[[-693,717,-717,718,-711,-707]],"type":"Polygon","properties":{"id":"BD40410061","name":"Manirampur","pcode":"BD40410061","parent":"BD4041"}},{"arcs":[[-703,-713,719,720]],"type":"Polygon","properties":{"id":"BD40410090","name":"Sharsha","pcode":"BD40410090","parent":"BD4041"}},{"arcs":[[-671,721,722,723,-677]],"type":"Polygon","properties":{"id":"BD40440014","name":"Harinakundu","pcode":"BD40440014","parent":"BD4044"}},{"arcs":[[-678,-724,724,725,726,727,728]],"type":"Polygon","properties":{"id":"BD40440019","name":"Jhenaidah Sadar","pcode":"BD40440019","parent":"BD4044"}},{"arcs":[[-698,-709,-700,729,-728,730]],"type":"Polygon","properties":{"id":"BD40440033","name":"Kaliganj","pcode":"BD40440033","parent":"BD4044"}},{"arcs":[[-679,-729,-730,-706,731,-686]],"type":"Polygon","properties":{"id":"BD40440042","name":"Kotchandpur","pcode":"BD40440042","parent":"BD4044"}},{"arcs":[[-687,-732,-705,732]],"type":"Polygon","properties":{"id":"BD40440071","name":"Maheshpur","pcode":"BD40440071","parent":"BD4044"}},{"arcs":[[-580,733,734,-725,-723,735,736,737]],"type":"Polygon","properties":{"id":"BD40440080","name":"Shailkupa","pcode":"BD40440080","parent":"BD4044"}},{"arcs":[[-646,-666,738,739,740,741,742]],"type":"Polygon","properties":{"id":"BD40470012","name":"Batiaghata","pcode":"BD40470012","parent":"BD4047"}},{"arcs":[[-658,743,744,745,-739,-665]],"type":"Polygon","properties":{"id":"BD40470017","name":"Dacope","pcode":"BD40470017","parent":"BD4047"}},{"arcs":[[[-690,746,747,748,749,750]],[[751,752,753]]],"type":"MultiPolygon","properties":{"id":"BD40470040","name":"Dighalia","pcode":"BD40470040","parent":"BD4047"}},{"arcs":[[-692,754,-753,755,-741,756,757,-714,-718]],"type":"Polygon","properties":{"id":"BD40470030","name":"Dumuria","pcode":"BD40470030","parent":"BD4047"}},{"arcs":[[-745,758,759,760,761]],"type":"Polygon","properties":{"id":"BD40470053","name":"Koyra","pcode":"BD40470053","parent":"BD4047"}},{"arcs":[[-740,-746,-762,762,763,-757]],"type":"Polygon","properties":{"id":"BD40470064","name":"Paikgachha","pcode":"BD40470064","parent":"BD4047"}},{"arcs":[[-691,-751,764,-754,-755]],"type":"Polygon","properties":{"id":"BD40470069","name":"Phultala","pcode":"BD40470069","parent":"BD4047"}},{"arcs":[[-647,-743,765,-749,766,-652]],"type":"Polygon","properties":{"id":"BD40470075","name":"Rupsa","pcode":"BD40470075","parent":"BD4047"}},{"arcs":[[-653,-767,-748,767]],"type":"Polygon","properties":{"id":"BD40470094","name":"Terokhada","pcode":"BD40470094","parent":"BD4047"}},{"arcs":[[768,769,770,771]],"type":"Polygon","properties":{"id":"BD40500015","name":"Bheramara","pcode":"BD40500015","parent":"BD4050"}},{"arcs":[[-771,772,773,774,775,776]],"type":"Polygon","properties":{"id":"BD40500039","name":"Daulatpur","pcode":"BD40500039","parent":"BD4050"}},{"arcs":[[-581,-738,777,778]],"type":"Polygon","properties":{"id":"BD40500063","name":"Khoksa","pcode":"BD40500063","parent":"BD4050"}},{"arcs":[[-737,779,780,-778]],"type":"Polygon","properties":{"id":"BD40500071","name":"Kumarkhali","pcode":"BD40500071","parent":"BD4050"}},{"arcs":[[-670,781,782,783,-780,-736,-722]],"type":"Polygon","properties":{"id":"BD40500079","name":"Kushtia Sadar","pcode":"BD40500079","parent":"BD4050"}},{"arcs":[[-676,784,-773,-770,785,-782]],"type":"Polygon","properties":{"id":"BD40500094","name":"Mirpur","pcode":"BD40500094","parent":"BD4050"}},{"arcs":[[-392,786,787,-726,-735,788]],"type":"Polygon","properties":{"id":"BD40550057","name":"Magura Sadar","pcode":"BD40550057","parent":"BD4055"}},{"arcs":[[-370,789,790,-787,-391,-376]],"type":"Polygon","properties":{"id":"BD40550066","name":"Mohammadpur","pcode":"BD40550066","parent":"BD4055"}},{"arcs":[[-699,-731,-727,-788,-791,791,792]],"type":"Polygon","properties":{"id":"BD40550085","name":"Shalikha","pcode":"BD40550085","parent":"BD4055"}},{"arcs":[[-393,-789,-734,-579,-575,-570]],"type":"Polygon","properties":{"id":"BD40550095","name":"Sreepur","pcode":"BD40550095","parent":"BD4055"}},{"arcs":[[-675,793,794,-774,-785]],"type":"Polygon","properties":{"id":"BD40570047","name":"Gangni","pcode":"BD40570047","parent":"BD4057"}},{"arcs":[[-674,-685,795,796,-794]],"type":"Polygon","properties":{"id":"BD40570087","name":"Meherpur Sadar","pcode":"BD40570087","parent":"BD4057"}},{"arcs":[[-684,797,-796]],"type":"Polygon","properties":{"id":"BD40570060","name":"Mujibnagar","pcode":"BD40570060","parent":"BD4057"}},{"arcs":[[-432,-654,-768,-747,-689,798,799]],"type":"Polygon","properties":{"id":"BD40650028","name":"Kalia","pcode":"BD40650028","parent":"BD4065"}},{"arcs":[[-369,-437,-433,-800,800,-792,-790]],"type":"Polygon","properties":{"id":"BD40650052","name":"Lohagara","pcode":"BD40650052","parent":"BD4065"}},{"arcs":[[-695,-710,-696,-793,-801,-799]],"type":"Polygon","properties":{"id":"BD40650076","name":"Narail Sadar","pcode":"BD40650076","parent":"BD4065"}},{"arcs":[[-761,801,802,803,804,805,-763]],"type":"Polygon","properties":{"id":"BD40870004","name":"Ashashuni","pcode":"BD40870004","parent":"BD4087"}},{"arcs":[[-804,806,807,808]],"type":"Polygon","properties":{"id":"BD40870025","name":"Debhata","pcode":"BD40870025","parent":"BD4087"}},{"arcs":[[-712,-719,-716,809,810,811,-720]],"type":"Polygon","properties":{"id":"BD40870043","name":"Kalaroa","pcode":"BD40870043","parent":"BD4087"}},{"arcs":[[-803,812,813,-807]],"type":"Polygon","properties":{"id":"BD40870047","name":"Kaliganj","pcode":"BD40870047","parent":"BD4087"}},{"arcs":[[-805,-809,814,-811,815]],"type":"Polygon","properties":{"id":"BD40870082","name":"Satkhira Sadar","pcode":"BD40870082","parent":"BD4087"}},{"arcs":[[-760,816,-813,-802]],"type":"Polygon","properties":{"id":"BD40870086","name":"Shyamnagar","pcode":"BD40870086","parent":"BD4087"}},{"arcs":[[-715,-758,-764,-806,-816,-810]],"type":"Polygon","properties":{"id":"BD40870090","name":"Tala","pcode":"BD40870090","parent":"BD4087"}},{"arcs":[[817,818,819,820,821,822]],"type":"Polygon","properties":{"id":"BD50100006","name":"Adamdighi","pcode":"BD50100006","parent":"BD5010"}},{"arcs":[[823,824,825,826]],"type":"Polygon","properties":{"id":"BD50100020","name":"Bogura Sadar","pcode":"BD50100020","parent":"BD5010"}},{"arcs":[[827,828,829,830,831,832,833]],"type":"Polygon","properties":{"id":"BD50100027","name":"Dhunat","pcode":"BD50100027","parent":"BD5010"}},{"arcs":[[-818,834,835,836,837]],"type":"Polygon","properties":{"id":"BD50100033","name":"Dupchachia","pcode":"BD50100033","parent":"BD5010"}},{"arcs":[[-827,838,839,840,-833,841]],"type":"Polygon","properties":{"id":"BD50100040","name":"Gabtali","pcode":"BD50100040","parent":"BD5010"}},{"arcs":[[-819,-838,842,-825,843,844]],"type":"Polygon","properties":{"id":"BD50100054","name":"Kahaloo","pcode":"BD50100054","parent":"BD5010"}},{"arcs":[[-820,-845,845,846,847,848]],"type":"Polygon","properties":{"id":"BD50100067","name":"Nandigram","pcode":"BD50100067","parent":"BD5010"}},{"arcs":[[-834,-841,849,850,851,852,853,854]],"type":"Polygon","properties":{"id":"BD50100081","name":"Sariakandi","pcode":"BD50100081","parent":"BD5010"}},{"arcs":[[-824,-842,-832,855,-846,-844]],"type":"Polygon","properties":{"id":"BD50100085","name":"Shajahanpur","pcode":"BD50100085","parent":"BD5010"}},{"arcs":[[-831,856,857,858,-847,-856]],"type":"Polygon","properties":{"id":"BD50100088","name":"Sherpur","pcode":"BD50100088","parent":"BD5010"}},{"arcs":[[-826,-843,-837,859,860,861,862,-839]],"type":"Polygon","properties":{"id":"BD50100094","name":"Shibganj","pcode":"BD50100094","parent":"BD5010"}},{"arcs":[[-840,-863,863,864,-850]],"type":"Polygon","properties":{"id":"BD50100095","name":"Sonatala","pcode":"BD50100095","parent":"BD5010"}},{"arcs":[[865,866,867]],"type":"Polygon","properties":{"id":"BD50700018","name":"Bholahat","pcode":"BD50700018","parent":"BD5070"}},{"arcs":[[868,869,870,871,872]],"type":"Polygon","properties":{"id":"BD50700066","name":"Chapainawabganj Sadar","pcode":"BD50700066","parent":"BD5070"}},{"arcs":[[-866,873,874,875,876,877]],"type":"Polygon","properties":{"id":"BD50700037","name":"Gomastapur","pcode":"BD50700037","parent":"BD5070"}},{"arcs":[[-869,878,-877,879,880]],"type":"Polygon","properties":{"id":"BD50700056","name":"Nachole","pcode":"BD50700056","parent":"BD5070"}},{"arcs":[[-867,-878,-879,-873,881]],"type":"Polygon","properties":{"id":"BD50700088","name":"Shibganj","pcode":"BD50700088","parent":"BD5070"}},{"arcs":[[-823,882,883,884,885,-835]],"type":"Polygon","properties":{"id":"BD50380013","name":"Akkelpur","pcode":"BD50380013","parent":"BD5038"}},{"arcs":[[-885,886,887,888,889,890,891]],"type":"Polygon","properties":{"id":"BD50380047","name":"Joypurhat Sadar","pcode":"BD50380047","parent":"BD5038"}},{"arcs":[[-861,892,-891,893,894]],"type":"Polygon","properties":{"id":"BD50380058","name":"Kalai","pcode":"BD50380058","parent":"BD5038"}},{"arcs":[[-836,-886,-892,-893,-860]],"type":"Polygon","properties":{"id":"BD50380061","name":"Khetlal","pcode":"BD50380061","parent":"BD5038"}},{"arcs":[[-890,895,896,897,898,-894]],"type":"Polygon","properties":{"id":"BD50380074","name":"Panchbibi","pcode":"BD50380074","parent":"BD5038"}},{"arcs":[[899,900,901,902,903]],"type":"Polygon","properties":{"id":"BD50640003","name":"Atrai","pcode":"BD50640003","parent":"BD5064"}},{"arcs":[[-884,904,905,906,907,-887]],"type":"Polygon","properties":{"id":"BD50640006","name":"Badalgachhi","pcode":"BD50640006","parent":"BD5064"}},{"arcs":[[-888,-908,908,909]],"type":"Polygon","properties":{"id":"BD50640028","name":"Dhamoirhat","pcode":"BD50640028","parent":"BD5064"}},{"arcs":[[-906,910,911,912,913,914]],"type":"Polygon","properties":{"id":"BD50640050","name":"Mahadebpur","pcode":"BD50640050","parent":"BD5064"}},{"arcs":[[-903,915,916,917,918,-912,919,920]],"type":"Polygon","properties":{"id":"BD50640047","name":"Manda","pcode":"BD50640047","parent":"BD5064"}},{"arcs":[[-822,921,-920,-911,-905,-883]],"type":"Polygon","properties":{"id":"BD50640060","name":"Naogaon Sadar","pcode":"BD50640060","parent":"BD5064"}},{"arcs":[[-876,922,-913,-919,923,-880]],"type":"Polygon","properties":{"id":"BD50640069","name":"Niamatpur","pcode":"BD50640069","parent":"BD5064"}},{"arcs":[[-907,-915,924,925,926,-909]],"type":"Polygon","properties":{"id":"BD50640075","name":"Patnitala","pcode":"BD50640075","parent":"BD5064"}},{"arcs":[[-875,927,928,-925,-914,-923]],"type":"Polygon","properties":{"id":"BD50640079","name":"Porsha","pcode":"BD50640079","parent":"BD5064"}},{"arcs":[[-821,-849,929,-904,-921,-922]],"type":"Polygon","properties":{"id":"BD50640085","name":"Raninagar","pcode":"BD50640085","parent":"BD5064"}},{"arcs":[[-926,-929,930]],"type":"Polygon","properties":{"id":"BD50640086","name":"Sapahar","pcode":"BD50640086","parent":"BD5064"}},{"arcs":[[931,932,933,934,935,936]],"type":"Polygon","properties":{"id":"BD50690009","name":"Bagatipara","pcode":"BD50690009","parent":"BD5069"}},{"arcs":[[-932,937,938,939,940,941,942]],"type":"Polygon","properties":{"id":"BD50690015","name":"Baraigram","pcode":"BD50690015","parent":"BD5069"}},{"arcs":[[-939,943,944,945,946]],"type":"Polygon","properties":{"id":"BD50690041","name":"Gurudaspur","pcode":"BD50690041","parent":"BD5069"}},{"arcs":[[-772,-777,947,-933,-943,948]],"type":"Polygon","properties":{"id":"BD50690044","name":"Lalpur","pcode":"BD50690044","parent":"BD5069"}},{"arcs":[[-901,949,950,951,952]],"type":"Polygon","properties":{"id":"BD50690055","name":"Naldanga","pcode":"BD50690055","parent":"BD5069"}},{"arcs":[[-937,953,-951,954,-944,-938]],"type":"Polygon","properties":{"id":"BD50690063","name":"Natore Sadar","pcode":"BD50690063","parent":"BD5069"}},{"arcs":[[-848,-859,955,-945,-955,-950,-900,-930]],"type":"Polygon","properties":{"id":"BD50690091","name":"Singra","pcode":"BD50690091","parent":"BD5069"}},{"arcs":[[-941,956,957,958,959,960]],"type":"Polygon","properties":{"id":"BD50760005","name":"Atgharia","pcode":"BD50760005","parent":"BD5076"}},{"arcs":[[-516,-530,-574,-585,961,962,963,964]],"type":"Polygon","properties":{"id":"BD50760016","name":"Bera","pcode":"BD50760016","parent":"BD5076"}},{"arcs":[[965,966,967,968]],"type":"Polygon","properties":{"id":"BD50760019","name":"Bhangura","pcode":"BD50760019","parent":"BD5076"}},{"arcs":[[-940,-947,969,-968,970,-957]],"type":"Polygon","properties":{"id":"BD50760022","name":"Chatmohar","pcode":"BD50760022","parent":"BD5076"}},{"arcs":[[-958,-971,-967,971,972,973]],"type":"Polygon","properties":{"id":"BD50760033","name":"Faridpur","pcode":"BD50760033","parent":"BD5076"}},{"arcs":[[-769,-949,-942,-961,974,-783,-786]],"type":"Polygon","properties":{"id":"BD50760039","name":"Ishwardi","pcode":"BD50760039","parent":"BD5076"}},{"arcs":[[-582,-779,-781,-784,-975,-960,975,976]],"type":"Polygon","properties":{"id":"BD50760055","name":"Pabna Sadar","pcode":"BD50760055","parent":"BD5076"}},{"arcs":[[-959,-974,977,-963,978,-976]],"type":"Polygon","properties":{"id":"BD50760072","name":"Santhia","pcode":"BD50760072","parent":"BD5076"}},{"arcs":[[-577,-583,-977,-979,-962,-584]],"type":"Polygon","properties":{"id":"BD50760083","name":"Sujanagar","pcode":"BD50760083","parent":"BD5076"}},{"arcs":[[-776,979,980,-934,-948]],"type":"Polygon","properties":{"id":"BD50810010","name":"Bagha","pcode":"BD50810010","parent":"BD5081"}},{"arcs":[[-902,-953,981,982,983,-916]],"type":"Polygon","properties":{"id":"BD50810012","name":"Bagmara","pcode":"BD50810012","parent":"BD5081"}},{"arcs":[[-935,-981,984,985,986]],"type":"Polygon","properties":{"id":"BD50810025","name":"Charghat","pcode":"BD50810025","parent":"BD5081"}},{"arcs":[[-983,987,988,989]],"type":"Polygon","properties":{"id":"BD50810031","name":"Durgapur","pcode":"BD50810031","parent":"BD5081"}},{"arcs":[[-871,990,991,992]],"type":"Polygon","properties":{"id":"BD50810034","name":"Godagari","pcode":"BD50810034","parent":"BD5081"}},{"arcs":[[-917,-984,-990,993,994]],"type":"Polygon","properties":{"id":"BD50810053","name":"Mohanpur","pcode":"BD50810053","parent":"BD5081"}},{"arcs":[[-986,995,-992,996,-994,-989,997],[998]],"type":"Polygon","properties":{"id":"BD50810072","name":"Paba","pcode":"BD50810072","parent":"BD5081"}},{"arcs":[[-936,-987,-998,-988,-982,-952,-954]],"type":"Polygon","properties":{"id":"BD50810082","name":"Puthia","pcode":"BD50810082","parent":"BD5081"}},{"arcs":[[-870,-881,-924,-918,-995,-997,-991]],"type":"Polygon","properties":{"id":"BD50810094","name":"Tanore","pcode":"BD50810094","parent":"BD5081"}},{"arcs":[[-623,-635,999,1000,1001,1002,1003]],"type":"Polygon","properties":{"id":"BD50880011","name":"Belkuchi","pcode":"BD50880011","parent":"BD5088"}},{"arcs":[[-517,-965,1004,-1000,-634,-631]],"type":"Polygon","properties":{"id":"BD50880027","name":"Chouhali","pcode":"BD50880027","parent":"BD5088"}},{"arcs":[[-1003,1005,1006,1007]],"type":"Polygon","properties":{"id":"BD50880044","name":"Kamarkhanda","pcode":"BD50880044","parent":"BD5088"}},{"arcs":[[-828,-855,1008,1009]],"type":"Polygon","properties":{"id":"BD50880050","name":"Kazipur","pcode":"BD50880050","parent":"BD5088"}},{"arcs":[[-830,1010,-1007,1011,1012,-857]],"type":"Polygon","properties":{"id":"BD50880061","name":"Rayganj","pcode":"BD50880061","parent":"BD5088"}},{"arcs":[[-964,-978,-973,1013,-1001,-1005]],"type":"Polygon","properties":{"id":"BD50880067","name":"Shahjadpur","pcode":"BD50880067","parent":"BD5088"}},{"arcs":[[-604,-624,-1004,-1008,-1011,-829,-1010,1014]],"type":"Polygon","properties":{"id":"BD50880078","name":"Sirajganj Sadar","pcode":"BD50880078","parent":"BD5088"}},{"arcs":[[-858,-1013,1015,-969,-970,-946,-956]],"type":"Polygon","properties":{"id":"BD50880089","name":"Tarash","pcode":"BD50880089","parent":"BD5088"}},{"arcs":[[-966,-1016,-1012,-1006,-1002,-1014,-972]],"type":"Polygon","properties":{"id":"BD50880094","name":"Ullapara","pcode":"BD50880094","parent":"BD5088"}},{"arcs":[[1016,1017,1018,1019,1020]],"type":"Polygon","properties":{"id":"BD10040009","name":"Amtali","pcode":"BD10040009","parent":"BD1004"}},{"arcs":[[1021,1022,1023,1024,1025]],"type":"Polygon","properties":{"id":"BD10040019","name":"Bamna","pcode":"BD10040019","parent":"BD1004"}},{"arcs":[[-1020,1026,1027,1028,-1023,1029,1030,1031]],"type":"Polygon","properties":{"id":"BD10040028","name":"Barguna Sadar","pcode":"BD10040028","parent":"BD1004"}},{"arcs":[[-1022,1032,1033,1034,1035,-1030]],"type":"Polygon","properties":{"id":"BD10040047","name":"Betagi","pcode":"BD10040047","parent":"BD1004"}},{"arcs":[[-668,1036,-1024,-1029,1037]],"type":"Polygon","properties":{"id":"BD10040085","name":"Patharghata","pcode":"BD10040085","parent":"BD1004"}},{"arcs":[[-1019,1038,1039,-1027]],"type":"Polygon","properties":{"id":"BD10040090","name":"Taltali","pcode":"BD10040090","parent":"BD1004"}},{"arcs":[[-442,1040,1041]],"type":"Polygon","properties":{"id":"BD10060002","name":"Agailjhara","pcode":"BD10060002","parent":"BD1006"}},{"arcs":[[1042,1043,1044,1045,1046,1047,1048]],"type":"Polygon","properties":{"id":"BD10060003","name":"Babuganj","pcode":"BD10060003","parent":"BD1006"}},{"arcs":[[-1035,1049,1050,1051,1052,1053,1054,1055]],"type":"Polygon","properties":{"id":"BD10060007","name":"Bakerganj","pcode":"BD10060007","parent":"BD1006"}},{"arcs":[[1056,1057,1058,1059]],"type":"Polygon","properties":{"id":"BD10060010","name":"Banaripara","pcode":"BD10060010","parent":"BD1006"}},{"arcs":[[[-1044,1060,1061,1062,-1052,1063,1064]],[[-1046,1065,1066,1067]]],"type":"MultiPolygon","properties":{"id":"BD10060051","name":"Barishal Sadar (Kotwali)","pcode":"BD10060051","parent":"BD1006"}},{"arcs":[[-441,-498,-504,1068,-1049,1069,-1041]],"type":"Polygon","properties":{"id":"BD10060032","name":"Gaurnadi","pcode":"BD10060032","parent":"BD1006"}},{"arcs":[[-77,-286,-279,1070,1071,-592]],"type":"Polygon","properties":{"id":"BD10060036","name":"Hijla","pcode":"BD10060036","parent":"BD1006"}},{"arcs":[[-278,1072,-1062,1073,-1071]],"type":"Polygon","properties":{"id":"BD10060062","name":"Mehendiganj","pcode":"BD10060062","parent":"BD1006"}},{"arcs":[[-503,-593,-1072,-1074,-1061,-1043,-1069]],"type":"Polygon","properties":{"id":"BD10060069","name":"Muladi","pcode":"BD10060069","parent":"BD1006"}},{"arcs":[[-443,-1042,-1070,-1048,1074,-1060,1075]],"type":"Polygon","properties":{"id":"BD10060094","name":"Ujirpur","pcode":"BD10060094","parent":"BD1006"}},{"arcs":[[-277,1076,1077,1078,-1053,-1063,-1073]],"type":"Polygon","properties":{"id":"BD10090018","name":"Bhola Sadar","pcode":"BD10090018","parent":"BD1009"}},{"arcs":[[-1078,1079,1080,1081,1082]],"type":"Polygon","properties":{"id":"BD10090021","name":"Borhanuddin","pcode":"BD10090021","parent":"BD1009"}},{"arcs":[[1083,1084,1085,1086,1087,1088]],"type":"Polygon","properties":{"id":"BD10090025","name":"Charfasson","pcode":"BD10090025","parent":"BD1009"}},{"arcs":[[-274,-291,1089,-1080,-1077,-276]],"type":"Polygon","properties":{"id":"BD10090029","name":"Daulatkhan","pcode":"BD10090029","parent":"BD1009"}},{"arcs":[[-1082,1090,1091,-1089,1092,1093]],"type":"Polygon","properties":{"id":"BD10090054","name":"Lalmohan","pcode":"BD10090054","parent":"BD1009"}},{"arcs":[[-306,1094,-1084,-1092,1095]],"type":"Polygon","properties":{"id":"BD10090065","name":"Monpura","pcode":"BD10090065","parent":"BD1009"}},{"arcs":[[-290,-307,-1096,-1091,-1081,-1090]],"type":"Polygon","properties":{"id":"BD10090091","name":"Tazumuddin","pcode":"BD10090091","parent":"BD1009"}},{"arcs":[[-1047,-1068,1096,1097,1098,1099,-1057,-1075]],"type":"Polygon","properties":{"id":"BD10420040","name":"Jhalokathi Sadar","pcode":"BD10420040","parent":"BD1042"}},{"arcs":[[-1026,1100,1101,1102,-1033]],"type":"Polygon","properties":{"id":"BD10420043","name":"Kanthalia","pcode":"BD10420043","parent":"BD1042"}},{"arcs":[[-1051,1103,-1097,-1067,1104,-1064]],"type":"Polygon","properties":{"id":"BD10420073","name":"Nalchhity","pcode":"BD10420073","parent":"BD1042"}},{"arcs":[[-1034,-1103,1105,1106,-1098,-1104,-1050]],"type":"Polygon","properties":{"id":"BD10420084","name":"Rajapur","pcode":"BD10420084","parent":"BD1042"}},{"arcs":[[-1054,-1079,-1083,-1094,1107,1108,1109,1110]],"type":"Polygon","properties":{"id":"BD10780038","name":"Bauphal","pcode":"BD10780038","parent":"BD1078"}},{"arcs":[[-1088,1111,-1108,-1093]],"type":"Polygon","properties":{"id":"BD10780052","name":"Dashmina","pcode":"BD10780052","parent":"BD1078"}},{"arcs":[[-1055,-1111,1112,1113]],"type":"Polygon","properties":{"id":"BD10780055","name":"Dumki","pcode":"BD10780055","parent":"BD1078"}},{"arcs":[[-1017,1114,-1109,-1112,-1087,1115,1116]],"type":"Polygon","properties":{"id":"BD10780057","name":"Galachipa","pcode":"BD10780057","parent":"BD1078"}},{"arcs":[[-1018,-1117,1117,1118,-1039]],"type":"Polygon","properties":{"id":"BD10780066","name":"Kalapara","pcode":"BD10780066","parent":"BD1078"}},{"arcs":[[-1031,-1036,-1056,-1114,1119]],"type":"Polygon","properties":{"id":"BD10780076","name":"Mirzaganj","pcode":"BD10780076","parent":"BD1078"}},{"arcs":[[-1021,-1032,-1120,-1113,-1110,-1115]],"type":"Polygon","properties":{"id":"BD10780095","name":"Patuakhali Sadar","pcode":"BD10780095","parent":"BD1078"}},{"arcs":[[-1086,1120,-1118,-1116]],"type":"Polygon","properties":{"id":"BD10780097","name":"Rangabali","pcode":"BD10780097","parent":"BD1078"}},{"arcs":[[-1102,1121,1122,1123,1124,-1106]],"type":"Polygon","properties":{"id":"BD10790014","name":"Bhandaria","pcode":"BD10790014","parent":"BD1079"}},{"arcs":[[-661,1125,-1123,1126]],"type":"Polygon","properties":{"id":"BD10790090","name":"Indurkani","pcode":"BD10790090","parent":"BD1079"}},{"arcs":[[-1099,-1107,-1125,1127,1128]],"type":"Polygon","properties":{"id":"BD10790047","name":"Kawkhali","pcode":"BD10790047","parent":"BD1079"}},{"arcs":[[-662,-1127,-1122,-1101,-1025,-1037,-667]],"type":"Polygon","properties":{"id":"BD10790058","name":"Mathbaria","pcode":"BD10790058","parent":"BD1079"}},{"arcs":[[-444,-1076,-1059,1129,1130,-649,-641,-447]],"type":"Polygon","properties":{"id":"BD10790076","name":"Nazirpur","pcode":"BD10790076","parent":"BD1079"}},{"arcs":[[-1058,-1100,-1129,1131,-1130]],"type":"Polygon","properties":{"id":"BD10790087","name":"Nesarabad (Swarupkathi)","pcode":"BD10790087","parent":"BD1079"}},{"arcs":[[-650,-1131,-1132,-1128,-1124,-1126,-660]],"type":"Polygon","properties":{"id":"BD10790080","name":"Pirojpur Sadar","pcode":"BD10790080","parent":"BD1079"}},{"arcs":[[1132,1133,1134,1135]],"type":"Polygon","properties":{"id":"BD45390007","name":"Bakshiganj","pcode":"BD45390007","parent":"BD4539"}},{"arcs":[[-1135,1136,1137,1138,1139,1140]],"type":"Polygon","properties":{"id":"BD45390015","name":"Dewanganj","pcode":"BD45390015","parent":"BD4539"}},{"arcs":[[-852,1141,1142,-1137,-1134,1143,1144,1145,1146]],"type":"Polygon","properties":{"id":"BD45390029","name":"Islampur","pcode":"BD45390029","parent":"BD4539"}},{"arcs":[[-613,1147,1148,1149,1150,1151,1152,1153,-626]],"type":"Polygon","properties":{"id":"BD45390036","name":"Jamalpur Sadar","pcode":"BD45390036","parent":"BD4539"}},{"arcs":[[-853,-1147,1154,-1149,1155]],"type":"Polygon","properties":{"id":"BD45390058","name":"Madarganj","pcode":"BD45390058","parent":"BD4539"}},{"arcs":[[-1146,1156,-1150,-1155]],"type":"Polygon","properties":{"id":"BD45390061","name":"Melandaha","pcode":"BD45390061","parent":"BD4539"}},{"arcs":[[-605,-1015,-1009,-854,-1156,-1148,-612,-620]],"type":"Polygon","properties":{"id":"BD45390085","name":"Sarishabari","pcode":"BD45390085","parent":"BD4539"}},{"arcs":[[-425,-633,-617,1157,1158,1159]],"type":"Polygon","properties":{"id":"BD45610013","name":"Bhaluka","pcode":"BD45610013","parent":"BD4561"}},{"arcs":[[1160,1161,1162,1163,1164]],"type":"Polygon","properties":{"id":"BD45610016","name":"Dhobaura","pcode":"BD45610016","parent":"BD4561"}},{"arcs":[[-616,-628,1165,1166,1167,-1158]],"type":"Polygon","properties":{"id":"BD45610020","name":"Fulbaria","pcode":"BD45610020","parent":"BD4561"}},{"arcs":[[-1163,1168,1169,1170,1171,1172]],"type":"Polygon","properties":{"id":"BD45610081","name":"Fulpur","pcode":"BD45610081","parent":"BD4561"}},{"arcs":[[-419,-426,-1160,1173,1174,-464,-491]],"type":"Polygon","properties":{"id":"BD45610022","name":"Gafargaon","pcode":"BD45610022","parent":"BD4561"}},{"arcs":[[1175,1176,1177,1178,1179,1180,1181,1182,1183]],"type":"Polygon","properties":{"id":"BD45610023","name":"Gouripur","pcode":"BD45610023","parent":"BD4561"}},{"arcs":[[-1164,-1173,1184,1185,1186]],"type":"Polygon","properties":{"id":"BD45610024","name":"Haluaghat","pcode":"BD45610024","parent":"BD4561"}},{"arcs":[[-1179,1187,1188,1189]],"type":"Polygon","properties":{"id":"BD45610031","name":"Ishwarganj","pcode":"BD45610031","parent":"BD4561"}},{"arcs":[[-627,-1154,1190,-1166]],"type":"Polygon","properties":{"id":"BD45610065","name":"Muktagachha","pcode":"BD45610065","parent":"BD4561"}},{"arcs":[[-1153,1191,-1171,1192,-1183,1193,-1181,1194,-1167,-1191]],"type":"Polygon","properties":{"id":"BD45610052","name":"Mymensingh Sadar","pcode":"BD45610052","parent":"BD4561"}},{"arcs":[[-465,-1175,1195,-1189,1196,-493,-484]],"type":"Polygon","properties":{"id":"BD45610072","name":"Nandail","pcode":"BD45610072","parent":"BD4561"}},{"arcs":[[-1170,1197,-1184,-1193]],"type":"Polygon","properties":{"id":"BD45610088","name":"Tarakanda","pcode":"BD45610088","parent":"BD4561"}},{"arcs":[[-1159,-1168,-1195,-1180,-1190,-1196,-1174]],"type":"Polygon","properties":{"id":"BD45610094","name":"Trishal","pcode":"BD45610094","parent":"BD4561"}},{"arcs":[[1198,1199,1200,1201,1202]],"type":"Polygon","properties":{"id":"BD45720004","name":"Atpara","pcode":"BD45720004","parent":"BD4572"}},{"arcs":[[-1203,1203,1204,1205,1206]],"type":"Polygon","properties":{"id":"BD45720009","name":"Barhatta","pcode":"BD45720009","parent":"BD4572"}},{"arcs":[[-1161,1207,1208,1209,1210]],"type":"Polygon","properties":{"id":"BD45720018","name":"Durgapur","pcode":"BD45720018","parent":"BD4572"}},{"arcs":[[-1205,1211,-1209,1212,1213,1214]],"type":"Polygon","properties":{"id":"BD45720040","name":"Kalmakanda","pcode":"BD45720040","parent":"BD4572"}},{"arcs":[[-494,-1197,-1188,-1178,1215,-1201,1216]],"type":"Polygon","properties":{"id":"BD45720047","name":"Kendua","pcode":"BD45720047","parent":"BD4572"}},{"arcs":[[-472,1217,1218,1219,1220,1221]],"type":"Polygon","properties":{"id":"BD45720038","name":"Khaliajuri","pcode":"BD45720038","parent":"BD4572"}},{"arcs":[[-471,-495,-1217,-1200,1222,-1218]],"type":"Polygon","properties":{"id":"BD45720056","name":"Madan","pcode":"BD45720056","parent":"BD4572"}},{"arcs":[[-1199,-1207,1223,1224,-1219,-1223]],"type":"Polygon","properties":{"id":"BD45720063","name":"Mohanganj","pcode":"BD45720063","parent":"BD4572"}},{"arcs":[[-1177,1225,-1210,-1212,-1204,-1202,-1216]],"type":"Polygon","properties":{"id":"BD45720074","name":"Netrakona Sadar","pcode":"BD45720074","parent":"BD4572"}},{"arcs":[[-1162,-1211,-1226,-1176,-1198,-1169]],"type":"Polygon","properties":{"id":"BD45720083","name":"Purbadhala","pcode":"BD45720083","parent":"BD4572"}},{"arcs":[[1226,1227,1228,1229]],"type":"Polygon","properties":{"id":"BD45890037","name":"Jhenaigati","pcode":"BD45890037","parent":"BD4589"}},{"arcs":[[-1152,1230,1231,-1185,-1172,-1192]],"type":"Polygon","properties":{"id":"BD45890067","name":"Nakla","pcode":"BD45890067","parent":"BD4589"}},{"arcs":[[-1186,-1232,1232,-1227,1233]],"type":"Polygon","properties":{"id":"BD45890070","name":"Nalitabari","pcode":"BD45890070","parent":"BD4589"}},{"arcs":[[-1145,1234,-1228,-1233,-1231,-1151,-1157]],"type":"Polygon","properties":{"id":"BD45890088","name":"Sherpur Sadar","pcode":"BD45890088","parent":"BD4589"}},{"arcs":[[-1133,1235,-1229,-1235,-1144]],"type":"Polygon","properties":{"id":"BD45890090","name":"Sreebardi","pcode":"BD45890090","parent":"BD4589"}},{"arcs":[[1236,1237,1238,1239]],"type":"Polygon","properties":{"id":"BD55270010","name":"Birampur","pcode":"BD55270010","parent":"BD5527"}},{"arcs":[[1240,1241,1242,1243,1244,1245]],"type":"Polygon","properties":{"id":"BD55270012","name":"Birganj","pcode":"BD55270012","parent":"BD5527"}},{"arcs":[[1246,1247,1248,1249]],"type":"Polygon","properties":{"id":"BD55270017","name":"Birol","pcode":"BD55270017","parent":"BD5527"}},{"arcs":[[-1244,1250,-1249,1251,1252]],"type":"Polygon","properties":{"id":"BD55270021","name":"Bochaganj","pcode":"BD55270021","parent":"BD5527"}},{"arcs":[[1253,1254,1255,1256,1257,1258]],"type":"Polygon","properties":{"id":"BD55270030","name":"Chirirbandar","pcode":"BD55270030","parent":"BD5527"}},{"arcs":[[-1247,1259,1260,-1257,1261]],"type":"Polygon","properties":{"id":"BD55270064","name":"Dinajpur Sadar","pcode":"BD55270064","parent":"BD5527"}},{"arcs":[[-1239,1262,-1255,1263,1264]],"type":"Polygon","properties":{"id":"BD55270038","name":"Fulbari","pcode":"BD55270038","parent":"BD5527"}},{"arcs":[[-898,1265,1266,1267,1268,1269]],"type":"Polygon","properties":{"id":"BD55270043","name":"Ghoraghat","pcode":"BD55270043","parent":"BD5527"}},{"arcs":[[-897,1270,-1237,1271,-1266]],"type":"Polygon","properties":{"id":"BD55270047","name":"Hakimpur","pcode":"BD55270047","parent":"BD5527"}},{"arcs":[[-1243,1272,-1260,-1250,-1251]],"type":"Polygon","properties":{"id":"BD55270056","name":"Kaharole","pcode":"BD55270056","parent":"BD5527"}},{"arcs":[[-1242,1273,1274,1275,-1258,-1261,-1273]],"type":"Polygon","properties":{"id":"BD55270060","name":"Khansama","pcode":"BD55270060","parent":"BD5527"}},{"arcs":[[-1240,-1265,1276,1277,1278,1279,-1267,-1272]],"type":"Polygon","properties":{"id":"BD55270069","name":"Nababganj","pcode":"BD55270069","parent":"BD5527"}},{"arcs":[[-1254,1280,1281,-1277,-1264]],"type":"Polygon","properties":{"id":"BD55270077","name":"Parbatipur","pcode":"BD55270077","parent":"BD5527"}},{"arcs":[[-1138,-1143,1282,1283]],"type":"Polygon","properties":{"id":"BD55320021","name":"Fulchhari","pcode":"BD55320021","parent":"BD5532"}},{"arcs":[[-1139,-1284,1284,1285,1286,1287,1288]],"type":"Polygon","properties":{"id":"BD55320024","name":"Gaibandha Sadar","pcode":"BD55320024","parent":"BD5532"}},{"arcs":[[-862,-895,-899,-1270,1289,1290,-864]],"type":"Polygon","properties":{"id":"BD55320030","name":"Gobindaganj","pcode":"BD55320030","parent":"BD5532"}},{"arcs":[[-1269,1291,1292,-1286,1293,-1290]],"type":"Polygon","properties":{"id":"BD55320067","name":"Palashbari","pcode":"BD55320067","parent":"BD5532"}},{"arcs":[[-1287,-1293,1294,1295,1296]],"type":"Polygon","properties":{"id":"BD55320082","name":"Sadullapur","pcode":"BD55320082","parent":"BD5532"}},{"arcs":[[-851,-865,-1291,-1294,-1285,-1283,-1142]],"type":"Polygon","properties":{"id":"BD55320088","name":"Saghata","pcode":"BD55320088","parent":"BD5532"}},{"arcs":[[-1288,-1297,1297,1298,1299,1300,1301]],"type":"Polygon","properties":{"id":"BD55320091","name":"Sundarganj","pcode":"BD55320091","parent":"BD5532"}},{"arcs":[[1302,1303]],"type":"Polygon","properties":{"id":"BD55490006","name":"Bhurungamari","pcode":"BD55490006","parent":"BD5549"}},{"arcs":[[-1301,1304,1305,1306]],"type":"Polygon","properties":{"id":"BD55490009","name":"Chilmari","pcode":"BD55490009","parent":"BD5549"}},{"arcs":[[1307,1308,1309,1310,1311]],"type":"Polygon","properties":{"id":"BD55490052","name":"Kurigram Sadar","pcode":"BD55490052","parent":"BD5549"}},{"arcs":[[-1303,1312,-1312,1313,1314]],"type":"Polygon","properties":{"id":"BD55490061","name":"Nageshwari","pcode":"BD55490061","parent":"BD5549"}},{"arcs":[[-1311,1315,1316,1317,-1314]],"type":"Polygon","properties":{"id":"BD55490018","name":"Phulbari","pcode":"BD55490018","parent":"BD5549"}},{"arcs":[[-1310,1318,1319,1320,1321,-1316]],"type":"Polygon","properties":{"id":"BD55490077","name":"Rajarhat","pcode":"BD55490077","parent":"BD5549"}},{"arcs":[[-1140,-1289,-1302,-1307,1322,1323]],"type":"Polygon","properties":{"id":"BD55490008","name":"Rajibpur","pcode":"BD55490008","parent":"BD5549"}},{"arcs":[[-1306,1324,1325,-1323]],"type":"Polygon","properties":{"id":"BD55490079","name":"Roumari","pcode":"BD55490079","parent":"BD5549"}},{"arcs":[[-1300,1326,-1319,-1309,1327,-1325,-1305]],"type":"Polygon","properties":{"id":"BD55490094","name":"Ulipur","pcode":"BD55490094","parent":"BD5549"}},{"arcs":[[1328,1329,1330,1331]],"type":"Polygon","properties":{"id":"BD55520002","name":"Aditmari","pcode":"BD55520002","parent":"BD5552"}},{"arcs":[[1332,1333,1334,1335,1336,1337]],"type":"Polygon","properties":{"id":"BD55520033","name":"Hatibandha","pcode":"BD55520033","parent":"BD5552"}},{"arcs":[[-1331,1338,1339,-1334,1340]],"type":"Polygon","properties":{"id":"BD55520039","name":"Kaliganj","pcode":"BD55520039","parent":"BD5552"}},{"arcs":[[-1317,-1322,1341,1342,-1329,1343]],"type":"Polygon","properties":{"id":"BD55520055","name":"Lalmonirhat Sadar","pcode":"BD55520055","parent":"BD5552"}},{"arcs":[[[-1338,1344]],[[1345]]],"type":"MultiPolygon","properties":{"id":"BD55520070","name":"Patgram","pcode":"BD55520070","parent":"BD5552"}},{"arcs":[[-1336,1346,1347,1348]],"type":"Polygon","properties":{"id":"BD55730012","name":"Dimla","pcode":"BD55730012","parent":"BD5573"}},{"arcs":[[-1348,1349,1350,1351,1352,1353]],"type":"Polygon","properties":{"id":"BD55730015","name":"Domar","pcode":"BD55730015","parent":"BD5573"}},{"arcs":[[-1335,-1340,1354,1355,1356,-1350,-1347]],"type":"Polygon","properties":{"id":"BD55730036","name":"Jaldhaka","pcode":"BD55730036","parent":"BD5573"}},{"arcs":[[-1356,1357,1358,1359,1360,1361]],"type":"Polygon","properties":{"id":"BD55730045","name":"Kishoreganj","pcode":"BD55730045","parent":"BD5573"}},{"arcs":[[-1275,1362,-1351,-1357,-1362,1363]],"type":"Polygon","properties":{"id":"BD55730064","name":"Nilphamari Sadar","pcode":"BD55730064","parent":"BD5573"}},{"arcs":[[-1259,-1276,-1364,-1361,1364,1365,-1281]],"type":"Polygon","properties":{"id":"BD55730085","name":"Saidpur","pcode":"BD55730085","parent":"BD5573"}},{"arcs":[[1366,1367,1368,1369,1370]],"type":"Polygon","properties":{"id":"BD55770004","name":"Atowari","pcode":"BD55770004","parent":"BD5577"}},{"arcs":[[-1353,1371,1372,-1368,1373,1374]],"type":"Polygon","properties":{"id":"BD55770025","name":"Boda","pcode":"BD55770025","parent":"BD5577"}},{"arcs":[[-1241,1375,-1372,-1352,-1363,-1274]],"type":"Polygon","properties":{"id":"BD55770034","name":"Debiganj","pcode":"BD55770034","parent":"BD5577"}},{"arcs":[[-1367,1376,1377,1378,-1374]],"type":"Polygon","properties":{"id":"BD55770073","name":"Panchagarh Sadar","pcode":"BD55770073","parent":"BD5577"}},{"arcs":[[-1378,1379]],"type":"Polygon","properties":{"id":"BD55770090","name":"Tentulia","pcode":"BD55770090","parent":"BD5577"}},{"arcs":[[-1278,-1282,-1366,1380,1381,1382]],"type":"Polygon","properties":{"id":"BD55850003","name":"Badarganj","pcode":"BD55850003","parent":"BD5585"}},{"arcs":[[-1330,-1343,1383,1384,1385,-1358,-1355,-1339]],"type":"Polygon","properties":{"id":"BD55850027","name":"Gangachara","pcode":"BD55850027","parent":"BD5585"}},{"arcs":[[-1321,1386,1387,-1384,-1342]],"type":"Polygon","properties":{"id":"BD55850042","name":"Kaunia","pcode":"BD55850042","parent":"BD5585"}},{"arcs":[[-1279,-1383,1388,1389,1390,-1298,-1296,1391]],"type":"Polygon","properties":{"id":"BD55850058","name":"Mithapukur","pcode":"BD55850058","parent":"BD5585"}},{"arcs":[[-1299,-1391,1392,-1387,-1320,-1327]],"type":"Polygon","properties":{"id":"BD55850073","name":"Pirgachha","pcode":"BD55850073","parent":"BD5585"}},{"arcs":[[-1268,-1280,-1392,-1295,-1292]],"type":"Polygon","properties":{"id":"BD55850076","name":"Pirganj","pcode":"BD55850076","parent":"BD5585"}},{"arcs":[[-1359,-1386,1393,-1389,-1382,1394]],"type":"Polygon","properties":{"id":"BD55850049","name":"Rangpur Sadar","pcode":"BD55850049","parent":"BD5585"}},{"arcs":[[-1360,-1395,-1381,-1365]],"type":"Polygon","properties":{"id":"BD55850092","name":"Taraganj","pcode":"BD55850092","parent":"BD5585"}},{"arcs":[[-1370,1395,1396,1397]],"type":"Polygon","properties":{"id":"BD55940008","name":"Baliadangi","pcode":"BD55940008","parent":"BD5594"}},{"arcs":[[1398,1399]],"type":"Polygon","properties":{"id":"BD55940051","name":"Haripur","pcode":"BD55940051","parent":"BD5594"}},{"arcs":[[-1245,-1253,1400,1401,1402]],"type":"Polygon","properties":{"id":"BD55940082","name":"Pirganj","pcode":"BD55940082","parent":"BD5594"}},{"arcs":[[-1397,1403,-1402,1404,-1399,1405]],"type":"Polygon","properties":{"id":"BD55940086","name":"Ranishankail","pcode":"BD55940086","parent":"BD5594"}},{"arcs":[[-1246,-1403,-1404,-1396,-1369,-1373,-1376]],"type":"Polygon","properties":{"id":"BD55940094","name":"Thakurgaon Sadar","pcode":"BD55940094","parent":"BD5594"}},{"arcs":[[-467,1406,1407,-489]],"type":"Polygon","properties":{"id":"BD60360002","name":"Ajmiriganj","pcode":"BD60360002","parent":"BD6036"}},{"arcs":[[1408,1409,1410,1411]],"type":"Polygon","properties":{"id":"BD60360005","name":"Bahubal","pcode":"BD60360005","parent":"BD6036"}},{"arcs":[[-453,-490,-1408,1412,1413,1414,1415,1416]],"type":"Polygon","properties":{"id":"BD60360011","name":"Baniachong","pcode":"BD60360011","parent":"BD6036"}},{"arcs":[[-1410,1417,1418,1419,1420,1421]],"type":"Polygon","properties":{"id":"BD60360026","name":"Chunarughat","pcode":"BD60360026","parent":"BD6036"}},{"arcs":[[-1411,-1422,1422,1423,-1416,1424]],"type":"Polygon","properties":{"id":"BD60360044","name":"Habiganj Sadar","pcode":"BD60360044","parent":"BD6036"}},{"arcs":[[-61,-454,-1417,-1424,1425,1426]],"type":"Polygon","properties":{"id":"BD60360068","name":"Lakhai","pcode":"BD60360068","parent":"BD6036"}},{"arcs":[[-46,-62,-1427,1427,-1420,1428]],"type":"Polygon","properties":{"id":"BD60360071","name":"Madhabpur","pcode":"BD60360071","parent":"BD6036"}},{"arcs":[[-1412,-1425,-1415,1429,1430,1431,1432,1433]],"type":"Polygon","properties":{"id":"BD60360077","name":"Nabiganj","pcode":"BD60360077","parent":"BD6036"}},{"arcs":[[-1421,-1428,-1426,-1423]],"type":"Polygon","properties":{"id":"BD60360087","name":"Shayestaganj","pcode":"BD60360087","parent":"BD6036"}},{"arcs":[[1434,1435,1436,1437,1438,1439]],"type":"Polygon","properties":{"id":"BD60580014","name":"Baralekha","pcode":"BD60580014","parent":"BD6058"}},{"arcs":[[-1435,1440,1441]],"type":"Polygon","properties":{"id":"BD60580035","name":"Juri","pcode":"BD60580035","parent":"BD6058"}},{"arcs":[[1442,1443,1444,1445,1446]],"type":"Polygon","properties":{"id":"BD60580056","name":"Kamalganj","pcode":"BD60580056","parent":"BD6058"}},{"arcs":[[-1436,-1442,1447,-1444,1448,1449]],"type":"Polygon","properties":{"id":"BD60580065","name":"Kulaura","pcode":"BD60580065","parent":"BD6058"}},{"arcs":[[-1433,1450,1451,1452,-1447,1453]],"type":"Polygon","properties":{"id":"BD60580074","name":"Moulvibazar Sadar","pcode":"BD60580074","parent":"BD6058"}},{"arcs":[[-1443,-1453,1454,1455,-1449]],"type":"Polygon","properties":{"id":"BD60580080","name":"Rajnagar","pcode":"BD60580080","parent":"BD6058"}},{"arcs":[[-1409,-1434,-1454,-1446,1456,-1418]],"type":"Polygon","properties":{"id":"BD60580083","name":"Sreemangal","pcode":"BD60580083","parent":"BD6058"}},{"arcs":[[1457,1458,1459,1460]],"type":"Polygon","properties":{"id":"BD60900018","name":"Bishwambharpur","pcode":"BD60900018","parent":"BD6090"}},{"arcs":[[1461,1462,1463,1464,1465,1466,1467]],"type":"Polygon","properties":{"id":"BD60900023","name":"Chhatak","pcode":"BD60900023","parent":"BD6090"}},{"arcs":[[-1221,1468,1469,1470,-1430,-1414,1471]],"type":"Polygon","properties":{"id":"BD60900029","name":"Derai","pcode":"BD60900029","parent":"BD6090"}},{"arcs":[[-1206,-1215,1472,1473,-1224]],"type":"Polygon","properties":{"id":"BD60900032","name":"Dharmapasha","pcode":"BD60900032","parent":"BD6090"}},{"arcs":[[-1467,1474,1475,1476]],"type":"Polygon","properties":{"id":"BD60900033","name":"Dowarabazar","pcode":"BD60900033","parent":"BD6090"}},{"arcs":[[-1431,-1471,1477,-1465,1478,1479]],"type":"Polygon","properties":{"id":"BD60900047","name":"Jagannathpur","pcode":"BD60900047","parent":"BD6090"}},{"arcs":[[-1220,-1225,-1474,1480,1481,-1459,1482,1483,-1469]],"type":"Polygon","properties":{"id":"BD60900050","name":"Jamalganj","pcode":"BD60900050","parent":"BD6090"}},{"arcs":[[-1214,1484,1485,-1481,-1473]],"type":"Polygon","properties":{"id":"BD60900063","name":"Madhyanagar","pcode":"BD60900063","parent":"BD6090"}},{"arcs":[[-466,-1222,-1472,-1413,-1407]],"type":"Polygon","properties":{"id":"BD60900086","name":"Shalla","pcode":"BD60900086","parent":"BD6090"}},{"arcs":[[-1466,-1478,-1470,-1484,1486,-1475]],"type":"Polygon","properties":{"id":"BD60900087","name":"Shantiganj","pcode":"BD60900087","parent":"BD6090"}},{"arcs":[[-1458,1487,-1476,-1487,-1483]],"type":"Polygon","properties":{"id":"BD60900089","name":"Sunamganj Sadar","pcode":"BD60900089","parent":"BD6090"}},{"arcs":[[-1460,-1482,-1486,1488]],"type":"Polygon","properties":{"id":"BD60900092","name":"Tahirpur","pcode":"BD60900092","parent":"BD6090"}},{"arcs":[[-1452,1489,1490,1491,-1455]],"type":"Polygon","properties":{"id":"BD60910008","name":"Balaganj","pcode":"BD60910008","parent":"BD6091"}},{"arcs":[[-1439,1492,1493,1494,1495]],"type":"Polygon","properties":{"id":"BD60910017","name":"Beanibazar","pcode":"BD60910017","parent":"BD6091"}},{"arcs":[[-1464,1496,1497,1498,-1479]],"type":"Polygon","properties":{"id":"BD60910020","name":"Bishwanath","pcode":"BD60910020","parent":"BD6091"}},{"arcs":[[-1462,1499,1500,1501]],"type":"Polygon","properties":{"id":"BD60910027","name":"Companiganj","pcode":"BD60910027","parent":"BD6091"}},{"arcs":[[-1491,1502,-1498,1503,1504,1505,1506,1507]],"type":"Polygon","properties":{"id":"BD60910031","name":"Dakkhin Surma","pcode":"BD60910031","parent":"BD6091"}},{"arcs":[[-1437,-1450,-1456,-1492,-1508,1508]],"type":"Polygon","properties":{"id":"BD60910035","name":"Fenchuganj","pcode":"BD60910035","parent":"BD6091"}},{"arcs":[[-1438,-1509,-1507,1509,1510,1511,-1493]],"type":"Polygon","properties":{"id":"BD60910038","name":"Golapganj","pcode":"BD60910038","parent":"BD6091"}},{"arcs":[[-1501,1512,1513,1514]],"type":"Polygon","properties":{"id":"BD60910041","name":"Gowainghat","pcode":"BD60910041","parent":"BD6091"}},{"arcs":[[-1511,1515,-1514,1516,1517]],"type":"Polygon","properties":{"id":"BD60910053","name":"Jaintapur","pcode":"BD60910053","parent":"BD6091"}},{"arcs":[[-1494,-1512,-1518,1518,1519]],"type":"Polygon","properties":{"id":"BD60910059","name":"Kanaighat","pcode":"BD60910059","parent":"BD6091"}},{"arcs":[[-1432,-1480,-1499,-1503,-1490,-1451]],"type":"Polygon","properties":{"id":"BD60910060","name":"Osmaninagar","pcode":"BD60910060","parent":"BD6091"}},{"arcs":[[-1463,-1502,-1515,-1516,-1510,-1506,1520,-1504,-1497]],"type":"Polygon","properties":{"id":"BD60910062","name":"Sylhet Sadar","pcode":"BD60910062","parent":"BD6091"}},{"arcs":[[-1495,-1520,1521]],"type":"Polygon","properties":{"id":"BD60910094","name":"Zakiganj","pcode":"BD60910094","parent":"BD6091"}}]}}}