{"type":"Topology","arcs":[[[35526,5115],[-57,47],[27,25],[30,-72]],[[36346,5593],[-9,-43],[-123,14],[25,50],[44,10],[63,-31]],[[30898,5713],[36,-23],[37,-74],[11,-45],[32,-39],[-5,-57],[65,-14],[3,-62],[-30,-15],[-104,6],[-74,41],[-70,25],[-48,-11],[-30,-37],[-80,-54],[-94,-30],[-62,12],[5,28],[-47,18],[-12,24],[107,11],[90,74],[-29,88],[-87,40],[-13,71],[80,-30],[60,26],[70,-57],[70,10],[-7,30],[126,44]],[[40716,4033],[-35,34],[-37,14],[-134,-27],[-61,2],[-62,-26],[-69,12],[-65,-3],[19,52],[-36,6],[-21,-32],[-63,10],[-84,89],[-52,29],[-56,68],[-38,22],[-15,81],[-37,72],[-69,73],[-21,96],[5,32],[-18,46],[-44,28],[-108,117],[-34,14],[-29,35],[-68,15],[-76,-31],[-78,28],[-47,1],[-83,-35],[-22,35],[-49,11],[-29,29],[-101,35],[-83,-6],[-30,9],[-131,105],[-83,24],[-57,-3],[-21,14],[-94,4],[-66,-7],[-71,-29],[-106,-12],[-26,13],[-56,-9],[-128,-58],[-86,6],[-76,34],[-64,38],[-28,-1],[-108,73],[-123,17],[-66,37],[-169,75],[-175,118],[-83,22],[-44,22],[-174,120],[-90,76],[-28,51],[-69,74],[-27,56],[-21,116],[12,28],[-25,63],[-112,65],[-87,33],[-153,37],[-136,96],[-25,0],[-146,70],[-137,53],[-96,5],[-39,10],[-64,46],[-61,91],[-37,34],[-148,86],[-78,53],[-79,18],[-95,38],[-16,20],[-169,103],[-59,73],[-35,25],[-74,-9],[-27,13],[-145,31],[-1,-46],[-61,-32],[-37,-63],[45,-57],[51,-14],[43,-44],[54,-23],[11,-33],[74,-55],[44,-54],[44,-29],[25,-33],[156,-103],[127,-70],[54,-10],[74,-34],[55,-9],[100,-51],[88,-79],[108,-65],[139,21],[30,-49],[48,-41],[97,-61],[90,-33],[32,-88],[19,-25],[3,-53],[30,-126],[-16,-83],[62,-40],[37,-62],[96,-43],[56,-36],[54,-51],[42,-60],[-9,-88],[78,-114],[-69,-21],[-45,-24],[-197,46],[-73,-5],[-45,8],[36,-145],[-64,-23],[-5,23],[-61,5],[-107,82],[-24,45],[-103,21],[-59,-36],[-39,-11],[-125,34],[-21,93],[-86,68],[-53,75],[-84,14],[-87,-5],[-53,9],[-125,-40],[-73,22],[-29,-2],[-120,50],[-190,59],[-5,105],[19,32],[-31,55],[70,-15],[39,-51],[48,-9],[46,12],[67,-61],[59,-7],[64,-49],[40,-45],[69,-35],[65,15],[56,-21],[40,7],[18,41],[40,-4],[-15,55],[-38,31],[-38,56],[-58,34],[-26,30],[-91,15],[-120,49],[-44,9],[-27,27],[-221,91],[-91,26],[-15,27],[-141,30],[-44,32],[-50,16],[-75,48],[-66,24],[-48,54],[-79,20],[-64,-19],[-9,-23],[35,-47],[52,-27],[87,-10],[39,-49],[61,-32],[80,-71],[-8,-24],[-95,23],[-23,54],[-45,-9],[-84,48],[-47,13],[-46,30],[-91,34],[-52,-13],[-22,16],[-86,25],[-147,-19],[-54,-26],[-27,-50],[32,-75],[113,-40],[127,-61],[88,-58],[213,-58],[74,-47],[74,-84],[-2,-26],[-44,-43],[-37,-58],[-83,-62],[-52,-10],[-36,-24],[-59,-14],[-54,-46],[-14,-36],[-98,-8],[-54,-12],[-73,-35],[-32,-30],[-90,-48],[-13,-33],[-85,-1],[-27,15],[-139,-37],[-27,-22],[-117,-10],[-46,-26],[-41,-7],[-44,27],[-67,18],[-89,6],[8,58],[-28,122],[-31,18],[-31,53],[-76,58],[-112,12],[-1,43],[34,47],[27,11],[16,47],[-32,24],[-42,1],[16,39],[39,-6],[25,20],[89,-29],[-6,-37],[95,9],[19,30],[-71,68],[19,38],[-75,5],[-39,-15],[-68,9],[-69,-18],[-25,48],[-3,51],[-132,44],[-39,-35],[-70,-12],[-53,25],[80,65],[-13,13],[-70,-17],[-63,77],[-86,11],[72,62],[-33,22],[-11,77],[-87,-11],[-32,-21],[28,-95],[-79,21],[-87,-49],[-34,-42],[-65,-33],[-54,-13],[7,-39],[26,-24],[-38,-81],[207,-28],[27,8],[74,-32],[1,-73],[94,-8],[41,-41],[-43,-22],[-66,1],[-39,-50],[-35,-101],[29,-60],[-63,-2],[-57,21],[-123,58],[-76,62],[-102,43],[-52,13],[-123,11],[-88,19],[-57,-1],[-18,51],[53,141],[8,49],[48,60],[-34,28],[-93,23],[-38,21],[-36,-2],[-47,81],[-25,28],[33,110],[64,30],[35,58],[50,8],[126,5],[21,21],[-18,63],[-117,62],[17,23],[-38,33],[-68,13],[-74,27],[-48,-28],[-31,6],[-38,-32],[-47,-20],[-43,-50],[-71,34],[-19,85],[-37,72],[52,39],[-60,45],[-13,82],[-35,43],[-24,-15],[-54,24],[-39,1],[-83,82],[3,29],[-36,52],[-82,-24],[-27,-48],[-18,-96],[44,-42],[6,-35],[-20,-92],[54,-9],[-84,-62],[24,-20],[-32,-35],[-24,12],[-93,-63],[-24,-27],[-43,13],[-29,60],[-61,48],[43,124],[-50,11],[-40,65],[6,49],[52,22],[18,76],[-47,16],[9,31],[-52,37],[-142,22],[-31,-9],[-57,-45],[-55,51],[-74,-29],[-59,16],[-34,60],[-49,27],[-47,-40],[-12,-50],[-6,-112],[143,-40],[-7,-32],[32,-69],[-123,-44],[-38,-6],[-8,33],[-57,40],[-43,14],[-98,-39],[-31,-1],[-89,-45],[-59,-1],[-43,-29],[-42,-65],[-34,35],[-66,36],[-14,-25],[-74,-7],[-68,-38],[-54,13],[-21,20],[-49,-28],[-28,-31],[-82,-47],[-51,-60],[-35,-84],[-87,-43],[-26,-24],[-4,-74],[-34,-15],[-31,-38],[32,-106],[39,0],[-26,-88],[-75,-6],[-49,-18],[-46,-42],[-40,-15],[-97,-78],[-62,-22],[-36,7],[-28,-39],[-107,-114],[21,-34],[62,-15],[66,-78],[27,-56],[-69,-56],[-62,-10],[-33,-54],[74,-105],[124,6],[104,-71],[38,-50],[22,-1],[69,-45],[93,14],[41,-28],[88,57],[18,-13],[-37,-97],[26,-74],[44,-47],[37,-11],[17,35],[-43,17],[71,30],[-43,30],[26,40],[48,-11],[24,-65],[50,12],[34,-35],[35,8],[5,47],[106,8],[56,-8],[42,11],[110,-34],[98,14],[23,46],[-54,76],[-22,63],[69,36],[4,-42],[68,-29],[11,14],[-21,59],[85,54],[148,36],[95,-79],[97,-33],[84,51],[61,26],[27,-5],[46,71],[93,-8],[-8,-27],[23,-69],[53,-50],[18,10],[54,-30],[88,-70],[14,-53],[-46,-95],[-30,-31],[-68,-27],[-81,-10],[-35,6],[-23,36],[19,17],[67,4],[35,28],[-3,51],[-36,45],[-42,13],[-23,-16],[-20,-55],[-74,-50],[-7,-28],[16,-63],[2,-57],[31,-101],[56,-86],[-5,-62],[-95,-85],[-31,8],[-27,-64],[-27,7],[-39,-27],[-18,-45],[-43,6],[-33,-22],[-45,42],[-54,-14],[-53,54],[48,53],[4,57],[50,34],[-18,61],[-71,-6],[-11,33],[-49,67],[-108,11],[-48,21],[-49,-9],[4,59],[-80,12],[-66,-3],[-45,34],[-63,-7],[-3,-85],[-78,-63],[1,-61],[-55,-2],[-98,-35],[-63,5],[-57,-15],[-44,17],[-15,-58],[-30,-38],[-39,-8],[-31,-41],[-60,-20],[-71,1],[5,-65],[46,-61],[-9,-52],[48,-6],[23,-49],[157,15],[22,21],[58,10],[60,-71],[-83,-61],[-106,4],[-78,-47],[-81,-28],[-59,7],[-86,-24],[-120,-45],[-100,-3],[-159,57],[-83,46],[-86,30],[-29,-4],[-83,-66],[-41,-70],[-28,-6],[-51,19],[-146,20],[-59,15],[-118,8],[-156,-4],[-55,10],[-87,50],[-72,78],[-57,40],[-69,22],[-47,39],[-25,45],[-3,44],[23,124],[-30,28],[-63,31],[-96,19],[-165,-29],[-21,12],[-44,63],[-65,-9],[-96,-26],[-72,-3],[-85,-84],[-53,-1],[-44,134],[-18,21],[-68,32],[-98,8],[-53,-16],[-64,-51],[-76,-120],[-49,-33],[-84,-27],[-80,-84],[-48,-19],[-86,23],[-88,-11],[-89,-54],[-6,-67],[-27,-20],[-100,-4],[-93,9],[-63,-9],[-55,-39],[-39,-50],[-13,-111],[-19,-50],[-50,-49],[-47,-23],[-77,-9],[-49,16],[-102,72],[-125,-14],[-16,-24],[-118,-75],[-106,-33],[-113,-15],[-44,-16],[-86,10],[-85,49],[-83,18],[-139,-13],[-114,-3],[-58,6],[-88,28],[-64,-4],[-38,-30],[-30,-95],[-24,-37],[-55,-16],[-100,38],[-101,-1],[-83,14],[-72,56],[-27,54],[-3,71],[36,52],[-2,65],[-71,110],[-99,80],[-43,24],[-91,16],[-70,-6],[-76,4],[-85,-12],[-130,-64],[-99,-8],[-47,18],[-53,43],[-79,13],[-56,-10],[-33,-52],[-26,-64],[-15,-84],[-29,-43],[-62,-35],[-56,-49],[-31,-51],[-79,-37],[-69,-21],[-101,-12],[-170,-51],[-36,-34],[-95,-23],[-289,-27],[-122,-61],[-126,-55],[-65,-5],[-112,4],[-136,46],[-42,49],[-18,50],[-37,25],[-52,7],[-52,22],[-61,82],[-62,66],[-42,18],[25,39],[54,-38],[74,-16],[117,59],[123,17],[24,-27],[65,68],[56,-6],[27,-38],[39,75],[-63,32],[-21,46],[-12,66],[-95,31],[-3,29],[87,65],[54,55],[-18,24],[-59,-46],[-28,-38],[-85,0],[-127,42],[-107,21],[-42,-35],[14,-37],[-40,-12],[-127,-118],[-93,-55],[-42,14],[-120,-3],[5,91],[-69,33],[-102,30],[33,75],[9,67],[-18,43],[-39,46],[-148,104],[-22,48],[-21,94],[-32,62],[-71,71],[-157,93],[-93,60],[-79,72],[-105,116],[-22,114],[5,99],[-7,55],[-28,65],[-43,66],[0,64],[59,67],[177,117],[65,53],[41,51],[43,96],[10,68],[-5,56],[-160,341],[-30,74],[-11,81],[6,65],[21,60],[144,305],[38,125],[40,76],[82,117],[31,82],[8,88],[-8,54],[-57,117],[-18,52],[-5,92],[8,44],[29,55],[61,56],[113,57],[53,55],[27,56],[8,53],[-25,202],[4,99],[31,71],[45,61],[180,165],[55,55],[82,118],[42,71],[8,97],[-35,119],[-55,114],[-35,52],[-73,83],[-347,323],[-34,62],[5,41],[38,103],[15,109],[-6,61],[-45,262],[26,108],[48,70],[33,76],[6,66],[-28,181],[14,42],[62,59],[86,38],[49,38],[42,76],[4,48],[-16,98],[3,66],[26,50],[302,315],[159,303],[36,34],[148,88],[52,47],[30,65],[124,378],[102,332],[0,150],[26,85],[78,91],[51,35],[76,34],[231,72],[60,31],[69,75],[24,91],[-5,33],[-71,251],[-74,279],[-11,93],[8,104],[46,157],[179,368],[103,204],[47,153],[12,186],[-2,157],[49,68],[223,99],[35,22],[58,61],[38,59],[24,66],[5,92],[-29,131],[-4,59],[22,154],[-2,138],[-56,226],[0,69],[21,62],[29,48],[278,350],[31,69],[53,175],[43,63],[66,40],[149,48],[213,101],[95,53],[68,59],[309,300],[422,397],[40,61],[8,46],[-6,217],[19,90],[34,56],[91,36],[69,1],[130,-25],[100,2],[102,43],[52,57],[18,35],[24,160],[49,67],[52,27],[71,16],[82,-3],[107,-20],[63,10],[82,34],[46,30],[116,94],[79,81],[75,97],[29,54],[41,168],[34,114],[117,294],[67,143],[82,147],[124,189],[101,129],[255,286],[157,249],[55,53],[46,22],[273,68],[51,19]],[[25790,21780],[72,34],[241,150],[175,116],[74,64],[37,45],[60,95],[47,98],[31,106],[26,173],[17,70],[50,119],[84,135],[82,98],[79,74],[160,138],[95,110],[38,59],[25,70],[41,173],[93,453],[-7,47],[-36,67],[-12,44],[24,83],[124,192],[41,162],[89,57],[58,64],[42,76],[32,89],[-22,52],[-51,14],[-63,-16],[-38,-50],[-49,-12],[11,90],[19,58],[59,92],[84,75],[70,39],[267,134],[89,60],[63,58],[93,118],[45,39],[76,42],[81,28],[105,26],[39,26],[35,58],[-2,58],[-19,52],[-48,53],[-50,32],[-77,26],[-136,34],[-72,61],[-16,51],[12,73],[29,46],[95,77],[86,48],[97,68],[72,67],[62,77],[52,90],[32,93],[12,63],[5,93],[-10,70],[-72,-24],[-60,-43],[-110,-112],[-73,-23],[-57,24],[-30,37],[0,82],[20,36],[89,39],[160,85],[87,67],[6,94],[33,101],[89,177],[-10,82],[-28,34],[-61,32],[-76,14],[-110,4],[-191,-11],[-95,7],[-66,21],[-74,63],[-12,58],[14,37],[48,43],[138,45],[27,23],[15,53],[-9,31],[-64,89],[-128,125],[-26,41],[-35,123],[-173,492],[-90,139],[-15,59],[3,76],[31,68],[58,89],[13,71],[-16,47]],[[27859,29699],[80,17],[93,-10],[24,71],[89,13],[170,-12],[94,-57],[32,-8],[-16,-45],[61,-30],[-1,-53],[165,-19],[63,-74],[178,-152],[100,-95],[66,-150],[100,-100],[102,-52],[18,-51],[57,-33],[58,0],[109,45],[90,-22],[49,34],[59,-14],[58,122],[52,7],[73,-39],[-12,67],[70,97],[86,50],[-30,45],[-10,71],[-70,121],[-26,94],[1,62],[-49,169],[-13,58],[-99,-6],[-37,51],[4,46],[-19,53],[65,13],[-15,70],[78,6],[138,39],[210,39],[108,29],[82,15],[24,-33],[102,38],[44,0],[47,32],[99,24],[78,-38],[62,13],[0,-42],[-81,-80],[-18,27],[-47,-31],[-64,-7],[-10,-28],[26,-46],[60,-6],[23,-47],[103,16],[43,-17],[27,-47],[-18,-98],[-95,-11],[-45,-19],[-4,-118],[17,-64],[-4,-69],[79,-83],[-5,-99],[63,-59],[19,-31],[57,13],[21,-27],[-21,-41],[15,-70],[53,-90],[94,9],[43,-24],[-16,-25],[37,-42],[124,-13],[-5,-46],[-96,-4],[11,-34],[104,12],[35,50],[114,-17],[45,-43],[47,-25],[77,-23],[62,41],[51,-1],[55,-41],[108,-5],[49,-25],[21,79],[50,44],[94,62],[114,-27],[-35,-44],[18,-38],[5,-64],[-42,-81],[14,-32],[129,-129],[42,-48],[57,40],[10,47],[50,12],[43,48],[90,-12],[62,26],[117,13],[48,17],[91,3],[70,-37],[39,-3],[34,-25],[-25,-40],[32,-42],[-13,-49],[15,-37],[-13,-49],[-96,-59],[0,-49],[-146,-112],[-90,-23],[-58,23],[3,38],[34,63],[-55,50],[-14,30],[-88,36],[-37,-39],[-83,-64],[-49,0],[-44,-47],[-63,-33],[-34,-86],[57,-22],[64,-136],[-17,-56],[8,-64],[-13,-55],[44,-30],[-2,-53],[-65,-90],[-60,-18],[-91,17],[-109,-51],[-7,-45],[26,-41],[-28,-30],[-24,-85],[52,-20],[63,-46],[5,-20],[85,-17],[56,85],[6,62],[41,16],[81,-51],[45,-78],[43,-29],[80,9],[89,71],[99,124],[48,29],[133,55],[42,33],[29,59],[24,105],[24,45],[16,79],[90,-70],[37,-3],[132,47],[16,80],[24,26],[128,10],[112,60],[-38,60],[-57,45],[-2,21],[-63,9],[-42,66],[31,25],[-1,52],[54,55],[2,33],[41,29],[96,-12],[-19,38],[15,50],[63,49],[-71,92],[7,38],[127,-53],[49,1],[103,23],[3,59],[16,15],[72,15],[19,-59],[51,-30],[60,19],[80,-9],[34,-23],[43,4],[4,-46],[38,-17],[154,6],[116,11],[19,32],[-4,63],[57,51],[24,41],[-2,59],[23,30],[44,13],[103,103],[52,-34],[99,-26],[55,17],[52,-10],[119,9],[22,-83],[50,-60],[-13,-51],[28,-15],[107,35],[23,-6],[48,50],[-2,37],[30,34],[-95,81],[-28,43],[-2,33],[-115,55],[-53,6],[-70,43],[-51,1],[-13,32],[8,74],[-66,87],[-62,50],[-44,55],[15,85],[-6,40],[54,-2],[34,-67],[-2,-60],[18,-40],[71,-13],[35,7],[72,-10],[12,36],[4,114],[28,67]],[[35276,29623],[58,24],[61,-60],[72,-14],[117,30],[74,-2],[52,31],[73,15],[102,3],[67,-53],[90,30],[82,-52],[71,41],[78,-37],[67,32],[65,-4],[45,21],[32,-17],[66,22],[35,-5],[68,31],[23,-6],[81,19],[74,42],[38,0],[0,40],[-27,30],[32,49],[118,7],[-3,53],[54,45],[-11,47],[45,42],[185,76],[-11,26],[-65,45],[-40,61],[-47,18],[52,57],[-45,39],[83,46],[78,-23],[55,102],[63,28],[33,34],[78,29],[-26,53],[104,-16],[43,-39],[134,-44],[76,-38],[77,0],[68,79],[150,63],[45,-5],[42,-48],[127,-108],[50,28],[61,17],[66,-13],[86,19],[26,37],[69,54],[34,64],[-82,25],[4,23],[-53,25],[-105,79],[39,54],[43,12],[77,-5],[4,24],[-70,29],[31,32],[45,12],[23,40],[50,52],[-9,47],[33,29],[-39,21],[-20,60],[8,44],[30,11],[-18,67],[-37,8],[-57,67],[-23,48],[-75,-12],[1,55],[-13,52],[-110,12],[-76,-38],[-17,-22],[18,-75],[-9,-38],[4,-114],[-114,-44],[-63,-5],[-97,8],[-46,41],[-15,57],[5,59],[-89,7],[58,58],[147,25],[95,67],[-90,37],[-49,-10],[-187,44],[-65,-2],[-77,-31],[-62,-7],[-70,53],[-52,-7],[-154,44],[-22,31],[85,4],[71,-9],[84,4],[50,30],[17,37],[-25,71],[-65,78],[-25,57],[0,49],[52,42],[126,9],[149,-17],[85,10],[72,27],[70,41],[52,50],[41,10],[70,-26],[82,-76],[54,-11],[61,51],[72,27],[131,120],[49,38],[53,13],[86,-15],[48,-43],[65,-119],[32,-35],[104,-43],[41,1],[100,52],[49,107],[54,55],[57,18],[178,14],[53,-13],[76,-55],[16,-36],[-34,-126],[26,-70],[53,-43],[45,-13],[80,17],[97,65],[50,1],[62,-24],[49,-69],[29,-165],[66,-38],[61,15],[24,62],[-24,49],[-62,70],[-29,67],[-9,113],[8,49],[56,47],[65,21],[73,11],[17,-46],[38,-29],[97,41],[14,-15],[198,41],[112,-1],[119,35],[197,72],[24,-68],[-13,-9],[18,-63],[-69,-41],[16,-86],[35,-46],[-4,-27],[-71,-101],[-53,-42],[55,-50],[27,-39],[-11,-39],[-59,-18],[-1,-26],[86,-17],[-11,-34],[-78,13],[-24,-75],[-96,4],[64,-53],[19,1],[63,-61],[-3,-36],[-67,-22],[-26,-38],[-15,-72],[-36,-24],[-24,-58],[55,-27],[20,-36],[2,-72],[115,1],[21,-28],[69,-11],[-9,-27],[132,14],[148,53],[-23,43],[18,49],[24,137],[-8,64],[57,18],[98,5],[49,16],[49,-29],[10,44],[35,62],[57,24],[23,-12],[-1,-44],[24,-20],[-8,-93],[22,-58],[46,-77],[-2,-19],[80,-23],[24,-43],[-14,-103],[93,-13],[29,30],[73,23],[1,22],[48,29],[9,26],[6,118],[18,39],[62,26],[7,18],[101,70],[116,45],[82,-8],[28,36],[23,81],[94,0],[-43,-50],[5,-82],[77,-29],[57,-60],[66,-16],[71,-36],[21,-65],[53,23],[39,-34],[21,-91],[-8,-41],[35,-23],[-47,-38],[48,-43],[9,-28],[-78,-28],[10,-24],[-59,-75],[-22,-2],[24,-72],[-40,-17],[21,-40],[39,-23],[55,-12],[4,-75],[-31,-36],[65,-43],[-14,-27],[78,-26],[29,10],[88,-28],[25,-17],[29,-56],[-6,-32],[39,-32],[76,-143],[-2,-53],[33,-103],[-114,-5],[-5,-71],[-111,-67],[-37,2],[-54,-85],[67,-87],[15,-88],[-74,-63],[-65,-32],[14,-18],[-103,-59],[-189,-90],[14,-21],[71,38],[0,-35],[89,-34],[20,-21],[137,-12],[28,-39],[99,-29],[77,9],[16,58],[-3,38],[45,2],[22,48],[-23,134],[57,14],[-4,30],[51,5],[18,89],[113,27],[13,22],[68,14],[57,62],[93,-45],[92,-34],[-97,-57],[-31,-60],[-26,-7],[-4,-43],[-35,-57],[11,-47],[80,12],[53,-8],[105,24],[39,-24],[1,-55],[-39,-31],[65,-67],[-28,-9],[-20,-39],[-11,-59],[60,-65],[-24,-61],[-11,-93],[-59,-22],[-16,-59],[35,-35],[54,-82],[-31,-58],[-68,-59],[3,-49],[-28,-32],[140,-108],[196,-43],[110,-10],[47,40],[76,6],[45,15],[139,-18],[100,30],[92,-6],[31,-20],[75,-15],[96,35],[33,34],[59,128],[8,70],[59,-5],[78,35],[60,8],[68,48],[-10,48],[50,6],[12,57],[-25,23],[-45,-4],[-57,41],[-60,64],[102,54],[130,55],[-46,41],[50,12],[-3,45],[53,5],[105,-14],[2,-20],[83,9],[69,-122],[-23,-72],[-102,-15],[22,-78],[-41,-17],[38,-27],[41,-77],[166,39],[70,3],[30,-46],[55,9],[10,-26],[75,11],[-5,-48],[-60,-4],[19,-41],[-80,-27],[-93,-99],[0,-107],[75,-36],[28,-67],[59,12],[-11,-59],[35,-10],[-4,-72],[47,-47],[-70,-33],[-15,15],[-63,-6],[-24,-45],[-103,-34],[3,-55],[-28,-47],[119,-40],[3,-23],[51,-7],[35,17],[54,1],[42,-41],[121,-45],[-1,-66],[48,-43],[-7,-51],[73,-52],[43,-86],[40,-22],[-23,-72],[20,-23],[31,-100],[81,-20],[-6,-66],[-102,-15],[-21,-24],[-38,1],[-16,-39],[-56,19],[-144,26],[-53,0],[-35,-21],[-71,-17],[-51,-79],[110,-125],[-41,-34],[-3,-83],[103,-50],[10,-67],[-114,16],[-62,-5],[16,-41],[-56,-19],[10,-110],[46,-7],[44,-27],[-3,-44],[-39,-7],[14,-38],[76,4],[34,-49],[74,-6],[103,30],[35,-21],[28,-42],[28,-75],[-35,-40],[-72,-49],[12,-16],[-52,-41],[24,-116],[49,-52],[62,-24],[-19,-32],[85,8],[-3,-46],[44,1],[-39,-78],[-40,-19],[-14,-29],[22,-82],[-55,-9],[-34,-33],[-137,-37],[6,55],[-34,38],[52,84],[-57,-15],[-21,-23],[-12,-53],[-72,-35],[34,-28],[-11,-65],[-25,-40],[72,-2],[73,-29],[57,11],[-9,-45],[-95,-29],[21,-77],[-17,-47],[39,-36],[-8,-115],[16,-51],[55,-78],[70,-17],[13,-90],[-57,14],[-86,-11],[14,-94],[19,-38],[57,23],[36,-42],[41,-25],[96,-28],[61,-7],[-39,-40],[36,-10],[41,-49],[2,-28],[58,-10],[8,-36],[49,-12],[53,22],[4,21],[54,10],[-2,-78],[-40,-36],[98,-39],[97,-8],[-27,-29],[50,-50],[24,-39],[-12,-45],[67,-22],[23,46],[57,17],[11,30],[59,10],[47,-44],[60,-2],[33,-36],[-2,-47],[44,-17],[17,-37],[81,-7],[44,7],[5,-49],[37,-23],[39,-68],[-43,-56],[50,-33],[-37,-19],[-18,-52],[-42,11],[-77,-30],[-75,-58],[-33,-12],[-10,-73],[-30,-29],[-124,29],[-19,-23],[23,-69],[-39,-46],[-56,-16],[-20,-40],[84,-47],[109,43],[69,-104],[167,39],[52,-16],[-22,-152],[-34,-13],[-50,6],[-57,-36],[16,-34],[42,12],[32,-29],[34,25],[137,-53],[0,-40],[32,-56],[-39,-70],[-2,-51],[-61,-48],[44,-62],[-65,-29],[35,-45],[32,35],[39,-10],[44,52],[29,-23],[120,-8],[-30,-23],[30,-32],[83,-22],[35,43],[52,11],[13,26],[71,-31],[17,-26],[7,-88],[73,6],[36,-28],[64,-19],[20,-33],[48,-2],[52,51],[74,4],[6,-33],[145,15],[0,-76],[-55,-40],[2,-36],[79,-17],[43,-36],[-49,-83],[73,-27],[153,-9],[28,-45],[71,-8],[-12,-27],[21,-34],[-18,-42],[7,-33],[107,11],[59,-34],[47,-6],[30,-71],[49,-7],[9,-58],[-67,-1],[5,-113],[53,0],[35,25],[76,-2],[61,-64],[-6,-55],[66,-78],[-2,-69],[55,-45],[25,15],[69,4],[25,-31],[-9,-39],[35,-4],[40,-33],[-56,-20],[-72,-6],[-18,-37],[77,-32],[42,-51],[31,7],[19,-44],[36,-34],[-1,-44],[-67,-36],[-33,-39],[-41,-9],[-3,-28],[-77,9],[-63,-14],[-67,-4],[-7,-61],[56,-25],[91,-15],[35,-16],[43,-58],[59,-13],[-5,-44],[46,-28],[-34,-33],[-42,-97],[61,-50],[-10,-70],[-36,-88],[63,-11],[-19,-48],[4,-60],[-50,-27],[-58,-5],[-149,-57],[-19,-25],[-13,-78],[52,4],[57,-27],[67,-9],[8,-27],[53,-5],[17,-88],[-35,-10],[26,-42],[-21,-24],[2,-84],[-21,-30],[-47,-10],[1,-44],[-76,-63],[-51,-12],[-44,11],[-44,-22],[-9,-38],[28,-26],[86,-11],[-33,-25],[23,-43],[-26,-23],[-7,-60],[14,-39],[40,-2],[27,-30],[-59,-32],[35,-39],[-38,-12],[-11,43],[-46,-19],[-60,14],[-11,-99],[63,-76],[50,-10],[11,-31],[-55,-34],[-49,7],[-17,-32],[20,-28],[40,6],[19,-34],[88,-88],[-7,-36],[76,3],[51,-104],[68,22],[5,49],[49,-16],[60,31],[47,-18],[-95,-73],[63,5],[38,-22],[5,-45],[24,-36],[5,-62],[61,-59],[87,8],[19,-58],[-61,-42],[-36,10],[-33,-36],[60,-11],[36,-23],[-8,-69],[47,23],[40,-11],[-21,-53],[60,-12],[50,-29],[-34,-30],[-39,-4],[-36,19],[-43,-9],[-6,-57],[-129,-103],[-48,-45],[-118,1],[-54,-70],[-80,21],[-5,-24],[-142,-14],[-53,-18],[-75,17],[-56,-32],[-39,32],[9,52],[77,21],[-11,18],[49,27],[36,-26],[36,18],[7,33],[-40,6],[18,50],[-63,38],[42,25],[-5,56],[25,44],[30,-18],[-3,-48],[30,-10],[54,20],[26,43],[1,49],[-55,45],[-25,5],[-42,-47],[-23,20],[-38,-24],[-73,51],[-51,1],[-26,-31],[-84,-67],[-57,-25],[-20,-46],[11,-96],[-40,-73],[4,-67],[-103,6],[-70,-59],[-73,-10],[-1,-37],[-25,-52],[-37,-33],[-53,21],[-57,3],[19,43],[-52,29],[3,66],[28,19],[-28,82],[-9,75],[-130,123],[-57,26],[-67,-9],[-4,-27],[-56,-15],[-12,-49],[-108,61],[-40,-3],[-126,66],[-93,79],[-14,29],[-151,33],[-2,-60],[49,-167],[-91,-39],[2,-42],[-93,14],[-10,-41],[76,-64],[-85,-81],[-2,-26],[88,-52],[8,-83],[78,-22],[-22,-69],[133,3],[-14,-55],[9,-25],[102,-58],[1,-18],[76,-14],[14,-120],[276,-194],[-47,-19],[15,-47],[-203,16],[-49,-18],[11,-51],[-31,-1],[7,-51],[-30,-77],[39,-11],[88,-60],[47,-69],[8,-85],[35,-66],[13,-139],[-73,-70],[-29,3],[-44,-77],[9,-48],[26,-39],[-27,-15],[18,-94],[30,-12],[70,15],[27,-46],[-61,-2],[30,-43],[-172,-77],[-103,-11],[-13,23],[-80,-23],[-58,1],[-38,26],[-35,-11],[-17,31],[-79,-4],[-39,-13],[18,-33],[-91,-30],[-1,-32],[-55,15],[-80,0],[-33,-49],[-55,-18],[16,-26],[72,5],[62,16],[23,-84],[-54,2],[42,-106],[-65,-39],[-191,-6],[-362,-154],[-19,-34],[34,-35],[-52,-19],[-46,2],[-26,-24],[35,-53],[-56,-13],[-10,-64],[-124,13],[-68,-18],[-136,-11],[-85,-21],[-26,32],[-41,-6],[-28,53],[-21,-4],[-25,76],[-41,19],[20,63],[-18,30],[-135,27],[-48,-90],[-44,-1],[-24,-42],[-87,-15],[8,-32],[-133,-43],[-41,-22],[-66,-12],[-34,8],[-81,-14],[-128,17],[-40,18],[-70,-32],[-20,-47],[47,-20],[33,-97],[-71,-9],[-35,-49],[-5,-39],[52,-15],[22,-31],[44,5],[39,-51],[-97,-38],[-57,-34],[-104,-76],[-22,-43],[3,-76],[-11,-49],[-55,-45],[-162,-75],[-68,-27],[-54,-97],[-143,-72],[-5,-42],[-44,-36],[35,-78],[79,-73],[69,7],[-14,62],[54,33],[57,-32],[-4,-51],[54,-3],[21,-31],[-51,-80],[36,-100],[48,-13],[8,-30],[56,1],[22,-24],[-15,-30],[8,-68],[27,-52],[149,-126],[25,-71],[49,-75],[71,-68],[6,-31],[36,-17],[-12,-34],[6,-46],[43,-30],[39,-3],[42,-30],[58,-64],[72,-32],[10,-89],[-47,-29],[13,-31],[-5,-52],[31,-54],[-41,-61],[74,-44],[-27,-66],[-48,-50],[-16,-60],[44,-13],[-1,-55],[60,-54],[-23,-32],[15,-61],[75,-4],[22,-36],[-6,-68],[-16,-41],[22,-31],[59,4],[17,-124],[-18,-27],[9,-116],[14,-85],[51,-71],[-1,-81],[68,-111],[-19,-24],[81,-145],[28,-66],[-9,-25],[41,-68],[-8,-52],[57,-57],[28,-45],[61,-50],[24,-43],[32,-19],[73,-16],[43,-36],[14,-65],[-19,-20],[10,-52],[40,-24],[2,-44],[-32,-22],[12,-39],[-10,-54],[-41,-58],[15,-64],[91,-33],[-3,-37],[-27,-67],[3,-39],[29,-48],[-13,-58],[-33,-16],[17,-39],[0,-52],[-48,-25],[-31,-87],[-69,-58],[-3,-27],[91,-98],[-16,-79],[-21,-28],[-71,-57],[-19,-57],[-50,-39],[23,-67],[-8,-34],[-42,-41],[-25,-49],[10,-25],[-13,-79],[5,-54],[-82,-32],[-23,11],[-114,-24],[-80,-56],[-28,-91],[1,-67],[28,-77],[81,-83],[120,-47],[45,-37],[3,-53],[-23,-23],[-35,-101],[46,-49],[-11,-51],[23,-63],[-72,-23],[-23,-41],[6,-113],[21,-45],[-26,-71],[-26,-23],[66,-39],[-7,-69],[-75,-13],[-2,-54],[-67,-64],[-45,-2],[-34,26],[-38,6],[-33,-43],[24,-75],[32,-62],[160,87],[48,38],[24,-22],[-10,-53],[19,-32],[-50,-39],[-13,-32],[-43,-3],[2,-65],[29,-5],[59,76],[42,10],[28,-72],[-87,-46],[21,-28],[52,-3],[115,-166],[48,-16],[16,-50],[68,-6],[18,-85],[54,-80],[-68,0],[0,22],[-41,25],[-91,-11],[-43,-20],[-76,-65],[64,0],[31,-47],[-7,-20],[-63,15],[-34,-16],[-65,0],[-62,53],[-23,-13],[-50,-67],[-44,-37],[-122,-40],[7,-26],[-76,-31],[-37,-27],[30,-44],[106,-28],[27,13],[57,-59],[-25,-71],[224,-84],[143,-41],[-1,-71],[-23,-19],[38,-28],[2,-50],[-43,-81],[17,-68],[34,-33],[1,-45],[-16,-58],[-7,-87],[43,-75],[24,-24],[117,-73],[67,-34],[-2,-70],[-82,-56],[-37,-36],[48,-72],[-29,-44],[-8,-71],[-175,-88],[-24,-42],[-191,47],[-4,-88],[-108,-93],[-18,-51],[14,-19],[-17,-45],[-77,-83],[-25,42],[33,70],[-37,19],[39,103],[-74,65],[-44,111],[-1,35],[-39,36],[-15,39],[-122,-18],[-12,-39],[-55,-14],[-35,34],[-90,-42],[-30,52],[37,53],[-27,55],[-82,-35],[-150,-25],[-60,-4],[-87,-64],[-44,-23],[-100,-105],[-51,-22],[19,-46],[-25,-61],[-51,-43],[-91,6],[-26,-20],[-93,47],[-83,-13],[-33,36],[-23,-23],[-79,-29],[-59,18],[-16,22],[-72,43],[-132,21],[-24,-8],[-120,27],[-69,33],[-21,40],[-37,21],[-7,33],[-66,26],[-56,-1],[-84,29],[-68,-21],[-100,-2],[-130,-32],[-39,-25],[12,-51],[-10,-49],[-21,-19],[6,-45],[-24,-21],[-93,-45],[-19,-44],[-35,-5],[-57,22],[-90,-12],[-58,-44],[57,-29],[-53,-116],[-67,-29],[-40,-33],[-83,-4],[4,-26],[-74,-58],[-38,-47],[-43,-34],[-30,-5],[-69,-43],[-16,-31],[7,-36],[-69,-65],[-80,11],[37,47],[-7,22],[41,40],[-14,55],[-93,-53],[-30,43],[-47,-63],[-34,-63],[-97,14],[-32,-25],[-33,10],[-28,-52],[-35,-10],[-79,13],[-48,23],[-27,74],[-90,-75],[-63,5],[-18,44],[-54,39],[-150,4],[-38,-49],[-5,-30],[-67,-5],[-63,-19],[-45,9],[-19,-25],[44,-16],[29,-99],[28,-20],[-35,-29],[-69,45],[-102,-9],[-59,-52],[-13,-67],[-62,-26],[-29,33],[-36,-16],[-24,41],[-41,-17]],[[30622,30117],[109,31],[-1,43],[-80,3],[-62,-32],[-11,-46],[45,1]],[[35276,29623],[-4,24],[-57,71],[-64,48],[-47,101],[-46,71],[-100,-15],[-83,41],[25,54],[-2,37],[-36,71],[10,39],[48,51],[32,11],[75,64],[6,36],[57,48],[62,-11],[114,90],[-31,56],[16,32],[-12,53],[37,59],[5,34],[-45,19],[-18,27],[-96,65],[-2,76],[11,23],[-16,90],[-1,75],[17,48],[49,32],[60,2],[150,24],[62,1],[76,26],[22,39],[-61,115],[0,37],[83,-2],[55,39],[12,81],[53,70],[36,107],[43,44],[-1,26],[-56,24],[19,32],[-142,77],[-82,30],[-131,8],[-59,27],[45,100],[25,93],[49,2],[61,35],[41,-2],[68,58],[11,30],[-58,56],[9,35],[-11,70],[-227,27],[-45,-36],[-79,-37],[-28,-27],[-36,6],[-6,68],[-32,36],[-6,85],[-21,43],[-86,122],[50,75],[55,31],[-42,83],[-57,22],[38,47],[99,34],[-59,84],[-43,-49],[-38,-22],[-31,-48],[-34,-25],[-12,-39],[-68,-19],[-65,11],[-19,26],[32,53],[-9,34],[-39,20],[64,27],[-13,25],[-69,-16],[-43,-43],[-41,-2],[-44,-28],[-41,32],[-17,50],[51,13],[26,37],[6,66],[-59,26],[-49,37],[-5,78],[54,-11],[41,10],[88,-1],[-50,45],[-17,36],[-60,46],[-14,39],[3,146],[-21,112],[-24,2],[-25,57],[9,69],[-93,10],[97,187],[-30,35],[0,58],[-22,26],[-17,62],[-6,88],[-69,18],[80,104],[-30,65],[-1,59],[-19,43],[-17,83],[6,116],[-11,42],[-44,27],[17,66],[62,37],[70,-56],[9,-26],[69,-11],[104,3],[30,29],[-19,40],[-43,37],[-34,4],[-49,42],[6,81],[41,28],[-69,78],[-27,48],[-10,93],[23,114],[-10,42],[-65,44],[-142,38],[-65,-3],[-191,-53],[-68,11],[-37,22],[-36,59],[22,64],[68,57],[70,115],[35,-8],[60,37],[-8,102],[-3,135],[-10,48],[30,40],[32,15],[72,106],[50,62],[44,34],[129,14],[75,22],[106,19],[69,-3],[35,13],[99,5],[65,31],[65,-45],[88,14],[43,-3],[59,44],[38,79],[109,-5],[101,8],[44,-7],[47,-34],[209,-120],[94,49],[3,-42],[27,-34],[-22,-59],[-48,-32],[-72,-102],[60,-54],[45,-1],[28,30],[42,6],[34,35],[-41,25],[87,113],[60,53],[25,82],[26,4],[141,81],[20,29],[-19,42],[-34,21],[-39,60],[117,9],[40,27],[133,28],[18,48],[82,2],[31,34],[55,-28],[99,-13],[55,-35],[105,-35],[20,-17],[85,-12],[81,17],[67,36],[131,-13],[86,-29],[45,-28],[105,-49],[85,29],[85,63],[46,6],[95,-53],[60,-72],[101,-8],[106,6],[142,-2],[22,-17],[1,-49],[76,-86],[23,-41],[18,-68],[66,-104],[21,-65],[64,-80],[51,-45],[88,-47],[33,-3],[81,22],[135,-7],[66,30],[33,33],[66,8],[94,-8],[28,15],[108,19],[65,28],[65,9],[43,-15],[104,13],[26,25],[97,-34],[39,-3],[16,37],[-14,28],[71,82],[-12,37],[13,68],[-68,126],[-33,99],[-19,98],[-7,82],[29,33],[126,24],[102,139],[-33,94],[-122,-8],[-130,22],[-76,81],[34,87],[3,138],[73,29],[54,-17],[27,16],[7,56],[-62,29],[-37,68],[-38,18],[-17,48],[35,28],[-45,101],[-43,21],[-27,35],[35,99],[38,51],[-30,20],[44,42],[79,-90],[48,-27],[43,-8],[165,13],[40,-29],[4,-62],[49,-39],[36,7],[56,42],[63,4],[117,36],[102,14],[41,-69],[3,-44],[28,-26],[36,22],[59,0],[139,-18],[57,28],[58,10],[3,-27],[81,14],[0,40],[20,44],[77,25],[46,37],[121,-3],[74,-34],[108,18],[50,73],[-51,27],[-115,38],[-37,22],[-115,28],[-24,40],[72,47],[55,93],[0,40],[60,71],[21,9],[75,-10],[114,45],[108,53],[79,-12],[62,23],[80,17],[106,141],[51,11],[20,32],[57,-6],[56,21],[3,20],[53,22],[43,39],[5,48],[43,21],[43,72],[-33,52],[-2,44],[29,9],[22,44],[-49,41],[33,165],[-82,109],[-73,27],[-3,56],[113,77],[31,52],[-19,71],[61,83],[48,112],[-2,57],[31,104],[24,38],[-20,47],[-67,70],[3,44],[57,44],[19,57],[38,39],[83,-2],[89,-82],[59,2],[67,73],[63,0],[81,-15],[71,-33],[23,-55],[-35,-60],[60,6],[14,-24],[70,-40],[49,-15],[138,-17],[100,-63],[136,-39],[45,47],[10,44],[44,37],[46,20],[42,-78],[64,-52],[80,51],[42,13],[74,-1],[173,88],[63,24],[43,51],[218,93],[60,-17],[62,10],[53,43],[-7,34],[52,68],[66,26],[8,28],[54,44],[76,17],[89,103],[-9,48],[36,37],[14,37],[63,22],[20,20],[108,33],[36,-5],[22,39],[18,77],[66,50],[59,23],[-15,67],[31,21],[-5,27],[39,20],[34,45],[-26,82],[37,100],[-26,60],[17,31]],[[45503,41679],[116,36],[60,56],[120,81],[23,39],[-6,32],[68,70],[77,17],[119,81],[-3,65],[49,-18],[13,77],[81,71],[134,7],[74,-37],[-60,-71],[63,-31],[46,-61],[58,-33],[33,-39],[62,-5],[51,78],[110,13],[113,-49],[51,-2],[36,75],[161,41],[122,-2],[12,-134],[37,-46],[145,-25],[36,-70],[-1,-37],[68,10],[-22,-88],[-36,-72],[66,-70],[42,-23],[55,14],[80,2],[36,-19],[53,20],[36,-47],[89,-63],[75,21],[110,-79],[31,-5],[45,-38],[57,-13],[106,-42],[25,24],[98,-19],[81,3],[11,24],[46,-4],[26,-41],[-3,-51],[38,-30],[57,-22],[-45,-125],[-12,-95],[47,-6],[12,-24],[72,-13],[45,-78],[48,-16],[44,-118],[32,-23],[39,-70],[75,7],[23,17],[55,-23],[-97,-22],[-24,-30],[6,-39],[85,9],[5,-33],[147,6],[4,-44],[109,-9],[18,-40],[-49,-13],[10,-40],[-66,-17],[-5,-51],[-47,-48],[-67,-17],[6,-74],[21,-2],[14,-58],[39,2],[35,-60],[22,42],[195,-42],[61,7],[41,-22],[154,38],[1,73],[125,24],[41,-20],[25,-65],[-24,-16],[41,-94],[27,-2],[-12,-58],[57,-92],[37,20],[70,-65],[75,7],[75,29],[36,-84],[42,9],[7,-55],[-99,-27],[53,-59],[17,-44],[72,34],[46,-58],[29,11],[13,50],[59,24],[2,-79],[15,-30],[47,37],[57,7],[32,48],[2,38],[47,47],[34,11],[34,-42],[78,23],[98,-86],[16,-40],[-48,-44],[-8,-25],[28,-61],[67,-72],[36,-24],[45,11],[96,-16],[74,-34],[21,-21],[59,19],[77,-15],[51,13],[-14,-52],[-40,-95],[-2,-36],[-34,-29],[26,-50],[-26,-25],[10,-62],[34,2],[98,-169],[-38,-44],[-47,-12],[5,-100],[-52,-44],[-6,-58],[-18,-21],[27,-29],[98,21],[-2,-43],[-23,-12],[-26,-55],[78,-46],[15,-74],[54,-54],[-119,-63],[33,-39],[44,-89],[-3,-24],[53,-105],[121,-5],[63,-13],[95,7],[54,38],[51,11],[127,46],[36,-52],[-52,-38],[68,-27],[100,1],[22,21],[62,5],[67,29],[-12,-46],[22,-42],[35,-27],[53,-66],[47,9],[29,-25],[68,-4],[40,-19],[44,-51],[84,16],[7,22],[68,63],[-27,121],[7,105],[-26,6],[8,76],[-17,54],[39,51],[-36,35],[62,55],[101,-19],[74,-33],[-23,-52],[40,-16],[101,-5],[115,-17],[77,40],[40,38],[44,21],[-28,36],[87,-3],[34,-11],[83,16],[68,-91],[6,-54],[81,-6],[101,-28],[130,25],[21,41],[74,6],[33,24],[27,70],[20,15],[-18,105],[10,64],[-64,60],[11,72],[-45,6],[-69,-32],[-38,7],[-26,36],[-41,20],[-70,-10],[-100,32],[-74,1],[-24,69],[29,45],[-20,43],[-60,10],[-31,34],[-79,-19],[-41,14],[-85,-4],[-51,-26],[-27,34],[-62,39],[-33,70],[-77,35],[-18,38],[-70,48],[-27,34],[-54,-22],[-105,57],[-60,-8],[-70,41],[-11,55],[20,33],[-13,64],[50,2],[93,64],[-12,38],[-1,75],[-73,33],[-65,-41],[-15,35],[-5,72],[60,11],[-7,55],[-22,49],[137,-14],[51,9],[67,-5],[117,-63],[56,3],[65,54],[26,94],[119,29],[31,37],[42,77],[53,56],[52,-38],[81,-13],[22,-21],[51,-6],[136,88],[35,-14],[55,56],[59,43],[72,-20],[140,-8],[11,-26],[119,-9],[49,20],[16,64],[54,33],[38,-4],[19,-42],[101,-8],[-26,-53],[18,-8],[55,-93],[64,28],[16,25],[115,31],[27,-24],[49,35],[179,57],[52,-7],[59,-59],[76,-49],[4,-32],[102,-73],[40,4],[-7,-47],[-66,-45],[68,-33],[69,-50],[43,-47],[101,-84],[36,-57],[78,22],[38,-30],[34,67],[-19,25],[-40,-5],[-14,122],[7,32],[49,4],[40,-19],[70,11],[107,-51],[41,12],[26,-20],[47,5],[88,-15],[-51,-60],[44,-14],[-37,-33],[49,-80],[47,18],[20,-25],[57,28],[121,31],[52,-1],[83,34],[20,23],[76,-19],[30,59],[38,32],[32,85],[78,1],[34,20],[170,-10],[40,-96],[-29,-70],[-28,-16],[38,-48],[45,2],[39,83],[73,-4],[62,-34],[-17,-36],[56,-53],[42,-57],[20,-2],[67,-83],[67,-53],[1,-54],[-80,-65],[-95,-26],[-91,-64],[-34,-77],[0,-54],[15,-48],[49,-5],[29,-63],[32,-19],[-18,-54],[47,-54],[113,36],[44,-21],[57,-49],[69,16],[60,-32],[69,-2],[-29,-55],[-41,-6],[-36,-63],[17,-18],[75,7],[52,-11],[30,21],[17,80],[-18,30],[11,39],[32,27],[7,37],[37,53],[137,-81],[62,-18],[12,-34],[37,-10],[41,-44],[123,-26],[25,-38],[102,-48],[55,5],[18,42],[63,34],[-25,120],[30,36],[-12,38],[-79,44],[41,75],[53,10],[59,33],[48,60],[-40,31],[-29,43],[-20,65],[-56,42],[-5,22],[65,29],[-15,51],[15,79],[-13,31],[172,-25],[-118,206],[-23,19],[79,22],[79,10],[61,55],[-56,95],[19,48],[-27,21],[-25,101],[-42,58],[-53,24],[-33,-3],[3,55],[23,24],[43,5],[-59,49],[-39,2],[-39,32],[34,34],[35,125],[48,86],[-21,39],[-2,69],[11,72],[-49,125],[-69,18],[-28,26],[-79,33],[-1,22],[86,74],[-27,88],[-74,82],[-6,26],[29,87],[41,29],[63,15],[67,-14],[33,-21],[64,46],[62,8],[82,26],[53,-13],[11,-54],[112,63],[38,53],[149,-2],[47,28],[19,92],[-24,19],[4,36],[-22,36],[3,40],[44,22],[54,-10],[141,9],[41,18],[-10,55],[-33,34],[38,38],[107,-16],[100,14],[46,24],[105,-30],[53,-53],[52,-13],[44,62],[55,-42],[125,-22],[164,4],[91,-97],[20,-56],[66,-39],[-6,-43],[-47,-69],[-90,2],[-61,15],[-27,-33],[31,-25],[-11,-34],[39,-33],[-79,-31],[24,-30],[5,-58],[-55,-86],[28,-32],[43,-17],[14,-40],[-43,-86],[-5,-81],[19,-58],[94,-41],[123,-20],[57,-57],[60,-41],[-20,-62],[100,26],[50,51],[127,-6],[3,24],[71,-25],[13,-29],[-25,-50],[12,-29],[65,-68],[6,-27],[-40,-70],[-60,-48],[-2,-69],[121,-57],[62,35],[81,2],[31,-41],[143,-11],[-4,-79],[23,-111],[-9,-84],[78,22],[36,39],[52,27],[131,41],[59,-22],[82,19],[53,39],[29,110],[35,43],[40,13],[76,-14],[90,40],[45,8],[131,-59],[44,-51],[32,-16],[65,-58],[72,-18],[20,21],[52,-4],[177,48],[148,7],[128,23],[66,-3],[38,-18],[59,31],[75,17],[21,41],[53,35],[66,20],[38,-29],[7,-43],[56,18],[76,3],[52,20],[108,96],[64,20],[9,-25],[112,-39],[53,-6],[22,25],[-127,79],[16,33],[51,-4],[77,-20],[64,-29],[36,5],[3,36],[54,47],[45,-28],[58,-14],[24,29],[51,8],[40,-44],[34,-13],[39,-54],[127,-114],[89,49],[18,-63],[-63,-31],[-28,-29],[1,-41],[50,-26],[92,66],[46,8],[156,74],[36,7],[41,-30],[90,17],[32,59],[55,21],[78,88],[49,27],[74,-4],[152,21],[-4,32],[93,52],[54,13]],[[65970,40502],[70,-17],[44,-29],[54,32],[49,-68],[70,-27],[-28,-42],[116,-97],[-57,-57],[-6,-52],[16,-28],[86,29],[33,-21],[47,58],[49,-35],[14,-48],[47,-37],[38,10],[27,-45],[9,-69],[-31,-32],[16,-27],[50,-32],[-63,-76],[59,-38],[5,-23],[-55,-16],[31,-87],[-71,-57],[68,-31],[64,10],[96,44],[15,-20],[-23,-49],[24,-28],[60,-9],[84,6],[48,-50],[61,-38],[65,20],[35,-21],[-15,-36],[29,-83],[106,12],[-51,62],[19,10],[82,-70],[59,-3],[22,-36],[35,50],[47,-15],[31,28],[57,-24],[15,-25],[98,-30],[29,42],[60,32],[48,-48],[18,-48],[43,-27],[31,-64]],[[67949,39132],[44,-41],[70,-10],[91,-45],[69,-44],[-70,-99],[31,-58],[-1,-42],[29,-28],[119,-77],[-3,-26],[47,-50],[-17,-30],[-127,-71],[-120,-20],[-63,-21],[-44,-33],[-75,-20],[31,-45],[7,-40],[-50,-29],[-78,-14],[23,-41],[53,-36],[94,4],[22,-45],[6,-68],[29,-2],[94,-32],[74,-36],[91,-7],[44,-15],[29,39],[59,26],[47,-19],[-68,-51],[100,-22],[41,-28],[24,-85],[37,-26],[-69,-44],[45,-33],[151,13],[17,-67],[25,-26],[46,-7],[23,-26],[-34,-47],[80,18],[16,-40],[-29,-28],[69,-56],[65,-30],[10,-55],[49,-117],[18,-16],[3,-70],[81,-6],[-52,-121],[-117,-81],[31,-26],[-51,-85],[-38,-10],[-7,-69],[32,-27],[-11,-39],[5,-132],[57,-82],[-28,-53],[20,-42],[58,-26],[24,-52],[99,0],[33,19],[92,-29],[-24,-53],[41,-39],[68,18],[83,9],[14,-55],[78,-28],[10,-47],[99,-63],[36,-40],[95,-25],[-155,-151],[-15,-48],[21,-37],[63,35],[55,6],[65,-48],[51,-14],[99,9],[74,20],[65,-28],[65,-13],[37,-38],[44,-2],[8,-46],[-38,-35],[74,-62],[33,-56],[-1,-50],[38,-10],[52,34],[43,65],[110,-46],[18,-56],[62,-42],[39,-52],[42,0],[54,-67],[1,-26],[90,23],[42,-66],[76,-20],[109,15],[33,17],[35,-14],[-16,-34],[-36,-21],[85,-55],[102,-12],[66,-40],[34,-6],[75,23],[7,-29],[36,-19],[0,-66],[-73,-13],[-32,-20],[64,-33],[1,-54],[91,33],[85,43],[63,17],[5,24],[73,17],[74,-26],[41,-81],[49,-39],[9,-35],[108,3],[38,10],[53,-79],[52,-46],[-62,-29],[1,-43],[-34,-57],[-2,-43],[-101,-4],[-58,-47],[-15,-35],[-46,-37],[1,-52],[54,-91],[32,-29],[174,17],[-15,-48],[60,-11],[65,-39],[84,-23],[90,4],[159,-37],[38,-2],[66,-29],[34,-29],[15,-92],[24,-50],[-8,-85],[-59,-89],[-56,-58],[-49,-5],[-53,-35],[-96,-81],[-30,-63],[-4,-109],[-45,-82],[-43,-46],[-139,-19],[-5,-70],[18,-54],[-12,-124],[-86,26],[-39,25],[-42,2],[-75,-57],[-31,-47],[6,-50],[30,-59],[-19,-41],[5,-34],[-18,-54],[-70,-27],[-29,-35],[28,-56],[39,-43],[3,-38],[-53,-38],[7,-32],[50,-26],[36,-2],[-3,-42],[-76,-42],[-474,-207],[-175,-79],[-47,-15],[-29,-80],[2,-24],[56,-78],[-16,-27],[22,-80],[68,-49],[-1,-36],[143,-30],[34,-79],[2,-44],[47,-37],[-5,-27],[81,-130],[58,-43],[79,-16],[50,11],[61,-33],[195,-57],[49,-46],[-2,-46],[72,-24],[92,6],[44,-14],[83,13],[24,18],[82,-14],[16,-134],[28,-33],[45,-96],[-20,-29],[-60,-45],[9,-55],[28,-19],[-27,-45],[-51,-44],[-9,-55],[71,-14],[48,-49],[-67,-62],[6,-64],[21,-21],[101,-11],[-15,-31],[-66,-21],[13,-52],[87,-1],[107,41],[114,-8],[46,-13],[-34,-43],[-4,-44],[53,-38],[19,-52],[5,-124],[140,-127],[-32,-69],[-7,-78],[-24,-82],[31,-48],[0,-68],[68,-49],[15,-50],[66,-81],[79,-50],[-71,-39],[144,-77],[112,-28],[29,-25],[45,12],[21,-35],[86,5],[39,64],[62,-10],[69,-105],[-22,-91],[17,-65],[-35,-89],[-7,-63],[42,-55],[2,-133],[-59,-18],[-52,-87],[37,-5],[51,-77],[73,-19],[103,-229],[-26,-25],[28,-104],[-25,-76],[65,-21],[189,-85],[322,-21],[53,-63],[12,-74],[199,-52],[269,-195],[38,-157],[-33,-94],[112,-127],[96,-18],[56,-60],[-40,-52],[2,-91],[106,-43],[152,-41],[43,6],[68,-12],[65,3],[200,-8],[65,22],[4,36],[50,-11],[12,-32],[49,-48],[39,15],[103,-36],[112,-53],[27,8],[83,-9],[22,10],[-39,92],[-49,47],[-7,85],[93,5],[81,-25],[48,9],[65,-15],[83,-48],[62,-17],[100,18],[106,-34],[46,26],[76,-17],[92,-80],[60,6],[95,-41],[42,-53],[130,-75],[26,-56],[151,-109],[9,-49],[55,-25],[203,-13],[18,-170],[-2,-45],[-54,-111],[90,-193],[100,14],[44,-17],[31,16],[64,-15],[27,-45],[-14,-28],[9,-62],[39,-41],[69,-5],[17,-33],[36,-7],[89,12],[68,-91],[20,-73],[-4,-46],[-27,-22],[87,-56],[79,-17],[55,-34],[74,-24],[17,-57],[-19,-70],[-18,-14],[-14,-64],[80,-53],[67,-25],[64,-4],[88,-80],[43,-9],[100,-107],[94,-60],[30,-29],[91,-9],[42,-46],[30,-79],[-29,-91],[-14,-101],[-28,-67],[34,-24],[102,-99],[94,-52],[155,-106],[31,-6],[303,-104],[226,56],[101,12],[109,21],[66,0],[74,-24],[256,-182],[48,-5],[28,-30],[56,-23],[33,-49],[88,-31],[43,-45],[45,-16],[27,-42],[-3,-37],[22,-22],[67,-28],[40,-66],[66,-60],[66,-17],[50,-71],[13,-49],[33,-19],[65,-9],[15,-43],[66,18],[53,-42],[2,-80],[-49,-24],[-3,-29],[77,-47],[37,-135],[31,-37],[-44,-35],[-17,-60],[24,-69],[64,-46],[10,-54],[-77,-113],[7,-89],[160,-100],[77,-29],[17,-61],[82,-11],[102,-75],[66,-7],[14,-16],[107,-23],[27,-42],[73,-59],[90,-16],[65,-24],[9,-40],[122,-87],[138,10],[0,112],[-19,56],[-8,69],[20,63],[-6,46],[96,-4],[145,68],[84,-8],[72,-67],[49,-17],[36,9],[63,-7],[67,44],[64,-49],[40,-8],[34,52],[46,8],[58,-28],[40,-58],[35,-24],[0,-34],[-30,-36],[13,-51],[68,-76],[46,-24],[46,-42],[37,31],[58,7],[39,37],[40,17],[79,5],[23,-32],[-72,-56],[-20,-43],[96,-108],[17,0],[58,-63],[1,-85],[38,-29],[148,-300],[55,13],[53,-17],[49,-37],[-18,-34],[40,-97],[51,-17],[90,13],[50,-18],[72,29],[75,14],[146,-45],[53,13],[70,48],[35,53],[80,-31],[-7,-64],[71,-51],[44,-85],[31,-30],[-14,-75],[9,-34],[52,-45],[36,-100],[80,-123],[-11,-35],[61,-43],[41,-10],[55,24],[83,-22],[40,3],[22,-35],[-47,-33],[47,-26],[65,-80],[-27,-31],[213,-232],[-35,-52],[-26,-95],[-20,-30],[-43,-25],[53,-34],[48,-58],[195,-41],[90,-1],[-1,-61],[-34,-43],[-143,-77],[-22,-35],[11,-46],[-16,-134],[-29,-51],[16,-43],[-18,-22],[-75,-22],[-41,-62],[-37,-36],[-24,-57],[-69,-23],[86,-91],[77,13],[30,-33],[-17,-49],[56,-18],[38,-26],[64,15],[102,-5],[-7,-91],[-19,-16],[-76,7],[-28,23],[-86,-3],[-20,-45],[9,-58],[-13,-30],[37,-22],[3,-41],[26,-43],[1,-82],[-19,-29],[-2,-103],[-28,-73],[-3,-48],[47,-53],[48,-30],[-14,-59],[45,-30],[-6,-39],[13,-67],[-35,-29],[20,-48],[-1,-47],[-28,-46],[-32,-13],[-41,14],[-71,-115],[-14,-74],[-73,-31],[3,-63],[31,-21],[28,-77],[-72,-146],[-110,-19],[-27,-43],[-74,-43],[-2,-30],[-83,-64],[-32,-54],[-28,6],[-23,60],[-60,86],[-67,-22],[-44,-87],[-25,-13],[-12,-45],[41,3],[48,-19],[-50,-43],[-47,-19],[-24,-30],[14,-47],[38,-10],[4,-93],[-36,-52],[-57,-22],[-58,-7],[-20,-53],[-27,-10],[14,-64],[-50,-41],[-226,55],[-31,16],[-80,70],[-121,61],[-144,36],[-102,43],[-26,30],[-37,92],[-26,44],[-51,32],[-107,29],[-96,5],[-60,13],[-132,79],[-67,69],[-88,50],[-84,-2],[-46,-31],[-43,-72],[-59,-21],[-135,38],[-74,56],[-47,25],[-136,88],[-126,124],[-64,39],[-77,25],[-95,3],[-41,-36],[-39,-88],[37,-22],[20,-36],[-32,-50],[-87,-40],[-47,-66],[-74,-35],[-65,40],[-47,-29],[20,-44],[-11,-37],[-73,-26],[-55,-1],[-84,53],[-5,36],[-59,39],[-126,-74],[-20,-51],[25,-81],[50,-63],[56,-43],[18,-64],[-59,-66],[17,-81],[111,-115],[11,-49],[-47,-64],[-64,-129],[-5,-41],[-125,-261],[-46,-72],[-41,-96],[-7,-45],[24,-67],[68,-81],[28,-46],[22,-78],[-19,-65],[-164,-283],[-38,-109],[-13,-146],[-10,-42],[-58,-106],[-70,-59],[-61,-30],[-353,-197],[-70,-61],[-91,-105],[-43,-41],[-171,-144],[-92,-65],[-693,-332],[-68,-22],[-59,-5],[-636,34],[-157,-16],[-99,-30],[-328,-140],[-69,-25],[-157,-24],[-299,13],[-125,-23],[-65,-31],[-104,-72],[-113,-49],[-171,-38],[-132,-39],[-87,-41],[-70,-67],[-74,-118],[-72,-67],[-209,-166],[-72,-67],[-97,-76],[-66,-33],[-123,-33],[-177,2],[-165,-9],[-106,-20],[-281,-19],[-75,-16],[-36,-20],[-36,-45],[-21,-109],[-47,-78],[-65,-69],[-48,-121],[-40,-21],[-51,5],[-46,-29],[-4,-60],[-17,-35],[-75,-52],[-116,-5],[-53,-10],[-88,-39],[-55,-48],[3,-71],[-118,-195],[-53,-9],[-97,59],[-103,14],[-60,-29],[9,-85],[-15,-29],[-84,-78],[-11,-49],[38,-251],[40,-111],[37,-58],[92,-96],[98,-74],[333,-237],[270,-184],[79,-61],[100,-92],[47,-53],[44,-71],[29,-124],[33,-101],[45,-188],[36,-104],[32,-39],[98,-55],[63,-14],[193,-13],[81,-15],[50,-25],[33,-37],[-17,-121],[31,-38],[66,-6],[60,17],[15,41],[39,-7],[1,-54],[28,-104],[55,-112],[63,-86],[118,-128],[40,-62],[152,-288],[83,-118],[138,-179],[26,-58],[8,-71],[-51,-77],[-133,-105],[-57,-75],[-48,-105],[-86,-133],[-60,-80],[-69,-63],[-75,-57],[-41,-56],[-60,-3],[-34,-38],[17,-51],[-18,-20],[-62,-22],[-49,-59],[71,-13],[83,10],[26,-82],[-44,-61],[-56,-17],[25,-24],[-21,-36],[3,-61],[-56,-46],[-107,-18],[-41,-29],[-15,-34],[-39,-29],[-10,-50],[-76,-76],[5,-45],[38,-18],[52,-66],[106,-44],[23,-42],[86,-11],[66,25],[84,8],[69,-43],[39,-12],[62,21],[40,-19],[81,-12],[148,5],[85,72],[77,2],[41,46],[-11,18],[39,52],[113,5],[44,-21],[66,-65],[27,13],[138,-40],[61,-41],[-17,-19],[86,-72],[54,-83],[40,-17],[53,-50],[56,-2],[63,-68],[-6,-58],[-22,-60],[-6,-100],[32,-90],[50,-26],[54,-91],[-14,-42],[40,-74],[55,-46],[18,-68],[-33,-95],[-142,-109],[-54,-64],[-64,-50],[-22,-73],[-74,-36],[10,-70],[45,-57],[34,-10],[8,-40],[-27,-29],[-61,5],[-102,-14],[-119,-25],[17,-53],[-38,-32],[12,-39],[38,-37],[1,-28],[38,-53],[74,-36],[-10,-57],[-83,-73],[-35,-16],[2,-33],[-145,-157],[-5,-47],[69,-58],[50,-14],[45,-31],[11,-33],[-43,-19],[1,-46],[36,-17],[-5,-151],[17,-35],[-1,-53],[-22,-21],[19,-34],[-61,-43],[-64,4],[-37,-28],[-63,-2],[-4,-41],[-48,-75],[-28,-3],[-52,-89],[-50,-28],[-42,-56],[-57,-1],[-40,73],[-43,27],[13,88],[-58,-12],[-41,50],[-83,19],[-38,-27],[-25,-60],[6,-27],[-97,15],[-131,55],[-208,111],[-85,30],[-144,72],[-32,11],[-245,197],[-20,58],[7,22],[-51,43],[-118,25],[-54,19],[-20,34],[-61,-13],[-28,36],[-49,38],[-5,74],[-23,97],[-54,11],[-78,-26],[-73,-4],[-66,15],[-54,-11],[-111,41],[-40,23],[-49,55],[-53,32],[-41,108],[-70,49],[-39,93],[-6,44],[14,38],[58,70],[70,38],[23,30],[-42,55],[32,51],[54,47],[38,4],[15,37],[33,24],[66,22],[103,-29],[20,31],[-152,118],[-123,61],[-108,94],[-48,-14],[-48,6],[-95,79],[-15,29],[-54,39],[-6,35],[-66,51],[-3,29],[44,32],[53,-3],[117,70],[-5,26],[43,51],[23,61],[-31,33],[-86,-102],[-107,10],[-68,-51],[-14,43],[-50,41],[-8,27],[-64,52],[-58,5],[-82,44],[-113,-21],[-69,-21],[-59,24],[-51,38],[-49,-19],[-51,33],[-122,-14],[-6,19],[-66,-2],[-77,-24],[-54,3],[-92,-55],[-30,-57],[-74,-22],[-11,29],[-42,8],[-49,-29],[-73,59],[-32,5],[-134,-45],[-88,17],[-62,-23],[-11,-43],[-56,-30],[-154,-241],[-21,-92],[-30,-76],[-33,-27],[-422,53],[-68,-42],[-197,-101],[-139,-4],[-93,128],[4,26],[-224,134],[-59,28],[-126,179],[-8,54],[-81,37],[-9,41],[-42,0],[-19,28],[27,153],[17,49],[-31,44],[-84,-11],[-35,24],[-120,-24],[-199,-31],[-209,-72],[-186,-32],[-74,85],[-59,21],[-65,4],[-77,-24],[-36,29],[31,55],[-166,-32],[-336,-60],[-75,4],[-82,-29],[-72,-51],[-37,-43],[-48,-31],[-87,14],[-24,58],[-78,46],[-51,86],[62,215],[39,35],[75,95],[83,148],[-20,57],[-67,78],[-80,-20],[-106,-115],[-144,-183],[-160,-91],[-66,-9],[-25,-39],[-64,17],[-126,-69],[-25,-39],[-232,10],[23,-142],[24,-81],[50,-92],[92,-81],[34,-46],[17,-84],[154,-240],[41,-142],[14,-97],[45,-103],[0,-48],[-23,-39],[-62,-28],[-138,-13],[-74,-28],[-6,72],[14,27],[-26,51],[-86,1],[-103,-19],[-78,-41],[-51,-11],[-110,-46],[-104,12],[-13,-8],[-103,57],[-48,17],[-61,4],[-133,-23],[-164,-2],[-46,48],[-77,15],[-61,27],[-13,25],[-109,-44],[-48,-5],[-41,18],[-97,16],[-63,-36],[-20,-40],[-79,-6],[-32,9],[-26,67],[-46,78],[-46,26],[-24,-22],[-75,-25],[-104,-10],[-99,-25],[-42,-50],[-96,29],[-159,-15],[-223,-41],[-212,13],[-72,-50],[-47,-20],[-80,9],[-36,-17],[-295,-74],[-60,-10],[-50,15],[-83,-258],[-33,-13],[-51,12],[-112,-1],[-10,41],[-125,-12],[-68,13],[-226,30],[-98,44],[-125,-22],[-25,10],[-113,-20],[-39,7],[-90,-19],[-244,19],[-202,-1],[-72,-6],[-177,-62],[-36,17],[-84,2],[-69,-22],[-63,6],[-58,39],[-39,41],[-64,-13],[-24,55],[-44,9],[-46,-23],[-22,-92],[36,-55],[-41,-10],[-82,51],[-45,-1],[-33,-40],[-36,-15],[-49,12],[-32,-12],[-32,-90],[-12,-58],[-41,-58],[-74,-52],[-36,-66],[26,-41],[-41,-75],[20,-84],[4,-175],[-87,-57],[-29,-10],[-19,-43],[-34,-30],[-39,-12],[-73,5],[-101,-22],[-28,7],[-61,-13],[-52,-29],[-154,-2],[-82,20],[-63,-59],[-76,-21],[-30,23],[-86,12],[-39,-10],[-41,30],[-70,4],[-72,-9],[-221,1],[-51,-20],[-20,43],[-52,52],[-14,40],[-95,-52],[-31,-35],[-92,-61],[-12,-31],[-43,-19],[-86,-108],[-15,-40],[-96,-55],[-40,-54],[-35,4],[-70,-80],[-16,-52],[69,-69],[65,-7],[28,12],[95,-7],[31,-44],[35,-112],[87,-126],[-65,29],[-94,-13],[-48,27],[-152,-21],[-38,28],[-103,6],[-49,-47],[-72,-9],[-76,52],[-81,-16],[-64,28],[-61,2],[-26,-15],[-65,-86],[8,-38],[-66,-24],[-40,5],[-41,-67],[-70,-28],[-128,6],[-18,-27],[-72,-17],[-9,-65],[33,-36],[-6,-48],[-28,-52],[-1,-54],[-56,-58],[-43,-28],[-88,-36],[-54,-4],[-55,23],[-37,-14],[-51,6],[-240,-14],[-48,-32],[-37,2],[-29,26],[16,52],[69,48],[29,77],[76,59],[6,50],[43,19],[100,92],[-38,53],[-119,0],[-141,-18],[-83,6],[-145,30],[-76,-80],[-202,-17],[-38,-28],[-77,-19],[-121,-12],[-83,-30],[-102,-63],[-94,-25],[-35,5],[-56,-58],[-23,-63],[26,-42],[-32,-28],[-65,-30],[-122,1],[-51,-17],[-56,20],[-35,-5],[-165,9],[-73,-8],[-86,13],[-28,-15],[-60,9],[-47,-27],[-57,8],[-71,24],[-44,-33],[-54,-5],[-46,44],[-70,-2],[-129,-35],[-102,8],[-41,23],[-42,-11],[-103,17],[-99,39],[-9,56],[16,52],[-26,44],[40,73],[87,11],[50,33],[-14,116],[-110,96],[-148,152],[-19,29],[-76,61],[-124,76],[-49,57],[-79,67],[9,17],[103,84],[-41,38],[-84,-6],[-183,42],[-103,-26],[-52,-5],[-48,-27],[-110,-23],[-75,15],[-37,19],[-17,76],[23,77],[-16,68],[69,48],[119,38],[37,22],[61,6],[99,38],[104,23],[37,59],[-31,25],[-102,-23],[-58,45],[-51,85],[-39,40],[-26,83],[-254,-19],[-53,-22],[-93,8],[-56,-56],[-108,-62],[-45,34],[-69,5],[-99,-28],[-64,2],[-21,-22],[14,-62],[-64,9],[-85,-5],[-37,13],[-94,-57],[-22,13],[-78,-49],[-54,21],[-96,53],[-17,43],[26,24],[-7,42],[-70,84],[-78,33],[-89,12],[-128,8],[-68,-16],[-65,6],[-81,65],[-67,11],[-64,-5],[-44,13],[-51,137],[-30,37],[-80,-34],[-37,45],[-178,4],[-91,-8],[-111,8],[-69,-5],[-102,26],[-1,24],[-76,51],[-61,-17],[-60,2],[-109,52],[-89,-129],[-100,-51],[-9,-42],[24,-53],[-94,-185],[-100,1],[-15,30],[-40,11],[-233,-6],[-144,-20],[-389,67],[-176,135],[-133,22],[-66,40]],[[50005,3665],[-169,-414],[35,-59],[-17,-68],[-54,-62],[0,-21],[-47,-44],[73,-170],[25,-11],[-1,-39],[52,-33],[69,22],[62,-40],[68,3],[3,-31],[49,-45],[-13,-46],[37,-64],[-26,-14],[-24,-46],[27,-63],[-18,-94],[37,-36],[5,-50],[31,-22],[-12,-31],[12,-50],[30,-58],[-52,-4],[-131,-48],[-29,-64],[-11,-52],[-97,-55],[-87,-16],[-32,-51],[21,-37],[-69,-62],[32,-24],[-38,-43],[-17,-73],[80,-133],[-60,41],[-123,10],[-42,-64],[-53,-23],[-148,-12],[-44,-30],[-50,-70],[4,-24],[-35,-73],[4,-68],[-59,-43],[-38,-7],[-73,-90],[-26,-8],[-37,-42],[-88,-57],[-2,-43],[-123,-182],[38,-27],[-26,-29],[-64,-13],[-13,-47],[-102,-74],[-58,-12],[-40,35],[-65,1],[-146,-102],[-64,17],[-26,-28],[-12,-44],[-82,-41],[-36,-46],[-138,9],[-28,-41],[-51,-10],[-18,-34],[-53,-9],[-139,-37],[-46,-78],[-63,-19],[-110,68],[-159,-7],[-69,21],[-95,-55],[-59,0],[-143,-30],[-17,50],[29,21],[-34,42],[41,39],[-12,85],[34,37],[10,53],[52,-18],[66,-6],[64,42],[40,5],[44,54],[50,28],[51,94],[38,-4],[-57,84],[5,19],[-95,67],[-31,31],[65,48],[22,59],[-36,23],[19,33],[64,66],[63,77],[-9,46],[84,63],[5,29],[43,29],[18,61],[42,29],[29,39],[-16,31],[-44,35],[51,42],[-101,90],[-96,-84],[-60,-25],[-45,31],[-61,-2],[-40,12],[-48,73],[-55,3],[-88,36],[11,-54],[-68,-37],[-80,7],[-5,-136],[9,-49],[-40,-33],[-175,-22],[-89,1],[-44,10],[-200,100],[-212,-269],[-112,299],[-72,201],[35,75],[-49,25],[-122,82],[34,83],[65,12],[67,-9],[89,31],[22,62],[57,57],[47,32],[-118,138],[-17,51],[1,57],[15,48],[-57,112],[-54,-21],[-43,-43],[-109,8],[-22,63],[-40,35],[-121,38],[-22,50],[34,50],[-102,134],[12,22],[-96,29],[-29,-3],[-74,-41],[-59,-17],[-83,4],[-48,-31],[-102,3],[-65,53],[-84,157],[88,56],[-64,36],[-58,68],[-25,-10],[-44,42],[-70,26],[-16,32],[-53,36],[25,50],[-3,67],[-28,29],[28,92],[-2,26],[33,24],[-27,38],[-51,-50],[-29,-11],[-10,-42],[47,-39],[-54,-7],[-163,31],[-32,15],[-44,-46],[-104,-46],[-74,-16],[-79,37],[-21,45],[-32,30],[-2,28],[-70,45],[-51,10],[-67,-12],[-103,52],[-17,-3],[-55,-57],[29,-20],[3,-33],[-19,-50],[-14,-79],[-126,55],[-55,5],[-53,77],[-55,29],[-39,-10],[-164,37],[-10,26],[-47,14],[-97,3],[14,72],[44,24],[53,60],[-3,36],[-28,39],[-25,65],[51,30],[19,90],[-27,12],[-11,80],[-53,19],[-52,-7],[-85,75],[-42,25],[-121,-30],[-79,14],[-41,-9],[-38,16],[-51,-77],[-38,-21],[-22,20],[-63,-76],[12,-23],[-64,-29],[5,-76],[-90,-32],[37,-46],[-47,-37],[-1,-38],[-42,-33],[41,-26],[-54,-20],[-21,-47],[-55,-61],[14,-152],[-60,-14],[-82,122],[-37,41],[-81,54],[-115,-11],[-16,17],[-95,-16],[-20,-43],[-93,-38],[-64,18],[19,29],[40,15],[18,51],[-36,56],[-76,12],[-63,-2],[-97,-15],[-68,12],[-83,50],[-17,44],[-109,35],[-57,47],[-71,-7],[-26,-26],[-113,49],[-10,53],[-21,23],[-32,79]],[[50005,3665],[69,80],[37,23],[33,52],[66,42],[-30,83],[28,23],[62,18],[33,49],[-102,4],[-37,28],[-75,-18],[-63,-37],[-211,19],[-44,-35],[-5,-34],[-32,-22],[45,-55],[-12,-14],[31,-52],[106,-5],[64,-163],[37,14]],[[82980,69389],[-48,-65],[37,-23],[100,36],[-31,-147],[60,-57],[159,-70],[80,-47],[66,24],[47,-26],[-12,-83],[-47,-120],[-130,-49],[-5,-80],[-23,-10],[-51,-104],[-20,-72],[25,1],[100,-167],[155,9],[53,-8],[216,-56],[139,-78],[84,-103],[34,-11],[53,11],[27,-35],[38,-2],[20,-42],[11,-99],[30,-42],[2,-54],[-21,-51],[365,-71],[180,-17],[-37,-44],[-57,-6],[-9,-97],[60,8],[278,-12],[18,-52],[-158,-83],[-117,-96],[-43,-71],[-51,-143],[66,-14],[-172,-170],[-16,-66],[31,-11],[-53,-54],[61,7],[92,-36],[3,68],[33,-2],[66,29],[62,47],[83,-9],[73,-24],[56,-36],[76,1],[128,-61],[42,-41],[45,-14],[110,-12],[17,-117],[66,-10],[13,45],[-17,83],[-46,34],[16,16],[133,-76],[32,-1],[45,-72],[93,-76],[62,2],[45,-23],[156,-18],[9,-57],[54,-7],[-15,-49],[21,-32],[-80,10],[21,58],[-40,-2],[-70,-43],[-11,-53],[-33,-23],[22,-32],[-7,-36],[-38,0],[-72,-79],[-20,-43],[8,-31],[43,-54],[50,-44],[-39,-17],[-7,-52],[-39,-26],[-83,-17],[-75,12],[-82,-53],[-35,-5],[-36,-39],[-55,-23],[-67,-56],[-16,-32],[56,-30],[55,-76],[-91,-95],[-31,-8],[-82,29],[-106,-34],[-55,-68],[-6,-38],[-38,-44],[-59,-44],[-12,-48],[-53,-66],[7,-41],[-36,-16],[-63,23],[-51,49],[5,201],[29,43],[53,31],[10,63],[-56,10],[18,83],[-108,-15],[-60,71],[-238,-79],[2,52],[-38,45],[-82,47],[-27,94],[-57,-23],[-247,-53],[-319,10],[-6,57],[36,93],[-110,-30],[-74,40],[-69,-1],[-229,-36],[-155,-34],[-26,91],[-100,210],[-66,16],[-333,-104],[-142,-34],[-3,-35],[100,-261],[-72,-136],[-354,22],[-14,136],[-183,-1],[18,69],[-141,59],[-176,118],[2,51],[-173,-79],[-144,-60],[-24,-21],[-164,190],[-8,32],[-196,-128],[-56,-21],[-74,-2],[-64,21],[-60,2],[-55,-19],[-8,83],[-36,120],[-223,-9],[-33,3],[-187,-57],[-104,-10],[-395,-157],[-16,-84],[147,18],[2,-25],[-62,-20],[-76,-4],[-141,19],[-36,15],[-113,-92],[-56,-2],[4,30],[54,-2],[62,51],[-52,52],[-68,-37],[-25,4],[-80,67],[-57,23],[-42,43],[46,36],[-12,40],[-156,-9],[1,-40],[-73,32],[-25,100],[78,28],[45,45],[65,-1],[76,51],[-6,40],[122,90],[-46,60],[-40,22],[-66,63],[29,45],[7,65],[-18,17],[-1,71],[32,29],[41,73],[3,64],[82,16],[247,228],[202,156],[-208,91],[-48,31],[-176,-27],[-103,-7],[25,180],[38,74],[21,90],[60,161],[62,-46],[82,-9],[36,35],[-13,68],[21,65],[55,98],[1,71],[-37,64],[-107,-35],[-84,-11],[-34,100],[50,-6],[167,57],[90,79],[78,17],[104,-46],[110,-23],[90,-46],[83,-14],[74,-27],[8,22],[109,-13],[17,42],[-12,32],[-99,69],[-72,75],[-1,33],[53,26],[90,135],[20,7],[41,104],[105,-11],[144,10],[32,-11],[118,6],[76,-10],[10,96],[-33,81],[67,-12],[154,19],[11,146],[-22,1],[15,103],[128,-20],[141,1],[27,-25],[-105,-50],[86,-122],[-4,-81],[-52,-12],[48,-52],[9,-38],[52,-17],[172,-38],[83,-35],[157,26],[16,-17],[60,-2],[100,35],[97,43],[-17,28],[95,62],[61,17],[17,59],[35,50],[55,27],[92,-75],[64,15],[46,-49],[79,-53],[44,26],[59,4],[4,81],[63,14],[11,48],[64,14],[84,-2],[58,-25],[149,77],[4,33],[-126,11],[-78,51],[-47,16],[94,80],[71,-23],[103,100],[50,-4]],[[78305,56203],[285,129],[275,117],[214,100],[60,23],[294,133],[86,65],[-18,95],[-33,52],[-36,87],[24,26],[55,12],[38,-39],[53,-24],[9,50],[-59,72],[35,14],[36,-21],[48,0],[116,-18],[-30,55],[-48,138],[-55,46],[-66,14],[-51,84],[-37,-26],[-58,21],[-15,35],[47,87],[48,-6],[6,57],[-30,-2],[-116,57],[40,60],[-66,35],[46,46],[64,35],[37,47],[5,87],[79,-8],[15,55],[-132,18],[52,59],[-46,59],[49,56],[-102,166],[-53,23],[11,34],[-42,24],[-42,-8],[-32,52],[37,21],[-34,30],[-3,31],[-39,35],[-66,125],[-23,27],[-42,115],[-1,42],[117,-4],[182,27],[6,60],[-20,103],[-80,3],[-10,47],[-26,42],[-76,1],[4,37],[-145,5],[-1,-81],[-59,-21],[-71,6],[-118,-32],[-122,15],[-49,-84],[-55,17],[-152,0],[-133,18],[-110,9],[-106,98],[-4,32],[89,-10],[23,28],[-20,108],[119,13],[-34,111],[-121,7],[-125,28],[-11,-82],[-47,45],[-83,31],[-259,17],[-79,-16],[-67,-26],[42,244],[-61,19],[-163,17],[19,33],[31,124],[-143,6],[-123,24],[-6,-14],[-188,42],[-10,-86],[-233,-55],[-62,0],[-24,82],[-154,-11],[-124,12],[-109,2],[-5,27],[0,159],[-22,118],[-54,51],[-12,65],[-95,-9],[-117,-31],[-21,-13],[-126,-14],[-187,-3],[-197,36],[6,147],[-33,27],[-85,12],[-70,33],[-42,54],[-131,34],[-70,3],[-61,-11],[-202,105],[-10,42],[-129,36],[-192,9],[-74,46],[-33,63],[-113,20],[-88,-14],[-61,-51],[-39,-134],[-3,-45],[-144,-11],[-100,-21],[-87,-2],[14,-78],[-6,-43],[-132,-16],[-231,25],[-463,24],[16,42],[-25,100],[-35,66],[11,23],[-156,31],[-188,27],[-65,20],[-165,132],[-33,181],[-62,12],[-155,6],[-32,-62],[-34,-25],[-31,-53],[-20,-98],[-168,13],[-85,32],[-30,26],[-22,47],[-54,27],[-85,20],[-91,74],[-29,11],[-94,101],[-281,38],[-44,0],[-28,24],[-100,140],[-163,87],[-44,46],[-68,143],[-26,34],[-17,86],[-49,40],[-155,38],[-86,67],[-59,20],[-117,21],[-11,37],[-34,33],[-20,56],[-15,121],[-37,52],[-24,63],[-171,62],[-54,47],[-17,40],[-64,103],[-41,33],[29,100],[-147,50],[-41,44],[15,41],[114,163],[35,-24],[63,-8],[43,-19],[74,28],[-32,31],[-32,57],[-2,65],[95,63],[29,59],[-91,23],[40,56],[123,60],[104,-13],[99,21],[18,26],[92,82],[44,-18],[47,45],[-7,19],[-117,29],[-23,41],[-107,6],[-103,-18],[-31,32],[87,-2],[61,17],[-112,62],[-76,14],[38,38],[-103,21],[-81,9],[34,88],[75,85],[-37,29],[-3,108],[65,151],[70,121],[-6,17],[111,124],[14,41],[68,119],[42,55],[62,19],[42,75],[97,144],[58,60],[-14,24],[-99,54],[2,32],[-154,141],[14,47],[26,22],[143,19],[26,25],[29,70],[-127,43],[-24,55],[39,81],[59,30],[25,45],[-21,35],[13,51],[-32,53],[-51,-19],[-63,6],[-154,53],[-4,49],[102,42],[104,54],[8,35],[-53,57],[129,36],[18,13],[-5,55],[55,64],[-34,80],[16,19],[120,11],[4,62],[-21,42],[67,25],[46,32],[-4,81],[16,40],[46,54],[-36,10],[-48,-42],[-84,-9],[-77,64],[19,29],[-8,47],[78,58],[79,15],[38,-9],[31,51],[-20,16],[-70,-9],[-114,-63],[-45,8],[-96,60],[-39,-21],[-10,-29],[-101,0],[-23,-36],[-45,-29],[-76,4],[-16,80],[-82,23],[73,64],[-103,53],[-4,58],[-20,29],[14,71],[-25,27],[-108,0],[-29,36],[-85,24],[-52,-20],[9,-67],[-73,-51],[-17,-45],[40,-34],[-68,-81],[-38,-4],[-57,36],[-82,-60],[-59,-13],[-31,23],[-93,-9],[-39,-33],[-36,49],[-110,84],[-44,113],[71,48],[43,67],[91,46],[28,63],[-99,16],[-62,65],[-52,-12],[-42,-28],[-77,-18],[-39,-58],[-108,-4],[-13,96],[64,47],[35,66],[46,116],[-2,22],[49,81],[168,120],[49,40],[-47,17],[-37,74],[1,223],[34,88],[-68,16],[-1,45],[39,66],[-51,5],[2,56],[29,62],[163,-58],[135,-33],[46,-2],[64,69],[202,51],[32,22],[1,130],[62,14],[11,66],[-29,31],[-27,65],[33,11],[-19,67],[45,36],[-37,24],[52,19],[0,76],[-39,68],[-10,49],[-79,20],[-8,18],[65,40],[-21,37],[-88,-18],[-21,26],[-40,94],[6,30],[67,29],[-30,40],[-60,43],[-56,-1],[-72,59],[73,35],[-33,37],[-100,24],[54,31],[-6,35],[15,59],[57,19],[0,41],[94,14],[56,44],[-52,49],[32,21],[-11,49],[-28,46],[-94,8],[-34,92],[18,38],[33,10],[30,55],[-8,55],[37,25],[49,-12],[32,26],[-11,44],[8,109],[-34,32],[120,-2],[49,-26],[84,-15],[34,18],[30,47],[-16,60],[85,27],[-33,66],[55,15],[-44,68],[-37,22],[-71,112],[-18,96],[-51,143],[26,56],[-80,75],[-3,64],[21,34],[-19,48],[-107,57],[-77,9],[-14,-56],[-58,27],[-4,35],[-66,26],[-31,39],[-28,83],[-47,-7],[-47,-56],[-176,-108],[-110,-37],[-265,-61],[-106,-36],[-47,-6],[103,154],[-42,24],[-99,101],[4,59],[22,108],[64,53],[-42,12],[-63,-69],[-45,-78],[-23,-82],[-163,24],[-152,-15],[-25,8],[-3,70],[-42,46],[-72,-25],[-34,26],[-73,26],[-89,3],[-49,-32],[-57,37],[-150,-9],[-63,28],[-42,-21],[-147,-18],[-8,-70],[-141,-2],[-35,-13],[-21,-50],[-84,-7],[-49,25],[-143,37],[-27,-14],[-87,84],[-53,26],[-203,45],[-111,-3],[-133,8],[-90,12],[-59,22],[-72,49],[-79,93],[-108,44],[-62,2],[-221,-7],[-62,7],[-87,39],[-48,53],[-15,46],[20,69],[54,61],[188,120],[29,61],[-23,76],[-80,51],[-121,35],[-56,4],[-138,-6],[-84,17],[-71,3],[-115,29],[-74,53],[-79,118],[-64,72],[-50,37],[-93,45],[-122,33],[-110,-3],[-239,-98],[-82,-40],[-106,4],[-62,37],[-48,79],[15,153],[-11,39],[-38,58],[-62,34],[-67,5],[-50,-10],[-118,-40],[-84,-4],[-81,15],[-59,24],[-46,36],[-26,42],[0,52],[52,73],[126,109],[-15,68],[-103,44],[-84,3],[-101,-18],[-174,-57]],[[62466,74028],[-93,-11],[-101,16],[-159,60],[-62,44],[-85,89],[-67,16],[-64,-11],[-110,-46],[-100,-16],[-103,13],[-98,28],[-93,58],[-246,199],[-110,72],[-97,29],[-64,6],[-83,-8],[-117,-40],[-159,-11],[-116,-19],[-70,-28],[-105,-59],[-94,-42],[-130,-42],[-141,-56],[-72,-7],[-68,8],[-97,51],[-89,81],[-71,91],[-75,73],[-165,73],[-75,41],[-107,86],[-73,72],[-38,66],[9,132],[-10,62],[-21,35]],[[58847,75133],[106,-18],[82,11],[10,-19],[65,-16],[6,-23],[139,0],[77,-9],[84,47],[66,-8],[85,-31],[-16,-18],[80,-21],[233,32],[55,-22],[54,-3],[20,-36],[112,-10],[51,8],[87,-14],[1,19],[53,60],[-76,169],[7,54],[35,79],[119,-43],[105,3],[36,43],[41,2],[95,-17],[73,-30],[59,6],[46,30],[121,10],[156,-73],[-13,-67],[10,-28],[116,23],[179,-33],[19,-65],[60,17],[25,36],[159,-4],[38,12],[70,-10],[20,50],[132,20],[-17,51],[28,4],[70,47],[-25,29],[-39,129],[70,-8],[-10,34],[33,51],[44,42],[30,54],[45,27],[-10,54],[-66,64],[49,86],[-100,30],[21,33],[-34,88],[15,87],[28,21],[-82,78],[92,47],[100,11],[59,-16],[101,32],[54,26],[69,85],[80,56],[118,32],[28,15],[34,92],[95,50],[109,-45],[157,5],[77,29],[8,24],[61,12],[69,-2],[38,-26],[58,7],[96,-10],[48,33],[50,-5],[28,-52],[65,-31],[-13,-42],[111,-32],[97,3],[13,-163],[19,-27],[121,13],[34,22],[52,0],[78,28],[25,27],[123,42],[158,-2],[45,18],[74,-32],[107,16],[45,-13],[84,10],[24,24],[115,-6],[33,35],[-1,42],[-77,49],[-25,40],[-57,47],[-126,8],[-105,96],[74,12],[72,-21],[79,20],[183,-33],[145,-2],[66,-32],[74,3],[23,-13],[38,52],[18,56],[58,47],[137,55],[28,47],[27,11],[32,48],[-2,79],[57,-4],[75,-52],[187,-14],[143,13],[114,-2],[29,-33],[67,26],[14,50],[53,45],[19,37],[39,15],[28,52],[56,75],[5,52],[64,-3],[73,11],[14,-53],[102,-23],[45,60],[60,22],[129,-9],[55,59],[-56,145],[39,75],[-60,147],[-21,21],[93,31],[176,95],[-6,11],[203,55],[-64,140],[-45,13],[8,48],[36,24],[-67,53],[115,-7],[63,12],[45,-21],[129,-5],[25,-107],[-7,-32],[31,-157],[109,-19],[187,-13],[-7,75],[282,-16],[4,40],[48,40],[22,57],[117,31],[42,-70],[7,-81],[132,-136],[199,54],[-21,47],[14,47],[54,42],[72,-16],[40,11],[117,-5],[103,54],[85,10],[12,-72],[25,-28],[24,-82],[72,-70],[40,-71],[78,-19],[82,-49],[-27,-34],[30,-15],[93,12],[33,-10],[105,47],[108,13],[16,-9],[196,-10],[2,-52],[154,-24],[72,-42],[123,-27],[111,-45],[75,-58],[53,-21],[111,-12],[67,-38],[129,-2],[27,-18],[29,-79],[-63,-94],[-7,-29],[73,-64],[49,-14],[74,8],[92,-37],[106,-23],[45,-53],[-6,-106],[42,-67],[52,-25],[56,-71],[53,9],[42,26],[142,46],[211,-12],[42,9],[80,-10],[56,33],[-4,57],[299,33],[219,-36],[31,-18],[148,-60],[248,-66],[118,-39],[14,-34],[53,-9],[87,48],[35,44],[39,-4],[70,20],[13,23],[70,-7],[219,16],[117,-25],[18,-60],[55,7],[-23,-84],[-44,-14],[-8,-38],[43,-19],[-60,-28],[24,-45],[55,-25],[99,-22],[34,-17],[41,9],[49,-13],[45,12],[218,-33],[76,-36],[213,17],[79,33],[86,-16],[7,-35],[-68,-154],[-26,-42],[-109,-87],[70,-13],[40,-25],[104,-21],[57,-78],[82,-9],[66,14],[26,-22],[109,47],[48,-18],[48,16],[19,35],[52,5],[18,40],[61,-53],[47,37],[60,-18],[22,31],[69,-11],[75,13],[37,39],[41,14],[49,-21],[8,-33],[40,-31],[48,-80],[98,-22],[36,-45],[79,-42],[70,16],[56,-11],[28,97],[108,26],[10,43],[77,5],[41,19],[59,-9],[67,19],[49,-20],[-10,-47],[-104,-35],[7,-21],[65,15],[27,-12],[48,18],[91,-30],[32,14],[2,44],[-72,44],[72,35],[31,29],[82,16],[32,-8],[73,14],[70,-28],[48,-2],[17,-54],[30,-42],[-66,-10],[-57,-38],[-85,-36],[12,-38],[-93,-29],[-62,-4],[-57,-53],[29,-24],[66,14],[69,42],[49,12],[40,-24],[14,-89],[22,-33],[54,-5],[30,-38],[47,-7],[42,22],[1,34],[77,22],[51,-4],[97,18],[44,41],[45,-9],[74,46],[1,52],[-20,55],[115,25],[29,52],[81,21],[38,61],[69,18],[37,24],[113,14],[87,32],[42,-42],[50,0],[-6,50],[36,50],[29,67],[32,30],[71,22],[40,-53],[99,28],[-13,65],[32,68],[-55,129],[38,18],[34,42],[56,-7],[87,12],[109,-42],[48,93],[61,25],[100,59],[4,-65],[63,21],[9,21],[128,9],[37,-38],[44,12],[22,38],[55,-31],[61,-122],[-5,-53],[97,-96],[35,-69],[43,-23],[71,9],[69,-31],[108,-26],[56,76],[47,48],[-20,14],[32,47],[5,53],[36,56],[83,102],[-72,-1],[17,86],[18,36],[63,42],[125,52],[64,-5],[47,17],[45,79],[50,19],[4,38],[39,-1],[65,28],[42,40],[218,-44],[75,-24],[135,-28],[36,37],[96,25],[123,-3],[46,-30],[53,-83],[12,-96],[28,-16],[98,-130],[29,-26],[18,-55],[27,-17],[52,13],[34,28],[77,1],[4,79],[37,49],[0,51],[18,43],[34,-6],[33,52],[59,36],[62,92],[14,55],[132,51],[-65,67],[24,25],[-14,32],[50,63],[67,-15],[114,-7],[4,-63],[52,-56],[182,35],[83,8],[26,43],[31,15],[71,73],[-10,57],[26,39],[92,106],[-60,86],[12,34],[67,-69],[18,-44],[55,-7],[85,27],[-19,113],[-3,85],[-16,65],[52,32],[11,54],[-6,48],[-92,14],[100,183],[49,-20],[141,-10],[44,102],[97,53],[5,46],[-63,8],[55,82],[-15,76],[-82,5],[27,34],[5,45],[85,26],[67,-5],[66,34],[0,34],[38,26],[70,0],[101,21],[46,-25],[51,39],[91,6],[43,32],[84,-18],[9,-44],[67,5],[34,63],[84,119],[-4,19],[-74,90],[92,8],[-13,19],[30,51],[-54,23],[72,95],[91,-21],[70,25],[-11,49],[72,52],[26,34],[65,8],[61,28],[60,56],[98,29],[66,51],[83,28],[47,35],[52,56],[36,19],[67,-6],[54,14],[101,-18],[61,56],[62,-22],[0,-35],[87,-46],[223,-21],[38,-25],[165,26],[121,52],[81,55],[71,83],[33,49],[54,50],[-106,10],[-36,24],[-71,4],[-61,-48],[-82,119],[-22,48],[-74,29],[-87,6],[30,101],[-2,27],[-38,44],[-4,54],[39,146],[47,118],[77,86],[81,-16],[12,-26],[-18,-114],[78,-71],[33,-58],[39,-32],[130,-163],[-24,-39],[291,-49],[281,-105],[55,-26],[-31,-53],[5,-34],[-30,-42],[-2,-45],[25,-45],[73,-7],[18,-15],[-36,-72],[-26,-16],[-36,-64],[142,-74],[323,-151],[-8,-121],[-117,-20],[2,-31],[57,-53],[-20,-39],[-81,-44],[36,-60],[129,-71],[69,48],[86,14],[52,29],[103,25],[73,4],[97,-16],[10,11],[120,12],[81,15],[215,28],[59,-59],[129,-8],[296,-5],[54,-198],[66,-19],[126,32],[80,-13],[73,-40],[18,18],[-17,42],[127,84],[125,4],[42,86],[137,162],[116,-33],[47,24],[373,-208],[65,-25],[137,-10],[158,18],[20,-6],[64,40],[38,48],[103,56],[90,-78],[52,-11],[44,-66],[-48,-96],[42,-105],[26,-148],[-12,-73],[-48,-95],[-56,-134],[-39,-74],[-65,-92],[-153,-167],[-71,-64],[-72,-52],[-154,-130],[-134,-96],[-152,-101],[-141,-83],[-115,-83],[-110,-92],[-89,-64],[-82,-83],[-33,-59],[-52,-170],[204,-19],[79,1],[193,67],[193,30],[128,-40],[44,-34],[99,-8],[15,-11],[150,16],[36,-39],[41,-6],[41,-45],[149,25],[50,-10],[73,14],[177,2],[151,31],[-19,152],[-23,66],[115,42],[91,25],[135,27],[91,29],[-8,23],[48,78],[82,102],[27,61],[11,72],[350,-31],[17,49],[128,19],[-3,30],[83,-1],[35,-23],[45,7],[43,47],[6,46],[121,55],[76,27],[92,3],[52,-7]],[[93142,77798],[33,-68],[-15,-43],[-80,-157],[90,-88],[25,-171],[43,-159],[143,-4],[119,-18],[-10,-26],[50,-73],[18,-57],[-11,-36],[-74,-47],[-88,-102],[-11,-74],[-32,-38],[-84,-49],[-72,-61],[-87,-95],[-11,-120],[-17,-38],[-47,-40],[-53,-22],[-126,-15],[-86,-40],[-29,-179],[-53,-77],[5,-14],[-43,-112],[39,-100],[-2,-48],[44,-79],[65,-62],[32,-45],[56,-38],[-49,-78],[6,-34],[-35,-132],[-1,-85],[-24,-74],[-88,-90],[-4,-40],[16,-65],[-18,-111],[-38,-108],[-82,-95],[-9,-56],[-59,-112],[-40,-27],[-36,-66],[-81,-65],[-99,-49],[-60,-15],[-24,-30],[-97,-48],[-70,-83],[-75,-44],[-18,-27],[-63,-46],[-100,-54],[-106,-48],[-82,-56],[-83,-68],[-75,-22],[-98,-65],[-66,-31],[-50,-2],[-119,-50],[-117,-12],[-111,-43],[-56,-44],[-120,-48],[-84,-17],[-81,-46],[-18,-54],[-44,-42],[-139,-21],[-63,-30],[-6,-46],[-47,-77],[39,-52],[21,-54],[-19,-40],[1,-92],[34,-74],[10,-86],[38,-57],[17,-89],[6,-112],[18,-43],[33,-26],[50,-92],[-36,-87],[4,-67],[-43,-60],[-63,-65],[-111,-78],[-13,-29],[-84,-68],[-75,-112],[0,-82],[20,-54],[58,-66],[101,-46],[58,-14],[84,7],[181,-36],[41,4],[124,-17],[29,4],[106,-19],[108,2],[120,-32],[56,-38],[43,-46],[39,-68],[68,-50],[49,-12],[52,-70],[88,-72],[63,-32],[57,-51],[53,-22],[30,-35],[89,-58],[60,-27],[67,-17],[140,-61],[115,-29],[67,-8],[99,-43],[27,-29],[86,-38],[57,-11],[67,-32],[43,-73],[48,-57],[37,-21],[101,-30],[25,-38],[62,-57],[24,-46],[74,-56],[13,-21],[72,-42],[24,-35],[48,-29],[94,-136],[114,-59],[55,-71],[1,-55],[24,-45],[46,-37],[33,3],[156,-39],[53,-42],[36,-115],[21,-29],[89,-63],[28,1],[62,-43],[83,-27],[139,-72],[60,-45],[128,-55],[114,-24],[121,-68],[109,-34],[70,-39],[109,-22],[77,-34],[104,-80],[158,-63],[54,-61],[28,-12],[50,-70],[22,-86],[38,-80],[103,-75],[122,-52],[40,-29],[15,-71],[-54,-55],[-174,-99],[-36,-51],[-20,-115],[-90,-110],[-13,-53],[12,-47],[56,-103],[10,-77],[18,-42],[35,-30],[82,-25],[90,-55],[33,-47],[7,-48],[-41,-77],[-85,-84],[-86,-40],[-45,-55],[-18,-119],[-94,-65],[-64,-79],[-121,-84],[-74,-83],[-52,-12],[-119,-6],[-76,-28],[-61,-48],[-44,-63],[-15,-81],[30,-84],[-12,-61],[-72,-79],[-50,-84],[14,-78],[120,-138],[45,-66],[21,-77],[2,-155],[-10,-60],[16,-50],[68,-80],[35,-71],[-23,-95],[6,-36],[38,-27],[105,-38],[38,-57],[-4,-49],[81,-122],[-24,-49],[-76,-53],[-21,-63],[21,-49],[38,-27],[47,-11],[55,-43],[41,-95],[42,-23],[65,-13],[160,-5],[80,-27],[137,-58],[103,-29],[175,-10],[129,-42],[172,-25],[66,-34],[51,-46],[58,-109],[91,-62],[16,-55],[-34,-54],[-13,-120],[-36,-96],[-37,-48],[-79,-60],[-101,-57],[-36,-62],[32,-62],[121,-91],[42,-53],[24,-58],[-1,-72],[-23,-47],[-83,-90],[-145,-117],[-28,-41],[-5,-38],[34,-154],[19,-53],[-26,-118],[45,-94],[66,-70],[93,-74],[49,-18],[94,-10],[118,-31],[93,-48],[92,-59],[53,-51],[54,-108],[79,-70],[8,-21],[-20,-65],[-84,-45],[-47,-42],[17,-44],[-8,-56],[33,-20],[7,-44],[-24,-55],[10,-58],[-69,-30],[-24,-25],[10,-67],[-72,-44],[-31,-37],[-51,-33],[-16,-73],[-40,-23],[-73,-20],[-7,-29],[38,-24],[39,-59],[-14,-67],[-28,-30],[-5,-63],[-37,-41],[-79,-18],[-16,-39],[23,-34],[3,-100],[73,-112],[45,-13],[30,-38],[-19,-92],[6,-37],[-21,-31],[-57,-48],[-64,-18],[-35,-58],[22,-85],[-33,-39],[-30,-90],[-57,-40],[-34,-38],[35,-71],[-17,-20],[-83,-32],[-44,-39],[-83,-20],[-3,-57],[-112,13],[-20,-50],[-60,-24],[-35,-74],[1,-59],[-71,-34],[-21,-55],[-94,-21],[-52,-50],[-84,-53],[-125,-4],[-47,-59],[58,-86],[-82,26],[-19,-23],[27,-48],[-18,-37],[-32,-1],[-56,32],[-61,-45],[17,-42],[-9,-33],[20,-28],[-37,-62],[14,-76],[67,-34],[34,-48],[6,-56],[46,-53],[35,-20],[48,8],[44,-29],[80,-18],[59,14],[57,-12],[23,-41],[69,-8],[35,-32],[3,-40],[27,-52],[42,-27],[-2,-70],[26,-77],[-13,-88],[-24,-19],[-10,-50],[102,-29],[38,-40],[-71,-45],[32,-48],[-37,-106],[58,-50],[67,-138],[87,-28],[24,-23],[21,-56],[85,-78],[31,-40],[115,-45],[73,-56],[89,-54],[90,-74],[67,-29],[57,7],[38,-68],[-26,-34],[30,-45],[76,-15],[31,-75],[37,-33],[9,-53],[42,-44],[-71,-111],[51,-75],[-19,-63],[3,-55],[19,-44],[-28,-55],[6,-26],[91,-85],[13,-66],[22,-42],[-8,-60],[-32,-47],[-95,-53],[-31,-56],[-90,-24],[-29,-41],[-77,-50],[-28,-54]],[[96602,55357],[-101,59],[2,28],[-105,93],[-39,20],[-119,-9],[38,-132],[44,-49],[14,-67],[-44,-22],[-34,13],[-28,-26],[-78,-195],[-84,-71],[-75,-41],[-42,25],[-157,21],[-189,-2],[-74,-42],[-61,-9],[-107,6],[-69,-6],[-26,42],[-41,22],[29,27],[-50,53],[-30,134],[-55,31],[-123,10],[-6,55],[-18,15],[-119,10],[-98,-99],[-74,-20],[-48,1],[-54,21],[1,-50],[32,-79],[-71,-45],[-173,-19],[-30,-29],[-75,-27],[-75,51],[-23,-18],[-72,33],[-122,-17],[-164,-15],[-73,6],[-140,-13],[-38,-9],[-42,-38],[11,-136],[-70,32],[-111,-20],[-177,-44],[-60,-31],[-115,59],[-139,-13],[13,-30],[-6,-57],[-72,3],[-46,-14],[-121,-83],[-15,-28],[-52,-11],[-54,-37],[-150,0],[37,-33],[-13,-94],[-44,-64],[-63,-11],[-54,30],[-35,140],[-71,35],[-79,18],[-93,32],[-96,3],[-53,38],[-155,52],[-149,4],[-73,-7],[-71,-52],[-68,52],[-60,12],[-70,0],[-84,67],[-89,23],[-93,1],[-61,-17],[-71,7],[-47,20],[-103,-20],[-73,5],[-64,24],[-93,-13],[-115,15],[-36,30],[-76,-8],[-64,-70],[-12,-51],[40,-75],[49,-29],[3,-29],[-32,-31],[-199,27],[-100,-18],[-79,-98],[-7,-78],[-49,-83],[-24,-55],[-59,-43],[-152,-17],[27,-49],[62,-40],[8,-29],[65,-52],[-146,-85],[-30,-9],[-128,31],[-241,69],[-62,-61],[29,-45],[99,-50],[66,-58],[49,-29],[-1,-33],[-29,-75],[25,-44],[87,-46],[-216,-81],[-64,-60],[70,-15],[30,-66],[-88,3],[31,-42],[28,-8],[10,-75],[-84,-25],[-19,-34],[-84,-75],[-71,-2],[-55,-39],[13,-59],[95,1],[25,-60],[-82,23],[-125,3],[-60,-30],[0,-31],[52,-16],[-27,-50],[-93,-36],[-11,-34],[27,-25],[8,-83],[-173,-7],[-147,28],[22,89],[2,142],[-67,13],[-41,25],[-68,4],[-97,-38],[-21,-32],[-70,-32],[-46,1],[-69,-36],[-220,-41],[19,-55],[-118,-21],[-89,2],[-96,-31],[-60,3],[-92,21],[-42,32],[-12,30],[-85,-3],[-175,13],[-43,-6],[-2,-68],[-46,-3],[-50,-28],[-82,-62],[-111,42],[-58,-1],[-92,-24],[-77,1],[-80,-27],[-44,-88],[-96,13],[-48,-16],[-7,47],[68,52],[-123,26],[-49,-71],[-60,-20],[-32,-29],[-61,-12],[-128,45],[-79,-15],[-74,0],[-77,26],[-99,60],[-65,49],[-36,-20],[-56,-62],[-157,109],[-76,-92],[-142,14],[-62,-17],[-116,-3],[-162,33],[-201,-27],[-51,5],[18,66],[-48,8],[8,34],[-48,52],[24,31],[-157,9],[-60,9],[-58,-47],[-91,-38],[-59,3],[-51,-129],[-39,1],[-53,101],[0,50],[-159,0],[19,41],[-33,116],[-7,113],[-92,-1],[-41,23],[-68,12],[-91,-23],[-33,61],[-149,33],[-72,-4],[-85,23],[0,51],[50,53],[64,-25],[-114,108],[-3,-39],[-26,-13],[-116,10],[-21,79],[-50,-5],[-98,-29],[-23,4],[-42,-65],[-78,-3],[10,49],[61,46],[-21,65],[-34,-5],[-21,56],[-107,30],[2,31],[-62,41],[40,50],[-78,55],[-151,-81],[10,-42],[-17,-44],[-60,-65],[-61,6],[71,-108],[-6,-28],[-64,-17],[-54,49],[-145,72],[-14,-19],[-82,0],[-126,-43],[-41,51],[-9,55],[-122,-9],[39,-40],[6,-58],[22,-31],[-75,-30],[-111,-27],[-25,-58],[-165,-50],[-91,-42],[9,-145],[-66,-1],[-184,20],[-46,-17],[-1,-52],[51,-12],[-1,-44],[69,-7],[-16,-73],[-52,2],[-12,43],[-72,49],[-137,14],[-63,24],[-89,6],[-133,-6],[-41,28],[-31,86],[-76,126],[-22,89],[20,46],[0,67],[-55,57],[-56,24],[-43,-20],[-24,-42],[12,-60],[-54,-15],[-89,26],[-1,72],[130,80],[42,-23],[17,58],[95,82],[21,37],[11,76],[-21,35],[-121,57],[-72,65],[-22,74],[43,107],[6,46],[-29,52],[67,-6],[18,-30],[52,3],[48,44],[-52,35],[65,25],[16,31],[-21,68],[55,11],[15,69],[-22,98],[17,82],[-70,14],[-53,89],[-72,93],[-36,196],[-13,41],[-89,-9],[-181,21],[-24,67],[-123,2],[-45,40],[-23,47],[91,107],[41,38],[19,89],[75,36],[-75,103],[-122,-30],[1,33],[-102,67],[-97,107],[-50,63],[-67,-15],[1,-26],[-49,-11],[14,-26],[-54,-15],[-30,62],[-75,-2],[28,-62],[-18,-44],[-46,-28],[-96,43],[-47,109],[-210,240],[-113,144]],[[69761,63697],[88,-3],[-17,-30],[-71,33]],[[28755,76506],[87,-18],[51,12],[41,-26],[-4,-45],[62,-26],[42,-62],[115,-9],[65,-31],[76,-66],[138,74],[64,-36],[68,83],[38,-6],[186,-54],[-23,-66],[-91,-61],[-75,-30],[27,-44],[-45,-49],[13,-41],[97,-18],[25,-54],[45,-8],[29,37],[83,14],[25,15],[-2,41],[143,42],[64,40],[44,-37],[26,8],[48,-40],[-12,-17],[110,-49],[50,6],[13,-65],[43,-15],[17,-62],[52,-14],[71,14],[47,21],[41,-15],[105,18],[34,29],[69,21],[54,-23],[-14,-40],[56,-35],[36,20],[21,65],[31,12],[155,-35],[20,-62],[34,-33],[42,0],[40,-58],[-6,-37],[32,-17],[43,22],[87,-27],[69,18],[75,-55],[74,-28],[6,34],[59,27],[56,0],[21,-31],[48,28],[77,-26],[156,29],[55,-12],[31,15],[82,-5],[-23,-29],[43,-14],[38,-36],[57,-1],[18,-113],[41,-34],[83,-28],[122,-150],[109,26],[140,-5],[126,13],[56,49],[28,-10],[26,-54],[35,-8],[63,73],[34,18],[17,37],[-18,27],[108,37],[65,46],[90,11],[19,-27],[107,-34],[42,-66],[112,-103],[103,-32],[43,-71],[-66,-32],[-117,-18],[-94,-42],[-59,-3],[-69,-33],[51,-36],[40,-6],[44,-34],[5,-43],[34,-84],[82,17],[98,-30],[22,-36],[54,-11],[-52,-35],[-174,-37],[-47,-61],[47,-33],[-15,-25],[2,-98],[35,-122],[-55,-31],[21,-64],[56,8],[40,-74],[34,6],[41,-61],[-87,-88],[-73,-45],[-24,8],[-73,-39],[-106,-36],[-22,-87],[-75,7],[-24,-145],[-153,16],[-66,-50],[-103,18],[-97,7],[-69,31],[-50,81],[-90,70],[-79,43],[-55,59],[11,74],[-39,-5],[-17,-55],[25,-35],[9,-81],[40,-29],[-20,-35],[-107,-9],[-103,-49],[25,74],[-94,-27],[-34,-37],[-82,36],[-78,-4],[-56,25],[-33,47],[-41,22],[-22,34],[-166,59],[-97,41],[-77,13],[-18,44],[-43,26],[-21,106],[-93,-33],[17,-50],[-57,-39],[-25,-66],[-48,-8],[-99,34],[-52,-44],[-86,-23],[-94,64],[-31,-3],[-90,65],[-37,103],[36,170],[-12,119],[-92,82],[-138,44],[-152,13],[-83,62],[-17,39],[53,108],[-162,75],[-11,33],[41,91],[-83,-3],[17,49],[-40,23],[-22,39],[-110,78],[-52,67],[-35,62],[-19,73],[-28,186],[-45,55],[-31,19],[-94,24],[-232,27],[-85,17],[-243,95],[-254,73],[-115,66],[-81,70],[-39,-9],[-76,46],[-40,65],[-53,51],[-50,84],[-52,58],[-46,34],[-10,37],[87,22],[27,-11],[136,21]],[[29303,80309],[23,35],[-7,91],[-68,58],[-155,152],[-137,92],[-159,124],[-79,86],[-104,215],[-96,115],[406,73]],[[28927,81350],[41,6],[90,-23],[13,35],[231,-57],[43,9],[45,-30],[159,-40],[134,-45],[46,-24],[81,32],[61,38],[62,57],[115,31],[203,-15],[95,-21],[-39,-34],[-99,-62],[52,-32],[-103,-73],[-64,-57],[-3,-43],[-99,-5],[-14,-56],[34,-15],[57,-75],[63,-150],[56,-25],[112,23],[-24,-81],[12,-112],[-34,15],[-6,-67],[-31,-19],[12,-124],[49,-37],[18,-46],[35,10],[32,-46],[-42,-22],[25,-45],[-61,-19],[-77,-47],[0,-31],[-72,-21],[7,-36],[-61,-35],[-74,-87],[-148,-65],[-52,1],[-44,22],[-65,-17],[-89,24],[-41,-13],[-105,25],[-65,-25],[-277,-67],[-74,3],[-85,-34],[-55,-45],[-33,30],[-43,-1],[-64,-71],[-143,16],[0,35],[98,204],[81,85],[61,48],[191,100],[224,90],[-50,48],[59,39],[15,28]],[[30309,81399],[69,0],[80,-38],[-35,-52],[-56,22],[-70,1],[-38,56],[50,11]],[[48409,79129],[-54,-12],[-173,-89],[-42,-16],[-210,-51],[-103,-66],[-42,-61],[-76,-137],[-78,-49],[-52,-9],[-88,3],[-197,32],[-108,9],[-150,-27],[-69,2],[-73,19],[-121,70],[-62,49],[-82,118],[-90,74],[-71,19],[-146,6],[-85,32],[-57,53],[-72,123],[-37,45],[-97,83],[-68,42],[-97,22],[-52,24],[-140,86],[-91,-67],[6,-49],[-32,-43],[90,-24],[-39,-38],[-108,4],[-37,-40],[-125,38],[-69,-60],[120,-52],[39,-38],[-69,-38],[-14,-21],[-155,-26],[-63,-48],[-57,17],[-37,-78],[-44,6],[-49,-66],[-104,-9],[29,58],[-72,58],[-72,-20],[-36,25],[24,41],[-153,47],[-20,-45],[-59,-82],[-105,1],[-85,-20],[-88,-71],[-108,22],[15,38],[93,79],[-26,65],[62,50],[19,35],[-53,78],[-23,0],[-7,74],[-26,11],[-33,53],[-101,54],[-36,-3],[-78,-86],[-32,-8],[-136,-99],[-62,15],[-3,-34],[-64,-17],[-16,-38],[-39,-20],[-216,204],[-251,148],[-67,5],[-17,55],[-31,30],[-35,2],[7,73],[-9,33],[12,133],[18,65],[-103,9],[-117,-32],[25,109],[-171,68],[-55,44],[57,141],[28,39],[73,-42],[-22,72],[-68,56],[16,21],[-66,129],[75,31],[23,139],[-483,42]],[[42111,80726],[46,98],[31,128],[-2,28],[60,10],[-30,63],[14,41],[68,71],[-42,74],[55,81],[78,-17],[38,107],[-61,27],[49,66],[23,82],[39,38],[72,0],[-15,-60],[19,-84],[175,-60],[48,-33],[42,13],[34,-32],[-17,-25],[-76,-21],[17,-36],[68,-58],[80,-37],[125,-97],[96,-21],[91,35],[37,3],[7,63],[31,33],[49,20],[81,10],[65,29],[-2,33],[44,65],[66,27],[19,49],[102,86],[71,28],[24,65],[72,35],[27,65],[41,29],[-4,34],[48,26],[0,128],[47,17],[140,12],[144,-26],[112,12],[31,-22],[59,5],[129,-36],[38,23],[52,-30],[88,11],[41,-24],[54,47],[-30,62],[37,30],[-8,124],[5,53],[26,70],[59,53],[98,-2],[361,9],[105,-65],[34,13],[171,19],[-36,72],[-47,14],[-10,29],[54,8],[24,75],[65,50],[57,70],[-103,26],[60,61],[53,40],[-40,16],[60,65],[135,-15],[35,-22],[54,-1],[18,-32],[54,-7],[90,10],[42,-23],[58,80],[148,78],[55,-12],[67,67],[113,43],[15,61],[93,-8],[91,-49],[99,-41],[52,7],[-22,-104],[-110,-176],[-41,11],[-43,35],[-83,-22],[28,-29],[-123,-48],[-3,-28],[39,-32],[-15,-123],[-77,-55],[-6,-51],[-76,-36],[2,-46],[87,-18],[32,-67],[63,20],[42,-38],[80,8],[10,-54],[46,-20],[53,10],[41,-54],[8,-39],[87,-20],[-3,-28],[38,-82],[-98,-103],[62,-12],[40,-22],[36,14],[86,-4],[126,-36],[-64,-30],[16,-67],[-64,-40],[-36,15],[-26,-34],[-46,-18],[-137,-92],[43,-29],[25,-40],[17,-93],[-8,-35],[-48,-25],[42,-74],[65,-75],[-34,-24],[-28,32],[-332,-30],[-39,43],[-30,-59],[-70,-42],[-8,-73],[-48,-75],[22,-48],[83,-32],[38,-31],[-12,-36],[-71,-56],[-19,-71],[48,-110],[48,18],[75,-7],[-42,-85],[-14,-61],[16,-63],[149,-51],[107,-55],[148,19],[113,75],[43,-92],[50,-30],[-6,-33],[59,-35],[-55,-43],[-4,-37],[86,-47],[78,18],[33,-6],[-18,-69],[22,-19],[14,-80],[111,-41],[39,-35],[38,12],[46,-49],[49,9],[10,-68],[80,-24],[-36,-50],[78,-31],[167,-91],[79,-52],[-37,-23],[66,-71],[69,-4],[32,116],[57,5],[107,-34],[-114,-110],[38,-43],[-9,-31],[-112,-7],[1,-20]],[[28733,85483],[22,5],[91,-41],[43,-32],[-25,-66],[-90,-40],[-83,-26],[-123,15],[-8,56],[30,109],[35,45],[47,23],[61,-48]],[[28249,85855],[-65,-3],[-75,-31],[-37,-52],[-44,-15],[-17,-34],[-55,-26],[-92,6],[-32,36],[5,28],[56,36],[47,-12],[91,29],[-6,61],[-36,44],[59,26],[35,0],[94,-37],[92,-23],[-20,-33]],[[27859,29699],[-83,150],[-47,107],[-69,72],[-123,81],[-56,78],[-19,9],[-56,93],[-56,147],[-37,157],[-29,79],[-72,91],[-72,151],[-3,63],[12,119],[28,48],[38,35],[127,75],[145,62],[70,20],[268,55],[124,44],[82,48],[75,88],[99,152],[67,61],[186,147],[27,58],[-14,45],[-72,47],[-59,4],[-140,-30],[-116,-15],[-114,3],[-92,26],[-72,58],[-29,43],[-31,140],[-41,87],[-54,83],[-107,129],[-119,116],[-45,74],[-8,52],[7,56],[56,140],[20,87],[-11,47],[-48,57],[-105,48],[-106,13],[-33,15],[-120,127],[-41,123],[-2,54],[33,117],[74,105],[25,94],[-14,87],[-62,131],[-51,132],[-10,110],[-83,150],[-55,77],[-78,88],[-159,135],[-191,121],[-50,45],[-145,170],[-85,70],[-218,153],[-88,32],[-76,17],[-163,14],[-100,20],[-207,19],[-122,-17],[-113,-31],[-140,-49],[-76,-21],[-147,-21],[-219,-75],[-130,-74],[-68,-31],[-149,-49],[-77,-13],[-198,-10],[-91,-10],[-105,-26],[-66,-28],[-266,-128],[-141,-51],[-236,-97],[-42,-11],[-109,-10],[-114,-25],[-113,-16],[-36,9],[-133,-2],[-369,-32],[-100,16],[-63,33],[-46,39],[-40,51],[-34,158],[-24,61],[-4,66],[-16,42],[-96,88],[-164,63],[-60,37],[-209,176],[-31,36],[-149,63],[-136,88],[-69,74],[-8,61],[15,64],[89,0],[59,35],[13,49],[81,44],[79,103],[122,-15],[23,-35],[44,9],[14,34],[56,-31],[47,3],[62,29],[22,43],[-85,68],[-1,87],[54,-2],[24,30],[-43,26],[0,30],[34,16],[9,34],[50,22],[14,51],[6,101],[99,62],[65,-9],[47,-45],[12,-42],[108,-18],[37,-50],[29,14],[37,-29],[75,49],[99,52],[92,-50],[116,-122],[6,-67],[76,-8],[-30,124],[2,36],[31,51],[-27,23],[-21,61],[-3,116],[29,27],[27,55],[53,32],[-33,17],[-80,16],[-62,52],[-58,22],[-37,52],[-172,71],[-91,99],[28,44],[-41,107],[125,65],[35,35],[109,36],[55,46],[-52,68],[37,38],[105,54],[80,0],[118,27],[36,-15],[56,15],[-6,22],[51,32],[-38,43],[54,36],[78,-5],[122,32],[27,35],[44,-3],[73,24],[47,54],[-22,25],[46,44],[65,-3],[-49,-50],[72,-24],[70,-40],[-31,-38],[96,-26],[49,-66],[80,4],[78,-28],[53,4],[17,37],[-45,29],[93,72],[58,16],[103,78],[2,31],[-51,23],[-36,35],[12,48],[-58,-25],[-61,48],[-7,38],[-69,88],[-72,-23],[-36,53],[43,44],[111,36],[1,85],[144,35],[81,-16],[84,9],[32,-18],[54,15],[28,-76],[91,-17],[-27,-48],[34,-10],[91,50],[15,-21],[106,-49],[40,14],[69,136],[96,74],[-24,74],[34,52],[-25,28],[0,86],[-55,88],[-48,5],[-74,49],[-21,36],[33,61],[19,90],[-50,27],[1,43],[-57,-5],[-42,19],[5,29],[-67,-10],[-51,14],[-96,-16],[-19,62],[44,21],[6,58],[-18,38],[1,55],[-28,83],[-34,52],[-29,-5],[-16,121],[-15,7],[-52,97],[-24,-25],[-71,33],[-26,-5],[-66,135],[-31,0],[-20,-45],[-80,-12],[-8,16],[-81,-9],[-53,8],[-32,22],[62,21],[11,89],[-3,73],[30,26],[-162,-2],[-15,-23],[-114,-4],[-69,13],[-91,110],[-44,-23],[-74,-1],[-24,47],[-54,4],[19,64],[96,-12],[69,48],[28,101],[43,27],[-35,47],[38,50],[-57,6],[-50,-21],[-33,42],[154,27],[14,54],[113,18],[-10,28],[87,17],[-6,24],[35,26],[-13,72],[10,29],[-118,32],[-10,33],[-45,34],[3,29],[-78,28],[-21,50],[18,24],[-20,52],[-39,1],[-31,26],[-5,40],[25,37],[3,40],[-26,21],[85,19],[36,22],[-45,62],[-13,80],[-19,23],[72,21],[13,20],[64,33],[-41,63],[70,66],[59,43],[48,-14],[89,95],[13,-6],[107,103],[1,78],[100,12],[59,30],[-14,41],[49,0],[35,-54],[49,-3],[25,-20],[112,-27],[29,-38],[16,-102],[69,15],[114,-8],[37,-41],[159,-16],[106,22],[29,-17],[34,66],[-52,-14],[-43,22],[-10,44],[57,21],[28,40],[79,1],[127,31],[-40,69],[-25,9],[15,62],[31,47],[38,13],[6,71],[76,129],[4,49],[50,100],[-6,73],[-44,35],[-213,72],[-22,30],[60,36],[68,69],[1,66],[39,43],[-24,36],[12,28],[-90,67],[-60,58],[11,47],[-41,3],[-60,70],[-47,22],[-42,61],[-4,101],[5,74],[26,60],[78,20],[66,81],[0,31]],[[24626,43854],[12,44],[-7,43],[55,55],[55,-17],[12,-21],[56,19],[85,130],[6,100],[104,150],[31,78],[31,18],[7,41],[-29,64],[2,49],[-70,55],[-33,-6],[-25,80],[-43,17],[35,51],[-26,26],[-66,9],[-85,60],[35,71],[-22,31],[-56,24],[-20,31],[14,25],[-61,89],[59,18],[81,7],[45,56],[70,35],[30,2],[154,76],[55,62],[45,101],[-11,15],[72,36],[0,31],[90,86],[52,17],[28,31],[81,40],[56,8],[59,63],[73,51],[64,29],[50,36],[20,60],[70,49],[41,48],[37,10],[62,58],[78,41],[19,53],[91,82],[70,-8],[103,20],[71,-9],[-2,-64],[40,-66],[105,-96],[3,-43],[58,8],[98,-4],[40,22],[145,33],[96,-16],[78,12],[30,-44],[34,-17],[93,29],[23,21],[-29,51],[58,73],[93,18],[56,2],[25,51],[-7,41],[17,43],[-17,52],[9,20],[95,33],[92,66],[8,32],[143,90],[84,43],[73,74],[69,-27],[93,-1],[21,14],[68,-8],[24,58],[-45,84],[5,37],[-50,32],[7,69],[-19,35],[141,111],[-29,33],[7,63],[-6,121],[104,31],[66,7],[-21,70],[40,42],[113,93],[91,33],[14,63],[48,70],[99,42],[8,21],[58,31],[-27,44],[114,9],[68,50],[-2,57],[89,15],[-33,35],[-48,92],[-50,5],[-31,38],[-12,47],[25,33],[-93,56],[-24,-57],[-50,-15],[-51,49],[26,36],[81,80],[52,39],[31,4],[55,116],[-58,79],[-78,34],[-41,-6],[-56,16],[-32,27],[-17,63],[47,36],[27,44],[60,15],[39,55],[55,-9],[60,83],[135,-12],[53,16],[40,60],[102,20],[68,-23],[150,12],[74,-8],[96,6],[81,-5],[66,-17],[142,-7],[189,-49],[116,-17],[118,4],[83,50],[49,16],[131,80],[95,32],[160,-18],[138,30],[-7,71],[-67,24],[-55,-16],[-65,3],[15,34],[-25,53],[-49,3],[9,32],[-57,39],[3,48],[23,46],[87,78],[65,39],[55,79],[48,-2],[188,115],[22,44],[125,61],[2,50],[44,35],[61,25],[-60,24],[-30,31],[0,99],[-15,65],[21,63],[75,45],[83,16],[34,63],[-197,68],[-91,55],[-47,124],[9,52],[-81,102],[7,51],[-42,78],[45,48],[3,43],[45,42],[-30,46],[-83,18],[-43,29],[19,20],[-17,57],[-163,16],[-122,-8],[-36,27],[-28,-25],[-49,-9],[-2,-38],[-86,-40],[-104,2],[-48,-11],[-55,-30],[-64,-16],[-122,-1],[-142,-37],[1,-37],[-33,-55],[-56,-21],[-95,-59],[-79,9],[-117,-4],[-46,33],[-48,59],[-47,121],[-26,44],[-114,36],[-124,93],[71,74],[38,58],[45,19],[114,95],[54,20],[12,50],[61,22],[58,68],[0,23],[63,63],[-5,59],[19,42],[90,48],[46,-3],[32,47],[-9,35],[16,37],[103,40],[79,51],[66,-32],[107,-17],[12,14],[-4,80],[13,32],[44,-15],[29,48],[51,6],[-4,40],[60,10],[29,31],[66,7],[29,35],[-35,62],[-39,45],[33,33],[154,47],[73,8],[18,-20],[89,-20],[65,7],[124,-33],[56,2],[60,32],[73,5],[56,26],[59,-4],[52,16],[110,84],[123,12],[66,23],[40,-1],[137,43],[157,-27],[54,15],[42,-59],[102,42],[15,-67],[53,-17],[56,-38],[66,-24],[117,45],[120,63],[80,57],[70,35],[200,-3],[87,4],[148,-31],[109,-11],[-7,52],[46,42],[-30,79],[20,44],[-15,50],[22,21],[81,4],[14,16],[-66,68],[17,23],[12,98],[-42,18],[-110,21],[-76,-12],[-91,-1],[-7,83],[36,41],[3,79],[-26,39],[-59,45],[8,38],[-16,47],[-72,79],[-45,4],[-37,40],[-55,31],[-34,82],[-6,55],[42,18],[30,34],[178,72],[76,21],[78,4],[84,55],[69,26],[358,98],[297,66],[36,-2],[106,47],[33,28],[57,-13],[5,-59],[117,-111],[57,-27],[117,0],[81,8],[35,-49],[68,7],[21,25],[84,29],[172,-117],[-3,-90],[-28,-44],[-105,-202],[-29,-43],[56,-35],[50,-12],[-24,-61],[19,-94],[33,-33],[53,-25],[90,-18],[288,41],[30,-1],[43,50],[148,-105],[99,14],[35,14],[11,74],[96,117],[33,21],[-1,29],[117,43],[197,-56],[90,-5],[55,-25],[13,117],[14,51],[-16,34],[-9,75],[75,51],[1,28],[53,42],[61,4],[54,44],[33,43],[218,13],[40,33],[40,75],[53,16],[17,37],[70,40],[209,1],[17,-30],[58,7],[22,80],[60,53],[-11,53],[-53,48],[19,30],[-7,53],[35,4],[23,35],[-3,44],[42,41],[-32,69],[88,14],[114,83],[30,73],[84,60],[16,69],[37,26],[37,52],[120,41],[58,117],[-35,1],[-121,46],[-8,26],[-57,33],[-7,25],[-103,65],[-36,34],[2,35],[228,71],[144,-13],[7,82],[69,15],[225,-6],[128,26],[104,11],[71,21],[67,42],[95,107],[37,23],[-86,51],[37,28]],[[38954,56238],[111,-32],[29,-27],[75,62],[94,46],[254,42],[53,-17],[18,-50],[-41,-76],[-31,-86],[-1,-63],[50,-48],[135,-53],[152,-8],[126,67],[57,79],[64,31],[65,-21],[41,-26],[19,-44],[40,-30],[50,-67],[72,-7],[98,30],[35,-16],[58,7],[33,27],[130,4],[58,9],[86,56],[92,38],[62,-35],[-47,-41],[-3,-26],[104,-71],[-6,-93],[19,-95],[31,-18],[97,-14],[31,-31],[94,-139],[83,-18],[39,-55],[83,8],[121,-150],[-28,-24],[-26,-74],[-22,-27],[-126,24],[-134,55],[-35,36],[-82,55],[-50,5],[-117,55],[-79,-32],[-17,-107],[48,-106],[73,-83],[95,5],[29,-87],[-37,-23],[-84,5],[-65,-9],[-54,-23],[-35,0],[-53,80],[-51,38],[-40,-12],[31,-79],[34,-51],[39,-24],[36,-45],[-6,-80],[-30,-65],[-45,-56],[-63,-46],[-76,-15],[-61,27],[-75,-7],[-32,-36],[-2,-44],[106,-89],[99,-135],[49,-100],[86,-105],[91,-80],[54,-22],[99,-23],[37,-40],[-4,-52],[-86,-55],[-53,-45],[-28,-180],[53,-107],[-10,-41],[30,-85],[101,-100],[-7,-25],[-58,-27],[-96,-69],[19,-35],[-86,2],[-138,20],[-2,-39],[-48,-12],[-80,-61],[-73,-9],[-42,55],[-103,-22],[-30,-88],[-32,-45],[-79,-35],[-57,-83],[-6,-34],[16,-49],[23,-11],[111,-14],[44,-39],[-80,-94],[-40,-19],[-80,-10],[-95,19],[-18,-38],[38,-18],[50,-51],[22,-69],[103,-105],[100,9],[49,19],[25,-49],[120,-48],[19,-41],[56,-48],[54,-24],[114,27],[127,-13],[49,-14],[-39,-61],[-14,-118],[64,-4],[15,71],[32,-28],[51,-5],[25,27],[88,-26],[38,-26],[54,-11],[23,62],[55,15],[64,-26],[40,-61],[181,-51],[49,-34],[94,-6],[126,-67],[42,4],[69,-19],[21,-29],[314,134],[77,14],[32,147],[44,90],[-31,52],[-73,-62],[-23,12],[77,66],[20,74],[-101,-1],[12,-33],[44,-14],[-90,-45],[-38,-5],[-17,-27],[-104,-97],[-78,6],[-26,38],[10,84],[-115,113],[8,40],[-67,75],[-3,24],[-69,44],[-14,40],[-63,16],[-35,23],[-21,38],[1,45],[31,15],[123,26],[106,39],[61,-31],[75,10],[55,24],[22,28],[74,18],[47,98],[101,47],[151,29],[7,11],[119,1],[61,-40],[49,11],[4,33],[-25,52],[21,32],[-14,41],[-40,-13],[-40,41],[15,74],[102,42],[139,1],[57,-7],[55,-31],[34,-42],[68,-28],[52,7],[-6,-62],[12,-35],[-21,-52],[27,-40],[-18,-55],[108,-121],[35,-25],[131,-8],[34,34],[-98,63],[7,27],[-45,62],[45,97],[-25,11],[-79,88],[24,47],[13,69],[-29,23],[22,34],[76,-10],[54,8],[87,-48],[56,-83],[69,73],[-16,62],[75,4],[93,27],[81,48],[34,-93],[47,-42],[-84,-10],[44,-57],[65,-48],[61,-27],[107,-88],[-9,-90],[28,-66],[-69,-55],[19,-13]],[[44271,52706],[-55,-93],[29,-112],[-5,-71],[55,-40],[-3,-37],[28,-22],[-31,-78],[30,-20],[99,-36],[32,-49],[-7,-41],[38,-29],[-8,-71],[21,-49],[-68,-63],[-35,-52],[60,-57],[60,-6],[70,20],[47,-2],[96,-55],[7,-72],[53,-25],[8,-39],[-45,-61],[65,-2],[80,-16],[66,39],[65,-21],[77,26],[65,-45],[37,-11],[111,-7],[66,-53],[125,32],[86,-35],[48,17],[67,-40],[3,-29],[-29,-77],[-119,-40],[39,-75],[-7,-43],[63,-24],[87,-18],[47,-41],[16,-66],[42,4],[66,-16],[-67,-31],[-19,-58],[-37,-67],[-6,-37],[57,-38],[44,-14],[163,32],[4,-46],[50,-26],[95,16],[67,-30],[22,-55],[95,21],[80,29],[76,-13],[24,26],[38,-18],[21,-75],[65,-86],[117,27],[39,48],[47,2],[99,-33],[112,-69],[101,-99],[0,-57],[155,-21],[31,-44],[66,-16],[112,30],[44,-8],[16,-35],[-28,-76],[-70,-70],[-155,-72],[-59,-37],[5,-130],[-69,-38],[-12,-24],[37,-48],[76,-48],[-69,-74],[-4,-51],[28,-84],[45,-3],[0,-39],[-49,-10],[34,-51],[-72,-36],[-30,-31],[-83,25],[-32,24],[2,67],[-113,73],[-8,40],[73,22],[-19,69],[16,42],[-82,7],[-9,65],[-86,84],[-61,-26],[-60,-42],[-54,9],[-66,-53],[-204,17],[0,-28],[-104,-53],[26,-34],[62,-5],[83,-46],[15,-41],[47,-28],[3,-37],[44,0],[57,-56],[50,-24],[67,13],[112,-7],[48,-27],[-15,-71],[27,-23],[-3,-34],[-37,-19],[-53,35],[-74,-1],[-15,-36],[53,-27],[19,-47],[-93,-41],[-13,-39],[-65,-58],[-37,-16],[-21,-34],[37,-15],[3,-51],[32,-22],[-16,-34],[40,-38],[-21,-38],[-79,-44],[30,-59],[-68,-13],[-2,-24],[53,-21],[11,-23],[73,-1],[77,-21],[118,-54],[114,-15],[113,-73],[76,-29],[36,-39],[35,-78],[107,-58],[-73,-96],[-59,-4],[-84,30],[-30,-31],[13,-33],[80,-27],[19,-74],[-65,-19],[-18,-43],[-34,-17],[-15,-37],[-66,-11],[-94,1],[-57,42],[-30,2],[-21,-53],[-96,-18],[-84,-29],[-60,0],[-133,36],[-5,28],[-41,13],[12,42],[46,21],[-47,46],[-87,42],[-58,-3],[-93,-39],[3,-22],[-40,-28],[-101,36],[-108,31],[-143,19],[-61,-23],[-93,43],[-68,4],[-59,-12],[-39,9],[-103,-23],[-52,-59],[7,-44],[-37,-81],[-42,-37],[26,-121],[-47,-35],[56,-71],[96,-35],[4,-26],[82,-50],[-96,-102],[108,-30],[9,-45],[29,-37],[-29,-13],[54,-48],[58,-1],[87,25],[29,-33],[-16,-21],[-95,-52],[-63,-8],[-93,1],[-108,-14],[-23,68],[-33,-30],[-84,-18],[11,-33],[-67,-29],[-88,74],[-58,-15],[-77,53],[-97,-58],[-12,21],[-64,35],[-74,-27],[-50,19],[-37,-8],[-112,1],[20,-48],[31,-17],[20,-45],[-35,-76],[-40,-16],[81,-50],[40,22],[11,29],[47,28],[-26,45],[20,17],[101,-24],[87,13],[82,31],[-51,-93],[2,-42],[-43,-60],[-96,-43],[-52,-66],[34,-52],[74,-27],[68,22],[10,41],[83,74],[116,71],[81,-20],[50,9],[6,-40],[38,-7],[54,-32],[2,-35],[45,-19],[57,0],[46,-89],[138,-63],[-42,-8],[-5,-33],[-52,-25],[64,-57],[20,29],[52,5],[43,-17],[-26,-134],[-38,-4],[-147,-73],[-64,-56],[-97,-28],[-61,-111],[0,-37],[25,-45],[10,-56],[54,39],[100,38],[28,-9],[-30,-75],[21,-26],[-36,-33],[-83,-18],[18,-70],[-59,-54],[-49,23],[-84,20],[-44,35],[-42,-49],[-20,-45],[-38,-35],[-50,11],[-59,-3],[-118,64],[-73,-44],[-36,-41],[-52,-29],[-107,-39],[-22,-79],[67,11],[3,-83],[-36,-22],[-84,-85],[-23,-46],[6,-45],[55,-53],[3,-23],[62,-35],[-58,-66],[22,-40],[5,-48],[-18,-19],[-79,-11],[59,96],[-36,3],[-41,-47],[-145,17],[-31,-24],[37,-65],[-62,-63],[-34,-66],[22,-24],[49,-15],[78,13],[63,-21],[7,-125],[14,-91],[-62,-66],[-7,-126],[-50,-24],[-204,-174],[-33,-54],[20,-49],[36,-4],[68,-33],[32,-47],[-83,-6],[-38,-37],[6,-32],[-70,-53],[-46,-1],[-33,-22],[-46,17],[-67,-88],[-53,-39],[-22,-67],[-23,-28],[33,-62],[22,-84],[-8,-72],[-75,-99],[18,-39],[-1,-51],[82,-10],[149,41],[69,41],[47,-51],[62,3],[101,-53],[17,-34],[82,-15],[61,0],[64,-24],[43,21],[118,13],[2,87],[87,65],[-129,127],[-80,60],[13,57],[-36,26],[43,46],[100,33],[26,-25],[68,13],[47,-20],[38,31],[135,80],[136,25],[195,-44],[79,9],[46,22],[192,-21],[55,-35],[40,-82],[76,-78],[51,-30],[27,-74],[-5,-19],[59,-140],[68,-58],[-10,-33],[-11,-143],[-96,-5],[-47,29],[-8,29],[-106,25],[-25,-28],[-56,-2],[-50,-33],[25,-22],[-70,-39],[-45,-45],[33,-108],[78,-48],[18,-67],[-16,-20],[22,-73],[2,-46],[-38,-42],[-13,-80],[14,-51],[40,-71],[4,-33],[38,-36],[36,-6],[50,-41],[-53,-26],[-106,-118],[7,-78],[-59,-69],[-30,-19],[-15,-46],[9,-59],[33,-18],[-9,-84]],[[58847,75133],[-49,55],[-145,112],[-55,37],[-110,50],[-69,19],[-128,14],[-85,-27],[-106,-78],[-83,-19],[-54,22],[-36,60],[-30,107],[-73,93],[82,25],[31,49],[75,41],[20,76],[48,67],[-6,45],[-35,29],[-127,53],[-186,16],[-285,51],[90,76],[-92,21],[21,40],[-51,-2],[-80,22],[-71,-6],[-48,11],[-96,46],[-44,36],[-137,43],[-33,53],[-75,28],[-18,40],[-45,20],[-28,64],[-45,14],[-59,54],[-41,76],[-19,59],[-100,113],[0,32],[-89,66],[-40,93],[-94,123],[-92,29],[-52,-11],[-53,18],[-8,125],[-52,37],[55,56],[-6,33],[-63,46],[14,39],[-7,45],[-48,51],[6,68],[-37,2],[-46,62],[-32,-19],[-64,39],[58,76],[-312,65],[-41,-65],[-114,35],[-39,23],[-63,8],[-36,24],[14,33],[-33,18],[-27,47],[-97,4],[-70,-102],[-35,-36],[-51,-2],[-63,-43],[-202,5],[-2,-56],[62,-23],[31,-27],[-93,-67],[-24,29],[-42,3],[-31,35],[-55,-16],[50,-30],[-10,-64],[-30,-21],[-110,6],[-72,-29],[0,-55],[-121,-24],[-37,-20],[-83,4],[-27,70],[-50,-2],[-258,34],[-62,14],[-95,44],[-130,77],[-10,43],[-43,23],[-30,-18],[-47,11],[-17,42],[46,36],[12,31],[-45,18],[-54,-13],[-34,25],[-50,-6],[-93,26],[-26,63],[-63,104],[-33,32],[-236,139],[-50,17],[-83,6],[-142,-38],[-273,9],[-138,27],[-127,6],[-172,-15],[-78,-17],[-138,-56]],[[51538,78239],[-15,51],[35,33],[24,95],[77,18],[42,29],[61,23],[7,51],[37,108],[-12,40],[26,68],[-22,12],[-16,80],[16,16],[-13,51],[26,48],[-14,72],[53,94],[26,135],[38,78],[41,33],[17,48],[67,-7],[66,25],[54,52],[84,-4],[114,-35],[115,-11],[133,-32],[95,297],[207,-28],[40,22],[27,46],[48,-24],[76,28],[68,4],[84,30],[42,-12],[55,39],[44,60],[138,52],[-1,26],[95,171],[264,73],[150,-31],[3,53],[-100,29],[-10,24],[77,26],[-35,37],[8,95],[134,101],[-25,98],[-26,64],[-26,19],[20,41],[6,98],[-46,81],[47,35],[167,-17],[41,-43],[-1,-32],[47,-48],[63,11],[96,-15],[17,19],[78,29],[92,3],[74,17],[67,28],[75,4],[58,-18],[44,16],[139,149],[-3,65],[-58,73],[-5,60],[49,34],[12,72],[67,268],[39,41],[57,29],[24,51],[58,34],[76,110],[-5,23],[25,95],[-60,-4],[-56,23],[-16,45],[-40,26],[33,41],[-16,59],[42,11],[-28,133],[-50,35],[-99,-1],[-53,116],[0,26],[-94,14],[-101,50],[-150,15],[-56,16],[-61,-20],[-5,-23],[-100,-6],[-71,24],[-76,-31],[-121,39],[-35,45],[-48,-6],[-91,42],[-80,16],[-47,50],[-79,46],[-49,80],[-6,59],[27,72],[-22,35],[-105,37],[-75,40],[-59,5],[-42,31],[-119,25],[-60,-21],[-75,-2],[-16,141],[19,74],[39,59],[42,23],[45,56],[1,27],[-44,36],[20,39],[17,77],[43,44],[-10,62],[-59,41],[-21,37],[21,38],[-37,45],[-17,79],[8,46],[-12,40],[-67,96],[-83,42],[22,106],[-5,45],[44,50],[-63,32],[128,87],[4,41],[49,30],[9,48],[84,84],[59,13],[44,-15],[56,4],[48,25],[83,0],[33,12],[63,76],[-10,40],[54,10],[57,39],[22,47],[60,-10],[77,20],[39,35],[41,-21],[93,25],[10,42],[-13,42],[25,21],[61,-10],[39,59],[112,50],[58,16],[9,48],[40,59],[77,25],[26,-43],[81,-46],[66,-2],[23,-26],[52,1],[30,-21],[-95,-71],[-7,-69],[93,-68],[41,-2],[162,38],[66,-5],[68,44],[97,13],[64,64],[93,-37],[34,25],[-32,47],[-41,21],[-49,2],[-85,-18],[-109,82],[-39,6],[-49,-21],[-73,47],[-126,29],[-110,-1],[-45,-22],[-46,40],[11,116],[23,43],[77,70],[38,23],[13,33],[-14,47],[-49,39],[0,33]],[[54901,85852],[143,41],[182,63],[149,81],[26,31],[56,22],[229,124],[98,46],[218,69],[169,84],[89,35],[208,57],[267,25],[166,47],[108,9],[77,-7],[153,-27],[149,-4],[117,-18],[66,5],[89,32],[253,34],[54,-22],[61,-43],[29,-45],[-4,-69],[66,-76],[15,-39],[75,-50],[87,-38],[115,-34],[73,-7],[96,2],[75,56],[56,11],[47,-26],[28,-51],[-63,-115],[-51,-18],[-38,28],[-37,-156],[-16,-119],[5,-36],[41,-83],[91,-72],[174,-68],[97,-15],[66,2],[56,16],[81,53],[116,43],[96,49],[42,79],[63,95],[41,25],[73,-8],[105,-152],[50,-49],[129,-84],[49,-18],[97,17],[101,36],[44,4],[175,-44],[-47,-99],[-3,-31],[27,-52],[139,-78],[134,-36],[62,-8],[61,-47],[-37,-13],[6,-33],[-28,-47],[107,-22],[67,9],[56,26],[-91,36],[-31,75],[2,53],[54,0],[108,33],[64,75],[105,73],[19,-34],[53,14],[8,32],[-50,59],[35,91],[13,78],[-9,18],[-2,105],[-18,106],[-60,-9],[-39,10],[45,72],[56,-7],[73,24],[4,-28],[42,-24],[40,37],[-32,77],[82,57],[10,46],[-13,41],[-42,-5],[-30,24],[-16,48],[70,19],[29,61],[68,62],[1,38],[26,39],[87,56],[171,44],[27,24],[-11,63],[-132,-1],[-43,9],[12,55],[60,44],[56,2],[36,-66],[63,-39],[61,-12],[78,9],[127,35],[121,69],[97,100],[50,76],[-7,58],[-40,96],[-3,57],[57,8],[59,34],[95,6],[89,30],[39,43],[117,47],[-4,63],[26,102],[-34,28],[-94,125],[-90,7],[-61,-15],[-12,-25],[30,-38],[-31,-14],[-85,-4],[-55,-23],[-83,-73],[-26,-81],[-76,-20],[-67,-59],[-53,-63],[-72,-42],[-47,-9],[3,-30],[-67,-65],[6,-38],[-38,-31],[-63,-26],[-29,6],[29,50],[38,15],[-6,91],[-24,68],[10,58],[-33,23],[60,70],[79,58],[85,96],[91,49],[144,30],[111,-1],[115,31],[148,75],[142,91],[106,96],[224,167],[205,159],[104,70],[164,20],[233,-6],[89,4],[151,-5],[191,15],[58,-1],[107,-41],[18,6],[97,-35],[173,-29],[208,-22],[117,0],[68,-8],[214,10],[133,22],[245,52],[172,46],[153,54],[244,56],[85,25],[131,9],[152,39],[213,67],[48,9],[155,47],[128,-22],[168,-4],[207,17],[145,20],[185,82],[110,-213],[22,5],[-42,89],[4,18],[-38,98],[53,-3],[45,-33],[-3,-47],[63,-7],[133,55],[94,54],[118,94],[125,124],[77,90],[79,114],[101,120],[106,92],[124,80],[113,63],[185,88],[72,23],[251,97],[218,93],[89,33],[240,100],[37,12],[178,95],[132,84],[92,85],[91,100],[139,179],[154,229],[49,87],[132,155],[65,111],[78,100],[180,102],[109,69],[203,196],[140,176],[55,96],[61,169],[59,113],[109,196],[91,133],[102,97],[81,35],[28,-20],[57,0],[48,-29],[-43,-17],[22,-49],[-20,-65],[119,-104],[100,-58],[99,-37],[125,-22],[215,-22],[306,-26],[174,-28],[111,-27],[185,-33],[228,-16],[275,9],[276,-8],[187,3],[99,-7],[194,-1],[116,-14],[388,-9],[179,7],[176,-2],[143,8],[137,17],[209,14],[211,23],[-9,-83],[21,-47],[92,-65],[-6,-55],[-53,-35],[-96,-40],[-117,8],[-81,-36],[-66,-3],[-82,-20],[-63,-27],[-91,61],[-88,27],[-195,22],[-97,-2],[-100,-17],[-100,-47],[-84,-74],[-22,-35],[-34,5],[-87,91],[-150,19],[-126,-23],[-23,-43],[-109,25],[-149,7],[-56,38],[-75,89],[-29,66],[-74,25],[-46,-45],[-56,-1],[-128,43],[-76,-3],[-106,-69],[-111,-49],[-28,-24],[-12,-59],[8,-75],[-47,-23],[-116,28],[-57,63],[0,39],[-80,48],[-27,42],[-68,-53],[-87,-13],[-70,-29],[-2,-45],[-33,-1],[-47,-65],[-91,-14],[-142,-4],[-136,-69],[23,-81],[63,-20],[43,-29],[102,-6],[7,-23],[-45,-44],[-73,34],[-91,-16],[-128,22],[-72,-13],[-76,16],[-51,-10],[-18,-27],[-101,-31],[-26,-42],[-98,-9],[-57,-47],[-1,-46],[-37,-13],[-48,42],[-127,74],[-155,8],[-383,-16],[-21,-15],[-165,-18],[-19,-36],[-70,-22],[25,-1033],[44,33],[178,36],[78,3],[77,30],[119,15],[44,21],[5,107],[-42,80],[-42,42],[16,96],[54,16],[191,-5],[46,23],[139,37],[38,4],[55,-26],[93,18],[26,34],[40,12],[36,59],[-38,32],[29,55],[76,54],[54,14],[27,57],[-95,34],[-81,3],[-23,36],[21,19],[90,21],[111,54],[-6,48],[86,-44],[61,-19],[63,-3],[91,29],[-61,-86],[-15,-109],[40,-21],[80,-4],[96,24],[46,47],[21,49],[-19,35],[41,35],[182,17],[99,52],[116,32],[21,17],[85,14],[130,64],[13,35],[55,-3],[51,79],[-58,38],[-68,9],[-12,76],[91,-2],[5,46],[72,-1],[47,-18],[70,0],[33,21],[95,30],[55,-2],[59,20],[41,-22],[36,-72],[-27,-30],[-86,7],[-128,-16],[-39,-16],[-35,-85],[70,-92],[-54,-60],[-73,-40],[-14,-73],[42,-20],[7,53],[31,33],[82,54],[30,44],[0,87],[23,66],[61,19],[114,-3],[-9,-65],[11,-34],[-16,-59],[64,-108],[1,-66],[233,-2],[25,58],[0,69],[90,-90],[23,-10],[10,-51],[83,10],[74,-3],[32,64],[2,71],[22,32],[1,42],[32,46],[63,2],[44,16],[-30,-94],[9,-78],[117,-21],[39,-26],[51,-69],[14,-108],[28,-15],[11,-45],[0,-171],[45,53],[50,36],[93,14],[90,-15],[130,3],[73,28],[116,104],[39,18],[119,28],[54,51],[18,69],[-3,67],[17,79],[116,115],[12,90],[180,70],[102,75],[57,17],[72,-2],[148,32],[52,0],[23,63],[33,20],[87,-6],[209,31],[102,38],[27,39],[17,64],[40,23],[137,21],[134,-32],[21,-35],[47,-32],[-8,-100],[-59,-8],[-49,-34],[-22,-120],[10,-87],[39,-67],[-14,-24],[87,-72],[68,-25],[15,-48],[88,-77],[147,5],[119,32],[97,-40],[103,-122],[28,-60],[-19,-38],[-70,-31],[-54,-99],[150,-81],[112,14],[59,-232],[53,-82],[145,-18],[73,32],[-112,67],[-98,23],[-23,47],[7,87],[20,50],[61,69],[16,51],[-4,83],[11,60],[38,61],[97,36],[65,-1],[33,15],[135,5],[102,-32],[71,-11],[162,50],[94,5],[55,-27],[12,-35],[70,-5],[74,9],[-4,-32],[56,-12],[31,27],[117,-7],[39,27],[-29,62],[27,19],[112,8],[131,25],[21,40],[-54,35],[-41,2],[-56,-28],[-75,6],[-54,41],[-8,54],[-61,67],[-6,54],[76,27],[28,-5],[60,29],[47,-45],[40,0],[24,42],[-34,33],[-79,-8],[-50,-39],[-84,3],[59,61],[-55,56],[-55,-20],[-77,23],[-53,63],[-33,85],[2,48],[-65,14],[-25,-39],[-68,-30],[-101,-21],[-78,-1],[-83,10],[-28,18],[-133,-45],[-13,-14],[-81,16],[-17,26],[7,75],[86,50],[43,56],[36,99],[35,45],[21,54],[66,-7],[61,28],[54,-8],[61,11],[2,-66],[89,-24],[44,66],[9,84],[65,3],[66,-13],[53,16],[25,50],[63,4],[25,-28],[52,6],[35,40],[92,-32],[14,22],[-46,32],[-70,-14],[-58,14],[63,35],[19,28],[59,2],[56,-20],[14,32],[46,3],[103,42],[-20,42],[-92,-24],[-1,70],[-19,30],[-114,10],[-102,-58],[-68,26],[-24,27],[-6,106],[17,7],[9,103],[33,6],[-16,43],[7,44],[-91,-1],[-215,-62],[-22,-26],[-48,-1],[-54,20],[-113,6],[-118,24],[-41,57],[-50,20],[9,93],[-38,185],[-46,59],[-95,26],[-82,-20],[54,83],[178,-20],[151,4],[143,38],[185,19],[63,-1],[175,41],[132,13],[74,-20],[110,-11],[55,-41],[32,-3],[141,-63],[85,-8],[59,-17],[25,-48],[39,-14],[-5,-35],[-42,-19],[-9,-82],[-25,-13],[5,-44],[42,-3],[65,-34],[35,-54],[78,6],[23,28],[16,91],[-88,32],[-14,25],[46,90],[6,47],[-29,11],[-6,65],[-29,36],[-46,17],[-2,37],[28,33],[203,115],[41,35],[132,59],[34,-9],[76,40],[22,60],[94,34],[152,-27],[12,-35],[-94,-89],[-17,-84],[-66,-86],[-6,-61],[-42,5],[-124,-30],[81,-24],[57,-2],[34,-22],[74,-12],[13,-44],[-13,-59],[-36,-22],[-132,-130],[-8,-44],[57,-42],[38,8],[61,56],[55,-22],[83,11],[30,31],[79,31],[68,54],[24,53],[-12,54],[-103,16],[3,29],[-128,30],[-134,11],[-17,46],[77,37],[35,59],[106,38],[38,-22],[-6,-37],[29,-106],[69,-66],[47,-16],[66,-42],[97,-93],[102,-137],[0,-43],[-65,-69],[-22,-64],[9,-47],[47,-44],[20,-71],[168,-48],[119,-23],[31,-24],[19,-70],[42,-81],[46,1],[75,42],[116,50],[153,30],[121,-31],[60,9],[14,-42],[-119,-20],[-80,-48],[-49,-96],[-85,-109],[-7,-47],[26,-29],[93,10],[127,4],[139,-16],[14,-17],[-51,-42],[-23,-37],[108,13],[28,-38],[-72,-50],[-25,-49],[-73,23],[-102,-25],[-52,6],[13,72],[121,45],[-18,36],[-58,-36],[-75,-27],[4,-50],[-73,-69],[8,-103],[86,-24],[93,-15],[83,51],[42,0],[70,-90],[56,14],[61,-18],[56,21],[57,-47],[104,41],[-1,83],[11,24],[-154,24],[-90,4],[3,52],[125,16],[90,-20],[57,3],[53,27],[44,-6],[36,40],[-19,75],[-37,30],[-48,3],[-181,-24],[-51,11],[-26,26],[16,29],[51,15],[85,4],[98,65],[6,62],[-16,19],[22,77],[-17,32],[18,43],[-123,43],[-110,26],[-193,-4],[-29,-38],[-33,29],[-13,41],[27,35],[-45,37],[-4,57],[43,63],[59,144],[45,10],[11,49],[-34,82],[13,9],[-37,69],[16,40],[-35,75],[-6,41],[-29,28],[2,48],[-25,58],[-53,-2],[-48,43],[41,40],[-34,37],[57,17],[125,-13],[33,42],[-6,53],[-38,17],[-55,-33],[-66,1],[-71,-14],[-18,-51],[-55,-3],[72,-82],[-86,10],[-52,-7],[-100,10],[-180,-4],[-77,-19],[-94,59],[-55,45],[-60,98],[-61,31],[-94,16],[-59,25],[-103,-9],[-25,9],[-55,62],[-67,52],[-12,63],[10,116],[-78,127],[-53,60],[-12,51],[-51,-16],[-56,2],[-65,-34],[-31,-38],[9,-29],[-56,-57],[-51,-29],[-117,-30],[-57,-39],[48,-43],[33,-62],[-28,-40],[-130,-28],[-59,-6],[-52,-31],[-47,-50],[-91,-20],[-33,6],[-77,-22],[-62,-56],[-43,-18],[-136,-16],[-93,-1],[-66,-23],[-21,-33],[-61,10],[2,37],[42,59],[42,131],[31,63],[28,92],[31,57],[89,89],[99,110],[75,106],[-15,55],[58,46],[8,111],[-24,64],[11,17],[-51,69],[-153,-37],[-44,6],[-88,-58],[-180,-84],[-92,-79],[-41,-7],[-15,-49],[18,-29],[28,-101],[-2,-31],[78,-130],[7,-62],[-63,-36],[-54,0],[12,-51],[-155,-24],[-1,-16],[-148,-115],[-35,-4],[-36,-41],[-45,3],[-70,-38],[-7,-58],[-63,-19],[-10,-25],[-137,-40],[-36,75],[50,102],[35,28],[88,17],[72,24],[143,69],[79,54],[129,113],[49,69],[60,112],[10,34],[-39,155],[-22,46],[7,46],[-28,54],[18,64],[95,94],[91,39],[154,122],[42,5],[119,68],[237,96],[167,4],[57,7],[304,10],[92,29],[29,-2],[120,36],[175,40],[89,6],[62,-9],[198,-13],[130,25],[104,11],[60,-30],[62,-66],[-55,-50],[-17,-62],[10,-38],[-51,-73],[-75,-45],[-67,-20],[-145,-11],[-121,-37],[-38,-24],[-55,-72],[-59,-116],[32,-182],[39,-111],[110,-179],[147,-138],[125,-83],[71,-40],[106,-41],[174,-40],[103,-11],[77,20],[42,42],[139,-30],[74,0],[47,25],[69,10],[82,-20],[121,24],[32,14],[317,46],[54,-2],[110,21],[113,7],[117,20],[188,3],[82,11],[200,-3],[79,-11],[131,-75],[114,-35],[52,-52],[71,-42],[81,-80],[-34,-42],[-7,-61],[62,-141],[-32,-64],[-3,-86],[-49,-42],[-60,-101],[-102,-45],[-57,-8],[-99,-74],[-60,-24],[-55,-52],[-67,20],[-90,-56],[-115,-38],[-89,-115],[-44,-23],[50,-57],[-46,-94],[-187,34],[-19,12],[-68,-70],[-28,-94],[3,-94],[39,-146],[76,-170],[74,-118],[62,-85],[81,-90],[139,-116],[105,-54],[91,0],[29,18],[91,-17],[144,4],[55,11],[37,35],[98,-25],[99,-98],[174,-123],[74,-44],[72,-161],[106,-114],[81,-57],[144,-92],[63,-30],[156,-42],[48,4],[2,-33],[-233,-34],[-55,-20],[-53,-52],[-50,-108],[3,-60],[-58,-7],[-38,-29],[-30,-51],[-45,-193],[9,-67],[35,-113],[54,-106],[-16,-19],[-103,-21],[-61,-31],[-95,115],[-59,30],[-71,-1],[-35,45],[32,40],[97,-23],[33,-53],[118,-9],[-15,95],[-36,80],[-28,27],[-98,-23],[-50,-40],[-115,13],[-96,2],[-83,-56],[-72,12],[-102,107],[-4,17],[70,47],[69,35],[152,32],[105,37],[72,74],[112,4],[67,83],[-6,47],[-79,-9],[-183,22],[-34,33],[-59,7],[-42,-19],[-126,-23],[-68,-41],[-121,-43],[-17,-14],[-82,2],[-97,-11],[-39,-40],[-54,0],[-29,19],[25,47],[49,-5],[71,25],[151,26],[112,33],[102,58],[139,50],[116,70],[54,78],[-35,42],[-78,8],[-47,-18],[-175,-30],[-40,28],[-158,-65],[40,-43],[-28,-28],[-71,-16],[-76,-31],[-2,-49],[-93,-11],[-35,10],[-30,91],[-58,79],[-82,63],[-88,38],[-113,13],[-66,-17],[-62,-82],[-86,-48],[-78,-25],[-55,28],[-89,15],[-14,-23],[-67,-17],[-133,7],[-102,12],[-101,-33],[-48,-29],[-129,-22],[-39,-58],[-139,1],[-63,-10],[-19,64],[-50,19],[4,-69],[60,-42],[37,16],[33,-29],[-15,-75],[-46,-60],[-22,-9],[-120,-7],[-95,-37],[-77,-57],[-56,-3],[-84,-55],[-84,-93],[14,-70],[-26,-51],[-45,-50],[-54,-36],[-69,-94],[-81,-53],[-16,56],[57,69],[-57,24],[-23,-26],[-66,-6],[-70,-23],[-5,-34],[-40,-27],[-92,23],[-15,-28],[-61,4],[2,-32],[43,-65],[-21,-11],[40,-82],[-51,-15],[23,-31],[59,-28],[54,6],[34,57],[-17,23],[-94,11],[15,65],[83,16],[25,-21],[93,-113],[121,69],[3,50],[45,33],[44,-12],[35,18],[39,-19],[62,-62],[45,-21],[39,-42],[62,-129],[10,-67],[-34,-46],[-52,-40],[-114,-26],[-82,-47],[-83,-64],[-27,53],[-83,43],[-132,20],[-91,33],[-285,47],[-94,26],[-39,-17],[-73,46],[-69,75],[-46,24],[-95,2],[-49,12],[-19,25],[47,32],[39,-36],[149,-38],[76,-53],[44,44],[-13,38],[51,49],[1,50],[-35,24],[-5,75],[54,38],[68,10],[36,82],[-39,31],[-57,-44],[-4,-29],[-50,-40],[-101,-24],[-52,-35],[53,-23],[-1,-57],[58,1],[7,-22],[-81,-11],[-106,23],[-108,-2],[-65,8],[-44,-10],[-50,-34],[-116,-26],[-193,57],[-43,19],[-73,85],[-134,28],[-113,58],[22,76],[-42,5],[-7,-50],[17,-43],[-91,-23],[-94,4],[-37,117],[4,62],[74,74],[-24,50],[-85,37],[-44,-36],[-18,-50],[-55,-12],[-13,-25],[-90,10],[-38,17],[-137,-49],[-41,-4],[-96,-53],[-60,33],[-4,45],[21,121],[106,54],[27,30],[52,20],[81,-9],[94,-65],[98,-33],[35,44],[-20,26],[-153,100],[-92,5],[-64,14],[-134,48],[-44,54],[-37,-29],[-7,-61],[54,-63],[-97,-251],[-3,-68],[64,-78],[43,-14],[78,-95],[89,29],[98,96],[95,-53],[47,-36],[-13,-54],[-112,21],[-65,-7],[-100,-80],[-38,-3],[-64,-49],[9,-47],[76,10],[6,23],[136,55],[-4,41],[78,33],[27,-38],[99,15],[32,22],[45,-13],[27,-43],[-8,-34],[90,-6],[84,-42],[36,-46],[81,-32],[-1,-20],[-65,-37],[56,-48],[137,-19],[234,7],[120,9],[29,-18],[119,-15],[103,-27],[54,-38],[95,-111],[30,-107],[29,-29],[9,-58],[29,-68],[83,-66],[26,-40],[67,-63],[50,-97],[83,-17],[84,0],[25,-15],[120,46],[105,8],[-43,-39],[-42,14],[-156,-62],[-74,-23],[15,-20],[-88,-100],[-71,-30],[-68,-64],[52,0],[88,65],[44,-8],[44,40],[59,-27],[54,6],[18,23],[80,10],[10,24],[51,2],[92,44],[24,24],[60,16],[118,-35],[24,-36],[85,-25],[-3,59],[12,77],[63,-22],[166,-96],[6,-47],[-84,-47],[-7,-84],[-66,-56],[19,-34],[-28,-44],[56,-5],[96,-77],[56,-11],[45,-51],[19,-51],[88,-113],[3,-152],[80,-70],[6,-42],[114,-90],[2,-58],[106,-46],[115,-4],[112,-38],[117,11],[0,71],[-73,64],[-75,77],[-12,64],[-26,69],[-40,19],[-33,59],[14,20],[163,78],[172,35],[189,22],[42,18],[207,-13],[122,5],[177,17],[170,35],[180,32],[215,51],[97,51],[98,75],[-50,39],[31,40],[38,3],[60,-45],[151,76],[127,43],[44,39],[154,77],[105,-10],[60,-31],[69,-61],[-89,-54],[-150,-20],[14,-53],[-1,-67],[42,-2],[132,-45],[58,-9],[87,-46],[80,-65],[56,10],[97,40],[38,-55],[-46,-12],[69,-48],[34,-7],[76,-43],[53,-6],[13,-65],[41,-45],[62,-32],[76,-66],[144,-46],[58,-32],[44,-55],[-27,-54],[-31,5],[-89,-90],[-20,-62],[21,-42],[-2,-48],[-54,-63],[-10,-40],[14,-54],[-84,-5],[-21,-24],[-73,-32],[12,-35],[109,-86],[-30,-43],[-51,-41],[-66,-19],[-74,-71],[-40,-21],[-130,-20],[-74,-39],[12,-33],[39,-23],[60,-6],[31,27],[35,-46],[12,-114],[95,-66],[59,-14],[76,-76],[113,-60],[59,-49],[122,5],[70,-24],[69,-66],[155,-67],[24,-57],[92,-102],[88,-82],[14,-53],[-32,-41],[-2,-47],[51,-40],[99,-9],[44,33],[126,-34],[35,-68],[99,-19],[44,-83],[115,-78],[64,-110],[-10,-44],[-38,-48],[-102,-61],[-113,8],[-82,-25],[-76,-57],[-72,-40],[-45,-8],[-15,-27],[-73,-52],[-58,-77],[-18,-95],[-27,-38],[-147,13],[-83,-17],[36,-43],[-20,-23],[-10,-88],[-49,-57],[-36,-20],[24,-124],[25,-35],[157,1],[148,-29],[133,-75],[69,-26],[107,-57],[81,-62],[80,-17],[109,-33],[148,21],[543,-135],[207,-38],[88,-8],[305,-18],[266,13],[281,5],[225,-18],[288,-30],[352,-11],[126,4],[158,-7],[406,-85],[595,-131],[144,-227],[-182,-241],[72,-117],[-21,-47],[15,-37],[-50,-377],[39,-34],[-46,-15],[-10,-76],[56,-66],[7,-54],[25,-27],[76,-35],[20,-27],[-7,-72],[-21,-50],[-112,-77],[13,-43],[69,-7],[68,-55],[-2,-185],[-6,-128],[192,-138],[105,-67],[63,-5],[-55,-496],[5,-104],[18,-78],[-95,-104],[-29,-48],[51,-27],[-16,-95],[109,-90],[39,-91],[-40,-60],[69,-127],[53,-147],[57,-32],[117,-33],[85,-35],[38,-96],[-8,-80],[18,-103],[20,-54],[-7,-103],[19,-61],[145,-11],[-5,-97],[11,-14],[-14,-126],[-21,-69],[12,-111],[32,-57],[6,-136],[50,-91],[124,-180],[61,-155],[5,-82],[-24,-139],[-30,-62],[165,-85],[31,-146],[45,-79]],[[61106,86720],[209,-24],[35,-25],[10,-64],[-58,-191],[-57,18],[-82,-54],[22,-102],[-23,-58],[24,-47],[-73,-21],[-66,-88],[46,-35],[-73,-13],[-13,-41],[-34,-13],[-21,-40],[-39,-2],[-24,-61],[-58,10],[-46,31],[-22,52],[1,59],[47,60],[-9,191],[14,58],[-10,53],[-63,-27],[-9,-33],[-117,-85],[24,-14],[-24,-38],[15,-59],[-17,-64],[18,-40],[-32,-26],[18,-42],[-4,-43],[-81,18],[-60,36],[-43,44],[-114,7],[-76,74],[-70,-58],[6,-34],[52,-17],[45,21],[72,-7],[62,9],[24,-18],[-76,-24],[-83,-8],[-103,33],[-65,62],[-35,50],[-25,93],[10,90],[-26,35],[29,52],[55,37],[241,122],[98,25],[174,61],[145,60],[141,39],[194,16]],[[61361,86808],[-14,-81],[-95,6],[109,75]],[[61564,86894],[-30,25],[-9,110],[11,95],[30,-18],[20,-78],[-17,-38],[-5,-96]],[[87906,86723],[-81,-15],[-8,-30],[33,-36],[-51,-22],[-50,34],[-12,33],[14,43],[76,57],[61,19],[42,-46],[-24,-37]],[[86441,88640],[76,-15],[43,-40],[41,-2],[35,-81],[9,-62],[59,-131],[86,-151],[117,-151],[190,-179],[69,-55],[116,-79],[98,-60],[168,-89],[191,-90],[235,-89],[163,-31],[68,-7],[103,-25],[318,-126],[135,-60],[36,-7],[144,-127],[251,-199],[287,-196],[234,-153],[210,-132],[285,-203],[119,-112],[192,-135],[49,-60],[94,-72],[227,-131],[184,-85],[38,-27],[-201,-152],[-118,-11],[-62,10],[-63,-22],[0,-27],[88,1],[136,-19],[-21,-51],[91,-81],[14,-172],[19,-74],[-33,-172],[-43,-34],[-79,60],[-72,30],[-90,4],[-78,-22],[-47,16],[-197,0],[-199,-21],[-138,20],[-88,-25],[-146,6],[-73,10],[-54,30],[-87,16],[-92,-33],[-147,-35],[-100,23],[-112,39],[-98,-10],[-70,-51],[-89,-3],[-35,-46],[-51,-35],[-45,-59],[-128,-55],[-79,-75],[-82,25],[-111,-17],[-100,-35],[-96,-8],[-85,-21],[-68,-6],[-64,10],[-124,36],[17,65],[70,-20],[73,-36],[86,11],[69,22],[36,46],[9,95],[-75,43],[-47,6],[-99,39],[-32,29],[-36,-7],[-11,-55],[14,-50],[-37,-18],[-37,-120],[-42,-73],[-48,-26],[-151,-31],[-56,3],[-40,-14],[-82,16],[-57,-11],[-34,28],[-127,2],[-63,29],[-24,37],[-95,41],[-78,-13],[-145,-4],[-15,57],[63,62],[-16,34],[31,32],[-8,28],[31,26],[1,35],[71,6],[110,-14],[91,16],[179,80],[55,-19],[76,11],[46,-8],[112,76],[22,42],[72,6],[90,22],[61,37],[-8,34],[54,35],[24,40],[26,96],[51,27],[3,62],[-68,83],[19,54],[-11,24],[-5,117],[-28,46],[-50,29],[-1,44],[-25,76],[-31,22],[-225,124],[-29,22],[-19,70],[32,57],[3,59],[24,64],[62,82],[56,21],[137,5],[63,-11],[62,13],[24,24],[85,12],[163,-30],[54,-31],[7,-73],[-17,-122],[90,-51],[-8,-19],[-82,-34],[-44,-39],[-107,-53],[2,-18],[82,-70],[-47,-31],[-26,-66],[21,-37],[-5,-92],[82,0],[-17,48],[69,77],[27,63],[38,21],[-44,28],[-32,52],[82,13],[26,17],[118,30],[-11,-32],[125,41],[99,-47],[119,27],[84,-16],[-139,-77],[13,-51],[99,-61],[79,-19],[57,-32],[70,-9],[30,21],[19,44],[-21,22],[-54,-10],[-17,58],[91,167],[-7,54],[27,38],[10,66],[26,54],[-26,164],[12,52],[-67,30],[20,26],[-27,64],[6,25],[-71,90],[-59,29],[-88,9],[-104,-100],[-81,-3],[-17,53],[7,49],[-17,114],[-41,99],[-5,81],[-66,69],[-72,23],[-72,56],[-36,52],[-70,36],[-189,-12],[-108,35],[-79,-3],[-125,25],[-46,-8],[-45,19],[-32,-26],[63,-14],[-43,-67],[-1,-40],[-30,-51],[55,-26],[68,-84],[22,-62],[-70,-27],[-30,-59],[-48,-27],[-39,-68],[7,-14],[-93,-105],[-135,-31],[-120,-2],[-115,-36],[-41,-89],[-59,28],[-33,71],[9,84],[73,85],[42,24],[18,45],[-10,39],[14,51],[41,21],[48,-30],[55,54],[6,48],[-41,19],[-41,-21],[-21,43],[-60,37],[-103,28],[-15,-21],[-71,-2],[-28,-57],[-114,-40],[-127,-27],[-20,6],[-48,-59],[-64,-22],[-53,-66],[-49,-94],[-46,-9],[-185,-1],[-111,15],[-70,95],[27,76],[61,61],[15,46],[48,5],[28,-36],[35,22],[-9,42],[38,47],[53,21],[1,49],[-28,45],[33,33],[74,43],[-5,71],[34,61],[2,33],[81,83],[-1,119],[37,31],[16,75],[-91,147],[-132,9],[-72,49],[-19,53],[-105,25],[20,77],[-44,90],[-60,10],[-95,0],[-29,40],[-8,93],[-41,63],[1,60],[-15,30],[70,111],[95,54],[99,34],[138,21],[120,0]],[[86608,88592],[-39,-4],[-32,36],[64,8],[7,-40]],[[86590,88691],[-9,-30],[-76,14],[7,19],[78,-3]],[[86189,89054],[-60,-70],[-1,103],[51,-3],[10,-30]],[[87780,89635],[71,-34],[-104,-46],[-40,-43],[-47,26],[72,54],[17,39],[31,4]],[[83676,90554],[-70,-6],[-102,-53],[-43,-47],[8,-46],[-63,8],[-6,57],[49,-5],[80,84],[-1,52],[119,57],[64,-68],[-35,-33]],[[74877,91700],[5,-39],[-79,-56],[-112,-2],[10,57],[51,44],[108,5],[17,-9]],[[80049,91503],[-41,32],[55,37],[85,-12],[-28,-43],[-71,-14]],[[73866,91795],[-53,-13],[-39,43],[29,19],[63,-49]],[[74432,91940],[54,-8],[89,-55],[97,-18],[69,9],[58,-53],[19,-52],[-14,-19],[-105,-7],[-51,22],[-164,25],[-97,-12],[-89,-38],[-48,4],[-45,39],[49,64],[74,6],[57,18],[-3,72],[50,3]],[[77186,92089],[110,-12],[-15,-37],[-95,20],[-108,-23],[-90,-83],[-69,34],[21,71],[46,36],[200,-6]],[[77549,92084],[27,-26],[-46,-30],[-59,52],[78,4]],[[78301,92315],[-1,-31],[53,-62],[40,-18],[-68,-38],[-24,-27],[-112,-55],[-38,25],[-42,-20],[-74,-6],[-73,21],[-123,-19],[-107,-30],[-86,-67],[-60,-18],[-114,-7],[-27,86],[91,-34],[42,-5],[54,31],[20,48],[42,49],[58,18],[90,5],[90,-22],[83,28],[100,-22],[86,74],[41,14],[21,82],[38,0]],[[80198,92436],[-11,-52],[-79,-23],[-36,42],[70,3],[56,30]],[[79750,92748],[132,-18],[27,-33],[-17,-40],[43,-17],[187,-8],[52,-13],[17,-66],[30,-63],[-24,-44],[-41,1],[-64,-39],[-56,-5],[-28,24],[-153,-38],[-71,-7],[-11,-39],[22,-24],[-66,-57],[-129,9],[-61,-28],[-9,-60],[-69,-23],[-103,13],[-50,-32],[-109,-45],[-64,12],[-33,-25],[-40,21],[3,50],[32,74],[81,71],[99,191],[39,57],[154,127],[136,57],[144,17]],[[79493,92991],[65,-20],[31,-78],[-96,-25],[-53,43],[21,79],[32,1]],[[79108,93385],[-83,-31],[-2,73],[69,39],[25,-45],[-9,-36]],[[79242,94171],[106,-18],[10,-94],[45,-167],[-56,73],[-19,0],[15,-114],[-48,29],[-11,40],[-72,55],[55,11],[17,54],[-31,29],[-89,-67],[-65,-100],[-136,11],[-15,-35],[30,-46],[52,-34],[-12,-23],[-69,-16],[10,-36],[-37,-18],[50,-36],[38,-103],[16,-82],[-20,-26],[-19,-82],[35,-62],[-123,-84],[-24,-33],[-118,-16],[15,-56],[-19,-54],[-82,1],[-6,-45],[-26,-27],[4,-55],[-27,-26],[-4,-67],[-65,-20],[-6,-71],[36,-125],[-34,-51],[31,-27],[-23,-21],[-12,-49],[5,-62],[-41,-46],[-2,-39],[-34,-27],[-51,9],[2,65],[-13,116],[16,76],[29,67],[13,81],[71,174],[79,144],[44,138],[29,130],[73,105],[47,109],[37,133],[23,158],[-16,35],[3,90],[-39,40],[229,165],[134,31],[65,-9]],[[62466,74028],[-15,-41],[-208,-130],[-89,-52],[-59,-74],[-49,3],[-78,-107],[91,-12],[-44,-66],[-95,1],[-47,10],[-112,50],[-65,59],[-144,-18],[-82,-88],[-9,-58],[-27,-43],[-12,-103],[-105,-310],[138,-240],[-144,8],[-106,-25],[-131,-10],[-80,-39],[-90,-32],[-227,-161],[-82,-12],[-26,-44],[-101,-78],[-59,-68],[-50,-17],[-144,-24],[-40,21],[-47,-30],[-93,-12],[-59,-38],[-58,-16],[-10,-22],[-93,-51],[-75,-24],[-100,2],[-18,-30],[-185,-70],[-61,-34],[-58,-6],[-147,-37],[-21,53],[15,39],[-7,65],[-88,21],[-105,-15],[-101,-95],[-87,-2],[-152,-18],[-65,11],[-39,117],[-56,36],[-67,-1],[-58,18],[16,64],[-243,34],[-115,4],[-96,16],[-248,53],[-17,-53],[-211,-55],[-170,-10],[-72,-14],[-73,6],[-104,23],[-40,19],[30,125],[30,47],[-218,1],[-127,-44],[-94,8],[-82,24],[-129,18],[-39,-24],[-62,5],[-193,-27],[-63,23],[-90,-16],[-60,-51],[11,-37],[-49,-58],[-3,-87],[14,-52],[-50,-79],[-66,-48],[-58,-11],[-66,24],[-6,-49],[-31,-34],[-79,-42],[4,-23],[-101,-102],[-97,-84],[-144,10],[-124,-12],[-94,22],[-122,9],[-25,-97],[-25,-27],[-150,24],[-29,63],[-57,34],[-62,-2],[-94,-42],[-98,-6],[-45,10],[-74,-61],[-114,-2],[-168,17],[-91,21],[-48,-85],[-238,-10],[-83,-9],[-21,-22],[76,-84],[-84,-47],[32,-33],[-27,-52],[-63,-41],[-18,-30],[51,-197],[-69,-205],[9,-50],[64,-76],[7,-27],[60,-82],[15,5],[64,-84],[2,-84],[27,-22],[95,-12],[28,-18],[26,-54],[-14,-47],[-3,-91],[-15,-58],[48,-30],[4,-47],[31,-149],[84,-9],[46,19],[88,5],[87,27],[57,-23],[29,-65],[41,-43],[-33,-87],[34,-27],[22,-47],[37,-16],[49,-49],[41,-77],[85,-80],[18,-39],[69,-35],[88,-78],[44,-29],[-3,-37],[21,-67],[45,-60],[77,-47],[68,-60],[20,-55],[37,-34],[30,-112],[43,-8],[47,-30],[28,-86],[102,-36],[-39,-53],[62,-15],[35,27],[142,45],[20,68],[207,73],[48,5],[91,-27],[-3,-145],[-27,-38],[15,-40],[-43,-44],[-75,-17],[-57,-28],[-18,-51],[-50,-39],[-87,-15],[-61,-37],[84,-80],[-62,-36],[-17,-59],[14,-42],[-42,-58],[59,-88],[-7,-59],[66,-110],[125,-161],[42,-30],[169,-181],[189,-166],[133,-112],[-36,-12],[-133,13],[-126,3],[-75,55],[-167,-59],[-104,-15],[-70,-41],[7,-72],[-29,-40],[14,-38],[-20,-53],[-71,-10],[2,-145],[-10,-46],[153,-89],[11,-69],[83,-50],[45,-102],[69,-57],[70,-24],[176,-130],[0,-22],[57,-45],[-23,-29],[142,-51],[25,-49],[118,-103],[-24,-28],[26,-35],[44,6],[31,-26],[92,-26],[23,-43],[114,34],[84,-83],[56,-4],[59,-54],[-17,-25],[33,-22],[36,17],[51,-2],[-8,-34],[-74,-24],[27,-153],[-8,-32],[-54,-17],[-23,43],[-46,-92],[-47,-16],[-100,3],[-69,-48],[-56,-11],[-23,15],[-86,-6],[6,26],[-85,-16],[-89,-7],[-71,-32],[-73,-15],[-14,31],[-75,-17],[-22,-18],[46,-85],[155,20],[29,-75],[-52,-14],[12,-28],[51,18],[64,-8],[88,-88],[6,-30],[54,-27],[22,-33],[40,-17],[27,-39],[29,4],[13,-52],[-18,-37],[40,-23],[-106,-55],[-84,-10],[-102,-68],[14,-59],[69,-58],[56,-73],[42,-82],[77,28],[74,-3],[101,-60],[-21,-18],[9,-41],[57,-52],[-43,-64],[79,-144],[-8,-24],[116,14],[41,19],[57,-49],[16,-65],[68,-73],[-80,-52],[-19,-76],[-209,-17],[-143,-30],[-80,-54],[-63,-5],[-113,-70],[35,-50],[-75,-36],[-44,16],[10,-59],[-21,-85],[18,-82],[54,-49],[182,-82],[102,1],[91,13],[64,-22],[21,-75],[-75,-64],[64,-84],[-87,-57],[-81,-74],[14,-85],[-24,-42],[-69,5],[-103,-37],[-8,-23],[-111,-14],[-31,-29],[-30,-57],[-152,-85],[-57,-18],[-135,-70],[-37,-30],[-122,17],[-104,-15],[-152,-36],[13,-55],[-31,-33],[61,-49],[59,-16],[87,-44],[82,8],[42,-38],[7,-92],[17,-55],[-45,-83],[-39,-98],[-35,-29],[-297,27],[-39,-8],[-150,-8],[-219,-1],[-79,9],[-150,-2],[-58,-18],[-129,-70],[-107,-25],[-100,1],[-127,-32],[-83,11],[-193,-9],[-148,17],[-83,16],[-90,-6],[-101,-26],[0,-33],[-52,-4],[-27,41],[-145,7],[-60,-12],[-180,23],[-198,3],[-180,-23],[-95,-19],[-129,-37],[-42,7],[-76,-21],[-88,-12],[42,-115],[28,5],[27,-60],[-15,-49],[-92,-24],[-52,1],[-41,-66],[5,-31],[-59,-31],[-217,-57],[-19,20],[-62,-25],[-65,-12],[3,33],[-51,5],[9,55],[-48,-3],[-7,-36],[-203,-12],[19,-52],[-48,-4],[-99,-26],[279,-274],[-12,-83],[37,-15],[79,-1],[76,30],[37,-27],[-5,-84],[89,0],[56,-22],[-8,-54],[12,-65],[27,8],[141,10],[69,45],[67,-39],[31,-44],[-34,-32],[-138,-37],[-20,-29],[-92,-2],[-23,-10],[-15,-54],[-32,-2],[-17,-41],[-37,-7],[3,-47],[36,-21],[14,-35],[-52,-128],[270,-71],[117,-113],[17,-101],[-12,-131],[-65,-74],[-87,-86],[-20,-47],[-38,-20],[-53,-3],[-77,-21],[-57,-39],[-16,-36],[-57,-33],[-30,-75],[-21,-15],[-133,-18],[-53,4],[-58,-61],[-23,-68],[33,-26],[66,-18],[26,-48],[-89,-68],[-27,-60],[9,-59],[-18,-38],[9,-32],[-39,-57],[87,-143],[16,-13],[15,-149],[-11,-31],[-40,-31],[12,-36],[92,-100],[34,-58],[140,-67],[87,-8],[98,-20],[65,-54],[32,-86],[-7,-101],[25,-66],[83,-53],[25,-41],[-11,-52],[46,-27],[30,-56],[79,-5],[53,-38],[79,-74],[13,-88],[30,-72],[-55,-3],[-35,-102],[25,-27],[-4,-91],[30,-42],[16,-121],[135,-80],[33,-81],[35,-42],[28,-59],[47,-45],[58,-10]],[[52696,56133],[-29,-35],[-78,4],[-177,-39],[39,-108],[-64,15],[-152,-44],[-25,-22],[-191,-41],[1,-71],[98,-97],[-143,-27],[-26,-48],[18,-102],[40,-63],[6,-68],[55,6],[64,-28],[96,-6],[8,-24],[78,-25],[-8,-46],[-78,-101],[21,-40],[-38,-67],[-131,22],[8,35],[-98,-7],[-38,47],[-70,24],[-13,24],[27,32],[-69,47],[-104,45],[-85,4],[-54,-14],[-13,-35],[-57,-30],[-29,-58],[-63,-38],[-77,0],[-10,-42],[-71,9],[-36,-46],[-69,-35],[-162,-17],[-124,47],[-48,-36],[-80,-17],[-36,-19],[-103,39],[-2,28],[-36,57],[-28,-14],[-25,57],[-60,77],[-312,136],[-45,-16],[-49,25],[-82,-1],[-46,58],[-160,49],[-68,-3],[-109,-45],[-103,-27],[-93,15],[-82,-21],[-141,34],[-80,-15],[28,-39],[39,-14],[30,-116],[-15,-40],[16,-34],[-4,-75],[-49,-53],[-96,-35],[71,-24],[-55,-96],[17,-25],[-17,-31],[-56,-22],[-10,-31],[-91,-38],[-46,-38],[-5,-37],[-46,-33],[9,-36],[-22,-56],[-150,-30],[-102,-33],[-45,13],[-68,-6],[-38,-80],[-45,-18],[-15,-33],[-8,-81],[26,-35],[-20,-26],[-76,-18],[-90,25],[-78,-38],[-57,-11],[8,-31],[-79,-10],[-32,-19],[-195,-28],[-11,-67],[-64,-14],[-7,-29],[-43,-56],[-86,34],[-91,-44],[-17,32],[31,77],[-75,40],[-62,72],[-40,-10],[-86,-64],[-43,-11],[-69,-108],[-61,-29],[-1,-23],[84,-40],[2,-37],[-39,-13],[-57,-48],[32,-21],[-58,-90],[-6,-33],[-73,-23],[-96,30],[-32,-41],[-40,46],[-109,-32],[-24,-26],[28,-37],[-16,-33],[146,-73],[-44,-27],[-109,4],[-95,75],[-116,-18],[-45,-50],[-136,43],[-57,0],[-92,26],[-117,-14],[-10,-11],[5,-108],[-48,-74],[-66,-14],[-51,23],[14,42],[-13,34],[-53,28],[14,53],[-29,36],[-99,-3],[29,-45],[-19,-28],[-80,-23],[-6,-51],[-48,-46],[-39,10],[-87,-23],[-99,2],[-67,21],[-60,-158],[-52,-9],[-5,-53],[-55,6],[-60,-28],[-26,-51],[-74,-1],[-160,-31],[-41,-39],[-61,-17],[-51,-44],[-47,-72],[-61,-47],[-149,-40]],[[38954,56238],[-97,7],[-130,-41],[-52,-7],[-120,11],[-28,-9],[-163,-17],[-44,8],[-29,33],[-54,8],[35,97],[13,103],[29,35],[51,29],[95,32],[-2,97],[-61,56],[-29,55],[13,20],[100,65],[38,39],[8,70],[-86,89],[-47,62],[-20,51],[4,36],[78,93],[-4,26],[-46,32],[-93,30],[-61,51],[-7,36],[24,34],[71,60],[2,89],[140,0],[61,20],[50,53],[24,96],[154,117],[67,62],[68,27],[6,28],[126,71],[-128,29],[48,83],[-108,18],[-4,74],[-35,-2],[8,49],[40,51],[50,34],[46,51],[-42,37],[50,44],[-59,55],[-30,56],[19,24],[69,34],[47,41],[112,50],[62,64],[-20,68],[-176,-27],[-67,-44],[-65,9],[-85,-13],[-107,9],[-78,-13],[-112,36],[-38,25],[-100,16],[-52,-5],[-41,26],[-134,21],[-106,-27],[-55,-25],[-46,-43],[-99,-49],[33,92],[-1,30],[29,160],[-3,35],[46,24],[-22,76],[32,39],[-21,42],[20,50],[-25,28],[-17,56],[-5,66],[-60,52],[-34,63],[-100,4],[-50,15],[-35,54],[-106,5],[-54,-30],[-54,-9],[-109,50],[-45,47],[-40,9],[-62,52],[33,58],[-19,42],[58,0],[-18,48],[-35,2],[-59,37],[48,70],[-15,36],[141,14],[3,48],[-77,24],[-2,51],[-30,12],[29,44],[-32,44],[-65,-44],[-25,18],[42,30],[-90,37],[-69,-3],[-159,-26],[-24,29],[-101,-26],[-56,-23],[-79,8],[-47,-80],[-35,-2],[20,-83],[-50,23],[-88,-2],[-113,30],[-26,19],[24,35],[-2,50],[-41,61],[-86,36],[-16,37],[62,11],[29,21],[7,67],[45,32],[63,16],[35,29],[-75,38],[-53,-2],[-64,38],[85,49],[45,46],[68,20],[-21,50],[-58,64],[-12,73],[-87,48],[-45,48],[-39,89],[43,7],[-18,44],[-38,35],[33,99],[-8,69],[54,22],[21,73],[99,23],[-99,144],[-44,38],[-13,30],[-57,27],[-176,46],[10,77],[-53,2],[-76,22],[-100,-69],[-19,44],[38,26],[-6,78],[52,28],[69,15],[-26,30],[123,36],[38,71],[-39,39],[12,28],[-38,52],[-20,0],[-74,74],[-31,8],[-139,-2],[-16,40],[-126,0],[-40,-45],[-59,-33],[-86,8],[-2,36],[-54,-12],[-99,32],[-34,48],[-152,-11],[35,26],[6,77],[-199,-1],[-21,-30],[-81,-56],[4,-25],[-48,-12],[-40,19],[-201,-99],[-74,43],[5,50],[66,104],[-3,107],[-35,10],[-15,71],[38,88],[42,-18],[17,53],[-107,13],[7,63],[-50,6],[6,33],[-77,29],[-3,59],[-52,-27],[-37,44],[11,35],[-62,29],[64,26],[77,-74],[74,-9],[62,74],[66,-41],[-24,-40],[9,-40],[31,-28],[63,10],[146,1],[55,-11],[-25,85],[60,67],[-39,52],[-17,57],[29,46],[-3,39],[-77,67],[-51,21],[26,99],[65,12],[49,-67],[53,-10],[71,24],[86,51],[87,40],[25,59],[-201,47],[-53,39],[-99,54],[-48,11],[-73,51],[-87,22],[-171,22],[-30,-2],[-25,60],[-263,48],[-80,32],[0,24],[56,69],[8,45],[-71,-13],[-46,46],[-48,26],[166,44],[46,21],[56,44],[-30,75],[-1,30],[42,58],[7,112],[14,74],[73,47],[6,101],[103,-7],[20,71],[72,10],[30,-13],[70,76],[2,76],[20,36],[68,-13],[67,-36],[82,-17],[116,-12],[14,28],[-16,35],[16,31],[145,17],[55,75],[67,9],[24,35],[-8,32],[71,108],[67,39],[6,64],[25,54],[-20,37],[-40,20],[55,50],[74,35],[58,46],[0,31],[56,-7],[69,107],[17,100],[-17,107],[-128,-10],[-19,31],[-48,25],[-8,29],[62,19],[13,50],[-17,34],[-174,95],[91,181],[32,4],[74,42],[3,18],[139,82],[-26,81],[28,18],[119,-6],[-52,108],[-214,23],[-50,65],[-68,40],[-69,54],[-51,-29],[-53,-1],[-141,37],[-75,-32],[-127,51],[-20,-1],[-61,-95],[-59,-67],[38,-41],[-8,-21],[-63,-35],[-52,15],[-76,-14],[-39,-35],[-31,-95],[-38,-33],[14,-44],[-10,-48],[-42,-2],[-12,-34],[-143,3],[-19,-27],[-84,-47],[-120,-14],[90,-67],[-37,-78],[-9,-61],[25,-25],[-44,-55],[-126,-13],[-76,-31],[8,-34],[-16,-42],[-44,-6],[6,-32],[-59,-11],[-60,11],[-32,-99],[-97,-49],[20,-35],[-50,-8],[-95,6],[-24,14],[-201,23],[6,-35],[-65,-4],[-18,58],[-48,-9],[4,-40],[-31,-81],[-106,-5],[-119,-37],[12,27],[-123,-13],[-35,-58],[-653,109],[-92,12],[-444,-139],[-91,45],[-29,55],[-61,29],[-49,39],[-89,-73],[-17,-35],[-84,36],[26,39],[-18,31],[29,95],[-60,61],[-7,56],[30,66],[26,21],[78,13],[11,55],[-15,36],[-124,91],[-22,62],[15,67],[1,78],[61,63],[-1,94],[-18,79],[3,48],[-113,118],[49,176],[-10,39],[-38,39],[0,30],[-110,44],[-48,28],[44,19],[13,35],[-55,5],[-140,-21],[-60,65],[-146,116],[-385,-149],[-455,-180],[-162,-61],[-41,-26],[-439,131],[-84,69],[-233,-155],[-64,-72],[-99,24],[-149,-92],[15,-17],[-18,-170],[-18,-110],[-29,-97],[-48,-17],[-11,-34],[-35,-9],[-94,-61],[-89,-46],[-39,48],[-82,-32],[-32,-42],[-86,17],[-16,31],[-58,16],[-150,-41],[-5,-35],[-161,3],[-125,-16],[-75,53],[-4,30],[-73,30],[-124,17],[-90,-32],[-96,44],[-64,50],[-49,-37],[-38,37],[-68,-32],[3,-26],[74,-101],[38,-2],[-17,-42],[-24,-114],[43,32],[41,-5],[18,-59],[55,-25],[-13,-25],[53,-22],[-22,-96],[-30,-24],[-15,-55],[67,-45],[-87,-15],[-5,-24],[109,-71],[212,-30],[178,-92],[88,-26],[153,-30],[89,-25],[37,0],[51,-39],[35,-54],[309,-143],[34,2],[32,-47],[44,-1],[35,-47],[-2,-41],[88,-212],[5,-43],[28,-69],[62,-75],[16,-78],[15,-20],[110,-23],[-31,-25],[-48,-124],[-56,12],[-20,-34],[35,-41],[-26,-55],[-3,-97],[10,-69],[41,6],[20,-108],[-13,-21],[26,-57],[-81,-121],[52,-20],[-9,-56],[37,-12],[21,-54],[-19,-22],[-70,-33],[-9,-104],[26,-63],[-97,-63],[-19,-88],[-93,-48],[13,-24],[57,-28],[67,-101],[16,-55],[57,-33],[183,-45],[72,-4],[128,-31],[122,-13],[32,-22],[72,-21],[-32,-27],[-97,-45],[-6,-27],[-73,-57],[-48,-49],[-9,-28],[-71,-4],[-27,-24],[-28,-61],[-131,-52],[-51,-8],[-30,-27],[-35,23],[-58,6],[-99,-53],[-17,-21],[-96,-28],[-67,-40],[-122,-58],[-52,-36],[-73,-76],[-11,-38],[10,-72],[55,-46],[4,-49],[-62,-46],[-107,-35],[-85,-1],[-153,14],[-55,29],[7,35],[-56,46],[-65,-8],[-35,21],[-58,2],[-70,54],[-82,-6],[-124,34],[-106,-47],[10,-33],[-42,-18],[-109,33],[-97,55],[-77,4],[7,76],[-30,29],[-56,-28],[-118,-15],[-24,-54],[-3,-44],[-24,-29],[-181,13],[-29,-39],[-149,-124],[-47,-2],[-42,-31],[-22,-52],[-114,-68],[-21,-69],[-60,-42],[-5,-43],[-31,-39],[-34,-99],[-28,-19],[-147,-9],[-28,22],[-68,-10],[-63,8],[-28,26],[-125,-6],[-83,-20],[-66,-6],[-51,-22],[-32,-32],[-94,-39],[-185,-60],[-77,-50],[-44,80],[-201,36],[-44,-13],[-35,38],[-112,-8],[-10,-43],[-142,-14],[-72,11],[1,41],[-56,10],[-58,-49],[-68,-23],[-2,-47],[-59,-29],[-87,-16],[-130,-71],[-21,-44],[-41,-28],[-23,-65],[-67,-33],[-82,26],[-101,20],[-329,87],[-51,23],[-122,40],[41,82],[-64,28],[-59,69],[-46,36],[-106,125],[-74,69],[-4,27],[100,62],[93,35],[110,26],[-1,12],[177,36],[74,25],[76,0],[131,56],[106,122],[43,16],[393,-8],[-31,276],[-23,11],[16,84],[-25,38],[16,32],[-62,8],[58,55],[-27,33],[15,36],[114,-10],[-7,34],[96,-35],[50,56],[-74,32],[-36,34],[20,44],[-103,50],[-123,-4],[-133,-21],[-23,-19],[-83,-18],[-58,35],[-124,39],[-205,-9],[-85,27],[-29,38],[-46,2],[-56,26],[-118,83],[8,66],[-64,49],[41,33],[-47,30],[-29,40],[21,22],[51,-7],[-11,60],[45,19],[13,45],[40,31],[2,36],[57,-15],[74,61],[17,46],[-18,53],[23,90],[-15,48],[-41,38],[-4,87],[25,47],[2,57],[70,35],[134,-7],[88,50],[42,61],[-262,185],[-22,72],[31,39],[-14,26],[24,50],[45,0],[125,42],[103,-2],[308,-27],[37,76],[-71,10],[-56,24],[-74,72],[-50,33],[-11,40],[-40,30],[-40,6],[-17,51],[-100,63],[-9,48],[36,22],[-11,60],[38,25],[-62,37],[-63,-32],[-14,30],[35,73],[-12,41],[-63,43],[-4,36],[-69,-9],[-95,17],[-144,91],[-182,101],[-16,-25],[-215,-14],[-300,-109],[-391,31],[-17,5],[-873,361],[-127,14],[-73,193],[-52,235],[-61,120],[-91,128],[-53,37],[-176,-6],[3,31],[-142,30],[13,21],[-120,15],[-145,57],[-92,20],[-87,31],[-49,5],[-69,34],[-137,-131],[-4,-18],[-90,-111],[-61,-101],[-19,-72],[-52,-116],[27,-26],[64,-22],[184,-79],[71,-18],[-17,-92],[-119,-63],[-81,-68],[10,-24],[-21,-51],[-2,-47],[-72,-115],[-40,-51],[88,-29],[-39,-27],[-59,22],[-112,-83],[3,-28],[-67,-15],[-48,21],[-74,-31],[-53,32],[-90,-8],[-67,-29],[-36,-37],[-98,-44],[-68,-3],[-204,-129],[-78,-43],[-453,-184],[-76,-140],[-44,-55],[5,-53],[-84,-21],[-80,-8],[-91,15],[-38,-18],[-6,-41],[-31,-28],[-115,40],[-171,-116],[-100,-153],[-174,-72],[-307,-31],[-213,-210],[-37,8],[-114,-10],[-500,3],[-330,6],[-596,26],[-73,-11],[-275,-59],[-5,-34],[-32,-27],[-44,-6],[-46,-44],[-6,-66],[-39,-35],[-81,-23],[-321,-20],[-30,1]],[[13074,63825],[-255,190],[-116,204],[-33,19],[-14,53],[16,63],[-28,53],[3,72],[77,130],[59,66],[44,76],[39,36],[14,49],[-10,50],[92,106],[14,82],[167,176],[7,192],[-7,80],[-86,209],[-62,80],[2,43],[-36,21],[-31,-13],[-131,35],[-52,-2],[-149,259],[-123,82],[-58,193],[-63,139],[-57,92],[-6,44],[-66,52],[-113,-52],[-35,-76],[-48,-62],[-38,-68],[-47,-63],[-154,-98],[-69,-18],[-380,82],[-198,60],[-292,62],[-101,-19],[19,124],[-66,-3],[-180,9],[-207,-6],[-416,0],[-234,54],[-87,49],[-232,121],[-37,1],[-248,118],[69,391],[4,68],[-92,136],[-165,266],[384,-62],[3,23],[50,38],[57,127],[79,-16],[88,-2],[104,-33],[142,30],[29,25],[-523,323],[31,79],[-9,41],[32,67],[8,67],[29,82],[-26,52],[-67,44],[-47,58],[-45,13],[81,41],[94,29],[50,55],[71,50],[51,50],[93,21],[33,-15],[58,39],[99,-26],[48,43],[121,30],[73,2],[55,-25],[77,16],[74,-39],[149,-15],[107,50],[72,3],[118,-40],[49,11],[117,5],[66,38],[94,-31],[120,11],[80,-4],[48,-31],[124,-26],[17,-56],[45,-32],[90,5],[74,-24],[57,-4],[64,17],[79,-5],[62,33],[91,2],[95,59],[62,-14],[35,-22],[94,-28],[61,10],[60,-15],[28,-33],[63,-21],[166,-26],[75,3],[76,-29],[149,138],[-9,13],[87,851],[21,249],[54,739],[27,298],[225,351],[-59,151],[189,183],[276,329],[290,351],[150,168],[122,142],[211,532],[91,225],[87,86],[-48,51],[-74,462],[-74,438],[15,189],[24,225],[-218,108],[32,32],[-53,45],[-21,134],[43,24],[32,61],[41,42],[-4,120],[13,56],[145,190],[110,7],[144,37],[-32,21],[-176,89],[32,44],[60,48],[13,42],[-7,199],[-54,129],[6,47],[-40,191],[-194,957],[588,9],[37,27],[12,58],[148,10],[29,20],[-87,32],[-149,15],[-41,10],[-184,11],[-399,29],[-68,-9],[-109,18],[-387,-1],[-823,-10],[-114,50],[-168,-29],[-95,11],[-55,24],[-77,73],[-99,123],[-48,72],[-14,70],[-1,81],[84,57],[45,79],[13,59],[-30,51],[-3,39],[21,77],[0,47],[30,37],[-15,136],[9,88],[-20,3],[18,130],[148,548],[-16,71],[13,26],[125,140],[121,142],[9,29],[-96,120],[-43,90],[-73,82],[40,10],[42,53],[6,32],[-34,89],[19,5],[42,-99],[95,-35],[131,-84],[107,-29],[54,35],[16,41],[66,-42],[50,-53],[64,-47],[42,5],[32,52],[78,28],[133,10],[126,48],[26,59],[-34,41],[-68,31],[-106,113],[-17,33],[-89,28],[3,53],[-100,49],[-94,89],[36,105],[240,195],[171,84],[131,74],[89,85],[-21,14],[65,74],[-2,57],[48,54],[149,-5],[48,35],[87,119],[344,171],[85,36],[36,51],[157,59],[37,38],[255,61],[58,-14],[102,27],[94,58],[135,21],[97,24],[319,33],[57,10],[27,-13],[52,20],[84,8],[189,-55],[153,12],[33,-15],[123,1],[227,22],[86,2],[128,-8],[178,-1],[158,-12],[34,8],[309,-97],[81,-46],[91,0],[90,25],[158,22],[66,-8],[52,20],[49,-12],[123,28],[-38,32],[99,6],[92,-9],[175,75],[98,23],[189,13],[78,29],[182,29],[19,11],[111,16],[64,32],[138,25],[1,11],[160,23],[89,4],[54,-33],[53,-9],[133,-4],[133,7],[229,21],[48,28],[83,10],[64,37],[67,5],[8,22],[260,21],[62,10],[156,-9],[219,24],[121,17],[83,0],[111,22],[259,13],[97,10],[190,-15],[196,0],[164,-7],[225,-27],[67,0],[235,-30],[173,-53],[45,-29],[-5,-75],[-72,-75],[-33,-137],[55,-51],[37,-150],[-9,-59],[32,-76],[21,-13],[30,-71],[81,-113],[77,-6],[96,19],[121,45],[14,13],[125,-39],[46,-39],[86,-104],[194,-214],[51,-96],[30,-101],[25,-30],[270,44],[74,-207],[-13,-36],[-131,-42],[46,-101],[85,-102],[37,-63],[44,-117],[75,-65],[24,-55],[-14,-78],[-41,-56],[4,-42],[-49,-90],[-77,-67],[-210,-46],[-205,-51],[-158,-46],[-72,-16],[-189,-5],[-59,12],[-114,38],[-18,-61],[-7,-71],[25,-165],[29,-76],[47,-83],[100,-133],[116,-104],[94,-72],[28,-8],[102,16],[90,57],[208,20],[74,-39],[36,5],[22,-34],[44,-6],[74,-57],[3,-18],[148,-116],[105,-104],[114,-103],[28,-34],[-10,-49],[45,-57],[35,-21],[86,-24],[128,-5],[229,-35],[79,2],[78,28],[104,56],[57,54],[63,45],[141,144],[68,85],[-32,54],[18,86],[14,17],[118,67],[69,117],[22,187],[-8,136],[6,95],[-5,119],[8,108],[-15,73],[15,19],[-34,57],[-48,48],[-66,34],[-36,5],[-249,-75],[-135,-19],[-220,27],[-150,2],[38,167],[17,228],[14,121],[54,193],[-13,22],[22,60],[93,130],[135,106],[117,57],[53,40],[127,59],[223,43],[40,-11],[95,-4],[153,-46],[119,-68],[82,-85],[134,-164],[63,-41],[108,-125],[19,5],[138,-66],[166,-46],[235,-44],[34,-28],[52,-8],[184,-76],[165,7],[223,-36],[76,-6],[77,13],[33,21],[84,-80],[147,-77],[119,-21],[60,-25],[21,-46],[25,-113]],[[28927,81350],[-78,140],[-92,128],[-65,105],[-37,83],[-45,57],[-81,125],[7,125],[-17,136],[4,238],[29,37],[141,239],[-13,18],[80,133],[57,129],[97,108],[30,52],[-38,12],[109,208],[116,271],[52,18],[-67,31],[46,187],[86,180],[176,318],[78,-16],[16,-16],[82,114],[56,68],[102,106],[87,65],[-38,43],[150,100],[133,1],[147,60],[312,62],[104,8],[91,-5],[-37,-35],[-6,-43],[26,-55],[82,-64],[100,28],[178,-150],[19,-31],[117,-77],[-24,-25],[120,-54],[61,-14],[17,-31],[69,-37],[225,-98],[9,-13],[106,-36],[156,-27],[43,1],[222,-19],[101,27],[61,-1],[48,-16],[122,-10],[64,-16],[61,7],[87,-13],[202,-7],[59,17],[99,-18],[48,16],[119,9],[129,25],[112,35],[105,19],[276,39],[48,-9],[59,9],[99,-26],[229,-40],[-39,80],[158,33],[125,47],[181,82],[128,30],[135,56],[80,22],[105,6],[210,23],[341,16],[180,1],[33,8],[237,-5],[278,-21],[318,-43],[221,-22],[106,-25],[-26,134]],[[37126,84707],[185,-56],[325,-160],[223,-246],[204,-177],[97,-120],[151,-229],[448,-643],[117,-111],[150,-95],[423,-217],[178,-140],[61,-72],[218,-363],[24,-73],[12,-185],[63,-157],[70,-106],[80,-81],[129,-59],[277,-166],[496,-206],[462,-228],[294,-69],[298,-22]],[[48409,79129],[88,-20],[100,-63],[60,-23],[81,0],[193,15],[129,1],[113,-31],[92,-62],[124,-97],[161,-78],[72,-41],[270,-119],[164,-50],[101,-36],[151,-75],[182,-76],[119,-31],[180,-23],[291,-17],[81,-26],[76,-58],[75,-28],[63,-4],[120,31],[43,21]],[[10072,81410],[250,-88],[-1,-22],[-90,-33],[-94,-20],[-92,-3],[-48,-18],[-246,14],[-139,-43],[-61,-27],[-30,-45],[-47,-21],[-38,7],[-70,-14],[-7,-26],[-75,-6],[-16,-22],[115,-13],[64,-49],[60,-26],[1,-33],[71,-41],[47,0],[81,-18],[19,-68],[-86,-63],[-112,-12],[23,69],[-19,55],[-84,35],[-101,-12],[-38,-35],[50,-117],[-78,4],[-60,65],[-107,59],[-56,-17],[-192,105],[-157,51],[-97,95],[-3,54],[-26,78],[-29,38],[-129,-62],[27,56],[62,89],[99,42],[66,-8],[84,4],[188,30],[236,17],[291,37],[162,37],[101,8],[88,-9],[121,-34],[122,-44]],[[11267,81884],[32,-25],[73,-17],[-42,-40],[-72,-18],[-37,-82],[-48,-25],[74,-48],[-41,-28],[-98,2],[-86,32],[-48,41],[-83,98],[8,75],[131,18],[132,69],[110,23],[56,-18],[-61,-57]],[[13182,82387],[180,-18],[79,-31],[3,-28],[-46,-26],[-94,12],[-81,-13],[-122,7],[-180,-15],[-2,10],[-180,-20],[-33,-10],[-152,-12],[-14,-23],[-274,-2],[-74,-9],[-109,-44],[5,39],[-128,-13],[-61,-20],[-235,-30],[-55,1],[-106,-21],[-68,-5],[-37,12],[-160,-24],[-114,-11],[-58,27],[-73,7],[-53,-13],[-79,-38],[-64,-13],[-37,33],[69,50],[279,39],[248,24],[203,36],[378,45],[176,25],[237,23],[70,-2],[206,14],[62,10],[262,19],[232,8]],[[16138,82864],[18,-70],[-85,-6],[-75,-44],[-133,-35],[-186,-17],[-24,-14],[-161,-39],[-99,-11],[-91,-26],[-597,-2],[0,21],[-73,18],[-70,-18],[-36,-63],[-83,-13],[-149,26],[-11,42],[-62,40],[-65,-17],[42,-32],[5,-34],[-66,-45],[-116,-11],[-124,55],[-44,75],[67,53],[128,40],[127,52],[212,57],[119,-2],[221,12],[140,-14],[392,17],[298,26],[230,15],[161,-1],[156,-17],[34,-18]],[[17043,82865],[4,-31],[-41,-19],[-162,-5],[-109,11],[-24,-8],[-119,2],[-66,19],[-105,9],[-88,-7],[-48,78],[139,41],[102,48],[123,15],[137,-20],[261,-30],[39,-11],[16,-37],[-40,-18],[-19,-37]],[[18615,83314],[271,-2],[263,-17],[172,-22],[40,-21],[-10,-24],[-117,-23],[-5,-33],[-85,-15],[-128,-9],[-97,11],[-264,15],[-96,-2],[-180,-29],[-150,-35],[-138,4],[-158,-2],[-35,-24],[-70,-89],[45,-114],[-8,-25],[-135,-13],[-87,39],[-39,-9],[-13,-31],[-47,-14],[-81,5],[-77,30],[-13,20],[60,120],[38,141],[61,73],[54,33],[120,29],[395,11],[82,8],[228,5],[204,9]],[[20275,83605],[186,-9],[248,4],[68,-3],[444,4],[20,-16],[-3,-54],[-48,-30],[-65,-17],[-102,-41],[-303,-70],[-107,-6],[-114,-14],[-76,-20],[-237,12],[-122,20],[-139,-8],[-32,-59],[-71,-45],[-6,-30],[-103,4],[-69,29],[-36,82],[43,77],[74,65],[79,56],[73,30],[112,29],[221,15],[65,-5]],[[22006,83768],[152,-3],[333,-49],[291,-50],[63,-27],[111,-28],[18,-26],[-58,-14],[19,-33],[-48,-8],[-77,39],[-101,33],[-162,-23],[-46,7],[-146,-3],[-90,13],[-199,57],[-109,17],[-68,21],[-53,-59],[-12,-92],[-50,-11],[-65,68],[-75,40],[-41,35],[36,40],[150,48],[189,11],[38,-3]],[[24626,43854],[-52,-5],[-4,37],[-118,124],[-116,72],[-114,0],[-68,-9],[-32,41],[-49,-16],[-41,-59],[-77,-11],[-50,-56],[-199,21],[-24,23],[42,170],[-11,42],[-18,137],[-71,68],[-101,48],[-59,62],[-64,44],[-104,106],[-38,50],[-142,57],[-24,31],[-56,33],[-25,42],[-46,24],[-49,55],[-12,63],[-39,64],[52,23],[-24,81],[6,81],[61,52],[19,110],[-30,50],[44,75],[8,56],[-29,48],[47,59],[-51,2],[-61,34],[1,72],[-13,30],[-101,62],[-52,-36],[-39,-3],[-42,24],[-78,9],[-91,-23],[-32,-20],[-92,-5],[-45,25],[-94,19],[-54,56],[-39,65],[-47,25],[10,65],[-74,11],[-12,68],[-39,54],[-58,-2],[-91,37],[-91,-7],[-165,17],[-77,28],[-98,24],[-28,108],[34,53],[31,22],[31,85],[-24,51],[56,39],[34,73],[100,108],[9,18],[-34,53],[-41,6],[-69,-53],[-28,42],[-82,-7],[-102,55],[-61,87],[-49,-16],[-63,27],[-111,18],[-75,-31],[-106,-139],[-94,-48],[-112,-66],[-31,18],[-65,-32],[-67,8],[-75,-25],[4,-26],[120,-43],[-19,-93],[60,6],[89,-37],[18,-30],[-42,-83],[-33,-21],[-6,-50],[63,-111],[-11,-24],[-54,-35],[-10,-48],[-39,-54],[64,-25],[14,-27],[51,-19],[42,-54],[-36,-44],[-75,-26],[11,-37],[60,-8],[20,-44],[-45,-21],[-123,43],[-107,5],[-83,42],[-83,-94],[-81,-35],[-7,-88],[-79,3],[1,-42],[-77,-71],[-127,-30],[-66,-9],[-77,-36],[-59,-7],[-31,27],[-38,-25],[13,-44],[63,-38],[71,-1],[34,-29],[-49,-45],[23,-63],[51,-63],[-22,-58],[-21,-135],[-21,-31],[-66,81],[-39,11],[-68,-12],[-14,-64],[37,-95],[-73,-68],[-110,39],[-9,-17],[-167,-9],[-120,17],[-42,-27],[-56,2],[-47,-32],[-42,7],[-28,-34],[6,-33],[-65,-35],[-17,-33],[41,-71],[-22,-31],[6,-78],[-71,-23],[-43,-26],[-101,31],[-86,18],[-34,21],[-51,-5],[-71,43],[-58,-32],[-83,-22],[-101,-51],[-89,-58],[-58,-58],[-90,16],[-65,-5],[-41,-44],[-47,-14],[-10,-23],[-88,-16],[-55,-54],[-202,5],[-53,-7],[-28,-29],[-97,4],[-20,-63],[-112,-17],[-103,1],[-58,27],[-35,37],[-85,41],[-47,-9],[-60,-41],[-105,19],[-1,22],[-102,-19],[-45,29],[-35,-39],[-9,-41],[-38,-74],[-45,-22],[0,-44],[-57,-41],[33,-10],[88,-1],[-40,-62],[28,-20],[-22,-39],[75,-71],[-64,-18],[42,-35],[-8,-70],[-42,6],[-105,-100],[-7,-45],[6,-81],[21,-6],[15,-70],[-92,-41],[-136,-52],[-50,-49],[-32,15],[-129,13],[-44,-40],[-70,9],[-34,-8],[-68,-47],[-17,-27],[-157,-38],[-119,-17],[-21,-14],[-59,14],[-41,-28],[-47,-8],[-31,17],[-148,28],[-135,-10],[-132,6],[9,-39],[-45,-19],[-9,86],[6,198],[-13,52],[-135,-17],[-36,-71],[-16,-64],[-34,-21],[-15,-85],[6,-71],[-32,-21],[-73,2],[-67,-45],[-11,-82],[-90,-2],[-109,30],[-60,-67],[-12,-43],[-3,-75],[-181,43],[-59,35],[-8,24],[-62,52],[-47,-7],[-36,-32],[9,-46],[-8,-48],[-72,-68],[-6,-55],[-51,-42],[-101,-41],[-65,7],[7,22],[-179,59],[-28,62],[-2,40],[-77,-4],[-2,44],[-43,14],[-66,-22],[-150,-114],[-36,-56],[-105,-93],[-70,-74],[-194,-153],[-68,-10],[-91,19],[-68,-29],[-13,-73],[-44,-24],[-47,19],[-80,-15],[-43,10],[-4,50],[-51,32],[-45,3],[-88,-17],[-28,-23],[-62,-1],[-97,-79],[24,-56],[17,-76],[34,-18],[26,-90],[-22,-32],[-145,-51],[-76,-47],[-50,22],[-62,-1],[-45,34],[-93,-6],[-44,-30],[26,-28],[0,-62],[89,-21],[42,-22],[-82,-107],[37,-26],[57,2],[21,-33],[83,-15],[-66,-67],[-35,-66],[84,-93],[-69,-90],[43,-35],[-36,-56],[18,-24],[-78,-27],[-71,5],[-121,-33],[-41,-32],[-68,-78],[-40,9],[-39,-40],[-48,5],[-25,43],[-100,36],[-34,46],[-43,20],[-119,22],[-148,65],[-50,88],[-14,117],[-57,40],[-51,-18],[-179,-43],[-49,-53],[-77,23],[-8,-25],[-92,-99],[-84,7],[-74,-32],[-15,-63],[49,-21],[33,7],[8,46],[72,9],[-18,-77],[31,-41],[38,11],[42,-51],[-23,-47],[1,-54],[-82,-49],[-56,-22],[-90,-56],[24,-36],[-4,-28],[48,-25],[86,1],[27,-34],[39,26],[65,8],[-6,-38],[30,-86],[72,-3],[70,-45],[-43,-47],[-21,-43],[1,-111],[-62,-48],[-34,-45],[-13,-64],[50,-42],[31,-54],[95,-126],[117,-71],[72,-8],[-26,-68],[3,-29],[-55,-28],[-81,38],[-110,-9],[-15,-48],[-64,40],[-66,-38],[-123,-53],[-16,18],[-66,-17],[-148,-22],[-58,-41],[-158,-64],[-71,-20],[-74,-85],[-32,55],[0,77],[-53,49],[-33,46],[-18,59],[-67,51],[-90,85],[-55,38],[-85,-31],[-39,-27],[7,-112],[10,-22],[-36,-76],[-47,-37],[-98,-12],[-51,-24],[-109,86],[-29,-6],[-22,58],[38,78],[14,68],[-11,95],[-42,-9],[-57,36],[-133,-24],[-31,41],[61,34],[-40,93],[-60,-32],[-96,-23],[-40,-19],[-36,-63],[-73,-15],[-65,3],[-29,-53],[-82,-40],[-172,-40],[16,49],[-62,12],[-22,-14],[-71,-8],[-54,-49],[-83,-57],[-50,-45],[-67,30],[-32,-29],[6,-68],[-142,-69],[-52,-49],[11,-33],[-56,-28],[-83,1],[-36,11],[-18,32],[-64,7],[-58,-44],[-66,-33],[-37,26],[99,72],[-18,49],[1,51],[44,93],[-25,38],[-88,12],[-19,18],[-6,90],[-102,2],[-41,-15],[-33,-44],[9,-33],[-35,-15],[-71,71],[-28,3],[-1,55],[-65,17],[75,79],[-68,61],[-27,52],[-305,-68],[75,-56],[-28,-34],[2,-59],[58,-68],[34,-15],[-40,-35],[13,-25],[114,31],[-41,-42],[-55,-34],[82,-95],[-15,-51],[50,-92],[78,-87],[98,15],[-20,-41],[32,-48],[-51,-45],[-57,15],[-62,-18],[-49,2]],[[5872,39199],[31,152],[-19,21],[-64,23],[-4,55],[-26,43],[-114,72],[-26,-1],[-91,45],[-32,38],[-58,-1],[15,39],[-96,132],[-88,35],[-51,48],[-62,27],[48,68],[112,75],[8,60],[83,72],[52,107],[-36,121],[102,161],[17,99],[-30,152],[-33,56],[-98,-22],[-63,32],[-75,7],[-106,68],[37,84],[-68,79],[41,48],[-5,49],[61,49],[22,35],[-100,7],[-49,-7],[-38,47],[-92,16],[-69,33],[-27,32],[-55,31],[-126,-49],[-136,18],[-38,54],[-74,-11],[-52,28],[-84,-71],[-83,5],[-32,53],[-113,-58],[-116,-19],[-44,-40],[-72,56],[27,35],[-29,49],[-34,15],[-37,69],[-34,17],[-34,74],[6,58],[-27,34],[-70,33],[-19,30],[32,113],[24,42],[59,30],[54,114],[33,13],[70,-18],[58,28],[9,62],[75,46],[19,23],[8,78],[27,43],[2,87],[11,59],[27,55],[65,88],[-23,59],[26,34],[110,56],[99,120],[4,81],[50,35],[0,29],[-92,157],[-38,16],[-149,-33],[-46,12],[-51,34],[-43,49],[-74,13],[-33,-22],[-15,-61],[-51,-27],[-98,-7],[-137,12],[-76,-14],[-53,20],[-25,65],[30,39],[113,84],[-11,70],[-28,31],[-60,7],[-112,-19],[-142,-4],[-35,81],[-52,66],[-87,39],[-37,45],[-32,74],[14,23],[-34,23],[-14,37],[-65,35],[-4,35],[-106,104],[16,51],[-33,43],[-27,68],[-43,31],[-50,10],[-138,3],[-35,-37],[-35,33],[-41,-18],[-160,-6],[-256,65],[-56,30],[-33,-124],[-55,17],[3,47],[-38,45],[12,80],[59,53],[-3,62],[11,40],[-208,98],[-34,129],[104,136],[-25,21],[-163,60],[-90,50],[-72,50],[1,23],[-85,57],[-86,14],[-57,36],[10,57],[48,42],[13,38],[45,24],[58,-29],[138,-89],[75,37],[46,59],[114,69],[-32,34],[38,26],[-18,78],[9,39],[-65,16],[-25,59],[20,45],[-27,19],[32,96],[102,18],[47,30],[104,16],[89,39],[50,39],[27,-22],[-6,-59],[58,-5],[130,-50],[36,180],[68,52],[51,98],[-35,52],[25,19],[-60,59],[-30,8],[1,39],[-41,62],[22,106],[26,48],[13,72],[54,43],[15,35],[63,48],[-72,12],[-37,24],[-123,24],[-40,-32],[-155,21],[23,62],[-56,37],[-57,-25],[-23,22],[-276,60],[-34,171],[19,61],[-126,55],[38,33],[46,15],[28,28],[63,108],[60,134],[-4,22],[-99,1],[-357,-16],[-50,11],[-86,-37],[-43,-8],[-119,71],[-23,44],[-58,-17],[-177,-24],[-114,-72],[-201,-65],[-82,4],[-49,70],[36,15],[85,77],[7,112],[12,76],[-107,29],[2,85],[-82,33],[-44,-3],[-56,54],[-4,43],[-46,108],[27,34],[10,72],[-37,21],[-82,96],[-9,58],[224,12],[60,14],[44,50],[107,63],[76,60],[63,-37],[81,-203],[91,-88],[37,-77],[91,23],[74,-4],[50,-15],[18,36],[-17,35],[101,43],[20,30],[-7,51],[29,92],[-1,49],[42,20],[72,78],[-23,23],[25,27],[76,20],[42,69],[59,54],[65,32],[67,54],[39,2],[45,44],[32,-22],[167,43],[65,59],[30,8],[129,105],[14,55],[51,38],[145,30],[1,24],[84,37],[37,69],[25,12],[29,61],[45,-3],[54,23],[92,14],[129,42],[51,54],[103,4],[102,22],[49,20],[37,-10],[81,17],[37,-5],[-8,50],[82,32],[56,41],[-398,191],[456,168],[-171,102],[-371,-131],[-96,-38],[-64,-36],[-69,-64],[-89,-25],[-18,-19],[-49,13],[-65,-7],[-80,15],[-39,70],[-59,76],[-5,68],[-37,318],[-11,5],[-5,91],[57,24],[137,3],[-33,68],[-110,188],[135,62],[429,349],[4,39],[55,115],[159,142],[105,125],[2,48],[57,59],[-2,49],[55,78],[54,52],[-8,43],[100,5],[114,21],[53,-4],[-35,60],[395,272],[-105,301],[-22,72],[82,73],[43,65],[-162,7],[-64,-18],[106,448],[-11,153],[72,7],[-5,108],[34,175],[2,78],[-45,116],[-61,79],[-9,27],[16,142],[-24,129],[-47,75],[-92,113],[-119,76],[-124,61],[-218,359],[-119,57],[-169,128],[-102,151],[-46,13],[-281,155],[34,126],[-4,82],[36,-15],[30,41],[87,229],[36,39],[-20,24],[83,51],[-14,29],[26,38],[-104,36],[-76,18],[-22,-28],[-50,21],[-77,1],[-32,40],[-52,-19],[-22,27],[-63,4],[-388,115],[-78,70],[9,61],[21,13],[-46,68],[38,38],[-13,77],[-29,27],[-18,107],[56,55],[116,4],[32,47],[-71,15],[-33,-5],[-35,78],[-34,24],[-275,102],[-105,60],[-101,12],[-71,-6],[-54,7],[-59,-11],[-98,-3],[-49,16],[-23,36],[8,72],[-13,16],[64,31],[177,99],[49,9],[129,81],[11,37],[-50,39],[-50,19],[12,64],[46,56],[-63,15],[-27,23],[-52,-12],[-22,58],[61,99],[-101,69],[-36,38],[-107,58],[-69,8],[-40,57],[25,18],[51,-23],[55,30],[-139,84],[194,169],[78,-42],[38,-4],[147,-34],[73,3],[97,23],[83,33],[64,38],[10,34],[131,55],[39,-35],[26,7],[76,54],[146,70],[-39,52],[84,13],[42,100],[170,-92],[61,-43],[97,-51],[64,-18],[166,-24],[170,0],[147,-20],[248,-67],[-8,121],[-22,41],[9,74],[22,28],[-114,53],[-73,17],[-52,38],[-12,78],[-66,124],[-59,19],[-78,38],[-177,53],[38,63],[31,-17],[34,51],[82,-44],[38,15],[307,74],[90,-83],[45,33],[177,-110],[58,-14],[-19,-35],[21,-20],[-103,-19],[37,-56],[116,-89],[112,-55],[101,-32],[203,29],[87,-13],[39,10],[176,-22],[40,23],[62,59],[91,-6],[176,-74],[52,-71],[33,-116],[34,-58],[147,29],[125,1],[88,-12],[78,0],[121,-42],[52,-59],[14,-54],[-11,-30],[77,-34],[77,18],[136,-22],[31,-25],[102,-51],[66,10],[-55,111],[42,26],[-45,58],[26,71],[47,45],[-16,25],[-76,18],[-60,46],[-78,35],[-15,31],[59,123],[50,-45],[67,-15],[65,4],[40,16],[80,-52],[95,-21],[8,-50],[34,-24],[69,36],[33,-4],[52,39],[50,5],[98,-103],[52,-30],[84,-15],[58,40],[55,2],[52,25],[103,25],[40,20],[2,58],[116,51],[41,32],[98,8],[54,37],[93,37],[72,61],[86,20],[3,-28],[38,-28],[53,9],[35,41],[82,43],[151,62],[193,40],[240,62],[26,-13],[71,3],[37,42],[116,35],[181,66],[105,47],[106,22],[4,-19],[84,-19],[34,14],[23,-75],[67,-6],[-4,-39],[200,-131],[119,33],[49,75],[87,13],[67,20],[34,37],[-3,33],[130,44],[44,3],[206,172],[-32,20],[87,49],[35,96],[-11,16],[27,193],[150,38],[13,23],[162,7],[43,80],[-1,52],[-29,62],[8,90],[-42,94],[-205,19],[41,40],[-249,143],[-179,111],[-66,12],[-23,45],[-125,81],[-413,144],[-294,0],[2,161],[-11,43],[29,8],[62,100],[17,40],[-24,32],[214,41],[233,22],[100,79],[34,15],[36,45],[-10,26],[-51,31],[-12,40],[61,36],[57,12],[25,33],[20,128],[13,120],[457,-2],[204,-4],[258,14],[113,14],[127,97],[69,29],[-5,25],[99,305],[64,55],[196,126],[0,48],[68,44],[239,16],[41,13],[148,20],[119,130],[1,41],[55,45],[39,65],[35,29],[60,123],[1,43],[56,89],[47,24],[83,2],[72,19],[106,-15],[66,-30],[215,34],[240,92],[53,83]],[[3693,41750],[-141,-12],[-53,78],[53,49],[34,1],[30,-57],[61,-23],[16,-36]],[[4051,42468],[-26,-56],[-20,-95],[-85,-53],[-9,-60],[-20,-18],[-107,14],[-48,-31],[-31,-95],[-67,-40],[-28,-42],[-9,-60],[-135,70],[-68,0],[4,159],[-43,45],[79,43],[54,43],[27,4],[152,62],[7,38],[42,50],[125,67],[34,41],[33,75],[46,-2],[110,-36],[-19,-88],[2,-35]],[[4202,43098],[-178,-13],[-202,81],[-67,-16],[-86,18],[-44,0],[-49,19],[-27,-11],[-34,-72],[-76,-47],[-62,27],[44,34],[34,48],[-26,15],[-156,132],[130,8],[36,32],[23,-70],[29,-20],[70,-11],[65,13],[76,-9],[95,-1],[86,12],[53,45],[6,45],[39,12],[59,-53],[66,-45],[69,-8],[125,23],[35,-8],[69,-116],[6,-38],[-45,-23],[-65,18],[-98,-21]],[[3557,43555],[20,-65],[-61,-51],[-60,-20],[-109,55],[-69,61],[147,11],[90,19],[42,-10]],[[25790,21780],[-35,33],[-13,38],[-61,49],[-81,-10],[-173,-106],[-41,26],[21,39],[-33,66],[-44,-8],[-62,25],[-45,-11],[-39,16],[-70,2],[-49,-15],[-137,-9],[-72,7],[-113,25],[-86,37],[-35,29],[-110,28],[-68,4],[-87,34],[-102,-7],[-68,50],[-62,7],[-23,18],[-83,14],[-18,39],[-44,23],[-5,57],[-72,24],[-80,82],[-53,3],[-122,38],[-32,24],[-89,-10],[-21,30],[-78,8],[-9,41],[-29,19],[-95,17],[-11,16],[-71,9],[-138,-39],[-75,16],[-27,112],[-56,6],[-4,66],[-23,17],[-82,3],[5,23],[-91,30],[-40,31],[-2,74],[-146,34],[-6,-48],[-51,-57],[-38,-80],[-66,-35],[-28,-4],[-40,58],[-80,-3],[-117,31],[-38,22],[-160,-109],[-83,-98],[-66,27],[-67,6],[-27,29],[-7,59],[-85,11],[3,20],[-84,33],[-63,0],[-50,63],[-111,35],[-34,28],[-23,53],[-67,16],[-109,41],[-25,-59],[-43,-40],[-88,5],[-41,-24],[-66,-80],[-11,-34],[-89,-27],[-48,0],[-44,28],[-62,-17],[-67,12],[-41,-38],[-52,-5],[-9,149],[-47,-8],[-75,-43],[-27,30],[-104,-18],[-28,47],[-106,21],[-38,-47],[54,-29],[3,-28],[-59,-10],[-123,0],[-50,-42],[-33,-7],[-156,49],[-303,77],[15,47],[-1,67],[-21,24],[2,90],[-16,11],[-100,7],[-108,56],[-46,36],[-55,25],[-86,-7],[-261,-40],[-60,9],[-151,72],[-153,100],[23,36],[-100,8],[9,64],[-47,23],[-47,80],[4,22],[-62,118],[-42,19],[-67,-1],[-68,129],[-29,38],[-77,14],[3,75],[59,-12],[0,28],[76,76],[41,13],[5,54],[-96,13],[-48,63],[-8,47],[16,65],[-127,4],[-110,-15],[-53,-15],[-32,-39],[-73,-16],[-38,50],[-66,23],[-69,-43],[-53,-13],[-46,18],[1,30],[78,28],[10,52],[-50,34],[-5,35],[96,39],[10,18],[-723,-119],[-154,-39],[-1,-60],[40,-73]],[[16375,24282],[-66,-40],[-16,38],[-78,-3],[-42,23],[-43,55],[-34,75],[-54,13],[-25,24],[-6,60],[34,50],[-127,50],[-61,2],[-66,60],[-50,64],[-52,37],[-24,61],[-60,-24],[-22,35],[57,36],[-31,24],[-2,35],[48,31],[2,87],[-94,44],[-57,51],[60,52],[-56,21],[4,30],[63,20],[87,68],[-6,71],[39,66],[61,-13],[41,-47],[74,-50],[21,7],[35,82],[-32,37],[56,39],[99,45],[54,83],[2,38],[-92,37],[-14,26],[77,41],[146,9],[55,-38],[58,-14],[-2,43],[20,20],[51,-27],[33,25],[117,144],[-29,7],[-30,38],[-5,50],[19,29],[-7,38],[37,41],[37,8],[76,53],[-25,79],[-72,-5],[-51,-47],[-34,25],[45,41],[24,-1],[95,83],[45,88],[34,20],[-6,36],[47,85],[-59,23],[3,33],[-95,-9],[44,55],[60,0],[34,27],[-95,76],[-6,18],[95,54],[-8,36],[-59,20],[-184,-78],[-138,-33],[3,73],[21,10],[6,53],[-109,13],[-46,-8],[10,69],[-105,14],[-100,-4],[-61,-22],[-22,17],[-66,0],[-61,16],[-16,37],[-145,40],[-39,24],[-82,-7],[-26,12],[2,46],[101,68],[-51,32],[33,45],[-51,47],[-35,53],[8,30],[-41,35],[-43,1],[-39,42],[-66,44],[-80,3],[-49,-10],[-6,33],[-37,-1],[-73,116],[55,70],[-82,43],[-15,20],[68,33],[59,9],[92,35],[76,4],[14,49],[132,26],[-7,31],[39,28],[84,31],[39,26],[-6,29],[47,45],[-9,40],[-31,15],[-47,87],[-65,-6],[-124,9],[26,29],[-5,31],[17,90],[38,70],[-61,59],[20,64],[56,24],[-24,59],[72,60],[53,16],[18,-48],[24,-15],[74,26],[23,42],[-33,37],[-45,16],[-41,51],[33,44],[-120,-3],[-163,43],[6,53],[-11,78],[-23,51],[12,116],[-59,15],[-16,75],[-58,49],[4,51],[31,34],[34,71],[-56,1],[-36,-24],[-14,-48],[-57,-41],[-126,-19],[-15,-63],[-70,-18],[-32,6],[-35,-31],[-42,-10],[-120,13],[-26,41],[33,69],[-44,35],[-42,5],[-117,-10],[-56,4],[-89,72],[-73,32],[-28,36],[25,86],[-15,57],[-56,-25],[-77,18],[-66,53],[-41,13],[-61,-10],[-15,-36],[-96,-44],[-122,-14],[-69,5],[-89,34],[-59,5],[-17,69],[-29,-25],[-83,15],[-44,-54],[-100,153],[-83,86],[-43,74],[-100,86],[-92,21],[-247,94],[-86,-84],[-84,-58],[-102,39],[-75,-46],[-43,-51],[-36,25],[-13,42],[45,44],[-46,14],[-108,-12],[-32,16],[-158,-62],[-15,22],[-81,-73],[-22,12],[-15,77],[6,39],[-37,10],[-47,-12],[-88,-50],[3,-32],[41,-37],[-30,-34],[5,-38],[35,-30],[-30,-22],[-80,29],[21,-75],[-37,-3],[-16,36],[-36,21],[-114,-8],[-51,-24],[-72,6],[-72,26],[-71,-44],[-31,-60],[-41,-30],[-4,-64],[-80,46],[-18,46],[-45,4],[-93,-39],[-130,-206],[-50,-17],[-65,-69],[-41,31],[-81,40],[-49,3],[-69,43],[-128,-51],[-38,-22],[-54,-64],[-38,-19],[-29,-47],[-97,-77],[-148,-31],[-84,-82],[-97,-45],[-70,-5],[-70,13],[-13,22],[-62,-17],[-60,-34],[-139,-31],[-43,-46],[-56,-103],[-31,-27],[-42,-4],[-41,-59],[-22,12],[-14,75],[-23,28],[-10,51],[-113,-30],[-105,-40],[-65,16],[-29,63],[-55,8],[11,-71],[-60,-62],[-108,36],[-57,-8],[-33,-38],[-118,-36],[28,-45],[-13,-33],[-61,-2],[-63,-25],[37,-68],[-10,-30],[-64,-22],[-90,10],[-44,-23],[-31,6],[-95,60],[-3,85],[-57,73],[-60,41],[-38,4],[-14,33],[-46,-35],[-54,-24],[-109,22],[-68,23],[-170,-143],[-88,12],[1,75],[-42,-10],[-39,12],[-109,-53],[-37,-6],[-74,29],[-60,71],[-55,42],[-97,34],[-47,-4],[-125,-74],[-29,48],[-76,40],[-95,29],[-38,20],[-63,-16],[-67,-47],[-44,-10],[-3,40],[-108,28],[-111,-14],[-151,47]],[[5600,29285],[25,64],[-25,44],[-230,138],[-16,25],[23,40],[88,42],[29,4],[87,-33],[40,26],[-6,38],[-74,70],[-3,55],[17,24],[95,81],[116,20],[76,47],[35,54],[61,66],[82,44],[41,51],[14,60],[58,136],[114,204],[15,45],[-12,37],[-34,21],[-84,-1],[-25,12],[0,45],[44,60],[108,59],[74,54],[88,107],[29,45],[38,24],[96,22],[98,36],[184,170],[68,39],[50,-1],[-11,53],[-74,52],[-46,49],[24,24],[58,2],[32,-14],[49,-48],[46,-5],[22,46],[-98,46],[-45,37],[-16,41],[11,140],[-22,39],[-2,45],[41,39],[90,30],[65,53],[-10,91],[-85,70],[14,36],[63,62],[-5,24],[-101,48],[-11,35],[20,23],[143,65],[106,110],[-15,49],[-84,48],[-29,-10],[-10,-51],[-45,-72],[-42,-4],[-56,92],[-99,35],[-77,-6],[-51,30],[-45,62],[-83,42],[-29,0],[-69,-41],[-97,-98],[-120,2],[-18,32],[-56,-12],[-51,-34],[-57,22],[-10,44],[-170,25],[-92,29],[-48,31],[-57,70],[-78,59],[-27,38],[-66,66],[-40,23],[-66,92],[-28,17],[-178,-6],[-85,-27],[-23,-96],[-51,-44],[-64,-15],[-76,46],[-8,35],[33,106],[-7,24],[-51,43],[-41,81],[8,48],[-37,51],[-44,-5],[-69,-38],[-51,3],[-39,44],[-5,51],[-64,15],[-32,37],[-33,7],[-42,-25],[-154,52],[-31,29],[-37,61],[-53,29],[-53,70],[-78,14],[-54,43],[-29,95],[-46,38],[45,9],[30,32],[-49,94],[-118,22],[5,38],[77,49],[-29,61],[41,31],[-80,87],[-37,14],[80,70],[-134,4],[-63,64],[-96,-41],[-42,61],[9,32],[-14,101],[-19,21],[-60,-12],[-38,-40],[21,-76],[37,-42],[-73,-34],[-35,23],[-16,85],[-66,29],[-54,90],[-1,41],[51,134],[-11,20],[-64,19],[-58,0],[-41,28],[-31,62],[-88,6],[-50,45],[14,24],[60,-25],[50,105],[-15,51],[-97,7],[-103,96],[37,6],[22,-30],[35,-3],[67,56],[16,28],[-171,85],[-7,28],[51,101],[-25,58],[-44,43],[-73,92],[32,59],[-42,6],[-24,-40],[-47,19],[-16,34],[15,63],[58,-11],[23,18],[8,42],[79,49],[-6,22],[-54,22],[-21,-45],[-38,39],[41,68],[-21,48],[-6,59],[24,47],[97,-12],[-53,83],[11,42],[70,6],[-25,73],[45,65],[-61,13],[-14,24],[23,75],[66,24],[10,20],[18,123],[88,8],[38,25],[46,55],[-24,71],[5,34],[-48,23],[-57,-36],[-97,35],[-25,45],[72,-2],[64,20],[32,51],[-83,91],[8,24],[56,1],[20,18],[-36,31],[29,55],[63,-20],[36,-56],[47,-1],[12,74],[42,19],[107,3],[55,-15],[81,11],[56,37],[-75,28],[48,46],[-58,54],[14,42],[-7,106],[-41,108],[-45,63],[-123,57],[14,39],[77,14],[29,42],[-42,46],[21,39],[112,33],[66,-14],[43,8],[50,33],[9,29],[60,93],[-14,25],[38,29],[34,-7],[41,52],[33,-9],[205,68],[86,4],[144,75],[31,-34],[55,-4],[29,26],[95,-5],[47,63],[46,41],[29,7],[32,48],[-31,41],[-33,6],[-9,46],[35,57],[-30,46],[62,20],[45,52],[28,57],[-26,15],[54,65],[63,-8],[29,25],[-41,76],[11,33],[69,22],[57,-36],[101,70],[65,-18],[29,-72],[49,-22],[87,-11],[31,-53],[103,-44],[-22,70],[31,24],[98,-25],[49,13],[42,69],[40,37],[74,-12],[171,28]],[[16375,24282],[-61,-55],[-19,-48],[18,-106],[-3,-26],[-69,9],[-121,-8],[-43,26],[-126,-6],[-156,-81],[-29,-36],[-29,-80],[-50,-30],[-16,-51],[-63,-76],[-56,-30],[-118,26],[15,84],[-67,-13],[-44,23],[-68,-6],[-18,-14],[-184,60],[-41,35],[-103,-17],[-61,-30],[-108,-16],[-126,-9],[-51,-24],[-3,-30],[-40,-60],[-35,19],[-4,59],[-138,107],[-68,3],[-105,-37],[-30,16],[-60,-82],[-40,-11],[-64,47],[-68,8],[-55,34],[-27,-1],[-49,41],[-4,45],[-28,55],[-45,36],[-72,-21],[-112,-12],[-41,-13],[-11,70],[35,49],[54,29],[-56,70],[-54,8],[-59,-39],[-59,-13],[-76,16],[-22,-51],[33,-69],[-21,-33],[84,-109],[-7,-34],[-133,-46],[-59,-29],[-35,-52],[-3,-45],[-19,-32],[-102,-30],[-60,14],[-50,38],[-32,54],[14,146],[15,49],[-13,49],[-55,109],[-80,92],[-15,48],[9,73],[-45,45],[-10,39],[9,64],[57,84],[-6,73],[20,43],[-70,-7],[-57,-21],[-21,51],[-64,-27],[-52,-40],[-21,77],[-102,7],[-26,41],[-50,40],[-189,111],[-28,1],[-142,-83],[-93,60],[-77,82],[-45,33],[-19,74],[-101,-4],[-41,15],[-70,-8],[1,-35],[-79,-63],[-120,-18],[-78,-58],[-220,73],[-30,51],[-82,44],[-44,7],[-144,-84],[-83,-35],[-19,-29],[66,-31],[7,-16],[103,-104],[-21,-78],[86,-84],[35,-65],[2,-38],[-30,-54],[-37,5],[-122,-25],[10,-61],[-9,-56],[33,-87],[-147,-78],[-104,39],[-83,45],[-97,12],[-59,44],[-111,22],[-26,29],[-109,31],[-206,-47],[-123,25],[-72,-29],[-51,-10],[-99,72],[-29,43],[-71,35],[-99,167],[220,226],[-63,108],[-23,57],[-41,30],[-158,-64],[-36,10],[-67,-21],[-60,59],[-23,58],[27,73],[-13,28],[-6,73],[-33,22],[-5,43],[57,61],[-49,36],[-26,36],[-71,26],[-18,28],[-62,-32],[-61,-8],[-43,86],[64,85],[16,41],[-20,76],[47,43],[-100,29],[-64,-15],[-32,28],[-3,43],[-42,15],[-53,41],[-48,57],[-74,1],[-105,95],[-79,-23],[-29,57],[-34,10],[-50,72],[-46,36],[-68,34],[-57,57],[4,17],[67,86],[-27,33],[-59,31],[-19,26],[-54,-36],[-42,26],[14,24],[-30,45],[-53,21],[-42,36],[-21,42],[3,36],[-19,48],[114,35],[31,-23],[51,-8],[44,-44],[44,-22],[25,91],[51,13],[60,101],[-83,58],[-124,-41],[16,43],[-2,56],[32,107],[-68,19],[-47,50],[-144,-22],[-38,56],[-86,22],[-1,73],[-57,5],[-30,23],[-36,-10],[-39,105],[16,35],[47,24],[60,49],[44,-12],[20,19],[-39,89],[-179,128],[-104,1],[-116,68],[-52,55],[-110,69],[-142,16],[-95,80],[-67,48],[-30,37],[-65,8],[-77,-31],[-53,39],[-84,32],[-28,-19],[-78,65],[14,12],[-60,45],[-34,-8],[-61,11],[-64,-70],[-67,-41],[-164,-48],[-147,28],[-53,-27],[-39,58],[-48,11],[4,125],[17,113],[-18,78],[4,92],[-23,102],[-44,110],[-42,125],[2,71],[44,51],[56,36],[74,78],[42,29],[26,38]],[[65970,40502],[38,9],[44,41],[1,57],[-56,-9],[-97,22],[-15,20],[-60,-18],[-23,31],[-46,-18],[-71,62],[-27,0],[-23,45],[67,6],[3,69],[86,31],[23,32],[53,-19],[100,18],[22,49],[91,23],[28,56],[38,-60],[40,-8],[38,-39],[52,-25],[48,20],[-98,58],[64,47],[-54,9],[-29,50],[32,36],[-11,69],[39,37],[138,-9],[31,60],[29,7],[-5,40],[-42,61],[-42,3],[-60,50],[-79,125],[-42,-34],[-65,39],[-33,53],[22,143],[-48,20],[-36,45],[-39,-40],[-68,-11],[35,-41],[-2,-28],[-207,-12],[-59,29],[-64,-21],[-67,91],[-26,63],[-63,110],[-26,33],[44,49],[51,26],[27,62],[35,21],[168,16],[58,33],[31,-19],[71,43],[49,-29],[60,17],[-31,50],[40,61],[75,39],[-52,72],[9,55],[-45,50],[-22,43],[62,21],[73,2],[38,35],[31,3],[109,63],[53,47],[-6,29],[36,41],[52,-58],[66,19],[61,49],[29,6],[106,65],[-57,52],[8,22],[-24,44],[-30,19],[102,43],[42,2],[68,28],[51,40],[-28,38],[34,21],[70,8],[67,-72],[53,-33],[-15,-44],[-83,-40],[-37,-59],[-46,-30],[7,-23],[90,-95],[64,-51],[15,-27],[81,-20],[32,16],[53,-55],[-20,-24],[-7,-55],[-29,-46],[50,-36],[-55,-34],[-26,-39],[-116,-101],[39,-50],[121,-115],[-42,-15],[56,-34],[61,26],[110,0],[31,-29],[58,28],[32,-12],[57,47],[78,-9],[43,37],[5,64],[-26,49],[48,31],[-11,94],[60,26],[128,2],[65,-11],[46,-58],[56,-30],[56,-52],[90,17],[39,75],[137,-15],[67,14],[75,-15],[30,8],[47,97],[-46,58],[-59,-12],[-64,14],[-80,-47],[-121,24],[66,39],[-13,14],[-71,-47],[-159,55],[25,21],[27,85],[79,21],[48,26],[48,-1],[114,34],[63,37],[-21,47],[61,75],[-55,72],[44,98],[41,22],[26,-13],[79,6],[37,-27],[67,-14],[35,-29],[-27,-42],[50,-34],[-33,-34],[5,-27],[79,-23],[87,30],[15,63],[-43,49],[38,47],[66,40],[30,67],[-25,79],[102,-17],[0,-43],[47,-28],[55,-7],[37,-28],[67,-24],[57,26],[-5,-51],[26,-11],[75,31],[14,37],[31,13],[72,-5],[57,-18],[99,-10],[12,48],[-17,30],[-9,84],[41,18],[48,-10],[82,2],[49,53],[56,-5],[101,48],[46,69],[5,67],[70,14],[52,-4],[32,19],[-27,29],[-8,60],[49,66],[34,62],[-35,33],[-44,16],[-69,-33],[-23,16],[-76,-2],[-28,36],[-35,-14],[-137,0],[-32,30],[-37,-21],[-49,37],[-81,80],[-9,66],[43,9],[-11,33],[-43,24],[-42,95],[-41,35],[56,47],[52,14],[27,52],[54,9],[29,57],[-51,16],[-43,86],[-250,-47],[-74,-8],[-7,37],[-32,26],[-48,1],[35,68],[-39,34],[28,71],[-14,37],[20,52],[44,15],[28,47],[59,56],[31,-39],[91,-18],[119,-38],[56,27],[73,86],[91,54],[47,73],[-8,135],[-188,-28],[-80,13],[-56,-6],[-52,10],[-8,26],[26,54],[-51,52],[36,5],[-66,61],[-50,62],[89,77],[23,39],[73,-85],[82,37],[59,-5],[-1,31],[47,19],[12,-106],[71,13],[17,16],[-4,109],[59,23],[49,-67],[45,-18],[28,22],[-44,48],[-26,95],[49,-18],[71,-105],[96,8],[53,28],[117,-15],[18,21],[159,20],[4,59],[-14,50],[26,79],[144,52],[28,21],[1,33],[108,30],[-8,56],[47,6],[-15,-59],[106,20],[176,-18],[35,16],[13,83],[62,-1],[55,-19],[-64,-88],[2,-29],[85,-86],[100,59],[88,-23],[36,39],[4,51],[78,87],[-20,57],[-25,25],[46,63],[74,19],[79,6],[-14,30],[34,21],[-54,91],[21,16],[106,38],[123,51],[-21,24],[82,35],[117,6],[122,-2],[36,33],[-56,98],[146,49],[42,-41],[1,-22],[94,-8],[47,-17],[114,38],[46,24],[80,8],[63,-46],[36,19],[45,-38],[78,10],[46,27],[42,-17],[79,7],[12,18],[161,20],[33,-18],[58,59],[37,-14],[21,-32],[160,-35],[-4,34],[17,73],[61,64],[79,34],[-14,60],[-85,32],[-37,34],[-2,59],[-42,-4],[-23,48],[-44,42],[-61,-11],[-4,38],[50,3],[-38,111],[-25,111],[-24,47],[-4,124],[-13,56],[-25,16],[-20,85],[-62,30],[-37,41],[7,60],[-33,14],[-36,-16],[-5,-34],[-105,2],[1,-20],[-116,-27],[-37,-68],[-38,69],[-68,32],[-59,41],[-73,17],[-53,26],[-80,-7],[-52,-18],[-114,25],[-21,41],[77,41],[73,13],[-15,65],[-35,42],[3,65],[37,17],[-4,49],[-81,15],[-137,-33],[-8,58],[-41,-6],[21,-111],[-61,-24],[-36,11],[-2,36],[52,89],[-65,43],[-34,59],[22,60],[-2,68],[-31,88],[73,17],[-45,99],[-32,42],[-31,-4],[-26,32],[-72,-15],[-64,12],[-157,-23],[-16,47],[-42,-14],[-41,47],[9,30],[-17,120],[-13,31],[-58,-14],[-38,-81],[-87,15],[-29,-17],[-87,2],[-31,14],[-78,-1],[-24,-18],[-65,-12],[-26,-38],[-35,26],[-77,32],[-40,36],[-24,46],[-95,-3],[6,-30],[-118,-52],[-103,29],[-53,5],[-80,62],[32,125],[-147,56],[-20,27],[-105,38],[-79,-68],[-10,-38],[-54,-22],[-77,-1],[-44,10],[-28,38],[-38,-27],[-64,-23],[-51,-33],[-79,12]],[[69940,49068],[-54,94],[-92,1],[-80,12],[-16,-30],[-90,-8],[-6,29],[-94,9],[-2,18],[-109,13],[-69,37],[-18,35],[-49,21],[37,60],[-1,61],[-43,47],[36,7],[40,-48],[44,50],[44,2],[36,31],[-17,20],[42,25],[-24,37],[-40,5],[-27,31],[-86,25],[-173,26],[-141,32],[10,231],[50,19],[7,56],[43,71],[58,14],[6,36],[-36,25],[38,24],[8,58],[-121,6],[-93,17],[-68,-6],[-135,-45],[-12,112],[76,-2],[71,20],[-17,36],[67,19],[-24,106],[127,121],[38,10],[-14,32],[-58,0],[-28,89],[-13,101],[-25,70],[32,23],[-20,34],[-41,208],[-53,-3],[-30,17],[-88,-5],[-4,103],[-79,-3],[29,48],[33,121],[5,83],[-27,0],[-9,103],[-126,-19],[-22,115],[25,11],[-34,105],[-75,125],[88,16],[99,-5],[4,62],[50,26],[131,6],[137,31],[-9,25],[-14,134],[-21,77],[2,64],[55,6],[2,68],[-41,33],[-64,-2],[-5,49],[52,37],[-16,27],[-64,-41],[-6,71],[36,11],[46,46],[-69,8],[-31,-36],[-67,50],[30,14],[-27,36],[15,33],[92,22],[-73,20],[-35,143],[28,9],[-5,69],[-38,50],[105,7],[-6,46],[44,1],[35,82],[-44,-1],[-36,149],[-125,24],[-16,-50],[-135,30],[5,149],[8,22],[-7,81],[-50,2],[-1,65],[-48,25],[3,47],[46,-2],[25,26],[82,10],[42,20],[70,11],[25,19],[10,66],[-8,95],[204,30],[94,8],[-23,66],[66,22],[-23,75],[37,3],[-4,58],[-115,3],[-11,50],[-28,21],[0,132],[-29,18],[0,64],[23,3],[-5,77],[100,1],[-5,41],[62,9],[-3,57],[35,29],[131,32],[-3,33],[103,4],[-14,71],[65,2],[-34,104],[29,3],[61,62],[57,2],[40,-58],[37,-16],[166,-6],[179,17],[88,-11],[0,56],[87,6],[132,40],[36,56],[43,23],[-12,37],[80,9],[182,42],[-24,45],[74,-13],[4,34],[113,-19],[97,-27],[24,39],[128,-9],[33,14],[88,-6],[97,-17],[107,-35],[58,14],[94,-12],[-17,77],[38,143],[66,-21],[38,21],[14,41],[-52,19],[72,29],[28,41],[34,8],[42,-18],[15,-30],[122,-38],[105,24],[160,-12],[12,-36],[-76,-38],[-37,-37],[73,-29],[68,62],[73,-22],[7,88],[67,16],[44,51],[81,-34],[80,11],[49,-17],[76,10],[39,-48],[79,16],[0,46],[38,19],[129,-3],[14,57],[98,50],[48,-19],[28,84],[33,53],[53,-17],[14,-30],[53,1],[6,-53],[40,0],[42,66],[77,43],[127,1],[66,14],[56,-36],[-58,-44],[-17,-69],[-108,-25],[31,-24],[81,39],[156,19],[2,11],[129,32],[-4,59],[47,17],[53,51],[61,-2],[26,18],[20,72],[-13,64],[114,98],[9,65],[67,72],[49,26],[71,-4],[61,-19],[79,21],[98,-13],[58,-17],[93,-42],[104,-15],[134,-77],[83,1],[52,-18],[-3,-22],[88,12],[104,82],[80,125],[32,24],[150,21],[129,45],[24,30],[72,33],[53,6],[-41,62],[60,4],[34,18],[57,-4],[22,35],[165,-112],[-24,-45],[45,-18],[-1,-85],[62,-9],[-29,-32],[11,-41],[59,-10],[80,11],[29,17],[88,94],[43,-16],[34,-33],[-27,-91],[-24,-28],[62,-76],[84,-27],[48,8],[53,-31],[20,56],[77,17],[104,-18],[65,-59],[47,-75],[30,14],[56,57],[25,1],[-31,75],[108,23],[139,1],[-56,162],[73,15],[111,51],[58,-6],[77,8],[56,-21],[42,-73],[69,34],[61,-63],[35,-80],[-30,-84],[2,-32],[39,-37],[22,-54],[301,133]],[[96602,55357],[-29,-82],[-75,-57],[-52,-72],[-47,-34],[74,-107],[70,-12],[53,-47],[23,-69],[-53,-54],[27,-57],[-4,-41],[59,-49],[18,-35],[80,-9],[84,-42],[82,16],[36,-4],[16,-36],[37,-15],[79,-2],[52,-15],[56,10],[60,-17],[83,6],[34,-33],[60,-10],[89,-106],[51,23],[75,-35],[79,-16],[29,-56],[38,-12],[25,-37],[39,-10],[92,-71],[65,18],[80,-13],[60,-64],[105,32],[78,4],[33,-40],[69,-30],[49,1],[51,23],[96,-2],[72,-19],[32,-37],[0,-67],[22,-14],[214,-13],[60,-47],[43,-65],[-6,-62],[75,-69],[44,-92],[76,-48],[-2,-74],[-31,-49],[-72,19],[-60,-37],[16,-27],[68,-38],[-24,-37],[22,-33],[9,-59],[-27,-51],[-63,-31],[52,-32],[52,-67],[7,-47],[-53,-6],[-63,-29],[57,-20],[28,-45],[-12,-58],[46,-53],[8,-40],[45,-5],[42,-36],[62,-21],[-26,-40],[-44,-32],[9,-26],[-42,-31],[-99,-28],[25,-32],[73,-2],[26,-35],[-8,-29],[30,-78],[-17,-27],[10,-55],[33,-31],[15,-68],[32,-14],[19,-52],[53,2],[24,-20],[-9,-57],[61,-35],[54,-7],[64,-61],[-27,-33],[7,-29],[53,-20],[14,-55],[-10,-45],[61,9],[35,-12],[81,-50],[5,-26],[42,-9],[-16,-75],[6,-42],[30,-23],[-11,-72],[79,-41],[-12,-36],[-41,-13],[16,-45],[-24,-29],[1,-38],[23,-33],[-68,-23],[-21,-36],[-57,-10],[-14,-49],[24,-12],[41,31],[21,-41],[51,-30],[14,-25],[-38,-37],[-60,6],[5,-47],[-55,-46],[19,-33],[-45,-38],[-52,-10],[2,-63],[16,-26],[-30,-88],[-58,-3],[-1,-34],[30,-41],[-57,-47],[13,-41],[44,-31],[9,-45],[-39,-33],[-59,-25],[44,-109],[-39,-51],[-4,-37],[-36,-47],[26,-18],[-2,-49],[-109,-45],[4,-66],[36,-37],[37,-72],[-48,-68],[-45,-6],[-13,-31],[42,-44],[20,-69],[-16,-45],[-4,-66],[17,-38],[-79,-55],[-62,16],[-30,-27],[18,-22],[-42,-93],[31,-19],[31,-50],[-3,-51],[-22,-54],[22,-32],[-45,-12],[-38,-36],[-3,-35],[27,-47],[8,-46],[-124,-72],[35,-75],[-36,-22],[-52,-77],[18,-97],[-55,-37],[-64,-10],[-60,-83],[36,-37],[-33,-38],[-14,-82],[-89,-58],[-36,-69],[38,-14],[-14,-71],[-40,-48],[6,-20],[-46,-59],[-18,-46],[-31,-16],[-63,14],[-37,-43],[5,-58],[31,-26],[-22,-69],[15,-81],[-16,-27],[-164,-31],[10,-55],[-45,-60],[34,-28],[-59,-16],[-10,-44],[-39,-75],[25,-36],[12,-85],[-62,-70],[-129,-27],[-40,-30],[-38,-72],[-1,-31],[-50,-71],[-70,-28],[-41,-37],[-47,-13],[-64,-73],[-37,-62],[-92,-71],[-51,-23],[-86,-68],[-31,-38],[-24,-70],[32,-85],[53,-48],[-4,-29],[-36,-49],[-3,-49],[-69,-78],[-50,-32],[-24,-50],[-22,-79],[-35,-51],[-3,-58],[-21,-43],[13,-52],[-19,-27],[-79,-36],[-6,50],[-51,-2],[-101,-46],[-130,-10],[-23,36],[-51,29],[-106,-1],[-29,58],[-92,0],[-49,-43],[-55,-11],[-28,-27],[-104,10],[-12,34],[13,59],[31,23],[-59,64],[-45,16],[-20,30],[-147,-18],[-55,-19],[-48,14],[-53,47],[-68,27],[-108,58],[-50,10],[-39,-13],[-91,-6],[-52,37],[-47,4],[-65,41],[-74,23],[-82,11],[14,31],[-16,57],[62,53],[7,49],[75,138],[31,88],[16,94],[28,31],[97,57],[57,15],[-15,91],[8,172],[-22,72],[-63,0],[-65,-21],[-113,-58],[-120,2],[-49,-39],[-108,-16],[-103,-61],[-42,7],[-68,-36],[-155,47],[-45,5],[-45,91],[60,60],[15,43],[52,58],[91,50],[31,50],[23,82],[114,137],[-31,46],[38,33],[4,72],[39,64],[-24,11],[7,86],[-75,14],[-119,69],[-29,87],[-109,51],[-45,75],[-53,-39],[-44,0],[-63,-23],[-165,-21],[-22,25],[26,42],[52,19],[-18,30],[-66,49],[-74,25],[-102,11],[-72,16],[-68,3],[-50,16],[34,138],[71,116],[-81,57],[-104,-35],[33,-93],[-17,-84],[-1,-82],[-77,2],[-122,25],[10,51],[-51,19],[-56,56],[-127,8],[-47,-18],[-117,-81],[-185,-111],[-145,-10],[-34,26],[-103,20],[-65,22],[-74,57],[3,62],[-9,67],[-94,0],[-46,45],[-85,43],[-60,-30],[-32,2],[-75,-25],[-17,-29],[-50,-8],[-60,16],[-87,94],[-6,32],[-121,80],[-83,-11],[-64,2],[-64,-58],[-13,-38],[-28,-13],[-31,-87],[-32,-16],[-127,17],[-13,-26],[68,-18],[70,-85],[-17,-65],[-77,-75],[47,-42],[-19,-19],[-164,-77],[-49,9],[17,-61],[56,-42],[-57,-84],[-39,-27],[1,-59],[46,-28],[145,-34],[66,-64],[137,8],[45,11],[136,70],[132,9],[68,-41],[-35,-21],[-5,-35],[33,-42],[-23,-27],[-74,-4],[-40,15],[-39,-13],[-47,-53],[-66,-36],[43,-32],[113,-28],[4,-36],[-71,-34],[10,-19],[149,-52],[98,-9],[53,11],[89,-24],[21,-37],[72,-6],[81,-41],[67,9],[-4,-34],[59,-17],[149,42],[30,-32],[63,-32],[46,-41],[-17,-32],[26,-91],[-68,-23],[-11,-36],[-86,-52],[-6,-36],[27,-52],[-14,-63],[4,-54],[-73,-15],[-62,-1],[-12,-21],[-267,38],[7,-45],[-23,-40],[-46,3],[-81,-33],[-30,5],[-157,-24],[-148,-57],[-145,10],[-37,14],[-75,82],[-117,33],[-43,2],[-117,-73],[-50,-21],[-88,-20],[-97,19],[-23,-4],[34,-64],[5,-43],[-16,-63],[-35,-68],[-95,-126],[-74,13],[-138,-103],[-84,-6],[-43,-21],[-68,-5],[-79,-20],[-130,-13],[-58,5],[-88,-60],[-93,-25],[-131,-89],[-65,4],[-115,-26],[-58,-33],[-44,8],[-83,-50],[-95,-3],[-41,-17],[-27,-39],[-58,-41],[-8,-80],[-65,-21],[-127,-8],[-43,23],[-52,-18],[-119,3],[-25,-10],[-45,-64],[-77,0],[-51,53],[-119,34],[-93,-19],[1,48],[-54,35],[-63,19],[-22,21],[-49,-43],[-68,-28],[-41,-5],[-59,-37],[-73,-3],[-59,-15],[-55,-31],[23,-86],[-77,-44],[-38,-56],[-67,-36],[-67,0],[-36,-16],[-124,5],[-37,24],[-119,38],[-69,-25],[-5,-63],[32,-24],[-61,-67],[-24,-76],[-52,-38],[10,-78],[17,-34],[59,-47],[27,-40],[52,-35],[-24,-14],[-13,-70],[-27,-39],[-118,-39],[-29,-25],[-59,-2],[-107,57],[-46,-5],[-30,-35],[8,-42],[-48,-103],[-131,-36],[-70,2],[-31,17],[-100,-34],[-81,43],[-46,2],[-52,30],[-14,30],[-48,13],[-48,-5],[-39,18],[-51,-14],[-36,23],[-45,-20],[-74,35],[-73,-42],[-142,36],[-82,-81],[-113,-30],[-81,42],[-52,41],[-159,-110],[-14,-65],[-48,-38],[-109,19],[-61,-1],[-54,18],[-58,59],[-79,36],[-90,60],[-83,-17],[-41,7],[-153,-31],[-47,-43],[-132,-46],[24,-76],[-74,-25],[-113,-10],[-82,-40],[-39,4],[-102,33],[-119,-3],[-54,10],[-52,-13],[-96,28],[-59,-4],[-100,-39],[-96,-73],[-38,4],[-84,-20],[3,-34],[45,-55],[37,-14],[66,-63],[23,-48],[9,-73],[25,-59],[-64,-58],[19,-63],[-104,3],[-71,-69],[-71,-51],[-40,-40],[-10,-52],[52,-45],[83,11],[-21,-61],[7,-65],[-69,-35],[-59,-4],[-110,-29],[-58,-33],[-11,-50],[-35,-52],[-62,-26],[-104,-77],[-25,-45],[-52,-53],[-41,-25],[-21,-51],[-40,23],[-109,29],[-18,21],[-91,46],[-115,-10],[-60,37],[-3,43],[-66,-16],[-37,13],[-34,39],[12,32],[-66,81],[-20,82],[-31,5],[-54,43],[-14,29],[-40,15],[-6,59],[-73,4],[-33,-22],[-71,63],[-40,-12],[21,-90],[-4,-49],[18,-18],[-8,-54],[29,-66],[-81,-36],[-27,-73],[-35,-10],[-42,15],[-17,-38],[-50,-7],[-133,-40],[-99,-64],[-82,11],[5,-50],[-69,-38],[31,-59],[-11,-96],[32,-23],[8,-59],[-23,-24],[-144,-31],[-57,7],[-71,-16],[-77,-41],[-7,32],[-36,26],[-36,87],[-17,63],[-36,23],[-206,-9],[-52,39],[-58,-28],[-23,-28],[-2,-50],[-81,-29],[-32,-64],[-38,-9],[26,-95],[-12,-24],[-98,-48],[-34,-41],[8,-60],[53,-36],[10,-52],[-14,-38],[-58,-22],[-9,-59],[-77,-106],[-62,-57],[0,-52],[-20,-49],[-125,-65],[-13,-32],[19,-40],[6,-80],[-18,-18],[-78,8],[-109,-13],[-77,40],[-50,-1],[-143,34],[-62,-12],[-44,-23],[-75,7],[20,50],[-5,33],[-39,19],[-21,51],[-56,-9],[-83,-47],[-53,-53],[-148,-88],[-119,-12],[-56,-23],[-96,-2],[-43,11],[-78,-5],[-103,9],[-57,78],[-87,52],[-64,-26],[-64,-11],[12,-105],[-35,-45],[-14,-44],[-46,-65],[-12,-81],[-24,-85],[5,-32],[-20,-79],[10,-77],[46,-86],[-40,-86],[-40,-44],[-86,-55],[-65,-27],[-80,-55],[-46,-57],[-27,-61],[-31,-39],[-114,-49],[-135,-35],[-76,-2],[-107,-15],[-55,-32],[-10,-28],[-46,-18],[4,58],[-125,59],[-136,97],[-72,-20],[-51,21],[-70,76],[-57,19],[-105,60],[-80,24],[-48,32],[-208,95],[-51,41],[-74,42],[-190,72],[-33,-124],[-54,-44],[-56,-27],[11,-66],[34,-46],[-6,-61],[-117,148],[-54,88],[-218,-79],[-234,-71],[-205,-72],[-52,-135],[-99,-55],[-78,-58],[-65,-64],[-7,-50],[24,-24],[-23,-61],[-114,48],[-10,34],[-75,35],[-17,21],[-62,22],[-61,73],[-31,18],[-118,-61],[-81,-12],[-102,-6],[-101,38],[-121,33],[-89,-9],[-9,-16],[-79,-40],[-16,-34],[-49,-27],[-67,-10],[-42,24],[-137,-4],[-60,-51],[-122,-29],[-57,-21],[-85,-4],[-50,23],[-34,-33],[-98,19],[-55,-35],[-86,-6],[-47,11],[-45,-16],[-42,-66],[-60,-48],[-19,-39],[-56,-65],[-65,-44],[-43,-77],[22,-32],[-10,-56],[24,-29],[27,-78],[-31,-61],[-85,-36],[-132,102],[-100,-43],[-20,-39],[-47,-7],[-49,-25],[-85,-63],[-5,-26],[-64,-76],[18,-73],[-48,-49],[-34,-12],[-63,20],[-26,-24],[-54,25],[-78,-16],[-64,10],[-59,-36],[26,-32],[3,-37],[-25,-58],[-1,-44],[33,-42],[18,-50],[-28,-31],[1,-39],[-68,-73],[-138,-9],[-17,-14],[-100,-32],[-20,-50],[-45,-14],[-59,-87],[21,-35],[-47,-73],[-55,-43],[-3,-54],[-19,-52],[71,-106],[25,-19],[-120,-76],[-67,36],[-116,27],[15,-55],[-50,-49],[40,-28],[-8,-64],[-19,-28],[64,-48],[-4,-60],[-85,15],[3,-100],[-43,-36],[32,-71],[67,-17],[15,-39],[51,-65],[-24,-52],[-73,-31],[-16,-45],[-2,-84],[54,-7],[53,-27],[-32,-21],[-93,12],[-74,-9],[-172,43],[-93,-8],[-50,49],[16,18],[-27,79],[-34,-7],[-96,80],[-2,45],[-26,23],[32,32],[42,4],[64,40],[5,26],[-67,41],[20,86],[25,9],[87,73],[-88,22],[-71,-6],[1,27],[75,11],[-72,46],[-56,55],[-83,-18],[-129,62],[-17,47],[-99,55],[-39,5],[-17,27],[24,47],[48,2],[56,64],[43,-61],[105,15],[16,42],[-9,33],[-42,39],[-84,126],[-73,-36],[-157,35],[-211,-10],[-129,33],[2,213],[-65,48],[29,111],[0,71],[-71,44],[-54,12],[-46,76],[26,21],[-6,40],[-94,7],[-64,-12],[-207,2],[-223,-41],[-56,-45],[-85,4],[-41,14],[0,53],[-46,-6],[-34,26],[-61,-57]],[[69940,49068],[7,-77],[-110,-105],[-17,-35],[-55,39],[-21,-14],[40,-44],[-29,-51],[-40,-9],[-48,-35],[22,-46],[-10,-64],[27,-14],[-17,-36],[18,-52],[-64,-5],[5,-50],[-69,-11],[19,-90],[107,7],[28,-7],[93,40],[82,-2],[20,-35],[50,-1],[27,-92],[48,11],[-23,-89],[13,-36],[-14,-37],[-45,-27],[7,-25],[-62,-38],[19,-43],[-93,-53],[-97,-124],[-14,-35],[-112,-91],[-118,-58],[-50,-59],[-38,-143],[37,-22],[19,-89],[-31,-56],[-97,-57],[-34,-47],[-78,-14],[-18,-37],[-37,-18],[-1,65],[-36,83],[47,48],[-5,39],[-32,34],[-66,-11],[-57,-26],[-30,9],[-91,125],[8,7],[-85,113],[-96,-38],[-114,-83],[0,-36],[31,-59],[-28,-6],[-56,58],[-91,13],[-166,-43],[-29,6],[31,48],[-72,7],[-34,18],[-112,29],[-104,58],[-128,15],[-17,21],[-51,-2],[-104,-24],[-57,-5],[-83,-36],[-106,-34],[-83,7],[-88,46],[-24,2],[-179,-49],[-75,-6],[-35,17],[-3,61],[70,24],[1,32],[-31,62],[-62,0],[-20,30],[-3,61],[-78,-30],[-31,58],[-132,-29],[-51,9],[-60,-17],[-14,52],[-34,0],[-14,62],[79,0],[31,58],[-37,40],[-6,39],[59,58],[-85,54],[-77,-3],[-111,64],[-13,32],[-64,36],[-54,49],[-66,-35],[-30,5],[-72,-32],[-67,-17],[-53,6],[-62,36],[40,25],[-17,59],[26,24],[-44,37],[-5,49],[-35,10],[-45,-15],[-67,13],[-30,24],[22,43],[-67,36],[7,17],[-67,25],[-30,-12],[-82,18],[-73,-36],[8,-22],[-79,-2],[-14,31],[-87,-37],[-55,15],[-40,-14],[-50,8],[-103,-13],[-92,-30],[-188,-26],[-56,14],[-18,27],[-56,-5],[-55,33],[-133,7],[-47,-51],[19,-53],[-135,-28],[0,63],[-83,11],[-9,41],[-55,2],[77,64],[-94,62],[-89,32],[-46,53],[-83,-6],[-38,40],[-82,-7],[-42,-30],[-98,16],[-12,92],[22,18],[-45,80],[-14,103],[-78,82],[-90,35],[-61,36],[-31,-16],[-65,58],[5,43],[-51,5],[-166,-50],[-40,41],[-56,8],[-99,-72],[-52,-13],[-24,-26],[-21,-64],[-45,6],[43,87],[-50,37],[-95,39],[-56,42],[-132,18],[-195,52],[-36,-12],[-65,-90],[-158,4],[-24,-119],[-244,31],[-122,40],[-16,-64],[-65,-7],[-212,1],[-15,73],[-61,-8],[-77,24],[-85,42],[20,56],[-16,17],[20,77],[-32,32],[2,43],[-44,26],[3,47],[-88,138],[228,19],[58,82],[23,54],[-44,27],[-4,64],[113,-3],[3,31],[-161,23],[13,58],[-20,77],[0,129],[-17,29],[-139,35],[-56,-25],[-33,83],[1,49],[-29,10],[10,47],[-164,56],[-29,-1],[-144,-54],[-106,-10],[29,-48],[-131,4],[-50,-6],[-12,45],[-26,23],[34,22],[-19,33],[18,43],[-77,33],[-133,5],[-75,25],[21,32],[7,58],[99,73],[27,85],[35,45],[201,-17],[-30,-79],[41,-6],[120,62],[10,24],[70,44],[-17,16],[81,102],[38,-11],[130,157],[-46,22],[52,60],[54,-28],[102,78],[-41,36],[20,37],[2,45],[60,98],[29,-45],[57,-28],[67,80],[-9,72],[-65,57],[-189,117],[-53,44],[-86,22],[-24,41],[-76,32],[2,43],[-66,41],[-91,26],[56,33],[82,7],[28,46],[0,38],[-56,-8],[-127,4],[-33,-31],[-105,61],[17,59],[-44,3],[-25,57],[-17,69],[-16,17],[13,57],[-32,35],[14,59],[52,5],[19,54],[-9,54],[-39,33],[-40,3],[-123,40],[-18,-23],[-71,-5],[-49,12],[-3,-38],[-39,0],[-36,41],[-11,45],[-74,-28],[-33,-39],[-54,41],[-23,60],[-71,-35],[-36,7],[-19,126],[-74,123],[-167,-51],[-26,8],[-213,-52],[-106,34],[-10,-53],[-235,-1],[-47,-71],[-27,43],[21,89],[-105,-2],[-88,6],[8,33],[-77,63],[-96,-6],[-60,-13],[6,-49],[-87,-29],[-57,31],[-14,-37],[-35,-30],[-96,0],[-2,39],[-125,5],[-2,-19],[-114,-26],[-26,6],[-65,-20],[-47,30],[-92,-12],[8,22],[-64,20],[-72,51],[-10,38],[-39,-10],[-147,45],[-92,11],[16,31],[-81,11],[-89,31],[-179,78],[-110,15],[-48,-30],[-56,27],[-67,-72],[56,-33],[-11,-15],[-118,41],[-39,-19],[-111,-7],[-18,-40],[-200,-19],[-77,13],[-26,21],[46,49],[76,16],[-5,54],[-90,0],[-96,-38],[-123,15],[17,64],[-141,6],[45,124],[-41,47],[56,71],[5,31],[-49,10],[16,58],[-73,19],[-20,35],[23,76],[-27,28],[57,63],[48,67],[-142,152],[-47,19],[-49,89],[-22,-33],[-75,22],[59,70],[-27,28],[-70,40],[-37,129],[2,46],[23,104],[50,31],[49,-10],[12,40],[-58,43],[-114,26],[-51,27],[-90,26],[-81,67],[-51,-39],[-43,13],[-42,42],[-17,48],[18,34],[32,9],[6,44],[-43,22],[-46,91],[11,42],[-92,27],[-28,24],[24,83],[39,26],[18,73],[-7,22],[54,29],[104,-62],[41,15],[35,-22],[60,-8],[62,6],[98,-18],[11,45],[36,20],[27,61],[-9,32],[-36,21],[-104,19],[-104,52],[69,58],[-48,9],[-158,-58],[-61,1],[-21,-17],[-81,19],[-33,52],[-74,49],[-95,83],[-7,21],[-91,60],[-64,-5],[-41,-21],[-99,12],[-90,-27],[-9,-29],[-77,-46],[-33,3],[2,132],[-38,35],[4,26],[-73,6],[-64,17],[-221,14],[-50,20],[-113,19],[-64,53],[-102,-60],[10,-34],[-74,-18],[-115,40],[-18,21],[-118,-2],[-187,-54],[-85,19]],[[60820,50385],[-30,37],[-47,4],[-3,27],[79,-12],[1,-56]],[[37126,84707],[-168,50],[-80,46],[-211,34],[-336,30],[-369,-7],[-255,-27],[-397,27],[-269,4],[-317,17],[-173,-3],[-153,-19],[-27,134],[-126,-9],[-14,29],[-108,-16],[-285,22],[-14,22],[-117,64],[-91,82],[-154,88],[21,18],[-82,50],[-101,49],[-44,61],[-30,-11],[-222,301],[15,5],[-72,97],[-1,29],[-125,188],[31,10],[-34,48],[9,28],[-89,44],[5,25],[-49,72],[-51,12],[-58,37],[-256,375],[-44,4],[-71,-13],[-22,29],[179,37],[3,28],[45,66],[39,30],[72,34],[90,30],[242,39],[199,-29],[107,3],[191,-30],[74,-38],[69,-53],[55,16],[67,-3],[66,19],[7,-40],[98,27],[92,48],[62,79],[41,122],[2,71],[-47,29],[-61,-11],[-42,22],[-79,5],[-22,15],[155,41],[3,30],[-266,226],[-40,69],[-211,450],[-61,50],[-170,26],[-91,-19],[-73,-5],[-226,-101],[-120,-73],[-36,-7],[-24,49],[9,46],[-29,25],[-107,25],[-78,35],[-26,51],[-81,83],[-61,154],[3,34],[-54,122],[-86,42],[-17,59],[12,65],[60,213],[26,-3],[27,104],[30,17],[133,103],[53,205],[-4,70],[-77,10],[59,203],[32,-3],[11,43],[36,13],[-3,222],[-20,58],[-63,87],[-76,63],[-83,15],[-190,-74],[-133,-47],[-114,-13],[-98,9],[-29,20],[-10,70],[-93,23],[-129,-16],[-73,54],[-44,5],[-85,-28],[-77,-36],[-72,11],[-105,46],[-14,-81],[-53,-37],[-123,-69],[-160,2],[-148,50],[-105,54],[-31,32],[-90,56],[-92,93],[-118,57],[-116,29],[-76,73],[-39,105],[4,96],[70,1],[-54,122],[19,28],[215,27],[123,-71],[108,11],[94,61],[-60,8],[-9,21],[80,49],[90,-10],[281,75],[54,48],[2,131],[-21,65],[-97,-3],[-246,15],[-45,11],[-66,56],[3,42],[28,81],[84,75],[44,13],[113,56],[104,-9],[164,-34],[133,28],[152,-6],[181,5],[91,24],[636,112],[82,-16],[191,4],[210,-70],[46,-5],[156,28],[12,17],[94,40],[128,35],[98,46],[106,28],[219,197],[65,43],[116,41],[67,142],[33,31],[69,31],[290,59],[119,39],[-20,28],[62,108],[57,-16],[47,29],[-115,51],[20,33],[48,1],[25,39],[-12,82],[-32,76],[-80,105],[-39,-7],[-20,67],[-54,17],[-15,45],[37,29],[-20,80],[-87,15],[-409,-149],[41,-126],[-25,-42],[-172,-97],[-66,-162],[-20,-26],[-73,-25],[-27,-64],[-225,-124],[-157,-5],[-406,6],[-77,28],[-70,-5],[-107,37],[-120,59],[-6,51],[122,144],[-5,34],[-91,32],[-34,73],[19,40],[52,58],[82,29],[120,31],[66,5],[167,90],[42,38],[164,125],[61,131],[10,69],[-20,95],[-28,53],[-34,31],[-20,51],[29,70],[236,379],[-66,143],[-59,44],[-176,54],[-192,116],[-17,17],[-151,261],[-22,92],[-88,19],[-12,20],[-144,40],[-67,13],[-217,66],[-158,91],[-121,82],[-26,27],[-47,107],[23,113],[-48,55],[-48,151],[-19,25],[-115,45],[-121,75],[-102,-29],[-156,13],[-35,10],[-18,76],[36,-3],[76,47],[92,9],[64,31],[-76,82],[-3,90],[-47,65],[-71,53],[-5,41],[47,95],[4,36],[-171,232],[-52,-17],[-41,34],[-115,0],[-88,34],[-97,210],[-67,94],[-385,269],[-13,36],[59,445],[-18,37],[-83,64],[-342,-19],[-274,-11],[2,-25],[-75,-4],[-2,25],[-284,-15],[-99,-22],[-181,-72],[18,-22],[-132,-44],[-153,-80],[-28,-26],[-75,-19],[4,-30],[-281,-62],[-69,-40],[-68,-25],[-52,-3],[-103,20],[-110,61],[-153,65],[-24,20],[-69,103],[-56,99],[-178,1],[-87,54],[-73,-95],[9,-82],[-14,-40],[-101,-28],[-168,-25],[-63,-55],[-34,-70],[-3,-50],[-31,-40],[8,-86],[-33,-90],[-3,-39],[39,-75],[38,-24],[-40,-88],[32,-98],[-51,-48],[-8,-73],[-26,-103],[19,-59],[35,-60],[29,-7],[23,-41],[-26,-51],[4,-65],[-44,-43],[-14,-96],[22,-99],[25,-37],[-10,-31],[-75,22],[-48,68],[-87,65],[3,79],[17,135],[9,218],[16,278],[-3,36],[32,367],[-5,33],[10,156],[19,132],[3,165],[22,135],[28,123],[60,177],[43,97],[36,57],[54,117],[88,167],[36,52],[99,180],[170,238],[66,137],[124,210],[86,134],[67,120],[46,97],[96,145],[75,80],[135,57],[113,13],[94,-46],[122,-38],[29,-23],[57,-7],[174,-45],[-39,-22],[-81,-8],[-39,-19],[-51,4],[-93,66],[-41,13],[-117,-25],[-71,9],[-85,-11],[-89,1],[-44,-33],[18,-26],[18,-78],[65,-26],[157,12],[78,-18],[13,42],[103,6],[-78,-43],[-24,-42],[44,-71],[81,-19],[21,-18],[-19,-90],[-64,-10],[-192,-93],[-218,-44],[-182,-101],[-89,-85],[-37,-73],[-81,-124],[-45,-37],[-28,-52],[94,-121],[-37,-79],[50,-107],[-33,-127],[25,-79],[-4,-33],[32,-30],[-40,-45],[25,-52],[-14,-59],[20,-40],[96,-132],[87,-62],[143,-45],[117,-50],[58,-34],[111,-41],[161,-31],[142,14],[105,-8],[91,14],[108,3],[117,-18],[134,56],[139,40],[81,6],[553,23],[336,9],[106,15],[206,43],[65,31],[28,57],[-9,137],[12,26],[241,-33],[92,33],[129,-10],[71,-21],[152,-77],[74,-25],[24,-27],[75,-20],[19,-21],[104,-37],[111,5],[184,48],[51,-30],[187,-24],[-6,37],[53,29],[61,8],[69,39],[64,14],[0,26],[134,17],[32,-24],[50,-1],[57,37],[141,-17],[57,-58],[71,-47],[117,-9],[70,42],[83,-4],[50,34],[100,4],[52,31],[31,-11],[80,5],[93,-8],[31,-22],[119,16],[158,-13],[97,2],[99,-16],[91,-39],[132,-33],[73,-46],[334,-73],[160,-78],[-4,-27],[208,-82],[103,14],[61,-24],[168,8],[129,-19],[215,48],[142,-18],[139,17],[80,-11],[128,-30],[78,-28],[260,-69],[16,-26],[93,-27],[98,0],[200,-70],[182,-46],[51,-78],[-104,-111],[5,-53],[34,-65],[77,-114],[45,-96],[165,14],[51,18],[154,-33],[23,-66],[94,-33],[-29,54],[15,37],[391,-44],[11,-18],[145,-50],[-17,43],[11,44],[37,-5],[89,99],[209,87],[-15,13],[41,90],[-17,53],[45,-3],[30,30],[12,49],[56,-12],[109,11],[102,41],[44,0],[65,-48],[-10,-62],[136,-85],[71,-1],[155,74],[116,6],[32,-21],[377,121],[946,578],[82,11],[393,-93],[-255,-323],[1475,-401],[74,10],[481,-335],[41,-32],[13,-52],[64,-92],[130,-124],[161,-129],[85,-74],[171,-56],[136,2],[6,-26],[82,-7],[57,25],[2,48],[49,79],[94,74],[34,-1],[67,-35],[59,4],[11,27],[-29,49],[-46,2],[50,119],[-30,70],[49,119],[33,14],[68,-47],[123,-42],[210,-112],[123,-36],[37,-86],[81,-94],[38,-31],[56,-78],[20,-103],[19,-156],[30,-107],[72,-144],[107,-97],[47,-15],[121,-100],[215,-137],[16,-26],[8,-75],[-23,-112],[10,-30],[-22,-104],[77,-25],[-3,-41],[-64,-8],[-23,-41],[-12,-93],[-3,-127],[17,-68],[11,-145],[-8,-40],[-42,-99],[-23,-83],[-12,-205],[30,-73],[-34,-30],[10,-150],[-7,-19],[19,-132],[-14,-81],[-42,-30],[-68,-18],[-50,-70],[-65,-135],[-78,-107],[-27,-25],[-78,-38],[-42,-55],[-104,-27],[-55,-62],[-61,-40],[-125,-32],[-116,-55],[-49,-34],[-40,-3],[-194,-52],[-266,-103],[-135,-61],[-33,-35],[-156,-46],[-77,-172],[130,-47],[-33,-52],[109,0],[197,31],[104,0],[129,18],[51,22],[33,35],[31,71],[57,-5],[210,24],[132,36],[110,15],[143,7],[94,-4],[52,8],[147,66],[109,21],[93,2],[88,16],[125,6],[129,16],[83,22],[182,6],[355,58],[133,-3],[44,-8],[186,-88],[78,-31],[134,-76],[132,-105],[109,-64],[72,-9],[-39,-70],[-42,-22],[-79,-13],[-79,-114],[-90,-37],[32,-37],[-5,-61],[105,-137],[68,-54],[58,-132],[-40,-84],[16,-83],[-397,-266],[-22,-71],[235,-218],[44,69],[18,92],[-12,29],[55,24],[90,18],[48,20],[6,49],[-19,31],[21,35],[-25,62],[52,7],[97,91],[-1,26],[43,96],[-33,39],[76,80],[49,23],[82,57],[-11,22],[79,20],[158,16],[154,6],[69,15],[128,0],[22,30],[109,14],[13,39],[-63,-7],[-9,31],[160,80],[249,34],[162,-13],[204,-44],[99,-27],[182,-28],[105,-30],[133,-66],[60,-44],[104,-57],[203,-86],[20,6],[61,-49],[96,-34],[192,-84],[129,-41],[151,-38],[101,-11],[217,-56],[145,-22],[104,-42],[278,-98],[236,-59],[147,-63],[99,-58],[111,-37],[87,-53],[114,-152],[12,-45],[74,-46],[119,-58],[105,-33],[8,-79],[56,-60],[136,-55],[113,-17],[74,1],[69,12],[85,33],[130,13],[135,-40],[71,-6],[145,21],[191,58],[93,43],[213,113],[127,73],[120,89],[103,101],[104,62],[111,93],[49,30],[158,60],[103,9],[129,56],[158,128],[76,39],[86,5],[139,28],[44,-28],[71,-8],[100,8],[53,-12],[0,47],[44,-1],[0,-41],[185,-26],[187,12],[112,-15],[-16,-36],[-50,-4],[36,-111],[66,4],[229,54],[127,41],[76,-6],[61,20],[58,42],[134,155],[44,19],[111,22],[57,22],[-35,-77],[27,-21],[95,40],[31,3],[82,-34],[20,-24],[-5,-60],[-47,-120],[-63,-42],[-65,-17],[-112,-81],[-92,-31],[-113,-73],[-49,-104],[-18,-62],[-76,2],[6,-130],[15,-159],[31,-219],[56,-202],[21,-98],[1,-115],[-21,-238],[15,-121],[27,-124],[59,-182],[-1,-72],[29,-178],[-29,-26],[-107,-7],[-118,-47],[-82,-53],[-128,-128],[-156,-81],[-103,-38],[-142,-71],[-45,-13],[-94,-52],[-215,-107],[-268,-108],[-49,-31],[-25,-49],[-40,-33],[-40,-4],[-54,-62],[-106,-89],[-25,-36],[-229,-156],[-186,-175],[-116,-60],[-108,-38],[-35,-2],[-100,53],[-33,3],[-154,-14],[-155,11],[-100,51],[-73,3],[-69,-49],[-11,-55],[-95,-118],[-103,-79],[-95,-59],[-84,-36],[-97,-74],[-67,-149],[10,-102],[90,-160],[137,-196],[52,-60],[106,-93],[134,-63],[48,-6],[111,33],[106,3],[169,-40],[93,10],[86,20],[79,-10],[57,-20],[116,-74],[58,-84],[5,-31],[-28,-121],[16,-45],[33,-30],[-42,-38],[66,-2],[108,-26],[54,3]],[[30803,87182],[71,-14],[6,-27],[-58,-10],[-42,-39],[-40,-14],[29,-49],[108,-13],[-46,-22],[-87,12],[-54,26],[-33,62],[5,66],[31,53],[81,70],[82,16],[29,-23],[-72,-36],[-30,-45],[20,-13]],[[22160,88835],[21,-23],[77,5],[51,25],[68,-5],[11,-62],[-23,-36],[-106,-16],[-16,-73],[6,-76],[-89,39],[-43,-33],[-52,7],[-36,86],[-46,13],[-67,89],[-44,19],[46,25],[72,13],[9,32],[73,20],[88,-49]],[[31276,92410],[-49,-26],[-16,-31],[-49,-11],[-75,49],[92,23],[97,-4]],[[29279,92309],[-35,11],[-50,64],[30,39],[90,-22],[68,-38],[-56,-42],[-47,-12]],[[56890,93218],[117,1],[13,-13],[201,-20],[68,-26],[137,-25],[211,-17],[118,-4],[251,-94],[24,-48],[66,-30],[84,-18],[133,-42],[99,8],[37,25],[44,-6],[2,-62],[31,-56],[67,-49],[57,-169],[46,-99],[18,-19],[87,-41],[78,-62],[16,-34],[62,-53],[18,-90],[22,-44],[87,-102],[72,-42],[44,-50],[35,-134],[39,-35],[30,-77],[47,-31],[8,-89],[-138,9],[-184,24],[-97,20],[-108,37],[-102,26],[-143,10],[-173,2],[-148,-13],[-198,-58],[-80,27],[-62,-62],[-90,-32],[-164,1],[-59,8],[-247,13],[-97,-15],[-49,32],[-127,44],[-105,20],[24,103],[-27,64],[44,52],[32,64],[-12,61],[-55,32],[14,57],[-30,31],[-32,-9],[-39,30],[-86,30],[-59,-7],[-43,32],[-79,16],[-107,-40],[4,-48],[-30,-9],[-34,33],[-119,-17],[-95,-47],[-59,14],[-13,-79],[76,-24],[49,0],[36,-25],[20,-53],[-121,65],[-199,87],[-34,41],[-17,53],[39,195],[10,112],[21,71],[-3,53],[78,155],[75,103],[74,117],[62,71],[80,72],[179,133],[83,36],[44,-40],[74,-22],[77,-9]],[[32155,93499],[127,-34],[-5,-51],[-38,-34],[-44,2],[-176,72],[-84,4],[-74,30],[163,53],[78,-15],[53,-27]],[[30939,93565],[64,-59],[-53,-198],[-102,-176],[-93,-31],[74,-28],[23,-50],[-40,-5],[-47,-60],[154,-115],[-55,8],[-119,91],[-45,-83],[-80,-68],[-64,-36],[-226,-46],[-120,-19],[-127,-7],[-63,14],[-123,78],[-35,65],[-99,49],[-53,48],[-44,91],[-10,86],[3,69],[32,49],[80,34],[120,1],[89,18],[63,-10],[77,22],[108,70],[13,42],[57,13],[95,-3],[-9,28],[153,21],[135,69],[64,22],[148,-14],[55,20]],[[29358,93801],[5,-22],[84,-77],[80,-37],[1,-63],[-49,-26],[-74,-17],[-178,-1],[-49,25],[-59,70],[-36,18],[-85,17],[-38,27],[-67,8],[-81,59],[-13,37],[57,23],[109,-19],[96,-32],[142,25],[37,27],[88,-9],[30,-33]],[[32246,94164],[90,-11],[-99,-38],[-42,-68],[-73,21],[-59,93],[71,-27],[102,43],[10,-13]],[[31663,94584],[-96,-22],[-1,19],[78,17],[19,-14]],[[31280,94674],[44,-4],[-4,-95],[-128,-96],[-99,-19],[-96,55],[5,48],[33,49],[237,69],[8,-7]],[[30413,94670],[-67,-25],[-41,-31],[-168,-12],[-43,-29],[-64,3],[-44,-19],[-112,-23],[-52,-1],[-68,35],[-127,-20],[-25,-28],[-61,-17],[-82,-49],[-79,4],[-16,-33],[-131,-55],[-21,-28],[-69,59],[-43,9],[-81,50],[25,48],[101,69],[144,-12],[126,18],[86,31],[90,-2],[81,22],[151,14],[131,36],[243,58],[91,42],[72,66],[63,-21],[63,-2],[-4,-52],[-28,-66],[-41,-39]],[[30873,95148],[112,-13],[17,-18],[-36,-76],[-261,-6],[-8,53],[87,1],[54,25],[35,34]],[[26987,95311],[-25,-67],[52,-120],[52,-42],[61,-141],[4,-38],[34,-35],[18,-105],[18,-23],[107,-34],[111,-85],[-29,-43],[0,-47],[59,-55],[39,-11],[129,15],[18,-34],[-115,-20],[-12,-14],[60,-70],[75,24],[-60,-76],[-34,-18],[-111,-29],[-58,-31],[-46,-6],[-75,11],[-38,24],[-114,100],[-38,22],[-100,83],[-174,170],[-61,46],[-148,131],[-50,50],[-68,96],[-11,76],[37,52],[87,83],[169,139],[69,15],[116,91],[59,64],[81,55],[65,24],[4,-38],[-53,-58],[-59,-27],[-41,-37],[-31,-49],[27,-18]],[[29423,96059],[172,-69],[76,-70],[-23,-133],[-24,-5],[31,-68],[55,-25],[45,-64],[-117,-53],[-42,-47],[-23,-53],[-45,-53],[8,-69],[26,-51],[-60,-27],[-45,-103],[-28,-33],[-125,-12],[-176,16],[-114,15],[-63,-21],[-108,19],[-132,-12],[-171,0],[-155,29],[-102,46],[-84,74],[-238,25],[-73,17],[-162,56],[-80,8],[-70,51],[-17,59],[1,68],[24,75],[31,41],[47,90],[72,90],[101,73],[51,17],[26,27],[78,9],[27,17],[169,7],[111,14],[84,31],[84,-2],[71,-33],[126,21],[110,10],[87,31],[76,-37],[176,56],[223,-28],[89,-24]]],"transform":{"scale":[0.00009175426023260195,0.00007788507565075686],"translate":[5.866250351000076,47.270265007000035]},"objects":{"gb_DEU_ADM1":{"type":"GeometryCollection","geometries":[{"arcs":[[[0]],[[1]],[[2]],[[3,4,5,6],[7]]],"type":"MultiPolygon","properties":{"id":"DE-BW","name":"Baden-Württemberg","pcode":"DE-BW"}},{"arcs":[[-7,8,9,10,11,12],[13]],"type":"Polygon","properties":{"id":"DE-BY","name":"Bayern","pcode":"DE-BY"}},{"arcs":[[14]],"type":"Polygon","properties":{"id":"DE-BE","name":"Berlin","pcode":"DE-BE"}},{"arcs":[[[15,16,17,18,19],[-15]],[[20]]],"type":"MultiPolygon","properties":{"id":"DE-BB","name":"Brandenburg","pcode":"DE-BB"}},{"arcs":[[[21]],[[22,23]],[[24]]],"type":"MultiPolygon","properties":{"id":"DE-HB","name":"Bremen","pcode":"DE-HB"}},{"arcs":[[[25,26]],[[27]],[[28]]],"type":"MultiPolygon","properties":{"id":"DE-HH","name":"Hamburg","pcode":"DE-HH"}},{"arcs":[[[-6,29,30,31,32,-9]],[[-8]]],"type":"MultiPolygon","properties":{"id":"DE-HE","name":"Hessen","pcode":"DE-HE"}},{"arcs":[[[-18,33,34,35]],[[36]],[[37]],[[38]],[[39]],[[40]],[[41]],[[42]],[[43]],[[44]],[[45]],[[46]],[[47]],[[48]],[[49]],[[50]],[[51]],[[52]],[[53]],[[54]],[[55]],[[56]],[[57]]],"type":"MultiPolygon","properties":{"id":"DE-MV","name":"Mecklenburg-Vorpommern","pcode":"DE-MV"}},{"arcs":[[[-17,58,59,-32,60,61,-24,62,63,-26,64,-34],[-22],[-25]],[[65]],[[66]],[[67]],[[68]],[[69]],[[70]],[[71]],[[72]]],"type":"MultiPolygon","properties":{"id":"DE-NI","name":"Niedersachsen","pcode":"DE-NI"}},{"arcs":[[[-31,73,74,-61]],[[75]],[[76]],[[77]],[[78]]],"type":"MultiPolygon","properties":{"id":"DE-NW","name":"Nordrhein-Westfalen","pcode":"DE-NW"}},{"arcs":[[-5,79,80,81,-74,-30]],"type":"Polygon","properties":{"id":"DE-RP","name":"Rheinland-Pfalz","pcode":"DE-RP"}},{"arcs":[[-81,82]],"type":"Polygon","properties":{"id":"DE-SL","name":"Saarland","pcode":"DE-SL"}},{"arcs":[[-11,83,84,-20,85]],"type":"Polygon","properties":{"id":"DE-SN","name":"Sachsen","pcode":"DE-SN"}},{"arcs":[[[-16,-85,86,-59],[-21]],[[87]]],"type":"MultiPolygon","properties":{"id":"DE-ST","name":"Sachsen-Anhalt","pcode":"DE-ST"}},{"arcs":[[[-27,-64,88,-35,-65]],[[89]],[[90]],[[91]],[[92]],[[93]],[[94]],[[95]],[[96]],[[97]],[[98]],[[99]],[[100]],[[101]],[[102]],[[103]]],"type":"MultiPolygon","properties":{"id":"DE-SH","name":"Schleswig-Holstein","pcode":"DE-SH"}},{"arcs":[[-10,-33,-60,-87,-84],[-88]],"type":"Polygon","properties":{"id":"DE-TH","name":"Thüringen","pcode":"DE-TH"}}]}}}