{"type":"Topology","arcs":[[[58676,77068],[11,-26],[-1,-22],[8,-41],[19,-45],[6,-43],[-19,-32],[-23,-64],[4,-29],[4,-62],[5,-13],[-19,-9],[-23,-21],[-12,16],[-11,6],[-12,26],[-11,14],[3,10],[-32,20],[-4,-6],[-18,-8],[-10,-9],[-39,-9],[8,-27],[-62,-23],[-23,-21],[-9,13],[-38,-9],[0,17],[-14,-4],[-19,-9],[-32,5],[-45,22],[-9,8],[-28,10],[-22,17],[-75,-78],[-5,-13],[17,-17],[11,-12],[5,-15],[13,-10],[20,2],[2,-9],[36,3],[11,-9],[11,-18],[25,8],[25,2],[9,9],[16,1],[28,20],[26,-9],[-4,-26],[-10,-23],[2,-15],[12,-21],[-3,-20],[2,-15],[11,-13],[-7,-18],[2,-32],[-4,-8],[-4,-27],[-7,-3],[-3,19],[-16,11],[-12,-7],[-12,-26],[-1,-9],[-9,-8],[-20,-8],[-9,0],[-10,6],[-1,9],[-9,4],[-8,14],[0,23],[-19,-2],[-1,-4],[-28,-2],[-19,4],[-1,-11],[-9,-4],[-14,3],[-19,8],[1,-16],[4,-4],[-7,-35],[-35,-90],[-33,-66],[-14,-44],[1,-9],[20,-36],[14,-2],[49,-24],[25,8],[15,9],[1,7],[19,0],[44,-7],[1,12],[15,-6],[6,22],[12,17],[15,-20],[13,-9],[26,-24],[1,-29],[6,-13],[1,-25],[-5,-27],[-6,-5],[20,-33],[-3,-13],[15,-1],[9,-13],[14,-9],[20,-4],[6,3],[20,2],[7,-8],[6,17],[16,3],[67,-2],[16,7],[16,-7],[-16,-38],[1,-18],[-6,-31],[4,-89],[5,-20],[0,-16],[-3,-11],[-11,-17],[-6,-28],[12,-30],[-20,-16],[20,-27],[16,-12],[-1,-9],[7,-14],[21,3],[3,-5],[23,-18],[6,-14],[-9,-4],[-28,3],[-12,-41],[4,-16],[8,0],[2,-10],[-9,-12],[14,-14],[-9,-24],[-4,-7],[-12,6],[-35,-3],[-15,-6],[-43,-26],[-34,-29],[-11,-17],[-12,-12],[12,-15],[-17,-9],[-17,-17],[-12,-9],[10,-14],[15,-42],[-39,-33],[1,-6],[14,-9],[21,-1],[11,-18],[16,-12],[7,-17],[27,-11],[22,-17],[5,-11],[12,-7],[-17,-30],[8,-4],[-9,-15],[-12,-10],[7,-5],[-7,-12],[7,-12],[-11,-8],[4,-16],[-3,-7],[-17,0],[2,-8],[-10,-28],[10,-6],[0,-12],[-18,-15],[38,-10],[13,0],[-1,9],[26,1],[6,8],[34,13],[1,-6],[20,2],[35,8],[-3,7],[29,15],[22,17],[16,10],[16,30],[4,-4],[6,22],[19,9],[43,-3],[19,-11],[4,-5],[58,-15],[19,-7],[1,6],[29,-6],[15,2],[59,23],[3,-3],[30,9],[-5,-8],[-23,-7],[5,-16],[-13,-5],[-19,-29],[-29,-25],[-19,-3],[-3,-8],[9,-16],[1,-20],[33,-6],[31,1],[23,5],[31,-17],[11,1],[19,-14],[23,-14],[26,-23],[11,-20],[2,-10],[7,-8],[8,-2],[13,-11],[7,-15],[26,-25],[-6,-14],[-10,-3],[-23,4],[-31,-4],[-56,2],[2,-17],[-3,-14],[-6,-8],[-21,-9],[-9,-13],[-62,-17],[-94,-20],[-19,-6],[-44,-15],[10,-17],[17,-22],[5,-13],[30,-34],[8,-18],[13,-35],[8,-13],[-7,-3],[-45,-2],[-5,3],[-18,-3],[-29,4],[-51,4],[-22,-37],[-34,-63],[-50,-23],[-33,-15],[-24,-33],[-29,-30],[22,-25],[22,-42],[15,7],[5,-44],[17,-31],[-1,-19],[-10,-7],[2,-20],[4,-11],[12,-11],[19,-2],[20,-5],[15,-31],[-5,-4],[5,-15],[-45,2],[4,-16],[11,-24],[-33,1],[-8,-1],[-15,-10],[-27,-21],[-18,-32],[-12,-11],[-11,-4],[-14,-12],[-16,-20],[-22,-13],[-34,-9],[-9,19],[-19,-15],[-46,-6],[-7,-3],[-20,7],[-14,-1],[-25,26],[-8,-4],[-20,1],[-18,28],[-55,-13],[-8,11],[-61,-57],[103,-107],[5,-18],[19,-15],[14,-48],[1,-13],[6,-19],[10,-10],[12,-33],[16,-20],[17,-35],[-12,-38],[0,-10],[8,-20],[-21,1],[-20,5],[0,10],[-19,-13],[-13,-3],[-10,17],[-10,0],[-6,-21],[-7,-2],[-17,2],[-11,-26],[-12,-6],[-15,6],[-6,-17],[-10,0],[-6,12],[1,16],[-21,-1],[-4,-3],[0,-19],[-3,-3],[-20,5],[-9,9],[-8,-14],[16,-8],[1,-5],[-9,-11],[-15,4],[-7,-1],[-19,4],[-2,-31],[-10,1],[-7,-6],[-37,-10],[-4,-14],[12,-10],[15,-2],[13,-37],[5,-32],[12,-3],[20,4],[3,-3],[3,-17],[5,-4],[14,-1],[4,-17],[-14,1],[-18,-8],[-10,-14],[3,-17],[10,-16],[31,-11],[-2,-9],[5,-9],[-3,-7],[8,-6],[14,-26],[10,-7],[9,-12],[-2,-56],[3,-9],[-11,-10],[1,-8],[-9,-25],[6,-4],[-5,-10],[6,-14],[-8,-11],[-7,3],[-11,-19],[4,-11],[-7,-6],[-13,13],[-23,4],[-5,-7],[12,-5],[4,-7],[1,-16],[-12,-7],[-4,-14],[4,-22],[-6,-14],[-18,-10],[2,-16],[-3,-20],[11,8],[27,-1],[1,6],[25,-6],[-3,-16],[13,-3],[3,9],[11,-3],[2,7],[19,-5],[28,-15],[-2,-41],[-17,2],[-9,-21],[-36,21],[-5,-14],[4,-13],[8,-3],[11,8],[7,-5],[23,-8],[27,0],[1,8],[12,8],[11,-3],[19,12],[18,-5],[-2,-33],[3,-3],[-8,-21],[-3,-15],[-15,-47],[-4,-23],[-7,-17],[-5,-29],[-6,-15],[2,-24],[-7,-39]],[[58198,72336],[-34,1],[-23,-6],[-3,14],[-26,-15],[-12,25],[-15,-5],[-6,12],[-11,-3],[-7,11],[1,20],[-28,8],[3,8],[-20,1],[-2,14],[-17,-1],[-3,17],[-10,-9],[-17,-3],[-20,2],[-2,-7],[-15,2],[-3,-19],[-10,-34],[-43,8],[-6,-25],[-18,-68],[-6,-28],[1,-19],[-2,-25],[2,-21],[19,-2],[-4,-37],[-23,2],[-17,-3],[-9,-11],[-10,5],[-4,55],[5,16],[-37,2],[-20,-55],[-31,0],[-15,-2],[-34,0],[-7,-30],[-24,21],[-8,10],[-7,-10],[-12,7],[-37,6],[-3,6],[-15,8],[0,7],[-19,10],[-30,5],[-23,-1],[2,-13],[5,-9],[5,-19],[-40,0],[-1,10],[-23,0],[-2,17],[-13,0],[6,28],[-10,6],[-15,-13],[-10,-6],[-28,-8],[-9,7],[10,32],[-20,6],[-15,1],[-23,9],[-2,-43],[-18,2],[-20,-4],[-25,-1],[-6,17],[-29,-10],[4,-21],[-10,0],[0,-22],[-41,-6],[5,-48],[-35,-5],[1,-11],[-16,-2],[0,-16],[-17,0],[-15,5],[-10,12],[-1,8],[-17,-1],[-25,3],[-1,-4],[-24,6],[-43,14],[7,10],[-39,-1],[-15,-3],[-14,6],[-51,-24],[-13,-12],[-11,-2],[-19,-13],[-26,-6],[-13,-7],[-22,-5],[-12,16],[-7,24],[-21,19],[-3,-4],[-23,20],[-25,-25],[-15,-5],[-12,40],[-12,25],[-14,13],[-20,10],[-31,8],[-15,-36],[-16,-29],[-20,4],[-35,-2],[-13,9],[-11,-20],[-20,12],[-15,-19],[-15,5],[-1,-16],[-9,-19],[0,-11],[-23,29],[-15,6],[2,11],[-10,26],[-23,-9],[-15,-15],[-16,-8],[-27,1],[3,-23],[-14,-1],[-2,6],[-28,8],[-18,-17],[-15,-4],[-21,-26],[-22,-43],[-7,-31],[-5,-14],[-12,-15],[5,-5],[-11,-11],[-3,-9],[-17,-22],[-17,14],[-11,15],[1,9],[11,19],[-1,17],[-6,7],[-17,6],[-26,1],[-35,-7],[-19,4],[-14,11],[-13,19],[-21,7],[-29,-10],[-27,-21],[-11,-4],[-28,-4],[-29,0],[-12,5],[-22,22],[-8,4],[-27,-5],[-19,-22],[-9,1],[-8,-22],[-11,-16],[0,-8],[-12,-29],[-11,-35],[-9,-19],[-11,-28],[17,-8],[-5,-11],[-10,4],[-5,-13],[-1,-21],[1,-30],[45,-27],[-6,-8],[7,-9],[-12,-9],[2,-6],[-25,-7],[-7,-9],[-6,-18],[-17,-16],[0,-9],[-39,-18],[6,-19],[-18,-8],[4,-22],[-12,-6],[1,-8],[-8,-10],[-12,-4],[-10,-19],[-30,-38],[-12,-23],[5,-12],[28,-21],[23,0],[31,-3],[-2,-21],[-15,-17],[-33,-25],[-10,-18],[21,-24],[17,-14],[25,-44],[11,-12],[-3,-9],[-17,-24],[-3,-10],[0,-20],[-10,-37],[25,-9],[19,-15],[32,-1],[15,-2],[11,-5],[27,-9],[12,-13],[4,-23],[0,-17],[-23,-45],[15,-29],[9,-33],[0,-36],[8,-32],[-29,-4],[-17,2],[-1,6],[-27,7],[-11,-5],[-23,-15],[-15,-27],[-9,-21],[-13,-22],[10,-4],[-59,-67],[13,-10],[-11,-24],[27,-14],[-19,-20],[-23,-29],[-19,-21],[-18,-31],[-6,-20],[-13,-22],[3,-4],[-14,-13],[0,-9],[10,-16],[-8,-13],[-9,-23],[-11,-19],[-14,4],[-20,-6],[-18,5],[-8,-7],[-4,-11],[-15,-9],[-10,27],[-15,20],[-20,-10],[-31,-22],[-11,-5],[-46,0],[-10,-14],[-4,-28],[1,-7],[17,-26],[-1,-14],[-18,-28],[-24,-13],[-16,1],[-26,-11],[-12,-4],[-14,1],[-15,8],[-45,-32],[-57,-65],[-23,1],[-8,-34],[-7,-7],[4,-19],[-4,-13],[-2,-24],[2,-21],[0,-43],[13,-41]],[[54946,70011],[-179,-28],[-82,-12],[-98,-16],[-94,-15],[-15,2],[-21,-30],[-11,-25],[-7,-2],[-18,-33],[-32,-35],[-33,-28],[-27,-12],[-2,-8],[-16,-6],[-16,-9],[-15,-19],[-16,-25],[-24,3],[-19,-2],[-6,-4],[-22,-5],[-12,7],[-13,-21],[-9,-22],[-23,2],[-25,16],[-10,-7],[-15,-5],[-18,2],[-1,8],[-45,3],[-1,33],[-26,71],[7,16],[0,15],[9,5],[-1,13],[15,32],[-19,6],[-3,7],[28,43],[9,4],[25,28],[6,-3],[9,17],[-5,5],[12,10],[-3,5],[10,22],[-1,12],[-7,13],[-13,0],[-18,-9],[-22,-9],[-12,4],[-5,35],[-17,-8],[-15,18],[-7,-3],[-8,-31],[-6,-13],[-21,8],[-20,11],[-18,3],[-23,9],[-8,-2],[-14,-13],[-8,-19],[-13,-9],[-15,-18],[-4,6],[-23,14],[-6,12],[-43,-9],[-14,-4],[10,-15],[-31,-19],[-16,23],[-13,-5],[-24,12],[-5,6],[-68,21],[9,-20],[12,-21],[5,-18],[15,-5],[7,-11],[16,2],[0,-14],[28,-17],[-1,-8],[24,-17],[6,-15],[9,-28],[1,-14],[-2,-18],[-17,-3],[-22,-8],[-30,-15],[-80,-30],[-90,-35],[-10,-21],[-7,-27],[-26,-29],[-20,-18],[-21,-13],[-10,-10],[-8,-24],[-14,6],[-1,6],[-47,10],[-14,1],[-12,-16],[-25,12],[-7,1],[-36,-6],[-33,4],[-5,10],[-17,-7],[-16,-9],[-5,-22],[-16,-13],[-24,-2],[-7,-6],[-9,22],[-4,1],[-63,78],[-64,77],[-22,7],[-10,8],[-35,-6],[-17,-7],[-26,-7],[-37,-5],[-37,-17],[-25,-18],[-35,-7],[-34,-8],[-18,-1],[-82,6],[-17,-1],[-24,4],[-38,-4],[-14,-7],[-28,98],[-62,5],[-15,4],[-28,-9],[-51,-1],[-34,4],[-32,-5],[-41,-46],[-15,-15],[-55,-73],[-14,-7],[9,-11],[-1,-8],[-25,8],[-13,9],[-41,-1],[-12,-1],[-41,0],[-75,1],[-93,28],[-3,5],[-25,-13],[-2,-5],[-21,13],[-7,-21],[-22,21],[-14,-12],[-20,-13],[-8,-15],[-30,-31],[-16,10],[-13,12],[-7,12],[-9,-8],[-22,-7],[-18,5],[6,10],[9,60],[21,-1],[12,9],[17,-2],[3,22],[20,15],[7,0],[28,11],[25,46],[6,15],[0,18],[10,4],[11,34],[48,7],[-4,30],[-14,27],[11,-5],[12,22],[21,-12],[6,13],[-6,4],[12,35],[5,26],[15,20],[33,-24],[37,-14],[26,-12],[14,-5],[22,-10],[23,-18],[32,44],[42,61],[-18,19],[4,5],[-18,17],[24,39],[-39,34],[-18,20],[11,9],[0,16],[13,16],[23,22],[8,15],[6,-2],[12,32],[-6,6],[-23,-6],[-6,28],[12,-1],[24,12],[33,7],[-1,57],[-20,2],[-8,7],[2,17],[14,38],[-28,35],[4,45],[-23,0],[2,19],[6,13],[-7,10],[-6,61],[27,27],[8,12],[-24,-9],[-31,-16],[-26,0],[7,73],[-9,58],[-38,2],[-44,0],[-13,4],[-33,3],[-6,6],[-17,-12],[-55,59],[6,14],[13,39],[-20,6],[2,9],[-51,41],[-11,-7],[-35,-17],[-28,-15],[-31,-14],[-21,-2],[0,14],[-27,41],[-19,-10],[-4,-8],[-18,-3],[-11,15],[-8,-1],[-34,2],[-14,6],[-16,13],[-5,24],[-6,9],[-19,3],[-9,16],[-3,18],[-14,23],[1,12],[9,10],[-14,28],[-2,9],[-7,4],[1,15],[7,11],[1,27],[-11,13],[4,26],[12,20],[-2,9],[4,15],[11,5],[3,15],[6,4],[1,10],[-6,22],[3,6],[4,33],[-15,18],[-1,22],[-5,16],[-10,9],[-2,10],[-24,26],[-3,11],[-8,15],[-14,13],[-10,1],[0,12],[-11,10],[2,8],[-14,13],[1,8],[-6,12],[-10,6],[1,14],[-2,12],[-11,8],[3,25],[-31,-19],[9,-26],[-14,-14],[-3,-17],[-7,2],[-12,13],[-28,-19],[-8,-11],[-8,9],[-19,-13],[-15,-2],[-10,5],[-33,-10],[-48,-20],[-9,7],[-11,26],[-39,-29],[-19,-3],[-13,18],[3,3],[-18,21],[7,6],[-14,10],[-14,5],[-16,2],[-2,11],[-15,-2],[0,13],[-28,-13],[1,6],[-10,31],[-17,40],[-13,28],[-12,10],[-38,-8],[-1,50],[4,14],[-11,4],[-7,-20],[-2,-15],[-13,-1],[0,24],[-5,4],[-39,-22],[-6,15],[-30,-11],[2,-19],[-12,1],[-10,-20],[-10,-26],[-6,-2],[-12,-28],[-8,-8],[1,-9],[-7,-16],[-17,-26],[-17,-37],[11,-8],[-31,-35],[-8,6],[-19,5],[-16,11],[-23,11],[-17,13],[-1,4],[-37,2],[-37,-11],[-1,18],[-21,-3],[1,17],[-17,-3],[-4,-17],[-11,-4],[-15,-24],[16,-10],[-15,-14],[-4,-11],[-20,6],[-23,-56],[-15,-21],[-14,-1],[-42,-17],[1,20],[-4,14],[13,40],[-4,30],[23,63],[20,22],[-19,-3],[-24,1],[-55,-2],[22,48],[18,35],[17,58],[-1,12],[-12,5],[-8,9],[-9,-13],[12,-5],[-4,-10],[-22,11],[-14,13],[-14,-14],[-9,-6],[10,-9],[-11,-17],[-14,5],[-16,12],[-15,2],[10,19],[-6,16],[-11,-3],[-8,21],[-11,18],[-31,-11],[-11,-19],[-17,8],[3,29],[-20,4],[-6,11],[5,19],[-36,13],[0,33],[-22,0],[-13,-4],[-1,-14],[22,-9],[-16,-37],[-35,-23],[0,-4],[-16,-6],[-28,-20],[-3,-10],[-19,-2],[0,-20],[3,-15],[-3,-10],[-20,-16],[-21,-24],[-1,-24],[7,-1],[10,10],[5,-15],[-7,-18],[-3,-18],[-20,-62],[-62,46],[-16,-34],[-51,14],[-46,10],[-4,10],[-16,0],[-2,-20],[3,-21],[10,-38],[13,-44],[36,6],[7,-19],[6,-23],[8,-22],[-24,1],[-46,7],[-59,2],[-67,-2],[-48,-6],[-54,-10],[-66,-7],[21,99],[0,7],[-24,0],[-31,4],[-28,-17],[-14,-14],[-2,-18],[-18,-16],[-17,-7],[-12,-8],[-10,-19],[-8,-3],[0,-30],[-18,-3],[-27,-7],[-32,-1],[-58,5],[-17,-1],[-58,6],[-39,7],[-5,-8],[-2,-44],[-22,-11],[-18,-17],[-16,-11],[-19,-20],[-13,7],[2,7],[-16,8],[6,16],[-22,-2],[-20,2],[-20,6],[-25,3],[-4,-14],[-26,1],[-2,-16],[-58,-5],[-1,-9],[-26,5],[-2,-6],[-18,1],[0,21],[-13,-8],[-4,5],[-11,-3],[-46,4],[-26,9],[1,-10],[-60,16],[-5,-13],[-40,3],[1,9],[-18,0],[6,29],[7,19],[42,-4],[13,28],[-20,7],[-25,1],[-8,-24],[-4,-4],[-18,0],[10,35],[-12,3],[-15,-5],[-23,-10],[-10,24],[-8,40],[-9,33],[7,5],[-24,12],[7,10],[-5,11],[45,36],[27,17],[-2,4],[28,18],[7,-17],[-2,-15],[32,0],[-3,10],[4,49],[11,1],[-44,47],[31,32],[24,21],[-45,61],[-36,47],[-13,25],[15,10],[-6,7],[34,17],[-6,24],[6,1],[-5,40],[-9,30],[4,2],[-4,17],[14,7],[12,15],[30,19],[27,12],[28,26],[-25,7],[-10,15],[-5,16],[5,12],[-10,4],[-34,0],[18,14],[-4,21],[11,2],[4,23],[-13,0],[-2,14],[3,24],[-16,2],[-3,13],[-43,8],[-29,0],[-1,10],[8,1],[5,26],[9,-2],[19,51],[8,-3],[2,13],[-8,39],[4,19],[26,40],[-5,2],[12,21],[-34,-5],[-38,13],[-13,8],[-26,11],[-32,8],[-34,11],[-32,1],[-27,-3],[-23,-10],[-27,-6],[-28,-12],[-26,28],[30,49],[-47,19],[12,39],[19,-2],[12,1],[1,41],[51,-7],[5,31],[2,30],[-8,-2],[-12,9],[-7,15],[14,9],[-13,15],[0,11],[14,8],[3,22],[-21,3],[44,68],[-18,7],[-13,0],[-17,-8],[-19,11],[11,17],[-21,11],[7,36],[0,10],[-27,18],[13,25],[-19,10],[12,27],[-50,6],[7,-45],[-15,-55],[-62,-1],[-1,-25],[-32,-1],[-2,-31],[-1,-26],[-14,2],[-1,-15],[-19,3],[-2,7],[-22,0],[-8,-3],[-27,12],[-35,-7],[-16,2],[-26,8],[-18,3],[-55,-11],[-10,4],[1,9],[-15,7],[-20,4],[0,19],[-3,4],[-19,-1],[-2,13],[-21,-1],[-1,13],[-23,0],[-63,-6],[7,11],[-2,23],[-6,0],[-3,25],[-31,4],[-3,40],[5,1],[-5,20],[-9,20],[-10,16],[-7,18],[8,36],[-29,4],[-60,-12],[-23,-8],[-16,2],[-41,6],[-30,-5],[-42,2],[13,33],[-15,24],[16,10],[-29,28],[-27,22],[-9,14],[2,6],[-19,18],[25,22],[11,14],[-15,8],[2,7],[-22,9],[5,11],[-15,9],[-31,12],[7,15],[17,23],[11,33],[-12,4],[3,17],[-1,11],[-42,1],[-9,48],[-8,17],[-1,27],[-21,-4],[-10,52],[5,19],[13,20],[-9,50],[-7,26],[-3,26],[24,85],[19,36],[-2,12],[16,42],[-4,17],[16,24],[2,18],[11,34],[-62,-11],[2,8],[-11,16],[-26,18],[-30,16],[-19,28],[-9,19],[-13,17],[4,26],[-9,4],[22,18],[-17,14],[-8,12],[-18,14],[-11,19],[-14,-4],[-14,-1],[-50,15],[-17,-37],[-6,10],[-40,-11],[-31,32],[-8,-2],[-27,-27],[-61,37],[-60,18],[5,36],[-37,26],[-18,10],[24,42],[8,29],[17,34],[10,11],[16,10],[13,19],[-8,6],[35,61],[-4,15],[-6,4],[9,25],[-12,3],[0,8],[-13,37],[-37,-9],[-32,-10],[-8,-10],[-16,8],[-16,-4],[-21,10],[-22,15],[-11,-5],[-11,-28],[-17,-2],[-13,18],[-9,10],[-9,17],[10,5],[12,0],[35,8],[0,4],[-28,19],[-5,12],[-16,-11],[-7,5],[-16,-17],[-8,7],[-17,-15],[-13,-27],[-14,2],[-4,10],[-14,9],[-16,2],[-3,-12],[4,-17],[-7,-7],[-21,35],[-21,21],[-22,28],[-15,10],[15,27],[8,27],[-12,12],[6,8],[-53,26],[-5,25],[9,26],[7,9],[-37,18],[-10,14],[-15,13],[-15,21],[-10,6],[21,21],[15,9],[-6,16],[2,16],[-15,-1],[-15,-5],[-25,-16],[-21,-3],[-10,2],[-23,17],[-9,-13],[-15,10],[-5,7],[-11,-15],[-8,10],[-28,21],[-23,21],[-16,32],[-23,28],[-24,20],[-6,12],[0,14],[-7,4],[0,21],[-2,9],[47,43],[-8,14],[-18,15],[8,9],[5,28],[7,17],[9,12],[11,24],[5,18],[3,23],[4,12],[-28,1],[-15,-1],[-17,12],[-37,22],[-11,14],[-12,12],[-9,-13],[-12,-12],[-30,24],[-30,13],[19,31],[-16,8],[-25,20],[-19,5],[25,9],[45,22],[13,10],[37,20],[5,6],[-11,9],[-8,-13],[-25,14],[-8,2],[9,15],[43,52],[-1,12],[16,32],[28,-5],[5,6],[13,35],[13,16],[30,28],[6,15],[30,53],[6,8],[14,-4],[16,1],[11,29],[8,12],[1,13],[-12,5],[13,22],[21,43],[-34,26],[-7,8],[-23,16],[-9,12],[-27,25],[-14,11],[-5,10],[-6,21],[-18,-5],[-41,3],[-71,11],[-34,3],[-15,0],[19,15],[-23,22],[14,31],[30,53],[-33,22],[10,15],[-23,2],[-7,8],[1,10],[8,9],[-24,12],[-8,17],[7,8],[-10,11],[-1,24],[5,21],[-10,17],[37,27],[-22,16],[0,9],[11,7],[-6,20],[11,15],[-13,21],[7,11],[-12,18],[23,10],[8,-7],[13,21],[-5,1],[-20,16],[-5,8],[10,9],[7,-3],[10,3],[15,14],[41,31],[-3,3],[-11,42],[-18,38],[-4,5],[-18,33],[-32,30],[32,23],[5,6],[62,16],[8,23],[12,11],[11,15],[-36,12],[4,11],[-34,16],[-14,9],[-22,6],[-39,5],[0,13],[5,26],[12,23],[7,28],[20,56],[3,15],[-17,2],[-9,5],[-15,-3],[-11,8],[-13,14],[-21,12],[-13,13],[-10,6],[-22,4],[-25,12],[-14,2],[4,-11],[-6,-28],[-26,11],[-9,19],[-20,18],[-22,24],[-14,-7],[8,21],[-5,1],[7,18],[11,18],[18,-8],[13,25],[9,27],[8,-4],[6,24],[19,-3],[13,43],[6,11],[-10,7],[18,28],[-42,13],[-10,6],[1,11],[-17,1],[2,17],[-17,6],[2,12],[-13,6],[4,10],[-24,15],[-4,14],[-13,-2],[-14,28],[-9,-3],[-6,18],[-7,-6],[-5,39],[22,-1],[3,8],[12,2],[12,15],[-1,22],[-18,18],[-11,21],[-5,24],[-4,7],[-8,28],[-21,0],[-22,8],[-20,14],[-4,-5],[-31,7],[-37,4],[-29,-35],[-20,17],[-15,18],[-12,23],[-2,17],[10,18],[18,11],[5,17],[-1,13],[-71,62]],[[45183,77982],[62,122],[-16,9],[-16,1],[-2,-16],[-17,-3],[-6,-10],[-11,9],[4,8],[-21,21],[-19,21],[26,0],[-1,35],[-13,20],[-19,12],[-16,13],[10,11],[23,39],[60,31],[-3,6],[44,24],[2,-3],[23,14],[21,19],[-40,3],[-9,14],[-16,34],[-5,5],[-23,-17],[-28,-11],[-18,-14],[4,-7],[-46,1],[-19,4],[-31,2],[-20,-13],[-18,23],[-23,-13],[16,-25],[-15,-9],[-13,-3],[-17,-9],[-24,50],[-4,13],[-1,19],[-11,19],[-17,0],[-7,7],[-4,13],[3,22],[70,8],[-3,15],[-15,21],[10,8],[24,39],[19,-5],[12,15],[-4,6],[17,17],[-5,33],[5,1],[-4,30],[-42,25],[27,43],[-10,16],[5,14],[-18,11],[-34,15],[-25,22],[-32,23],[-21,23],[-4,46],[2,26],[4,16],[-14,23],[-1,5],[-14,10],[-52,83],[26,16],[18,25],[-38,32],[58,39],[10,4],[1,16],[30,48],[10,-5],[9,-13],[2,-13],[13,-10],[17,-4],[18,-15],[15,-36],[8,-4],[24,-21],[10,-2],[17,4],[18,-9],[11,1],[5,18],[38,37],[25,16],[23,1],[13,4],[17,15],[13,25],[7,15],[13,20],[2,20],[-5,17],[14,41],[8,8],[0,8],[12,40],[-12,23],[-13,5],[-10,14],[-17,7],[-2,6],[11,7],[24,-18],[7,2],[25,-30],[1,-9],[10,-9],[4,-14],[-12,-17],[4,-13],[10,-19],[10,-13],[-2,-6],[6,-22],[16,-8],[7,9],[11,-3],[1,10],[27,7],[9,-5],[5,16],[6,3],[9,-8],[5,7],[14,8],[9,-1],[14,12],[9,2],[6,-13],[17,-3],[14,4],[8,-4],[15,3],[16,-13],[3,-8],[22,-5],[10,-9],[23,11],[6,9],[18,4],[14,15],[13,1],[11,19],[-2,15],[16,5],[3,13],[17,2],[15,6],[4,-7],[13,5],[3,10],[33,7],[15,8],[19,3],[10,13],[24,-4],[3,8],[15,10],[13,0],[19,6],[6,-5],[9,11],[14,-11],[-24,-8],[12,-24],[24,-34],[9,4],[1,7],[14,14],[11,3],[12,20],[52,37],[-28,18],[3,10],[14,12],[8,12],[2,14],[-4,10],[-34,6],[-1,13],[7,4],[-1,10],[5,7],[10,1],[5,8],[-2,11],[3,15],[15,7],[6,6],[15,3],[4,6],[-4,20],[9,16],[9,10],[2,29],[23,6],[-5,13],[13,8],[3,12],[8,3],[25,22],[8,-3],[12,5],[12,16],[7,25],[9,8],[-1,24],[6,10],[18,5],[2,19],[12,4],[5,6],[0,14],[20,6],[0,11],[15,9],[0,12],[-8,9],[5,17],[-5,20],[-12,-1],[-6,-9],[-4,-17],[-6,1],[4,19],[-2,14],[-10,5],[10,8],[-3,16],[5,19],[0,20],[8,4],[1,11],[11,13],[-2,9],[18,6],[7,25],[11,8],[11,2],[12,9],[-7,17],[-19,20],[0,6],[16,18],[0,15],[8,23],[0,20],[4,11],[9,4],[18,24],[9,7],[0,7],[-9,13],[-3,18],[-14,23],[-1,13],[10,12],[-4,9],[3,9],[10,2],[7,8],[12,5],[-6,13],[0,22],[-8,5],[-3,25],[15,40],[-6,21],[29,36],[3,19],[7,14],[4,26],[-3,12],[-9,2],[-20,24],[5,13],[9,12],[-3,6],[7,23],[14,5],[3,15],[17,8],[18,19],[15,4],[10,16],[17,4],[9,21],[8,6],[-2,15],[12,13],[26,5],[9,-4],[6,9],[0,12],[15,15],[10,5],[10,16],[0,9],[-8,9],[12,11]],[[46564,80969],[6,20],[8,-1],[4,16],[9,1],[9,28],[-2,29],[22,-2],[-1,-23],[5,-22],[0,-22],[-7,-18],[15,-4],[6,8],[69,-36],[29,-7],[17,-11],[8,-16],[20,-3],[0,-9],[12,0],[2,-14],[15,-4],[-31,-14],[-13,-10],[11,-53],[-23,-5],[9,-48],[-25,-7],[-4,-5],[-44,-1],[-6,3],[-12,-32],[-36,6],[7,-32],[-3,-17],[20,1],[10,-12],[7,8],[8,1],[3,-15],[12,-3],[3,-9],[7,-45],[7,-5],[16,3],[5,-5],[15,4],[35,-4],[-6,-20],[24,-7],[-3,-15],[7,-1],[4,-22],[-1,-28],[23,-24],[-29,-26],[101,-64],[82,56],[67,42],[5,-1],[37,10],[12,8],[13,-17],[-2,-11],[15,-16],[8,3],[8,-19],[20,4],[-3,24],[4,1],[10,26],[51,-2],[2,-33],[-14,-1],[-9,5],[2,-19],[23,6],[0,-11],[18,2],[47,-18],[9,-23],[-22,-12],[4,-10],[11,4],[3,-7],[14,2],[-2,11],[24,10],[2,11],[28,18],[22,9],[9,-13],[18,-11],[8,1],[4,-14],[11,-1],[4,-15],[18,-17],[0,-12],[-10,-15],[-6,-32],[1,-8],[-6,-11],[14,-7],[17,24],[40,39],[3,-7],[35,9],[5,-3],[27,14],[12,15],[7,-12],[-9,-2],[12,-21],[61,21],[4,-2],[56,33],[4,-37],[29,-42],[9,6],[10,-19],[-5,-36],[30,5],[-4,11],[20,9],[3,-9],[17,7],[16,2],[-2,11],[83,26],[55,24],[44,15],[16,0],[4,12],[14,-2],[32,9],[9,8],[5,-14],[7,-2],[5,-18],[-1,-18],[9,-1],[18,8],[16,-1],[8,-6],[12,12],[8,4],[30,-11],[19,10],[24,9],[27,12],[15,10],[17,25],[47,46],[11,17],[2,8],[20,-5],[33,-17],[7,-1],[6,-15],[7,-4],[25,-7],[5,-12],[15,-13],[8,-2],[11,5],[17,-1],[7,-7],[19,-4],[18,3],[14,12],[70,72],[46,47],[26,0],[19,-9],[29,10],[6,-8],[8,15],[10,14],[24,23],[21,12],[23,21],[6,-5],[2,28],[57,3],[76,40],[36,15],[3,19],[15,27],[15,-1],[2,12],[23,9],[-2,-21],[-10,-29],[9,-1],[3,12],[13,-1],[-2,-12],[16,2],[16,19],[6,14],[21,-5],[-4,-26],[6,-11],[-6,-34],[12,-5],[-13,-30],[15,-8],[1,-22],[-25,8],[1,-24],[22,4],[1,-8],[23,-18],[-4,-15],[17,-10],[29,13],[11,-16],[21,12],[19,7],[1,-20],[9,-19],[12,6],[4,-10],[35,9],[26,16],[18,16],[4,12],[0,12],[16,7],[19,-11],[-5,-10],[13,-9],[23,5],[-1,-29],[12,-71],[-3,-24],[29,-1],[1,27],[3,20],[0,24],[38,22],[3,0],[5,-31],[28,-15],[1,3],[23,-11],[3,4],[21,-17],[-1,-3],[18,-16],[16,1],[6,-8],[-24,-30],[-5,-17],[-18,-18],[5,-5],[11,-22],[11,-13],[12,-25],[29,-14],[5,-10],[12,4],[3,14],[-4,7],[7,15],[27,18],[8,1],[18,12],[21,-5],[-17,29],[-12,11],[-21,8],[8,10],[40,-24],[3,8],[25,-10],[20,-4],[18,5],[18,-5],[11,3],[21,20],[15,-12],[11,-1],[23,5],[20,9],[27,5],[-7,6],[36,33],[8,10],[8,-11],[27,-58],[17,-15],[21,-10],[15,-11],[22,-33],[-3,-12],[-35,-23],[-34,-15],[-8,-27],[-42,-57],[0,-3],[37,-17],[48,-7],[19,-1],[-2,10],[12,3],[0,-12],[35,5],[17,-4],[4,18],[58,1],[23,-9],[34,33],[5,8],[18,18],[41,-27],[8,3],[7,10],[43,20],[31,-1],[12,8],[24,2],[-7,18],[-3,42],[17,2],[-4,13],[6,8],[11,1],[-5,28],[10,8],[27,2],[4,17],[6,-1],[7,30],[19,-3],[0,24],[4,31],[8,28],[22,-1],[9,-5],[3,14],[14,-2],[1,8],[13,-4],[3,18],[17,-4],[-1,-5],[42,-8],[15,-7],[-13,-20],[7,-12],[21,-14],[4,-9],[10,-3],[2,-11],[10,-6],[1,-8],[53,-58],[40,-59],[31,-26],[31,-53],[21,-28],[12,-12],[-3,-16],[-10,-6],[11,-19],[9,-3],[20,-17],[17,29],[3,24],[18,-2],[0,13],[10,3],[2,14],[18,9],[8,16],[4,16],[14,2],[22,-4],[32,-14],[17,-22],[53,-64],[58,15],[30,12],[60,5],[17,-7],[0,-19],[27,-4],[35,1],[72,-19],[12,-11],[18,-3],[7,-5],[-27,-95],[-9,-26],[14,4],[19,-3],[12,7],[38,12],[41,27],[4,7],[18,12],[14,3],[24,-16],[-9,-26],[1,-6],[24,1],[19,-1],[-1,-11],[15,2],[14,-2],[24,-42],[15,0],[-15,-26],[82,-28],[80,-35],[26,-47],[-80,-64],[1,-10],[-9,-43],[26,-8],[35,-6],[7,-4],[34,-8],[14,1],[19,-3],[4,8],[30,-10],[36,-14],[34,-10],[11,-1],[31,-15],[8,145],[3,61],[26,6],[12,17],[24,5],[14,-10],[-1,-12],[-10,-8],[-23,0],[-9,-16],[10,-2],[2,-12],[14,2],[38,-2],[3,24],[0,16],[16,23],[11,8],[12,13],[24,-9],[1,-19],[-6,-29],[-8,-24],[-22,-44],[11,-19],[14,-15],[4,3],[13,-52],[-2,-21],[10,-3],[-10,-10],[-1,-8],[7,-11],[-4,-4],[20,-18],[10,8],[13,-15],[7,-15],[12,-8],[6,7],[21,4],[13,-9],[-5,-9],[17,0],[27,-14],[3,-13],[7,-9],[-16,-21],[14,-11],[-6,-26],[9,-4],[16,-14],[2,-18],[12,-3],[12,1],[1,-7],[27,2],[37,18],[9,-2],[19,27],[19,15],[18,21],[11,16],[21,37],[-1,21],[20,-4],[17,-7],[13,2],[18,12],[13,-5],[13,31],[7,12],[-5,17],[24,13],[-4,6],[21,0],[10,23],[1,19],[9,21],[5,0],[17,-20],[-8,-20],[9,-11],[-8,-17],[37,-9],[2,-20],[10,1],[22,10],[32,7],[8,-9],[15,-7],[9,-10],[7,2],[16,-26],[18,8],[11,-33],[21,-5],[49,-21],[30,-29],[4,-22],[34,-42],[66,-59],[15,-13],[-22,-32],[-9,-20],[-6,-24],[9,-10],[7,0],[27,-11],[1,-8],[15,-2],[14,3],[18,0],[21,5],[20,25],[35,24],[11,16],[35,36],[0,12],[-5,5],[-3,22],[4,7],[26,11],[-1,-25],[6,-27],[7,-3],[26,-4],[7,-29],[10,-17],[-3,-19],[8,-14],[-3,-10],[4,-36],[10,-23],[40,6],[13,-1],[64,0],[13,-2],[11,5],[74,36],[21,26],[12,6],[22,26],[11,3],[13,-5],[38,33],[26,21],[-29,21],[-38,13],[-12,8],[-18,17],[-29,19],[17,9],[41,-10],[17,-2],[32,2],[32,-1],[-8,23],[-6,11],[-22,27],[25,2],[14,4],[27,13],[13,14],[21,8],[11,6],[25,20],[18,9],[18,12],[73,-103],[17,-12],[39,-19],[11,-8],[22,-6],[29,2],[28,14],[18,4],[7,-2],[9,-15],[11,-9],[3,-9],[3,-26],[10,-15],[32,-42],[-5,-21],[2,-10],[12,-2],[34,3],[34,1],[21,-3],[5,-3],[12,20],[10,-4],[17,25],[7,4],[18,-7],[5,11],[0,11],[12,-3],[10,5],[13,25],[7,-3],[7,13],[51,-25],[5,2],[9,23],[30,59],[34,-22],[33,-11],[31,-19],[37,-14],[5,-10],[8,-3],[13,9],[5,-4],[25,14],[-3,4],[26,12],[13,-1],[-6,-19],[11,-8],[4,8],[12,-5],[-2,-6],[26,-7],[2,11],[7,-1],[12,44],[-1,31],[9,28],[18,-15],[20,-3],[35,-13],[16,26],[12,3],[18,20],[13,11],[24,4],[-4,-19],[4,-5],[19,-2],[-9,-28],[-7,-7],[23,-2],[-5,-17],[15,-42],[7,-34],[-3,-13],[5,-11],[13,4],[2,-22],[13,6],[23,-18],[4,10],[23,-12],[10,12],[-1,34],[-2,13],[4,30],[19,46],[22,15],[6,0],[7,23],[12,-6],[9,2],[10,22],[6,-8],[16,0],[2,-10],[11,-14],[17,54],[19,-3],[28,0],[47,-26],[14,-11],[26,-12],[7,-5],[17,-4],[8,33],[35,-18],[11,-8],[9,9],[41,-6],[4,-6],[16,0],[6,-11],[25,8],[-3,7],[7,19],[14,-13],[9,15],[14,-16],[16,-7],[14,-11],[8,0],[-1,17],[-7,4],[-4,16],[-10,18],[-9,5],[-13,-1],[1,12],[-9,14],[-8,5],[-3,20],[-9,6],[2,28],[4,8],[-4,8],[5,16],[18,1],[0,13],[12,12],[11,17],[1,19],[4,14],[10,6],[5,14],[14,4],[-1,21],[9,18],[9,3],[-4,14],[9,3],[15,-7],[7,-14],[9,-6],[21,-8],[-4,-14],[13,-2],[2,-9],[21,7],[23,-6],[11,-10],[32,-3],[8,-3],[7,13],[31,-20],[0,-10],[20,-9],[17,-1],[13,-5],[6,4],[27,1],[17,-8],[9,2],[3,12],[16,2],[12,6],[14,-4],[9,-20],[16,-10],[28,10],[18,4],[9,-7],[8,7],[11,4],[6,-7],[12,-3],[7,-16],[1,-11],[19,-13],[2,-7],[18,-5],[8,-7],[30,-10],[41,-3],[13,-3],[36,4],[-12,-42],[-2,-2],[-30,-77],[-16,-15],[-20,-33],[40,-34],[47,-21],[69,-81],[24,-44],[14,-36],[-3,-26],[-3,-12],[2,-32],[6,-10],[-4,-16],[3,-10],[54,7],[4,-14],[0,-22],[-5,-31],[-63,-15],[-6,-19],[8,0],[14,-11],[-11,-29],[-17,-8],[-1,-10],[6,-33],[-20,-13],[4,-18],[-1,-7],[-21,-17],[-19,13],[-23,-18],[-27,-12],[-19,-26],[5,-30],[10,-13],[18,6],[18,-38],[-8,-47],[40,-1],[33,3],[19,4],[17,-16],[21,-17],[33,-13],[46,3],[-15,-22],[1,-19],[22,11],[6,-10],[2,-13],[11,-6],[9,-14],[-3,-9],[29,-1],[9,-23],[6,-46],[14,-6],[92,-21],[-9,-13],[6,-26],[32,11],[-1,-12],[-15,-21],[-2,-6],[3,-30],[15,0],[11,-5],[-1,-16],[-7,-7],[1,-11],[8,0],[0,-12],[37,7],[20,0],[27,-7],[10,-5],[36,-26],[9,-10],[5,-13],[14,-44],[5,-37],[1,-19],[11,-41],[17,-44],[-15,-9],[10,-17],[9,-4],[21,-17],[-8,-14],[-11,-29],[3,-9],[22,-23],[2,-17],[5,-13],[24,-9],[23,-3],[13,13],[73,17],[42,29],[54,27],[13,7],[27,22],[13,-20],[7,-15],[22,-67],[6,-28],[8,-27],[4,-46],[-3,-50],[3,-30],[15,-11],[11,-16],[22,-21],[43,-37],[25,-43],[27,20],[16,-13],[10,23],[19,15],[13,18],[13,8],[14,15],[16,-15],[8,24],[22,-28],[24,19],[18,9],[13,11],[30,41],[7,-8],[8,55],[19,-20],[7,-17],[2,-14],[-7,-42],[3,-10],[8,-14],[21,-58],[2,-13],[-4,-19],[-13,-6],[-22,-18],[-4,-41],[-5,-75],[2,-7],[12,-8],[25,-3],[3,-13],[9,-1],[9,-9],[8,1],[4,-12],[26,3],[4,-10],[-24,-9],[16,-17],[3,-10],[-17,-6],[1,-12],[11,-21],[-17,-10],[5,-29],[-4,-28],[6,-27],[13,5],[6,-6],[12,9],[32,-14],[9,8],[9,0],[1,40],[26,-2],[1,8],[18,1],[27,-4],[13,1],[0,-15],[-3,-18],[3,-18],[-15,1],[-14,-6],[-1,-10],[-12,-34],[12,0],[2,-8],[18,-15],[6,0],[20,-8],[18,13],[17,-6],[11,11],[3,8],[17,-5],[13,9],[8,13],[15,1],[11,-14],[8,-28],[9,-12],[9,-2],[9,-10],[16,-9],[4,-6],[18,1],[15,9],[15,1],[19,-4],[6,4],[14,-2],[10,-8],[1,-7],[14,-8],[9,-14],[9,-8],[-5,-11],[-8,-4],[-11,-18],[4,-12],[-2,-8],[11,-11],[1,-10],[-26,-6],[3,-13],[-10,1],[1,-40],[14,-7],[28,-7],[24,0],[23,-4],[11,-7],[1,-14],[12,-16],[1,20],[24,28],[13,43],[1,9],[13,36],[101,7]],[[54946,70011],[113,18],[7,-18],[4,-25],[-2,-13],[12,-5],[4,-16],[22,-13],[1,-12],[8,-4],[15,-18],[34,-1],[21,-12],[8,-14],[23,2],[27,-8],[9,1],[-12,18],[1,24],[73,-14],[3,-6],[0,-23],[-1,-30],[7,-3],[7,-11],[0,-16],[11,-24],[18,-4],[5,-14],[36,24],[4,27],[41,9],[13,-9],[1,-8],[9,-6],[22,-33],[8,-14],[28,-40],[8,7],[24,-13],[18,-11],[-48,-83],[-22,-48],[-15,-28],[-6,-21],[16,0],[22,-12],[21,2],[20,-4],[19,4],[14,-6],[18,19],[7,-59],[8,-29],[8,-89],[8,-8],[5,-19],[18,-1],[0,-28],[17,-6],[3,8],[22,3],[8,-24],[-3,-43],[-7,-36],[4,-59],[7,-52],[-1,-8],[10,-8],[39,-45],[22,-29],[24,-3],[5,-5],[43,-25],[23,-5],[18,7],[20,-7],[10,-23],[29,-32],[16,-12],[48,0],[-6,-15],[-32,-32],[3,-8],[17,-6],[-3,-36],[18,-2],[-1,-28],[-2,-13],[24,-9],[8,-10],[11,-3],[35,-25],[3,-7],[20,0],[32,-8],[58,-29],[11,-3],[-2,-11],[-7,-7],[-20,-3],[3,-17],[-1,-18],[-24,18],[-1,7],[-29,-15],[-24,-21],[-25,-6],[-15,0],[-11,-6],[3,-7],[-15,-9],[1,-27],[7,-7],[12,-19],[9,-27],[12,-14],[16,-5],[19,-12],[15,5],[17,15],[14,-10],[22,-26],[8,-5],[15,-19],[3,-12],[-15,-14],[-11,-19],[17,-16],[-4,-27],[-10,-13],[0,-16],[13,-48],[14,8],[11,-6],[-14,-21],[-5,3],[-15,-27],[-11,-3],[28,-29],[30,-3],[-3,-32],[1,-94],[-9,-17],[-2,-14],[-16,-2],[-16,-13],[-6,-1],[-44,-30],[-13,-4],[-24,-13],[17,-19],[0,-23],[-13,-16],[-2,-40],[-6,-17],[-15,-20],[-8,-19],[-21,5],[-26,14],[-2,-23],[-5,-2],[-10,10],[-26,-28],[-19,-13],[-35,-8],[-15,-53],[-16,-1],[-9,-41],[2,-19],[-94,-9],[-4,-16],[2,-9],[-18,-20],[-34,-9],[-7,0],[-33,-11],[11,-35],[-20,-5],[6,-50],[-3,-33],[3,-16],[-33,-9],[-28,-17],[-21,-11],[-7,4],[-3,14],[1,28],[-7,3],[-48,-49],[-29,-16],[-13,6],[-18,15],[-15,6],[1,-17],[-16,-6],[-20,5],[-24,-8],[14,-15],[8,-21],[-5,-11],[36,-20],[-26,-32],[-29,0],[-13,-5],[19,-60],[0,-4],[-19,-54],[22,-11],[10,-24],[2,-31],[-9,-11],[2,-12],[9,-12],[-25,-13],[-24,-24],[-18,-13],[-29,-8],[-25,-11],[26,-1],[20,-8],[27,-25],[36,-18],[34,-3],[8,-6],[30,-6],[14,2],[28,-24],[13,-16],[-26,-5],[23,-27],[20,-37],[0,-13],[-5,-8],[8,-11],[-8,-31],[18,-6],[-3,-9],[-10,-11],[-5,-29],[-13,-39],[-26,4],[-7,5],[-82,-17],[17,-20],[-6,-9],[-3,-38],[11,-38],[6,-7],[-13,-9],[18,-21],[6,4],[32,-30],[-19,-15],[-30,-31],[48,-7],[16,4],[-2,-43],[7,-7],[-1,-9],[7,-8],[5,-26],[9,-29],[-8,-23],[5,-2],[-6,-35],[-13,-57],[1,-26],[-10,-9],[-86,4],[-11,-2],[-11,4],[-30,-3],[-22,5],[-20,-8],[-28,1],[-32,-4],[-53,-36],[-11,-23],[-55,-20],[-23,-7],[-39,-25],[-16,3],[-31,0],[-3,-14],[-6,-9],[1,-12],[-5,-17],[-14,-3],[-3,-28],[-4,-17],[-64,-4],[-21,11],[-8,-32],[-18,-4],[-21,-8],[-1,10],[-9,8],[-20,9],[-14,-8],[-5,1],[-20,19],[-7,12],[-20,17],[-14,7],[-32,0],[-7,-29],[-14,1],[-1,7],[-44,-12],[-4,-7],[-2,-18],[-11,5],[-45,8],[-7,-12],[-35,7],[-33,1],[-9,4],[-18,-5],[-33,4],[-7,-1],[-30,-16],[-18,-25],[-9,8],[-34,1],[2,-8],[-21,-17],[-12,-16],[13,-15],[7,-1],[0,-14],[10,-11],[5,-17],[10,-13],[-3,-13],[1,-28],[-5,-10],[-4,-23],[-15,-36],[7,-4],[-12,-44],[-18,-6],[-6,-8],[-2,-18],[16,-16],[8,-15],[-9,-27],[-25,-7],[3,-30],[23,-13],[-27,-48],[13,-8],[24,-5],[8,-5],[18,-25],[7,-16],[14,-12],[34,32],[18,20],[23,10],[8,13],[38,29],[15,-26],[7,-23],[19,-17],[-5,-32],[4,-8],[-3,-24],[-13,4],[-6,-13],[-9,-6],[-5,-24],[11,-5],[22,-13],[15,-6],[32,-16],[29,-18],[23,-19],[35,6],[0,-19],[4,-8],[22,-34],[13,11],[31,-11],[4,-34],[14,2],[6,-24],[23,-24],[36,-12],[1,-4],[-23,-37],[-19,-44],[2,-17],[-2,-12],[-13,-13],[22,-30],[18,-33],[9,-11],[8,-35],[12,-9],[26,-3],[11,-6],[9,1],[12,20],[28,-17],[4,-25],[5,-18],[5,-2],[44,-36],[14,-20],[3,-8],[12,-14],[-65,-42],[1,-7],[-55,-43],[2,-20],[-4,-21],[-5,-5],[-14,-28],[3,-3],[-9,-21],[22,-7],[-6,-15],[-2,-25],[4,-5],[-6,-13],[28,-21],[-6,-26],[21,-19],[8,-37],[4,-6],[20,-17],[-6,-13],[-55,-79],[5,-4],[35,-2],[1,-20],[8,-38],[45,-39],[21,10],[13,0],[14,-9],[14,-19],[11,-20],[9,3],[6,-20],[-1,-18],[11,-5],[-2,-15],[-13,-35],[23,-34],[26,-1],[7,-2],[29,3],[9,-34],[1,-11],[-30,-12],[-55,-40],[-9,-15],[-24,-53],[-39,14],[-82,25],[-56,20],[-53,6],[-48,14],[-25,8],[-4,-19],[-9,-10],[-16,-8],[-6,-24],[0,-10],[-15,-6],[-15,-22],[-8,3],[-7,-6],[-15,-4],[-18,-12],[-22,-2],[-14,-10],[-17,-6],[-39,0],[-52,7],[-18,-6],[-3,-35],[12,0],[-6,-28],[-8,-16],[-34,14],[-39,-1],[-12,9],[12,5],[-11,30],[5,2],[-10,34],[-24,-15],[-2,-11],[-8,-7],[-16,-6],[-8,-30],[-35,-19],[-6,-12],[10,-35],[11,-34],[22,-27],[12,-8],[28,-24],[17,-18],[19,-24],[59,-60],[19,-14],[2,-5],[29,-26],[20,-26],[19,-23],[25,-35],[12,-28],[8,-28],[4,-34],[7,-35],[11,-28],[15,-34],[3,-30],[-2,-25],[1,-12],[6,-2],[3,-27],[13,-21],[37,-24],[18,-16],[14,-16],[24,-35],[17,-46],[17,-55],[10,-48],[14,-31],[21,-41],[11,-30],[24,-46],[5,-20],[1,-21],[-2,-54],[-4,-13],[-14,-19],[-26,-21],[-17,-25],[-13,-25],[-4,-13],[-2,-90],[1,-35],[-2,-19],[-7,-18],[-28,-47],[-23,-41],[-8,-13],[-23,-25],[-16,-39],[-20,-41],[-9,-29],[-12,-47],[-19,-60],[-10,-16],[-6,-21],[-11,-18],[-36,-69],[-17,-15],[-21,-22],[-4,-23],[-5,-11],[-26,-32],[-11,-17],[-13,-27],[-9,-26],[-5,-34],[2,-17],[13,-7],[3,-10],[15,-16],[-14,-25],[7,-19],[3,-16],[18,-74],[57,-57],[9,-5],[77,-28],[70,-22],[10,-5],[21,-17],[16,-19],[15,-21],[42,-41],[37,-37],[22,-44],[32,-42],[18,-24],[18,-16],[22,-3],[17,-13],[40,-38],[14,-7],[9,-15],[16,-12],[31,-27],[70,-41],[18,-20],[20,-30],[24,-42],[2,-11],[-5,-40],[-4,-13],[-3,-24],[-10,-45],[0,-19],[3,-26],[-15,-60],[-3,-21],[6,-62],[19,-77],[38,-89],[27,-39],[24,-39],[25,-60],[9,-31],[23,-65],[12,-25],[10,-27],[23,-65],[-3,-14],[2,-16],[18,-35],[9,-31],[17,-109],[20,-26],[7,-12],[4,-22],[-3,-15],[-23,-60],[-2,-44],[6,-22],[10,-14],[26,-30],[11,-26],[5,-16],[4,-1],[17,-20],[5,-62],[4,-88],[0,-30],[6,-45],[-1,-35],[4,-61],[3,-14],[1,-40],[-10,-29],[-18,-24],[-9,-34],[-6,-13],[-11,-16],[-15,-30],[-11,-39],[-6,-37],[5,-27],[10,-28],[16,-29],[20,-26],[23,-17],[34,-22],[23,-11],[37,-14],[38,-25],[23,-17],[16,-21],[35,-19],[20,-6],[7,9],[34,-62],[2,-13],[41,-97],[-5,-25],[10,-36],[-1,-44],[-11,-53],[-6,-28],[-35,-52],[-12,-40],[-3,-19],[-2,-31],[-7,-17],[-2,-20],[-10,-68],[1,-60],[-2,-21],[5,-15],[22,-45],[1,-21],[8,-18],[12,-28],[14,-25],[33,-33],[19,-9],[2,-37],[-3,-24],[-18,-28],[-14,-43],[-15,-23],[-22,-22],[-9,-25],[-13,-25],[-9,-24],[-2,-34],[-7,-32],[-7,-17],[-39,-67],[-17,-37],[-26,-80],[-1,-21],[2,-16],[8,-12],[23,-23],[39,-43],[6,-22],[2,-24],[8,-23],[3,-27],[16,-53],[5,-8],[0,-25],[2,-15],[7,-12],[1,-38],[-17,-47],[0,-64],[10,-44],[9,-19],[3,-29],[5,-12],[-3,-28],[-13,-30],[-7,-13],[-17,-9],[-38,-26],[-7,-6],[-14,-29],[0,-18],[5,-5],[18,-47],[8,-37],[-1,-27],[-26,-36],[-26,-31],[-60,-59],[-10,-13],[-15,-35],[-10,-13],[-2,-10],[-1,-25],[-13,-18],[-18,-31],[-5,-28],[1,-26]],[[55595,55983],[-16,-7],[-11,-10],[-21,8],[-2,14],[-26,33],[-21,12],[-11,1],[-32,-8],[-35,-4],[-7,-4],[-60,-17],[-29,3],[-14,17],[-15,24],[-29,17],[-41,12],[-53,3],[-48,-1],[-15,-3],[-7,-8],[-6,-16],[-1,-11],[4,-11],[-22,-19],[-16,-2],[0,-24],[-3,-39],[-19,1],[-22,-5],[-38,46],[-10,-20],[-15,26],[-21,-11],[-3,5],[-19,6],[-21,-5],[-18,-8],[-19,-2],[-22,-15],[-22,-9],[-2,-3],[-19,-6],[-19,-24],[-16,-9],[-1,-18],[5,-9],[0,-12],[16,-22],[4,-17],[-5,-7],[-24,-7],[-16,-14],[-28,-18],[-34,-5],[-7,-6],[-14,-21],[-12,-4],[-17,1],[-47,-20],[-24,-8],[-14,-11],[5,-72],[-21,-23],[-10,-7],[-15,-2],[-8,-16],[-53,-24],[-56,-61],[-57,-64],[-4,-13],[-1,-21],[6,-28],[0,-29],[10,-34],[-1,-19],[5,-11],[-10,-5],[-27,4],[-9,10],[-16,2],[-19,-3],[-9,11],[-5,16],[-26,30],[-10,19],[-40,1],[-14,-3],[-32,2],[-35,-20],[-12,0],[-15,-3],[-25,6],[-48,7],[-19,-3],[-7,-8],[-4,-19],[-11,-5],[-7,-18],[-19,-20],[2,-12],[1,-36],[-8,0],[-32,-5],[-17,-8],[-9,-7],[-15,-24],[-18,26],[6,24],[-12,3],[-15,-20],[-11,-9],[-8,4],[-21,-18],[-21,-11],[-1,-6],[-27,17],[12,57],[-45,11],[-11,5],[-30,27],[-14,49],[-1,10],[-36,34],[22,34],[-34,35],[-2,15],[-17,14],[-21,9],[-6,-14],[-19,-24],[-10,-9],[-18,-6],[-18,-16],[-3,16],[-6,11],[-14,8],[-7,-9],[-31,-28],[-11,-13],[-20,-9],[-1,-13],[9,-6],[-6,-24],[1,-23],[-11,-11],[-5,1],[-6,-24],[-9,-15],[19,-13],[6,-6],[16,-10],[-29,-40],[17,-9],[-20,-24],[-16,14],[9,15],[-34,25],[-13,-7],[-14,-3],[-5,-9],[1,-20],[-25,14],[-5,16],[-11,0],[-8,-9],[7,-33],[5,-15],[-5,-6],[5,-9],[1,-12],[-19,-12],[-10,1],[-18,-6],[-19,-16],[-10,-1],[-1,-10],[-24,-13],[30,-21],[9,-12],[3,-11],[-21,-16],[-2,-11],[-7,-2],[-27,0],[-29,-12],[-36,-21],[-12,-3],[-24,-19],[-6,-32],[-18,-20],[-6,-11],[-31,-30],[-6,20],[0,13],[-29,-3],[-4,13],[-35,0],[-59,-17],[-18,-2],[2,-20],[-22,-38],[13,-15],[-14,-29],[12,-3],[-4,-11],[14,-15],[12,-37],[20,11],[27,7],[10,6],[2,-19],[-10,-20],[-8,-39],[-3,-29],[-14,-10],[-2,-22],[2,-20],[-3,-10],[-23,-16],[-7,-9],[-22,11],[-11,13],[-12,21],[-9,-3],[-25,1],[-34,-3],[-2,8],[0,47],[3,39],[-7,16],[-12,-5],[-13,-15],[-26,-38],[-10,-9],[-21,19],[-8,-2],[-7,-12],[-16,-4],[-11,1],[-22,-7],[-23,-25],[-12,2],[-37,-12],[-15,-15],[-10,-3],[1,-15],[-8,-27],[-19,-15],[4,-11],[12,-14],[6,-3],[17,-1],[11,-9],[25,0],[38,-11],[42,-8],[17,-6],[7,-11],[1,-18],[8,-14],[7,-19],[9,-35],[-15,-43],[-10,-25],[-9,-16],[-34,-18],[-15,-14],[-2,-9],[14,-28],[-3,-29],[2,-10],[9,-15],[9,-8],[-3,-11],[-10,-13],[-14,-5],[-18,1],[-43,-30],[-50,-22],[40,-20],[23,6],[1,-42],[5,-45],[6,-22],[14,-41],[24,3],[22,10],[9,1],[17,-9],[9,12],[5,24],[40,-20],[16,-1],[11,7],[4,-13],[-4,-5],[-18,-1],[-12,9],[-15,3],[-7,-9],[2,-13],[23,-9],[5,-19],[14,-22],[4,-23],[-10,-17],[-3,-13],[1,-16],[4,-6],[13,-5],[10,-8],[6,-13],[-10,-23],[9,-18],[17,-23],[4,-19],[-2,-18],[-8,-18],[-10,-8],[-22,-5],[-2,-9],[10,-22],[7,-4],[22,15],[12,-13],[2,-9],[-14,-26],[3,-17],[11,-8],[18,2],[9,-6],[3,-10],[-2,-17],[-35,-32],[-41,-9],[-35,-11],[-65,-37],[-38,-19],[-25,-18],[-30,-29],[-1,-8],[-9,-22],[-10,-14],[-14,2],[-5,-12],[-12,-2],[-5,6],[-11,-1],[-6,-10],[-27,-13],[-11,0],[-27,-13],[-14,-2],[-3,-9],[-27,-13],[-1,-5],[-23,-9],[-3,-11],[-15,-16],[-7,-3],[-8,-13],[-25,-21],[-26,20],[-18,5],[-5,11],[9,63],[-14,2],[-9,-16],[-12,10],[-23,6],[-13,17],[-18,-9],[-10,-7],[-21,-10],[-5,-7],[5,-10],[6,-21],[-12,6],[2,-17],[-29,-12],[-13,-14],[-6,1],[-5,16],[-13,-16],[-39,-1],[-6,13],[-1,54],[6,58],[-11,0],[-84,-9],[-4,-2],[-66,-48],[-17,-18],[-10,0],[-29,-9],[-21,-1],[-26,1],[0,-10],[-22,-4],[-3,-11],[-17,-4],[-11,-6],[-3,-11],[-11,0],[-11,-6],[-11,1],[-11,7],[-7,22],[0,20],[-14,7],[-25,-1],[-13,7],[-32,2],[-17,-7],[-29,1],[-13,-6],[-19,-17],[0,-15],[-6,-15],[-88,-12],[-108,-12],[-29,-1],[-107,2],[-20,-6],[-37,-21],[-35,-27],[-21,-10],[-20,-21],[-21,-30],[-7,-18],[-21,-10],[-20,-7],[-9,-16],[-5,-14],[-13,1],[-12,-24],[0,-10],[-7,-11],[-20,-11],[3,-27],[-5,-9],[-15,-13],[-13,-2],[-5,-15],[3,-8],[11,-2],[-7,-15],[16,-7],[13,-16],[4,-13],[1,-45],[-6,-6],[-12,-24],[6,-21],[-19,-10],[-6,-15],[-11,-15],[-11,-11],[-29,-1],[-30,25],[-48,44],[-18,-23],[-13,-8],[-5,-18],[-14,-21],[-4,-20],[-4,-33],[-18,-20],[-9,-14],[-39,-51],[-9,-16],[-11,-34],[-6,-9],[6,-47],[1,-17],[3,-28],[-9,-45],[-12,-23],[-5,-31],[-28,-60],[32,-34],[-3,-11]],[[50487,52145],[-22,2],[-25,15],[-7,-1],[-24,10],[-18,0],[-15,3],[-18,0],[-12,3],[-37,-8],[-1,28],[-26,7],[-10,1],[-37,-6],[-10,-4],[1,-7],[-37,-10],[-25,-13],[-6,3],[-22,21],[-8,2],[-15,-8],[-17,-16],[-22,6],[-14,18],[-30,-18],[-26,12],[-25,17],[-21,5],[-22,16],[-20,2],[-14,-12],[-8,-12],[-62,-29],[-25,0],[-20,-3],[-14,2],[-24,-8],[-30,18],[-21,-3],[-24,-6],[-6,-7],[-13,1],[-9,5],[-27,-5],[-28,14],[-15,5],[-8,0],[-9,-13],[-17,-15],[-12,-5],[-37,-9],[-44,-5],[-10,-5],[-12,13],[-12,9],[-20,1],[-5,7],[-12,-1],[-5,-9],[-10,8],[-27,-15],[-9,-20],[2,-27],[-6,-13],[-13,-15],[-18,-5],[-8,-8],[-5,-12],[-1,-13],[-61,3],[-9,-5],[-13,0],[-15,-5],[-2,15],[-35,13],[-24,4],[-7,8],[-16,36],[-8,13],[-10,24],[-10,2],[-62,15],[-32,-6],[-47,6],[-29,-5],[-13,0],[-45,26],[-32,5],[-30,3],[-3,3],[-26,32],[-41,19],[-36,0],[-21,2],[-4,3],[-45,-9],[-40,8],[-15,8],[-8,-2],[-12,5],[-6,9],[-8,19],[-1,14],[-16,-8],[-16,18],[-13,19],[-18,23],[-20,13],[-3,-19],[-49,-2],[-31,2],[-13,-2],[-27,-16],[-9,2],[-31,-1],[-22,-9],[-13,-11],[-31,-20],[-56,-16],[-9,1],[-12,-7],[-24,1],[-42,-3],[2,18],[-21,5],[7,11],[-1,16],[7,14],[-15,0],[4,18],[-20,7],[-10,-1],[-15,22],[-2,8],[-35,4],[-14,-15],[1,-10],[-34,-37],[-17,9],[-4,-8],[-17,-4],[3,14],[-12,6],[-2,-13],[-15,12],[-9,1],[1,24],[-8,-4],[-15,0],[-3,4],[-13,-10],[-8,3],[-9,-6],[-2,-8],[13,-23],[-7,-17],[17,-3],[1,-13],[-14,2],[-8,-17],[-49,-4],[-38,4],[-33,8],[-35,-1],[-42,6],[-34,-16],[-23,-5],[-2,-15],[2,-21],[-8,6],[-26,-20],[3,-7],[-14,-5],[-14,22],[-11,5],[-8,-7],[-12,15],[-23,0],[-14,-11],[-4,11],[-11,-6],[-20,12],[-20,1],[-7,16],[-10,6],[8,22],[9,11],[-22,37],[9,10],[-10,8],[-30,14],[-25,20],[-17,17],[-12,9],[-27,42],[3,15],[-15,32],[-6,-6],[-48,-16],[-4,1],[-20,20],[-12,2],[-26,-8],[-9,-11],[-22,9],[-39,-21],[-8,5],[-17,4],[-20,-5],[-46,-5],[-18,1],[-24,-16],[-13,1],[-8,-5],[-1,-9],[12,-16],[11,-6],[9,-12],[11,-31],[14,-17],[16,-12],[-28,-24],[22,-41],[8,-26],[4,-28],[4,-18],[-5,-16],[-9,-14],[-14,-9],[-14,-25],[-8,-27],[-29,-54],[9,-37],[5,-37],[-45,-24],[-13,-11],[-17,-9],[-17,-32],[-16,-26],[-25,-13],[-15,-10],[-12,-31],[-28,4],[-4,-3],[-20,-2],[-32,14],[-23,5],[-7,4],[-18,27],[-2,9],[-8,12],[-16,-6],[-4,9],[-8,5],[7,14],[-9,10],[-14,1],[-12,10],[4,6],[17,15],[-11,11],[3,8],[-8,16],[-10,-4],[-17,10],[-19,15],[6,22],[-30,19],[-31,54],[-20,-11],[-13,-9],[-39,-44],[-18,-22],[-22,-14],[-31,-28],[-13,-31],[-25,-45],[-8,-11],[-8,-22],[-23,-19],[-24,-29],[-20,-14],[-3,-28],[-7,-10],[-20,-7],[-27,18],[-10,13],[-2,9],[-11,5],[-32,-8],[-12,4],[-10,19],[8,28],[-6,16],[-10,0],[-13,-5],[-4,31],[-7,12],[-8,5],[-21,-7],[-12,12],[0,70],[15,38],[39,60],[1,29],[-11,24],[-18,11],[-13,6],[-10,0],[-10,-13],[-12,1],[-17,16],[-13,-13],[-26,-9],[-10,-9],[-21,-4],[-4,-31],[1,-12],[-4,-15],[-9,-20],[-7,-36],[-18,-4],[-9,-9],[-24,-1],[-1,13],[-16,-1],[-11,-6],[-11,1],[-5,12],[-18,16],[-14,-18],[-6,-14],[-11,-9],[-16,-2],[-7,-8],[-21,-12],[-13,-14],[-21,-11],[-5,-7],[-9,-1],[-6,-32],[-14,-6],[-15,-14],[-10,-16],[-6,-3],[-18,-1],[-20,-10],[-10,0],[-6,30],[1,35],[-2,30],[2,3],[9,36],[-7,5],[-9,35],[-5,9],[4,13],[-5,29],[4,25],[0,15],[-16,11],[-23,11],[-18,-5],[-16,21],[21,21],[-13,9],[-10,-5],[-23,5],[-21,12],[-16,1],[-16,-5],[-6,-16],[2,-7],[-12,-11],[-26,-5],[-13,-13],[-23,-11],[5,-10],[-9,-15],[0,-17],[-5,-43],[-15,-10],[-6,-12],[-18,-17],[-11,-5],[-3,-15],[-12,-6],[-1,-12],[7,-21],[0,-17],[-6,-11],[1,-10],[-11,-1],[-3,-43],[-16,14],[-15,28],[-103,-45],[-35,-108],[-25,3],[-15,-19],[-6,-11],[7,-14],[8,0],[1,-12],[-9,-5],[1,-9],[-6,-15],[-8,-7],[-14,3],[-2,8],[-21,1],[-12,-5],[-13,5],[-18,0],[-10,4],[-11,-23],[-11,-3],[-16,10],[-4,-27],[-5,-14],[-15,-3],[-9,-12],[1,-16],[9,-29],[-11,-1],[-10,8],[-16,-10],[-5,5],[-14,-7],[6,-17],[2,-29],[15,-13],[1,-17],[12,-8],[-21,-9],[-23,-15],[-19,5],[-5,-12],[-6,4],[-12,-1],[-4,-8],[-13,-3],[-3,-8],[-10,1],[-12,-6],[-16,-17],[-10,-4],[-1,-18],[-12,-4],[-30,28],[-4,7],[-4,24],[2,24],[-8,17],[1,45],[-9,12],[-24,18],[-12,1],[-10,16],[-2,16],[-40,2],[1,10],[8,19],[2,15],[-36,-11],[-8,10],[-22,15],[-10,15],[-13,0],[-38,80],[-10,9],[-22,31],[-23,29],[-31,43],[-20,24],[-7,12],[-22,18],[-13,14],[-30,-1],[-11,-3],[-12,-9],[-13,21],[-12,7],[-18,-10],[-10,-12],[-20,-16],[-15,0],[-13,-3],[-31,-15],[-22,-7],[0,12],[-15,-6],[-51,2],[-10,-4],[-13,-16],[0,-15],[17,-6],[25,4],[5,-19],[19,-11],[-4,-6],[10,-8],[-7,-6],[4,-27],[-15,-36],[-21,7],[-16,-3],[-29,18],[-17,-34],[-11,-8],[6,-10],[22,-8],[30,-40],[-15,-3],[-5,-8],[-30,-6],[-5,-6],[-24,-6],[-9,14],[-24,5],[-22,10],[-29,10],[-54,-26],[-7,10],[-18,32],[-71,-1],[-59,26],[-24,-8],[-40,-11],[-12,-16],[-17,-8],[-22,-28],[-9,-13],[-9,-34],[-20,-13],[-12,8],[-12,-9],[-28,18],[-5,-14],[-5,-3],[-32,8],[-7,23],[-12,-3],[-3,-18],[-12,-15],[-10,5],[-8,9],[-1,15],[-17,18],[-3,36],[-3,6],[-12,47],[22,32],[12,7],[-3,17],[-8,27],[-33,29],[-5,-5],[-29,-16],[-21,-32],[-34,-33],[-7,-1],[-11,-13],[-4,4],[-12,-3],[-2,-11],[8,-6],[3,-10],[-10,-10],[-21,0],[-6,9],[-12,5],[-12,-7],[-13,-14],[-13,32],[2,7],[-6,25],[-9,9],[-7,12],[132,177],[-24,28],[-9,14],[9,45],[20,16],[7,20],[11,21],[5,16],[8,13],[20,27],[19,19],[1,19],[12,24],[6,7],[13,20],[13,35],[-9,-1],[-18,14],[-11,4],[-29,-2],[-15,-21],[-3,-15],[-14,8],[-7,-15],[-7,2],[-4,-14],[-15,4],[-2,-8],[-29,-5],[-18,-1],[-20,12],[1,13],[16,49],[2,34],[6,13],[-7,12],[-11,0],[-12,9],[-49,21],[-5,-9],[-16,11],[-4,8],[-8,1],[-17,13],[-20,2],[-35,6],[-19,6],[-6,-10],[-17,12],[-15,6],[-114,229],[40,-1],[20,-4],[53,-3],[14,-8],[26,1],[-4,10],[-25,22],[-32,49],[-36,51],[-13,20],[-14,25],[-12,32],[-8,18],[-4,14],[-9,22],[-9,29],[13,1],[27,-11],[19,11],[20,19],[11,6],[16,17],[-15,34],[-18,22],[-70,77],[-61,65],[-94,69],[-12,24],[-9,13],[-27,18],[-19,8],[-25,16],[-23,12],[-20,7],[-13,-1],[-9,7],[-67,-33],[-4,12],[-12,8],[-20,5],[-12,-4],[-11,7],[-3,10],[-9,-1],[-5,-7],[-8,16],[-10,0],[-67,-22],[-10,4],[-15,-19],[-20,6],[-17,3],[-27,1],[-20,5],[-1,-4],[-31,-1],[-2,4],[-55,-11],[-18,-2],[-14,11],[0,11],[-6,19],[7,31],[19,43],[7,13],[1,11],[-11,21],[-2,12],[-15,30],[-8,26],[-5,33],[3,21],[-4,13],[-20,19],[-7,10],[-6,1],[-60,-7],[-14,4],[-24,-8],[-14,-9],[-13,0],[-8,4],[-15,-2],[-17,-8],[-13,2],[-7,15],[-18,-1],[1,10],[7,7],[5,13],[-6,14],[-16,10],[-3,15],[-22,-3],[-16,13],[-17,1],[-26,-10],[-23,-6],[-20,-16],[-5,10],[-10,3],[-9,15],[-6,4],[-9,13],[-4,23],[-19,2],[-8,6],[-11,-5],[-19,1],[-23,20],[-30,5],[-8,11],[-21,42],[-12,2],[-5,14],[13,13],[8,39],[1,17],[-17,4],[-18,-4],[-41,0],[-16,-1],[-14,3],[-21,15],[-21,6],[-2,31],[-16,12],[-18,8],[4,19],[-8,11],[-12,1],[-7,27],[9,6],[3,24],[-4,23],[1,16],[-29,4],[5,32],[9,16],[-15,6],[-17,1],[5,9],[-18,10],[-8,15],[10,2],[0,12],[-20,1],[-8,13],[-12,0],[-2,24],[3,16],[18,47],[16,30],[29,43],[18,15],[5,10],[8,2],[-5,14],[-7,32],[22,1],[9,5],[47,13],[-10,17],[-3,23],[-10,23],[-31,52],[-22,46],[15,19],[20,32],[3,19],[-1,19],[-10,26],[-9,7],[-21,4],[-18,-3],[-8,-5],[0,18],[14,20],[7,3],[16,13],[12,-7],[34,58],[15,23],[22,17],[25,10],[17,-3],[12,2],[1,22],[-3,12],[-17,34],[-2,9],[-9,9],[-18,28],[-28,51],[-24,18],[0,38],[8,17],[-44,32],[8,7],[20,37],[7,24],[-15,22],[-13,-5],[-29,21],[-13,12],[-6,25],[1,21],[-2,14],[-36,-12],[-7,6],[-3,11],[-7,6],[-16,-3],[-26,5],[-21,16],[-5,-8],[-12,2],[-26,-2],[-9,-4],[9,29],[-2,10],[-10,15],[-21,15],[-24,7],[-16,23],[-22,49],[-27,28],[-10,16],[-2,16],[3,17],[-4,6],[-11,3],[-22,-7],[-36,5],[-21,20],[-17,17],[-2,27],[-5,11],[-38,27],[-11,33],[-11,11],[-12,3],[-22,19],[-3,7],[0,16],[6,33],[8,21],[-8,21],[-16,11],[-40,4],[-26,-2],[-9,5],[-11,27],[-11,38],[-1,35],[6,18],[21,21],[8,14],[1,10],[-12,18],[-31,21],[-4,15],[1,31],[-3,39],[-5,31],[-1,19],[3,51],[-1,14],[-6,14],[-23,28],[-12,0],[-18,6],[-26,0],[-11,5],[-19,16],[-12,13],[-19,34],[-8,24],[2,27],[6,11],[25,9],[27,6],[8,9],[1,8],[-5,21],[-20,16],[-17,8],[-12,2],[-20,-4],[-17,-8],[-33,-4],[-18,3],[-39,-4],[-14,1],[-7,10],[-6,41],[5,15],[28,23],[8,15],[-1,22],[-15,18],[-20,7],[-11,-2],[-17,-12],[-15,-13],[-15,-22],[-10,-9],[-20,-3],[-10,6],[-7,26],[-10,15],[-4,19],[-15,31],[-14,17],[-7,6],[-39,16],[-14,11],[-21,23],[-9,23],[-2,15],[-19,41],[-18,31],[-17,14],[-14,17],[-21,26],[-31,43],[-22,24],[-23,17],[-13,13],[-9,19],[-3,38],[1,25],[7,21],[7,15],[14,15],[8,26],[-6,31],[-17,18],[-9,15],[-6,14],[-3,25],[2,14],[10,38],[8,29],[1,21],[-7,23],[-2,26],[-10,46],[-12,32],[-14,27],[-11,17],[-12,24],[-1,33],[-10,41],[8,40],[-2,19],[-11,35],[-6,10],[-11,7],[-59,22],[-36,8],[-25,-2],[-33,3],[-17,5],[-14,-3],[-18,1],[-20,17],[-6,11],[-2,27],[-4,17],[-5,6],[-56,27],[-16,1],[-16,-4],[-30,-25],[-9,-2],[-28,15],[-26,21],[-18,22],[-4,16],[-20,17],[-14,26],[0,15],[9,25],[9,10],[1,15],[-4,13],[-8,12],[-16,16],[-28,10],[-21,0],[-21,-10],[-19,-4],[-17,-7],[-25,-1],[-56,7],[-31,-2],[-39,-6],[-39,-11],[-21,-1],[-21,7],[-18,11],[-1,-24],[-3,-29],[6,-14],[36,-39],[6,-9],[3,-24],[-11,-41],[-1,-14],[4,-32],[8,-18],[18,-18],[12,-15],[13,-6],[28,1],[35,-7],[24,-7],[22,-15],[19,-19],[11,-13],[3,-16],[-3,-26],[3,-65],[0,-36],[-16,-30],[-7,7],[-27,-2],[-26,1],[-13,4],[-11,-1],[-19,-7],[-25,-2],[-47,4],[-24,-9],[-35,-1],[-48,12],[-20,17],[-11,2],[-25,10],[-43,8],[-22,0],[-38,-23],[-6,-6],[-23,-7],[-17,-11],[-10,3],[-10,10],[-26,13],[-7,-8],[-36,-16],[-7,-5],[-10,10],[-15,4],[-12,7],[-20,25],[-24,-30],[-8,-6],[-20,-4],[-18,1],[-46,-16],[-34,-24],[-31,-20],[-7,-1],[-46,-20],[-36,-12],[-14,-2],[-18,-7],[-21,-2],[-25,-30],[-12,-10],[-9,-3],[-42,-6],[-13,-61],[-19,-48],[-10,-12],[-35,30],[-5,-7],[-17,8],[-9,1],[-19,14],[-17,6],[-14,16],[-26,14],[-21,-4],[-18,-7],[-39,5],[-7,-8],[-23,19],[-97,61],[5,-19],[-11,3],[-22,13],[-23,16],[-6,-5],[-19,15],[-21,11],[-11,9],[-36,18],[-27,-28],[-12,14],[-53,-62],[-10,-27],[-25,-33],[-56,2],[-22,-14],[-8,-2],[-37,-26],[-20,-7],[-13,-15],[-29,23],[-9,11],[-18,15],[-21,13],[-16,14],[-4,17],[-11,25],[-9,31],[-2,19],[2,17],[-16,26],[-1,13],[4,13],[-30,21],[4,16],[18,28],[23,29],[-21,24],[-6,4],[-12,18],[-9,6],[4,15],[-5,11],[-11,2],[-8,6],[10,21],[19,14],[18,8],[11,9],[12,20],[-10,7],[5,8],[-10,5],[-23,17],[20,31],[0,16],[-14,-5],[-8,-11],[-30,-12],[-14,26],[-29,34],[9,6],[24,0],[51,6],[1,12],[6,31],[9,2],[23,10],[12,2],[10,18],[-19,10],[-14,10],[-15,25],[-6,6],[-9,29],[10,8],[6,16],[7,30],[-12,7],[-5,24],[-9,5],[-14,17],[-6,21],[-12,14],[10,14],[15,16],[20,-10],[6,12],[2,14],[26,16],[-4,50],[-21,47],[-5,32],[10,31],[14,30],[-4,18],[-10,25],[-10,29],[-3,14],[-20,4],[-28,10],[-19,-24],[-19,14],[-11,-20],[-22,-15],[-11,-17],[-12,-2],[-34,-19],[-42,6],[-11,0],[-2,-12],[-22,-30],[-7,24],[-22,16],[19,24],[-1,20],[-3,18],[-7,9],[0,17],[-17,0],[-4,-6],[-15,13],[13,16],[8,19],[18,25],[-7,8],[2,6],[22,38],[-1,12],[-26,17],[-17,7],[-13,-11],[-101,25],[-25,-4],[-9,-27],[-5,-6],[-27,14],[-4,-16],[-11,-11],[-1,-16],[3,-8],[-17,-12],[-5,3],[-15,-29],[-10,4],[-79,-51],[-5,-15],[-41,-11],[-6,17],[-10,9],[-12,6],[-8,13],[-14,10],[1,10],[-13,8],[-5,18],[-6,9],[-34,24],[-7,-21],[-9,-16],[-3,-11],[-10,-4],[-22,4],[-34,-17],[-27,17],[5,12],[3,28],[-15,16],[-7,12],[-1,22],[5,18],[10,16],[33,40],[7,17],[11,14],[7,-4],[20,30],[12,-3],[5,9],[21,8],[9,25],[23,28],[7,3],[7,13],[11,9],[-20,25],[-22,17],[-11,27],[-10,11],[-30,18],[-12,6],[11,13],[-4,13],[-14,10],[0,30],[5,14],[-4,9],[-10,38],[-7,13],[-7,-13],[-14,-5],[-16,-3],[-16,-11],[-5,4],[-11,-11],[-14,-18],[-9,-6],[-18,-17],[-18,-33],[-5,-17],[-1,-17],[-7,-5],[-7,16],[-9,8],[-27,9],[-15,9],[-24,3],[-25,1],[5,14],[-17,1],[-28,-6],[-33,15],[-7,19],[0,57],[-4,5],[23,31],[24,60],[-27,-23],[-29,-4],[0,-6],[-35,-8],[-10,27],[1,13],[-8,22],[-7,26],[-29,0],[-10,9],[-19,-1],[-27,-7],[2,18],[-29,-17],[5,-37],[-22,-2],[-3,-16],[3,-26],[-21,1],[-31,-4],[0,7],[-14,3],[-17,9],[-16,-2],[-20,-14],[-20,-21],[-20,-2],[0,11],[-10,6],[3,19],[-4,10],[-21,9],[1,11],[17,49],[7,1],[8,17],[5,47],[-17,31],[2,21],[-2,17],[-8,37],[-48,-20],[-39,-14],[4,16],[-4,31],[-15,-6],[-4,26],[-9,42],[1,12],[-11,6],[-10,10],[-7,21],[-13,19],[-9,6],[-2,28]],[[35338,59763],[10,26],[21,30],[7,34],[8,10],[17,29],[13,65],[6,39],[3,33],[-31,8],[-27,37],[-18,5],[-17,22],[7,19],[-2,8],[11,6],[12,19],[6,13],[4,23],[6,19],[10,16],[12,-10],[8,11],[22,26],[-5,8],[-3,13],[7,6],[10,19],[43,-14],[11,17],[21,7],[-8,11],[-9,25],[-29,-3],[-6,19],[-1,14],[11,7],[-1,26],[8,3],[2,12],[-5,18],[4,5],[-3,21],[0,49],[-6,5],[-20,37],[-4,20],[-10,26],[0,20],[22,2],[25,5],[1,20],[14,18],[2,21],[-6,30],[-12,49],[2,9],[12,14],[27,13],[-8,17],[6,7],[8,22],[-8,8],[-4,13],[5,4],[19,30],[18,1],[3,5],[14,-2],[1,37],[5,20],[-1,21],[-38,-2],[-36,1],[1,10],[15,18],[10,21],[21,17],[5,11],[5,24],[14,33],[24,46],[21,38],[26,-9],[-7,28],[1,13],[6,15],[13,13],[11,3],[43,32],[9,16],[11,12],[13,22],[1,18],[9,21],[20,40],[-6,65],[15,-2],[19,3],[18,0],[17,5],[70,32],[4,18],[8,16],[17,26],[36,42],[2,11],[-1,16],[-5,19],[1,12],[-11,35],[-11,26],[-19,34],[-2,11],[10,0],[12,-6],[25,5],[28,10],[13,7],[31,26],[6,2],[24,20],[8,23],[27,19],[13,16],[8,6],[24,11],[14,14],[44,36],[-4,27],[-15,4],[-9,11],[-28,8],[-11,5],[-15,-5],[-25,2],[6,20],[7,48],[3,38],[-19,14],[-23,5],[-41,13],[-25,0],[22,26],[16,22],[10,8],[12,3],[25,-8],[30,53],[7,18],[21,43],[12,-7],[11,9],[8,20],[10,-9],[4,15],[9,17],[15,37],[4,20],[-3,40],[-5,14],[-6,29],[-1,25],[-4,52],[0,30],[-5,49],[0,23],[-5,28],[7,10],[24,25],[16,20],[16,26],[22,90],[-1,9],[10,44],[7,-1],[18,13],[5,20],[-3,29],[12,16],[-7,8],[14,23],[11,0],[21,39],[9,10],[12,41],[33,41],[18,12],[20,23],[-5,75],[10,30],[9,58],[-14,20],[12,16],[13,6],[8,29],[9,19],[-26,19],[-13,2],[-20,8],[-3,-26],[-13,-34],[-7,3],[-12,15],[-22,14],[-22,2],[-20,13],[25,46],[0,10],[-6,11],[-25,2],[-10,8],[-43,19],[-8,6],[2,11],[41,19],[3,13],[-2,30],[27,21],[9,47],[29,60],[-15,23],[-3,11],[13,12],[-2,17],[9,13],[12,9],[8,19],[18,21],[0,15],[7,5],[-6,14],[22,6],[33,1],[27,8],[2,9],[18,9],[10,19],[20,-2],[-4,25],[-29,42],[12,5],[17,49],[-4,23],[3,8],[-10,13],[-2,22],[2,7],[-1,18],[4,21],[-2,51],[-17,27],[8,14],[-3,10],[13,3],[12,7],[10,0],[25,-12],[30,2],[14,-2],[12,12],[23,15],[13,3],[16,-20],[7,6],[7,-5],[11,7],[15,-19],[8,-18],[36,1],[5,-16],[10,-21],[-17,-26],[32,-13],[18,-24],[14,-14],[28,4],[19,-2],[37,0],[12,-4],[46,-6],[29,-10],[38,-3],[27,-7],[10,4],[31,-1],[21,3],[10,-2],[-1,-10],[7,-15],[14,-13],[5,6],[10,-3],[8,-8],[9,-2],[7,-12],[10,-2],[4,-21],[32,-20],[6,-6],[9,-22],[2,-17],[-6,-9],[2,-9],[12,2],[35,-25],[16,-5],[16,-1],[15,3],[10,-4],[21,-16],[25,-1],[36,-12],[7,-17],[28,-16],[27,-1],[10,-16],[10,3],[13,8],[17,2],[9,15],[-1,10],[54,45],[9,5],[22,3],[10,-2],[15,3],[12,6],[-14,20],[-11,24],[3,2],[-11,34],[-11,6],[5,35],[0,41],[-11,4],[-21,21],[-10,19],[-11,32],[-16,20],[-11,25],[-10,42],[-11,0],[-47,19],[-11,9],[-29,35],[-13,26],[-16,15],[-2,39],[3,26],[8,-3],[16,22],[9,16],[15,11],[33,41],[18,25],[10,12],[9,23],[3,26],[17,-16],[28,-11],[22,4],[23,-2],[7,-21],[11,-9],[1,-9],[12,-6],[14,-21],[31,-16],[13,-10],[3,-15],[-4,-25],[4,-12],[8,-6],[19,-1],[33,-28],[9,-25],[15,-14],[16,-19],[8,-4],[27,1],[19,9],[13,0],[46,15],[36,0],[27,-6],[6,16],[7,5],[5,19],[16,34],[-4,4],[17,16],[-16,19],[-11,34],[28,58],[16,17],[22,16],[-6,17],[15,14],[15,-14],[29,21],[23,13],[17,-8],[4,-22],[6,4],[6,-16],[13,0],[20,9],[44,10],[20,-8],[18,6],[7,12],[12,-17],[17,13],[31,35],[26,14],[17,13],[22,28],[11,22],[5,-8],[12,-4],[7,-20],[19,-6],[6,6],[21,11],[14,-2],[32,9],[22,17],[15,1],[14,-8],[13,0],[31,16],[18,13],[8,-1],[12,10],[7,16],[6,22],[9,10],[12,3],[7,9],[-5,8],[4,10],[-5,31],[40,-10],[44,-12],[34,2],[15,9],[7,-16],[23,7],[18,-1],[12,5],[13,14],[18,5],[12,9],[24,10],[8,14],[7,8],[6,19],[6,6],[27,7],[1,25],[7,6],[12,1],[1,12],[13,2],[13,-6],[23,9],[7,46],[9,-3],[13,39],[-4,4],[7,11],[-11,15],[-20,3],[-3,4],[-22,-26],[-4,-10],[-22,-20],[-2,-12],[-13,-8],[-7,-18],[-59,27],[1,18],[-5,14],[-19,35],[-3,33],[3,9],[15,17],[-7,7],[-3,26],[-4,0],[-11,22],[-6,6],[-22,11],[-9,10],[-18,29],[-15,13],[13,22],[15,16],[6,12],[43,46],[22,17],[45,24],[19,-10],[30,5],[12,17],[1,10],[8,7],[4,14],[-13,22],[29,21],[14,16],[21,29],[0,17],[-8,12],[-1,18],[5,24],[11,29],[13,0],[4,5],[7,20],[17,12],[7,1],[54,-5],[25,3],[21,10],[18,2],[39,23],[14,27],[19,10],[5,-2],[34,24],[27,23],[16,16],[8,14],[16,18],[8,6],[34,12],[18,-7],[9,-9],[9,-22],[42,-6],[19,-16],[21,-2],[21,12],[-2,11],[28,7],[4,11],[8,2],[-5,30],[-7,5],[-14,32],[-7,7],[-29,24],[-13,14],[-23,13],[13,35],[14,19],[29,28],[5,14],[19,9],[17,-3],[8,-11],[14,-3],[10,-7],[25,-8],[6,17],[0,17],[11,35],[14,-7],[22,-5],[-3,14],[23,35],[0,16],[23,1],[10,33],[28,55],[14,0],[12,4],[14,23],[16,12],[2,14],[-7,17],[5,10],[-13,7],[28,48],[9,13],[7,16],[9,6],[-5,20],[5,15],[15,11],[11,-6],[5,11],[15,-2],[9,16],[17,-1],[10,12],[6,19],[22,6],[8,-1],[36,-29],[26,64],[17,23],[-8,21],[9,12],[0,9],[-21,18],[16,21],[-11,11],[10,26],[-11,0],[-23,21],[-2,6],[-21,4],[-13,22],[-31,29],[30,37],[-8,6],[14,31],[-3,16],[-17,48],[-6,36],[4,19],[-9,31],[-1,21],[-14,7],[-4,15],[0,63],[9,22],[2,12],[-3,9],[10,21],[2,13],[-3,7],[12,4],[5,-4],[13,0],[27,20],[4,-4],[11,9],[6,14],[5,4],[19,33],[5,16],[9,-4],[13,9],[13,13],[14,7],[5,-7],[17,4],[-1,9],[29,5],[8,-13],[3,-12],[12,-9],[11,-30],[-4,-11],[-3,-31],[5,1],[3,-23],[31,-27],[20,-12],[27,-37],[16,-7],[2,-9],[18,-22],[18,18],[2,10],[15,7],[7,9],[-24,22],[19,23],[-25,11],[0,13],[-6,12],[12,20],[5,15],[-6,8],[-13,7],[-35,25],[12,27],[12,4],[39,22],[-23,5],[-32,29],[28,39],[6,58],[-7,2],[-5,19],[7,14],[6,26],[16,23],[18,9],[30,-1],[28,7],[35,12],[34,5],[33,30],[24,13],[12,1],[7,6],[6,52],[-7,-2],[-20,4],[-5,14],[1,12],[-5,17],[9,24],[-9,14],[-1,9],[-12,4],[-6,8],[-1,11],[7,10],[-4,10],[-13,14],[-9,7],[-8,24],[4,10],[-1,27],[-12,18],[-24,11],[-4,10],[-25,6],[-10,20],[-4,13],[-11,22],[9,15],[-12,29],[-7,10],[-8,1],[-4,9],[-15,17],[-2,33],[20,0],[11,13],[20,9],[-1,14],[7,0],[22,21],[4,11],[10,11],[-9,15],[1,9],[13,30],[1,10],[-11,28],[11,32],[5,-4],[11,5],[9,-4],[-4,20],[12,9],[-5,13],[0,31],[17,1],[2,17],[6,15],[7,0],[-23,45],[16,22],[4,2],[-1,17],[2,17],[5,10],[-26,38],[-10,6],[-18,0],[-27,-12],[-9,-12],[4,-14],[-5,-4],[-24,-5],[-7,9],[-9,3],[-18,-2],[-17,-5],[-6,8],[-12,8],[-15,-2],[-19,10],[-15,-11],[-8,10],[-1,17],[8,11],[-14,31],[-14,5],[-5,-6],[-14,1],[-1,-11],[-23,0],[-6,11],[6,23],[2,23],[-10,20],[-13,20],[-7,19],[16,12],[6,17],[-4,32],[14,9],[-7,14],[4,20],[1,35],[-2,16],[8,4],[-7,20],[-22,27],[-2,7],[26,8],[13,10],[19,5],[18,-6],[26,4],[21,-6],[10,-6],[14,1],[23,-2],[16,3],[26,-6],[48,0],[11,-7],[7,8],[32,16],[12,2],[14,13],[-2,6],[4,38],[0,17],[8,29],[2,28],[-7,38],[7,4],[22,6],[1,8],[-8,27],[5,21],[-14,4],[-29,-7],[-23,0],[-1,-23],[7,-14],[10,-8],[-18,-10],[-6,4],[-11,19],[-31,13],[-6,-15],[-11,-11],[-7,16],[-18,-9],[-11,5],[8,12],[-12,6],[-42,4],[-10,4],[0,11],[-20,3],[4,15],[9,-1],[1,24],[34,-4],[87,0],[5,2],[56,47],[13,26],[54,114],[30,60],[-16,66],[-5,21],[-14,22],[16,3],[32,-1],[26,3],[15,7],[14,0],[15,-13],[19,-13],[16,6],[2,9],[-5,11],[10,6],[20,1],[13,-2],[5,13],[13,-12],[10,-13],[49,13],[7,-3],[28,11],[24,-3],[30,-1],[48,7],[8,-6],[17,-6],[5,6],[6,18],[9,17],[-12,1],[-12,7],[-4,10],[-10,4],[1,7],[-13,24],[7,5],[8,24],[2,15],[-7,12],[-28,22],[-13,6],[-28,17],[-15,7],[-23,15],[-13,16],[-20,8],[-9,7],[-9,22],[-8,6],[-14,-3],[-24,1],[-27,10],[-28,13],[-1,-14],[-36,11],[-8,6],[-7,18],[-10,2],[-25,16],[-37,-27],[-13,11],[-20,8],[-40,-22],[-16,5],[-30,22],[-29,17],[-11,24],[-12,0],[-18,28],[-1,19],[-12,4],[-11,32],[-5,-15],[-34,26],[-27,4],[-8,18],[4,4],[-7,10],[-5,18],[-14,5],[-24,-4],[-11,5],[-23,24],[-19,-7],[-14,-1],[0,28],[3,12],[12,29]],[[40398,70332],[25,14],[9,0],[40,16],[-11,25],[-4,24],[-8,0],[5,16],[-4,15],[34,9],[14,1],[15,-7],[21,28],[9,2],[18,13],[17,8],[12,-6],[3,7],[28,-1],[-2,31],[-12,25],[-7,24],[-12,25],[-10,13],[-29,25],[-7,13],[-4,25],[-9,22],[-16,19],[-31,13],[12,10],[-19,21],[-21,32],[-10,35],[-17,17],[-10,25],[12,8],[-2,19],[-15,6],[9,7],[-16,23],[-18,10],[-11,21],[-5,2],[-14,19],[-3,26],[-13,6],[-12,1],[16,13],[4,16],[8,5],[-30,42],[-11,20],[13,13],[2,22],[10,11],[12,18],[6,7],[1,15],[-4,17],[15,26],[-4,3],[14,17],[7,15],[9,-2],[24,13],[24,3],[20,14],[-18,13],[-9,2],[-9,-8],[-34,9],[-26,16],[-18,15],[-5,13],[-10,6],[-19,27],[-23,15],[-9,17],[-10,5],[-9,9],[-7,-7],[-21,-10],[-8,4],[-12,-1],[-15,5],[-8,-9],[-35,-24],[2,-10],[-22,2],[4,10],[-8,7],[-19,-4],[-4,8],[10,11],[4,15],[12,9],[12,27],[8,10],[0,23],[-2,7],[13,8],[12,17],[19,3],[10,14],[-14,2],[-2,6],[11,24],[-4,2],[-1,40],[13,22],[15,15],[24,30],[9,8],[12,25],[19,18],[12,3],[2,25],[5,18],[-2,13],[3,14],[12,7],[8,0],[21,17],[20,-3],[31,14],[23,7],[8,6],[23,-10],[11,8],[2,8],[28,38],[13,-8],[25,9],[12,-14],[6,-12],[23,-16],[13,-24],[11,-8],[13,10],[-1,13],[11,9],[15,-2],[10,5],[15,3],[10,-10],[5,4],[-4,10],[13,5],[11,-4],[11,42],[-16,-4],[-8,2],[-4,24],[12,-6],[37,-9],[19,-12],[-1,-3],[17,-14],[19,7],[22,4],[25,14],[10,29],[13,13],[9,0],[32,47],[10,-35],[19,-8],[15,11],[11,2],[13,-9],[15,8],[17,32],[15,19],[7,20],[13,16],[8,15],[12,9],[24,29],[-8,8],[28,30],[8,-6],[31,-15],[7,-18],[12,2],[0,8],[13,7],[13,13],[-3,9],[26,6],[-14,32],[-1,16],[10,7],[8,-4],[8,-24],[17,28],[15,37],[11,13],[14,-6],[17,41],[0,26],[15,7],[21,16],[17,10],[-3,14],[4,6],[26,25],[28,13],[7,-5],[32,4],[-6,11],[-1,15],[-15,14],[-7,31],[-9,8],[0,10],[-8,19],[4,13],[-4,26],[4,12],[1,22],[6,11],[20,-3],[11,9],[-4,13],[13,7],[24,17],[9,32],[6,0],[-2,19],[7,9],[53,27],[14,10],[25,26],[17,23],[19,22],[-3,6],[4,18],[-11,10],[1,8],[-11,9],[-9,-9],[-5,-15],[-16,-1],[-15,4],[-57,8],[-5,2],[-13,17],[-4,13],[-10,9],[0,16],[-20,16],[-16,31],[-8,9],[-2,13],[4,12],[-16,2],[3,13],[-20,0],[-15,15],[-11,20],[4,19],[2,31],[-12,12],[-5,9],[8,10],[-9,11],[-2,30],[-8,29],[6,2],[29,19],[9,0],[18,-5],[59,32],[19,22],[-14,9],[8,28],[1,37],[-4,10],[3,23],[-39,6],[-5,8],[-10,3],[-15,15],[-8,2],[-18,27],[35,23],[46,21],[12,18],[6,20],[8,11],[2,12],[18,32],[14,36],[21,24],[5,21],[2,22],[7,16],[-48,5],[-14,6],[-8,9],[-15,5],[-19,1],[-1,5],[-15,14],[-14,-1],[-8,18],[-12,11],[-16,4],[-11,-2],[-13,11],[-19,-3],[-21,7],[-4,15],[-45,14],[-8,17],[-14,7],[17,32],[13,14],[28,11],[0,13],[7,22],[8,3],[12,-5],[10,3],[12,21],[7,3],[-5,17],[-24,22],[-10,18],[-19,8],[-3,7],[-16,15],[-6,13],[-9,10],[-14,-17],[-89,60],[-32,20],[-18,0],[-15,14],[-18,24],[-12,11],[-17,9],[-93,26],[-46,-9],[-21,-7],[-16,1],[-9,17],[-19,15],[-33,22],[-12,25],[-37,12],[-10,10],[-7,18],[-5,44],[7,18],[1,13],[-11,24],[1,9],[-8,22],[-2,17],[4,5],[-4,14],[-3,26],[0,34],[3,34],[-31,-12],[-19,-3],[-21,5],[-13,8],[-2,9],[-11,5],[-14,2],[-18,-1],[-18,-15],[-12,4],[-8,-10],[-20,10],[-10,48],[-6,11],[26,74],[11,3],[7,19],[3,22],[10,22],[13,18],[16,12],[-1,6],[-19,13],[-16,-3],[-14,10],[-6,15],[11,23],[-1,25],[-4,21],[-7,17],[22,38],[-2,16],[-4,2],[-13,20],[-13,8],[-10,10],[-4,12],[6,25],[-2,15],[-6,9],[-20,5],[-27,10],[-8,12],[-2,24],[14,27],[13,11],[10,18],[15,17],[1,8],[16,17],[30,45],[18,10],[5,11],[22,5],[26,-1],[30,-11],[12,-16],[11,5],[21,29],[8,5],[20,-6],[13,26],[18,13],[17,4],[17,-3],[8,7],[27,16],[-18,40],[-6,8],[2,8],[24,25],[7,15],[23,17],[-13,24],[2,12],[-3,13],[3,9],[13,12],[16,25],[4,15],[0,17],[4,20],[23,22],[53,25],[9,-7],[10,4],[11,15],[14,14],[19,-27],[12,-21],[22,-24],[8,-1],[1,-28],[16,2],[18,8],[19,3],[11,-18],[12,5],[38,6],[27,14],[8,-34],[38,14],[16,13],[13,6],[40,15],[12,0],[16,-7],[31,8],[3,-7],[18,14],[6,0],[18,15],[25,13],[16,21],[-9,18],[16,21],[15,27],[25,10],[26,15],[5,-2],[52,21],[6,8],[15,-9],[9,-10],[2,-15],[16,-16],[41,-4],[26,8],[21,19],[24,0],[11,-9],[11,-3],[16,1],[16,5],[3,8],[10,-3],[28,0],[13,3],[7,14],[-2,14],[11,29],[6,7],[18,1],[10,-6],[17,-15],[12,-21],[5,-20],[26,-2],[15,6],[8,8],[10,25],[-6,0],[-11,15],[-8,1],[1,15],[-5,12],[3,30],[8,13],[11,9],[36,9],[10,1],[12,11],[14,20],[-4,18],[1,11],[27,26],[14,12],[18,5],[8,25],[11,14],[20,20],[16,10],[9,-1],[15,-8],[7,-10],[3,-13],[0,-48],[7,-29],[14,-3],[7,10],[30,7],[17,25],[20,-8],[-3,11],[18,34],[12,12],[12,-6],[-7,-30],[2,-8],[17,11],[3,-13],[12,-29],[11,6],[14,-19],[18,11],[19,18],[-4,11],[4,11],[11,-7],[-10,-18],[12,-22],[13,7],[9,-13],[13,7],[-7,10],[14,2],[6,-7],[5,-29],[6,-9],[13,1],[6,5],[-10,27],[10,4],[-15,23],[36,25],[11,15],[-5,18],[0,16],[-5,13],[7,13],[-11,24],[4,22],[11,-2],[10,14],[21,-4],[22,-12],[2,5],[-19,15],[-31,31],[13,2],[-3,20],[-3,3],[-11,27],[5,11],[-1,22],[-10,35],[0,10],[-10,2],[-1,10],[11,23],[12,14],[5,11],[32,-3],[24,-6],[14,-9],[8,-13],[17,-9],[27,1],[23,6],[28,-12],[28,11],[4,-9],[-8,-17],[3,-20],[-17,-17],[5,-21],[12,-19],[20,-23],[6,5],[29,-29],[15,-11],[-15,-9],[29,-2],[9,8],[25,5],[38,1],[31,9],[31,3],[2,6],[29,8],[15,-10],[31,-15],[5,-6],[25,-5],[8,-5],[15,-15],[16,-10],[26,-2],[14,-13],[2,-10],[9,-8],[11,-2],[16,-12],[13,-15],[25,-16],[10,-10],[11,5],[24,19],[15,14],[19,13],[-2,4],[-24,-5],[-33,5],[-8,24],[-2,17],[18,1],[53,9],[6,-3],[15,8],[25,0],[22,9],[12,0],[11,-5],[15,-15],[31,-17],[21,-4],[-12,-59],[-1,-14],[14,-5],[54,-8],[27,0],[11,3],[0,20],[-2,16],[6,16],[25,-2],[14,9],[22,-8],[31,13],[21,3],[18,13],[17,7],[8,9],[18,12],[22,-3],[0,-5],[17,-3],[18,-14],[13,5],[37,-15],[26,-20],[15,-4],[10,-16],[24,-4],[30,-1],[12,5],[27,20],[3,14],[27,42],[1,12],[10,9],[18,22],[23,17],[8,3],[13,13],[11,2],[11,14],[7,17],[11,5],[37,1],[12,7],[6,14],[18,25],[14,-5],[14,-12],[11,0],[12,-6],[6,-7],[11,3],[-7,23],[5,19],[11,16],[8,24],[-3,23],[-12,26],[-5,20],[-8,12],[-14,27],[-17,20],[-20,34],[-4,10],[-45,81],[-20,28],[5,19],[15,11],[5,9],[1,17],[-2,38],[0,14],[-6,14],[8,5],[0,21],[10,24],[13,12],[23,6],[28,28],[20,10],[26,23],[3,10],[15,11],[24,12],[30,10],[14,9],[15,15],[5,11],[15,17],[8,14],[6,22],[-4,16],[11,12],[16,6],[12,10],[9,19],[16,10],[21,1],[28,-1],[37,5],[33,-3],[6,3],[2,11],[14,14],[11,15],[14,8],[14,2],[19,-2],[24,-18],[15,2],[9,13],[18,18],[12,4],[16,12],[44,11],[17,13],[19,9],[4,19],[8,1],[14,24],[3,10],[7,50],[6,11],[-3,49],[9,34],[24,28],[2,30],[-15,12],[-25,12],[-16,-8],[-10,3],[-7,14],[2,13],[6,10],[0,22],[-12,31],[0,19],[-4,10],[-14,15],[-15,3],[-2,6],[29,13],[-17,19],[-23,16],[-16,19],[9,18],[-1,7],[-16,9],[-15,15],[43,9],[10,12],[21,13],[3,8],[-1,17],[5,45],[10,28],[79,23],[52,8],[15,-8],[31,-20],[10,-12],[10,-5],[14,1],[25,22],[21,4],[1,20],[15,3]],[[58198,72336],[-2,-22],[-9,-67],[-2,-30],[8,-34],[9,-1],[44,-33],[2,-25],[9,-32],[15,-29],[11,-28],[1,-28],[13,4],[13,20],[18,12],[11,20],[12,14],[28,20],[30,13],[18,2],[-7,42],[24,15],[12,5],[3,-7],[26,8],[14,-2],[9,8],[27,-8],[19,12],[9,-15],[15,7],[6,-13],[19,-29],[4,-14],[39,0],[39,-5],[77,8],[18,-21],[13,-11],[19,-9],[18,-17],[15,-19],[23,-14],[5,-13],[11,-15],[7,-16],[14,-24],[20,-24],[-8,-24],[16,-7],[23,-25],[16,-20],[29,-44],[14,-17],[16,-3],[33,-21],[5,-1],[15,-16],[-7,-13],[-1,-126],[2,-11],[31,-1],[31,-5],[67,25],[15,-23],[-2,-60],[-11,-8],[-15,-6],[38,-46],[9,6],[18,-20],[5,-3],[20,1],[13,-10],[26,10],[3,-20],[12,-27],[5,-3],[19,10],[14,-12],[1,-19],[0,-31],[-4,-33],[-12,-29],[-35,-19],[-17,-12],[2,-14],[-4,-11],[15,-13],[26,2],[2,-24],[25,-12],[26,1],[16,-8],[19,0],[25,2],[9,-24],[1,-13],[34,-6],[15,0],[31,-18],[16,-16],[15,-25],[3,-20],[12,-23],[24,-62],[5,-34],[-2,-15],[-47,-25],[-14,-13],[-22,-32],[-27,-43],[-10,-5],[-24,-21],[-7,-17],[-18,-28],[9,-36],[26,-31],[7,5],[0,11],[10,-1],[5,13],[15,-11],[21,3],[12,-2],[7,-14],[10,-9],[-2,-15],[11,6],[7,-9],[11,-22],[-27,-25],[-24,-30],[12,-23],[-15,-12],[-7,-16],[-8,-26],[0,-6],[-16,-28],[-29,-24],[-18,-21],[-15,-31],[-43,-19],[-5,-19],[-33,-24],[-4,-8],[-19,-17],[-7,-1],[-24,-21],[-13,-16],[-20,-10],[17,-22],[8,-19],[53,-32],[11,-3],[21,-17],[6,1],[12,-13],[22,18],[30,19],[17,14],[52,37],[54,38],[5,-2],[9,13],[12,1],[57,-28],[21,-15],[16,-19],[29,-22],[15,-30],[16,-28],[7,-23],[-2,-23],[8,-13],[9,-25],[9,-19],[18,-28],[6,-2],[17,-16],[9,-25],[17,-21],[7,-24],[1,-12],[8,-26],[3,-17],[20,-76],[12,-49],[31,10],[37,17],[11,1],[43,19],[19,4],[15,7],[13,16],[5,15],[1,41],[-5,27],[11,2],[4,-31],[15,-18],[9,-20],[10,-28],[8,-4],[25,-7],[28,41],[18,21],[13,12],[9,1],[21,13],[13,11],[10,14],[5,16],[-1,31],[-5,2],[-2,25],[-11,17],[-34,62],[-5,14],[0,24],[9,7],[23,10],[22,-9],[45,-23],[11,-7],[19,-3],[6,-4],[31,-8],[15,-6],[41,-27],[26,-36],[11,-18],[4,-14],[2,-38],[11,-30],[5,-36],[-15,-10],[-22,-25],[-27,-17],[-22,-28],[-9,-26],[-10,-16],[-5,-26],[4,-12],[3,-24],[20,-18],[6,-1],[28,-17],[20,-29],[12,1],[17,-8],[13,-1],[30,44],[1,19],[4,4],[40,20],[11,-18],[12,-8],[13,-16],[11,-9],[16,-2],[0,-17],[-4,-25],[4,-10],[8,-5],[10,-24],[4,-4],[20,-3],[18,-9],[13,1],[26,-15],[6,-20],[-2,-11],[5,-17],[12,-17],[13,-6],[14,-27],[19,-15],[-3,-8],[15,-16],[14,-33],[0,-14],[-17,-3],[-11,-9],[-9,-15],[7,-15],[-24,-35],[2,-16],[15,-22],[-13,-21],[22,-10],[12,-8],[26,-6],[-9,-21],[21,-20],[15,-19],[-6,-6],[16,-20],[30,-43],[-3,-7],[11,-20],[12,-13],[12,-8],[32,-33],[-16,-17],[20,-22],[4,-10],[13,-14],[-24,-26],[-13,-19],[23,-28],[10,-24],[11,-8],[-24,-30],[-18,11],[-14,-14],[12,-13],[10,-7],[47,-59],[15,14],[13,-21],[7,10],[15,-10],[15,-1],[5,6],[15,-23],[-4,-2],[23,-39],[-4,-4],[29,-22],[10,-12],[4,5],[17,-19],[5,-17],[15,-14],[3,3],[26,-25],[8,-5],[14,-1],[13,3],[16,-26],[-3,-3],[8,-15],[-9,-4],[13,-45],[-6,-3],[-2,-53],[-5,-5],[3,-17],[-16,3],[-2,21],[-14,4],[-14,16],[-20,-9],[-20,-2],[-12,-10],[-8,-16],[-10,5],[-17,4],[-33,-9],[-43,5],[-3,-13],[9,-4],[-10,-31],[16,-14],[1,-21],[21,1],[16,-13],[-3,-20],[10,-33],[17,-49],[-3,-10],[103,8],[5,0],[-29,-81],[39,8],[1,-9],[36,11],[-3,17],[26,5],[25,-6],[11,36],[13,27],[-15,7],[-6,-2],[-19,13],[17,21],[15,7],[-2,6],[7,12],[16,1],[-14,27],[-13,38],[4,1],[-3,23],[19,5],[14,-6],[12,2],[23,-1],[1,7],[11,8],[16,-16],[13,-22],[16,-5],[11,-12],[8,-24],[15,-57],[13,-34],[28,-34],[26,-63],[-10,-36],[-3,-36],[-9,-17],[-8,-3],[-5,-12],[-13,-10],[-9,-23],[-2,-31],[-7,-14],[6,-29],[-2,-15],[-6,-13],[-15,-17],[10,-14],[-2,-32],[-7,-34],[-4,3],[-20,-27],[29,-22],[-24,-27],[-40,-68],[10,-6],[23,-6],[19,-24],[23,-5],[2,13],[10,18],[16,2],[12,10],[5,9],[18,1],[17,-11],[10,-12],[10,9],[11,18],[36,39],[26,-10],[8,-13],[22,-3],[45,15],[27,13],[18,-41],[19,11],[10,8],[16,10],[21,16],[26,12],[68,-33],[18,-12],[6,-7],[36,-3],[7,-7],[20,12],[9,-8],[12,11],[25,7],[4,29],[13,17],[29,20],[15,7],[28,29],[5,2],[10,-13],[11,-8],[7,-21],[7,-9],[9,1],[15,-9],[-10,-42],[8,-8],[17,-9],[5,-9],[-2,-8],[11,-5],[21,-2],[19,6],[10,-6],[20,25],[21,21],[48,-35],[5,5],[10,-11],[1,-10],[8,-16],[13,-8],[10,1],[8,9],[52,27],[14,4],[18,19],[-12,50],[0,18],[-5,25],[4,19],[26,32],[11,-5],[22,-1],[31,-13],[24,-7],[29,-3],[12,7],[37,15],[31,-1],[4,-13],[18,-8],[-1,-34],[-7,-26],[-12,-9],[17,-13],[9,-9],[0,-8],[-13,-15],[-3,-22],[4,-15],[14,-17],[13,11],[14,20],[30,4],[21,-4],[10,2],[16,-7],[-9,-14],[11,-17],[14,10],[19,18],[16,1],[24,36],[12,-8],[20,15],[5,-3],[13,15],[17,27],[21,12],[30,-2],[18,-8],[10,0],[4,16],[-4,18],[-12,24],[17,14],[7,9],[15,31],[22,1],[6,22],[33,38],[7,19],[25,14],[6,6],[37,23],[9,1],[11,-25],[4,-4],[24,22],[29,-19],[16,-4],[12,1],[20,-14],[7,-32],[-1,-19],[4,-14],[2,-27],[-3,-27],[0,-41],[27,-7],[23,-2],[7,3],[2,10],[29,8],[20,-1],[9,3],[16,15],[14,17],[-5,10],[10,8],[-1,10],[-14,15],[-2,15],[12,28],[-16,23],[-11,40],[23,10],[25,18],[17,-1],[-2,12],[-22,-6],[-32,-23],[-9,-3],[-9,20],[-34,26],[-27,5],[12,24],[28,24],[19,27],[10,10],[11,2],[0,-12],[14,-1],[25,-6],[37,9],[36,-14],[14,1],[17,8],[8,-9],[11,-19],[-2,-8],[-9,-15],[2,-21],[5,-25],[5,-8],[-12,-21],[-5,-25],[-8,-28],[-12,-27],[-7,-23],[11,-12],[12,-3],[26,-22],[4,-14],[6,-1],[8,-21],[17,-11],[17,-6],[4,-14],[19,-39],[12,-33],[23,-19],[-3,-6],[21,-8],[48,-3],[9,-2],[2,-20],[9,-6],[41,-15],[16,-9],[22,-2],[23,3],[10,-2],[24,6],[44,18],[25,10],[31,-13],[20,49],[11,21],[24,31],[14,22],[-10,26],[-9,29],[2,33],[-4,17],[-12,17],[6,7],[24,3],[9,19],[28,38],[-3,18],[10,32],[25,15],[10,-13],[14,-10],[4,6],[20,-14],[11,-1],[28,3],[40,-7],[23,-1],[38,-10],[13,-9],[6,-14],[6,2],[46,7],[73,5],[12,11],[16,7],[4,-6],[23,18],[-6,10],[7,6],[8,-9],[10,9],[10,-12],[15,2],[-2,8],[40,-2],[14,-16],[25,25],[18,-1],[10,5],[16,-4],[12,5],[11,-4],[10,15],[31,20],[13,0],[23,9],[13,11],[25,8],[21,3],[27,-7],[12,-10],[22,-3],[16,-10],[14,-24],[14,-7],[17,-24],[18,-7],[12,-14],[41,-8],[10,-12],[16,13],[26,17],[17,5],[12,-8],[38,0],[46,9],[12,18],[22,11],[63,10],[36,25],[25,21],[19,-4],[-1,5],[22,1],[73,-20],[32,1],[5,-3],[22,6],[72,30],[21,2],[53,-4],[25,-4],[33,-9],[35,-4],[5,-3],[12,14],[12,16],[15,12],[-8,18],[-1,40],[-12,49],[-11,26],[-2,13],[-22,11],[-44,14],[-29,37],[-9,39],[-11,25],[-15,28],[-4,26],[3,33],[14,-7],[19,0],[26,-9],[35,-8],[1,8],[27,59],[13,27],[38,21],[15,-1],[25,32],[14,36],[12,25],[6,6],[26,14],[19,24],[10,5],[6,-7],[13,-2],[6,13],[11,3],[34,-6],[57,11],[15,-2],[33,-18],[16,-2],[16,4],[25,21],[18,5],[5,-29],[6,-6],[11,-27],[15,-9],[13,11],[17,-1],[55,-11],[24,12],[36,3],[28,0],[19,-10],[-4,-8],[27,-15],[14,-23],[-2,-16],[3,-18],[65,41],[37,-58],[15,-2],[7,5],[30,13],[45,30],[16,12],[35,14],[12,3],[31,13],[12,-4],[13,-14],[11,-18],[16,-19],[12,-18],[17,-12],[37,-43],[15,-4],[29,-9],[-13,-8],[2,-7],[29,-9],[12,0],[40,-13],[16,-10],[46,-10],[49,-4],[43,6],[25,2],[28,5],[26,3],[18,-1],[21,-7],[32,21],[9,3],[20,0],[16,-5],[17,-1],[16,14],[19,-31],[3,-16],[9,-5],[0,-15],[-5,-12],[2,-11],[0,-29],[16,-1],[8,-19],[36,-16],[38,-26],[12,-5],[8,-13],[-17,-21],[-14,-8],[-32,-11],[-23,3],[2,16],[-5,1],[-8,-23],[-12,0],[-7,-36],[-6,1],[-8,-26],[-12,-24],[0,-5],[-16,-45],[-12,1],[-5,-34],[11,-40],[31,12],[5,-17],[11,-13],[30,5],[14,-1],[47,-8],[15,-5],[0,-15],[16,-8],[18,3],[13,-2],[24,10],[4,7],[-15,28],[13,7],[10,-13],[2,-10],[12,2],[12,-10],[12,1],[5,-7],[46,0],[8,-4],[20,0],[46,8],[12,-12],[5,1],[14,-24],[16,-17],[37,-44],[13,-25],[6,-7],[9,-24],[30,-61],[-12,-9],[-6,-12],[-23,-14],[-9,-16],[-16,-14],[-6,-22],[-23,-21],[-34,-10],[-5,-16],[5,-27],[1,-23],[-1,-11],[-25,-5],[-16,7],[-9,11],[-16,-18],[-6,-12],[-11,-9],[-20,-8],[-7,-7],[0,-12],[-13,-12],[3,-29],[12,-30],[19,-27],[50,-32],[26,-25],[64,-45],[15,-12],[25,7],[-1,18],[9,19],[-14,13],[-2,6],[14,26],[9,19],[14,24],[13,17],[4,16],[15,14],[10,23],[-11,25],[34,20],[18,8],[22,2],[22,6],[36,7],[38,11],[27,-8],[32,-13],[8,-18],[-3,-16],[15,-12],[0,-22],[11,-24],[31,-35],[13,-31],[1,-9],[-3,-30],[4,-18],[8,-23],[8,-12],[11,-9],[9,-15],[18,-14],[24,-17],[12,-28],[7,-23],[-5,-38],[-1,-27],[-3,-11],[15,-14],[4,-25],[-3,-12],[-11,-14],[-3,-10],[14,-7],[14,0],[12,-4],[24,-12],[7,-10],[15,-13],[36,-8],[59,5],[4,-12],[6,-29],[10,-14],[21,-37],[16,-38],[6,-19],[-2,-38],[-20,-30],[7,-17],[-5,-46],[5,-7],[12,-2],[22,8],[17,-27],[-2,-49],[67,-14],[26,-7],[18,-10],[-4,-43],[11,-5],[2,-17],[55,-29],[-7,-6],[-18,3],[-11,-8],[2,-12],[19,-2],[-3,-18],[12,1],[4,-28],[-13,3],[-4,-22],[-7,-12],[-14,-10],[2,-10],[20,0],[-13,-24],[-7,-18],[-5,0],[-11,-12],[-12,-8],[-14,2],[1,-23],[-13,0],[-7,5],[-13,-1],[-9,-12],[-19,-7],[-27,-13],[-22,-15],[-12,-4],[-19,-16],[-28,-32],[-16,-10],[-67,-35],[-14,-3],[-43,-30],[-41,-11],[-26,-5],[-16,-13],[-19,-4],[-5,-7],[-23,-20],[40,-18],[0,-20],[-21,-6],[-1,-21],[2,-36],[-14,-1],[-5,-6],[11,-8],[27,3],[21,-13],[-1,-7],[-14,-24],[-9,-9],[-4,-20],[21,13],[34,11],[31,3],[47,10],[15,15],[-3,9],[7,14],[16,3],[11,-7],[11,-21],[2,-12],[24,1],[16,-3],[15,-6],[-3,-11],[3,-30],[0,-27],[7,-10],[0,-28],[12,-17],[6,-18],[9,-12],[-4,-16],[7,-2],[4,-8],[8,-40],[-25,-31],[-13,-13],[-13,-16],[-13,-23],[25,4],[7,10],[22,17],[21,-4],[14,5],[1,-23],[11,-23],[0,-17],[-6,-18],[-13,-16],[-15,-13],[-21,-27],[-1,-22],[2,-12],[10,-17],[5,-20],[-10,-19],[-11,-9],[-16,-9],[-11,-18],[-11,-3],[-3,-9],[-20,-18],[0,-22],[4,-18],[-5,-2],[7,-18],[14,-12],[11,-3],[8,-25],[84,-58],[4,-14],[-20,-15],[-7,-14],[4,-16],[16,8],[21,5],[15,0],[20,-8],[10,16],[9,7],[28,3],[39,-5],[19,8],[16,15],[17,27],[15,6],[10,-1],[-8,30],[9,33],[7,15],[20,-11],[2,12],[13,4],[6,13],[16,0],[1,27],[10,5],[9,-1],[10,-12],[34,22],[0,7],[15,16],[29,6],[20,-15],[11,-6],[-7,-17],[-4,-27],[2,-11],[11,-9],[-11,-12],[-12,-20],[-10,-10],[-3,-23],[1,-20],[13,4],[9,-2],[5,-12],[13,-1],[19,2],[29,10],[61,8],[19,0],[15,33],[22,-13],[13,-13],[-3,-9],[-13,-17],[-8,-18],[-23,-17],[-10,-9],[5,-15],[-2,-10],[-7,-9],[-6,-19],[-4,-28],[-3,-4],[-38,-24],[0,-16],[12,-2],[19,-15],[13,-16],[12,-23],[5,-20],[19,2],[29,-9],[14,-7],[12,-2],[19,8],[0,-13],[5,-18],[10,7],[-9,30],[9,4],[11,-27],[5,-18],[9,1],[21,11],[21,17],[-13,-26],[9,-11],[1,-15],[7,-2],[-10,-17],[6,-6],[12,5],[19,4],[4,-15],[-6,-9],[4,-8],[9,4],[6,-11],[17,10],[26,2],[15,-3],[17,12],[13,5],[9,-1],[8,5],[16,-7],[1,-11],[-5,-13],[0,-25],[38,-45],[20,3],[32,20],[6,-26],[7,12],[21,-11],[-1,-13],[8,-12],[19,-3],[12,9],[14,6],[-4,17],[13,0],[2,5],[13,3],[3,6],[19,-4],[18,0],[-1,13],[-16,15],[25,16],[2,6],[19,-1],[9,12],[2,19],[8,12],[8,0],[6,11],[11,27],[11,12],[9,4],[5,9],[16,11],[7,12],[4,27],[6,2],[10,17],[0,13],[11,16],[-6,19],[3,15],[7,16],[47,0],[18,3],[50,3],[6,-17],[-11,-22],[-15,-85],[-1,-23],[-14,-2],[3,-53],[5,-51],[-7,-19],[-1,-16],[9,-15],[39,-15],[39,0],[17,-4],[20,-20],[45,-34],[28,-1],[14,-7],[16,-4],[32,-13],[6,-5],[20,-24],[3,-17],[15,-24],[22,-21],[1,-8],[10,-6],[11,1],[7,-8],[24,-7],[9,-8],[-8,-33],[1,-7],[32,-20],[24,-28],[2,-17],[-5,-25],[14,-7],[14,11],[54,45],[10,6],[35,9],[21,-9],[-29,-48],[-60,-114],[-51,-101],[23,-18],[15,-22],[27,-29],[9,-20],[-1,-21],[13,-18],[1,-21],[6,-9],[9,-25],[0,-19],[24,-1],[26,20],[39,19],[16,10],[21,-10],[26,4],[18,10],[2,26],[-1,34],[-4,25],[12,9],[9,16],[9,8],[7,-1],[14,18],[60,29],[11,21],[22,24],[4,2],[-8,19],[11,6],[13,13],[4,-2],[26,13],[17,-1],[8,-5],[22,-7],[8,1],[12,12],[12,5],[-2,8],[12,7],[-6,8],[13,15],[14,10],[20,-2],[35,-13],[21,2],[12,-12],[26,-5],[13,-12],[-8,-11],[19,-24],[11,6],[8,-8],[-5,-12],[-11,-40],[-8,-22],[-8,-13],[8,-16],[15,15],[25,-17],[7,-3],[36,-24],[5,-5],[12,16],[1,9],[17,-1],[23,51],[9,0],[10,19],[-5,5],[7,16],[-2,6],[9,18],[10,-3],[10,9],[22,-15],[6,5],[-12,80],[-4,24],[14,18],[3,15],[-11,6],[22,43],[11,16],[3,10],[25,32],[-6,6],[19,16],[-2,12],[6,10],[16,19],[-3,6],[11,10],[6,10],[24,26],[14,10],[18,19],[21,7],[25,21],[17,18],[-1,13],[-9,6],[-28,-3],[-14,3],[6,12],[0,33],[13,17],[7,17],[5,3],[13,87],[4,18],[0,14],[7,37],[1,15],[8,-3],[5,10],[10,8],[10,-3],[39,17],[8,0],[14,15],[12,-14],[11,-6],[8,6],[35,-22],[9,-15],[11,-5],[16,-12],[5,3],[22,-7],[3,7],[30,-8],[26,6],[5,7],[23,2],[1,3],[22,8],[23,5],[23,-7],[17,12],[16,2],[31,13],[8,12],[5,25],[8,17],[20,9],[21,14],[14,16],[6,-1],[24,-10],[30,-20],[11,-10],[7,1],[47,-26],[14,-12],[12,0],[22,-6],[14,-22],[10,-3],[25,-1],[9,2],[15,-4],[24,-1],[30,-8],[21,2],[7,23],[14,19],[5,-6],[27,33],[10,17],[12,29],[14,17],[51,67],[22,23],[22,21],[9,6],[8,20],[8,6],[13,15],[6,15],[7,-2],[9,17],[7,7],[6,25],[24,-9],[5,-9],[32,-9],[12,-11],[23,-6],[7,-6],[-5,-11],[22,-14],[-6,-11],[1,-26],[3,-12],[-3,-24],[1,-20],[11,-12],[0,-18],[7,-1],[15,-15],[15,-23],[7,-23],[-6,-10],[0,-16],[3,-18],[14,-9],[-1,-15],[18,-34],[23,18],[4,14],[36,1],[19,-17],[20,-1],[34,0],[9,9],[20,3],[57,23],[16,4],[16,-1],[17,-10],[24,-2],[27,8],[28,-14],[33,18],[10,12],[33,29],[-1,22],[2,14],[9,-7],[17,9],[6,-7],[16,11],[7,1],[5,-14],[24,-21],[25,3],[4,13],[22,16],[10,16],[14,-13],[19,-24],[13,28],[23,-11],[14,46],[-3,2],[15,30],[0,21],[-9,21],[-5,25],[4,20],[-6,10],[8,8],[-6,14],[5,9],[-12,22],[-28,31],[1,10],[-26,10],[4,13],[8,5],[-1,15],[-14,17],[10,11],[13,2],[9,13],[-8,17],[-17,14],[4,6],[11,-4],[3,6],[15,0],[31,17],[13,4],[-5,8],[-44,46],[4,15],[2,25],[15,26],[9,7],[22,13],[19,14],[16,9],[24,8],[9,6],[16,18],[6,11],[-22,58],[-2,18],[19,39],[1,11],[-8,25],[-1,17],[9,23],[-10,37],[-13,15],[-23,10],[-44,6],[-13,-3],[-34,-14],[-33,3],[-27,9],[9,28],[1,24],[4,4],[-10,12],[-8,15],[-21,10],[1,12],[8,18],[-4,15],[1,15],[7,31],[2,52],[11,22],[6,25],[0,35],[4,9],[3,24],[-2,19],[0,32],[8,5],[4,10],[17,26],[9,22],[16,15],[-2,11],[3,14],[19,25],[14,8],[36,13],[26,-13],[9,-7],[15,-1],[12,3],[24,-3],[10,-5],[17,-4],[27,-2],[11,5],[1,-12],[7,-5],[6,8],[9,-10],[16,-10],[20,-8],[25,3],[11,-2],[6,6],[26,11],[7,1],[6,17],[8,11],[5,22],[3,25],[12,15],[29,8],[-4,13],[-37,-6],[8,17],[6,1],[-6,29],[-5,5],[3,11],[-5,6],[4,11],[15,10],[-4,7],[-6,22],[-13,-9],[-8,20],[13,18],[-8,19],[-1,30],[16,17],[21,20],[26,-7],[16,15],[9,18],[28,44],[16,-4],[11,-9],[3,-10],[12,-14],[30,12],[20,12],[39,-20],[28,-9],[13,-1],[45,6],[12,3],[8,-4],[19,1],[-3,-27],[-9,-23],[-1,-9],[-11,-8],[4,-23],[13,-2],[24,2],[20,5],[12,-1],[25,13],[17,-1],[22,3],[47,23],[6,12],[21,-1],[4,7],[18,7],[2,25],[-12,7],[-11,-5],[-6,-8],[4,-11],[-56,-23],[-1,13],[46,25],[-18,21],[16,3],[15,-12],[11,12],[-19,6],[-4,8],[-1,17],[-11,20],[-5,16],[11,13],[-11,13],[-11,20],[14,22],[5,12],[7,3],[23,44],[12,14],[1,8],[10,14],[25,19],[12,30],[13,1],[-5,18],[-6,10],[4,32],[15,11],[21,22],[14,23],[6,27],[16,16],[2,11],[-3,16],[4,10],[8,9],[13,7],[12,-7],[20,-16],[22,-3],[23,-9],[14,1],[13,-3],[4,-7],[17,-11],[24,-2],[33,6],[16,7],[3,-12],[8,-8],[10,7],[8,16],[12,9],[22,64],[6,15],[-9,27],[-19,12],[4,9],[-7,6],[11,15],[11,33],[-42,9],[1,35],[8,13],[29,8],[10,6],[21,19],[12,9],[16,7],[-9,34],[-6,10],[-14,6],[-3,14],[6,18],[9,16],[17,16],[17,25],[30,13],[28,9],[19,4],[20,-1],[24,5],[-3,33],[9,38],[0,24],[11,-1],[-3,33],[-7,2],[5,14],[1,15],[-3,15],[-14,20],[10,6],[10,27],[15,26],[45,33],[24,22],[8,-9],[21,26],[9,-4],[8,8],[28,-2],[5,8],[15,-3],[7,-5],[18,-39],[-4,-25],[63,-26],[-2,-20],[11,-5],[-2,-21],[-10,-10],[-13,-5],[-15,-25],[-3,-11],[-14,1],[-8,-11],[-9,-16],[-10,1],[-2,-16],[-6,0],[-1,-19],[-31,-28],[-20,-9],[-7,-1],[-3,-16],[3,-3],[-4,-17],[-23,-25],[-5,-17],[-6,-1],[2,-15],[-7,-17],[-20,-25],[13,-5],[25,-3],[11,-12],[9,8],[34,-6],[31,-1],[18,-9],[12,13],[10,-1],[20,17],[19,26],[15,18],[-2,10],[23,23],[20,8],[16,11],[8,49],[3,12],[2,29],[-2,8],[34,8],[16,-9],[16,8],[11,1],[14,-18],[23,21],[14,-17],[21,15],[6,-7],[16,10],[9,-14],[17,0],[19,-9],[20,18],[25,31],[2,6],[-16,15],[-4,11],[6,18],[10,16],[6,-3],[7,29],[11,20],[28,-15],[9,0],[-2,22],[22,35],[16,12],[14,33],[8,12],[-16,7],[-9,-7],[-29,28],[5,34],[14,-5],[6,2],[20,0],[1,47],[22,-3],[27,-9],[0,13],[-11,28],[5,25],[8,21],[32,24],[2,8],[25,22],[56,27],[43,18],[47,26],[32,20],[15,6],[25,21],[52,-30],[32,4],[83,17],[43,-14],[36,-11],[1,13],[7,4],[13,17],[9,19],[24,22],[13,-2],[16,4],[27,14],[21,12],[18,15],[13,-19],[2,-10],[-12,-5],[1,-9],[17,2],[15,-8],[14,-22],[30,-13],[20,-1],[7,-3],[9,-11],[7,-20],[19,-30],[15,-18],[13,-11],[0,-16],[-7,-25],[-14,-20],[-5,-27],[2,-21],[-4,-13],[8,-13],[30,-16],[14,3],[6,-29],[-22,-54],[7,-19],[15,-22],[9,-19],[16,-6],[6,-8],[-1,-10],[-8,-13],[4,-17],[-9,-4],[-17,3],[-42,-11],[-29,-18],[-4,-13],[0,-32],[12,-7],[19,-2],[8,-4],[1,21],[5,11],[7,2],[9,-15],[15,-16],[0,-62],[11,-15],[-2,-5],[19,-26],[8,3],[3,-14],[10,-9],[21,5],[19,-6],[16,9],[22,17],[6,15],[11,1],[11,-13],[21,-15],[9,6],[27,-5],[18,-11],[19,-8],[-1,-14],[-5,-9],[4,-22],[23,6],[12,-6],[39,-6],[-7,-34],[11,-15],[1,-25],[-11,-20],[-9,-26],[-4,-32],[36,-11],[26,-5],[11,8],[6,21],[12,10],[4,15],[43,-8],[85,-22],[4,7],[3,25],[-2,12],[19,14],[12,12],[51,-6],[83,73],[27,22],[58,42],[13,14],[50,10],[17,8],[48,2],[14,-4],[20,-14],[11,-2],[14,-17],[12,-2],[7,-11],[10,-7],[28,1],[10,-5],[29,-2],[21,2],[26,-14],[5,13],[17,20],[12,19],[11,8],[17,7],[11,10],[14,-6],[15,-9],[14,2],[24,-4],[19,16],[7,9],[26,11],[10,9],[18,5],[17,-13],[14,7],[4,29],[20,1],[2,9],[21,-6],[15,-9],[14,-3],[9,-5],[19,-3],[12,-10],[17,-2],[10,2],[22,-3],[2,7],[25,16],[13,-3],[-5,-13],[13,-31],[16,-12],[24,-1],[6,4],[26,-12],[17,-11],[3,-16],[1,-20],[10,-11],[3,-17],[-3,-21],[7,-15],[34,-1],[13,2],[17,-7],[27,4],[26,7],[25,-5],[16,5],[22,-9],[2,-28],[11,-33],[-3,-5],[33,-35],[4,-10],[-4,-7],[16,-20],[13,-8],[-3,-9],[12,-3],[9,-13],[-3,-29],[10,-17],[13,-12],[13,-6],[33,5],[9,-12],[-2,-8],[26,-13],[-11,-9],[16,-24],[-20,-6],[-17,-31],[1,-10],[-9,-7],[-5,-21],[16,-9],[11,-25],[1,-10],[9,-5],[6,-26],[12,-10],[10,-14],[32,-26],[15,-10],[10,-3],[18,1],[9,-3],[-2,-12],[5,-9],[-22,4],[-7,-4],[28,-57],[13,10],[8,2],[28,22],[30,16],[28,18],[22,18],[41,24],[46,13],[65,25],[11,3],[23,0],[70,12],[21,12],[20,-4],[21,9],[4,24],[-4,31],[10,11],[47,23],[-3,18],[1,21],[10,14],[38,74],[13,42],[11,24],[5,9],[34,31],[31,17],[24,6],[24,19],[22,8],[4,8],[14,5],[22,12],[4,9],[21,2],[6,-2],[45,15],[26,7],[16,-5],[6,-5],[0,-14],[23,-38],[6,-15],[21,-30],[11,-11],[1,-6],[15,-13],[13,-4],[11,-7],[35,-3],[6,-2],[14,-15],[3,-8],[-11,-25],[15,-16],[18,-29],[9,-5],[20,-4],[9,-7],[15,-5],[1,-10],[-14,-57],[-3,-20],[30,-54],[18,-18],[29,-16],[28,-6],[24,-26],[26,-9],[5,-4],[7,-15],[11,-8],[10,-13],[27,-7],[21,-13],[15,-15],[49,0],[17,-22],[11,0],[11,-6],[4,-13],[18,-6],[4,-9],[26,-21],[12,-1],[35,-14],[7,-9],[8,-1],[2,-19],[20,-11],[11,-20],[19,-10],[15,-12],[24,-7],[10,-12],[12,-3],[11,-14],[18,-3],[17,-8],[7,-12],[1,-13],[16,-10],[29,-4],[0,-19],[8,-19],[11,-1],[8,7],[14,-6],[13,-1],[10,-5],[5,-9],[18,-2],[23,-10],[10,-1],[9,6],[29,-6],[24,-12],[1,-25],[3,-15],[13,1],[2,-8],[24,-8],[20,-2],[15,-5],[30,-6],[20,5],[15,-17],[21,-42],[11,-6],[11,4],[4,-7],[-10,-5],[13,-19],[2,-18],[-6,-8],[-9,-36],[-11,-13],[0,-11],[28,-43],[48,-19],[3,-12],[24,-25],[12,-4],[17,-18],[21,-6],[-1,-16],[16,-8],[26,-5],[13,-12],[12,-16],[-1,-11],[19,-16],[2,10],[22,13],[3,4],[33,17],[11,10],[10,30],[21,22],[6,11],[20,4],[16,-11],[8,-12],[-17,-21],[-16,-19],[8,-20],[5,-43],[19,-21],[12,0],[4,-18],[17,-22],[-16,-26],[4,-26],[19,-39],[22,-23],[35,-14],[14,-24],[0,-10],[-9,-15],[10,-16],[-1,-16],[4,-9],[18,-7],[5,-11],[24,-15],[17,-6],[35,7],[31,-4],[26,-10],[20,-13],[23,-11],[7,-12],[23,-5],[21,0],[20,-5],[7,6],[28,5],[7,-1],[19,5],[20,-10],[17,-14],[14,-17],[23,-13],[16,-30],[6,-3],[28,-1],[15,3],[18,18],[38,1],[4,-3],[13,-28],[7,-21],[16,-12],[25,-4],[18,-7],[15,-32],[19,-14],[17,-2],[15,-12],[8,-18],[8,-7],[43,-19],[6,-19],[5,-8],[19,-6],[25,5],[17,0],[13,-6],[14,-18],[21,-11],[25,-7],[23,-12],[25,-2],[33,-17],[16,-12],[30,-7],[16,-10],[20,24],[14,-37],[10,-37],[15,-31],[8,-11],[16,-9],[11,-21],[13,-4],[13,-13],[6,-9],[25,-25],[17,-31],[-12,-2],[2,-25],[9,-14],[-20,-14],[-17,-43],[-17,-34],[-13,-34],[-3,-35],[-5,-10],[18,-7],[10,-7],[22,0],[-6,-44],[30,-6],[6,-22],[-12,-5],[2,-12],[13,-32],[-1,-11],[18,-10],[13,1],[6,-7],[17,-6],[12,-1],[-5,-19],[7,-6],[-24,-4],[-16,-6],[2,-17],[-11,-8],[-16,-1],[-1,-23],[-9,-9],[5,-16],[21,-15],[33,-10],[-17,-31],[-15,-11],[-4,-22],[-39,-17],[2,-9],[-4,-13],[0,-14],[13,-44],[18,-54],[-24,-10],[-33,5],[-5,-8],[-17,6],[-22,-1],[-38,13],[-1,-8],[-10,-7],[-5,-26],[1,-30],[10,-12],[2,-19],[-35,-9],[-7,-8],[1,-13],[11,-4],[13,-18],[-17,-12],[6,-21],[-12,-13],[15,-18],[14,-27],[-9,-11],[-8,-1],[-9,22],[-15,25],[-34,-16],[4,-8],[0,-22],[5,-23],[2,-22],[4,-8],[-3,-15],[-18,2],[7,-35],[5,-5],[3,-13],[-5,-21],[10,-23],[5,-28],[-9,-1],[2,-10],[13,-1],[6,-13],[-15,-9],[-17,-20],[5,-8],[18,-18],[20,9],[6,-12],[11,-5],[34,-29],[14,-23],[-9,-13],[-25,3],[-5,-9],[13,-15],[12,-3],[6,-12],[19,0],[11,3],[-1,22],[4,14],[22,5],[16,7],[24,3],[3,15],[11,11],[4,12],[9,13],[10,20],[10,-6],[34,5],[7,-6],[2,-18],[29,19],[10,-4],[7,-16],[9,0],[13,10],[3,-5],[16,10],[26,12],[12,2],[6,-17],[24,10],[6,-4],[-7,-11],[-4,-18],[3,-12],[9,1],[15,14],[3,12],[10,-2],[15,-9],[1,-8],[19,-8],[2,-14],[6,-11],[10,-5],[9,1],[10,-7],[1,-24],[7,-9],[-3,-22],[-12,-13],[11,-6],[8,-15],[13,-10],[0,-19],[6,-22],[8,-4],[13,-32],[2,-21],[7,-4],[10,3],[20,-7],[19,-23],[17,-9],[4,-6],[-3,-12],[5,-3],[3,-15],[10,-13],[5,-11],[1,-20],[-8,-59],[6,-17],[0,-24],[-17,-5],[7,-8],[20,-10],[3,-8],[23,-9],[19,-2],[4,-4],[13,0],[24,-28],[4,-12],[21,-5],[11,-5],[33,-26],[6,-8],[2,-13],[8,-2],[7,-11],[0,-17],[10,-12],[-8,-7],[2,-13],[14,-17],[-1,-28],[11,-17],[23,-15],[-8,-13],[-18,-41],[-11,-90],[-3,-13],[-11,-24],[-11,-21],[-27,-20]],[[83471,63241],[-15,9],[-10,-13],[-51,-43],[-23,-21],[-21,-13],[-51,-4],[-17,-3],[-17,-1],[-22,9],[-18,3],[-19,-8],[-18,-14],[-26,-18],[-24,-19],[-22,-10],[-23,-6],[-15,16],[-4,27],[-62,23],[-15,8],[-17,1],[-17,-5],[-22,1],[-21,10],[-33,25],[-9,-3],[-43,-7],[-2,17],[-16,0],[-23,13],[-12,11],[-10,-2],[-8,11],[-10,20],[-33,1],[-23,-8],[-88,-30],[-23,-10],[-1,-7],[-30,-18],[-34,-15],[-18,-10],[-15,-16],[-21,13],[-2,-9],[21,-12],[0,-9],[8,-15],[12,-34],[0,-60],[-15,-48],[9,-14],[4,-19],[28,-15],[5,-10],[-13,-20],[-3,-12],[6,-12],[59,8],[-4,-23],[10,-31],[-12,-8],[-9,-14],[-5,-34],[27,-5],[5,-18],[-21,-18],[-22,-29],[-39,-17],[-16,-2],[-25,4],[-21,11],[-52,-21],[-21,-1],[-10,-34],[-6,-26],[-11,-37],[-18,-19],[-41,-20],[-18,15],[-54,-13],[-35,-1],[-11,-6],[-1,-23],[2,-8],[6,-99],[2,-51],[-5,-42],[-17,-56],[-28,-3],[-40,-1],[-29,1],[-13,-2],[-11,-6],[-6,16],[-17,-13],[-27,-8],[24,-7],[4,-12],[-4,-20],[-8,-16],[-1,-21],[-35,-6],[-4,-8],[5,-14],[8,-6],[-4,-23],[3,-9],[16,-14],[-2,-13],[-10,-19],[-13,-12],[-33,-17],[-10,-8],[-21,-3],[-27,-1],[-11,-5],[4,-19],[-15,-8],[-34,-26],[-22,-22],[-12,-16],[4,-38],[5,-17],[-7,-18],[-4,-28],[-5,-18],[-14,-15],[-7,-20],[0,-26],[-2,-17],[1,-11],[25,-1],[27,9],[2,6],[40,24],[12,4],[0,10],[10,9],[11,0],[12,-8],[15,18],[12,1],[34,-9],[21,-7],[24,-4],[12,-16],[17,-8],[28,2],[3,-3],[46,28],[15,6],[14,-10],[30,3],[22,-1],[25,16],[33,5],[7,-7],[11,3],[17,-3],[15,4],[16,-2],[10,8],[11,2],[12,-10],[15,3],[26,12],[18,-6],[7,9],[11,3],[36,20],[12,4],[22,1],[47,-5],[14,3],[16,10],[38,27],[21,10],[13,24],[17,22],[8,-12],[17,15],[18,-3],[1,-13],[12,-11],[29,-4],[34,-8],[8,4],[24,2],[2,-52],[3,-13],[23,6],[34,3],[21,-13],[3,-6],[12,-1],[10,-9],[1,-25],[12,-24],[-2,-19],[8,-35],[-11,-7],[-4,-8],[-5,-23],[33,-2],[8,-2],[36,-28],[9,-5],[-18,-44],[-37,-15],[4,-9],[-14,-8],[5,-18],[23,-5],[-37,-40],[-40,-41],[-16,0],[-43,15],[-22,4],[-5,-6],[-16,-3],[0,-6],[-31,-7],[-67,-9],[-24,-6],[-19,-2],[-5,-43],[26,-2],[13,-26],[8,-30],[-3,-14],[-16,-42],[-16,-12],[-8,-54],[-15,-18],[-18,6],[-9,0],[-18,-20],[-10,-19],[-11,-12],[-13,-9],[-12,-1],[-23,10],[-20,0],[-29,-13],[-15,0],[-15,10],[-18,0],[-4,-7],[2,-22],[-7,-16],[-11,-7],[-8,1],[-27,13],[-40,-12],[-19,-1],[-17,8],[-27,1],[-31,-7],[-12,-10],[-20,-25],[-21,-15],[1,-19],[21,-26],[8,-14],[-2,-17],[22,-45],[11,-26],[14,-25],[0,-9],[-11,-21],[-2,-11],[11,-40],[-5,-26],[-10,-31],[-19,-22],[5,-41],[10,-13],[21,-17],[13,-23],[13,-16],[-5,-9],[-23,-10],[-23,-24],[-36,-15],[-2,-35],[-7,-20],[-6,-10],[-13,-9],[-41,0],[-14,-6],[-22,-17],[-5,-15],[3,-12],[-24,-38],[-18,-16],[-11,-2],[-22,-12],[-23,-9],[-6,4],[-16,-7],[-18,-34],[-39,-26],[-20,-23],[-17,-13],[-14,-6],[-12,-9],[-18,-25],[-18,-7],[-11,-9],[-15,-21],[-15,-6],[-14,-44],[-9,-17],[-15,-19],[-7,-18],[-4,-26],[5,-27],[-3,-5],[-14,-5],[-31,5],[-8,-11],[-6,-28],[-8,-11],[-17,-9],[-32,-20],[-25,-11],[-5,-5],[-26,-14],[-21,-15],[-16,-7],[-14,-12],[-2,-6],[18,-37],[29,-13],[8,0],[31,8],[20,-9],[13,-1],[0,-14],[-20,-27],[-26,-27],[-11,-27],[-10,-7],[-12,-1],[-19,-9],[-13,-3],[-11,-7],[-5,-20],[2,-13],[-17,-13],[-33,-20],[-14,-12],[-14,3],[-9,-11],[-12,-29],[-19,-15],[-13,-5],[-15,-16],[-15,-29],[-13,-8],[-34,2],[-13,-12],[-2,-27],[-7,-12],[-28,-13],[-20,-5],[-17,1],[-15,-14],[-18,-9],[-29,-12],[-34,-15],[-22,-5],[-12,-16],[-18,-10],[-14,3],[-36,-4],[-25,-11],[-24,-14],[-14,-12],[-11,-4],[-16,-19],[-17,-9],[-17,-27],[-19,-19],[-11,-3],[-16,4],[-13,-3],[-3,-17],[4,-23],[10,-23],[5,-6],[24,-33],[0,-27],[-8,-17],[-3,-24],[-22,-22],[-15,-5],[-17,-2],[-11,-6],[-26,-1],[-12,5],[-20,20],[-7,-1],[-10,-11],[-3,-8],[-10,-6],[-31,-2],[-18,-9],[-9,-12],[0,-8],[-11,-5],[-15,-16],[-10,-1],[-4,-11],[-28,-7],[-7,-13],[6,-7],[21,-5],[7,-10],[-2,-8],[-13,-15],[-2,-8],[9,-15],[-8,-8],[-9,0],[-7,-7],[-7,-21],[-13,-14],[-28,-8],[-17,0],[-9,-10],[-4,-13],[16,-20],[3,-13],[13,1],[22,-24],[0,-9],[6,-11],[10,-7],[22,4],[16,-13],[8,4],[17,-41],[7,-6],[34,-12],[17,-3],[-3,-9],[-52,-32],[-18,-32],[-21,-6],[-29,-37],[-34,-35],[-13,-2],[-38,4],[-23,-1],[-62,-24],[-21,-16],[-31,-17],[-67,-47],[-26,-35],[-11,-16],[-36,-79],[-8,-32],[-7,-20],[-39,-69],[-46,-48],[-15,-8],[-26,-10],[-35,-27],[-8,-3],[-22,-18],[-28,-2],[-7,-4],[-17,-4],[-13,4],[-19,-2],[-11,8],[-21,2],[-7,7],[-26,-2],[-21,-6],[-1,-4],[-22,-12],[-5,-5],[-17,-10],[-18,-16],[-32,-24],[-21,-7],[0,-5],[-28,-17],[-22,-5],[-42,-22],[-10,1],[-20,-5],[-34,-12],[-107,-45],[-18,-2],[-45,-10],[-11,-5],[-17,2],[-45,-15],[-24,-13],[-23,-18],[-20,-7],[-18,-11],[-57,86],[-15,-14],[-34,-36],[-24,-18],[-54,-59],[-41,-58],[-16,-30],[-20,-20],[-8,-20],[-21,-22],[-5,-10],[-8,-24],[-17,-17],[-17,-21],[-10,-7],[-2,-7],[-12,-10],[-14,-18],[-22,-20],[-37,-24],[-13,-10],[-9,-2],[-35,-19],[22,-72],[22,-21],[17,-21],[63,-99],[48,-73],[45,-107],[-5,-85],[-18,-222],[-8,-93],[-34,-55],[-80,-136],[-25,-89],[9,-84],[-67,-35],[26,-112],[88,-71],[35,-30],[37,-29],[-29,-67],[-17,-37],[4,-45],[-23,-10],[-71,-68],[-3,-36],[10,-4],[-8,-10],[-54,-51],[-39,-24],[-35,-13],[-55,-17],[-54,-15],[-17,9],[-7,-13],[-32,-12],[-46,-53],[1,-10],[11,-1],[7,-12],[6,-22],[-18,-40],[-37,-41],[-34,-7],[-29,8],[-25,-4],[-22,-16],[24,0],[2,-52],[-34,-9],[-11,-7],[-25,-2],[-8,8],[-20,-35],[-24,-15],[-11,-35],[-18,-4],[-56,-44],[-60,-24],[-36,-16],[-13,2],[-65,-39],[-126,-86],[-11,3],[-21,-15],[-45,-18],[-26,-7],[-20,-32],[-21,-19],[-46,-32],[-2,-25],[10,-3],[-1,-13],[-15,-4],[-5,-20],[-96,-92],[-73,-65],[-29,-34],[-15,-10],[-22,-22],[-13,-29],[-22,-35],[-25,-20],[-33,-12],[-16,-20],[5,-9],[-31,-12],[1,-10],[-38,-46],[-13,-6],[-10,13],[-31,-18],[8,-10],[-23,-35],[-10,-6],[5,-9],[-20,-20],[-19,-13],[-10,3],[-6,-12],[-20,-9],[-14,-24],[-27,-13],[-3,-12],[5,-8],[-6,-25],[-49,-33],[-19,-10],[-24,-15],[-28,-1],[-23,-23],[-10,-16],[-18,-22],[-39,-19],[-42,-42],[-15,-5],[-24,-22],[-25,-22],[-17,-18],[-23,-16],[-18,-26],[-14,-35],[-24,-23],[-22,-19],[-31,-36],[22,-22],[94,-97],[198,-200],[-32,-32],[-23,-29],[33,-26],[-67,-93],[-38,33],[-38,-46],[-76,-92],[-59,-81],[-18,-56],[-43,-102],[-32,-99],[-14,-33],[-77,-78],[-59,-65],[-28,-19],[2,-14],[6,-7],[-3,-36],[23,-24],[-17,-42],[29,-32],[39,-30],[14,-36],[-5,-32],[-76,-88],[-4,-40],[-23,-29],[-46,-93]],[[76217,52103],[-25,15],[-30,-21],[-13,-22],[-14,-32],[1,-9],[-9,-17],[-20,-31],[-21,-23],[-2,-14],[-15,-27],[-30,-32],[-3,-6],[-1,-17],[-8,-17],[-19,-14],[-3,-9],[-18,-14],[-8,-11],[0,-9],[-9,-5],[-10,-13],[-19,-9],[-9,0],[-16,-14],[-15,-17],[-7,-23],[-11,-19],[-13,-2],[-11,-10],[-22,-11],[-13,-12],[1,-8],[-29,-14],[-23,-16],[-31,-27],[-19,-11],[-6,-6],[-12,-3],[-13,5],[-8,-11],[-9,-3],[-8,-25],[0,-11],[-10,-21],[1,-13],[-7,-7],[-5,-22],[-11,-12],[-2,-8],[-17,-14],[-17,-31],[-2,-14],[-7,-7],[-8,2],[-13,-20],[-8,-8],[-12,-29],[2,-6],[-7,-22],[-15,-5],[-7,-21],[-11,-5],[-7,-17],[-5,-25],[-4,-11],[-13,-4],[-13,-21],[-5,-20],[-12,-20],[-7,-19],[1,-11],[-11,-9],[-8,-13],[4,-10],[-6,-9],[-6,-16],[-6,-6],[-1,-12],[-13,-2],[1,-8],[-10,-2],[-8,-15],[3,-16],[-20,9],[-19,1],[-2,9],[-64,33],[-17,-22],[-12,8],[-9,-19],[-10,-13],[-6,-2],[-6,-15],[20,-8],[-21,-59],[-11,-62],[-6,-9],[13,-4],[-2,-9],[-28,-54],[-4,-4],[-16,-35],[-8,5],[-47,19],[-8,-12],[-36,17],[-13,-17],[-6,-17],[-21,-42],[-17,-26],[-16,-19],[-13,-21],[-11,-14],[-6,-15],[-26,-25],[-6,5],[-14,-17],[-22,-16],[-6,23],[-19,31],[-15,12],[-19,-25],[-53,-76],[-15,2],[-8,5],[-25,2],[-5,8],[-9,-1],[-15,-6],[-85,-6],[-21,0],[-30,4],[-23,8],[-23,5],[-69,13],[-41,6],[-83,10],[-59,-1],[-19,3],[-5,5],[-25,4],[-18,9],[-16,-2],[-9,-6],[-11,1],[-18,-8],[-38,-4],[-7,2],[-14,-7],[-38,5],[-10,5],[-85,-36],[-23,-22],[-22,-5],[-39,37],[4,6],[1,32],[3,11],[-6,15],[-1,14],[-7,10],[-17,72],[-11,10],[8,20],[14,59],[4,6],[7,44],[-4,21],[0,23],[-4,28],[-10,14],[-14,73],[-8,3],[-23,2],[-14,7],[-40,-1],[-51,1],[-8,3],[-9,-10],[-27,7],[-25,8],[-8,41],[3,19],[-20,20],[-27,-1],[-13,4],[-9,10],[-8,16],[-21,23],[-20,10],[-11,-2],[-18,3],[-43,-12],[-21,-5],[-33,3],[-28,17],[0,14],[17,5],[21,38],[0,9],[4,26],[-1,20],[-5,21],[5,22],[-8,14],[-6,4],[-30,28],[-5,-9],[-4,-20],[-11,-18],[-2,-14],[-13,-14],[-10,-27],[-18,-25],[-12,-14],[-12,-9],[-35,-7],[-49,-3],[-16,-5],[-13,-10],[-15,-23],[-4,-12],[-1,-42],[-2,-6],[-13,-20],[-17,-39],[9,-23],[-4,-10],[-27,-20],[-5,-11],[-4,-21],[-13,-45],[-20,-47],[-29,-25],[-19,-14],[-15,-3],[-15,2],[-42,16],[-15,0],[-14,-15],[-49,13],[-13,0],[-6,-5],[-17,-42],[-7,-33],[-18,-33],[-19,-22],[-19,-13],[-22,-22],[-18,-22],[-11,-25],[-27,-32],[-26,-12],[-26,-7],[-30,-4],[-33,-11],[-12,-15],[-24,-7],[-23,2],[-12,-2],[-26,8],[-6,-9],[-9,2],[-1,19],[-15,4],[-9,7],[-6,14],[7,17],[-16,7],[-8,-23],[-12,-6],[-51,-2],[-28,1],[-24,-11],[-7,4],[-36,-19],[-29,-14],[-5,9],[-6,23],[-17,3],[-1,7],[-10,6],[7,22],[-16,7],[-6,-8],[-28,7],[0,27],[-31,2],[-2,11],[9,45],[8,27],[-1,24],[4,15],[-4,14],[-2,30],[14,-9],[11,-4],[15,25],[8,0],[9,38],[5,24],[15,43],[3,13],[-1,27],[17,27],[7,17],[0,21],[8,31],[-25,12],[-18,5],[-6,18],[-2,31],[-6,15],[-12,3],[-5,-11],[-16,0],[-17,9],[-9,-11],[-9,-35],[1,-19],[-21,9],[-66,8],[-9,-19],[-14,0],[-7,-8],[-14,-3],[-12,24],[-4,15],[-6,43],[-6,28],[-8,26],[-8,40],[-9,19],[-12,9],[-17,42],[-3,20],[18,4],[-13,29],[-8,10],[-8,18],[-13,-12],[-5,3],[-29,-13],[3,-6],[-4,-19],[2,-7],[-3,-38],[1,-27],[-9,-8],[2,-35],[-4,-16],[-9,-50],[-1,-41],[-2,-12],[3,-19],[-1,-17],[-5,-16],[-13,-35],[-4,-27],[-37,11],[-2,3],[-4,62],[5,53],[0,31],[-6,46],[3,37],[-18,0],[9,40],[-7,24],[-7,7],[-10,-1],[-27,7],[-17,2],[-15,8],[-7,7],[-18,4],[-3,16],[-16,5],[-4,5],[-13,2],[-16,13],[-21,45],[-7,-2],[-12,17],[18,92],[7,29],[-15,9],[-5,-3],[-12,14],[-20,6],[1,23],[-8,3],[-40,3],[-1,9],[5,12],[31,38],[8,1],[9,8],[15,25],[21,19],[15,19],[-11,0],[-31,6],[-1,24],[-5,17],[-13,-2],[-1,11],[-14,10],[-21,3],[-4,32],[-9,4],[-13,-15],[-7,2],[-32,17],[-11,3],[-5,8],[8,17],[4,17],[-15,12],[-28,13],[-20,2],[-16,13],[-3,10],[-15,0],[-13,-7],[-13,-27],[-4,-12],[-20,5],[-7,6],[5,15],[-4,13],[-11,19],[-4,-10],[-9,-6],[-9,3],[-15,13],[-16,8],[-6,11],[-22,20],[-19,25],[-32,7],[-73,25],[-3,5],[1,28],[26,11],[11,-13],[21,-9],[14,7],[12,10],[-25,5],[0,14],[7,20],[-14,12],[13,16],[4,16],[15,-5],[9,1],[7,15],[15,-1],[1,11],[14,0],[7,10],[8,1],[17,-4],[13,13],[-14,15],[-14,2],[-6,4],[-11,21],[0,20],[-4,9],[1,21],[-11,24],[-7,8],[-5,22],[2,29],[-6,8],[-15,-5],[-5,11],[-9,-8],[-18,-8],[-10,5],[0,9],[-28,1],[-18,10],[-13,5],[-21,14],[-9,3],[-18,-3],[-10,-8],[-1,-8],[-12,-17],[-10,1],[-6,-10],[-13,10],[-4,8],[-13,-4],[-43,20],[-3,10],[-18,2],[-33,13],[-45,-14],[-14,7],[-8,47],[-6,8],[-18,3],[-23,18],[-2,11],[-8,3],[-34,18],[-26,-20],[-8,-2],[-2,-13],[-12,5],[-9,24],[-11,23],[-13,16],[-7,13],[-5,2],[-21,29],[-26,4],[-8,-10],[-19,4],[-12,-1],[3,37],[-3,13],[6,13],[-18,1],[-2,18],[-4,12],[-20,14],[7,8],[3,11],[21,11],[-5,12],[3,6],[-5,11],[-11,5],[-7,-2],[-18,14],[-14,1],[-3,12],[5,22],[6,3],[10,-4],[9,9],[3,18],[-2,6],[-17,-2],[-11,7],[-12,16],[-1,17],[-7,19],[1,14],[-7,1],[-3,15],[-11,-2],[1,12],[-8,8],[13,8],[14,14],[3,8],[-7,16],[-7,6],[-13,-8],[-32,7],[-8,10],[-14,-3],[-14,4],[-20,-6],[-1,6],[-27,3],[-11,7],[-24,10],[-18,10],[-7,15],[-7,-2],[-5,15],[-2,16],[-22,16],[-7,12],[-11,-15],[8,-23],[-2,-15],[7,-14],[-15,-29],[0,-29],[10,-24],[-4,-16],[-13,8],[-16,14],[-10,2],[-13,13],[-15,9],[-33,1],[-13,2],[-22,-9],[-14,4],[-9,9],[-9,2],[-20,13],[-4,-10],[-18,7],[-5,-3],[-3,-41],[7,-16],[8,0],[-15,-22],[-23,0],[-6,9],[-9,-21],[-6,-5],[-46,-16],[-19,-10],[-17,-12],[-9,-33],[-38,-12],[-11,2],[-6,9],[-29,23],[-12,8],[-8,11],[-11,26],[-5,4],[-9,-5],[-7,-13],[-11,-8],[-6,-15],[-24,0],[-7,-19],[4,-10],[-8,-10],[-21,-16],[-53,-16],[2,-28],[-35,5],[1,-7],[-14,-3],[-7,4],[-21,-3],[-21,-1],[-1,-10],[-24,-1],[-14,-8],[-31,14],[-4,15],[-15,-2],[-2,9],[-17,13],[1,9],[-13,8],[-13,-1],[-14,14],[-22,4],[-31,2],[-28,-3],[-5,23],[-12,20],[-10,8],[-13,-3],[-17,16],[2,7],[-16,4],[-26,14],[-15,27],[-2,28],[-17,13],[2,16],[11,11],[-6,16],[-24,-13],[-16,0],[-17,16],[-12,5],[-25,-4],[-34,7],[-22,16],[-24,13],[-13,4],[-24,-3],[-25,-1],[-35,-6],[-33,-9],[-22,-15],[9,-13],[28,-15],[16,-6],[7,-10],[-3,-17],[-9,-10],[-19,1],[-11,8],[-11,19],[-9,4],[-18,-6],[-11,-18],[-31,-17],[-7,-12],[3,-17],[-6,-14],[-11,3],[-11,9],[-11,26],[-18,9],[-3,5],[3,15],[1,22],[-4,14],[2,11],[7,2],[31,-7],[17,0],[15,16],[-13,17],[-8,5],[-15,0],[-15,-5],[-14,2],[-14,7],[-5,8],[-1,16],[7,13],[1,9],[-12,4],[-5,-7],[-5,-24],[3,-15],[14,-23],[-4,-10],[-11,-2],[-15,18],[-16,7],[-20,-25],[-9,-16],[-7,-28],[-9,-38],[-14,-36],[0,-11],[-11,-24],[-15,-20],[-27,-24],[-11,-14],[-15,-26],[-7,-36],[-1,-14],[2,-53],[10,-55],[-2,-51],[-1,-18],[-9,-43],[-14,-34],[-29,-33],[-32,-27],[-32,-34],[-15,-20],[-13,-22],[-17,-46],[-5,-31],[4,-3],[-3,-63],[0,-68],[-7,-1],[-15,-120],[-1,-19],[9,-62],[-1,-9],[-7,-19],[-32,-51],[-13,-35],[-13,-26],[-26,-42],[-8,-24],[-17,-33],[-69,-107],[-24,-42],[-22,-52],[-11,-38],[-12,-26],[-5,-22],[0,-12],[4,-37],[4,-17],[5,-46],[-2,-26],[1,-25],[6,-39],[-3,-38],[-4,-28],[-14,-36],[-40,-76],[-31,-67],[-19,-60],[-21,-34],[-16,-37],[-3,-17],[-4,-56],[-12,-55],[-8,-32],[-10,-61],[-5,-19],[-8,-19],[-30,-45],[-48,-52],[-11,-20],[-1,-13],[-1,-56],[3,-45],[-6,-46],[-8,-34],[-10,-50],[-17,-25],[-30,-51],[-21,-56],[-9,-26],[-10,-20],[-10,-46],[-5,-32],[-3,-50],[8,-40],[-6,-21],[-33,-49],[-45,-62],[-8,-12],[-3,-14],[4,-47],[-2,-50],[2,-19],[-27,0],[-7,3],[-13,-10],[-22,-10],[-17,17],[-7,-6],[-14,-4],[-24,3],[-6,-17],[-2,-18],[-10,-8],[-20,9],[-25,-5],[-11,10],[0,8],[-13,11],[-7,2],[-52,2],[-10,8],[-28,8],[3,8],[-27,5],[-4,-5],[-15,11],[-5,10],[11,12],[6,14],[-24,3],[5,12],[-16,2],[5,45],[-11,1],[-13,17],[-1,24],[3,13],[-12,1],[6,24],[-1,12],[5,17],[-7,17],[9,6],[22,31],[-5,5],[12,34],[8,-5],[47,-14],[1,14],[9,41],[-18,14],[-13,2],[-15,7],[4,35],[11,15],[-22,2],[-32,11],[-2,8],[-17,6],[5,19],[6,8],[2,19],[-11,13],[-11,3],[13,20],[30,-13],[25,-6],[22,-11],[15,26],[-1,13],[12,10],[4,9],[-10,19],[-24,13],[-19,23],[-10,20],[-22,23],[-18,-14],[-3,4],[3,14],[5,9],[-11,12],[-5,10],[-9,-10],[-7,-3],[-18,15],[-12,16],[-14,8],[-8,0],[-33,33],[-13,-11],[-16,10],[2,13],[-20,7],[-9,-19],[-22,-21],[-3,-7],[-18,7],[-16,3],[4,31],[-6,14],[5,6],[-16,7],[-18,-16],[-4,15],[-10,11],[-10,28],[-7,0],[0,15],[5,14],[0,11],[11,20],[-11,34],[16,-13],[16,-7],[18,-3],[9,8],[2,29],[24,23],[17,1],[17,-20],[11,-16],[11,-6],[23,29],[1,9],[24,-15],[6,59],[-3,10],[8,8],[5,12],[-12,15],[-7,17],[2,20],[-20,-5],[-6,17],[0,14],[-17,8],[-12,21],[3,5],[-13,22],[-22,6],[-13,56],[-1,31],[4,9],[-21,-1],[-37,10],[-11,6],[-9,16],[-7,7],[-4,11],[-9,2],[-15,-14],[-4,-10],[0,-22],[13,-14],[-31,-6],[-10,-11],[0,-9],[-18,-2],[-14,-11],[-7,2],[-15,-18],[-5,2],[-24,29],[-5,11],[3,9],[-14,14],[-14,9],[-1,7],[-15,12],[-19,-3],[-11,-11],[-17,-10],[-17,-1],[-10,-6],[-15,3],[-16,-1],[-16,-12],[-2,-22],[3,-19],[8,-20],[0,-13],[-7,-11],[4,-17],[-63,-20],[-24,-39],[-31,-21],[-17,-2],[4,-15],[12,-8],[9,-10],[6,-14],[-3,-15],[9,-29],[2,-33],[-6,-12],[-2,-15],[-6,-4],[-11,-23],[-23,13],[-13,11],[-9,-1],[-18,-9],[-12,4],[-25,5],[-28,12],[-28,-3],[-18,8],[-11,-6],[-33,6],[-6,10],[-18,-2],[5,10],[-3,8],[-38,25],[-33,23],[-5,25],[4,8],[1,25],[-4,24],[7,21],[-8,24],[1,9],[-7,16],[-11,13],[3,12],[-7,6],[-32,4],[-26,9],[-23,-14],[1,-11],[-7,-13],[-11,3],[-9,-14],[-6,-17],[1,-14],[6,-18],[-23,4],[-14,-9],[4,-10],[-4,-27],[-13,-20],[-4,-20],[7,-25],[0,-11],[-42,-30],[-19,-12],[-35,-5],[-74,13],[-22,-13],[-17,7],[-11,-20],[-12,-7],[-12,3],[-15,-2],[-12,5],[-14,-4],[-3,-5],[-11,23],[-10,13],[-4,11],[3,20],[-4,9],[-39,40],[-17,27],[-22,70],[-15,0],[-14,-9],[-4,-6],[-22,-20],[-31,-4],[-9,8],[-15,3],[-10,6],[-14,21],[-10,33],[-19,9],[-12,12],[-6,12],[-22,26],[-10,-10],[-28,7],[-32,-5],[-1,-10],[-48,-13],[-10,-8],[-6,8],[-7,18],[2,25],[-33,30],[-9,4],[-20,2],[-13,12],[-10,-51],[-5,-15],[-16,-14],[-60,12],[-19,-7],[-34,8],[2,-18],[8,-19],[-17,-18],[-10,-37],[-7,2],[-13,-15],[-11,-23],[-12,-8],[3,-12],[1,-34],[6,-9],[-2,-14],[-14,-12],[2,-16],[1,-38],[-5,-10],[7,-20],[-23,-20],[-12,-26],[6,-17],[-24,-28],[23,-68],[-31,-37],[-14,-4],[-4,-14],[8,-23],[13,-3],[9,-13],[-1,-17],[19,-51],[-21,-10],[-18,-16],[0,-27],[-2,-32],[-4,-13],[6,-6],[6,-33],[-5,-19],[12,-14],[6,-25],[-4,-12],[3,-24],[-17,-6],[-8,2],[-23,-10],[-20,5],[-22,-4],[-8,-6],[-10,-16],[-3,-10],[5,-12],[-3,-20],[1,-9],[-14,-3],[-10,-6],[-19,-23],[-16,3],[-14,-19],[2,-13],[-5,-8],[-2,-22],[4,-10],[16,-11],[23,3],[15,-15],[6,-16],[-5,-9],[23,-33],[-17,-14],[-6,-12],[-21,15],[-10,1],[-1,-11],[-16,-21],[-1,-6],[-18,-4],[-5,8],[-9,-5],[-9,10],[-22,6],[-6,23],[-5,7],[-19,7],[-11,-3],[-12,5],[-11,-7],[-19,-7],[-8,-10],[-18,-12],[2,-9],[-9,-7],[-5,-14],[-20,11],[-21,8],[-25,22],[0,-13],[4,-16],[-13,-15],[-21,-20],[-7,-18],[-8,3],[-3,-12],[-7,-17],[-15,-8],[-5,-10],[-3,-21],[-10,4],[-19,3],[-11,9],[-11,22],[-14,3],[-8,-6],[-9,4],[-10,-9],[-21,-6],[-10,4],[-5,-9],[-8,-3],[-21,2],[-8,-7],[-14,-17],[9,-12],[0,-8],[-9,-14],[-4,-30],[-5,-14],[-2,-19],[-16,-17],[-7,-12],[-20,-18],[-13,2],[0,6],[-13,3],[-11,-11],[-31,9],[-11,6],[-19,-3],[-45,0],[-20,1],[-27,6],[-22,2],[1,58],[3,10],[-12,13],[-1,12],[29,-2],[10,10],[14,19],[4,30],[10,2],[9,9],[26,16],[-1,9],[-19,28],[-6,12],[-16,24],[5,12],[-5,10],[-13,12],[-1,17],[-4,7],[-17,-3],[-2,-13],[-12,6],[-13,12],[-23,0],[-5,5],[-13,0],[-8,-20],[1,-18],[-11,-7],[-17,-1],[-3,-8],[-1,-21],[-18,-3],[0,-9],[-13,-8],[-21,0],[-12,-14],[-4,3],[-11,-8],[-11,26],[-3,16],[-17,20],[-6,14],[-19,15],[-15,19],[-45,66],[-17,-5],[-26,-10],[-25,-6],[-21,-25],[-15,-10],[-20,-5],[-11,-5],[-18,9],[-4,-15],[-8,-4],[-4,-15],[11,-18],[0,-23],[-3,-12],[5,-5],[2,-12],[8,0],[3,-11],[-2,-10],[7,-4],[5,-17],[-9,-5],[-74,-12],[-33,-3],[-15,1],[-20,-3],[-23,3],[-19,8],[-40,9],[-19,1],[-41,9],[-35,6],[-20,7],[-27,2],[-7,12],[8,22],[-30,16],[-8,2],[-19,12],[-7,14],[-14,17],[-11,7],[-17,24],[-11,4],[-6,11],[-24,8],[-12,25],[-15,16],[-12,9],[-15,19],[-20,-9],[-24,-16],[-15,-20],[-3,-14],[-26,0],[-18,-4],[-20,-10],[-32,-8],[-35,-2],[-21,-16],[-12,-21],[-12,-5],[-19,10],[-6,14],[-13,5],[-25,-8],[-10,-8],[-4,-15],[-8,-6],[-17,-23],[-16,-17],[-26,-20],[-19,-10],[-10,-13],[-14,-7],[1,-8],[-19,-6],[-30,-14],[-17,-15],[-6,-8],[-3,-21],[-7,-7],[-13,3],[-28,13],[-9,10],[-17,7],[-8,0],[-83,-15],[-24,-4],[-13,7],[-50,20],[-22,-41],[-29,23],[-7,10],[-7,20],[0,23],[-4,9],[-24,8],[-6,29],[4,11],[-8,10],[-1,30],[-22,4],[-14,4],[-12,24],[0,7],[15,11],[-4,36],[0,40],[3,15],[-2,9],[-1,22],[-39,3],[-12,-2],[-4,-11],[-49,28],[-3,-6],[-23,5],[-61,12],[-12,6],[-10,-4],[-46,5],[-20,-3],[-15,-11],[-19,-3],[-23,-6],[-18,-9],[-18,-3],[-1,7],[-11,6],[-12,11],[-6,17],[-9,6],[-27,8],[-46,26],[-17,-9],[-48,40],[-12,7],[11,10],[13,15],[1,27],[4,25],[6,12],[16,10],[6,17],[-4,15],[-2,33],[-8,24],[7,19],[-1,14],[-4,12],[7,21],[7,15],[25,-19],[18,-9],[20,44],[-10,10],[3,11],[-1,14],[6,13],[15,9],[-30,43],[2,11],[9,11],[9,16],[6,20],[-5,35],[-14,-2],[-4,25],[10,8],[-4,20],[3,6],[-9,12],[-3,25],[1,11],[-5,16],[-11,14],[-9,22],[-19,-3],[-13,13],[-28,30],[-6,36],[-8,14],[16,23],[7,6],[25,0],[7,11],[-11,14],[-3,22],[20,5],[13,5],[37,8],[34,22],[21,4],[27,-3],[14,0],[12,-4],[52,-2],[26,7],[16,11],[40,16],[16,14],[14,28],[2,21],[5,25],[2,29],[4,18],[-5,35],[-13,26],[-7,28],[10,3],[28,-13],[30,-10],[22,-3],[34,14],[11,2],[24,15],[4,-7],[15,3],[5,-9],[16,4],[-1,-10],[18,-8],[22,0],[22,-7],[9,-12],[14,-27],[17,3],[-4,28],[-9,25],[1,13],[8,0],[4,11],[11,-5],[16,0],[24,11],[7,8],[21,13],[22,23],[-20,8],[-39,-3],[-11,-4],[-36,-6],[-16,6],[-13,21],[3,44],[6,26],[-1,14],[6,18],[11,23],[5,24],[-11,24],[-2,43],[4,29],[5,9],[-1,10],[6,34],[-5,22],[7,41],[13,48],[-3,24],[-14,33],[-5,8],[-28,24],[-8,24],[-9,54],[-7,29],[-7,17],[2,23],[-11,19],[-4,30],[-4,19],[7,19],[10,8],[11,14],[13,3],[29,35],[8,19],[1,9],[-5,22],[-20,43],[-6,7],[-1,30],[17,21],[46,20],[13,15],[5,11],[0,12],[-3,14],[-7,7],[-29,17],[-8,19],[-7,26],[1,10],[8,14],[35,21],[10,1],[21,-6],[9,-1],[22,13],[14,26],[-4,10],[-17,23],[-25,25],[-9,18],[-2,11],[4,22],[15,28],[10,23],[0,12],[-4,20],[-8,13],[-4,15],[-11,13],[-16,16],[-25,16],[-18,14],[-32,17],[-12,12],[-28,15],[-8,15],[0,27],[-16,11],[-15,1],[-31,-12],[-21,-6],[-31,-3],[-26,-9],[-18,4],[-11,12],[-2,30],[15,30],[14,18],[9,28],[3,18],[-18,12],[-38,8],[-67,-13],[-27,-3],[-24,3],[-32,11],[-17,11],[-33,25],[-12,4],[-18,-4],[-43,-6],[-13,-7],[-29,-25],[-15,-15],[-8,-12],[-12,-29],[-3,-27],[-8,-26],[-15,-7],[-23,1],[-10,5],[-29,22],[-39,26],[-13,6],[-42,7],[-25,10],[-13,8],[-26,23],[-9,14],[-5,25],[1,49],[10,46],[8,22],[8,26],[1,26],[-5,13],[-22,21],[-14,6],[-20,-1],[-40,-25],[-19,-2],[-18,4],[-21,17],[-7,17],[-1,11],[6,17],[35,38],[5,14],[-13,31],[-20,30],[-26,15],[-23,-4],[-30,-20],[-31,-13],[-15,-9],[-37,-21],[-15,-12],[-12,-18],[-15,-17],[-13,-8],[-17,-5],[-14,0],[-23,6],[-9,10],[-11,22],[-17,29],[-19,19],[-23,3],[-44,-2],[-17,2],[-8,8],[-13,18],[-5,23],[3,22],[-2,13],[-36,26],[-25,6],[-13,-5],[-7,-9],[-35,-8],[-30,-11],[-11,0],[-37,7],[-14,5],[-20,14],[-15,5],[-19,28],[-35,43],[-10,26],[-3,30],[9,14],[2,10],[10,12],[23,18],[15,23],[16,71],[-3,33],[-11,44],[-4,33],[-2,36],[-6,26],[-8,44],[-10,22],[-18,61],[5,19],[17,23],[3,18],[-16,28],[-15,10],[-15,2],[-44,-3],[-31,4],[-15,8],[-23,27],[-9,19],[2,28],[15,27],[27,25],[25,41],[4,12],[5,27],[-11,18],[-30,25],[-20,15],[-22,23],[-12,3],[-12,21],[-4,15],[-2,24],[-3,11],[-15,31],[-15,45],[-22,26],[-2,40],[-3,25],[-13,34],[-18,20],[-17,15],[-23,16],[-57,30],[-14,10],[-33,13],[-13,7],[-16,21],[-1,19],[8,23],[20,31],[0,16],[-15,16],[-18,7],[-60,4],[-13,6],[-14,24],[-8,56],[-1,22],[-5,17],[-11,21],[-3,20],[2,31],[-10,16],[-20,3],[-28,-1],[-28,8],[-8,10],[0,9],[5,123],[-2,24],[-11,39],[-8,19],[-23,28],[-8,11],[-21,16],[-17,23],[-12,23],[-5,19],[4,16],[6,9],[19,18],[13,18],[5,20],[-1,16],[-7,13],[-16,19],[-20,13],[-15,4],[-15,-3],[-83,-22],[-31,-5],[-27,30],[-6,31],[6,49],[-20,-1],[-9,11],[-8,-2],[-21,-11],[-6,-5],[-2,-12],[-8,-10],[-1,-29],[-13,-17],[-1,-7],[-13,-11],[-24,-6],[-25,-28],[5,-16],[18,-8],[35,-23],[6,-10],[-11,-13],[5,-12],[4,-24],[44,-58],[25,-33],[11,-20],[10,-5],[-5,-9],[4,-28],[-4,-6],[-60,-36],[-38,-31],[-39,-23],[-5,8],[7,16],[7,44],[-12,14],[-9,1],[-15,-19],[-11,-4],[6,-19],[12,-29],[-25,-2],[-12,-6],[-61,12],[-6,21],[-10,18],[-21,12],[-31,-1],[-14,12],[-3,-15],[2,-25],[18,-29],[-3,-9],[2,-18],[-4,-11],[-3,-19],[-8,-12],[-3,-11],[4,-19],[40,-87],[28,-65],[20,-26],[-26,-25],[-30,-25],[-8,-5],[-16,-21],[-9,-25],[-7,-8],[-20,5],[-5,8],[-9,-6],[-7,9],[-8,1],[-13,40],[2,15],[-7,14],[-11,1],[-2,6],[-15,5],[-6,10],[-12,3],[-20,-22],[-21,-9],[-21,-2],[-49,-23],[18,-20],[-22,-11],[-16,-5],[16,-27],[-24,-23],[-30,-17],[-12,-9],[-12,-21],[-41,-54],[-6,-10],[-14,-13],[0,-10],[-24,-8],[-22,-5],[5,-9],[5,-35],[-11,-41],[-11,-1],[-18,-15],[-31,29],[-16,3],[-9,-5],[-63,-9],[-36,-4],[-14,-6],[-11,6],[-23,62],[-17,10],[-15,13],[-35,13],[34,17],[9,50],[-10,3],[-10,9],[0,13],[21,20],[20,3],[16,11],[5,14],[-5,7],[-14,32],[19,8],[-9,20],[14,4],[-2,9],[-10,14],[-3,54],[-19,-1],[-12,4],[-2,20],[-15,9],[-32,2],[-55,1],[-2,9],[-15,40],[-11,13],[-5,12],[8,20],[12,16],[-4,16],[5,16],[9,16],[0,17],[11,19],[-28,-1],[-6,-4],[-28,5],[-2,4],[-21,5],[0,5],[-23,-5],[6,-8],[-7,-19],[-6,-2],[-25,8],[-24,-1],[-18,6],[-14,1],[-57,29],[-32,-1],[-29,3],[-23,-14],[-29,-9],[-11,-1],[1,-27],[-1,-33],[-6,-19],[-18,-53],[-17,-16],[-18,-21],[-8,-18],[-16,-26],[-8,-20],[-46,-2],[-9,-8],[-20,-9],[-37,-29],[-18,-5],[-25,8],[-51,0],[-31,22],[-25,4],[-43,0],[-17,6],[-32,6],[-11,26],[-4,15],[3,20],[-13,20],[-16,18],[-9,25],[-23,27],[0,28],[-9,-2],[0,23],[-6,81],[-18,1],[-13,-7],[-11,-10],[-15,-6],[-28,-4],[-15,0],[-29,19],[-28,9],[-54,0],[-14,-13],[-17,-24],[-19,-34],[-18,-20],[-19,-12],[-24,-6],[-17,-13],[-17,-3],[-10,-6],[-6,-9],[-16,-15],[-19,-10],[-22,-18],[-23,-13],[-39,-12],[3,-24],[-4,-15],[-8,-7],[4,-17],[-38,-31],[-8,-10],[8,-11],[-15,-4],[-19,-1],[-5,-17],[-33,-15],[-31,2],[-7,-4],[-11,-26],[-14,4],[-29,5],[-19,14],[-34,15],[-18,16],[-22,15],[-19,11],[-18,21],[-32,8],[-20,1],[-35,19],[-29,35],[-5,14],[-22,25],[-22,30],[-6,16],[-33,56],[-19,26],[-28,25],[-35,53],[-8,14],[-7,25],[-14,26],[-21,24],[-47,22],[-22,5],[-25,2],[-27,7],[-30,12],[-33,19],[-29,10],[-29,2],[-39,17],[-14,1],[-12,6],[-42,35],[-24,15],[-18,16],[-38,19],[-18,18],[-36,49],[-43,45],[-22,17],[-20,32],[-15,37],[-17,26],[-24,49],[-11,42],[4,53],[0,30],[-6,43],[-12,24],[-6,17],[-6,6],[-2,16]],[[40398,70332],[-27,-15],[-50,-27],[-33,-17],[-30,-7],[-33,-34],[-15,-10],[-21,-7],[-23,-19],[-23,-13],[-18,-3],[-14,25],[-14,3],[-9,12],[-19,2],[-16,9],[-17,3],[-42,43],[-6,-1],[-16,36],[-5,36],[-9,5],[-6,14],[-8,6],[-7,23],[-12,-2],[-10,-11],[-13,-5],[-9,-9],[-11,18],[-3,36],[4,4],[-10,17],[-15,30],[-7,26],[-10,18],[-2,20],[-17,0],[-11,4],[-1,16],[-13,14],[-8,-6],[-26,14],[11,22],[-7,11],[11,5],[-14,22],[-17,11],[-3,22],[-12,6],[5,21],[-6,15],[-12,6],[-16,23],[-2,17],[-19,19],[-18,7],[-8,0],[-18,16],[6,11],[-11,11],[3,14],[10,7],[6,12],[-9,10],[2,11],[-21,8],[-14,2],[8,43],[6,6],[-7,12],[-29,3],[-36,-6],[-18,9],[-5,12],[-19,16],[-6,12],[-13,16],[-19,-5],[-17,12],[-27,15],[-24,10],[-20,-6],[-21,-14],[-29,-10],[-8,1],[-10,-6],[-1,-10],[-9,-14],[-27,-10],[-3,-17],[-7,-10],[3,-11],[-8,-12],[3,-26],[14,-12],[-6,-24],[17,-41],[12,-26],[1,-18],[9,-29],[-33,-4],[-12,-4],[3,12],[-15,1],[-11,6],[-4,12],[18,21],[-3,5],[1,15],[-28,15],[0,15],[-7,7],[-10,2],[-35,-16],[-12,-10],[-9,1],[-13,-7],[-14,-2],[-26,26],[-47,1],[-7,5],[-15,-3],[-8,4],[-10,-9],[-20,4],[-19,-1],[-21,6],[-15,0],[-6,-6],[-39,-2],[-9,6],[-21,-3],[-28,10],[-9,-7],[-21,7],[-23,1],[-9,13],[-13,-1],[-10,7],[-30,0],[-2,10],[-13,10],[-18,9],[-19,-11],[-15,-3],[-31,0],[-9,6],[9,25],[7,37],[1,12],[-9,26],[-5,-1],[-7,20],[-10,12],[-9,22],[-5,-1],[-11,8],[-16,5],[-10,-1],[-14,4],[-26,0],[-17,7],[-9,8],[-1,16],[-27,-16],[-6,18],[10,10],[-4,5],[-14,-6],[-6,14],[-11,18],[-18,16],[-11,-5],[-9,11],[5,23],[-3,7],[-13,9],[-28,30],[-15,-4],[-10,23],[3,14],[15,28],[14,15],[30,41],[7,2],[19,-2],[10,16],[-15,19],[-9,8],[-4,10],[-18,22],[-26,22],[-7,13],[-11,4],[-10,10],[-17,39],[-20,-21],[-28,-48],[-18,-45],[-25,9],[-22,11],[-19,23],[-7,4],[-4,11],[-21,18],[-18,-7],[-28,3],[-11,-3],[-13,13],[-21,-10],[-8,3],[-28,-4],[-28,-5],[-4,-4],[-23,10],[-7,10],[-49,2],[1,19],[-16,11],[-5,10],[-4,45],[-8,11],[-3,20],[-8,-2],[-16,13],[-6,12],[-13,12],[-23,9],[0,-6],[-18,-4],[-14,-9],[11,-14],[-3,-18],[-13,0],[-12,-6],[-6,-9],[-16,-11],[-13,11],[-19,25],[-2,6],[-15,2],[0,14],[-20,-1],[-9,14],[0,14],[-10,-5],[-2,9],[-11,20],[8,8],[-10,6],[-28,38],[-12,10],[-15,25],[-9,53],[-7,27],[1,15],[24,-1],[8,15],[0,25],[12,0],[7,7],[1,13],[-6,26],[-5,11],[-20,1],[-9,57],[2,28],[5,13],[-10,3],[-10,40],[-6,0],[6,29],[3,47],[-7,25],[1,41],[-9,0],[1,30],[-19,12],[7,13],[-12,1],[-9,13],[2,12],[14,33],[-2,13],[-7,4],[-3,18],[0,25],[5,17],[-8,18],[1,10],[-10,31],[0,37],[-8,26],[12,20],[11,-3],[9,10],[7,1],[26,28],[3,13],[-6,9],[7,15],[-4,6],[2,16],[9,32],[-15,5],[-12,9],[-2,10],[-9,11],[-10,26],[-6,2],[-9,17],[-1,9],[-15,8],[1,19],[-5,8],[-18,5],[-3,6],[7,34],[-16,18],[-4,25],[-10,6],[10,18],[-6,14],[-9,28],[-16,13],[-10,-3],[-7,12],[3,15],[-7,5],[-8,16],[-13,2],[-13,17],[-15,-8],[-21,1],[-10,-4],[-7,7],[-16,6],[-6,9],[-23,10],[-20,18],[18,19],[-3,5],[-19,5],[-12,12],[-7,-4],[-19,12],[3,5],[-12,8],[-8,22],[-36,11],[-6,-5],[-12,-1],[-12,-9],[-7,16],[-23,2],[-6,-9],[-11,-3],[-8,7],[2,16],[-10,0],[-11,14],[-14,-5],[-6,22],[-13,21],[-2,11],[-10,3],[-7,-5],[-17,2],[-26,-17],[-8,3],[-17,-5],[-32,29],[-22,3],[-16,-8],[-5,-10],[-12,-7],[-8,2],[-14,12],[-3,20],[-11,10],[-2,7],[-10,-1],[-28,6],[-14,-19],[-7,-5],[-2,-21],[4,-6],[-17,-27],[-16,3],[-12,-13],[-10,-1],[-10,-10],[-24,-11],[-13,4],[-22,-3],[-13,5],[0,13],[-6,2],[-26,-11],[-22,-18],[-17,-7],[-18,1],[-38,9],[-17,-2],[-18,6],[-10,-10],[-21,6],[-27,-29],[-12,0],[-24,-9],[6,-12],[-20,-13],[-22,-8],[0,-10],[-37,-27],[-22,-10],[-23,7],[-16,9],[-5,12],[-12,6],[-7,-3],[-25,6],[-25,-2],[-10,-6],[-2,-12],[-14,-19],[-2,-28],[9,-28],[-2,-16],[3,-12],[16,-20],[0,-14],[-13,-7],[-21,0],[-16,3],[-24,11],[-30,21],[-7,8],[-9,20],[-8,9],[-16,10],[-5,-5],[-13,7],[-20,-1],[-17,-14],[5,-32],[5,-7],[11,2],[7,-3],[-6,-16],[10,-20],[13,-12],[20,-4],[19,-29],[15,-5],[1,-18],[-7,-15],[-10,-13],[-10,-5],[-11,-12],[-14,-5],[-23,-1],[-11,3],[-36,-7],[-18,6],[-29,-4],[-22,-15],[-15,-7],[-22,-4],[-19,16],[-15,6],[-18,-3],[-40,-39],[-23,-35],[-12,-26],[10,-8],[16,-21],[1,-6],[-14,-27],[-9,-11],[-2,-11],[-14,-31],[3,-6],[-16,-15],[-20,-32],[-9,5],[-22,2],[-1,-4],[-32,0],[-29,6],[-15,1],[-3,-10],[-22,-14],[-12,-1],[-16,-6],[-4,5],[-25,-7],[-9,11],[-4,-9],[-15,-20],[-14,-13],[-12,-17],[-6,-24],[-25,-48],[-14,-15],[-16,-23],[-8,-7],[11,-18],[18,-5],[8,-30],[9,-15],[12,-24],[1,-19],[-9,-12],[-22,-6],[-28,2],[-2,5],[-40,10],[-6,4],[-21,-7],[-17,2],[-9,-3],[-44,-1],[-13,-2],[-13,3],[-10,-1],[-8,7],[-34,-10],[-10,4],[-12,11],[-15,-3],[-9,6],[-2,17],[-19,16],[-4,7],[-3,37],[-4,8],[-8,5],[-10,-7],[-7,-15],[-22,2],[-2,11],[4,9],[1,25],[-4,4],[-2,27],[-31,14],[-27,-17],[-9,-10],[-12,0],[-8,12],[-6,0],[0,-15],[-7,-10],[-35,1],[-17,8],[-19,-21],[-2,-13],[2,-11],[0,-27],[9,-11],[-4,-10],[-10,5],[-19,-7],[-16,10],[-18,2],[-31,-1],[-4,-12],[3,-15],[-4,-25],[-7,-6],[-18,6],[-11,-2],[-4,-14],[-12,-5],[-30,3],[-8,7],[-16,-4],[-2,-13],[14,-25],[-1,-8],[-12,3],[-13,14],[-10,14],[-1,10],[8,27],[-9,14],[-13,11],[-5,30],[1,10],[13,1],[14,7],[9,35],[0,8],[-13,7],[-4,12],[-9,5],[-3,35],[5,10],[6,39],[-4,20],[4,15],[-14,7],[-4,6],[22,21],[3,10],[12,18],[-5,5],[-4,17],[1,10],[-17,23],[-12,23],[29,20],[6,22],[-8,13],[-11,10],[-1,9],[-12,6],[1,25],[15,-4],[1,19],[16,51],[1,17],[5,21],[-5,14],[10,7],[7,11],[-7,10],[7,11],[-1,10],[5,9],[1,13],[-15,13],[3,7],[-1,15],[-11,9],[-28,8],[-8,8],[-27,10],[-15,8],[-21,4],[-24,9],[-11,-9],[-4,-12],[0,-13],[7,-19],[-8,-27],[-20,-5],[-26,-2],[-18,5],[-9,-5],[-10,4],[-25,0],[-31,-18],[-47,-1],[-40,-8],[-38,11],[-38,1],[-5,-6],[-46,12],[-40,18],[-16,4],[-32,14],[-10,9],[-11,1],[-16,9],[-23,17],[-16,22],[-6,21],[0,28],[-4,18],[7,18],[2,24],[-2,15],[12,19],[-2,15],[-19,12],[-12,15],[10,7],[6,25],[7,9],[-8,7],[-9,27],[-25,30],[0,24],[-5,32],[0,37],[-20,8],[-26,25],[-39,44],[-15,-17],[-11,5],[10,11],[-2,24],[3,11],[-5,15],[1,10],[-8,13],[33,24],[10,12],[-9,6],[2,7],[14,6],[23,23],[20,6],[26,21],[38,-22],[25,18],[9,43],[-12,4],[2,10],[8,0],[3,19],[-17,14],[-24,13],[-23,6],[-7,6],[-23,8],[-13,11],[-12,3],[-9,16],[-20,12],[-28,9],[-8,9],[-10,20],[-4,13],[-22,3],[-15,-3],[-9,3],[-7,21],[5,12],[-36,20],[-28,22],[-6,9],[-12,29],[-10,21],[-22,20],[-10,13],[-32,13],[-14,17],[-18,34],[-29,-12],[-9,-12],[-23,-40],[-22,26],[-8,-3],[-39,16],[-18,-5],[-8,4],[-22,1],[0,5],[-33,32],[-24,26],[-9,-10],[-15,-6],[-3,-20],[-15,-8],[4,-17],[8,-14],[6,-26],[-33,-33],[-17,-11],[-9,-2],[-18,-15],[-5,-11],[-29,-29],[33,-21],[23,-12],[8,-1],[47,-23],[27,-41],[7,-22],[-10,-6],[-11,-12],[-5,-14],[-10,-13],[-4,-13],[-11,-20],[-5,-2],[-10,-19],[-14,-6],[-55,8],[-15,-41],[-10,-10],[-19,-7],[-12,-10],[-11,-15],[-18,-9],[6,-7],[33,-5],[-4,-22],[8,-11],[-9,-12],[-17,-32],[-3,-21],[-25,1],[-15,-3],[-22,-9],[-13,3],[-18,-3],[-4,19],[2,17],[-5,16],[4,40],[6,10],[-5,16],[-18,16],[-5,-23],[-19,-16],[-13,-4],[-18,5],[-42,16],[-17,8],[-23,6],[-4,-1],[-22,20],[-15,8],[-22,7],[-17,12],[-22,-20],[-13,-19],[3,-3],[-5,-17],[-17,-11],[-10,-16],[-1,-11],[-14,-11],[-7,-13],[-14,-9],[-10,-10],[10,-40],[-7,-26],[0,-11],[-10,-12],[-10,-6],[-15,6],[-32,0],[-11,7],[-25,-9],[-16,-29],[-5,-18],[-13,-3],[3,-31],[17,-5],[25,-34],[-8,-22],[-10,-6],[-6,-20],[-5,-4],[-19,-2],[-8,2],[-22,14],[-19,16],[-8,12],[-24,0],[-8,9],[3,40],[13,2],[4,10],[-27,13],[-11,10],[-41,3],[-11,6],[-18,3],[-5,-5],[-28,20],[-10,-1],[-13,14],[-1,8],[-16,3],[1,13],[7,35],[-2,14],[7,17],[-27,16],[-15,3],[-12,-2],[6,-17],[-21,-5],[-14,-10],[-9,-2],[-6,-8],[-13,-7],[-11,0],[-14,9],[-13,0],[-6,6],[-12,0],[-4,9],[-14,-6],[-38,-5],[-12,7],[8,9],[0,11],[-9,-1],[-13,6],[-10,10],[-21,4],[5,12],[-14,12],[-17,-2],[-16,-19],[-31,16],[-13,19],[-19,2],[-17,-23],[-11,-3],[-10,3],[-22,-12],[-10,1],[-21,9],[-10,7],[-15,-6],[-12,2],[-20,-9],[-8,-19],[16,-17],[-24,-11],[2,-15],[-15,-6],[1,-19],[-3,-7],[-13,-7],[-7,9],[-10,-17],[-17,13],[0,-8],[-15,2],[-10,20],[-24,-2],[-1,-27],[-8,-1],[-13,6],[-11,-1],[-24,17],[-21,7],[-6,9],[1,11],[8,7],[-2,7],[-29,-9],[-6,-7],[-12,6],[-3,16],[-11,2],[-8,8],[-20,-19],[-6,-28],[-8,-8],[-15,4],[-4,-10],[12,-33],[-6,-18],[-27,-9],[-5,-21],[-23,10],[-11,-3],[-13,6],[1,-12],[-17,-2],[-4,-11],[-11,-2],[-15,-23],[-19,-12],[-1,-15],[-9,-27],[0,-22],[-5,-4],[-24,-4],[-26,-17],[-16,-14],[-4,-18],[1,-21],[-2,-27],[-8,-7],[-25,-6],[-14,-6],[-19,1],[-11,9],[-10,28],[-10,13],[-7,-1],[-9,-17],[-4,-23],[-12,-13],[-10,-23],[-9,-9],[-12,4],[-15,13],[-7,4],[-19,0],[-41,14],[-37,-6],[-12,-7],[-3,15],[-12,4],[-12,-9],[-17,-18],[-20,-28],[-19,-20],[-19,-8],[-16,-13],[-30,-41],[-5,-5],[-34,0],[-29,-16],[-17,-14],[-32,-20],[-5,-6],[-23,-10],[-40,-41],[-26,-15],[-35,-30],[-16,3],[-2,13],[-6,16],[-7,9],[11,16],[2,68],[-1,14],[2,21],[-8,27],[-9,20],[-4,17],[-21,35],[3,8],[16,19],[7,13],[2,16],[-8,18],[-20,6],[-14,-7],[-8,11],[20,16],[-2,14],[-14,38],[-23,18],[-20,7],[1,-31],[-11,-10],[-13,4],[-16,23],[-16,-10],[9,-10],[2,-26],[-9,-2],[-8,-17],[-20,-4],[-33,-12],[-1,-25],[12,-19],[12,-21],[-28,-5],[-32,-20],[-8,-4],[-19,5],[-23,-5],[-9,-9],[-15,0],[-10,11],[-5,22],[2,4],[26,22],[1,10],[-6,10],[-9,0],[-23,8],[-18,-9],[-12,-15],[-11,-29],[-15,-13],[-11,-1],[-12,6],[-34,7],[-3,11],[-15,18],[-6,2],[-21,-14],[-15,10],[-3,-19],[-11,-23],[-6,-19],[-10,-1],[-11,-18],[-2,-15],[8,-25],[17,-13],[30,-2],[9,-5],[18,-22],[-6,-8],[3,-10],[30,1],[6,-8],[17,-7],[19,4],[5,-19],[-3,-10],[2,-15],[-3,-12],[-9,-8],[-28,-14],[-11,-1],[-17,-6],[-20,-15],[-20,7],[-11,-1],[-24,3],[-3,-11],[-19,-10],[-8,0],[-8,-13],[-10,-3],[-17,5],[-11,-5],[-6,-7],[-2,-24],[-30,-16],[-12,3],[-15,-5],[-20,-11],[-18,4],[-20,-2],[-3,28],[-12,17],[-31,21],[-18,-1],[-9,31],[-30,3],[-2,14],[4,19],[13,25],[-2,25],[2,14],[-7,6],[-2,12],[2,17],[5,5],[3,16],[-3,10],[0,37],[-10,-5],[-8,11],[-9,-1],[-20,-20],[-14,18],[-12,-8],[-13,1],[-10,7],[-24,4],[-14,-10],[7,-18],[-17,-7],[5,-26],[-3,-11],[-20,-9],[-21,-6],[-13,1],[-12,-5],[-28,-24],[-9,9],[-2,8],[-13,19],[10,9],[-1,14],[-6,5],[-4,13],[3,12],[11,6],[-8,35],[-21,13],[6,12],[14,7],[5,14],[-13,15],[-8,3],[-22,22],[-9,-9],[-11,-2],[-17,10],[-5,8],[6,23],[-18,3],[-10,-5],[-15,10],[8,14],[-4,16],[5,9],[-2,8],[-17,-5],[-24,6],[1,13],[-9,14],[-10,53],[1,17],[-7,4],[-4,14],[-18,7],[-13,19],[6,9],[-8,6],[-9,-2],[-8,-18],[-9,-1],[-36,24],[-21,5],[-4,8],[-11,2],[-28,-19],[-5,2],[-8,-11],[-19,-5],[-14,1],[-1,9],[-17,9],[-11,-7],[-14,-2],[-18,2],[-14,-9],[-6,-8],[-17,0],[-39,-10],[-11,-23],[-15,4],[-14,23],[-8,7],[-37,-17],[-8,-1],[-22,6],[-10,27],[-20,3],[-31,7],[-29,28],[-7,14],[5,35],[9,8],[5,13],[-13,14],[0,13],[-10,10],[-23,-2],[-32,11],[-11,7],[-16,1],[-15,-2],[-27,1],[-12,-1],[-17,-8],[-22,17],[-19,11],[-21,4],[-16,-15],[-2,-6],[-15,-11],[-12,-5],[-8,-8],[-8,-18],[14,-42],[2,-18],[-2,-17],[-14,-11],[-2,-13],[-13,-13],[-10,11],[-22,-2],[-3,-11],[4,-11],[2,-29],[-12,-16],[-28,-13],[-11,6],[-30,-7],[-19,4],[-5,6],[-25,-1],[-12,-6],[-30,-9],[-12,-11],[-7,-15],[-27,-8],[-9,2],[-5,10],[-17,2],[-5,12],[-31,19],[-13,0],[-15,-14],[-8,10],[6,6],[-2,12],[-5,8],[-18,-2],[-6,13],[4,10],[-15,14],[-15,-9],[-9,12],[2,7],[-14,0],[-2,6],[-22,13],[-25,-1],[-3,12],[-12,22],[0,7],[-20,6],[-8,-5],[-24,6],[-15,12],[0,9],[-8,18],[-22,-11],[-14,8],[-6,14],[0,8],[-5,12],[-11,9],[-14,1],[-16,4],[-8,-13],[2,-13],[9,-12],[-3,-5],[-13,-4],[-18,7],[-18,-8],[-6,-11]],[[27692,73552],[-8,-1],[-14,-7],[-6,6],[-13,1],[-25,15],[-10,10],[-17,-2],[-14,2],[-12,-4],[-12,3],[-12,-6],[-19,7],[-16,2],[-10,15],[-9,5],[-13,-3],[-20,1],[-13,10],[-11,16],[-16,6],[-12,9],[-10,2],[-14,10],[-7,22],[-8,13],[-31,-3],[-12,-6],[-25,-1],[-18,4],[1,7],[-25,4],[-17,-20],[-22,-19],[-4,2],[-16,-7],[-7,2],[-13,-4],[-14,0],[-19,14],[-29,1],[-11,6],[-15,35],[-12,11],[-15,1],[-8,35],[-23,25],[-10,1],[-14,9],[-16,-2],[-7,-7],[-24,2],[-17,-6],[-12,0],[-12,-17],[-19,3],[-6,7],[-13,-5],[-7,3],[-7,-6],[-15,4],[-1,9],[-9,4],[-10,14],[-19,0],[-4,4],[2,12],[-3,22],[3,7],[-9,6],[-13,21],[-11,27],[-21,12],[-2,-12],[6,-11],[-1,-11],[-13,-1],[-37,6],[-20,-15],[-4,-10],[-20,6],[-12,9],[-19,-4],[-3,-5],[-14,-1],[-14,3],[-14,-2],[-15,7],[-11,-1],[-25,-5],[-22,23],[-28,3],[-4,10],[-16,5],[2,20],[-20,1],[-16,-5],[-16,-8],[-16,-14],[-27,-10],[-15,-19],[-50,-44],[-1,-7],[11,-10],[16,-28],[-8,-30],[0,-28],[-8,-16],[-19,-23],[-9,-32],[-16,-11],[2,-19],[-8,-25],[0,-12],[-5,-10],[-12,-11],[-25,3],[-11,12],[-10,-3],[-4,-12],[0,-15],[-16,2],[-5,-6],[-17,-6],[-11,-13],[-6,-17],[-10,-11],[-5,-17],[-15,-14],[-17,-1],[-17,2],[-26,-9],[-21,1],[-8,-10],[-23,-13],[-4,0],[-21,25],[-4,17],[-9,-7],[-20,-8],[-5,3],[-11,-10],[-9,-19],[2,-10],[9,-14],[-5,-11],[-21,-1],[8,-23],[11,-43],[-11,-1],[-10,16],[-2,13],[-34,23],[-16,-2],[-12,-11],[-7,-16],[-13,-12],[-2,-14],[-6,-7],[-4,-16],[-16,-5],[-8,-14],[7,-26],[7,-20],[9,-13],[8,-25],[1,-7],[-11,-11],[-11,-5],[-16,3],[-16,-23],[-5,-14],[-15,-3],[-9,-9],[-19,7],[-6,6],[-20,-14],[-14,-6],[-9,-31],[-5,-10],[-14,-10],[-12,-13],[-17,-8],[-13,0],[-4,-9],[-14,-4],[-2,-12],[-8,-8],[-9,9],[-13,0],[-9,7],[-22,5],[-17,19],[-8,3],[-8,11],[-6,2],[-12,-6],[-12,15],[-6,1],[-10,-14],[-15,0],[-14,5],[-20,-5],[-6,-9],[-16,6],[-6,-2],[-22,13],[-9,12],[-28,-15],[-1,-11],[-16,0],[-29,14],[-12,0],[-9,5],[-7,26],[-8,10],[-10,4],[-20,15],[0,7],[-13,16],[-16,12],[-6,10],[9,11],[33,50],[-8,4],[-32,24],[-5,9],[-2,21],[-7,5],[-15,0],[-23,15],[-9,21],[-32,1],[-20,-24],[-14,-6],[-21,11],[-2,7],[-16,16],[-8,4],[-17,-13],[-33,-20],[-19,7],[-22,13],[-18,-4],[-7,22],[1,9],[-7,16],[-39,-21],[-6,29],[10,8],[-7,16],[5,17],[-10,9],[-5,12],[-12,22],[-5,23],[-8,16],[-1,35],[-18,33],[-12,9],[-7,21],[-6,1],[-1,13],[-17,1],[-9,10],[0,8],[11,14],[-2,11],[-11,-3],[-6,8],[0,9],[-5,24],[-10,-1],[-17,9],[-2,14],[10,18],[-23,12],[-8,22],[-15,-10],[-2,16],[7,17],[-14,6],[-1,14],[15,28],[-4,8],[-22,8],[3,12],[-19,21],[-24,6],[-23,16],[3,19],[-13,7],[-11,-6],[-12,45],[7,13],[1,15],[20,7],[6,11],[8,3],[14,15],[-7,7],[-11,17],[-2,12],[15,17],[19,1],[0,13],[-17,2],[-3,20],[7,3],[12,-6],[14,-16],[5,10],[19,22],[-17,25],[-9,18],[-19,11],[-8,10],[-11,21],[0,16],[7,5],[-4,18],[-13,7],[-12,15],[-20,0],[-20,-10],[-19,-4],[-19,4],[-8,73],[47,121],[-7,9],[-58,17],[5,20],[14,28],[-73,32],[1,1],[-74,52],[-3,0],[3,54],[-17,43],[-19,24]],[[24286,74755],[192,51],[19,-3],[87,-18],[55,-21],[21,-90],[30,-7],[4,25],[4,13],[20,39],[6,22],[1,11],[-5,18],[-9,16],[-19,23],[-14,24],[8,6],[11,1],[6,-6],[-2,-12],[-9,-3],[1,-9],[24,-30],[9,-21],[0,-16],[-3,-16],[-26,-58],[-2,-11],[52,3],[54,10],[37,-41],[-5,15],[16,17],[25,10],[24,-6],[8,-18],[24,5],[2,4],[29,14],[46,16],[71,39],[9,-11],[-5,-5],[12,-15],[16,2],[11,10],[18,29],[41,33],[24,14],[26,25],[19,15],[24,27],[-13,10],[-11,14],[-2,9],[11,2],[6,18],[10,6],[17,-11],[5,-6],[6,-25],[25,7],[22,-4],[4,19],[35,16],[9,-1],[25,6],[39,-23],[9,16],[11,11],[20,6],[20,-4],[31,-36],[16,-3],[27,20],[23,2],[42,-17],[6,-3],[3,-27],[15,-31],[8,-6],[32,-3],[28,-14],[7,10],[-28,22],[-7,22],[-11,22],[-5,16],[-14,53],[-11,2],[-17,-7],[-31,-1],[-12,5],[-5,14],[-13,20],[-18,12],[-36,3],[-17,-3],[-20,-10],[-8,-1],[-22,10],[-31,36],[-11,37],[11,50],[8,14],[23,28],[34,29],[18,29],[5,28],[19,43],[4,2],[12,29],[20,10],[11,9],[13,32],[-8,21],[-6,8],[-11,-3],[-6,-9],[18,-14],[3,-21],[-24,1],[-11,-6],[-22,-27],[-18,-10],[-11,-17],[-16,-16],[-30,-15],[-21,-10],[-8,-8],[-4,-11],[-17,-11],[-21,-4],[-19,-12],[-27,-11],[-19,-5],[-25,-4],[-24,-14],[-13,-27],[-18,8],[-13,2],[-20,-5],[-8,-7],[-19,-29],[-6,-32],[-15,-47],[-17,4],[-24,-9],[-6,2],[-5,25],[-1,30],[3,33],[-5,26],[-8,28],[-11,16],[-20,11],[-37,24],[-21,2],[-17,0],[-8,15],[-25,37],[-27,24],[-14,2],[-25,19],[1,7],[-20,2],[-29,21],[-34,-4],[-35,-19],[-7,-5],[-21,13],[-12,14],[-10,26],[-15,29],[-12,14],[-10,29],[-10,2],[-2,-9],[-16,18],[-7,15],[-8,28],[-3,20],[-1,56],[-9,47],[-7,16],[-9,39],[-9,26],[-11,13],[-19,10],[-7,16],[-4,20],[-16,32],[-15,11],[-22,5],[-20,-2],[-10,4],[-11,-1],[-13,8],[-33,8],[-19,-3],[-10,-4],[-17,9],[-16,19],[-19,8],[-11,1],[-18,17],[-9,15],[-8,20],[-8,9],[-12,3],[-11,14],[-4,21],[-9,21],[-5,22],[2,8],[-9,17],[2,17],[-3,15],[8,16],[7,33],[1,13],[9,71],[5,62],[1,54],[0,37],[2,24],[-2,51],[-3,51],[1,51],[9,-9],[11,16],[-7,8],[-4,14],[-2,22],[-14,14],[-8,4],[0,37],[-7,68],[-7,39],[-9,21],[-20,25],[-28,6],[-1,19],[-13,25],[-8,7],[-21,2],[-12,-6],[0,17],[-22,20],[-8,-3],[-27,11],[-19,-30],[-7,1],[-16,29],[-15,-7],[-5,-18],[-12,3],[-11,-3],[-19,11],[4,7],[13,8],[9,14],[11,3],[10,-3],[13,4],[27,23],[10,2],[14,-3],[7,7],[19,29],[10,8],[4,16],[22,2],[12,7],[10,15],[22,55],[23,75],[24,97],[14,92],[7,54],[9,77],[15,116],[8,38],[8,73],[11,83],[13,35],[13,22],[15,22],[9,-5],[-8,-26],[0,-22],[12,-5],[1,-16],[-25,-16],[0,-18],[-5,-4],[-5,-37],[-4,-11],[3,-13],[17,-11],[-4,-26],[15,-10],[10,-26],[-4,-18],[4,-24],[13,-6],[-4,-73],[22,-4],[24,1],[-3,10],[-6,6],[5,9],[-7,20],[-7,7],[5,35],[-6,12],[13,16],[0,14],[-9,3],[-2,20],[5,34],[13,3],[2,19],[-3,4],[5,17],[-4,13],[-2,28],[10,23],[-8,33],[7,17],[28,49],[0,32],[-6,21],[-12,19],[-16,13],[-21,10],[-27,2],[-25,-7],[-9,-5],[5,-7],[27,16],[3,-8],[-30,-14],[-9,4],[-7,11],[-4,14],[-2,29],[4,27],[2,42],[0,50],[2,29],[-2,8],[1,51],[-2,62],[-1,70],[3,40],[13,28],[5,5],[6,36],[-3,49],[-15,56],[7,20],[-2,16],[-9,21],[11,1],[6,-38],[5,-16],[7,14],[12,-2],[0,-19],[7,1],[20,-70],[3,-26],[-9,-11],[-1,-17],[5,-1],[17,14],[4,24],[-7,40],[-4,19],[-6,10],[-1,16],[-4,13],[5,19],[0,27],[-12,26],[-14,19],[-12,28],[7,37],[9,13],[-4,24],[-3,48],[8,23],[-17,-1],[-3,8],[3,11],[16,2],[64,40],[11,12],[11,-6],[6,5],[-3,15],[9,10],[12,1],[33,-3],[14,-10],[19,-19],[11,-23],[14,-15],[14,-1],[16,-6],[5,-7],[22,-16],[17,-9],[14,-13],[13,-7],[8,-27],[9,-7],[13,6],[-8,32],[1,17],[-11,22],[-26,21],[-13,14],[-15,7],[-12,11],[-46,26],[-16,16],[-25,14],[-15,12],[-16,9],[-45,22],[-19,-19],[-6,-11],[-15,-5],[-14,8],[-27,-12],[-36,-6],[-13,-4],[-26,-12],[-34,-32],[1,-9],[-6,-13],[14,-4],[-3,-15],[-20,-39],[-12,-10],[-16,-27],[4,-12],[-12,-23],[-9,-23],[6,-18],[-7,-14],[4,-6],[11,2],[9,-16],[1,-26],[-8,-32],[-14,13],[-4,-4],[19,-18],[10,2],[1,-17],[-4,-6],[-17,13],[-10,14],[-10,2],[20,-24],[17,-15],[6,-17],[23,-17],[-14,-5],[-17,19],[-20,8],[-14,16],[-13,8],[-16,27],[-18,47],[-11,39],[-11,34],[-13,37],[-15,43],[-10,55],[-4,21],[-20,106],[-4,39],[-20,105],[0,17],[-10,33],[-8,54],[-7,21],[-2,15],[9,2],[0,-20],[11,-58],[10,-18],[6,-28],[-4,-16],[4,-21],[6,-1],[-1,25],[7,5],[13,27],[-1,49],[17,24],[1,10],[-28,13],[-18,-5],[0,13],[8,18],[10,17],[15,10],[-8,20],[-17,2],[-9,8],[-2,22],[-25,-2],[-3,2],[-11,44],[-8,-7],[0,-24],[2,-30],[9,-18],[-10,-16],[-6,37],[-1,38],[0,48],[-1,62],[3,78],[5,7],[4,30],[11,52],[10,30],[27,55],[22,63],[9,37],[6,32],[7,27],[9,15],[9,5],[6,10],[-15,32],[-11,33],[-1,33],[-3,75],[-4,41],[-4,56],[-6,52],[-4,12],[2,11],[-3,17],[-11,37],[-8,83],[-8,41],[-22,76],[-7,35],[0,23],[9,22],[7,7],[9,25],[2,12],[-7,17],[-13,22],[-9,30],[-9,15],[-29,32],[-4,15],[8,10],[9,-1],[7,-13],[7,15],[23,-5],[12,-12],[31,-1],[46,21],[12,2],[21,10],[17,4],[21,12],[33,11],[19,1],[9,-2],[34,-25],[8,1],[-14,27],[-30,15],[-12,11],[-18,27],[-12,7],[-10,11],[-21,19],[-6,15],[-12,0],[-18,-3],[-10,2],[-9,-5],[-32,-5],[-29,-8],[-33,6],[-17,-4],[-2,7],[-11,12],[-17,11],[6,11],[-11,11],[-6,13],[1,8],[-12,13],[-7,-7],[14,-12],[5,-10],[2,-15],[-5,-10],[4,-8],[-6,-19],[-10,-6],[-9,-14],[-28,-30],[-14,-20],[-8,-20],[-3,-39],[6,-20],[2,-50],[7,-13],[-1,-8],[-21,3],[-10,5],[-16,17],[-27,33],[-17,24],[-22,22],[-27,57],[-8,15],[-53,125],[-17,52],[-8,46],[-15,65],[-13,41],[-13,31],[-35,67],[-54,78],[-10,16],[-9,26],[3,29],[-1,15],[14,13],[11,-10],[-8,-30],[2,-10],[12,-23],[20,2],[13,-5],[11,4],[22,22],[17,-5],[15,-28],[15,6],[5,6],[2,13],[-10,9],[-22,15],[-18,19],[-6,15],[-13,1],[-21,-19],[0,-10],[-13,3],[-13,25],[-9,7],[-17,-1],[-45,-1],[-18,15],[-18,35],[-35,81],[-44,97],[-31,62],[-6,3],[-9,19],[-5,49],[-2,40],[7,7],[8,-5],[15,-24],[14,-7],[21,2],[20,12],[19,17],[6,10],[18,4],[17,-3],[8,11],[-5,17],[-17,-5],[-18,0],[-23,9],[-11,13],[-8,14],[-19,18],[-4,7],[6,25],[-5,23],[-21,22],[-20,10],[-25,3],[-19,11],[-1,10],[-25,4],[-6,-3],[15,-29],[11,-6],[-6,-14],[21,-28],[13,-4],[-3,-9],[9,-14],[-45,-33],[6,-4],[-14,-11],[7,-6],[19,3],[24,-5],[16,-8],[3,-8],[-35,8],[-30,0],[-8,-16],[8,-4],[37,8],[-5,-8],[-18,0],[-8,-3],[-4,-13],[-19,-10],[-9,4],[-20,17],[-26,32],[-13,24],[-12,16],[-8,15],[-36,55],[-20,30],[-43,53],[-22,19],[-17,23],[-15,16],[-19,28],[-38,39],[-17,23],[-37,34],[-16,20],[-14,13],[-20,14],[-35,18],[-20,15],[13,12],[6,-10],[8,4],[10,-10],[7,3],[12,-13],[22,13],[70,-38],[7,2],[21,18],[-22,3],[-44,25],[-3,33],[-9,11],[-18,-3],[-10,-6],[-44,-12],[-2,-6],[-22,-3],[-13,-12],[-7,-18],[1,-10],[-3,-34],[-14,16],[-7,-1],[-22,15],[-19,0],[-4,-11],[-10,0],[-14,5],[-36,-1],[-6,4],[1,22],[-9,23],[-25,49],[-15,40],[-19,41],[-5,14],[-7,32],[-9,28],[-9,63],[5,43],[1,33],[2,53],[0,43],[-3,59],[2,44],[0,40],[-2,30],[-6,61],[-2,33],[-3,22],[-9,37],[-11,40],[-16,42],[-10,28],[-19,36],[-32,53],[-13,9],[-10,-6],[-17,-2],[-8,7],[2,18],[-12,6],[2,9],[12,8],[4,17],[-3,13],[-1,31],[3,46],[-1,41],[-2,36],[-8,54],[-9,33],[-18,59],[-9,18],[-10,10],[-18,3],[-13,6],[-16,3],[-12,7],[-38,-1],[-15,9],[-9,1],[-11,8],[-21,9],[-9,17],[-15,8],[-16,18],[-14,21],[-8,28],[-13,29],[4,18],[8,13],[-18,37],[12,-2],[6,17],[-5,14],[-10,-10],[-4,5],[19,56],[21,21],[31,18],[26,6],[21,17],[13,14],[13,7],[11,21],[5,-9],[12,3],[16,-4],[15,11],[-1,10],[-8,2],[-1,15],[14,1],[9,9],[13,48],[0,18],[17,11],[10,14],[9,-6],[16,10],[12,30],[7,34],[10,20],[5,27],[0,13],[-7,26],[0,19],[3,38],[-3,41],[-1,52],[-2,23],[2,44],[-2,43],[-7,57],[-6,36],[-9,71],[-9,43],[-11,41],[-22,79],[-19,58],[-13,32],[-9,15],[-10,25],[-9,14],[-30,18],[-17,25],[-15,9],[-16,18],[-21,13],[-21,5],[-16,-7],[-18,5],[-9,7],[-20,0],[-8,17],[-13,9],[1,6],[-12,13],[-21,6],[-5,7],[-21,13],[-14,-3],[-8,5],[-19,0],[-26,-8],[-20,-3],[-29,5],[-11,0],[-7,11],[-11,-1],[-11,4],[-10,13],[-14,5],[-9,-3],[-16,6],[5,6],[-3,23],[-30,2],[-14,-5],[-9,8],[-7,-1],[-12,-12],[-8,6],[10,12],[0,9],[-8,10],[-24,-1],[-9,-5],[-10,7],[3,29],[15,25],[23,13],[-4,17],[17,3],[2,15],[18,32],[2,23],[-3,33],[-10,22],[-15,13],[-14,-1],[-9,7],[4,12],[-9,11],[-3,14],[-5,5],[4,20],[-14,6],[-4,6],[2,19],[-4,4],[6,32],[9,6],[7,20],[6,6],[-1,15],[-10,7],[-6,-4],[-13,3],[-4,9],[18,6],[7,11],[3,14],[-2,21],[10,19],[0,7],[13,19],[8,6],[15,4],[14,-6],[9,8],[9,-8],[15,1],[6,-3],[28,11],[8,-5],[20,0],[3,-7],[16,-6],[14,-2],[12,-10],[18,-1],[0,-17],[14,-11],[17,0],[11,9],[6,-10],[9,-2],[7,-20],[21,-4],[14,-17],[11,-2],[9,-12],[-12,-20],[2,-24],[18,-15],[27,-6],[-4,-11],[3,-13],[19,-7],[28,-3],[40,6],[37,17],[8,10],[33,33],[6,10],[10,2],[11,16],[12,-6],[10,8],[-3,6],[4,11],[16,-9],[21,3],[7,13],[6,-10],[-9,-11],[2,-10],[9,-12],[18,-11],[23,-2],[12,5],[9,-8],[16,-5],[17,-37],[8,-9],[-3,-15],[3,-15],[10,-10],[18,1],[4,-14],[-10,-14],[8,-14],[18,-1],[-4,-17],[5,-4],[-2,-19],[6,-1],[2,-17],[9,-6],[10,3],[-3,-20],[14,-9],[18,8],[10,-8],[17,-3],[8,-9],[10,-1],[8,6],[20,2],[7,-3],[17,-16],[22,4],[10,-5],[10,6],[13,0],[20,-16],[17,-3],[13,5],[20,-6],[20,-15],[16,-9],[1,-5],[23,-6],[7,-12],[14,-2],[14,-12],[30,3],[32,-9],[12,-10],[29,-6],[31,1],[26,0],[37,1],[33,-3],[27,-6],[30,-2],[22,2],[26,6],[23,18],[29,-3],[35,-18],[5,-9],[-4,-9],[19,-33],[13,-11],[20,-11],[18,-7],[27,-3],[21,6],[12,9],[23,10],[10,12],[16,-15],[2,-6],[14,-3],[10,-14],[-1,-11],[-14,-8],[-2,-18],[10,-18],[20,-19],[50,-44],[12,-4],[16,4],[44,0],[22,-4],[21,0],[19,-13],[8,1],[33,7],[1,7],[22,12],[13,4],[55,8],[14,-5],[12,2],[89,-19],[0,-2],[-90,19],[-14,-67],[-12,8],[-19,-4],[6,-26],[19,4],[1,9],[30,3],[5,-8],[4,-18],[0,-11],[12,-17],[-1,-9],[11,-11],[-1,-8],[24,-3],[0,-16],[-6,-6],[-3,-22],[2,-6],[13,-1],[4,12],[2,23],[-5,12],[7,47],[10,3],[7,-58],[9,-1],[11,10],[-6,48],[10,1],[3,-21],[8,1],[6,-30],[8,9],[0,12],[39,4],[-5,37],[-8,6],[-7,53],[1,29],[37,20],[51,-55],[20,-28],[17,-15],[16,15],[38,18],[26,9],[36,15],[14,4],[24,-8],[55,-23],[12,0],[17,8],[30,-4],[5,-4],[16,4],[17,-4],[11,8],[13,-1],[19,5],[13,-5],[18,7],[15,11],[6,9],[-1,12],[9,2],[12,-14],[12,-9],[18,8],[7,10],[18,12],[5,6],[29,4],[32,13],[2,5],[23,22],[36,24],[10,-2],[8,10],[4,15],[10,5],[2,10],[11,-3],[24,-19],[16,13],[-4,33],[7,22],[-1,15],[4,17],[22,18],[12,-4],[19,18],[13,7],[4,14],[-5,7],[10,12],[2,12],[7,4],[-3,18],[-21,6],[-12,13],[13,13],[-3,19],[11,16],[2,16],[12,8],[19,-4],[19,-20],[8,-3],[24,3],[13,-22],[19,1],[9,-12],[12,-1],[24,4],[15,6],[11,11],[11,4],[11,8],[0,15],[13,1],[43,38],[-4,11],[28,-7],[9,1],[22,12],[11,9],[26,8],[10,11],[7,0],[2,-13],[20,-18],[19,0],[31,11],[14,0],[24,5],[30,8],[30,21],[10,4],[22,3],[43,-3],[10,3],[23,-3],[45,8],[55,-13],[29,-5],[15,2],[50,-33],[22,-8],[33,-6],[37,5],[31,10],[29,-24],[14,-8],[17,-5],[29,-3],[34,-12],[38,-10],[23,-13],[48,-13],[35,-7],[36,-2],[9,5],[21,5],[14,8],[18,-1],[-4,-16],[12,0],[1,17],[19,-6],[12,0],[13,15],[19,-1],[11,-11],[-1,-14],[5,-19],[-6,-8],[-2,-11],[-5,-6],[-5,-18],[-17,-8],[-6,-11],[-1,-17],[5,-18],[-10,-8],[1,-14],[22,2],[7,-12],[6,-1],[14,-35],[14,-13],[31,-3],[-30,-22],[2,-28],[10,4],[14,14],[16,4],[-2,-25],[16,-36],[20,-16],[-2,-8],[6,-10],[19,-12],[8,-14],[21,-12],[4,-12],[11,-13],[15,-2],[3,-6],[-1,-28],[7,-9],[-21,-1],[-13,-19],[2,-10],[11,-17],[0,-11],[16,-24],[18,-38],[4,-18],[8,-17],[3,-20],[-4,-14],[3,-10],[25,-41],[1,-12],[6,-14],[10,-9],[3,-9],[-7,-11],[-3,-26],[8,-30],[-7,-48],[0,-27],[4,-34],[-14,1],[-15,10],[-5,8],[-34,16],[-13,1],[-19,13],[-17,0],[-16,17],[-37,-1],[-20,-46],[-25,-63],[-14,-23],[-26,-64],[0,-23],[23,-6],[10,-20],[-3,-34],[-16,-4],[-26,-28],[-28,-50],[-9,-42],[8,-18],[-6,-2],[-20,23],[6,14],[-3,16],[5,15],[11,8],[2,11],[13,-4],[22,34],[-4,7],[-19,18],[-25,14],[-15,5],[-31,0],[-15,8],[-26,-7],[-18,-9],[-37,-24],[-14,-19],[0,-6],[-16,-22],[-14,-31],[-15,-24],[1,-14],[-7,-10],[-6,-37],[-7,-49],[-3,-42],[-5,-35],[0,-10],[-9,-47],[1,-14],[10,-18],[5,-27],[1,-26],[5,-22],[5,-9],[9,-4],[7,-14],[28,-48],[20,-44],[13,-24],[20,-23],[12,-31],[3,-15],[19,-22],[23,-37],[31,-49],[22,-31],[36,-45],[11,-20],[31,-59],[54,-89],[34,-47],[65,-75],[21,-25],[77,-105],[15,-23],[39,-50],[55,-64],[69,-80],[8,-7],[34,-42],[45,-51],[68,-89],[14,-24],[43,-69],[16,-29],[5,-22],[-4,-24],[14,-30],[5,-34],[14,-50],[0,-32],[-3,-10],[-26,-50],[-48,-51],[-25,12],[-12,-22],[2,-35],[7,-32],[8,-20],[2,-27],[-10,-18],[-37,-21],[6,-30],[-3,-13],[-20,-16],[27,-16],[3,-12],[-6,-62],[-5,-14],[-9,-7],[-67,-64],[4,-10],[-19,-14],[-16,14],[-29,-33],[1,-11],[-37,-11],[-30,-15],[-11,-9],[-23,-45],[-14,-18],[-8,-6],[-20,-42],[-15,-7],[-20,19],[-16,9],[-57,43],[2,-8],[78,-64],[5,-12],[12,-15],[9,-28],[6,-5],[-13,43],[11,10],[29,52],[21,26],[22,46],[32,18],[38,5],[12,4],[24,17],[27,17],[43,36],[8,9],[29,38],[31,50],[43,74],[72,4],[3,16],[6,9],[25,23],[103,-36],[11,-4],[7,-12],[6,-28],[66,-50],[59,-46],[2,-4],[16,-114],[9,-66],[-1,-8],[-8,-10],[-104,-97],[-25,-22],[-21,-16],[-19,-23],[-2,-12],[8,-1],[1,12],[21,22],[7,4],[123,110],[25,20],[9,2],[-6,30],[-12,94],[-2,27],[-1,34],[5,53],[0,16],[-10,36],[-4,9],[2,27],[-13,-1],[-11,9],[2,16],[6,12],[36,38],[36,39],[44,38],[13,22],[28,26],[12,19],[20,20],[18,27],[12,8],[54,46],[19,9],[36,15],[42,-3],[31,1],[17,4],[27,-9],[18,-4],[12,2],[38,-5],[28,1],[2,2],[27,0],[48,5],[12,21],[13,4],[24,11],[31,1],[19,7],[35,18],[28,3],[24,-5],[27,-11],[10,1],[22,8],[11,10],[4,11],[9,-8],[24,-13],[15,-4],[4,3],[33,-5],[30,5],[8,6],[27,8],[7,-3],[26,0],[17,-4],[34,0],[22,-1],[17,-4],[11,1],[32,-7],[33,-3],[28,-9],[6,1],[29,-14],[15,-3],[20,-1],[8,-10],[20,-10],[10,-14],[3,-18],[14,-11],[13,-6],[29,-28],[20,-16],[68,-46],[92,-48],[75,-37],[60,-26],[70,-29],[9,-2],[28,-12],[36,-13],[67,-20],[9,-1],[50,-13],[27,-4],[18,-5],[22,-1],[22,-8],[28,-2],[28,0],[13,-2],[17,-12],[49,-1],[8,-4],[27,0],[17,-6],[51,-8],[57,-6],[21,-6],[23,-2],[19,-12],[17,-3],[27,1],[53,-4],[17,-4],[45,-5],[45,-3],[27,-8],[28,4],[28,1],[16,3],[22,-1],[16,4],[28,-6],[9,-6],[24,-1],[20,8],[23,-2],[12,0],[25,-9],[20,-2],[31,2],[38,-1],[23,-4],[28,3],[25,-5],[25,-1],[11,4],[31,3],[16,4],[26,-12],[20,-3],[26,1],[11,-5],[9,-10],[13,-6],[10,-10],[24,-9],[17,-1],[21,-8],[22,-2],[55,-1],[30,-2],[15,0],[16,-3],[30,0],[9,5],[19,3],[72,16],[9,-2],[18,5],[42,6],[16,5],[7,-2],[32,13],[44,13],[33,4],[103,-4],[76,-1],[70,-6],[9,0],[80,-12],[6,-3],[75,-16],[27,-7],[37,-7],[38,-14],[34,-7],[43,-7],[2,-2],[65,-3],[2,-7],[-9,-5],[-15,-16],[0,-10],[25,27],[36,-7],[44,1],[29,-7],[33,-1],[12,2],[24,-1],[45,3],[31,4],[32,-2],[13,1],[45,-9],[27,-8],[4,-4],[37,-4],[8,-3],[22,-13],[68,-22],[48,-23],[53,-20],[21,-14],[12,-5],[20,-14],[26,-8],[21,-17],[34,-22],[31,-17],[10,-10],[1,-8],[25,-16],[28,-11],[23,-11],[18,-12],[9,-3],[25,-26],[25,-14],[12,-12],[40,-21],[13,-10],[33,-18],[80,-33],[28,-9],[36,-14],[32,-8],[33,-6],[10,-4],[51,-5],[13,-4],[34,-1],[38,1],[16,15],[24,-3],[-6,-31],[-6,-21],[1,-23],[-8,-39],[3,-8],[13,2],[7,-12],[37,-13],[35,-5],[44,0],[13,-9],[-1,-13],[-7,-4],[-10,5],[-3,-11],[-24,-2],[-19,4],[-62,-14],[-8,-20],[-9,-6],[-9,-26],[-17,-68],[19,-17],[35,62],[12,-7],[56,-8],[22,2],[4,12],[21,16],[28,8],[8,5],[16,19],[2,11],[-26,0],[-3,12],[1,16],[9,18],[1,20],[-11,8],[-11,15],[-7,21],[9,10],[-5,8],[-15,-4],[4,-20],[-9,3],[3,39],[12,-4],[20,0],[25,3],[17,5],[51,-6],[24,3],[45,2],[58,-4],[47,2],[42,-1],[55,4],[43,5],[9,2],[54,7],[19,4],[27,2],[51,13],[38,11],[36,9],[63,20],[15,6],[48,14],[54,18],[48,12],[-4,-6],[-31,-8],[-20,-13],[-9,-13],[-12,-25],[-2,-14],[2,-15],[-26,-19],[-10,-13],[6,-3],[13,13],[15,8],[20,30],[5,32],[7,7],[24,13],[32,-8],[-11,-7],[-15,4],[-14,-7],[7,-14],[30,13],[13,8],[22,2],[11,10],[10,17],[12,30],[18,21],[15,15],[28,14],[27,11],[25,6],[6,-1],[39,11],[38,14],[35,16],[38,21],[29,14],[16,13],[20,0],[19,11],[39,18],[28,3],[13,5],[33,14],[27,15],[20,7],[43,23],[37,21],[57,40],[41,31],[23,19],[23,16],[43,36],[25,24],[15,9],[13,13],[12,-2],[13,12],[25,16],[38,38],[5,2],[26,27],[30,27],[47,52],[17,23],[0,13],[9,20],[16,-5],[8,-14],[11,-4],[7,-10],[14,-2],[12,5],[35,-34],[-5,13],[-30,30],[-13,-4],[-11,1],[-11,15],[2,6],[18,17],[13,17],[34,34],[7,23],[8,4],[33,42],[24,20],[38,44],[21,21],[29,33],[6,11],[23,21],[19,2],[25,16],[15,13],[19,24],[42,28],[28,9],[20,10],[54,9],[34,13],[25,10],[11,7],[31,9],[11,7],[33,4],[49,11],[19,8],[29,16],[47,21],[41,24],[38,15],[36,20],[67,29],[22,12],[32,13],[2,8],[47,-2],[12,-17],[6,5],[-1,12],[107,-1],[68,1],[110,5],[50,4],[84,8],[52,5],[75,10],[81,13],[86,15],[10,166],[-76,3],[-128,7],[-42,5],[-96,9],[-91,9],[-12,0],[-10,-9],[4,-10],[0,-51],[4,-41],[-6,-1],[-4,47],[-9,52],[3,4],[-15,12],[-69,7],[-64,7],[-13,-1],[-62,2],[-100,9],[-45,-4],[-17,-15],[-69,-6],[1,-12],[-78,-8],[-152,17],[-68,8],[-12,-5],[-23,-17],[-14,-2],[-19,3],[-14,8],[-14,19],[-10,5],[-197,23],[0,2],[198,-23],[11,-6],[16,-20],[14,-7],[11,-2],[16,2],[11,5],[16,14],[13,3],[91,-11],[4,6],[15,-4],[7,4],[4,22],[-118,24],[-219,46],[-6,-4],[-49,10],[-4,2],[-4,19],[-24,36],[-12,13],[-10,2],[-3,7],[-61,57],[-31,22],[4,3],[27,1],[-1,-10],[21,-17],[31,-14],[12,-22],[14,3],[-1,18],[18,-36],[36,-16],[22,-4],[5,2],[61,-13],[111,-14],[48,18],[2,-6],[12,-1],[-4,12],[53,21],[42,-28],[7,13],[1,15],[-23,18],[-11,0],[-13,30],[-47,-5],[-2,5],[-26,-4],[0,-6],[-59,-42],[-29,6],[-36,3],[-76,17],[-16,13],[56,-11],[4,18],[-3,14],[-140,26],[-54,17],[2,10],[46,4],[0,9],[22,5],[-8,27],[-15,2],[-10,15],[-1,13],[-10,-2],[10,-15],[5,-16],[-24,-15],[-18,-5],[-24,-2],[-5,9],[-25,17],[6,7],[-12,45],[-10,-4],[-7,4],[-2,11],[-8,6],[-17,41],[-12,30],[-22,19],[-13,2],[-10,7],[-13,4],[-65,29],[-11,9],[-16,32],[-6,26],[4,22],[-1,17],[8,33],[3,17],[6,22],[-1,11],[9,17],[1,16],[14,31],[4,24],[11,21],[9,23],[15,28],[17,41],[12,21],[2,12],[22,43],[19,43],[6,9],[9,22],[20,40],[7,17],[27,51],[15,34],[13,39],[11,21],[5,21],[15,43],[68,118],[34,52],[32,60],[58,111],[11,24],[12,32],[13,28],[38,86],[12,25],[3,14],[14,18],[13,36],[8,17],[1,26],[-3,14],[-13,9],[6,19],[-9,18],[-15,-9],[-14,-35],[-3,3],[11,30],[6,6],[19,13],[3,7],[5,27],[2,27],[-3,15],[-12,21],[-61,51],[-33,12],[-87,-2],[-7,-5],[-32,-56],[-4,-1],[34,60],[8,5],[86,3],[35,-11],[64,-54],[16,-25],[14,-3],[12,10],[5,19],[13,31],[-3,38],[4,5],[2,20],[4,10],[2,33],[13,24],[-1,18],[4,13],[-1,26],[8,15],[13,9],[8,11],[3,13],[25,8],[11,13],[13,4],[12,12],[23,29],[14,25],[11,1],[7,7],[13,22],[10,6],[9,16],[7,0],[20,26],[13,-3],[20,5],[22,16],[24,41],[4,18],[12,-4],[11,1],[24,13],[15,1],[18,12],[16,5],[11,8],[24,0],[14,-2],[25,7],[7,-1],[31,9],[46,23],[16,12],[8,-2],[13,9],[11,1],[14,6],[43,33],[20,15],[7,-1],[24,7],[14,10],[24,23],[75,45],[27,18],[18,-6],[12,5],[19,13],[11,5],[13,-3],[15,4],[22,15],[17,-3],[6,-11],[13,-5],[13,3],[12,-2],[32,13],[8,-1],[31,7],[44,27],[44,21],[27,19],[21,10],[32,19],[13,11],[49,38],[24,28],[13,23],[15,31],[14,-3],[-10,-17],[15,-10],[15,21],[7,-12],[22,-8],[17,-2],[2,6],[-42,19],[-14,8],[-2,8],[-16,4],[8,25],[18,13],[33,-4],[50,12],[9,9],[19,2],[38,24],[3,9],[12,0],[35,14],[28,13],[3,6],[20,7],[32,14],[21,11],[13,15],[9,0],[38,32],[12,-8],[20,15],[3,9],[30,7],[53,38],[32,20],[22,10],[32,23],[17,18],[7,-4],[22,9],[15,14],[11,1],[25,19],[15,10],[29,12],[31,18],[46,29],[9,0],[17,7],[33,45],[16,13],[16,17],[47,29],[25,7],[14,-6],[13,1],[10,5],[10,13],[15,14],[34,17],[34,44],[8,13],[26,30],[15,12],[33,15],[14,19],[71,46],[25,13],[21,13],[48,26],[47,29],[53,24],[40,12],[22,4],[33,-1],[26,-3],[13,2],[23,10],[25,21],[27,15],[16,4],[20,-1],[54,23],[21,14],[13,-10],[11,-3],[36,20],[12,4],[20,12],[17,4],[10,-4],[26,4],[29,13],[31,0],[20,8],[17,5],[25,4],[42,-2],[30,7],[16,8],[21,6],[56,20],[20,4],[26,0],[31,5],[36,9],[7,8],[15,-5],[8,-16],[14,-10],[15,-4],[21,0],[12,-6],[21,3],[16,-1],[50,10],[50,6],[20,0],[23,-4],[24,5],[22,2],[21,-3],[20,3],[31,-2],[24,3],[34,9],[92,21],[21,7],[26,12],[53,16],[34,22],[43,16],[17,8],[42,25],[53,36],[14,4],[11,6],[26,-3],[40,0],[48,18],[21,8],[47,14],[23,-1],[36,10],[39,6],[14,5],[29,7],[40,12],[47,19],[31,12],[41,17],[27,6],[25,9],[72,18],[33,15],[6,0],[32,15],[11,9],[48,24],[59,52],[15,11],[43,20],[29,7],[35,-6],[32,0],[22,-4],[30,-1],[29,-8],[56,-6],[26,1],[51,-1],[28,-8],[12,0],[65,-6],[21,2],[20,5],[41,15],[26,8],[49,21],[15,6],[27,5],[60,22],[46,13],[38,18],[37,22],[18,14],[35,34],[10,-15],[2,-23],[-4,-11],[-13,-4],[-18,-17],[10,-5],[13,10],[14,-3],[6,23],[-2,28],[20,15],[-18,22],[21,13],[33,-26],[5,-2],[14,7],[61,13],[9,5],[24,19],[30,15],[25,19],[27,16],[41,16],[41,21],[30,14],[23,9],[29,20],[8,2],[22,12],[14,4],[22,13],[39,18],[37,27],[21,21],[56,34],[8,9],[32,13],[38,9],[13,1],[11,5],[29,21],[15,12],[15,7],[16,18],[6,12],[-3,19],[13,-3],[21,23],[-17,0],[-8,17],[17,2],[63,47],[21,5],[39,-2],[33,29],[29,23],[14,13],[30,19],[7,8],[24,18],[35,32],[4,6],[38,42],[16,14],[14,16],[28,24],[44,43],[11,8],[30,25],[28,24],[32,36],[8,6],[14,18],[16,11],[21,22],[20,14],[48,31],[27,11],[18,15],[17,22],[7,-4],[8,7],[30,31],[40,60],[7,-4],[9,8],[27,21],[70,47],[59,35],[3,4],[20,7],[7,6],[19,6],[8,8],[35,44],[20,-10],[10,-18],[15,-8],[8,18],[-22,8],[35,12],[14,14],[8,4]],[[44364,89511],[-2,-14],[31,-4],[9,-26],[41,-6],[4,9],[-6,19],[11,6],[17,1],[8,-8],[-11,-23],[1,-14],[9,-16],[11,-4],[9,8],[10,-3],[11,-12],[36,-1],[12,16],[16,45],[17,1],[11,7],[22,24],[10,17],[-3,9],[14,24],[14,-10],[8,13],[15,-10],[21,19],[6,-5],[-8,-15],[23,3],[45,-1],[26,-7],[29,3],[-2,-9],[6,-20],[6,1],[15,-29],[13,8],[13,-25],[14,-1],[-6,-21],[-23,-50],[4,-22],[0,-13],[7,-27],[-6,-12],[3,-16],[-1,-27],[-7,2],[-38,24],[-6,-1],[3,-14],[6,-8],[10,-3],[13,-23],[-5,-9],[-1,-11],[5,-12],[38,-22],[9,-1],[1,-10],[18,-9],[4,10],[27,-8],[4,5],[21,-6],[19,-23],[10,-9],[-3,-11],[20,-7],[-5,-8],[7,-7],[2,-14],[42,-27],[2,-10],[10,-9],[14,-1],[5,-10],[9,-1],[4,-29],[15,-13],[20,15],[26,2],[13,-10],[-2,-7],[28,-20],[25,-15],[5,-7],[10,5],[23,-19],[10,-1],[4,-12],[10,-9],[-1,-8],[-12,0],[-3,-12],[7,-7],[-3,-9],[6,-15],[7,-6],[10,1],[17,-6],[4,-5],[7,-33],[12,-27],[6,-6],[4,-24],[38,-9],[4,-13],[11,-11],[26,-12],[8,-9],[4,-11],[13,5],[33,-17],[7,-13],[26,-22],[24,-29],[15,-13],[0,-10],[33,-8],[2,-11],[14,-4],[2,-7],[31,1],[12,-13],[4,2],[11,-13],[12,-8],[-3,-9],[5,-10],[-14,-13],[9,-22],[8,-14],[0,-9],[8,-21],[13,-2],[11,3],[3,-12],[12,-12],[13,0],[10,-13],[-5,-9],[8,-10],[8,-1],[-9,-19],[10,-8],[7,1],[8,-10],[-1,-13],[4,-14],[23,-30],[12,-7],[14,-12],[8,2],[9,-17],[11,-11],[4,-13],[13,-1],[10,-8],[24,-1],[18,-9],[-8,-13],[15,-11],[4,13],[8,1],[14,-21],[2,-8],[11,-2],[21,-25],[14,2],[11,-7],[23,2],[19,-6],[9,-7],[18,-8],[23,-5],[27,-18],[25,-19],[23,-10],[23,-1],[3,-10],[15,-6],[19,-4],[4,-9],[-6,-5],[20,-18],[10,6],[19,-14],[19,7],[18,-10],[11,-20],[33,-20],[3,-21],[5,-7],[-3,-11],[11,-4],[7,-8],[11,-3],[-1,-9],[6,-24],[9,-24],[-6,-7],[4,-22],[26,-3],[10,-9],[2,-28],[6,-10],[1,-18],[11,-25],[8,-7],[10,0],[9,-9],[13,3],[10,-2],[12,3],[9,-10],[12,-3],[5,-20],[25,-7],[14,-26],[2,-37],[-8,-13],[20,-61],[-11,-6],[-7,-9],[4,-30],[4,-14],[12,-18],[2,-22],[9,-9],[16,4],[4,-9],[7,-25],[1,-32],[-3,-27],[-6,-37],[7,-17],[3,-15],[-15,-4],[-7,-14],[4,-8],[12,-2],[12,-10],[23,-3],[8,-7],[-9,-27],[3,-15],[7,-1],[2,-24],[-4,-5],[-1,-20],[11,-12],[-12,-22],[0,-7],[14,-22],[-2,-21],[9,-13],[0,-14],[6,-7],[4,-35],[4,-4],[21,-40],[-9,-9],[9,-11],[3,-28],[8,-8],[0,-11],[16,-30],[9,-6],[11,5],[22,-23],[-5,-11],[5,-7],[18,-3],[-2,-33],[-9,-7],[7,-9],[7,-20],[14,-9],[14,-18],[7,-1],[18,-39],[2,-18],[17,-22],[6,-31],[-4,-21],[4,-7],[20,-6],[7,4],[35,-22],[11,-3],[14,3],[14,-25],[10,-5],[31,-43],[9,-8],[-7,-19],[11,-7],[7,-20],[16,-20],[2,-16],[13,-2],[-15,-13],[1,-22],[-6,-2],[-18,4],[-15,-7],[-86,-15],[-14,2],[-25,9],[-19,19],[-7,16],[-10,11],[-37,18],[-12,-20],[-5,-12],[4,-27],[-13,-18],[-9,-8],[3,-9],[-13,-10],[0,-9],[-11,-6],[-6,-13],[-8,-3],[5,-11],[-9,-4],[17,-17],[9,-4],[-2,-18],[9,0],[-1,-28],[9,-30],[6,-11],[-35,-4],[-9,-17],[-19,-7],[-6,19],[-6,-1],[6,-28],[-35,-13],[-33,-21],[-17,-16],[-24,5],[-33,27],[-9,9],[-9,-14],[-1,-17],[4,-21],[5,-71],[7,-15],[2,-24],[-3,-33],[9,-42],[-2,-23],[-10,-31],[-7,-8],[-49,24],[-18,-34],[-14,-20],[-56,-54],[-25,-15],[0,-14],[10,1],[9,-13],[25,-22],[21,-30],[24,-24],[4,-10],[15,-20],[3,-11],[56,11],[14,7],[13,12],[4,9],[14,45],[12,21],[11,12],[5,13],[21,13],[24,25],[17,14],[25,9],[7,9],[36,10],[0,-19],[13,-19],[32,-25],[8,-13],[-15,-18],[8,-20],[5,-27],[-4,-18],[6,-27],[7,-11],[2,-20],[-46,-10],[-32,-21],[-49,-38],[-19,-6],[-55,-10],[-2,-12],[5,-17],[-8,-29],[-1,-10],[5,-31],[-5,-29],[-4,-13],[-12,-20],[-28,-7],[-19,-12],[-3,-34],[-4,-13],[-14,-20],[-9,-20],[-17,-9],[-36,-5],[-13,-4],[6,-11],[79,-84],[41,-22],[0,-11],[14,-34],[2,-15],[10,-20],[4,-22],[-7,-23],[-15,-16],[-4,-33],[1,-15],[-17,-10],[-32,-12],[-12,-26],[-13,-21],[-7,-17],[-13,-8],[-28,-31],[-21,-10],[-20,-4],[8,-14],[22,-2],[21,-7],[9,-8],[-2,-18],[13,-10],[20,1],[10,-6],[-15,-20],[-2,-13],[-6,-9],[5,-12],[19,-26],[12,-3],[19,6],[30,13],[7,7],[14,8],[9,-12],[-18,-52],[3,-23],[-27,6],[-12,-2],[-10,-12],[-18,-10],[-30,0],[-4,16],[-12,-5],[-8,7],[-6,12],[-18,-15],[-9,13],[-34,-21],[-14,-6],[6,-9],[18,0],[18,12],[4,-6],[17,11],[8,-11],[-2,-11],[-8,-8],[-13,-2],[-12,-10],[6,-7],[-14,-10],[22,-28],[14,16],[17,17],[-8,16],[15,7],[7,-13],[22,11],[20,0],[1,-10],[26,6],[12,-29],[23,-37],[11,-22],[29,-44],[30,-30],[-21,-34],[27,-18],[-12,-25],[-5,1],[-13,-58],[-8,3],[-8,-22],[1,-15],[-10,-7],[33,-15],[-6,-10],[37,-6],[49,21],[9,-12],[29,-27],[20,-8],[0,-13],[-11,-23],[-14,-8],[-16,-14],[16,-17],[-7,-13],[7,-10],[-14,-11],[-12,-24],[-2,14],[-32,-22],[18,-38],[17,-17],[-1,-10],[-18,14],[-27,-23],[-25,-19],[-13,-14],[-14,-6],[-31,-29],[-11,-22],[-6,-3],[-3,-11],[-11,-18],[-10,1],[6,-22],[12,-9],[7,0],[12,9],[15,-7],[13,0],[6,-10],[-4,-25],[24,0],[14,4],[5,-9],[9,3],[7,-5],[18,14],[23,-10],[29,-53],[-6,-24],[4,-10],[-4,-10],[11,-11],[11,11],[14,26],[11,27],[15,23],[-12,24],[-8,11],[1,17],[-9,14],[9,7],[7,-7],[16,5],[14,15],[7,-5],[9,18],[2,16],[-5,10],[11,16],[5,2],[14,-7],[10,6],[26,-18],[13,12],[-3,15],[10,11],[11,-1],[30,-17],[4,-11],[11,-6],[15,1],[14,-15],[19,-15],[26,-14],[9,-21],[-8,-24],[-26,-25],[9,-6],[9,10],[11,-3],[9,-8],[-13,-23],[-9,-24],[9,-16],[1,-15],[-10,-7],[-16,5],[-9,6],[-16,2],[-16,-2],[-3,-8],[-10,-10],[-4,-11],[-12,-13],[-13,-9],[-7,-9],[25,-17],[4,-7],[-7,-20],[-13,-6],[-4,-20],[6,-13],[16,-9],[4,-29],[-4,-18],[-16,6],[-17,-29],[-17,-11],[-18,-21],[-26,-1],[-11,-12],[-2,-13],[-20,-5],[-7,-14],[-21,-2],[-18,-6],[-7,-8],[-13,-6],[5,-13],[18,-19],[7,-19],[1,-9],[-6,-13],[-25,-14],[-26,-7],[-30,-16],[-10,2],[-8,-12],[-7,-22],[6,-12],[-18,-16],[-1,-17],[-15,-9],[-27,16],[-21,-9],[-2,-16],[10,-11],[17,-12],[2,-8],[-8,-7],[-25,-12],[-7,-18],[6,-25],[-9,-9],[10,-23],[-17,-23],[-2,-9],[23,-20],[-6,-7],[-4,-16],[-13,-18],[-12,-3],[-18,-11],[-9,-19],[1,-18],[6,-26],[-13,-10],[-2,-28],[18,-38],[20,5],[8,11],[1,9],[22,-1],[37,11],[34,6],[8,-8],[9,8],[24,-18],[-7,-6],[-13,-4],[-6,-12],[-13,-9],[-8,-10],[-14,-1],[-12,-8],[-6,-15],[-12,-18],[-9,-4],[-14,0],[-26,-16],[8,-17],[1,-8],[23,-7],[37,-18],[0,-10],[17,-12],[10,-23],[9,-10],[6,-16],[34,-26],[14,5],[11,-14],[4,-18],[7,-9],[1,-19],[8,-12],[0,-30],[14,-2],[3,-9],[21,1],[23,-2],[-2,-16],[6,0],[7,-15],[10,-12],[7,-22],[-7,-6],[9,-18],[1,-13],[-10,-13],[-9,-7],[1,-26],[10,-7],[-4,-19],[13,-22],[-2,-5],[20,-27],[16,-34],[-6,-9],[2,-16],[20,-16],[-7,-12],[4,-6],[26,-13],[13,-5],[1,-34],[-11,-11],[-5,-22],[5,-18],[-5,-14],[-10,1],[-4,-16],[6,-3],[-1,-17],[-12,-4],[3,-19],[-10,-12],[-5,-50],[16,-7],[3,-6],[15,-8],[-5,-18],[-8,-14],[16,0],[4,-10],[-1,-27],[9,-2],[5,-15],[-3,-50],[6,-11],[-1,-13],[-9,-15],[-12,-3],[3,-13],[-7,-4],[7,-17],[-5,-9],[2,-14],[15,5],[23,-21],[6,4],[-5,21],[43,12],[2,-5],[28,-25],[11,-18],[7,-3],[42,3],[3,-33],[-16,-17],[-11,-7],[23,-31],[-22,-25],[-5,-33],[17,0],[33,-9],[11,2],[-1,-17],[-24,-41],[-25,-56],[-8,-33],[-30,-57],[7,-67],[-10,19],[-37,-6],[-28,1],[-85,36],[12,43],[-10,26],[-3,28],[-12,20],[-17,-14],[-4,10],[-20,-3],[-3,29],[-14,7],[1,11],[11,3],[4,47],[-15,-3],[-14,-17],[-6,-16],[-17,-6],[-6,-6],[-11,12],[-6,-8],[-10,11],[-16,-8],[-29,7],[-15,7],[-8,8],[-24,-22],[-8,-4],[-10,-18],[-27,-13],[-57,-3],[-27,1],[-16,-1],[-18,3],[-5,-7],[9,-18],[-18,-5],[5,-9],[5,-32],[-3,-27],[-9,-10],[-12,-1],[-6,-6],[-19,-9],[2,-17],[-8,-8],[-5,-26],[-6,-5],[1,-16],[16,-17],[6,-22],[0,-28],[-4,-16],[-7,0],[-10,-26],[9,-5],[20,-19],[8,-3]],[[24667,75103],[5,5],[16,-1],[-4,-9],[-17,5]],[[26475,84617],[4,9],[-3,13],[19,12],[12,-8],[8,7],[14,-7],[5,-14],[8,-6],[0,-12],[-11,-14],[-23,3],[-11,9],[-22,8]],[[27166,83690],[9,11],[12,-9],[-16,-10],[-5,8]],[[22461,77327],[1,11],[10,2],[21,-10],[3,-14],[-13,-2],[2,-12],[10,6],[4,-9],[25,3],[23,-21],[13,3],[13,-6],[5,-12],[4,-17],[-13,-4],[-10,18],[-15,0],[0,-9],[-11,-10],[-15,-3],[-11,4],[5,15],[-6,18],[-17,11],[-17,0],[5,9],[-1,15],[-5,10],[-10,4]],[[22436,77331],[0,9],[9,4],[3,-13],[-12,0]],[[22948,77288],[0,12],[6,6],[5,-20],[-11,2]],[[22557,77516],[15,-4],[-4,-9],[-11,13]],[[23497,85485],[10,1],[13,-11],[11,5],[9,-5],[-8,-22],[-4,14],[-20,2],[2,6],[-13,10]],[[44364,89511],[19,19],[15,30],[10,0],[11,27],[23,21],[14,9],[40,31],[37,21],[24,18],[14,6],[23,20],[13,15],[28,20],[13,5],[9,7],[32,20],[14,6],[30,36],[11,6],[16,17],[27,18],[15,24],[56,69],[18,46],[6,24],[9,26],[24,78],[22,65],[4,10],[10,36],[24,78],[9,24],[8,31],[18,57],[9,37],[13,52],[12,41],[11,28],[37,77],[11,22],[35,61],[29,47],[48,64],[18,23],[32,33],[19,18],[20,14],[6,-2],[25,12],[32,9],[30,16],[39,25],[35,17],[62,21],[25,6],[49,7],[36,8],[-7,-13],[-6,6],[-11,-3],[9,-17],[-30,-12],[4,-8],[-5,-7],[-11,1],[-9,-14],[44,-59],[5,-8],[59,-80],[-5,-5],[53,-43],[9,7],[53,-50],[21,-7],[11,-16],[29,13],[32,18],[14,9],[19,5],[10,11],[10,4],[21,-2],[7,-6],[25,-10],[18,-4],[20,2],[6,9],[62,-28],[47,-19],[6,-9],[0,-20],[3,-26],[8,-23],[8,-11],[6,10],[-7,14],[-9,39],[25,-12],[80,-24],[30,-19],[60,-35],[20,17],[47,72],[-87,118],[23,13],[-47,70],[27,16],[-57,96],[-4,8],[-53,20],[-15,-6],[-16,5],[-15,-5],[-59,16],[-11,15],[-35,-7],[-19,-17],[-2,-17],[-13,-10],[-11,-1],[-19,8],[-23,29],[-19,22],[-16,23],[-8,14],[-15,43],[-36,72],[-15,24],[-57,70],[-10,16],[-7,41],[-6,15],[-1,18],[4,7],[12,-6],[2,7],[-18,36],[-36,-12],[-7,-5],[-10,4],[-18,2],[-20,7],[-21,5],[-63,-5],[-34,4],[-23,13],[-33,12],[-20,11],[-6,7],[-10,32],[-4,30],[4,25],[-10,14],[-10,8],[0,7],[-7,11],[-17,17],[-5,-7],[7,-13],[10,-4],[4,-12],[-2,-9],[9,-17],[8,-35],[-8,-11],[-11,27],[-2,23],[-7,19],[6,3],[-20,27],[-5,24],[-3,36],[0,28],[3,42],[10,92],[10,65],[10,57],[16,118],[0,32],[4,29],[4,3],[6,31],[5,41],[3,35],[7,40],[3,44],[1,60],[2,35],[3,30],[10,39],[12,24],[9,12],[37,23],[-4,-11],[17,3],[8,-2],[34,-18],[-20,-21],[-8,0],[-9,-8],[9,-26],[20,9],[19,2],[104,6],[188,13],[71,60],[16,-4],[4,-45],[-1,-13],[4,-6],[28,-22],[11,-15],[22,-23],[30,-23],[6,2],[-14,19],[-29,25],[-24,43],[-3,7],[8,23],[6,10],[-6,18],[-20,30],[0,7],[-28,24],[-17,-4],[-28,1],[-14,6],[-18,-16],[-9,-4],[-16,-1],[-44,39],[-11,25],[-10,10],[-4,-9],[-27,7],[-10,8],[-18,7],[-19,0],[-18,-6],[-6,-6],[-17,0],[-26,15],[-9,-5],[-1,16],[7,28],[0,27],[-17,23],[-12,9],[-8,10],[-10,25],[-19,25],[-19,11],[-29,1],[-3,-9],[-11,-1],[-26,24],[-3,7],[-4,28],[3,27],[6,29],[26,65],[23,75],[10,52],[4,14],[2,24],[5,39],[4,22],[11,79],[3,31],[7,44],[2,37],[4,30],[0,34],[6,61],[13,53],[1,45],[5,34],[0,23],[3,27],[0,31],[8,111],[0,46],[2,95],[1,52],[4,53],[6,35],[6,30],[5,7],[-4,12],[6,27],[8,28],[12,27],[16,28],[12,2],[16,-9],[19,-17],[11,-4],[2,-16],[-12,2],[-10,-15],[20,-35],[8,-19],[21,-17],[24,24],[4,1],[32,-24],[13,-2],[80,-73],[74,-71],[5,3],[21,-26],[17,-16],[30,-5],[9,7],[-1,16],[-17,0],[-40,23],[-33,40],[-36,39],[8,6],[-7,21],[-16,46],[-12,25],[-3,17],[-7,17],[-14,12],[-3,6],[-16,-6],[-5,9],[-6,19],[-7,14],[-10,-3],[-19,13],[-7,-8],[10,-16],[-21,10],[-11,1],[4,11],[3,23],[-5,22],[-12,11],[-13,46],[-9,20],[-10,12],[-31,14],[-18,15],[-46,58],[-10,16],[-15,17],[-12,26],[-10,30],[-6,36],[3,40],[4,21],[4,51],[4,23],[-1,12],[0,106],[-2,44],[0,36],[3,9],[-2,16],[1,34],[-4,38],[1,33],[-4,74],[-2,4],[-6,136],[4,11],[-7,19],[-2,34],[-3,14],[-7,57],[-4,6],[-1,30],[-3,12],[-2,20],[-10,55],[-3,26],[-8,23],[0,15],[-6,34],[-10,22],[-4,23],[-8,20],[5,12],[-8,10],[1,7],[-12,15],[-4,13],[-1,26],[4,17],[-2,21],[-3,4],[0,36],[-8,8],[-2,25],[9,16],[19,21],[15,27],[15,13],[1,24],[12,31],[5,32],[6,-1],[5,13],[-36,37],[-31,29],[-4,7],[-3,16],[15,-8],[38,3],[7,25],[6,6],[13,-3],[-22,-76],[2,-10],[19,-19],[9,-4],[10,13],[-24,7],[5,10],[9,28],[8,8],[4,13],[16,19],[-8,10],[6,10],[31,27],[13,1],[17,-12],[12,-5],[2,-13],[-6,-6],[11,-13],[37,14],[23,-46],[10,4],[-21,44],[-40,21],[8,13],[3,38],[2,45],[3,11],[0,22],[6,25],[0,45],[-10,11],[13,7],[4,12],[14,6],[11,17],[2,12],[7,13],[18,56],[7,17],[6,36],[1,22],[3,9],[-7,21],[3,9],[-3,26],[-7,6],[5,31],[-6,31],[-12,27],[0,7],[13,14],[2,10],[10,4],[3,10],[-7,40],[4,9],[-30,102],[-2,12],[-12,6],[-13,37],[-10,41],[-15,42],[-19,46],[-12,11],[-6,18],[5,14],[6,7],[-12,51],[-7,18],[1,5],[-11,34],[-1,22],[-19,69],[-11,24],[-5,15],[-7,2],[-12,17],[-2,12],[7,19],[-4,23],[5,25],[6,13],[-1,16],[8,18],[-4,30],[4,25],[6,12],[13,7],[34,-2],[7,-11],[17,-1],[43,12],[5,-6],[13,-4],[22,1],[46,13],[27,12],[62,10],[49,11],[28,10],[39,18],[23,15],[17,16],[15,17],[63,48],[12,4],[9,20],[22,22],[40,38],[27,31],[48,65],[61,96],[10,13],[38,32],[30,31],[24,29],[4,10],[18,18],[40,35],[29,22],[50,43],[20,13],[25,12],[47,31],[32,15],[101,45],[38,21],[65,30],[4,-1],[51,23],[33,11],[18,5],[37,5],[46,11],[95,19],[13,4],[57,13],[43,13],[25,11],[23,15],[13,15],[-16,35],[4,21],[33,52],[52,32],[11,4],[56,11],[18,1],[51,-5],[14,-4],[33,-23],[10,-12],[10,-29],[18,-30],[21,-1],[29,11],[16,10],[21,20],[18,10],[12,4],[9,9],[4,14],[16,15],[26,4],[17,14],[16,8],[31,-2],[7,4],[25,3],[20,13],[3,-3],[20,3],[16,7],[14,0],[25,15],[16,5],[8,-3],[19,8],[8,-1],[0,-15],[-4,-7],[-15,6],[-29,-4],[-9,-6],[-3,-14],[35,4],[7,-3],[26,0],[10,-12],[33,14],[27,6],[26,10],[9,7],[29,10],[26,7],[20,9],[3,6],[24,4],[42,14],[57,14],[47,8],[23,2],[20,-1],[16,3],[3,-4],[74,7],[55,14],[5,4],[57,13],[25,-9],[13,-1],[19,15],[1,13],[14,24],[-5,7],[6,7],[14,6],[70,18],[40,5],[29,5],[29,8],[53,11],[37,10],[18,2],[7,-4],[-23,-9],[-27,-4],[4,-8],[-37,-5],[-15,2],[-4,-7],[23,-2],[21,-14],[-12,-7],[37,-11],[12,7],[10,-11],[26,4],[11,15],[13,9],[21,-6],[7,2],[9,13],[9,5],[9,-6],[25,-9],[9,2],[27,30],[51,24],[12,11],[-7,15],[7,12],[13,11],[16,6],[54,28],[43,34],[8,0],[3,18],[-3,15],[38,33],[1,6],[-2,49],[3,4],[95,32],[0,65],[53,3],[84,-47],[16,5],[43,11],[23,-13],[-3,-5],[14,-27],[8,-1],[17,-37],[9,-8],[19,-7],[37,2],[9,3],[99,39],[26,7],[70,22],[58,22],[42,14],[14,7],[42,13],[255,67],[66,18],[134,34],[39,7],[20,1],[15,5],[9,-1],[15,-14],[-4,-7],[4,-22],[30,-9],[52,4],[26,11],[10,-11],[17,-24],[5,-15],[12,-6],[27,-30],[4,-9],[1,-17],[10,-4],[22,2],[-28,32],[29,7],[0,8],[-13,6],[-35,4],[-9,13],[-1,9],[28,3],[38,-7],[20,-11],[6,0],[32,10],[63,12],[45,11],[27,4],[122,38],[57,20],[68,28],[13,3],[35,17],[24,4],[45,19],[33,13],[35,16],[88,30],[6,4],[44,18],[21,7],[49,21],[37,15],[17,11],[26,10],[81,36],[44,16],[30,15],[23,7],[8,9],[39,18],[6,-1],[69,-140],[24,-45],[1,-15],[22,-44],[-5,-68],[48,-225],[31,-154],[-1,0],[16,-77],[-18,-4],[-7,-7],[-8,-23],[6,-22],[23,-22],[1,-4],[-9,-27],[8,-4],[5,-13],[23,-25],[36,-28],[34,-20],[20,-14],[19,-11],[46,-7],[7,3],[28,-6],[-1,-18],[5,-18],[15,-22],[-12,-14],[-11,-20],[16,-6],[-4,-23],[16,-16],[-5,-9],[16,-21],[-11,-11],[39,-38],[20,-28],[-1,-8],[12,-16],[1,-19],[9,-28],[9,-10],[2,-10],[15,-20],[-1,-11],[8,-19],[8,-28],[11,-8],[18,-38],[-18,-30],[-10,-5],[-14,0],[-21,-6],[-13,-6],[-25,-2],[-6,-10],[9,-17],[5,-19],[-8,-3],[-2,-20],[-24,-23],[-37,-16],[1,-5],[-22,-20],[-21,-12],[-14,-23],[-9,-5],[-12,-23],[-11,-10],[-25,-17],[-12,-5],[13,-39],[14,-11],[21,8],[17,3],[20,14],[6,-1],[7,-26],[18,-14],[2,-7],[-9,-11],[11,-10],[-6,-19],[-16,-19],[-6,-18],[15,-16],[4,-13],[-8,-12],[8,-19],[14,-1],[5,-6],[-3,-11],[1,-27],[-10,-13],[-12,-23],[5,-9],[-13,-22],[-4,-16],[19,-2],[1,-17],[-5,-18],[5,-6],[15,-5],[2,-6],[1,-23],[-13,-13],[-5,-16],[-6,-2],[2,-25],[7,-13],[9,-9],[-2,-6],[25,-36],[0,-29],[-6,-12],[-12,-11],[0,-10],[-30,-25],[-10,-21],[-16,-13],[-16,-22],[2,-14],[-5,-15],[3,-13],[7,-5],[19,6],[4,-13],[29,16],[24,10],[9,-14],[28,-10],[-4,-9],[-4,-34],[10,-13],[2,-14],[-5,-17],[15,-15],[9,9],[13,-6],[10,-12],[14,-5],[8,-44],[5,-48],[9,-34],[9,-36],[10,-32],[24,-50],[31,3],[110,3],[15,8],[9,10],[19,11],[12,16],[27,21],[4,20],[5,8],[28,-25],[10,-7],[-1,-8],[25,-37],[4,-17],[35,1],[29,-1],[38,5],[69,-5],[46,1],[-1,11],[16,7],[8,-11],[27,-8],[10,-14],[14,-8],[5,-9],[11,2],[13,-17],[-17,-19],[7,-12],[-8,-8],[1,-13],[-14,-16],[9,-12],[1,-23],[7,-12],[15,-53],[23,-4],[2,-4],[-4,-20],[8,-18],[32,-38],[15,-15],[7,-25],[19,13],[6,-9],[17,-6],[6,-5],[35,-13],[21,-17],[4,-20],[22,-10],[31,-24],[0,-9],[-23,-44],[-9,-29],[1,-14],[28,11],[11,-5],[5,-18],[-16,-19],[20,-35],[10,-12],[11,-3],[35,8],[17,-25],[7,6],[12,-28],[18,2],[16,8],[2,-7],[-4,-21],[6,-46],[-13,-9],[5,-21],[5,-7],[11,-39],[16,-43],[22,-11],[-7,-28],[14,-8],[-12,-20],[10,-7],[4,7],[13,2],[12,-5],[-5,-10],[21,-12],[8,2],[8,-9],[20,-8],[10,-14],[28,-15],[14,-20],[13,6],[8,-8],[14,0],[24,-18],[22,23],[23,9],[16,2],[9,9],[27,3],[43,6],[4,8],[10,2],[42,15],[20,-33],[17,-42],[32,-36],[2,-11],[8,-5],[46,-48],[3,2],[19,-30],[22,10],[16,-3],[28,-12],[23,25],[17,14],[31,-33],[33,-55],[30,-40],[14,-12],[6,4],[13,-1],[11,-8],[16,6],[18,12],[2,13],[-7,24],[-2,31],[-6,12],[13,16],[12,5],[17,-1],[47,-10],[13,6],[8,19],[5,21],[5,7],[14,7],[11,23],[-1,14],[8,57],[-2,25],[-3,13],[-10,10],[6,27],[13,29],[7,9],[11,6],[13,-5],[9,11],[17,1],[23,10],[9,9],[-1,8],[-8,20],[-13,7],[2,10],[-7,10],[-18,11],[-1,24],[-4,13],[1,15],[9,16],[12,6],[47,33],[16,23],[16,11],[18,4],[4,9],[9,-1],[8,-9],[6,9],[8,0],[14,-8],[7,-16],[1,-13],[16,5],[11,-6],[17,0],[25,9],[24,20],[16,17],[13,29],[6,3],[28,3],[22,14],[28,13],[39,29],[10,11],[23,11],[9,9],[48,34],[17,21],[-6,9],[3,14],[17,4],[13,-5],[31,-25],[20,-5],[3,9],[12,-9],[23,-9],[10,-1],[14,5],[12,14],[5,18],[11,24],[35,14],[40,14],[7,13],[39,10],[26,-1],[14,-10],[30,-12],[43,-25],[25,-10],[4,-10],[10,-9],[21,-5],[30,3],[20,14],[-4,11],[6,11],[9,-3],[35,26],[13,4],[26,20],[19,22],[18,25],[2,10],[-11,15],[18,46],[7,13],[15,7],[13,-1],[4,-13],[15,-6],[16,-16],[8,0],[21,-23],[6,-22],[13,1],[9,-4],[11,6],[11,0],[20,7],[95,27],[17,-3],[6,-12],[2,-14],[7,-19],[-9,-3],[-4,-17],[7,-11],[19,-44],[14,-17],[3,-8],[15,-20],[4,-1],[19,-28],[14,-37],[12,-17],[18,-18],[13,-18],[1,-26],[-1,-12],[10,-9],[37,-16],[13,-8],[-5,-17],[24,-29],[8,-23],[11,-9],[3,-11],[-4,-23],[12,-37],[15,-14],[20,-3],[6,-9],[25,-12],[16,-18],[4,-8],[-11,-32],[-14,-17],[-27,-15],[-1,-11],[-7,-12],[2,-14],[25,-20],[23,-23],[20,-2],[14,-5],[4,7],[13,-4],[-1,-6],[16,-8],[10,-13],[1,-8],[-10,-9],[3,-26],[-26,-12],[28,-10],[6,8],[-6,6],[11,9],[14,-8],[8,1],[31,-5],[10,-24],[14,3],[7,8],[29,21],[13,-7],[10,-2],[11,9],[21,1],[16,-18],[18,10],[32,8],[5,-3],[20,-29],[-1,-6],[23,-29],[-9,-12],[25,-19],[9,-5],[33,-9],[3,-8],[-7,-30],[-6,-6],[-4,-18],[5,-9],[2,-19],[12,-14],[-7,-8],[-24,3],[-21,-3],[-5,-16],[17,-23],[1,-12],[20,-10],[-6,-17],[14,-17],[1,-12],[8,-18],[24,-13],[5,-7],[-12,-8],[-20,-3],[-18,-11],[-21,-9],[-14,2],[-31,-22],[-6,-10],[-22,-9],[-21,-16],[10,-31],[-5,-7],[3,-27],[-6,-3],[-1,-24],[-8,-11],[46,-66],[-11,-9],[7,-9],[18,-7],[5,-23],[-15,-30],[-8,-9],[-15,-31],[36,-31],[-1,-9],[20,-10],[-1,-8],[7,-15],[-2,-8],[23,-14],[-3,-12],[24,-6],[-7,-37],[-10,-3],[-7,-12],[-3,-19],[25,-12],[-4,-13],[38,-26],[-5,-11],[20,-16],[8,-16],[18,-16],[-1,-16],[8,-6],[-2,-20],[2,-17],[11,-2],[-4,-13],[19,0],[-7,-42],[16,-3],[0,-8],[-10,-28],[34,-10],[-12,-20],[-7,-26],[6,-7],[-11,-10],[3,-8],[-5,-75],[22,-14],[18,-28],[2,-22],[-3,-26],[-21,0],[3,-13],[-8,-13],[3,-32],[-3,-30],[31,-13],[5,3],[15,-17],[-29,-19],[-34,-13],[20,-31],[14,5],[11,-40],[-3,-4],[-26,0],[4,-15],[3,-33],[10,-28],[-13,-59],[7,-9],[9,0],[10,-19],[12,-7],[3,-24],[14,-10],[-3,-18],[-1,-22],[15,-22],[12,2],[7,-5],[7,-14],[14,3],[4,-8],[17,-6],[11,-10],[15,-4],[20,-12],[24,-9],[32,-6],[1,3],[30,0],[24,-7],[0,-18],[8,-12],[10,-4],[9,-17],[11,1],[13,-13],[-1,-8],[-10,-12],[8,-13],[13,-13],[24,-3],[13,7],[16,4],[8,-8],[19,-2],[24,-11],[19,-6],[11,-6],[30,-5],[10,2],[45,-13],[12,-12],[2,-15],[7,-11],[30,-27],[1,-16],[8,-23],[18,-8],[10,-15],[15,-6],[1,11],[13,-1],[12,11],[30,6],[15,14],[10,4],[1,7],[11,17],[9,7],[13,-9],[15,-15],[12,14],[-3,9],[24,6],[10,-3],[42,6],[2,11],[23,9],[21,15],[12,4],[10,-7],[17,8],[11,0],[7,6],[35,9],[23,27],[0,6],[23,21],[3,-5],[17,14],[3,-28],[4,-6],[16,8],[8,-19],[13,10],[13,-14],[9,10],[13,7],[13,29],[-3,24],[12,13],[6,12],[-5,31],[2,10],[23,21],[5,12],[16,6],[26,24],[-1,2],[19,19],[11,20],[15,15],[-7,12],[6,6],[21,1],[6,10],[22,-13],[7,-7],[15,-4],[10,-9],[16,1],[9,-7],[13,-3],[23,-20],[14,13],[14,6],[22,4],[5,3],[17,-7],[14,3],[7,-15],[8,4],[7,-10],[10,5],[20,-25],[46,-11],[9,-10],[-13,-20],[4,-11],[-4,-24],[-9,-10],[2,-7],[-8,-15],[9,-5],[-5,-18],[-10,-12],[-40,-36],[-18,-5],[-16,-7],[-4,-11],[6,-4],[-16,-16],[-12,-16],[-26,-38],[22,-43],[-11,-11],[5,-17],[-1,-10],[6,-9],[1,-21],[7,-3],[2,-11],[13,4],[3,9],[27,14],[12,1],[9,11],[23,8],[11,-1],[16,11],[16,23],[13,0],[12,9],[34,-4],[14,9],[25,0],[6,-6],[17,-2],[5,-6],[16,5],[12,6],[9,12],[19,3],[2,6],[30,1],[8,4],[12,-3],[16,1],[8,9],[11,-7],[21,-2],[18,9],[23,21],[6,1],[20,-10],[10,-12],[-14,-11],[7,-11],[22,-5],[22,-18],[-3,-17],[7,-10],[37,-12],[58,9],[19,9],[41,29],[34,21],[7,-7],[43,-64],[29,-37],[69,-51],[22,-18],[-16,-7],[13,-28],[1,-8],[19,-46],[18,-29],[39,-52],[12,3],[33,5],[2,-8],[13,-7],[7,9],[8,-5],[5,-11],[19,-30],[14,-6],[12,-10],[6,-14],[0,-20],[8,-10],[2,-8],[-24,-26],[2,-4],[-5,-24],[1,-16],[-6,-4],[10,-21],[19,-19],[11,-1],[21,-21],[9,-20],[-6,-3],[1,-62],[4,-18],[-4,-21],[0,-43],[22,-6],[2,-21],[-16,-5],[-1,-20],[3,-15],[8,-7],[4,-11],[-6,-7],[13,-31],[3,-16],[-1,-21],[-5,-14],[5,-17],[7,-4],[2,-17],[-9,-12],[-6,-29],[2,-15],[-2,-54],[9,-18],[-5,-17],[-9,-8],[-14,-4],[0,-13],[-9,-11],[-12,-37],[-10,-12],[3,-5],[-7,-14],[-9,-6],[-6,-16],[-10,-9],[-15,-9],[-6,-27],[1,-13],[-7,-8],[12,-25],[18,-11],[20,-2],[7,-13],[11,-36],[-1,-47],[3,-8],[-1,-40],[-6,-30],[-9,-3],[2,-13],[26,-4],[0,-19],[13,-3],[17,-11],[-3,-7],[17,-9],[12,-17],[-3,-10],[-17,-26],[-8,-17],[7,-6],[2,-16],[22,0],[4,-24],[11,-4],[-4,-10],[27,-14],[14,-12],[-4,-17],[15,-3],[9,-8],[1,-12],[36,-9],[-1,-17],[-7,-15],[-8,2],[4,13],[-11,2],[-4,-14],[10,-13],[14,-9],[13,-2],[-10,-22],[6,-13],[8,-6],[16,-2],[25,-16],[14,-19],[24,-27],[1,-13],[6,-13],[9,-8],[68,19],[-17,6],[-13,10],[9,9],[-8,8],[12,8],[-14,37],[-35,14],[7,14],[-11,10],[7,15],[-1,12],[12,7],[13,-5],[12,-13],[14,-4],[16,-16],[-5,-10],[8,-16],[-7,-1],[8,-20],[52,-20],[0,14],[13,-5],[10,12],[-18,26],[-13,14],[27,31],[-6,11],[13,22],[-17,18],[-5,24],[5,48],[27,-4],[0,36],[1,15],[11,-2],[2,9],[-10,7],[-1,10],[-9,10],[15,18],[21,13],[-18,9],[-11,2],[7,12],[10,-3],[3,13],[15,7],[1,25],[16,-3],[4,16],[32,-6],[-11,18],[12,9],[29,-5],[7,1],[14,-8],[4,-9],[19,5],[3,-5],[15,0],[20,-9],[15,40],[9,12],[23,-21],[14,3],[22,18],[26,-2],[27,7],[14,-1],[26,-13],[8,2],[21,-1],[10,-9],[28,-2],[10,5],[9,11],[6,-5],[13,20],[4,10],[14,-1],[20,-8],[23,-12],[7,-17],[4,-20],[-20,-32],[-7,-15],[25,-1],[29,8],[18,1],[17,26],[3,23],[-5,19],[1,10],[13,3],[28,-11],[17,-2],[19,8],[10,-3],[7,14],[37,-11],[23,-2],[20,-8],[24,-12],[19,-22],[5,-14],[7,-5],[4,-15],[0,-16],[-7,-7],[-2,-12],[34,16],[1,-18],[20,-15],[45,-24],[25,-6],[25,11],[8,-7],[24,11],[-1,9],[23,11],[5,-17],[2,-18],[-14,-2],[7,-18],[9,7],[8,-3],[-3,-17],[4,-14],[-2,-12],[-7,-1],[4,-13],[9,-7],[-19,-12],[-17,1],[4,-17],[53,13],[21,7],[23,-20],[9,9],[12,-6],[19,7],[7,10],[9,4],[2,-10],[44,23],[133,73],[19,10],[71,40],[14,11],[11,1],[8,6],[106,57],[0,-15],[4,-17],[-11,-31],[6,-5],[-17,-19],[13,-9],[25,31],[14,45],[6,-5],[7,-16],[21,-7],[22,-13],[11,-3],[11,-17],[20,8],[7,7],[-6,11],[10,8],[-4,8],[25,16],[8,10],[15,-7],[6,6],[17,-8],[6,6],[9,21],[11,-7],[16,2],[22,7],[5,-6],[14,-1],[24,19],[20,6],[-15,14],[18,36],[30,-5],[11,24],[26,-8],[-1,-12],[19,-21],[4,-21],[7,-20],[10,-2],[-1,-16],[9,-11],[-11,-13],[10,-7],[12,-15],[-4,-13],[10,-6],[23,-25],[22,-12],[30,2],[37,-3],[2,-8],[-7,-33],[13,-4],[-1,-25],[14,-1],[40,-12],[16,-8],[12,-32],[31,-37],[45,-31],[4,-25],[-3,-31],[5,-12],[4,-30],[-8,-2],[3,-13],[20,-5],[10,5],[7,11],[21,12],[27,6],[12,5],[16,-11],[11,16],[20,-16],[24,-27],[23,-31],[19,-45],[14,11],[8,-9],[7,2],[20,19],[13,-20],[-8,-4],[3,-13],[20,-20],[11,-6],[20,-98],[2,-22],[-6,-43],[1,-18],[-23,-27],[17,-40],[21,1],[19,5],[43,3],[-10,-50],[-1,-15],[-9,-14],[4,-13],[20,-6],[11,-19],[-6,-35],[-19,-2],[3,-23],[10,-6],[7,4],[36,8],[17,5],[13,-3],[14,-14],[7,-3],[20,1],[4,-2],[63,10],[10,21],[17,1],[3,13],[4,59],[-16,6],[-2,8],[-16,13],[-1,27],[-12,-2],[-10,4],[-19,2],[-17,11],[-33,9],[-6,14],[1,14],[21,14],[20,20],[-7,10],[8,19],[-6,12],[11,10],[33,-3],[10,41],[50,-8],[-6,-36],[50,-2],[-3,-41],[-9,-20],[16,-20],[3,-15],[10,1],[23,-11],[9,10],[28,-3],[10,-4],[10,2],[20,-13],[24,1],[12,12],[26,0],[17,-9],[6,-9],[15,2],[1,-12],[21,-18],[6,-19],[17,-39],[6,-28],[16,-9],[21,-22],[4,-21],[-9,-25],[-3,-26],[-28,-30],[-9,-5],[-18,-25],[-11,-8],[-21,-8],[-13,-14],[-2,-12],[-11,-5],[-3,-9],[-24,2],[-9,-10],[-31,9],[-2,-5],[-28,-33],[-49,-43],[-5,-5],[-1,-16],[-12,-35],[-23,-56],[-7,-17],[-14,3],[-5,-9],[-11,0],[2,-11],[12,4],[3,-6],[-9,-14],[-16,8],[-5,-11],[-24,-4],[3,-15],[-17,0],[-23,-6],[-25,0],[-19,-15],[-19,11],[1,-12],[7,-2],[8,-23],[-5,-30],[10,0],[14,-29],[24,-20],[10,0],[1,-45],[-2,-44],[-7,-15],[-13,7],[-9,-3],[3,-19],[10,-13],[-10,-14],[-2,-48],[-16,-13],[-3,-14],[6,-11],[-17,3],[-6,-4],[-12,-50],[-8,-4],[2,-10],[51,-13],[-5,-19],[-1,-52],[4,-11],[-1,-11],[-11,-21],[-16,-12],[-4,-8],[-9,-8],[-15,0],[-12,-12],[-53,-52],[-8,-31],[1,-10],[-10,-24],[5,-13],[-3,-18],[-19,-17],[-13,-4],[-21,-47],[5,-8],[18,-18],[7,-14],[38,-16],[31,-11],[14,-8],[5,2],[21,-1],[29,1],[16,-10],[10,11],[-5,9],[2,19],[11,16],[-3,11],[3,10],[58,-6],[68,-17],[39,1],[28,5],[53,10],[22,7],[18,-11],[10,-14],[-13,-21],[-1,-9],[-8,-9],[1,-20],[19,-15],[7,-12],[6,-26],[7,-10],[-9,-26],[1,-18],[11,-12],[-33,-45],[-13,-18],[-4,-30],[65,-2],[7,-10],[-15,-15],[-22,-16],[-6,-9],[4,-14],[14,-15],[9,-3],[5,-13],[9,-10],[24,9],[5,-9],[11,-6],[10,-12],[17,-34],[4,-28],[26,-21],[27,-5],[2,-43],[19,-32],[18,-49],[2,-22],[-5,-22],[-15,-29],[-28,-28],[-25,-16],[-14,-12],[-65,-27],[-43,-12],[-26,-5],[-9,-25],[-19,-27],[6,-4],[-8,-18],[-29,11],[-2,-11],[-26,-1],[-11,-15],[-33,-15],[-37,-9],[-6,12],[-48,12],[-10,2],[-7,11],[-9,2],[-11,-14],[0,-8],[-11,-22],[-14,-12],[-17,-28],[-12,-13],[-4,-9],[0,-21],[-13,-16],[1,-8],[-13,-25],[-29,-14],[-1,-27],[-8,-9],[-27,-37],[-16,-29],[-3,-1],[-4,-27],[2,-10],[-3,-21],[13,-9],[-8,-9],[11,-9],[13,-32],[6,3],[30,-12],[-6,-10],[-15,-11],[3,-7],[13,10],[16,0],[7,-9],[-15,-20],[22,-15],[43,-26],[27,23],[20,-16],[9,-57],[-8,-9],[-18,-13],[-8,-28],[-6,-5],[1,-16],[-9,-11],[-16,-25],[-19,1],[-24,-11],[-1,-11],[-12,-14],[-5,-14],[-18,-6],[4,-16],[13,-15],[9,-5],[20,12],[8,1],[13,-23],[6,-2],[16,11],[14,3],[16,-3],[36,5],[12,11],[43,-1],[18,-12],[4,-20],[7,-12],[11,-8],[42,-5],[11,-9],[31,-10],[15,-15],[25,-4],[4,-4],[6,-20],[-5,-14],[-11,-7],[-3,-12],[3,-31],[-7,-10],[-3,-15],[10,-15],[11,-4],[3,11],[16,3],[8,9],[8,-4],[19,10],[11,1],[17,-6],[16,8],[27,-9],[30,7],[2,7],[26,7],[24,-15],[13,-1],[20,1]],[[63765,88404],[-7,-18],[-1,-35],[-7,-17],[-5,-42],[-6,-12],[-13,-13],[-19,-14],[-5,-14],[-12,-17],[-5,-20],[-5,-8],[2,-19],[-7,-25],[2,-29],[-4,-65],[-8,-32],[-7,-50],[-3,-14],[4,-18],[15,-3],[9,-8],[5,-11],[12,-3],[57,-5],[10,-3],[-2,-50],[12,-6],[55,-7],[17,-11],[21,3],[23,11],[15,5],[11,-1],[-27,-126],[0,-10],[-7,-11],[3,-19],[14,-9],[5,2],[-3,-62],[-6,-44],[0,-73],[-21,-74],[-4,-31],[-2,-27],[-29,-43],[-29,-20],[-49,-22],[-10,-28],[-2,-19],[3,-19],[-11,-18],[-5,-13],[2,-30],[-20,2],[-21,-22],[-1,-48],[-6,2],[-12,-43],[2,-19],[-4,-29],[-12,-39],[6,-10],[-6,-7],[6,-11],[-36,-83],[50,-16],[-6,-19],[-12,-25],[12,-4],[7,-24],[25,-32],[8,-14],[-8,-15],[-10,-29],[-11,-16],[-31,-22],[-53,-30],[-17,-11],[-7,-11],[1,-11],[-5,-7],[10,-8],[0,-12],[30,-14],[2,-13],[12,-26],[33,14],[9,7],[58,0],[21,-30],[15,-13],[17,-8],[12,-8],[21,-3],[11,0],[1,-18],[-6,-33],[18,-30],[24,-18],[9,-3],[-8,-15],[-11,-9],[-19,-7],[-12,-12],[-17,-10],[-10,-1],[-14,-10],[-26,-22],[-8,-13],[-16,-11],[-2,-20],[-12,-21],[2,-21],[-5,-12],[1,-20],[-4,-50],[9,-14],[14,-2],[19,1],[2,-4],[-36,-6],[-9,-5],[-17,-28],[-14,3],[-4,-9],[-18,-8],[-9,4],[-6,-11],[-14,-10],[-19,7],[-23,-5],[-16,-7],[-12,-22],[-25,-12],[-3,-11],[-12,-13],[-13,-1],[-10,-5],[-3,-8],[-16,-2],[7,-40],[5,-5],[-19,-13],[-2,-18],[-15,3],[3,-16],[-4,-15],[-9,0],[-11,-20],[-4,-14],[7,-37],[-25,-3],[-20,-5],[-2,-11],[-13,-4],[-25,1],[-17,-14],[-21,-4],[-14,0],[-2,-12],[-22,-3],[-34,-14],[-12,1],[-25,-16],[-48,-22],[-7,-11],[15,-33],[14,-42],[14,-15],[-4,-8],[-22,-4],[-12,-7],[-7,4],[-12,-7],[-8,19],[-21,-3],[1,-23],[-16,6],[-33,16],[-18,-1],[2,-22],[-8,-27],[1,-10],[-6,-19],[-10,-49],[-13,-75],[7,-39],[11,3],[6,-37],[-7,-15],[-11,-14],[-5,-20],[-16,-37],[-21,-20],[-2,-18],[18,-5],[-28,-38],[5,-19],[-28,14],[2,-20],[-4,-11],[-12,9],[-10,16],[-32,-11],[-8,-1],[-14,-25],[-6,-18],[-63,19],[-19,5],[-6,-15],[-29,23],[3,11],[-12,16],[-16,3],[-18,9],[-5,-6],[-10,-1],[-17,7],[-14,23],[-24,-2],[-23,-14],[-26,-2],[-25,12],[5,-11],[3,-16],[-22,4],[-10,-2],[-20,23],[1,10],[-26,7],[-23,-1],[-5,-47],[8,-9],[15,2],[-1,-19],[-8,-16],[-13,2],[-4,-14],[-12,-2],[12,-25],[-13,-29],[-42,-3],[-3,-2],[-26,1],[-20,-14],[17,-35],[58,-71],[18,-19],[61,-97],[35,5],[11,-50],[36,-6],[7,18],[31,-13],[8,-8],[-10,-24],[-37,11],[-7,-18],[-2,-30],[27,4],[4,-38],[-12,-31],[8,-4],[-3,-15],[-12,-13],[2,-21],[-2,-10],[14,-10],[-1,-9],[5,-9],[16,-13],[-8,-6],[18,-6],[10,19],[6,-3],[13,11],[3,-11],[14,-7],[26,-4],[-7,-10],[4,-7],[-9,-39],[-19,0],[-2,-8],[-12,-5],[-22,-2],[4,-16],[-9,-9],[-10,-5],[9,-11],[-9,-9],[-12,16],[-16,-25],[18,-5],[-6,-20],[-10,5],[-5,-28],[-11,4],[1,-18],[-13,-1],[-16,4],[-11,-21],[-11,8],[-5,-6],[-11,-57],[39,-5],[20,1],[52,-16],[13,2],[56,-20],[3,-26],[9,-35],[-5,-10],[4,-38],[6,-28],[-4,-21],[0,-16],[-27,-14],[11,-9],[6,-18],[-7,-2],[9,-22],[-27,-20],[-2,9],[-26,39],[-9,10],[-7,16],[-16,-5],[-46,-21],[13,-19],[-10,-7],[25,-33],[10,-26],[-34,-23],[2,-24],[-19,3],[-39,2],[-38,-2],[-16,2],[-4,-33],[4,-87],[6,-114],[0,-146],[5,-28],[-4,-10],[15,0],[1,-15],[22,0],[6,-14],[3,-19],[15,-2],[9,-26],[16,-16],[-6,-16],[4,-11],[10,-6],[15,-47],[19,4],[3,-19],[10,-4],[1,-11],[19,0],[11,-25],[-18,-2],[-11,9],[-20,9],[-21,-11],[-10,-13],[-12,-8],[-15,-3],[-5,9],[8,7],[0,13],[-9,9],[-9,1],[-12,-21],[-14,-15],[-8,-3],[-9,-26],[-18,-9],[-21,-24],[13,-27],[5,-27],[11,-4],[-6,-26],[19,-7],[3,-6],[-10,-123],[33,10],[9,-7],[1,-13],[7,-1],[4,-34],[-14,-68],[-2,-15],[-20,2],[-2,-38],[-14,2],[-5,-34],[-13,-1],[-7,-98],[-10,3],[-3,-46],[-7,-5],[9,-11],[-3,-21],[7,-5],[-3,-48],[-11,-154],[-24,2],[-6,-9],[-24,0],[-2,8],[-30,4],[-37,0],[-1,-20],[-33,-1],[-6,34],[-5,17],[-6,5],[-5,19],[-12,34],[-5,8],[-25,-13],[-4,9],[-15,-5],[-11,36],[-16,-7],[-10,67],[-23,2],[-59,9],[-40,2],[-32,-1],[-2,-4],[-21,-5],[-20,-3],[-33,-8],[-39,45],[-15,25],[-6,-3],[-15,15],[-29,22],[-5,-3],[-20,17],[12,8],[-14,17],[-19,30],[-19,23],[-12,19],[-20,23],[15,12],[-14,10],[-34,38],[-12,11],[-7,-18],[-10,-4],[-12,-9],[-20,-4],[-17,-9],[-4,-52],[-11,-4],[-23,-32],[-43,-7],[-6,0],[-48,-11],[-9,28],[-7,13],[1,22],[-18,6],[-9,10],[-30,15],[-15,16],[-6,14],[-24,6],[-30,-10],[-17,3],[-5,16],[-16,0],[-31,-15],[-37,-21],[-16,-19],[-15,-3],[-15,2],[-17,9],[-7,14],[-12,0],[-11,-12],[12,-9],[-1,-8],[-32,5],[-31,8],[-15,7],[-13,-6],[-11,9],[-34,-2],[-25,-6],[9,-16],[21,2],[14,-5],[40,-25],[17,-11],[14,-57],[36,6],[11,-29],[21,-12],[13,0],[18,8],[6,-7],[22,-4],[11,-12],[-13,-17],[11,-28],[-22,-6],[3,-18],[13,-31],[5,-17],[3,-21],[-7,-20],[-14,-12],[-3,-16],[-21,-7],[-5,-17],[18,2],[6,-17],[-37,-6],[-4,12],[-15,-2],[6,-20],[-1,-7],[14,-11],[14,-16],[19,-16],[-2,-9],[14,-19],[10,-9],[-8,-21],[-16,-27],[15,-6],[-25,-26],[-6,-14],[-49,19],[-30,20],[-34,7],[-19,7],[-38,26],[-26,14],[0,34],[-7,-4],[-23,6],[-38,-5],[-28,10],[-31,4],[-21,5],[-41,-10],[-21,-13],[-28,-19],[-24,-7],[-19,-13],[-21,-10],[-13,42],[-22,-12],[-17,-16],[-11,-3],[-36,-22],[-9,8],[-7,-5],[-33,-33],[-14,5],[-23,0],[-3,4],[-37,-7],[-39,-5],[4,-51],[4,-28],[1,-32],[-71,-18],[-5,6],[-29,0],[-38,2],[-62,-21],[-60,-8],[-27,-8],[-20,-14],[-20,-21],[-11,12],[-16,-29],[-35,0],[-5,-11],[-23,-10],[-18,-5],[-39,-1],[-1,8],[-15,-2],[-28,-45],[0,-9],[-24,-10],[-38,-13],[-14,-12],[-44,-5],[-12,-23],[-13,-10],[-1,-45],[-3,-1],[1,-22],[1,-31],[-19,-13],[-5,3],[-10,-12],[14,-30],[14,-20],[39,-21],[9,-8],[24,-7],[18,-15],[9,0],[2,-40],[10,-3],[-22,-25],[-22,-16],[-7,-46],[31,-36],[18,-19],[10,-19],[9,-10],[19,-7],[-17,-12],[-5,5],[-17,-15],[-3,-14],[-11,-19],[-8,-7],[0,-23],[-15,-37],[11,-14],[-13,-16],[7,-4],[19,10],[-7,19],[17,36],[17,-5],[-7,-21],[18,-6],[-6,-20],[16,-20],[-5,-4],[13,-19],[13,-43],[-6,-8],[26,-31],[-12,-14],[3,-9],[16,-15],[11,-1],[18,6],[9,-15],[13,-35],[-39,-20],[-18,-4],[-8,-13],[12,-28],[-1,-9],[-21,-32],[-17,-11],[6,-9],[-19,-11],[-13,12],[-34,-21],[-15,11],[-10,1],[-5,-7],[26,-22],[6,-11],[-23,-28],[13,-19],[0,-11],[12,-13],[21,-7],[20,-17],[13,18],[43,-14],[26,-11],[27,-15],[19,-18],[-14,-5],[-12,-12],[-7,-15],[3,-22],[25,-18],[5,-6],[14,-1],[18,12],[15,17],[8,3],[14,15],[9,35],[15,-3],[8,13],[6,-9],[9,0],[3,-13],[6,-10],[0,-12],[6,-8],[27,-6],[2,-22],[-9,-31],[-11,-12],[-14,14],[-19,-11],[-4,-6],[13,-43],[-9,-20],[15,2],[51,-22],[-6,-19],[-4,0],[-10,-27],[18,-12],[36,-9],[-3,-13],[7,-1],[12,6],[22,-20],[17,-12],[37,-21],[26,35],[7,-1],[-1,16],[20,-4],[29,0],[5,4],[16,-6],[15,15],[17,-15],[42,0],[9,-54],[-28,-8],[10,-25],[-11,-6],[4,-81],[-3,-5],[2,-33],[-62,-2],[-21,-13],[-77,-43],[0,-4],[-39,-23],[-15,-18],[-22,-8],[-20,-3],[-32,-7],[10,-21],[-34,-18],[-20,41],[-2,25],[-11,8],[0,12],[-20,16],[-12,4],[3,8],[-9,7],[-25,-2],[-10,11],[-23,3],[-21,-6],[-13,-9],[-43,-22],[-23,-6],[-61,-5],[-21,-9],[-27,-4],[-14,5],[-80,3],[-12,15],[-22,-4],[-19,1],[-24,10],[-7,-4],[-17,3],[-15,-2],[-8,-14],[2,-6],[-11,-11],[-5,-24],[-1,-21],[12,-44],[-4,-2],[-35,-1],[-34,-44],[6,-11],[3,-17],[4,-35],[-26,-44],[-34,-30],[-23,-8],[22,-63],[12,5],[50,33],[17,-42],[17,-30],[16,-31],[23,-37],[5,-33],[11,-29],[23,-42],[1,-10],[-7,-8],[17,-24],[0,-14],[14,-24],[48,-56],[-2,-38],[-17,-24],[-15,-13],[-16,-17],[-55,-15],[-36,6],[-11,5],[-24,15],[-14,3],[-10,-2],[-34,-31],[-7,-14],[-3,-19],[-1,-28],[-8,-14],[-18,-16],[-19,-10],[-29,0],[-31,-11],[-6,-118],[-6,-45],[-1,-19],[5,-2],[-10,-26],[17,-53],[55,7],[36,6],[47,-10],[9,-4],[39,-2],[13,31],[21,9],[69,22],[27,4],[43,-7],[16,-22],[16,28],[10,11],[23,20],[9,-19],[25,-5],[18,-25],[18,-9],[27,4],[10,-29],[4,-16],[26,-49],[8,-18],[17,-52],[16,-10],[9,-14],[11,-11],[-9,-24],[0,-20],[-8,0],[-11,-22],[-31,-31],[-35,-32],[-31,-13],[-41,-5],[-19,3],[-38,-2],[-41,4],[-9,-17],[-20,-45],[-14,-28],[-70,-130],[8,-19],[15,0],[-21,-60],[6,-2],[-18,-24],[2,-32],[-10,-30],[1,-5],[-29,-9],[-35,9],[-8,8],[-26,-22],[-11,-7],[-11,15],[-15,8],[-11,-10],[-6,-10],[-50,-40],[4,-14],[12,-15],[54,-42],[-10,-19],[-6,-3],[-1,-17],[6,-3],[19,-55],[-37,3],[-10,4],[-18,0],[-21,-4],[-39,-20],[-16,-13],[-37,-12],[-14,-8],[0,-53],[-7,-18],[-5,-36],[5,-7],[-3,-24],[2,-10],[20,-15],[-15,-20],[-10,-19],[-9,-11],[-5,-35],[-28,-9],[-9,-18],[-8,-6],[-9,15],[-19,39],[-51,-30],[-4,3],[-16,-14],[-5,3],[-9,27],[-30,-5],[-72,-51],[-10,25],[-15,-7],[-45,-68],[-10,-5],[0,-24],[-4,-13],[-13,-17],[-4,-11],[-14,-21],[-3,-13],[-14,-3],[-21,-27],[-12,-21],[9,-11],[-4,-42],[-21,-62],[-21,-53],[-10,-17],[-1,-12],[-19,-15],[-6,0],[-18,-8],[-20,-4],[-15,-10],[-12,-2],[-22,-10],[-23,-3],[15,-28],[0,-21],[23,-42],[-6,-4],[-7,-52]],[[63765,88404],[17,3],[5,5],[21,6],[4,13],[14,13],[16,-2],[16,11],[8,-4],[22,5],[23,10],[33,3],[10,3],[17,-3],[15,8],[25,7],[18,-1],[6,-6],[13,-3],[25,1],[9,6],[13,-10],[31,5],[20,-5],[35,4],[14,6],[23,5],[13,7],[3,10],[9,2],[9,10],[11,-1],[5,10],[16,4],[9,-6],[8,-13],[13,-12],[6,0],[20,-18],[38,-13],[18,-2],[12,-6],[27,2],[16,7],[11,-4],[17,-15],[18,-27],[16,-10],[15,-16],[17,-27],[14,-15],[16,0],[19,-2],[12,4],[52,0],[23,-10],[25,-3],[38,10],[31,16],[8,-4],[8,-14],[0,-11],[35,-17],[10,-18],[13,-1],[8,10],[10,3],[24,-7],[15,9],[27,0],[9,-7],[30,-4],[12,-8],[26,2],[13,-3],[17,-18],[30,-7],[17,-14],[58,-27],[35,4],[21,-26],[5,-10],[9,-2],[147,69],[90,41],[21,-19],[18,0],[5,9],[12,0],[27,8],[12,6],[28,-4],[23,-5],[26,-3],[24,-5],[9,-4],[6,13],[14,14],[4,8],[25,17],[35,-14],[7,16],[1,20],[10,19],[15,21],[12,11],[9,17],[-2,8],[7,10],[26,24],[14,17],[10,9],[0,7],[11,6],[-3,13],[31,-7],[12,0],[19,-6],[24,4],[29,7],[10,6],[12,-2],[25,7],[3,8],[20,14],[16,16],[13,8],[8,17],[3,33],[3,7],[31,17],[19,15],[15,-2],[35,10],[29,13],[30,8],[15,-1],[33,-8],[22,0],[5,4],[14,-1],[34,8],[9,-4],[33,-1],[18,3],[9,7],[19,6],[29,-6],[29,23],[31,2],[15,12],[15,-1],[15,9],[15,4],[10,6],[24,4],[12,9],[41,2],[11,5],[3,17],[10,8],[19,-1],[15,3],[20,-4],[12,-10],[9,-2],[12,10],[22,-2],[13,5],[7,-7],[18,-5],[14,1],[16,-2],[8,8],[-25,28],[-20,16],[-7,25],[3,17],[-13,19],[0,16],[15,22],[11,12],[-18,22],[-1,33],[3,23],[-3,25],[6,19],[0,19],[-13,9],[-3,12],[25,18],[0,14],[9,15],[2,11],[11,23],[4,31],[10,9],[2,13],[6,10],[14,13],[-7,24],[-1,22],[-3,3],[9,22],[11,8],[12,21],[-1,16],[-13,6],[-5,10],[3,11],[-7,8],[1,13],[-8,3],[-19,-12],[-9,-2],[-35,1],[-4,34],[-8,21],[-9,20],[-10,6],[-15,15],[1,11],[9,8],[27,10],[9,9],[4,11],[10,9],[-3,12],[0,29],[13,30],[7,24],[11,27],[16,8],[26,60],[16,22],[0,7],[8,17],[13,8],[26,1],[20,5],[15,-2],[5,17],[15,26],[26,9],[217,104],[11,47],[-35,59],[54,-7],[46,132],[-5,20],[72,37],[48,15],[113,70],[69,44],[112,159],[9,12],[7,-2],[-9,-24],[-2,-42],[8,-24],[24,-27],[9,-4],[9,-12],[10,-30],[22,3],[12,-3],[22,9],[9,-10],[19,7],[11,-4],[17,-1],[6,-10],[12,-1],[31,5],[24,-3],[27,0],[4,7],[18,1],[11,6],[8,-4],[39,7],[20,-10],[6,-10],[-5,-23],[14,-4],[-7,-10],[8,-33],[12,-15],[-1,-11],[-7,-15],[34,-7],[12,-8],[12,4],[36,0],[13,-23],[-15,-32],[-27,-7],[-6,-12],[-22,-23],[-12,-3],[-15,6],[-30,7],[1,-46],[-22,-10],[-16,-4],[-15,-15],[1,-13],[-17,-23],[-9,-22],[18,-36],[0,-8],[12,-22],[3,-12],[9,-16],[-2,-19],[4,-2],[-20,-42],[0,-21],[-13,-37],[-11,-7],[12,-9],[14,0],[25,-9],[9,-10],[-9,-13],[-10,-23],[-5,-32],[-25,6],[-17,15],[-8,13],[-33,23],[8,13],[4,27],[-7,12],[-16,17],[-17,5],[-11,7],[-31,0],[3,-10],[-3,-15],[-7,-7],[-42,-29],[-17,-1],[-13,-16],[4,-11],[21,-8],[6,-23],[15,-34],[12,-18],[-4,-10],[-20,0],[-18,-5],[12,-22],[-8,-13],[11,-19],[-8,-18],[0,-17],[-4,-14],[-13,-27],[-9,-31],[-21,-4],[-32,8],[-28,-8],[-11,2],[-32,-10],[15,-13],[2,-7],[-7,-12],[-15,-16],[10,-14],[7,-3],[22,1],[22,-8],[12,-25],[-18,-43],[-1,-16],[18,-29],[8,-2],[9,-11],[11,4],[10,-6],[23,7],[5,-7],[10,-1],[7,-26],[-4,-30],[5,-21],[-9,-20],[-35,-26],[-26,-3],[-10,-3],[-7,-14],[-2,-15],[-5,-12],[-35,-21],[-1,-7],[-18,-10],[5,-9],[0,-15],[12,-21],[-18,-11],[-11,-11],[1,-26],[-7,-19],[10,-11],[6,-13],[12,-13],[-2,-10],[-13,-23],[-7,-18],[1,-11],[-4,-14],[-10,-17],[3,-7],[-4,-16],[0,-15],[6,-16],[16,-22],[-7,-15],[-8,-5],[-20,-26],[-8,-20],[-14,-4],[-12,-25],[-13,-13],[-1,-7],[-22,-14],[-8,3],[-22,-4],[-10,5],[-16,0],[-14,-6],[-3,-6],[13,-41],[0,-23],[-17,-21],[-6,-23],[-9,-12],[-2,-23],[0,-21],[7,-23],[-3,-29],[5,-13],[-3,-14],[31,2],[7,-2],[37,-22],[9,-2],[23,-13],[37,-1],[23,-7],[20,-10],[18,-11],[10,-3],[29,0],[10,-15],[13,-9],[18,0],[14,11],[20,1],[8,5],[13,-1],[17,-10],[24,-6],[11,-11],[9,-19],[8,-27],[13,-25],[6,-28],[22,-49],[13,-21],[11,-2],[41,-23],[17,-12],[15,-3],[7,-10],[25,-21],[24,-15],[14,-15],[-6,-55],[63,-75],[-11,-11],[-4,-16],[-18,-8],[-32,3],[-20,-13],[-5,-32],[24,3],[19,0],[14,3],[14,-25],[-5,-20],[-16,-13],[-20,-5],[-20,-9],[-5,-6],[0,-14],[-6,-14],[-15,-15],[-36,-70],[6,-16],[11,-19],[-4,-12],[-13,4],[-17,-6],[-18,-33],[-15,-37],[-3,-16],[11,-28],[-3,-5],[-24,-19],[-13,-4],[-22,1],[-10,4],[-15,11],[-11,19],[-9,-2],[6,-11],[17,-14],[-2,-5],[5,-20],[-1,-22],[6,-26],[-3,-28],[0,-19],[3,-15],[24,-42],[9,-6],[5,-9],[-7,-22],[8,-29],[31,2],[24,-2],[10,2],[13,-81],[-20,-10],[7,-15],[10,-5],[-4,-22],[11,-14],[-6,-19],[3,-31],[26,-18],[10,-3],[11,-9],[-2,-19],[-5,-12],[-27,-13],[-13,-2],[-4,-9],[-14,-13],[-9,1],[4,-26],[-11,-36],[3,-19],[-10,-8],[-4,-18],[3,-11],[-12,-5],[-12,-10],[-3,-6],[0,-30],[-20,-20],[-31,-15],[13,-10],[19,-4],[17,-13],[10,-13],[26,-7],[16,5],[26,-1],[4,3],[-7,41],[9,-1],[32,0],[31,-6],[9,-12],[41,-36],[8,6],[19,-1],[24,-4],[20,9],[9,-19],[10,-13],[31,-5],[21,2],[24,11],[38,8],[18,11],[24,-3],[9,-7],[38,-7],[9,14],[-1,16],[46,32],[22,-3],[12,-10],[14,24],[6,15],[1,23],[3,12],[11,2],[34,17],[20,7],[-1,-9],[20,-19],[18,-11],[11,4],[21,2],[11,34],[25,1],[10,-6],[20,-2],[13,-7],[17,4],[19,-10],[56,7],[12,5],[29,-12],[-3,-25],[4,-6],[-10,-13],[9,-11],[21,-8],[4,-14],[12,-17],[4,-12],[18,-20],[-3,-26],[7,-19],[8,-9],[21,-9],[9,-10],[33,-15],[8,-7],[25,-8],[16,-12],[31,-12],[31,-18],[19,-15],[11,1],[11,-7],[25,-9],[35,-2],[15,-6],[15,-12],[38,-12],[17,1],[6,-15],[4,-36],[36,-4],[15,-4],[8,-6],[16,9],[36,9],[14,-2],[29,9],[16,31],[21,-17],[19,-10],[11,-29],[23,-23],[28,-44],[7,-16],[25,-28],[22,-31],[13,-30],[16,-18],[6,-17],[20,-26],[-1,-28],[6,-14],[13,-22],[7,-29],[15,-24],[-8,-39],[-6,-36],[0,-22],[10,1],[11,-11],[1,-19],[-1,-21],[19,10],[21,1],[14,-7],[24,8],[23,-1],[11,-24],[4,-18],[12,7],[18,16],[7,15],[10,10],[6,14],[2,19],[13,14],[7,1],[15,-11],[17,-7],[15,-17],[9,-7],[6,-14],[16,-12],[3,-10],[-1,-18],[4,-24],[-8,-21],[-4,-28],[-6,-22],[6,-21],[3,-21],[-5,-27],[12,-6],[16,5],[34,0],[21,9],[36,1],[30,-6],[14,2],[22,11],[14,-2],[13,-10],[2,-13],[8,-4],[25,4],[8,7],[6,13],[20,18],[18,-9],[20,-26],[3,-8],[10,-5],[19,-28],[14,-12],[19,8],[11,10],[19,6],[21,12],[23,5],[7,-2],[14,-11],[18,-6],[26,-1],[12,-4],[-2,-41],[30,14],[25,22],[3,11],[25,28],[9,16],[55,9],[14,12],[15,3],[11,-8],[16,-17],[25,-19],[35,-33],[3,-23],[-4,-9],[18,-2],[2,-18],[7,-10],[13,-11],[20,-8],[3,-12],[16,-10],[6,-17],[14,-9],[17,-3],[7,-10],[19,-7],[6,-10],[18,-4],[25,-15],[12,-23],[14,-8],[10,-13],[10,-7],[5,-15],[12,-4],[10,-10],[36,-43],[21,-12],[13,-23],[3,-11],[10,-9],[0,-19],[-35,-28],[-14,-3],[-20,-19],[-26,-14],[5,-19],[-10,-7],[-14,-23],[-13,-11],[-5,-15],[-22,-18],[-4,-6],[-5,-24],[-20,-36],[-1,-30],[3,-21],[-6,-10],[11,-15],[11,-28],[22,-23],[4,-22],[-1,-14],[3,-32],[10,-9],[14,5],[9,15],[8,5],[3,11],[11,5],[14,-9],[4,10],[19,12],[31,8],[20,-11],[27,-2],[23,11],[-17,17],[12,1],[14,18],[11,19],[0,28],[-2,12],[6,13],[2,13],[12,12],[8,17],[26,-2],[18,-4],[6,-21],[8,-4],[9,-15],[19,0],[3,-7],[10,2],[9,-13],[1,-14],[7,-5],[20,4],[20,-7],[15,0],[10,7],[10,-1],[14,-18],[12,-2],[18,-18],[13,0],[5,-5],[14,0],[12,-9],[10,1],[23,-8],[7,-9],[27,-11],[0,-7],[18,-43],[10,-10],[18,0],[24,-7],[19,-10],[20,-31],[28,-56],[35,-8],[11,-7],[23,-23],[19,-36],[-16,-24],[4,-24],[25,-62],[11,-45],[9,-27],[11,-50],[41,-24],[31,-6],[60,0],[-12,-24],[-17,-27],[-10,-22],[-11,-19],[-9,-10],[-5,-26],[-7,-10],[-11,-7],[-25,-6],[10,-20],[4,0],[22,-15],[17,-7],[18,-21],[21,-19],[8,-5],[21,-23],[12,-5],[30,-22],[6,-27],[-1,-23],[-6,-2],[1,-15],[12,-66],[-35,-3],[-12,-14],[-10,-3],[3,-10],[-25,-17],[-2,-13],[-10,-5],[-32,-9],[-10,-8],[2,-8],[15,-5],[-3,-8],[32,-15],[-1,-19],[10,-3],[5,10],[11,-13],[24,-9],[-1,-7],[14,-8],[11,-3],[6,-7],[-4,-28],[-5,-8],[-2,-13],[1,-21],[13,-13],[-9,-18],[20,-6],[23,-12],[8,-2],[14,5],[27,24],[12,24],[-1,17],[14,22],[9,3],[2,13],[9,-2],[16,4],[22,1],[60,-12],[120,28],[106,40],[20,14],[34,6],[17,23],[6,15],[-2,8],[7,36],[18,22],[16,16],[14,6],[33,19],[14,-12],[13,-6],[2,-13],[18,-7],[8,0],[10,19],[17,5],[8,-6],[8,6],[19,-18],[18,-8],[31,-10],[-1,-3],[21,-10],[3,5],[19,-11],[9,-9],[17,13],[13,-8],[12,-13],[28,-25],[22,-31],[-9,-20],[21,-14],[-4,-12],[8,-3],[-6,-15],[2,-4],[23,-16],[25,-13],[7,12],[7,25],[18,23],[11,25],[7,2],[22,54],[-7,22],[1,12],[-9,17],[-25,26],[29,56],[14,18],[31,31],[11,3],[2,8],[24,12],[1,6],[-9,17],[25,9],[-5,16],[29,10],[23,12],[14,4],[-4,32],[10,2],[28,-3],[1,10],[15,3],[22,-5],[20,4],[13,8],[14,18],[4,-8],[9,-4],[8,5],[26,-28],[9,-20],[26,8],[18,1],[25,-3],[19,-9],[-6,-16],[-1,-10],[51,7],[13,1],[1,-9],[23,-11],[6,-11],[8,0],[8,-9],[17,0],[-5,-17],[10,-9],[25,-7],[7,8],[10,0],[5,-10],[22,7],[10,9],[12,2],[7,-15],[20,11],[6,-8],[22,7],[10,13],[-4,11],[9,15],[10,6],[4,-10],[26,10],[25,6],[-9,-11],[20,-8],[17,-25],[3,-21],[46,7],[17,2],[26,11],[20,15],[16,2],[7,6],[-9,14],[-6,19],[8,11],[7,30],[-5,13],[5,6],[-4,12],[-7,8],[5,21],[-4,10],[10,8],[15,5],[-11,31],[10,5],[20,-8],[16,5],[21,11],[23,7],[20,-1],[11,-12],[8,-23],[12,-11],[13,12],[5,-12],[21,-10],[13,-20],[17,-19],[21,-17],[1,-7],[33,-10],[24,-11],[21,0],[25,13],[20,-15],[3,-10],[11,-12],[23,12],[6,-13],[12,-7],[-4,-7],[-26,-13],[-24,-10],[-17,-10],[3,-17],[23,12],[9,-5],[7,-16],[7,-9],[5,-17],[7,-4],[30,10],[8,0],[12,12],[24,9],[7,6],[17,5],[24,12],[14,3],[14,-54],[29,-45],[16,-31],[-19,-5],[-32,-17],[-22,-6],[-6,-8],[4,-36],[7,-3],[3,-28],[13,-4],[11,-11],[0,-6],[30,-21],[25,-9],[9,-22],[-2,-24],[6,-16],[22,-18],[14,-5],[26,-7],[6,-18],[14,-9],[3,-13],[27,-22],[24,-6],[15,10],[4,-13],[8,-6],[25,1],[30,7],[22,-4],[16,-7],[6,-9],[12,-6],[20,2],[23,-3],[29,11],[19,5],[5,6],[21,14],[1,17],[8,-2],[23,4],[26,-5],[29,-13],[4,8],[9,-2],[14,-14],[24,-11],[21,24],[12,-11],[12,10],[13,3],[28,1],[20,-8],[-7,-19],[7,-25],[10,-3],[-8,18],[19,3],[0,-7],[20,-5],[-1,-6],[15,-8],[6,-10],[17,0],[4,-11],[12,5],[27,-5],[30,-3],[6,-15],[20,2],[20,-1],[12,-24],[-20,-7],[-19,-20],[23,-35],[12,-2],[11,-8],[-2,-25],[3,-8],[-2,-14],[-16,-20],[-14,0],[6,-10],[8,-2],[-1,-19],[4,-13],[-6,-17],[12,-10],[2,-32],[12,-21],[11,-8],[13,-18],[15,4],[8,23],[32,-9],[5,-14],[-9,-26],[-7,-31],[-23,14],[-21,-19],[-3,-13],[2,-13],[19,-17],[109,56],[23,0],[30,-32],[15,-18],[24,20],[16,-11],[12,15],[17,0],[25,11],[10,0],[24,-8],[9,15],[8,-7],[-15,-14],[-7,-15],[-1,-15],[9,-25],[15,11],[22,2],[24,-8],[14,-2],[24,-7],[20,46],[7,10],[8,22],[18,33],[4,12],[20,41],[28,16],[6,10],[21,-11],[35,-6],[22,2],[15,6],[6,-1],[7,-19],[38,3],[1,-13],[9,-43],[13,-7],[20,-21],[15,-10],[29,-5],[2,-11],[21,2],[30,-3],[12,13],[-5,27],[1,9],[-15,28],[2,17],[-7,13],[1,8],[10,16],[1,17],[12,15],[7,4],[-4,10],[19,10],[8,1],[24,11],[13,0],[16,-20],[27,8],[30,15],[9,7],[-6,18],[3,13],[9,11],[7,20],[14,29],[-5,79],[6,14],[3,26],[15,-14],[10,-20],[14,-7],[35,14],[19,4],[-6,-35],[0,-17],[10,3],[16,10],[27,22],[31,17],[-2,11],[20,6],[10,-19],[15,3],[16,9],[4,8],[-21,26],[-13,8],[-8,13],[-16,37],[22,26],[10,-2],[21,9],[12,-4],[13,10],[18,10],[29,19],[18,21],[13,-4],[-2,-14],[12,-17],[13,4],[4,7],[43,-12],[9,-5],[20,-4],[26,5],[4,-11],[33,13],[15,4],[31,-8],[48,1],[19,6],[-3,19],[2,10],[19,-2],[1,-8],[31,8],[20,8],[5,-8],[24,-1],[30,-13],[17,40],[2,14],[15,12],[4,-6],[-3,-15],[26,-11],[8,-24],[14,-7],[27,5],[10,6],[21,2],[7,-23],[14,-5],[13,1],[6,-6],[-4,-12],[7,-14],[23,0],[13,3],[12,-3],[6,6],[21,-2],[3,-7],[35,-4],[-2,-6],[6,-24],[-7,-18],[0,-16],[-4,-9],[6,-18],[11,-6],[4,-7],[15,-2],[12,4],[17,11],[8,-7],[-9,-24],[-17,8],[-9,-8],[2,-12],[11,-22],[21,-9],[-13,-11],[8,-13],[10,-3],[11,11],[3,19],[13,-4],[13,2],[16,14],[7,-7],[-8,-15],[-12,-34],[-10,-19],[8,-12],[19,1],[1,-6],[35,-14],[13,-9],[12,15],[34,15],[10,-24],[1,-10],[12,8],[15,2],[14,-6],[28,-28],[4,-9],[14,-15],[6,4],[11,-28],[20,-4],[8,-28],[27,16],[14,-3],[18,9],[22,-26],[9,-7],[10,3],[8,8],[20,4],[22,-28],[31,-32],[26,-20],[30,4],[-9,53],[0,17],[1,28],[27,-8],[-1,-20],[4,-4],[15,-1],[5,-19],[21,0],[17,8],[-5,12],[38,-8],[25,-11],[29,-3],[17,3],[45,21],[6,-6],[28,14],[31,28],[17,11],[20,24],[19,30],[38,-10],[15,16],[44,-45],[-7,-8],[19,-22],[-4,-5],[14,-8],[19,-17],[19,16],[22,-15],[23,-10],[8,1],[7,-18],[17,-5],[9,-8],[46,22],[12,14],[7,-17],[17,0],[6,-4],[18,-30],[41,-37],[11,-17],[18,-21],[25,-23],[9,-5],[11,1],[23,-3],[20,-5],[17,0],[16,-5],[14,-12],[35,-26],[17,-15],[7,-11],[27,-34],[20,-16],[12,-5],[40,-32],[14,-2],[34,1],[16,2],[6,-15],[18,-14],[9,10],[17,-13],[4,-17],[13,-13],[23,-20],[19,-23],[9,-4],[5,-10],[-5,-10],[5,-18],[12,-13],[11,10],[9,-16],[-3,-5],[-18,-6],[-12,-15],[-14,2],[-13,7],[-21,-17],[-16,-21],[-20,-18],[-9,2],[-10,-38],[10,-32],[-3,-4],[6,-18],[11,-25],[25,9],[24,-22],[29,1],[-8,-31],[9,-28],[32,-15],[21,-2],[23,-44],[13,-1],[78,16],[16,-20],[5,-23],[8,2],[28,1],[10,-6],[6,-22],[-13,-18],[3,-12],[-8,-30],[-5,-6],[-1,-26],[4,-24],[-11,-34],[78,32],[25,-16],[5,-7],[6,-27],[17,5],[-32,-65],[-11,-5],[4,-10],[-33,-13],[6,-27],[-17,-6],[-4,-28],[-11,-26],[-10,6],[-7,14],[-1,17],[-24,33],[-33,6],[-18,18],[-14,-2],[-34,-13],[-14,-11],[-10,-3],[2,-13],[8,-14],[0,-39],[7,-23],[13,-20],[23,-22],[31,-16],[3,-22],[15,-12],[-5,-4],[-4,-16],[8,-15],[6,5],[11,-11],[10,4],[9,13],[15,12],[13,-24],[19,16],[5,-4],[-14,-12],[26,-22],[17,-26],[-28,-43],[-14,-25],[-3,-13],[14,-17],[11,-17],[16,-17],[30,-17],[18,-14],[3,-8],[16,-14],[7,-16],[23,-39],[10,-8],[10,-2],[17,-27],[4,-15],[13,3],[1,8],[34,5],[16,-3],[11,-20],[3,-12],[23,-24],[13,0],[-2,-16],[20,-4],[8,-3],[3,11],[16,-6],[24,-33],[13,-26],[9,2],[7,-11],[11,-10],[16,6],[11,-17],[-3,-13],[12,-46],[22,5],[24,20],[8,-15],[15,-2],[26,-13],[19,-5],[-15,-28],[-14,-6],[9,-33],[4,-25],[-4,-10],[-5,-24],[-20,-29],[-22,-41],[4,-9],[3,-22],[6,-8],[15,-28],[13,0],[23,7],[1,6],[20,4],[19,14],[9,-20],[21,-15],[25,-8],[17,-27],[12,-16],[14,5],[4,-21],[-12,-9],[0,-8],[-11,-15],[-11,-9],[-5,-20],[6,-21],[20,-13],[7,-33],[-3,-17],[2,-16],[7,-7],[2,-12],[-7,-14],[-11,-43],[2,-21],[7,-20],[41,-52],[10,-2],[32,17],[23,-6],[29,14],[25,10],[14,13],[31,14],[24,-24],[26,-72],[30,-61],[-138,-180],[63,-134],[41,-28],[20,-34],[62,-58],[15,6],[17,2],[15,6],[25,15],[11,2],[19,-3],[33,-15],[21,-2],[16,3],[42,13],[32,14],[14,0],[22,8],[18,-2],[18,-6],[16,-10],[16,-6],[17,-24],[21,-8],[12,0],[36,-10],[6,-9],[15,-8],[14,-17],[12,-7],[28,-3],[22,-1],[28,-15],[24,-20],[42,-21],[23,-9],[60,42],[30,19],[-11,28],[-9,40],[1,20],[5,26],[-7,40],[0,9],[65,15],[12,5],[19,-2],[14,26],[4,15],[6,2],[-4,13],[3,14],[-7,12],[-9,8],[-1,10],[-8,26],[-12,8],[2,6],[-11,6],[-15,32],[-11,1],[-8,20],[5,6],[2,22],[9,15],[-1,18],[-10,18],[-12,8],[-9,14],[-9,6],[-20,26],[-5,13],[-19,14],[-25,14],[10,20],[40,25],[21,8],[2,5],[21,15],[11,11],[18,10],[8,9],[22,14],[28,-4],[12,-15],[20,-14],[20,-9],[1,-15],[6,-17],[7,-6],[139,-62],[19,23],[32,25],[33,9],[26,2],[15,4],[29,25],[22,27],[-3,18],[3,9],[28,0],[15,7],[24,-13],[37,3],[28,1],[11,-59],[32,-29],[45,-63],[36,-35],[22,-12],[73,56],[15,9],[17,-1],[94,-68],[24,-20],[32,-36],[12,-29],[42,-4],[26,-1],[7,-26],[7,-36],[17,7],[14,26],[25,16],[16,5],[4,-8],[-2,-22],[10,-11],[18,7],[14,14],[3,-3],[44,5],[-9,-27],[-2,-15],[3,-51],[-6,-22],[-31,-51],[-4,-26],[0,-27],[7,-25],[4,-8],[17,-17],[8,-11],[2,-13],[-2,-22],[-9,-26],[3,-16],[18,-33],[12,-13],[14,-31],[15,-17],[9,-17],[12,-42],[15,-33],[5,-18],[0,-19],[-8,-26],[0,-30],[-6,-30],[-3,-30],[-1,-32],[4,-15],[15,-29],[9,-11],[26,-22],[25,-8],[23,3],[52,22],[12,23],[-2,27],[3,11],[16,23],[2,11],[19,17],[30,15],[39,14],[33,19],[6,7],[0,20],[-28,49],[-10,12],[-4,16],[-14,17],[16,18],[-2,9],[-16,16],[-6,11],[-2,19],[10,14],[8,26],[12,5],[15,-15],[29,0],[16,7],[12,2],[6,12],[16,14],[19,6],[32,-6],[8,-13],[-2,-13],[6,-4],[30,3],[8,-11],[-7,-13],[-16,-14],[-27,-18],[-15,-17],[-5,-16],[-2,-23],[4,-25],[10,-10],[20,11],[57,5],[8,3],[27,16],[34,2],[8,-23],[8,-7],[3,-18],[12,-23],[6,-17],[-1,-20],[15,-7],[10,-23],[27,-3],[8,-4],[14,-19],[12,-4],[19,-1],[24,-5],[26,-24],[4,-7],[13,-11],[16,-6],[7,13],[-6,5],[15,22],[11,26],[12,18],[9,2],[12,-16],[26,8],[19,12],[14,-11],[10,4],[-4,16],[30,1],[12,-2],[3,16],[10,-3],[12,-35],[19,2],[11,-17],[-8,-6],[23,-27],[17,-15],[5,-20],[2,-15],[-5,-12],[9,-20],[13,6],[25,47],[1,23],[11,10],[18,-1],[4,10],[34,3],[15,6],[29,-1],[31,4],[37,8],[22,12],[17,12],[20,1],[14,6],[29,6],[3,-9],[23,-19],[113,-46],[7,0],[4,9],[21,1],[10,6],[12,-1],[30,-18],[6,5],[10,-2],[9,18],[15,-10],[-1,-24],[-7,-31],[-2,-13],[62,-12],[13,-8],[35,24],[7,22],[13,19],[18,20],[4,27],[7,14],[30,24],[5,8],[2,16],[11,43],[5,11],[14,15],[38,28],[59,37],[78,2],[22,-18],[18,-1],[61,5],[43,-6],[-6,8],[-1,11],[9,1],[-3,22],[0,14],[-7,33],[0,11],[7,36],[28,42],[12,5],[4,9],[-20,20],[-9,29],[4,54],[96,30],[16,3],[112,24],[107,23],[79,16],[125,27],[12,1],[-4,-11],[-9,-8],[-17,-7],[-9,-9],[-10,1],[-16,-8],[-4,-15],[5,-17],[13,-9],[7,0],[14,-24],[4,-15],[-3,-10],[-7,-8],[-18,-11],[-21,-10],[-10,-2],[-5,-24],[15,-12],[14,-4],[17,1],[21,14],[15,19],[11,8],[17,2],[30,-18],[5,2],[19,-19],[9,-21],[13,-3],[29,13],[16,18],[7,16],[32,11],[39,4],[29,9],[61,-1],[0,-5],[20,4],[1,-10],[-11,-41],[5,-39],[18,-57],[10,7],[9,-3],[38,-7],[14,-1],[-3,-45],[-24,-9],[-36,-41],[-12,-21],[10,-11],[-9,-11],[-38,9],[-4,-28],[0,-31],[48,-10],[7,-7],[12,-19],[12,-38],[18,-33],[14,-36],[43,0],[24,-14],[11,-17],[13,-23],[14,-40],[4,-17],[-4,-19],[6,-20],[12,-25],[8,-5],[6,-13],[17,0],[9,-18],[-3,-17],[-3,-33],[62,-7],[-14,-29],[35,-27],[29,-29],[33,-24],[35,-21],[57,-36],[37,-6],[81,17],[88,15],[49,5],[32,-17],[25,-27],[37,-27],[37,-22],[31,-1],[32,-4],[10,-11],[-4,-12],[5,-19],[0,-26],[-3,-14],[13,-19],[1,-54],[-10,-38],[59,-18],[126,-40],[110,-44],[8,3],[8,10],[21,20],[5,9],[20,-7],[13,10],[42,-4],[39,8],[-3,23],[-27,16],[-6,9],[12,22],[12,13],[7,-11],[8,-8],[17,11],[33,-8],[7,-7],[11,-32],[25,5],[10,5],[33,6],[2,-13],[13,-14],[9,-3],[10,3],[2,13],[16,17],[12,8],[30,5],[-5,-13],[4,-30],[-2,-16],[1,-34],[5,-25],[24,0],[7,3],[26,31],[44,-10],[26,17],[14,-5],[28,-23],[31,4],[25,6],[26,14],[9,20],[-3,6],[16,23],[26,42],[26,19],[35,1],[20,-4],[6,12],[11,10],[10,18],[14,39],[53,-23],[16,-11],[31,-9],[14,-8],[7,-18],[3,-16],[5,-9],[17,-18],[20,-3],[5,-6],[20,-7],[25,-11],[0,-8],[18,-21],[13,-23],[23,3],[14,-1],[14,-10],[23,-6],[16,-11],[-2,-16],[19,-5],[14,4],[8,11],[12,-19],[5,-45],[17,-23],[20,-5],[17,1],[40,-22],[13,1],[13,24],[10,13],[4,16],[12,10],[4,10],[26,25],[12,6],[8,12],[0,14],[16,3],[11,5],[18,16],[9,10],[7,0],[18,-20],[32,-13],[7,2],[11,-6],[9,0],[5,-8],[60,3],[-2,-10],[11,-18],[7,-3],[9,-15],[18,3],[7,4],[18,20],[14,5],[8,20],[8,10],[1,12],[9,23],[14,16],[16,26],[-2,21],[5,18],[17,-1],[20,-5],[3,-5],[18,-5],[5,-23],[13,8],[14,4],[8,-6],[2,-38],[-3,-14],[10,-6],[18,-5],[-4,-15],[38,-13],[-1,-4],[20,-6],[-5,-18],[35,-3],[19,1],[12,-11],[5,-36],[-3,-22],[16,-7],[16,6],[4,-7],[0,-16],[11,-22],[-7,-9],[11,-10],[1,-27],[4,-7],[18,8],[7,-1],[9,-11],[20,-2],[20,10],[15,14],[9,-2],[15,7],[11,-2],[19,4],[7,-9],[24,1],[10,-18],[21,-1],[10,-5],[13,-12],[5,6],[11,-3],[13,-10],[-2,-24],[7,-7],[18,-9],[15,14],[10,-7],[8,-21],[11,-6],[29,4],[13,-1],[17,4],[2,-8],[11,3],[3,-13],[31,-15],[19,1],[27,-19],[14,0],[4,6],[12,-1],[20,-23],[7,-16],[8,4],[12,-30],[12,-12],[12,2],[10,-10],[13,-3],[8,-17],[5,-20],[-3,-8],[0,-15],[11,-5],[13,0],[4,-18],[8,-3],[0,-11],[12,4],[19,-14],[21,-1],[7,-13],[24,-3],[36,-21],[-2,-12],[11,0],[18,-13],[19,3],[20,0],[13,-8],[8,12],[7,0],[22,-10],[9,3],[12,-28],[12,9],[16,-7],[8,4],[10,-6],[10,3],[7,-9],[8,1],[17,-10],[6,8],[8,-1],[6,10],[15,-28],[16,-8],[20,0],[11,-21],[12,4],[8,-3],[0,-9],[8,-10],[23,-10],[23,-2],[8,4],[11,-8],[13,-4],[11,5],[22,-9],[24,14],[23,-1],[15,-8],[23,4],[14,-4],[2,-7],[19,-2],[-1,25],[48,-4],[17,-4],[4,-7],[14,7],[14,2],[14,-17],[12,-3],[34,7],[17,-10],[-2,-30],[10,-7],[0,-7],[-9,-11],[-5,-17],[27,-23],[12,13],[10,4],[9,10],[19,6],[10,0],[6,15],[14,9],[4,8],[14,12],[16,9],[23,5],[27,-1],[14,-9],[16,-25],[15,-42],[11,-9],[6,-11],[-34,-14],[-159,-52],[-32,-15],[-15,-13],[-20,-27],[-18,-29],[-4,-12],[-49,-107],[-18,-35],[-32,-53],[-22,-31],[-54,-72],[-52,-74],[-54,-86],[-33,-58],[-40,-75],[-45,-94],[-26,-63],[-28,-74],[-37,-105],[-60,-194],[-8,-27],[-7,-36],[-11,-93],[-6,-36],[-11,-34],[-20,-40],[-29,-46],[-36,-52],[-28,-36],[-31,-34],[-25,-27],[-33,-30],[-28,-21],[-32,-15],[-25,-7],[-33,-1],[-45,14],[-38,5],[-20,-2],[-38,-10],[-27,-15],[-15,-13],[-19,-23],[-9,-28],[-11,-103],[-6,-26],[-6,-17],[-17,-30],[-22,-26],[-13,-11],[-23,-13],[-24,-8],[-18,-3],[-26,-1],[-35,5],[-62,17],[-30,1],[-29,-7],[-19,-7],[-17,-10],[-14,-16],[-10,-18],[-6,-20],[-11,-67],[-2,-47],[6,-118],[-3,-35],[-5,-16],[-10,-24],[-17,-26],[-74,-91],[-153,-185],[-75,-93],[-153,-185],[-26,-31],[-30,-28],[-29,-20],[-141,-85],[-92,-39],[-17,-8],[-15,-11],[-14,-14],[-19,-29],[-12,-33],[-28,-121],[-15,-46],[-15,-35],[-17,-30],[-148,-231],[-18,-38],[-8,-28],[-5,-37],[0,-34],[3,-29],[15,-60],[12,-60],[4,-35],[4,-65],[-1,-45],[-3,-36],[-9,-48],[-2,-22],[-1,-43],[3,-23],[13,-71],[5,-38],[0,-41],[-6,-37],[-6,-25],[-10,-29],[-23,-43],[-27,-37],[-28,-24],[-26,-15],[-34,-17],[-33,-17],[-24,-15],[-24,-17],[-14,-17],[-12,-26],[-2,-13],[1,-97],[-3,-120],[-2,-38],[-7,-43],[-9,-39],[-13,-46],[-15,-41],[-143,-367],[-13,-34],[-18,-57],[-10,-38],[-8,-49],[-3,-31],[-2,-60],[3,-53],[8,-55],[7,-38],[21,-92],[41,-184],[16,-70],[3,-36],[-2,-22],[-7,-30],[-6,-15],[-14,-25],[-18,-23],[-25,-22],[-15,-10],[-24,-11],[-92,-35],[-58,-25],[-17,-10],[-27,-22],[-16,-17],[-31,-39],[-10,-19],[-13,-36],[-5,-21],[-3,-25],[-1,-43],[2,-43],[-2,-31],[-10,-55],[-54,-219],[-29,-114],[-53,-197],[-14,-33],[-18,-25],[-20,-19],[-72,-53],[-22,-20],[-17,-24],[-10,-21],[-48,-125],[-23,-56],[-25,-49],[-23,-32],[-152,-199],[-16,-32],[-6,-27],[-1,-36],[10,-91],[-1,-21],[-5,-21],[-6,-19],[-9,-17],[-14,-20],[-21,-19],[-26,-17],[-28,-13],[-11,-9],[-15,-16],[-14,-24],[-8,-25],[-2,-33],[16,-85],[2,-31],[-1,-33],[-7,-40],[-14,-39],[-20,-35],[-16,-37],[-7,-25],[-5,-34],[0,-37],[3,-28],[25,-166],[3,-36],[0,-31],[-4,-36],[-11,-50],[-15,-47],[-5,-26],[0,-17],[7,-27],[11,-21],[14,-18],[101,-120],[88,-105],[21,-26],[34,-51],[19,-33],[15,-31],[12,-30],[16,-48],[20,-80],[4,-38],[-4,-39],[-5,-19],[-11,-26],[-41,-81],[-16,-29],[-31,-43],[-114,-131],[-13,-19],[-16,-27],[-17,-39],[-7,-26],[-5,-31],[-2,-36],[1,-16],[15,-135],[1,-20],[-1,-29],[-8,-35],[-9,-23],[-10,-17],[-26,-33],[-20,-18],[-36,-21],[-20,-14],[-20,-22],[-10,-13],[-13,-25],[-7,-21],[-6,-38],[0,-49],[3,-34],[12,-38],[21,-51],[14,-41],[4,-36],[0,-27],[-3,-40],[-9,-40],[-13,-33],[-14,-29],[-34,-59],[-13,-27],[-13,-33],[-7,-25],[-17,-74],[-17,-52],[-73,-190],[-10,-37],[-7,-45],[0,-27],[4,-47],[7,-33],[22,-63],[78,-209],[13,-39],[4,-23],[-1,-33],[-4,-36],[-5,-23],[-11,-36],[-22,-46],[-16,-25],[-22,-25],[-52,-45],[-91,-78],[-19,-26],[-7,-23],[0,-25],[7,-23],[29,-57],[9,-26],[8,-41],[1,-37],[-5,-50],[0,-29],[4,-29],[5,-22],[8,-23],[17,-32],[10,-14],[49,-62],[32,-36],[25,-24],[31,-24],[91,-68],[30,-28],[23,-34],[14,-29],[8,-25],[14,-70],[5,-20],[9,-19],[18,-23],[23,-21],[34,-21],[14,-13],[15,-18],[12,-21],[9,-24],[3,-14],[0,-27],[-3,-21],[-9,-26],[-21,-55],[-8,-20],[-9,-25],[-6,-34],[-3,-23],[2,-31],[-39,11],[-25,-5],[-25,10],[-35,6],[-7,-15],[-58,-39],[-3,-11],[20,-20],[-14,-45],[-18,-7],[-34,-20],[-19,-9],[-44,-43],[-6,7],[-20,-26],[-40,-13],[-23,-14],[-17,-14],[4,-6],[-24,-20],[3,-2],[-24,-24],[-14,-10],[-39,-9],[-13,8],[-21,-7],[-11,-11],[-1,-5],[-21,-20],[-11,-19],[-10,-32],[11,-11],[12,-30],[-6,-21],[3,-11],[9,-6],[19,6],[17,-9],[21,9],[24,24],[11,16],[24,18],[12,-8],[22,-21],[16,11],[21,-23],[8,-17],[0,-22],[-15,-32],[-8,-20],[-20,-20],[-8,-12],[2,-34],[-11,-12],[-10,16],[-11,-10],[-11,26],[-26,0],[-16,-3],[-34,-18],[-6,-6],[-21,2],[1,9],[-5,12],[-13,37],[-13,7],[8,-51],[12,-15],[15,-8],[6,-13],[13,-14],[14,-6],[10,-19],[6,-30],[-2,-11],[3,-23],[-11,-3],[3,-17],[13,-38],[-19,-6],[-21,-11],[-28,-19],[9,-28],[-9,-2],[-8,4],[-10,-12],[-3,-9],[-8,1],[-23,-10],[-13,-35],[-13,-15],[-14,-11],[-45,-10],[-27,-11],[-24,6],[-10,-2],[-14,10],[-8,16],[-18,18],[-13,28],[-13,16],[-11,3],[-11,-6],[-18,-2],[-9,10],[-29,8],[-26,32],[-40,17],[-10,11],[-19,10],[-13,10],[-13,-9],[-11,-16],[-12,-21],[-5,-26],[-13,-14],[-9,-13],[-8,-24],[-15,-22],[-6,-28],[4,-4],[25,5],[25,17],[19,-20],[15,-5],[12,1],[37,-26],[6,8],[26,-25],[1,-12],[13,-15],[12,16],[9,-2],[33,-25],[-3,-21],[-13,-6],[-26,-26],[-15,-32],[-14,-13],[-1,-12],[-18,-6],[-43,-11],[-28,-11],[-18,2],[-5,-11],[-10,-11],[7,-35],[-6,-7],[-38,-26],[14,-8],[-19,-31],[-7,-13],[-23,-15],[-15,-13],[-45,-22],[-35,-21],[-1,-33],[-18,0],[-12,-3],[-15,3],[-17,-3],[-57,-34],[-24,12],[-6,-11],[-8,4],[-45,14],[-16,-2],[-5,5],[-14,4],[-21,-7],[-11,4],[-10,-2],[-25,6],[-11,0],[-8,-6],[-13,6],[-32,10],[-13,0],[-14,7],[-7,15],[-19,13],[-8,16],[-14,8],[-19,-3],[-17,1],[-16,8],[-19,-17],[-16,-6],[-12,-9],[-4,2],[-17,-5],[-7,5],[-34,-3],[-12,-6],[-15,2],[-23,8],[-31,-3],[-13,-22],[-7,-5],[-25,-4],[-7,-13],[-14,-11],[-29,15],[-20,5],[-28,-7],[-3,-11],[-9,-8],[-10,-2],[-4,-8],[-24,-18],[-17,-23],[-13,-8],[-27,-4],[-19,-7],[-22,-5],[-28,-9],[-33,-19],[-8,-13],[-20,-11],[-8,7],[7,12],[-1,12],[-5,14],[2,18],[-13,14],[-33,7],[-10,21],[9,28],[-22,38],[-15,16],[-30,13],[-23,2],[-17,-3],[-20,-13],[-20,-8],[-16,-3],[-20,-8],[-7,-7],[-10,-1],[-19,-10],[-7,7],[-39,-4],[-28,3],[-5,20],[-17,16],[-34,11],[-47,18],[-46,14],[-25,-2],[-2,8],[15,22],[6,16],[3,14],[7,14],[4,15],[8,23],[4,17],[10,31],[-7,11],[10,13],[2,23],[-4,10],[3,14],[-10,26],[10,13],[11,22],[5,15],[5,6],[6,18],[12,20],[12,38],[4,16],[23,38],[4,12],[-1,12],[14,5],[9,-1],[30,11],[30,14],[-10,13],[-4,17],[-27,-7],[-11,-1],[-70,-24],[-63,-8],[-18,-6],[-39,-4],[-9,7],[-26,-1],[-20,7],[-26,25],[-21,33],[-14,10],[-35,19],[-41,27],[-24,7],[-13,0],[-24,5]],[[35338,59763],[-10,32],[-7,4],[-15,18],[-12,-16],[-9,-18],[-39,-17],[-25,-31],[-3,-9],[-67,91],[-52,72],[-56,-65],[-15,-4],[-11,-18],[-58,-38],[-48,-45],[-22,-30],[-14,-27],[-17,-38],[-14,-19],[-2,-8],[-28,-58],[-25,-47],[-26,-51],[-11,-29],[-12,-18],[-15,-26],[2,-49],[10,2],[-8,-19],[-8,-10],[-30,-42],[7,-9],[12,-34],[-6,-14],[41,-13],[45,-7],[-6,-51],[-6,-34],[-8,-27],[-18,-35],[-14,-21],[-9,-31],[-28,3],[-9,7],[7,22],[-6,21],[-4,20],[-19,-6],[-87,20],[-2,-7],[-22,9],[-15,-7],[-34,-12],[-11,6],[-1,13],[14,43],[-35,-6],[-23,2],[-16,-2],[-30,2],[-21,19],[-21,-24],[-34,-32],[-8,-4],[-14,-36],[-11,-14],[-17,-47],[4,-10],[-6,-19],[10,-10],[4,-15],[-2,-23],[-23,-9],[-1,-15],[10,-36],[-21,-11],[6,-28],[13,-35],[-38,-18],[-23,-17],[-23,-5],[-27,-14],[-12,-13],[-17,-28],[-18,1],[-23,-16],[-9,6],[-48,17],[12,24],[-21,16],[9,22],[3,13],[-9,4],[-5,20],[-15,5],[-26,18],[-4,-5],[-13,2],[0,16],[-16,5],[-20,-7],[-13,14],[-10,-16],[-9,8],[-37,-40],[-22,-17],[-21,13],[-27,9],[-42,34],[8,8],[33,44],[19,22],[8,17],[29,38],[15,16],[15,9],[-3,5],[16,9],[8,-2],[31,17],[49,38],[12,22],[26,41],[-5,14],[-4,51],[-27,-8],[-19,-12],[-2,-4],[-25,-8],[-32,6],[-28,16],[-21,6],[-25,3],[-31,11],[-14,7],[-10,10],[-18,10],[-46,6],[3,-19],[-11,0],[-9,-12],[8,-21],[2,-14],[-6,-8],[-24,-18],[-34,-17],[-25,-4],[-21,-15],[-10,-18],[-15,-10],[-7,6],[-1,15],[-21,15],[-31,8],[-6,12],[-20,-2],[-21,14],[-9,2],[-25,-3],[-17,1],[-5,13],[-13,10],[-14,16],[-11,6],[-35,14],[-24,2],[-21,-7],[-18,-13],[-9,-11],[-25,-20],[-6,-8],[-7,5],[-19,-4],[-13,-9],[-8,-2],[-1,26],[6,0],[2,15],[-9,5],[4,23],[-22,-2],[3,-21],[-13,0],[-1,-17],[-11,-6],[-40,-8],[-21,2],[-17,-6],[-6,-5],[-6,17],[0,11],[-4,12],[-13,-11],[-19,-7],[-38,-12],[-11,-4],[-45,-11],[-6,-7],[-24,-12],[-6,-11],[-12,-8],[-6,-14],[-12,-12],[-22,-13],[-18,1],[-23,-5],[-103,-33],[-15,0],[-28,-6],[-2,16],[7,17],[1,15],[-9,-2],[-28,0],[-14,-2],[-12,2],[-1,9],[-24,27],[-19,-6],[-11,-12],[-11,-4],[-7,3],[-16,-11],[-4,2],[-17,-3],[-6,-7],[-10,1],[-10,-8],[-4,-8],[-10,-2],[-29,-14],[-17,4],[-12,7],[-4,-16],[-7,3],[-10,-10],[-17,-2],[-6,27],[1,24],[-61,-8],[-3,-17],[-1,-31],[0,-34],[-6,-28],[-8,-19],[-11,-41],[-6,-43],[-11,-17],[-29,-26],[-15,-3],[-9,11],[-15,9],[-32,26],[-6,13],[-8,-8],[-25,-15],[-7,18],[-9,-5],[-2,15],[-7,5],[-11,-2],[-45,-24],[-26,-5],[-2,-11],[-8,-3],[-5,-9],[-34,-1],[-28,2],[-20,-5],[-17,3],[-17,14],[-16,-8],[-4,5],[-26,-18],[-7,-15],[-9,-11],[-26,-47],[-5,-20],[-4,-1],[-26,-35],[-27,-10],[-2,13],[-11,22],[-11,45],[-11,33],[3,16],[16,21],[15,23],[12,15],[7,4],[38,3],[15,13],[14,-1],[25,8],[1,18],[20,21],[14,19],[-4,21],[-11,2],[-19,-3],[-13,5],[-15,14],[-15,-5],[-14,-14],[-10,-1],[-11,12],[-23,-13],[-7,3],[-28,-7],[-29,-4],[-27,25],[-7,-1],[-19,-15],[-13,-2],[-8,-6],[-10,-1],[-25,-17],[-28,-5],[-8,-9],[-27,-6],[-11,7],[-10,-9],[-22,-13],[-42,-21],[-27,-3],[-35,-13],[-27,-22],[-33,-17],[-7,-6],[-9,-16],[-32,-14],[-24,-3],[-21,-6],[-13,-23],[19,-11],[16,-36],[-17,-10],[-8,-10],[-1,-21],[6,-31],[9,-60],[-2,-17],[17,-8],[18,-4],[16,-10],[15,-21],[14,-10],[17,-26],[-6,-13],[4,-12],[-21,-20],[-3,-16],[-17,6],[-17,-6],[-10,1],[-21,17],[-21,-2],[-19,0],[-9,-6],[-1,-18],[-9,-25],[2,-17],[-5,-9],[-2,-32],[-12,-11],[-24,-10],[-12,1],[-21,-4],[-9,-12],[-22,-13],[-46,-54],[-5,-10],[-3,-18],[4,-7],[-6,-14],[-10,-9],[-24,-8],[-13,-9],[-17,-21],[22,-21],[-11,-8],[-28,-4],[-13,2],[-26,-11],[-43,-27],[-20,-6],[-7,-6],[-15,-1],[-7,-4],[-11,14],[-10,2],[-20,-12],[3,14],[-14,4],[-9,12],[8,12],[-19,-1],[-17,7],[-11,0],[-10,-16],[-27,-4],[-9,6],[-5,-14],[-7,1],[-23,-28],[-10,2],[4,12],[-4,7],[-20,8],[12,17],[-25,16],[-8,-4],[-19,7],[-24,1],[-11,3],[-5,-12],[-56,32],[-3,19],[-6,6],[-10,-4],[-14,-12],[-9,2],[-5,-16],[9,-3],[5,-8],[-8,-22],[3,-4],[-12,-16],[-21,-19],[13,-12],[5,-22],[-1,-5],[-16,-18],[-15,7],[-30,-4],[-11,11],[-7,13],[2,19],[-2,8],[-14,-1],[-13,-5],[-6,12],[-12,12],[-18,-1],[-10,-19],[-14,-5],[-13,0],[3,-10],[-6,-11],[-15,-14],[-5,-1],[-32,-21],[-11,-17],[-14,-11],[-13,30],[-40,54],[-18,11],[-20,27],[-22,17],[-27,4],[-19,8],[-28,23],[-1,-68],[4,-24],[-32,-5],[-20,13],[-25,1],[-12,-8],[-37,2],[-16,6],[-10,11],[1,8],[-13,11],[-12,-8],[2,36],[4,5],[-3,25],[-6,15],[-14,6],[-7,11],[-20,-6],[-9,-7],[-21,10],[-1,-9],[-8,-3],[-6,-10],[-11,-3],[-7,10],[1,14],[-15,13],[-19,-16],[-1,-15],[-18,-35],[-8,-10],[-10,-3],[-9,-17],[-30,-17],[-26,-2],[-18,2],[-14,-13],[-13,-17],[13,-9],[6,9],[17,-13],[5,-7],[-14,-8],[-11,-15],[-15,22],[-9,-2],[-2,13],[8,13],[-3,28],[-23,-11],[-16,-3],[-8,9],[-52,-14],[-12,-7],[-22,-23],[-1,-11],[-19,-12],[-14,-18],[-21,-3],[-3,7],[-14,23],[-7,18],[-25,-35],[-5,2],[-4,-50],[-8,1],[-21,-12],[-11,-11],[-16,-7],[-6,-15],[15,-10],[30,-29],[9,0],[-17,-25],[-13,-7],[-7,4],[-27,-21],[-14,-3],[-4,14],[-10,6],[-3,18],[-24,6],[-15,-5],[-19,1],[-1,10],[-51,9],[-6,7],[-4,18],[-13,-5],[-16,8],[-2,-11],[-10,2],[-13,-9],[-7,5],[-17,0],[-7,-3],[-17,0],[-13,-26],[4,-12],[-11,-9],[-20,0],[-6,-6],[10,-11],[-12,-13],[7,-12],[11,6],[7,-13],[20,21],[17,-2],[7,-24],[23,14],[-17,14],[-11,6],[9,15],[15,2],[17,-10],[7,7],[11,-11],[10,-3],[3,7],[11,-6],[6,8],[9,-11],[13,-5],[-10,-10],[-12,-23],[-10,-5],[-10,-11],[4,-4],[-9,-15],[7,-8],[-1,-9],[12,-14],[-2,-4],[21,-25],[5,3],[12,-6],[4,6],[24,15],[1,16],[9,7],[22,27],[13,5],[11,-11],[-12,-18],[-9,-22],[-9,5],[-4,-7],[-2,-16],[13,-4],[7,13],[20,-8],[1,-7],[-11,-12],[4,-20],[-11,-7],[11,-10],[24,-18],[-27,-4],[-9,-8],[-14,19],[3,9],[-17,9],[-2,9],[-17,4],[-15,8],[-7,-2],[-10,-14],[-6,6],[-17,-12],[-10,0],[-12,-4],[11,-25],[5,-5],[4,-20],[14,-13],[12,6],[24,-20],[14,20],[18,-1],[18,5],[31,-6],[24,15],[11,-13],[5,1],[15,14],[27,-9],[15,-20],[-11,-7],[-14,-21],[-5,4],[-12,-17],[3,-19],[-7,-9],[-10,2],[-29,-10],[15,-23],[20,18],[15,8],[32,39],[8,-14],[11,-8],[23,-22],[10,-8],[-2,-29],[-30,-12],[-3,-7],[15,-9],[15,-14],[19,29],[5,4],[41,22],[16,-10],[1,-15],[12,-7],[-9,-13],[1,-11],[6,-4],[-3,-17],[4,-16],[24,-48],[17,-24],[15,7],[46,14],[16,-5],[9,4],[7,-9],[-13,-22],[-22,-23],[-7,-10],[-21,-17],[-27,-14],[-5,-9],[20,-15],[8,-24],[3,-23],[-32,-66],[-11,-9],[-13,-21],[-5,-22],[-1,-24],[-5,-4],[-2,-14],[-9,-12],[-13,4],[-5,-14],[4,-9],[17,-10],[-9,-9],[7,-7],[21,11],[38,-27],[13,1],[14,-14],[7,-27],[14,-15],[9,-18],[-5,-6],[0,-11],[15,-3],[11,-37],[14,-11],[17,-6],[19,-15],[6,-14],[-7,-6],[12,-15],[5,4],[12,-5],[14,-12],[1,-18],[4,-8],[15,-4],[11,-24],[21,-15],[-6,-13],[9,-12],[8,-5],[5,-13],[13,-9],[-3,-12],[-8,-3],[0,-14],[12,-8],[-6,-9],[9,-13],[18,-13],[16,-5],[6,-12],[10,-4],[1,9],[12,-3],[2,-16],[7,-1],[5,-12],[11,-15],[12,-9],[6,-10],[9,4],[14,0],[14,-6],[18,-17],[15,-10],[15,-1],[10,-5],[11,2],[2,-12],[22,11],[9,0],[16,-6],[5,-8],[15,-5],[18,0],[10,-19],[-4,-18],[16,-17],[0,-7],[14,-16],[32,6],[23,-3],[-1,7],[9,6],[6,-6],[39,-12],[8,3],[8,-7],[21,1],[16,4],[4,-17],[14,-12],[-8,-17],[2,-13],[15,-7],[7,-9],[17,-14],[12,-20],[10,-2],[-3,-19],[-12,2],[-2,-7],[-17,-9],[-22,-15],[-26,-10],[-16,0],[-6,-23],[-10,-14],[-17,-10],[-9,-22],[3,-29],[8,-17],[3,-12],[-8,-15],[-14,-13],[-6,-20],[2,-12],[-8,-4],[-11,-21],[-19,-11],[-6,-12],[5,-8],[6,-19],[8,-16],[1,-11],[-17,-32],[-1,-13],[5,-7],[-2,-18],[-5,-24],[8,-26],[15,-4],[12,4],[8,-13],[7,-2],[-8,-24],[6,-11],[6,-23],[0,-24],[4,-13],[7,-3],[17,-23],[6,1],[30,-21],[19,0],[23,-5],[14,5],[10,12],[1,7],[13,-1],[7,-30],[15,-10],[1,-23],[6,-18],[-4,-19],[-8,5],[-4,-14],[2,-8],[-7,-12],[-11,-12],[-14,4],[-13,-34],[18,-9],[13,20],[8,1],[7,9],[14,-15],[-6,-10],[-11,3],[2,-22],[-2,-33],[9,-2],[10,6],[8,12],[-2,10],[-10,9],[3,11],[18,-18],[14,-2],[-9,-12],[10,-6],[14,-1],[-12,-15],[8,-13],[6,2],[7,21],[15,-16],[-12,-1],[-6,-5],[12,-8],[6,2],[9,-10],[25,-3],[6,-12],[-5,-3],[18,-20],[8,6],[8,-11],[-8,-6],[10,-11],[0,-6],[12,-7],[14,-16],[10,-19],[8,-21],[5,-20],[20,-19],[5,-11],[1,-14],[-9,-10],[-3,-9],[17,-4],[14,-9],[9,-14],[2,-14],[8,-11],[-27,-14],[-37,-39],[-31,-18],[-16,-16],[-12,-5],[-27,-32],[-12,-4],[-1,-13],[50,-29],[19,-23],[33,-15],[45,-29],[22,-21],[24,-16],[15,-18],[16,-13],[17,-27],[7,-20],[14,-19],[9,-5],[23,-2],[-4,-12],[-18,-7],[-9,-14],[-26,-15],[-25,-26],[-2,-23],[6,-24],[-3,-20],[4,-18],[-5,-26],[-27,-24],[-3,3],[-31,-22],[-9,-10],[-2,-16],[8,-20],[-3,-9],[10,-9],[6,7],[21,13],[15,-2],[18,3],[11,7],[23,7],[19,-5],[8,4],[13,-5],[19,-2],[18,-10],[3,-7],[18,-13],[18,-4],[4,-4],[15,-3],[4,-7],[-10,-25],[11,-17],[27,-34],[28,-26],[6,-14],[0,-11],[-18,-7],[-13,-24],[-5,-21],[-13,-17],[-5,-18],[-7,-5],[-4,-27],[4,-15],[-9,-13],[-8,-5],[9,-17],[7,0],[13,-8],[-4,-6],[19,-14],[0,-13],[7,-17],[28,7],[2,-14],[-9,-13],[4,-12],[-12,-3],[-33,-17],[10,-13],[16,-11],[9,-2],[13,-14],[16,-12],[-8,-18],[-8,-7],[-3,-17],[-16,-21],[-7,-2],[-4,-10],[-7,-4],[-6,-15],[-27,-9],[-3,-30],[12,-11],[21,-7],[7,-13],[-9,-8],[6,-7],[-5,-15],[-1,-47],[17,1],[4,-17],[-6,-14],[22,-5],[27,31],[29,-5],[1,-16],[-7,-20],[12,-30],[-6,-32],[-9,-18],[-4,-15],[11,-6],[10,0],[0,-9],[8,-8],[12,-6],[-14,-18],[2,-12],[-1,-20],[13,-14],[-4,-34],[4,-30],[-2,-14],[2,-10],[-8,-9],[-8,-17],[-10,-11],[-16,-36],[-9,9],[-18,31],[-7,-9],[6,-5],[-14,-18],[-9,-7],[-10,1],[-8,8],[-8,1],[-1,12],[-12,19],[-14,-11],[-15,-3],[-7,6],[-11,-8],[-8,-12],[-17,-10],[-23,-2],[-10,-8],[-22,-3],[-11,-5],[-14,-32],[24,6],[17,-3],[4,-11],[1,-16],[-19,-44],[3,-14],[9,-10],[-25,0],[-12,-8],[-10,4],[-10,-10],[4,-6],[5,-22],[5,-5],[16,-4],[13,-10],[17,-1],[9,-5],[6,-14],[9,-1],[3,-15],[-3,-9],[16,-21],[14,-4],[13,-12],[21,-13],[-3,-28],[3,-29],[0,-21],[5,-23],[-2,-24],[-7,-1],[-5,-15],[-8,-8],[1,-7],[-18,-11],[0,-14],[-8,-14],[35,-15],[46,-12],[5,-22],[10,-18],[3,-33],[-2,-31],[7,-50],[19,-19],[17,-11],[17,-30],[-12,-15],[-5,-36],[-8,-7],[-14,-3],[-9,8],[3,17],[-8,8],[-7,17],[-10,12],[-6,2],[-8,-20],[19,-61],[6,-6],[-5,-20],[8,-2],[-15,-59],[-37,-19],[-16,-12],[-39,-22],[-31,-15],[2,-13],[11,-22],[-8,-38],[-19,-37],[-11,-36],[-3,-18],[9,-1],[0,-28],[1,-6],[-3,-22],[34,-29],[39,-40],[-16,-19],[-11,-10],[-24,-6],[-11,-7],[-18,-28],[27,-15],[17,0],[37,-19],[15,-12],[20,-13],[18,-8],[10,18],[2,11],[7,14],[14,33],[4,23],[8,28],[3,24],[1,36],[7,26],[18,23],[30,-4],[33,-9],[31,-18],[22,-11],[23,-28],[8,-12],[31,-26],[12,-8],[29,-7],[26,-4],[11,-5],[1,-40],[3,-8],[39,-31],[36,-1],[25,5],[18,0],[11,-3],[16,2],[20,-22],[29,-15],[22,-14],[11,-26],[-14,-17],[-12,-22],[-14,-27],[-13,-45],[-23,-38],[-15,-17],[-33,-43],[-6,-13],[-4,-22],[-7,-10],[-15,-3],[-4,-13],[-27,-2],[-8,-7],[-20,-5],[-14,2],[-17,-11],[-16,-19],[-36,8],[-27,7],[-47,21],[-26,9],[-41,17],[-13,-19],[-12,-36],[-1,-10],[24,-8],[-5,-38],[-7,-34],[-13,2],[-25,-25],[-14,-8],[-13,-14],[-14,-21],[-6,3],[-9,-12],[6,-7],[-24,-14],[-24,-4],[-16,3],[-9,-18],[-3,1],[-19,16],[-6,8],[-16,-3],[-14,-13],[-3,-12],[0,-24],[-3,-17],[-5,-7],[-4,-22],[24,-10],[-6,-38],[-12,-15],[-33,-35],[-8,-1],[-25,-24],[-10,0],[-17,6],[-17,-9],[-10,-17],[-8,0],[-20,15],[-20,6],[-19,-3],[-41,-5],[-24,13],[-7,9],[-12,-1],[-128,69],[-46,-50],[-16,-19],[-16,-11],[-11,-3],[-40,-1],[-14,-16],[-13,-3],[-6,-8],[-2,-23],[-5,-12],[-13,-11],[17,-8],[17,-13],[22,-6],[-10,-18],[-16,-24],[-12,-1],[-4,-5],[-33,11],[-10,6],[-17,-4],[-26,13],[-33,-1],[-13,1],[-17,-7],[-23,-13],[-12,-9],[-1,15],[-14,14],[-11,16],[-19,22],[-23,33],[-25,9],[-28,0],[-13,-5],[-17,18],[-29,45],[-27,-1],[-40,9],[-18,20],[-5,10],[-36,30],[-6,1],[-34,-5],[-11,1],[-9,5],[-10,12],[-12,22],[-8,17],[-3,28],[6,14],[16,19],[25,8],[26,21],[-2,13],[-15,20],[-26,6],[-14,-3],[-6,-8],[-13,-26],[-10,-6],[-32,-10],[-24,-13],[-24,-5],[-19,1],[-10,3],[-15,19],[-12,25],[-11,13],[-20,3],[-34,-12],[-8,-6],[-39,-52],[-15,-22],[-4,-13],[0,-18],[3,-10],[22,-24],[3,-14],[-6,-20],[-13,-22],[-6,-20],[-9,-17],[-23,-4],[-41,2],[-14,4],[-10,9],[-5,14],[3,20],[12,11],[5,16],[-3,11],[-8,10],[-19,8],[-13,-3],[-12,-11],[-2,-8],[2,-18],[-8,-12],[-17,-3],[-10,2],[-31,19],[-14,0],[-14,-5],[-12,4],[-16,25],[-8,1],[-12,-31],[-7,-6],[-18,0],[-5,-11],[7,-26],[-8,-23],[-6,-3],[-29,0],[-15,-9],[-16,-20],[-15,0],[-19,3],[-17,-15],[-6,-1],[-10,9],[-11,24],[-10,-3],[-10,-13],[-5,-15],[-14,-6],[-18,10],[-14,20],[-9,2],[-12,-16],[-2,-18],[3,-14],[-10,-9],[-18,6],[-13,16],[-6,28],[-27,1],[-9,3],[-8,9],[-8,18],[-13,3],[-12,-6],[-28,17],[-12,-3],[-10,11],[-9,1],[-5,8],[-22,2],[-22,13],[5,7],[17,11],[3,5],[14,7],[11,28],[9,16],[25,20],[28,38],[16,11],[5,7],[18,51],[10,36],[3,41],[0,29],[18,23],[6,36],[6,25],[2,14],[11,20],[1,16],[17,33],[14,21],[-16,2],[-9,-5],[-11,-20],[-9,-12],[-18,-10],[-13,0],[-9,11],[-14,7],[-13,-14],[-12,-19],[-36,-48],[-17,6],[-36,21],[-39,25],[-3,0],[-14,-36],[-21,-37],[-3,-35],[-13,-20],[-15,-16],[-26,1],[-42,-2],[-71,-7],[-1,12],[-20,26],[-9,7],[-91,-57],[-4,34],[11,15],[-10,16],[-108,-69],[-5,27],[-54,-37],[-99,-55],[-6,71],[-7,-22],[-30,-56],[-40,-69],[-25,-33],[-13,-14],[-17,-10],[-12,-11],[7,-15],[-16,-14],[-23,-5],[-15,-16],[1,-16],[6,-8],[13,-5],[12,0],[13,-12],[1,-17],[-6,-6],[-17,-4],[-44,-2],[-22,9],[-27,-3],[-12,-11],[-10,-36],[-14,-8],[-9,9],[-7,28],[-5,7],[-11,2],[-19,-16]],[[27458,51063],[-6,4],[-4,19],[-17,9],[-13,1],[-13,6],[-8,13],[-5,16],[-5,5],[-5,34],[-6,11],[9,15],[2,14],[-16,-4],[-74,-84],[3,-5],[16,-9],[3,-13],[-1,-17],[-13,-9],[-22,-20],[-4,-23],[-26,1],[-22,14],[-14,-13],[-54,51],[-26,23],[-27,18],[-49,35],[-7,17],[-3,20],[-6,18],[3,27],[-13,-1],[2,-31],[10,-47],[0,-16],[-16,-28],[-75,-4],[-36,-6],[-31,-7],[-31,-10],[-25,-14],[-27,-9],[-8,13],[-9,-4],[0,-27],[10,-22],[-1,-8],[12,-28],[-1,-7],[8,-12],[20,-53],[-6,-7],[-48,-75],[-21,-34],[-5,-19],[-8,-80],[2,-18],[20,-63],[10,-17],[2,-9],[-10,-18],[0,-8],[-29,12],[-17,26],[-16,15],[-11,9],[-20,6],[-8,-1],[-16,12],[-25,25],[-20,11],[-9,-4],[-23,34],[-23,17],[-20,21],[-43,55],[-9,10],[-19,13],[-74,59],[-11,9],[-81,75],[-11,20],[-23,14],[-22,18],[-27,9],[-8,22],[-9,-6],[-7,11],[10,9],[-12,13],[-13,26],[-14,2],[-19,37],[8,10],[-8,4],[-10,-2],[-5,8],[-14,-2],[4,10],[-2,12],[-14,10],[-10,-6],[-14,3],[-15,26],[5,12],[-16,6],[-19,24],[-13,7],[-5,13],[-12,9],[-16,7],[-28,27],[-18,-13],[-29,15],[-8,10],[-7,19],[1,16],[9,22],[-1,12],[-12,11],[-17,3],[1,-9],[8,-10],[-6,-10],[5,-10],[4,-30],[9,-22],[14,-25],[22,-16],[21,-7],[18,-12],[18,-15],[17,10],[22,-23],[4,-8],[-17,-10],[26,-36],[25,-11],[15,-32],[8,-14],[-6,-12],[2,-11],[9,-26],[5,-7],[11,5],[5,-33],[14,-9],[12,-34],[-1,-30],[11,2],[3,-9],[14,-9],[25,-3],[3,-8],[-8,-9],[6,-12],[-4,-7],[8,-11],[-5,-12],[9,-1],[7,-17],[-10,-11],[-13,2],[-42,10],[-2,-5],[16,-4],[0,-7],[31,-7],[25,0],[7,-8],[-43,-3],[13,-16],[21,-6],[-24,-11],[18,-12],[20,3],[8,-4],[34,6],[9,5],[10,-4],[1,-7],[-29,-8],[-11,4],[-32,1],[3,-6],[16,0],[0,-8],[13,-9],[28,1],[7,4],[10,-14],[28,-8],[16,12],[9,3],[2,-9],[-14,-21],[20,-5],[-2,-13],[-25,11],[-26,19],[-22,10],[-13,0],[-29,8],[-71,44],[-41,28],[-17,20],[-19,30],[-10,20],[-15,19],[-17,14],[-25,52],[-10,39],[-18,43],[-51,91],[-10,15],[-42,43],[-64,59],[-22,16],[-26,22],[27,-9],[2,-9],[17,-13],[23,-13],[5,-10],[23,-18],[13,4],[8,8],[-17,14],[-6,9],[-9,4],[-5,9],[-11,9],[-6,14],[-19,14],[-19,9],[-3,8],[-27,7],[-13,19],[-19,3],[-11,18],[-21,-2],[-11,10],[-10,-2],[-33,7],[-21,0],[-23,-7],[-13,-11],[6,-8],[0,-18],[33,7],[3,7],[11,2],[5,-7],[-48,-19],[-12,-8],[-30,-13],[-32,-11],[-28,6],[-38,-6],[-21,-3],[-13,5],[-8,-3],[-38,23],[-3,1],[-33,23],[-26,11],[-28,8],[-19,-3],[-23,-22],[-13,-18],[-16,3],[-29,-20],[-12,-15],[-38,11],[-34,-4],[-19,3],[-30,8],[-71,9],[-19,9],[-17,27],[-20,81],[-11,32],[-10,44],[-4,28],[-7,21],[-12,30],[-5,15],[-14,28],[-14,38],[-12,33],[-17,29],[-30,61],[-39,67],[-15,22],[-23,23],[-20,12],[-15,12],[-35,23],[-24,6],[-24,1],[-22,9],[-27,16],[-20,10],[-50,9],[-9,0],[-26,-14],[-4,-13],[-16,-15],[-15,0],[-52,13],[-16,-3],[-19,3],[-28,6],[-13,0],[-32,13],[-26,7],[-3,-9],[-13,12],[-20,3],[-12,-11],[-11,-3],[-12,2],[-40,15],[-13,7],[-21,5],[-36,13],[-12,0],[-19,6],[-19,2],[-28,-9],[-25,5],[-6,4],[-24,-1],[-18,10],[-11,27],[-9,11],[-26,3],[-17,12],[-24,-5],[-18,1],[-19,9],[-21,2],[-6,7],[-10,1],[-22,12],[-3,21],[15,9],[10,-3],[14,15],[9,28],[-9,25],[1,10],[13,3],[14,-1],[3,5],[-18,16],[-16,3],[-11,-6],[-20,-5],[-10,-10],[-16,7],[-13,10],[-9,0],[-18,6],[-12,16],[-17,15],[-33,1],[-9,9],[-17,4],[-6,15],[-24,1],[-21,11],[-21,6],[-17,-2],[-26,23],[-12,6],[-13,22],[-9,-2],[-20,6],[-14,9],[-11,3],[-10,9],[-3,8],[-31,8],[2,19],[-10,10],[1,11],[-9,25],[-9,13],[-11,-1],[-10,5],[-20,-3],[-7,-15],[-28,22],[0,9],[-20,21],[-20,11],[-4,5],[1,15],[-25,11],[-8,8],[-3,9],[-10,-2],[-17,4],[-4,9],[-15,13],[-15,7],[-9,15],[-23,7],[-4,5],[-23,3],[-19,16],[-2,9],[-15,11],[-6,27],[-12,20],[-17,21],[-7,12],[-16,20],[-8,15],[-30,21],[-21,19],[-25,12],[-19,5],[-39,-1],[-14,-7],[-10,-10],[-12,28],[10,8],[23,-2],[27,17],[-11,5],[-12,-1],[-3,11],[-23,-8],[2,-7],[-16,-2],[0,12],[13,15],[31,12],[9,6],[-7,19],[-6,5],[-41,-22],[5,-18],[-11,-14],[0,-20],[4,-22],[9,-27],[2,-30],[-10,2],[-20,-8],[-18,0],[-20,3],[-6,6],[-2,11],[-8,11],[-11,-2],[-30,23],[-11,31],[-6,25],[1,10],[-9,53],[-13,41],[-5,4],[5,12],[0,13],[-5,7],[-9,68],[-4,15],[-5,39],[-8,32],[-4,35],[-5,11],[-15,54],[-12,58],[-10,32],[-13,19],[-19,72],[-13,40],[-12,31],[-5,19],[-5,32],[-7,31],[-22,60],[-10,33],[-10,29],[-3,15],[-8,18],[-4,38],[-7,30],[-21,100],[-17,57],[-8,21],[-6,10],[-30,33],[-9,16],[-9,6],[-11,0],[-21,7],[-8,9],[-16,29],[-2,21],[-8,25],[-8,31],[-17,20],[-11,2],[-10,12],[-23,4],[-12,11],[-9,12],[-22,14],[-16,28],[-11,15],[-5,-3],[-12,11],[-11,27],[-6,3],[-8,14],[-2,12],[-20,25],[-16,27],[-8,4],[-3,15],[3,21],[-31,72],[-23,28],[-11,23],[-30,42],[-23,37],[-19,36],[-21,40],[-35,45],[-31,51],[-15,17],[-17,15],[-20,13],[11,9],[8,-4],[20,-21],[21,-16],[17,-2],[11,6],[9,-4],[0,32],[-8,6],[-4,-18],[-8,-9],[-16,12],[-9,-2],[-2,9],[-31,25],[-11,4],[-32,-23],[-5,-15],[-17,5],[-32,-4],[-12,-17],[1,-8],[-29,0],[-8,12],[-10,4],[-10,20],[-9,13],[-5,-1],[-10,24],[-20,25],[-18,29],[-5,41],[-7,10],[-1,13],[7,15],[4,25],[-3,22],[-10,24],[-17,24],[-17,21],[-39,41],[-22,28],[-45,50],[-84,93],[-26,34],[-31,35],[-36,33],[-38,31],[-33,37],[-53,55],[-85,93],[-30,28],[-19,13],[-29,26],[-22,16],[-31,21],[-27,14],[-22,17],[-23,12],[-38,32],[-34,22],[-38,27],[-53,42],[-14,8],[-34,25],[-51,42],[-29,29],[-42,44],[-20,15],[-13,20],[-9,30],[-13,90],[-6,66],[-1,26],[1,34],[3,64],[-5,68],[-4,66],[-13,75],[-8,32],[-19,56],[-14,37],[-11,37],[0,28],[9,12],[16,8],[13,-3],[17,-8],[20,4],[45,30],[5,13],[7,-11],[20,-12],[14,11],[14,0],[23,4],[34,67],[12,2],[9,9],[28,-13],[2,7],[-36,14],[4,22],[1,36],[7,19],[17,20],[10,8],[6,16],[10,-2],[3,17],[33,53],[16,11],[26,29],[14,12],[12,-4],[10,4],[-3,11],[26,44],[18,14],[29,16],[4,-2],[31,11],[10,-6],[18,12],[-30,38],[20,7],[8,6],[12,-18],[15,-27],[4,5],[-25,45],[5,6],[107,103],[54,102],[38,74],[36,5],[-5,7],[-31,-2],[-10,90],[1,4],[63,136],[27,4],[-24,33],[-8,6],[-4,20],[23,2],[5,6],[17,8],[-2,19],[9,24],[1,22],[8,24],[0,20],[12,-6],[13,3],[35,18],[4,6],[19,6],[21,15],[17,24],[9,6],[86,18],[106,83],[14,19],[-12,7],[-16,0],[0,20],[-15,35],[-12,45],[-5,13],[-7,8],[-5,16],[-15,22],[-18,43],[-19,57],[-8,15],[-13,7],[-12,29],[-11,17],[-22,22],[-24,6],[-20,13],[-10,12],[-31,24],[-12,11],[-18,4],[-27,11],[-14,18],[-15,10],[-6,12],[-17,20],[-9,2],[-8,-3],[-9,5],[0,13],[-4,12],[-16,31],[-2,10],[-17,7],[-3,10],[-19,11],[-2,11],[-12,17],[-3,24],[-6,19],[-7,13],[-21,12],[-16,-3],[-11,3],[-17,12],[-18,3],[-36,15],[-11,15],[-2,7],[-13,5],[-33,-2],[-16,8],[-9,13],[-16,2],[-14,6],[-6,-4],[-15,3],[-12,11],[-14,7],[-14,10],[-12,3],[-7,-4],[-23,4],[-14,-5],[-20,20],[5,17],[8,3],[9,18],[13,18],[26,8],[-1,5],[-40,-7],[-6,-10],[-9,-4],[2,-8],[-21,-14],[-7,-9],[-24,-3],[-14,-4],[-11,9],[-11,1],[-12,-7],[-39,26],[-8,-7],[-13,3],[-6,-8],[-17,-1],[-27,7],[-47,2],[-20,13],[-10,-4],[-23,2],[-37,9],[-16,17],[-14,0],[-8,18],[-12,13],[-13,-6],[-12,2],[-2,6],[-13,-1],[-3,8],[-22,6],[-9,-2],[-13,19],[-12,4],[-6,-8],[-18,10],[-15,-3],[-16,6],[-24,-3],[-24,9],[-10,6],[-13,-3],[-23,5],[-14,10],[-20,0],[-6,3],[-42,-13],[-11,0],[-10,9],[-8,-2],[-18,9],[-10,25],[-16,18],[-8,2],[-8,10],[-21,2],[-30,8],[-5,-11],[-19,2],[-12,14],[-12,4],[-12,-2],[-18,-16],[-11,14],[-6,13],[17,28],[1,11],[14,-15],[8,0],[18,15],[15,17],[7,4],[5,15],[11,13],[10,0],[19,18],[6,12],[1,13],[11,18],[9,33],[1,10],[23,16],[19,-4],[25,8],[7,8],[12,6],[10,-1],[23,16],[19,-5],[11,4],[17,13],[25,9],[16,-4],[11,-7],[42,-10],[24,4],[31,-16],[17,10],[17,23],[2,6],[15,27],[12,11],[6,13],[13,41],[7,40],[13,33],[6,46],[6,12],[4,24],[1,20],[-1,21],[5,10],[-2,32],[0,16],[10,4],[3,10],[8,7],[2,20],[0,17],[-6,30],[-5,12],[4,20],[-2,22],[4,13],[-7,16],[-16,23],[-19,40],[-11,18],[-15,31],[-13,12],[-41,60],[-12,9],[-7,14],[0,13],[-10,2],[4,20],[-9,19],[4,4],[17,-2],[11,6],[9,-1],[11,15],[3,13],[13,2],[6,15],[4,40],[-1,32],[6,12],[-6,55],[-1,39],[-4,38],[1,27],[4,22],[0,23],[-67,73],[-45,50],[-40,-33],[1,-5],[-16,-13],[-13,-1],[-7,-35],[-14,-28],[-4,8],[-18,4],[-25,0],[-18,-2],[-12,-5],[-12,-12],[-29,-7],[-24,-11],[-22,-18],[-6,-17],[7,-31],[8,-17],[-1,-6],[-28,-10],[-8,-12],[-10,-5],[-45,5],[-23,-2],[-6,2],[-23,-3],[-25,0],[-8,-6],[2,-10],[-8,-7],[-21,-3],[-31,-34],[-15,-8],[-3,-15],[-5,-6],[-4,-26],[-9,-11],[4,-5],[-8,-15],[-12,-1],[-2,-6],[-13,-9],[0,-14],[-33,7],[-18,1],[-11,-17],[-27,-7],[-35,3],[-33,-3],[-7,-15],[-11,-9],[-27,1],[-16,-7],[-18,20],[-20,15],[-13,-3],[-3,12],[-21,23],[-36,27],[-18,-2],[-6,11],[-22,22],[-46,30],[-13,5],[-32,26],[-11,13],[-35,35],[-1,14],[7,8],[-6,18],[-9,14],[-10,3],[-3,14],[-15,24],[-23,28],[-23,24],[-22,15],[-25,14],[-26,16],[-29,15],[-24,9],[-46,15],[-29,8],[-50,9],[-35,-1],[-31,-3],[-40,-12],[-46,-16],[-40,-23],[-21,-19],[-7,2],[-7,16],[-10,11],[-6,13],[7,30],[16,15],[27,6],[20,8],[-6,7],[-15,-6],[-35,-9],[-13,-21],[-5,-20],[2,-25],[10,-11],[19,-23],[-9,-19],[1,-14],[8,-9],[2,-14],[11,-22],[14,-10],[5,-19],[11,-11],[3,-13],[-6,-6],[2,-13],[-16,-6],[-8,7],[-11,0],[-8,6],[-18,-1],[-14,3],[-13,-4],[-8,-12],[-10,11],[-25,14],[-24,-1],[-6,-4],[-8,9],[-20,2],[-1,8],[-23,1],[-10,17],[-6,-7],[-8,4],[-9,20],[-10,15],[-15,14],[-14,8],[-9,9],[-10,2],[-9,-5],[-14,4],[-22,-6],[-17,1],[-12,3],[-10,10],[-8,0],[-9,10],[-11,0],[-1,10],[-12,-5],[-9,4],[-1,14],[-10,1],[-15,6],[-18,-3],[-23,4],[-6,9],[-8,-9],[-9,36],[-17,17],[-16,8],[-22,5],[-9,-9],[-10,4],[-5,10],[-30,8],[-10,5],[-5,12],[-16,11],[-17,2],[-9,8],[-8,-4],[-9,4],[-9,10],[-21,-3],[-36,2],[-14,14],[-11,-3],[-13,9],[-17,-1],[-25,17],[-17,-2],[-1,9],[-9,18],[0,14],[6,11],[1,11],[8,18],[24,7],[11,8],[19,-5],[8,2],[12,17],[11,-6],[13,0],[29,14],[10,1],[19,-7],[8,0],[30,-22],[13,-5],[-1,-7],[11,-25],[10,-5],[10,-10],[12,-6],[10,1],[12,-13],[6,-20],[17,-8],[-2,-18],[10,1],[8,-10],[13,-1],[9,4],[34,-1],[9,-7],[14,27],[24,-6],[3,-10],[19,-12],[12,-2],[12,-9],[18,18],[-17,11],[-3,23],[-10,-2],[-8,32],[12,5],[36,13],[14,-5],[-2,30],[-17,10],[7,10],[-21,9],[-20,6],[-21,3],[-17,-2],[-9,4],[-172,-6],[2,8],[-25,22],[23,26],[4,3],[21,35],[18,46],[4,22],[4,35],[3,56],[-3,60],[-7,47],[-7,31],[-10,34],[-12,25],[-11,9],[-4,15],[-8,8],[-8,-12],[-7,12],[-6,-24],[-9,11],[3,14],[10,11],[-12,13],[-11,21],[-10,35],[-6,10],[-2,15],[-15,23],[-17,9],[-2,10],[-14,13],[-11,0],[-13,21],[-6,4],[-26,0],[-8,-9],[-6,5],[-20,3],[-7,5],[-13,2],[-3,13],[-22,9],[-24,3],[-6,10],[-9,5],[-6,13],[-11,13],[-20,10],[3,15],[17,7],[4,22],[4,3],[22,4],[22,20],[9,12],[11,-10],[22,5],[12,-2],[36,18],[5,1],[17,25],[11,1],[17,18],[11,20],[10,6],[3,12],[16,17],[16,10],[13,6],[12,-1],[33,49],[10,9],[23,8],[4,6],[21,17],[11,4],[7,9],[14,-4],[17,0],[26,8],[5,7],[10,22],[5,32],[18,11],[11,16],[6,-11],[12,-2],[25,5],[17,15],[3,16],[5,10],[23,-2],[10,14],[6,29],[11,1],[-10,-29],[19,-30],[17,-20],[4,-13],[5,-4],[22,7],[7,10],[5,17],[10,3],[13,-17],[7,1],[26,-16],[9,-2],[8,8],[10,-7],[19,14],[10,12],[7,4],[15,-1],[3,5],[17,-11],[10,1],[6,17],[-7,15],[-15,3],[-25,24],[-12,20],[-10,5],[-17,-1],[-16,-8],[-14,29],[-16,17],[-13,0],[-20,-11],[-5,-9],[-9,3],[6,15],[0,11],[14,21],[9,26],[13,14],[-3,14],[13,13],[22,-1],[9,4],[1,16],[-8,24],[-11,19],[-37,48],[-14,15],[-12,9],[-6,-2]],[[18246,62678],[15,23],[3,11],[19,42],[2,9],[-4,30],[3,33],[8,8],[27,13],[18,1],[12,12],[10,5],[21,-4],[11,2],[6,13],[5,18],[6,5],[7,31],[10,3],[5,-10],[7,-1],[3,11],[9,4],[-14,10],[9,15],[14,2],[32,13],[2,-11],[21,-30],[9,-7],[-10,-16],[-18,-14],[-5,-12],[10,-8],[23,-6],[1,-13],[8,-19],[1,-19],[-4,-14],[5,-6],[16,-2],[1,-7],[15,1],[44,-20],[34,-12],[14,-3],[15,4],[47,8],[21,13],[19,16],[-4,22],[15,4],[5,5],[30,-2],[38,6],[19,10],[13,-17],[11,-18],[33,-38],[20,-9],[15,-14],[11,-5],[12,11],[12,22],[24,-1],[14,11],[10,-5],[17,2],[11,13],[16,-5],[14,8],[13,-3],[15,1],[5,-5],[11,4],[5,-9],[28,16],[36,8],[9,8],[19,25],[11,8],[-8,34],[-2,28],[2,10],[-11,43],[8,24],[-4,36],[1,20],[4,18],[25,28],[11,7],[26,23],[10,39],[9,10],[-4,13],[11,11],[8,17],[-3,14],[5,11],[-3,17],[4,15],[6,10],[1,17],[5,7],[2,20],[-2,22],[-13,9],[1,17],[11,0],[19,-19],[9,3],[12,-9],[13,8],[2,11],[7,5],[7,-8],[-5,-11],[3,-7],[13,-10],[11,-12],[8,-2],[4,-9],[16,3],[1,12],[17,-3],[6,12],[11,3],[24,-18],[7,3],[21,-7],[6,14],[13,5],[18,15],[24,-20],[19,-2],[-1,-35],[-12,-19],[-3,-12],[-8,-6],[-13,-1],[-8,-9],[-11,-4],[-17,-15],[56,-29],[16,-4],[14,-14],[23,-12],[40,-22],[8,8],[13,5],[26,16],[13,3],[22,11],[7,-3],[9,12],[5,14],[39,20],[-3,11],[7,15],[16,6],[18,4],[13,18],[2,9],[26,3],[24,15],[15,1],[105,20],[16,2],[21,-2],[-8,-37],[-5,-1],[1,-22],[13,-14],[1,-22],[5,-11],[-17,-10],[-13,-15],[-5,7],[-16,6],[-10,-5],[3,-36],[16,-24],[40,-20],[13,-19],[5,6],[55,10],[9,-2],[6,-9],[22,-2],[13,-6],[11,-10],[6,16],[27,28],[7,12],[11,13],[17,5],[1,38],[-4,26],[3,53],[8,14],[1,13],[-14,43],[-5,38],[-3,37],[32,7],[41,22],[9,3],[21,-2],[8,5],[32,4],[22,9],[8,9],[-11,24],[3,14],[9,-8],[16,-8],[30,-12],[34,-5],[29,4],[46,25],[30,10],[6,9],[7,-3],[18,10],[2,50],[10,25],[-9,16],[-32,28],[-11,19],[-1,21],[12,15],[3,10],[11,21],[-3,28],[4,14],[11,9],[-6,7],[0,25],[9,51],[7,20],[2,17],[7,10],[-15,10],[-3,13],[5,19],[-10,17],[-9,6],[-14,-26],[-11,4],[-2,23],[23,8],[13,18],[1,15],[-25,70],[-3,25],[2,26],[5,17],[6,13],[22,17],[72,45],[13,19],[6,32],[10,40],[-4,19],[2,21],[1,24],[-4,26],[-4,19],[-10,24],[-12,20],[-18,25],[-15,13],[-20,13],[-4,10],[35,63],[5,41],[28,20],[10,24],[9,19],[16,18],[28,7],[14,10],[9,1],[35,-12],[10,-9],[39,2],[11,-3],[41,-4],[19,6],[4,14],[-3,16],[13,24],[8,29],[-4,3],[2,19],[-8,17],[4,11],[12,13],[19,9],[22,18],[9,13],[6,17],[30,-14],[29,-9],[9,-5],[28,-1],[40,4],[15,-2],[8,-5],[18,-4],[5,4],[21,41],[1,12],[14,12],[21,4],[13,7],[15,18],[36,18],[20,22],[16,7],[2,6],[11,8],[19,33],[14,4],[4,5],[-6,19],[15,12],[6,15],[11,15],[12,7],[13,19],[11,-3],[4,-23],[13,-10],[8,-11],[0,-87],[2,-14],[-6,-32],[3,-27],[-3,-5],[19,-18],[12,-5],[25,-3],[32,1],[19,9],[29,43],[53,79],[11,12],[16,11],[18,9],[78,24],[17,11],[14,2],[13,8],[21,0],[15,2],[20,15],[31,12],[19,4],[22,9],[21,6],[25,2],[16,-11],[16,7],[16,-1],[12,-6],[33,2],[22,18],[22,28],[29,18],[10,13],[1,24],[6,12],[18,13],[38,7],[18,-1],[49,-15],[28,-11],[15,-3],[10,5],[7,10],[9,2],[12,12],[8,-2],[9,7],[20,6],[5,11],[9,2],[13,-10],[-2,-12],[4,-7],[11,-6],[2,-7],[18,-19],[15,0],[10,12],[13,-3],[15,-12],[18,-4],[3,-9],[16,9],[20,-8],[14,-19],[39,-6],[45,13],[16,-9],[10,-14],[9,-5],[27,5],[7,-5],[15,-2],[8,6],[8,-5],[28,-10],[18,4],[0,8],[10,10],[25,16],[13,5],[0,7],[12,14],[17,1],[11,16],[14,-1],[10,15],[12,-5],[20,-4],[15,1],[11,-9],[1,-7],[39,-4],[17,-10],[16,-21],[22,-26],[23,-4],[13,2],[5,-5],[14,-1],[6,9],[20,6],[10,-6],[16,0],[11,5],[9,9],[15,8],[9,-7],[25,-4],[-2,48],[-5,31],[-19,64],[25,3],[34,-4],[1,-4],[22,2],[1,-11],[15,-7],[29,11],[8,-4],[16,0],[4,-15],[11,-1],[59,9],[6,-6],[16,5],[20,4],[2,4],[20,-3],[20,-13],[-9,-10],[18,-13],[15,1],[13,7],[13,25],[-6,9],[-1,21],[22,20],[17,4],[7,17],[4,17],[19,4],[8,8],[12,3],[9,-5],[16,1],[4,4],[-11,37],[4,12],[0,30],[4,14],[12,67],[4,5],[-6,16],[5,24],[21,10],[5,24],[10,20],[8,21],[12,24],[7,32],[1,10],[7,4],[-1,17],[-7,14],[13,10],[11,15],[4,14],[9,6],[14,1],[5,-16],[11,-6],[8,4],[18,20],[25,2],[17,-16],[20,-1],[24,25],[12,5],[9,12],[19,-2],[8,5],[-2,13],[-29,12],[12,18],[17,12],[-9,17],[6,9],[32,13],[12,15],[2,12],[12,6],[7,-7],[19,-7],[22,2],[10,-8],[10,1],[12,12],[23,-4],[13,10],[13,-3],[3,-7],[9,2],[18,25],[21,12],[21,20],[22,8],[22,-23],[30,4],[18,-1],[20,12],[12,-2],[47,6],[16,1],[9,18],[32,40],[4,12],[10,9],[1,9],[52,35],[50,36],[20,12],[1,-15],[6,-7],[16,-9],[38,-1],[20,-2],[13,13],[34,13],[31,2],[22,11],[16,-2],[15,10],[8,11],[7,21],[7,11],[11,4],[-2,25],[-6,13],[-12,15],[-3,12],[4,10],[-4,11],[-8,6],[-4,12],[-13,23],[0,35],[-8,10],[1,12],[-14,8],[-3,9],[-15,6],[-11,8],[-4,8],[-1,18],[-5,8],[11,17],[9,19],[9,7],[20,-6],[3,-15],[24,-8],[11,2],[1,8],[16,-2],[13,6],[8,10],[12,6],[12,-5],[-1,-9],[7,-6],[0,-12],[7,-11],[13,-6],[3,11],[14,-12],[13,4],[0,11],[27,2],[9,5],[11,-9],[13,1],[11,-8],[0,-6],[17,-5],[13,8],[5,-6],[11,7],[13,2],[10,7],[15,-4],[6,12],[20,-6],[17,3],[7,-12],[8,-1],[11,-24],[14,-18],[12,-4],[8,10],[12,8],[14,-2],[23,-21],[-2,-8],[16,-14],[13,3],[16,15],[7,16],[11,14],[34,2],[6,-8],[7,2],[22,-12],[1,-14],[20,-7],[23,-19],[10,-25],[3,-27],[-2,-4],[17,-16],[6,-11],[2,-15],[-4,-20],[-6,-10],[1,-12],[28,-18],[28,-9],[34,-7],[15,-32],[7,-1],[-11,-18],[-13,-26],[40,-10],[36,-3],[53,-14],[61,-19],[25,-7],[58,-18],[18,-1],[28,2],[32,-11],[14,-1],[63,-21],[47,-22],[31,-12],[40,-12],[18,-7],[91,-28],[71,-16],[30,-13],[52,-16],[13,28],[-2,22],[9,43],[14,46],[-3,7],[6,25],[14,11],[9,11],[6,29],[-5,15],[-14,6],[-6,18],[6,27],[-4,17],[-18,13],[22,21],[7,1],[5,11],[20,41],[6,19],[-11,11],[4,9],[20,16],[19,-5],[17,6],[12,-3],[14,-9],[16,10],[2,7],[-17,18],[3,20],[5,16],[13,14],[5,18],[12,9],[6,22],[-4,19],[4,19],[6,5],[1,22],[4,21],[-2,11],[7,24],[-10,11],[3,18],[-20,9],[-2,10],[-24,6],[0,9],[-12,4],[3,17],[26,19],[22,32],[17,0],[13,-9],[8,9],[11,-7],[4,12],[11,9],[20,-12],[21,19],[9,13],[3,11],[8,20],[6,5],[36,16],[13,14],[4,23],[-1,13],[-9,34],[-27,27],[-17,7],[2,14],[-9,14],[1,10],[-6,13],[7,16],[2,43],[2,11],[15,8],[18,15],[1,9],[11,-2],[16,3],[24,0],[16,-2],[9,29],[12,16],[19,10],[-4,13],[-3,31],[7,32],[-5,26],[8,14],[3,33],[24,5],[13,29],[11,10],[-3,18],[11,41],[9,28],[15,29],[-1,15],[-5,12],[-15,10],[-7,20],[3,15],[-2,10],[11,13],[21,11],[16,5],[3,11],[-5,22],[-8,13],[-2,17],[7,33],[-3,51],[12,6],[6,8],[-1,14],[-10,21],[0,11],[14,3],[16,40],[-3,14],[7,12],[10,0],[8,7],[11,2],[15,10],[5,9],[13,-4],[10,4],[3,-8],[20,1],[11,13],[3,19],[15,-7],[8,-18],[12,-3],[12,7],[-4,15],[4,13],[13,5],[11,-6],[16,0],[10,5],[-6,20],[-11,12],[3,12],[15,11],[-2,16],[6,10],[-21,7],[-5,16],[7,9],[14,4],[5,13],[-13,13],[3,8],[10,5],[12,-1],[9,-7],[10,-2],[2,11],[14,8],[6,-6],[19,17],[22,-9],[18,14],[15,-3],[5,-9],[11,9],[15,3],[17,-7],[-1,-11],[8,-9],[12,-2],[31,14],[18,-9],[19,-1],[15,-6],[15,-18],[23,-4],[7,1],[9,-10],[17,-6],[10,-8],[9,8],[17,5],[10,11],[18,10],[11,-1],[5,-7],[8,4],[9,-4],[10,3],[34,-3],[32,5],[17,10],[2,10],[-4,10],[9,5],[9,12],[33,22],[30,9],[26,1],[12,11],[38,6],[12,12],[7,17],[-2,22],[2,17],[19,11],[10,15],[-18,4],[-5,13],[12,14],[4,17],[-11,36],[-1,14],[-21,47],[-23,28],[-7,22],[-15,21],[-19,38],[-13,29],[-15,24],[14,1],[11,20],[11,5],[3,8],[-1,15],[14,13],[1,12],[-11,8],[-9,21],[15,17],[9,5],[-14,25],[-22,15],[-2,16],[-8,12],[-1,9],[10,39],[9,4],[18,19],[-2,42],[12,23],[36,30],[-30,17],[-23,23],[-26,21],[-9,10],[-42,28],[-21,36],[-8,7],[-18,43],[-12,32],[-5,6],[-1,29],[-5,20],[0,63],[-7,41],[-6,12],[-1,13],[-13,19],[1,12],[-2,29],[5,37],[-16,25],[-3,29],[-17,36],[1,30],[7,17],[-1,13],[-12,20],[-7,33],[2,20],[1,69],[3,49],[-15,28],[-4,14],[-7,51],[-1,16],[-10,-4],[-21,-11],[-12,2],[-13,-6],[-12,8],[10,19],[-7,27],[7,16],[-8,13],[-7,-4],[-16,3],[-5,5],[-3,16],[19,9],[5,7],[-6,29],[-18,5],[-10,8],[-2,29],[10,7],[2,16],[-4,19],[-6,7],[7,10],[-5,6],[12,17],[3,14],[-8,29],[6,5],[5,26],[-3,11],[6,6],[-1,22],[21,35],[-5,16],[-17,5],[-8,16],[-16,4],[-8,6],[0,22],[-13,9],[-18,8],[-8,14],[7,16],[13,5],[-3,18],[15,16],[-2,8],[3,17],[13,6],[0,14],[-11,11],[-16,3],[3,18],[-3,4],[2,40],[-12,17],[2,13],[-4,8],[-21,4],[-13,12],[-1,17],[8,21],[-6,12],[7,21],[-10,3],[-15,13],[8,19],[-1,11],[-11,13],[-1,14],[-28,28],[-5,12],[5,57],[-10,25],[0,10],[6,13],[-14,13],[-5,10],[6,21],[-1,15],[16,14],[-7,10],[8,10],[8,18],[22,12],[5,6],[7,21],[-5,26],[0,25],[4,27],[13,27],[0,18],[3,25],[26,13],[3,12],[14,10],[-2,10],[7,21],[3,17],[6,11],[14,13],[5,-1],[61,63],[28,36],[13,5],[19,15],[11,13],[23,43],[8,17],[4,20],[10,14],[13,4],[18,33],[15,12],[9,12],[-8,25],[-14,26],[-15,31],[-21,22],[-17,27],[0,17],[-6,19],[0,10],[-9,21],[-13,20],[4,39],[-6,23],[4,26],[6,18],[9,11],[10,5],[6,11],[0,18],[-2,9],[-22,24],[-38,0],[-2,8],[1,22],[9,14],[36,35],[6,9],[-5,17],[6,19],[19,0],[1,19],[7,0],[-8,35],[-10,9],[-10,26],[-7,7],[-2,18],[-6,4],[-7,17],[-12,7],[-6,16],[5,26],[-9,25],[-18,19],[-6,3],[-10,40],[-7,4],[-5,16],[-28,16],[-7,10],[-2,10],[-14,19],[-15,13],[-3,16],[2,19],[11,8],[1,20],[7,13],[-8,14],[3,17],[-8,23],[-13,24],[-11,10],[7,14],[-7,34],[8,17],[-3,13],[9,12],[-2,24],[8,12],[3,12],[9,0],[19,17],[14,9],[13,18],[17,7],[8,7],[3,13],[14,9],[-7,14],[4,31],[4,7],[-4,15],[-10,21],[-2,15],[9,16],[3,10],[9,11],[-2,12],[5,11],[-12,8],[-4,8],[2,13],[-15,6],[-20,-14],[-7,17],[1,13],[10,2],[-7,10],[-11,0],[-6,5],[-1,18],[-8,17],[2,26],[13,15],[1,9],[-14,-2],[-20,-8],[-6,3],[1,11],[13,8],[31,10],[16,12],[-4,16],[-7,-2],[-15,9],[-18,-2],[-12,12],[-2,7],[2,24],[14,18],[5,25],[-6,15],[6,36],[-9,6],[0,9],[12,1],[11,-6],[20,8],[12,13],[12,8],[-3,10],[-8,10],[-11,22]],[[18907,58528],[4,3],[21,-11],[11,-21],[14,-18],[-2,-4],[-21,15],[-6,10],[-21,26]],[[17111,62289],[6,10],[12,0],[14,11],[-1,12],[27,-17],[-16,-5],[-7,-11],[-12,-2],[-4,-6],[-12,9],[-7,-1]],[[18641,55275],[5,7],[22,-9],[18,6],[16,10],[21,2],[7,-5],[7,8],[-7,14],[5,8],[21,9],[-2,3],[11,21],[6,4],[13,-9],[16,-3],[26,11],[12,-3],[9,-14],[22,1],[12,-3],[9,-7],[15,-5],[8,-11],[15,6],[13,-6],[15,-14],[9,-1],[12,10],[12,-4],[-1,-28],[5,-6],[11,-2],[24,5],[3,-18],[9,-15],[7,-5],[1,-11],[10,-13],[19,-3],[28,3],[31,14],[15,-2],[3,-5],[12,-2],[19,5],[19,-4],[-3,-13],[6,-10],[19,-15],[6,-9],[13,-7],[-1,-16],[9,-9],[27,-7],[6,-6],[6,-14],[20,-7],[12,-23],[17,-14],[20,-26],[6,-11],[48,-53],[6,-9],[15,-29],[11,-16],[-8,-10],[2,-6],[-10,-14],[-12,3],[2,14],[-2,11],[-14,-1],[1,13],[-13,6],[-14,2],[-23,-2],[-11,3],[-16,-7],[-17,2],[1,8],[-20,1],[-11,14],[-13,0],[-5,10],[-8,-3],[-9,6],[-21,-7],[-6,-16],[0,-15],[-3,-11],[-18,5],[-20,-16],[-5,5],[-11,2],[-14,-27],[-10,-6],[-3,-7],[-8,-4],[-10,4],[-4,-8],[-10,1],[-3,14],[9,7],[-12,11],[-5,-12],[-7,14],[-17,-1],[-13,3],[-6,9],[0,11],[-10,16],[-15,2],[-6,8],[-6,-7],[-8,1],[-14,-18],[-14,-6],[-6,15],[-13,5],[-5,13],[-16,8],[-18,-4],[-10,-5],[-5,3],[-13,-2],[-9,12],[-6,17],[-15,9],[-5,37],[-20,2],[-28,10],[-11,-14],[5,-13],[-9,-9],[-2,-12],[-14,11],[-14,1],[-2,9],[9,9],[9,22],[8,6],[0,10],[-8,8],[-15,8],[-11,15],[-12,-9],[-12,18],[-14,3],[-7,8],[-14,-1],[1,13],[-6,15],[-8,7],[-2,8],[-11,9],[-1,6],[-12,8],[-1,11],[7,29],[-10,9],[5,21],[-15,27]],[[17878,61119],[9,11],[4,-12],[-13,1]],[[17868,61143],[14,-8],[-5,-7],[-9,15]],[[20021,57584],[-26,29],[-36,36],[-26,24],[-42,34],[-28,17],[-27,9],[-36,1],[-2,-2],[-70,-4],[-32,-9],[-12,-13],[-14,-19],[-24,-23],[-15,-6],[-28,1],[-17,9],[-15,11],[-4,11],[-15,19],[-10,28],[-7,16],[-9,6],[-15,27],[-4,5],[-21,32],[-23,40],[-23,31],[-25,23],[-28,16],[-11,1],[-5,-7],[-12,16],[-12,11],[-26,16],[-8,10],[-6,16],[0,28],[5,6],[4,21],[6,15],[16,26],[21,39],[12,26],[8,32],[0,15],[-4,10],[-18,8],[0,20],[-7,18],[-30,13],[-4,4],[-14,45],[-22,10],[-4,8],[39,15],[13,8],[-4,-27],[22,-3],[8,4],[23,3],[15,-3],[27,5],[21,12],[10,9],[32,20],[17,-9],[21,-2],[19,-7],[13,2],[23,11],[29,-3],[12,-10],[10,0],[13,7],[20,-5],[10,-25],[13,-17],[0,-16],[11,-17],[35,-22],[26,-8],[36,-5],[42,0],[2,-11],[22,-15],[-2,-6],[19,-24],[-6,-11],[4,-11],[10,-15],[-12,-24],[-2,-14],[3,-36],[6,-39],[4,-18],[-1,-39],[-5,-12],[-17,2],[-12,13],[-33,23],[-86,52],[9,-24],[-16,-16],[31,11],[13,-6],[12,-29],[1,-17],[-36,-10],[13,-5],[12,4],[12,-7],[6,-10],[-18,-14],[-8,-15],[1,-10],[12,-18],[-17,-3],[-3,-7],[9,-21],[27,-31],[-2,-9],[6,-16],[10,-10],[7,4],[22,28],[99,-63],[185,-103],[37,-10],[18,-7],[36,-20],[25,-15],[71,-49],[42,-108],[15,-3],[-1,-13],[-5,-4],[14,-36],[-36,-19],[-2,-13],[3,-11],[16,-30],[21,-6],[2,-17],[-5,-15],[-8,-6],[-3,-22],[-10,-3],[-2,-31],[2,-16],[13,-10],[2,-11],[-11,-17],[1,-23],[-13,-10],[-9,-16],[1,-16],[10,-2],[0,-31],[23,-53],[0,-28],[-2,-6],[-23,10],[-12,-1],[-12,5],[-23,23],[-31,45],[-12,19],[-11,14],[-7,16],[-9,52],[-6,20],[-9,49],[-14,56],[-14,42],[-18,45],[-16,29],[-32,51],[-36,48],[-30,38],[-22,25]],[[18246,62678],[-3,-2],[-34,16],[-23,3],[-8,-3],[-29,-38],[-16,1],[-23,-10],[-3,-12],[-2,-22],[-5,-3],[-19,24],[-19,10],[-15,13],[-18,8],[-12,14],[-7,18],[-7,3],[-3,12],[5,15],[-15,27],[-28,35],[8,10],[15,-1],[7,12],[8,0],[9,16],[0,20],[-7,13],[0,10],[20,-7],[10,2],[8,11],[2,23],[-3,14],[8,5],[-9,32],[-13,34],[-24,42],[-23,30],[-8,7],[1,7],[-7,14],[-11,12],[17,22],[-6,19],[11,9],[3,18],[12,-1],[8,11],[10,4],[19,-4],[7,-7],[20,-7],[9,2],[11,8],[10,1],[16,-8],[31,-25],[9,-14],[28,-21],[7,-15],[12,-6],[21,0],[13,5],[15,9],[26,9],[6,-1],[25,13],[11,11],[12,22],[10,8],[15,-5],[20,3],[13,-6],[42,5],[36,1],[18,-2],[52,-20],[21,-7],[16,-1],[28,6],[21,12],[13,19],[15,8],[7,16],[13,13],[27,36],[10,0],[14,-10],[12,-15],[3,-9],[16,-19],[4,2],[26,29],[-13,28],[-19,19],[-20,12],[-22,3],[-15,-5],[-22,-4],[-8,-9],[-14,-9],[-9,-16],[-3,-10],[-12,-6],[-20,-18],[-12,-14],[-11,-8],[-12,-3],[-18,3],[-24,12],[-12,19],[-20,4],[-37,3],[-15,-7],[-22,0],[-29,-9],[-31,10],[-10,6],[-23,32],[-14,16],[-16,6],[-7,14],[-15,9],[-28,5],[-5,10],[-8,5],[-13,0],[-16,25],[-18,-1],[-19,4],[-6,6],[-37,4],[-12,-2],[-17,10],[-16,23],[-29,3],[-14,-7],[-12,8],[-14,3],[-2,5],[-15,-1],[-3,-11],[-18,-15],[-17,13],[-4,12],[7,2],[10,21],[-23,35],[-17,12],[-15,7],[-26,8],[-32,14],[-13,3],[-12,-3],[-21,-23],[-29,6],[-14,-4],[-22,-14],[-11,7],[-17,-5],[-35,-4],[-9,-12],[-1,-7],[6,-12],[-6,-24],[-19,-13],[-12,-4],[-19,-17],[-5,-12],[2,-13],[12,-4],[-2,-8],[-17,4],[-10,9],[-23,12],[-39,17],[-25,8],[-22,5],[-23,3],[-18,-5],[-33,10],[-32,5],[-27,1],[-42,-3],[-54,-18],[-9,-8],[-4,-20],[-9,-8],[-7,-13],[-2,-12],[7,-14],[-24,0],[-19,-11],[-20,-7],[-14,-18],[-14,-4],[-22,3],[-21,8],[-29,-9],[-10,15],[5,7],[10,27],[-6,5],[-48,65],[-29,-1],[-13,10],[-22,9],[-24,0],[-34,3],[-16,-4],[-23,15],[-18,-22],[-7,-15],[-8,-32],[4,-22],[14,-14],[-12,-19],[-15,-17],[-14,-9],[-5,-14],[-16,-13],[-8,-16],[-9,-10],[-24,-19],[-6,-15],[2,-14],[12,-11],[27,3],[5,-14],[-1,-9],[-15,3],[-31,1],[4,9],[-4,13],[-20,19],[-37,20],[-28,20],[-15,7],[-27,8],[-21,11],[-28,10],[-21,10],[-35,14],[-25,5],[-36,3],[-27,-1],[-33,-8],[-19,-7],[-19,-12],[-14,-19],[8,-11],[0,-8],[-32,-1],[-12,-3],[-3,-9],[-10,0],[-24,-8],[-16,-2],[-19,-9],[-21,4],[-61,0],[-27,-7],[-18,-3],[-26,-8],[-21,-11],[-14,-10],[-12,-12],[-4,-14],[10,-14],[-29,-2],[-15,-9],[-6,-13],[-1,-11],[11,-3],[-8,-16],[-33,7],[-4,8],[-14,12],[-26,12],[-25,5],[-16,-4],[-17,-18],[-16,-1],[-11,3],[-11,8],[-7,11],[-15,9],[-12,-4],[-28,15],[-14,14],[-16,5],[-23,-2],[5,9],[-10,6],[-17,2],[-7,6],[-18,5],[-6,10],[-22,9],[-13,19],[-16,-5],[-7,17],[2,15],[12,19],[2,13],[-1,18],[7,13],[-5,5],[10,16],[-2,16],[5,6],[-23,37],[-22,22],[6,10],[10,-18],[12,-7],[9,14],[-3,21],[-8,-4],[-22,-2],[-6,-4],[-26,2],[-7,5],[-2,20],[-4,20],[-13,22],[-12,15],[-33,27],[-21,26],[-23,21],[-16,8],[-8,-6],[-15,15],[-24,13],[-19,7],[-31,6],[-20,1],[-19,-5],[0,-11],[-6,-20],[-20,-1],[-8,-6],[-11,2],[-14,24],[2,8],[11,14],[14,4],[2,15],[9,6],[13,-8],[14,6],[12,13],[12,3],[16,21],[-6,7],[-11,-7],[-6,14],[-15,-4],[3,-22],[-10,6],[-6,-10],[-10,-7],[-8,2],[-12,-5],[-6,6],[-14,1],[-10,-5],[-17,-1],[-4,-10],[-16,8],[-7,9],[4,12],[-8,16],[-11,2],[-5,-6],[-11,3],[-12,28],[16,6],[7,-1],[8,-10],[10,-2],[10,9],[10,-3],[14,14],[2,8],[-14,32],[-23,1],[-10,17],[3,19],[10,-8],[13,-1],[8,5],[9,15],[-1,24],[7,27],[9,-13],[4,-24],[15,-5],[10,6],[13,31],[11,5],[7,-4],[7,-31],[-2,-19],[5,-14],[11,-19],[11,14],[-3,5],[11,15],[0,25],[5,11],[8,-11],[9,-7],[5,-14],[9,-10],[11,0],[6,-7],[9,23],[-5,16],[-6,5],[6,18],[14,5],[4,10],[15,-2],[7,-9],[0,-13],[5,-9],[-1,-9],[-8,-13],[1,-13],[-9,-9],[3,-14],[20,-11],[18,11],[15,11],[9,4],[2,16],[12,7],[3,-11],[-18,-26],[1,-18],[-8,-13],[-19,-13],[-4,-6],[0,-31],[11,-13],[16,21],[-8,12],[13,22],[10,-3],[8,6],[10,0],[9,10],[12,-9],[27,-13],[0,-16],[-5,-10],[7,-33],[-14,-9],[-10,-19],[-9,-5],[9,-16],[15,8],[8,-13],[22,-6],[4,-6],[0,-14],[7,-6],[12,13],[18,26],[10,-6],[15,-2],[-1,11],[-10,10],[-11,4],[-23,-8],[-12,5],[7,16],[10,15],[2,23],[13,6],[3,6],[15,-9],[0,-12],[17,-16],[16,-7],[22,1],[19,20],[17,-2],[16,16],[5,14],[10,6],[6,10],[12,-6],[-3,-13],[-10,-12],[-17,-5],[-4,-9],[2,-12],[7,-16],[12,-12],[8,0],[1,17],[10,0],[23,-8],[16,-8],[9,10],[-15,6],[5,46],[-7,21],[-8,8],[-16,0],[-4,30],[-8,15],[8,14],[18,-1],[10,-9],[24,4],[5,-21],[17,-9],[22,6],[-1,13],[12,1],[9,12],[11,-8],[3,-11],[-3,-11],[-11,-7],[2,-17],[11,-15],[0,-19],[-13,-20],[6,-10],[-9,-16],[7,-15],[-5,-8],[6,-7],[14,5],[10,-10],[15,1],[6,-25],[7,-3],[4,12],[-1,19],[-3,8],[16,18],[-2,8],[-11,10],[-4,16],[-6,8],[1,9],[20,6],[16,17],[16,1],[20,11],[10,16],[16,-4],[0,-22],[3,-5],[-4,-24],[7,-11],[16,-5],[17,5],[10,21],[6,0],[6,-14],[-5,-30],[-11,-2],[-6,-24],[-8,-10],[0,-7],[36,-16],[7,9],[41,-2],[27,-2],[1,7],[-27,21],[-3,8],[2,11],[8,4],[25,-42],[-7,-21],[-11,-8],[-12,-3],[0,-8],[27,1],[14,6],[14,10],[11,-2],[16,1],[23,6],[16,8],[19,16],[26,35],[9,6],[17,-5],[22,-2],[9,-9],[14,0],[15,11],[6,-1],[4,17],[-4,9],[9,24],[-9,22],[-11,-6],[-10,22],[-11,0],[-1,7],[25,13],[14,33],[-5,12],[6,4],[4,19],[16,22],[5,12],[-8,2],[-5,20],[-11,19],[9,6],[9,11],[20,7],[12,15],[11,-4],[7,3],[5,13],[8,6],[3,15],[10,23],[8,28],[-11,18],[-11,2],[-10,19],[5,18],[-3,22],[-23,33],[-9,5],[-23,-7],[-23,19],[8,21],[8,8],[15,-15],[13,-6],[-1,-13],[12,-10],[11,9],[11,1],[2,21],[-8,15],[2,19],[10,11],[-23,48],[-11,6],[-12,-8],[-10,2],[-16,-15],[-15,1],[7,14],[-4,15],[-11,7],[-18,-20],[-6,10],[-10,6],[-3,-9],[33,-27],[1,-12],[7,-8],[-2,-9],[-19,11],[-7,10],[-34,32],[-2,12],[-11,5],[-11,0],[-8,13],[-19,10],[-12,16],[-14,6],[-13,-2],[-7,6],[-13,21],[-11,3],[-2,19],[-7,6],[-12,-5],[-12,6],[-13,-13],[-13,9],[-17,7],[-23,21],[-12,1],[-19,6],[-10,7],[-6,22],[-1,21],[7,8],[-1,13],[21,3],[26,-16],[32,-14],[13,6],[10,-3],[17,-20],[24,-7],[8,-13],[1,-10],[15,-5],[16,0],[16,5],[11,7],[9,1],[3,-17],[16,-17],[2,-10],[28,-7],[20,2],[15,-11],[8,9],[0,9],[-8,4],[-37,29],[-11,11],[-2,16],[-15,19],[0,18],[13,26],[-3,13],[-20,12],[-7,-11],[-4,-20],[7,-14],[-1,-19],[-4,-20],[-12,-1],[-11,5],[-11,15],[-6,14],[-2,18],[-9,25],[-12,11],[-11,1],[0,13],[-6,13],[6,9],[16,12],[1,20],[-5,24],[-17,13],[-14,5],[-9,7],[-4,-22],[-3,-53],[-11,-19],[-27,-12],[-15,-2],[-21,6],[-19,16],[-14,5],[-15,-7],[0,-9],[25,-37],[-6,-13],[-20,0],[-11,-4],[7,-16],[-2,-22],[-11,-14],[-13,8],[-9,0],[-7,-12],[-14,-2],[-5,-10],[-33,10],[-16,-5],[-6,-5],[-2,-12],[-19,-2],[-9,14],[-16,15],[-17,4],[-20,10],[-13,2],[-12,-7],[-12,-1],[-27,-19],[-13,-4],[-11,-21],[-13,-10],[-2,-6],[-16,2],[-9,-6],[-5,-9],[-16,-7],[-14,-12],[-10,0],[21,33],[7,6],[10,17],[13,2],[-24,17],[-10,4],[-10,-4],[-2,-15],[-11,-6],[-13,-13],[-16,1],[-25,15],[-10,-5],[-13,1],[-12,18],[-5,2],[-28,-9],[-7,2],[4,14],[-7,18],[-11,-1],[-11,10],[-25,-10],[-10,-14],[0,-9],[-16,-22],[8,-11],[13,12],[31,6],[9,-10],[2,-22],[9,-8],[-3,-12],[-12,0],[-20,-16],[-15,-8],[-20,-24],[-6,-3],[-7,-14],[3,-15],[25,-21],[8,-4],[12,7],[4,-8],[12,-8],[-1,-15],[-18,-14],[0,-17],[-5,-9],[-10,-2],[-15,9],[-25,12],[-16,-2],[-21,3],[1,10],[-23,16],[-26,11],[-19,13],[-16,0],[-9,-5],[-15,-32],[-5,-20],[4,-8],[-5,-9],[14,-1],[1,-18],[6,-21],[-8,-29],[0,-10],[-6,-30],[5,-32],[-4,-11],[-14,7],[-22,1],[5,19],[-3,7],[-17,7],[-8,-2],[-5,-12],[-11,-11],[-19,-12],[-26,21],[20,6],[7,11],[3,19],[-9,28],[-15,10],[-21,8],[-24,-4],[-6,-21],[1,-22],[-26,-18],[9,-25],[-4,-12],[-15,5],[-13,24],[-24,9],[2,19],[-11,17],[1,16],[9,7],[-15,8],[-1,8],[10,13],[-3,5],[3,17],[-4,14],[0,32],[-4,11],[-13,4],[-20,-22],[-12,-10],[-3,-9],[-17,-19],[-2,-20],[10,-10],[1,-16],[-6,-9],[0,-9],[17,-28],[-2,-17],[-11,1],[-13,21],[-7,18],[1,18],[3,18],[-4,12],[-21,38],[-4,30],[-3,10],[-9,8],[-14,5],[6,14],[-7,19],[0,8],[-11,2],[-13,-4],[-5,27],[8,13],[19,4],[3,10],[-15,12],[6,24],[-7,15],[1,20],[-5,18],[14,15],[6,9],[23,21],[12,4],[10,-6],[18,-1],[1,11],[-14,6],[-12,18],[-12,4],[-20,-4],[-9,6],[-10,-19],[-25,-5],[-4,-4],[-24,-5],[-16,13],[-4,19],[2,11],[7,5],[2,14],[-10,3],[4,18],[-9,6],[-10,-4],[-2,11],[9,9],[37,24],[-10,6],[-13,-7],[-17,2],[-7,-2],[-19,5],[-21,-4],[-4,6],[2,16],[16,19],[10,16],[1,12],[-20,35],[-18,22],[-11,10],[-1,8],[-9,6],[-9,23],[-17,17],[-4,25],[-8,-1],[1,-30],[-22,-10],[2,-7],[12,-2],[-2,-15],[10,-6],[4,-10],[-2,-11],[12,-28],[0,-14],[4,-14],[11,-11],[23,1],[2,-20],[-12,-18],[4,-10],[-5,-7],[4,-37],[8,-10],[3,-17],[10,3],[8,-3],[25,16],[6,-8],[-1,-11],[12,-11],[-3,-22],[5,-5],[0,-28],[6,-7],[-5,-13],[9,-5],[5,-13],[10,-15],[12,-7],[-9,-16],[2,-17],[13,-14],[-1,-7],[6,-23],[-12,-5],[-9,3],[2,13],[-12,12],[-12,-2],[-9,-13],[-1,-8],[-13,-3],[-16,-10],[0,-12],[27,-2],[-15,-25],[-22,-14],[-11,-3],[-6,8],[-12,-4],[23,-15],[12,2],[6,-17],[0,-16],[7,-7],[18,-3],[12,3],[8,-20],[9,4],[18,-13],[3,-10],[-5,-15],[-7,-1],[-14,-20],[-16,0],[-10,-21],[-14,-11],[2,-7],[-10,-13],[8,-9],[9,3],[-3,-22],[5,-21],[10,-10],[5,-15],[10,-7],[5,4],[12,-17],[15,0],[10,-5],[34,1],[2,-11],[11,-22],[3,-18],[-8,-16],[3,-13],[10,1],[10,-24],[7,-11],[12,-8],[14,3],[5,-6],[-4,-11],[2,-13],[6,-9],[2,-13],[-4,-14],[14,3],[27,-20],[16,-1],[9,-18],[7,-6],[-14,-8],[1,-10],[-9,-9],[-24,2],[-12,6],[-22,-12],[-15,5],[-15,13],[-10,6],[-15,2],[-38,-4],[4,23],[-13,24],[-12,6],[3,9],[-9,9],[-5,19],[-19,-21],[10,-22],[-2,-18],[-15,-3],[-14,-6],[-10,-12],[8,-13],[4,-14],[-3,-7],[-14,12],[-34,33],[-18,11],[-12,0],[-7,-6],[-7,12],[2,11],[-7,9],[-13,5],[8,9],[11,-8],[16,-26],[21,-4],[10,2],[1,18],[-13,25],[-13,34],[-10,15],[3,11],[13,-10],[9,8],[-14,33],[-14,7],[-22,18],[1,10],[12,-5],[3,10],[-5,10],[-16,-5],[-14,15],[-11,3],[-19,-17],[-6,1],[-6,12],[-7,3],[-6,14],[-17,5],[-7,15],[6,10],[13,9],[-28,20],[-4,7],[8,8],[-10,15],[3,13],[-4,10],[-11,0],[-8,-12],[-7,2],[3,-19],[10,-4],[-10,-18],[5,-23],[5,-1],[5,-17],[0,-14],[6,-13],[10,-10],[2,-20],[5,-16],[-1,-29],[19,-13],[9,-12],[-2,-9],[9,-19],[-6,-5],[-8,21],[-6,9],[-2,15],[-33,10],[-11,-8],[-9,-12],[5,-16],[11,-11],[-5,-7],[-10,3],[-10,8],[-17,4],[-13,-14],[-21,18],[-4,31],[-16,16],[-2,13],[-6,7],[2,11],[-5,9],[-3,31],[-10,18],[0,19],[-12,-4],[-18,36],[-7,18],[-19,14],[-12,26],[-9,2],[-14,-5],[-10,-23],[9,-20],[5,-21],[-3,-32],[5,-14],[25,-16],[2,-7],[-7,-14],[5,-27],[-7,-14],[10,-15],[12,-9],[9,-25],[-4,-10],[-20,1],[-5,-4],[-13,9],[-18,30],[5,8],[-4,9],[-14,7],[-34,-3],[-25,2],[-10,6],[6,11],[-6,16],[4,15],[17,14],[9,-8],[8,11],[-2,17],[-22,0],[-10,13],[-5,18],[-20,34],[-12,-2],[4,-17],[-2,-11],[8,-15],[-2,-26],[7,-15],[-7,-12],[-12,0],[-23,4],[-20,-4],[-7,-5],[-4,-20],[6,-10],[-17,-12],[-3,-9],[8,-12],[-2,-22],[-14,17],[-15,8],[-23,5],[-64,-9],[-25,-7],[-23,-9],[-5,-17],[-7,-9],[-27,-3],[-21,-12],[-16,-13],[-7,6],[-16,-1],[-15,-5],[-3,-8],[-12,5],[-2,12],[4,7],[2,17],[-4,10],[-19,12],[-8,-1],[-14,25],[-13,6],[-6,8],[0,14],[4,10],[-3,10],[7,8],[28,7],[19,-6],[12,0],[1,-17],[28,-25],[9,13],[-10,10],[-1,32],[-15,20],[-27,-6],[-14,-6],[-7,0],[-17,9],[10,15],[-5,9],[1,14],[-10,7],[-22,-2],[-18,8],[4,14],[-9,9],[-10,-6],[-7,10],[-2,11],[-25,16],[-11,0],[-2,12],[9,9],[-18,6],[1,19],[-12,4],[-6,14],[-15,13],[-11,0],[-12,-7],[-4,-11],[-9,-8],[14,-27],[11,-15],[-13,-13],[-6,-12],[-3,-31],[3,-9],[-3,-23],[-3,-14],[5,-16],[1,-28],[-1,-24],[-7,-6],[18,-17],[14,-9],[14,-3],[17,21],[0,6],[38,26],[7,2],[3,-12],[-2,-10],[-23,-17],[-30,-48],[-14,-26],[-5,-21],[-2,-21],[-17,-38],[-7,-48],[0,-29],[-5,-13],[-15,-24],[-6,-12],[-3,-23],[-1,-17],[15,-31],[6,-5],[-7,-20],[2,-15],[-10,-30],[4,-22],[4,-3],[1,-20],[6,-13],[15,-8],[5,-8],[-6,-11],[-5,-22],[5,-15],[16,-5],[5,-22],[-5,-24],[0,-22],[11,-20],[20,-9],[11,-1],[5,-8],[14,0],[-7,-26],[0,-17],[-7,-26],[1,-14],[5,-16],[0,-14],[10,-24],[12,-8],[15,-1],[0,-11],[10,-3],[3,-26],[7,-7],[3,-12],[8,-8],[25,-8],[13,-9],[0,-9],[9,-5],[4,-14],[10,13],[9,-21],[30,-11],[-1,-13],[7,-9],[0,-26],[12,-15],[5,-29],[12,-15],[27,-14],[4,-8],[12,-3],[10,5],[4,-14],[-38,9],[-11,0],[-7,21],[-38,16],[-3,-5],[-27,2],[-4,-10],[-11,-9],[0,15],[-5,6],[-25,3],[-14,-14],[-7,-14],[-9,10],[0,9],[-13,15],[3,5],[-16,16],[1,9],[-28,19],[-23,7],[-21,-17],[-6,0],[-14,-17],[-6,-12],[-8,-1],[-10,-19],[-7,19],[-11,-1],[3,15],[-13,21],[-15,13],[-10,25],[-17,4],[-18,16],[6,11],[-11,8],[-7,26],[4,8],[13,6],[3,9],[-2,10],[-13,4],[-17,15],[2,12],[-3,13],[-9,11],[-7,30],[5,8],[-11,5],[-2,12],[-6,10],[-1,10],[6,4],[-2,16],[8,2],[0,12],[8,10],[-11,5],[-15,18],[10,11],[4,17],[-11,33],[-5,5],[4,23],[-14,38],[-15,3],[-12,-7],[-10,8],[7,9],[-8,8],[-2,20],[-14,25],[17,-4],[9,-20],[30,-4],[12,5],[15,18],[17,7],[7,-2],[15,19],[3,11],[15,18],[15,35],[8,27],[-1,22],[11,12],[10,-2],[6,9],[2,27],[-3,22],[-6,32],[-8,33],[-9,45],[-1,19],[1,42],[-5,110],[-5,24],[-14,39],[-20,45],[-11,27],[-8,29],[-15,33],[-21,39],[-16,27],[-26,37],[-7,13],[-9,5],[-19,14],[-17,17],[-25,21],[-14,6],[-12,10],[-12,-4],[-25,9],[-14,16],[-11,0],[-17,19],[17,0],[8,7],[-13,5],[-17,-3],[-15,18],[-15,9],[-20,1],[-19,17],[-6,3],[-1,35],[-3,14],[-13,29],[-15,26],[-21,32],[-25,27],[-9,25],[-1,18],[18,25],[18,11],[5,16],[-2,11],[5,7],[-12,22],[4,15],[-8,2],[-8,16],[-1,13],[8,7],[-7,29],[-6,13],[3,12],[10,6],[-1,7],[14,6],[6,-12],[15,-8],[10,-9],[14,5],[7,-8],[32,-16],[27,15],[-19,10],[-29,1],[-12,10],[-15,2],[-8,-4],[-17,8],[-3,10],[-10,9],[-13,2],[-4,-4],[-12,3],[0,22],[3,11],[18,-1],[10,-7],[25,27],[23,16],[-14,22],[3,11],[12,-3],[8,18],[-3,9],[18,-1],[21,3],[9,-15],[11,2],[-4,21],[-6,8],[-10,2],[-1,7],[9,11],[2,9],[13,2],[9,15],[6,1],[13,-10],[1,-9],[-5,-12],[4,-6],[17,2],[21,-2],[11,-3],[2,19],[7,2],[41,-18],[4,-10],[30,-6],[11,1],[-10,21],[1,6],[11,10],[-2,13],[-6,14],[17,15],[7,13],[10,4],[4,-19],[-4,-13],[20,3],[13,23],[9,-2],[9,4],[4,9],[-9,28],[-34,12],[-7,-2],[-16,7],[-15,4],[-15,-3],[-10,11],[-18,-2],[-31,-25],[-4,4],[-27,9],[-28,-14],[-21,7],[-10,-5],[-13,-13],[-8,-1],[-9,-9],[-19,-1],[-9,-16],[-12,-10],[-22,-9],[8,17],[-15,9],[5,12],[-20,-2],[-4,-12],[-18,-1],[-11,8],[-1,9],[-14,-4],[-6,4],[5,17],[-7,31],[2,24],[-9,5],[-13,-24],[-15,-6],[14,-18],[-11,-11],[8,-22],[9,12],[10,-14],[12,-8],[8,1],[12,-12],[4,-9],[-5,-14],[-6,-3],[-12,5],[-5,-2],[-2,-12],[-6,-9],[7,-6],[10,6],[15,-5],[12,2],[32,-6],[-1,-10],[4,-16],[-13,-14],[-2,-16],[-5,-6],[12,-12],[1,-9],[-17,5],[-1,9],[-15,-2],[-14,3],[-3,-12],[14,-30],[0,-12],[-17,6],[-5,-10],[-37,7],[3,16],[-15,3],[5,-11],[-6,-12],[12,-7],[8,-18],[-10,-12],[-13,-4],[-9,-17],[2,-7],[22,-8],[5,-15],[16,-10],[4,-23],[-15,-15],[12,-4],[0,-13],[9,-13],[-2,-31],[4,-15],[-7,-12],[-5,-16],[-2,-24],[-17,-13],[-9,12],[-18,16],[-16,13],[-35,35],[-44,43],[-12,14],[-36,33],[-26,24],[-22,12],[-21,7],[-13,23],[-9,13],[-19,16],[-7,3],[-27,27],[-34,32],[-36,32],[-14,5],[-6,6],[-40,25],[-55,30],[-34,17],[-60,25],[-40,15],[-49,16],[-43,11],[-33,5],[-48,4],[-40,7],[-29,1],[-27,-5],[-11,-5],[-30,-24],[3,-11],[-1,-20],[-21,-16],[1,-6],[-9,-11],[-12,3],[-1,18],[-17,28],[15,-1],[6,5],[5,27],[20,5],[5,14],[-3,33],[9,6],[5,15],[20,-13],[13,-17],[-1,-15],[20,-5],[18,3],[12,8],[12,19],[16,-7],[9,3],[25,1],[22,15],[12,22],[13,-4],[10,-24],[17,-7],[20,2],[12,-3],[1,-8],[-11,-8],[22,-17],[23,-6],[17,-18],[11,-6],[22,-6],[13,-13],[23,-11],[32,-10],[8,-6],[16,-3],[23,-12],[32,-9],[6,7],[8,21],[-20,53],[-16,26],[-11,34],[-6,13],[0,12],[-4,13],[3,20],[18,-11],[2,23],[-23,2],[-8,-10],[-5,-19],[-23,-9],[-30,4],[-8,-7],[-35,0],[-16,10],[-9,16],[-7,-1],[-11,15],[-3,13],[15,13],[-9,11],[-18,-14],[-7,-9],[-37,-14],[-12,-13],[-13,0],[-4,8],[-23,31],[-17,-12],[-14,-4],[-23,1],[-44,15],[-20,-4],[-8,-5],[1,-12],[-14,-8],[2,-9],[-12,0],[-8,-5],[1,-8],[-17,-9],[-12,3],[-14,18],[-11,5],[-3,10],[-14,13],[-12,6],[3,18],[10,-4],[14,4],[10,7],[20,-24],[6,1],[16,11],[0,17],[-11,13],[0,22],[8,10],[7,-11],[19,-9],[20,7],[8,17],[4,16],[-5,22],[-5,8],[-9,2],[-11,16],[-7,0],[-14,9],[8,16],[11,-3],[5,15],[9,2],[6,11],[-1,12],[-11,15],[-10,0],[-10,-11],[-1,23],[12,18],[-4,16],[24,5],[12,5],[2,-8],[21,5],[16,2],[56,2],[7,4],[31,-8],[9,3],[26,28],[9,15],[5,16],[9,4],[1,11],[-10,12],[5,21],[6,6],[16,2],[32,10],[6,9],[3,14],[8,17],[2,32],[5,15],[7,8],[6,17],[1,19],[-6,9],[-2,16],[9,9],[6,17],[8,15],[10,6],[3,20],[8,22],[9,-9],[8,-19],[15,2],[33,-7],[12,12],[-2,15],[7,16],[3,20],[12,24],[-1,15],[-7,22],[-8,-5],[-17,9],[-10,11],[-3,17],[-25,9],[-6,12],[2,20],[8,22],[11,22],[17,4],[22,0],[17,3],[9,8],[20,0],[12,6],[6,17],[-9,23],[-7,-6],[4,-10],[-1,-13],[-7,-6],[-21,-2],[-44,-7],[-18,0],[-10,-8],[-12,-23],[-7,-21],[-11,-10],[-7,-12],[7,-14],[5,-20],[9,-9],[21,7],[1,-18],[7,-4],[16,-20],[3,-22],[-5,-6],[10,-13],[-2,-13],[-7,-11],[-9,-6],[-18,1],[-8,11],[-8,21],[-11,6],[-10,-1],[-7,-6],[-16,-2],[-3,-27],[4,-7],[0,-14],[-10,-27],[-7,-9],[-3,-12],[-19,-1],[-21,-12],[-8,-11],[-8,-4],[-6,-17],[-7,-7],[-5,-11],[-14,-16],[1,-14],[-12,-17],[-7,-6],[-10,-15],[-20,-42],[-7,-3],[-3,-11],[-15,3],[-18,-9],[-16,-15],[-10,-6],[-5,-12],[-56,-19],[-10,1],[-9,8],[-19,47],[-8,50],[-18,66],[-14,24],[-26,22],[-19,-1],[-16,-6],[-6,1],[-9,-11],[10,-9],[7,-13],[8,-3],[25,0],[17,-11],[2,-17],[14,-22],[1,-30],[6,0],[3,-21],[-4,-27],[11,-17],[-12,-8],[-14,5],[-17,1],[-27,15],[-3,-5],[25,-15],[42,-14],[-8,-6],[-8,-19],[4,-4],[-11,-19],[-11,-52],[-16,-12],[-10,-15],[2,-5],[-16,-9],[-3,6],[-23,-4],[-3,2],[-10,30],[-6,-2],[9,-31],[9,-15],[-8,-8],[-15,-27],[-9,-4],[4,-33],[9,-13],[-2,-5],[13,-9],[-4,-16],[-20,-11],[-26,-19],[-8,-10],[0,-8],[6,-10],[-2,-15],[-9,2],[-25,-7],[-12,-12],[7,-17],[-18,-14],[-8,-15],[-16,-3],[-3,-8],[-20,3],[-9,-10],[-29,13],[-70,9],[-17,-3],[-1,-8],[-26,2],[-11,-7],[-9,-12],[-33,7],[-13,14],[-8,19],[-17,7],[-8,-1],[-21,-13],[-2,-11],[-14,-12],[-18,-3],[-9,-11],[3,-16],[-12,10],[-15,-12],[-4,6],[-10,3],[-9,7],[-13,-5],[1,-11],[-6,-14],[3,-9],[-14,1],[-16,-8],[-20,2],[-10,15],[4,8],[-18,6],[-16,12],[-11,-11],[-14,26],[5,5],[19,-1],[1,17],[-10,17],[-17,12],[-17,3],[-12,12],[-16,-2],[-3,17],[-10,15],[-9,5],[-4,-9],[-22,5],[2,18],[11,8],[-4,16],[-14,9],[-20,-7],[-8,3],[-6,12],[-15,1],[3,23],[-5,3],[-13,29],[-8,12],[-23,20],[-16,-1],[-4,8],[3,9],[-2,14],[-7,12],[-12,-4],[-13,18],[-1,5],[-11,6],[4,14],[6,7],[-17,28],[-7,35],[-13,40],[-14,36],[-10,16],[-20,22],[-7,4],[2,11],[-4,10],[-29,34],[-23,15],[-9,0],[-5,8],[0,8],[-7,5],[6,9],[-9,20],[-28,22],[-17,11],[5,16],[9,4],[9,-5],[9,11],[-4,26],[-15,12],[-12,22],[0,27],[-3,24],[6,36],[30,21],[-3,25],[1,9],[10,10],[-7,5],[-14,-9],[-11,10],[17,10],[7,9],[2,17],[-5,19],[5,13],[8,2],[0,15],[-25,-9],[-8,-16],[7,-12],[-8,-18],[-19,-12],[-3,-9],[14,-27],[11,-7],[-1,-11],[-18,-18],[-10,-24],[-8,-53],[3,-9],[-21,-8],[16,-5],[4,-5],[1,-23],[12,-10],[-7,-24],[2,-8],[-22,-15],[-15,-5],[-5,-9],[0,-22],[-9,-2],[-41,22],[-12,13],[-13,0],[-10,-8],[-3,-23],[-15,2],[-20,31],[-17,0],[-11,-6],[0,16],[-28,16],[-33,-1],[-2,5],[-18,4],[-14,-1],[-18,-6],[-24,-21],[-26,19],[-22,1],[2,-11],[-15,3],[-10,13],[-5,0],[-3,-13],[-7,0],[-28,22],[-7,1],[-5,-12],[-8,-4],[-16,1],[-15,13],[-16,1],[-10,18],[7,17],[18,8],[7,12],[1,12],[11,22],[-23,-21],[0,-15],[-6,-8],[-11,-5],[-9,-17],[-3,-15],[-7,-7],[-12,-1],[6,-11],[-14,0],[-6,10],[-13,-8],[-13,11],[-18,10],[-18,-4],[-16,-10],[-16,17],[0,10],[8,16],[-9,3],[-7,-22],[-29,6],[-4,12],[-7,4],[-10,-6],[-18,-2],[-4,18],[-8,0],[-10,-7],[-1,-6],[-14,-2],[-4,13],[0,20],[-4,14],[-19,10],[2,22],[9,3],[17,18],[4,8],[5,24],[8,10],[8,21],[-11,4],[-3,-17],[-10,-8],[-6,-11],[2,-15],[-2,-8],[-17,-17],[-14,-2],[-6,-15],[4,-14],[-11,-6],[-9,2],[-17,-4],[-17,9],[-13,-2],[-23,23],[-21,-13],[-12,7],[-5,12],[-8,-24],[-6,-8],[-8,-22],[-8,-6],[-26,-6],[-12,10],[-13,-1],[-11,7],[-3,10],[-13,4],[-2,9],[-12,-5],[-5,17],[-15,2],[-4,12],[-16,5],[-3,19],[-23,13],[-19,7],[-12,13],[-9,5],[-26,21],[-7,2],[-7,11],[-7,4],[-6,10],[-11,10],[-10,-3],[-9,14],[-7,2],[-19,19],[-13,6],[-14,2],[-1,11],[18,19],[-2,14],[-15,-2],[2,13],[9,6],[6,11],[12,10],[5,10],[18,-6],[12,2],[7,8],[7,18],[-2,15],[21,18],[6,8],[14,-9],[15,2],[12,-7],[7,-11],[6,20],[-10,2],[-6,9],[11,17],[6,18],[12,6],[9,13],[24,-1],[7,-6],[21,9],[27,-6],[10,8],[0,12],[21,18],[45,9],[14,11],[7,1],[19,-7],[18,1],[6,-12],[17,-2],[6,-6],[3,-13],[18,21],[12,-6],[2,-13],[14,5],[10,-3],[8,6],[-24,20],[-24,10],[-16,1],[-12,-4],[-21,11],[-33,2],[-15,17],[-4,-17],[-15,-13],[-23,-2],[-30,-10],[-20,-27],[-17,4],[-18,-6],[-22,3],[-12,11],[2,18],[-9,9],[14,11],[10,32],[-7,27],[-20,-7],[11,-8],[3,-21],[-7,-16],[-13,-13],[-8,-2],[11,-17],[-9,-21],[0,-8],[-31,-22],[-7,-12],[3,-22],[-6,-7],[-15,14],[-27,-11],[-1,-16],[-11,-11],[-12,-19],[-9,5],[-8,-4],[-27,-23],[-16,-17],[-4,-8],[-15,-1],[-13,2],[-9,-18],[-7,-1],[-22,5],[-4,14],[-13,11],[-18,37],[-16,26],[-11,33],[-3,27],[1,11],[-6,17],[10,12],[2,16],[-10,19],[4,25],[-8,17],[-13,9],[-6,10],[15,3],[-4,9],[-24,-1],[4,12],[-9,-1],[0,19],[8,5],[5,-14],[17,5],[1,9],[-9,18],[-8,10],[2,16],[7,12],[2,12],[-11,1],[0,13],[-15,25],[9,6],[1,10],[-19,-9],[-4,-11],[1,-10],[14,-7],[12,-25],[-2,-12],[-10,-11],[-17,-6],[-5,9],[-13,-4],[20,-16],[-7,-13],[-13,-9],[-12,0],[5,-10],[13,-9],[-4,-10],[7,-18],[8,-4],[8,-14],[-6,-16],[5,-5],[11,3],[29,-12],[-3,-16],[7,-10],[0,-13],[-7,-18],[6,-23],[-19,-14],[-8,-10],[-14,2],[-12,8],[-16,6],[-7,-9],[20,-1],[12,-13],[2,-16],[28,15],[6,-12],[11,-3],[7,-21],[-2,-19],[7,3],[13,-14],[0,-16],[13,-25],[-12,-11],[8,-31],[13,-6],[-4,-13],[-16,-9],[-9,-15],[-11,-4],[-2,-7],[-26,-9],[-7,-10],[-13,-1],[-13,-9],[-6,1],[-14,-16],[-14,-7],[-17,-2],[-11,-5],[-20,8],[-10,8],[-5,-9],[-9,-1],[-9,-9],[-20,0],[-18,3],[-11,-3],[-9,6],[-28,1],[-4,3],[-20,0],[-5,3],[-47,-11],[-21,-10],[-22,-17],[-13,15],[-31,1],[-6,5],[2,12],[-20,17],[-8,16],[-18,8],[-8,-4],[-7,4],[-7,11],[-30,12],[-16,1],[-19,-7],[-5,-5],[-1,-20],[-7,-6],[-8,26],[-14,8],[-8,1],[-11,-7],[-17,12],[-11,3],[-6,-12],[-30,-18],[-8,-10],[-4,-11],[-21,-3],[-6,-5],[-8,8],[-17,-6],[-12,-20],[-7,12],[14,5],[-2,8],[10,9],[-2,15],[21,25],[-5,12],[7,10],[-1,10],[10,6],[14,17],[-2,12],[-18,-23],[-16,-5],[-6,5],[-8,18],[-11,13],[-33,31],[-29,16],[-24,23],[-23,37],[-29,31],[-12,15],[-13,23],[-16,14],[-7,0],[-13,20],[-6,20],[-6,11],[-16,15],[-23,11],[4,8],[-13,19],[-20,6],[-6,-6],[-11,8],[-18,3],[-6,14],[10,11],[0,13],[-5,25],[8,-3],[15,13],[1,25],[-5,5],[0,20],[6,6],[13,-1],[10,5],[12,-8],[-1,-16],[-7,-17],[9,-5],[11,6],[-6,7],[9,24],[0,8],[24,14],[1,10],[-19,1],[-21,-8],[-3,5],[-22,0],[-8,-4],[-20,13],[-7,1],[-5,-10],[-14,19],[-10,2],[-7,-9],[-8,1],[-10,-6],[-5,5],[-1,15],[-6,16],[-10,11],[-16,10],[-5,-2],[-21,8],[39,31],[9,-8],[13,-5],[9,-16],[13,-4],[15,5],[8,9],[4,19],[13,9],[11,4],[-10,18],[-12,-8],[-2,-9],[-15,-2],[-18,22],[7,9],[-1,10],[-15,4],[-6,13],[-7,2],[-4,20],[4,9],[-4,9],[0,14],[10,17],[8,-3],[12,3],[-2,24],[13,17],[-8,4],[-18,-26],[-15,14],[-39,-25],[4,-10],[-3,-9],[9,-26],[-5,-13],[-17,12],[-24,9],[-12,-6],[-15,0],[-4,8],[-20,9],[-4,16],[10,8],[1,9],[-12,23],[4,16],[-7,16],[-22,28],[-36,8],[-16,9],[-15,16],[-5,12],[-13,1],[-5,10],[6,22],[11,10],[7,16],[-8,0],[-7,-14],[-20,-8],[2,12],[-5,8],[4,11],[7,4],[7,16],[2,11],[-5,21],[7,25],[8,19],[0,18],[-10,-9],[1,-12],[-8,-17],[-2,-16],[-20,-12],[0,-12],[-7,-19],[1,-8],[-19,-3],[-10,7],[-10,20],[-7,4],[-36,-7],[-19,-1],[-21,-5],[-19,-10],[-12,26],[-7,-1],[-10,8],[-6,31],[-10,9],[-5,-14],[-10,-17],[5,-8],[-6,-8],[2,-11],[17,-6],[-24,-25],[-14,10],[-8,16],[-20,-3],[-9,8],[-1,8],[-11,-2],[-3,-10],[4,-13],[8,-13],[10,-1],[10,-26],[12,-7],[11,-2],[17,-11],[25,11],[17,11],[11,-7],[-18,-6],[-28,-12],[-26,-16],[-27,-25],[-11,-16],[2,-12],[17,-24],[1,-17],[13,-25],[-3,-13],[6,-9],[-5,-9],[6,-7],[-5,-17],[6,-4],[-7,-13],[-5,-15],[12,-19],[-3,-12],[1,-16],[18,-31],[12,-10],[2,-11],[12,-1],[6,-11],[15,-3],[0,-12],[-17,-9],[-17,6],[-14,-6],[-11,2],[-16,-2],[-7,-6],[-8,6],[-24,-2],[-73,-20],[-19,-3],[-57,-1],[-54,-5],[-22,-3],[-38,-9],[-27,-13],[-12,-8],[-23,-28],[-5,-4],[-11,10],[-5,15],[-32,40],[-15,16],[-35,28],[-40,23],[-32,14],[-56,15],[-15,5],[-49,12],[-4,8],[27,-8],[16,0],[9,-4],[8,3],[14,-10],[40,-11],[31,-11],[42,-24],[37,-25],[24,-23],[10,12],[-18,7],[0,10],[-12,8],[-18,3],[-6,8],[0,13],[-16,5],[-7,11],[-12,6],[1,7],[-11,6],[-5,-5],[-18,4],[1,14],[-9,0],[3,19],[12,15],[-11,3],[-3,-13],[-16,-15],[-9,8],[-18,-1],[-19,11],[11,21],[20,15],[-23,0],[-17,-8],[-5,5],[-11,1],[-12,12],[-2,20],[-2,5],[4,18],[-5,3],[-11,-12],[-6,10],[-12,-7],[6,-9],[12,-4],[6,-26],[11,-15],[13,-10],[-18,-16],[-20,-6],[-12,4],[-13,-4],[-10,1],[-16,-18],[-5,-19],[-21,3],[-7,6],[-23,5],[-8,25],[-17,19],[11,24],[-7,13],[-17,9],[-13,3],[-30,-2],[-8,4],[-1,10],[-14,12],[-16,27],[-4,5],[0,19],[-5,5],[9,10],[1,11],[12,13],[13,3],[7,-8],[18,-6],[14,3],[-20,19],[-9,-3],[-22,18],[-7,-1],[-10,-9],[-4,7],[-15,12],[-9,2],[-25,21],[1,18],[-7,15],[6,6],[14,4],[4,4],[18,2],[7,26],[-31,-10],[-3,-12],[-16,-2],[-6,15],[-8,-6],[1,-11],[-9,-1],[-17,15],[-2,16],[-7,9],[-5,19],[-17,11],[-10,-15],[-8,1],[-9,11],[-12,11],[0,10],[-6,14],[4,8],[-4,8],[3,27],[-9,1],[-8,21],[5,48],[12,26],[0,6],[12,22],[6,23],[1,26],[-3,18],[21,-11],[20,1],[19,7],[5,11],[-4,34],[27,7],[13,0],[41,-4],[17,3],[17,12],[7,17],[20,32],[2,6],[-3,39],[1,13],[9,4],[14,-7],[15,-19],[10,10],[0,17],[17,6],[12,-11],[10,-4],[7,-11],[-1,-17],[27,-4],[18,-6],[6,-6],[33,-4],[9,-3],[4,-12],[10,3],[19,-13],[32,-18],[20,1],[-2,6],[-21,0],[-26,15],[-13,27],[-27,-1],[-28,7],[-16,14],[-26,1],[-16,22],[17,2],[14,28],[14,11],[13,4],[-8,13],[13,13],[7,19],[27,-9],[11,-1],[24,-8],[-18,23],[-29,4],[-7,6],[-26,-6],[1,-16],[-18,-13],[-1,-20],[-10,-11],[-10,-4],[-9,-11],[-4,-14],[-14,-2],[-10,16],[-16,4],[-10,-7],[-7,-16],[-19,2],[-14,5],[-1,13],[4,9],[-2,25],[-4,18],[10,17],[33,-5],[10,6],[26,27],[-3,9],[5,16],[8,35],[2,36],[-1,69],[-8,18],[-19,15],[-8,10],[1,6],[-48,2],[-11,5],[-25,4],[-2,6],[-11,2],[-5,13],[5,35],[-2,17],[3,10],[-16,1],[-7,-39],[1,-25],[9,-23],[30,-32],[16,-5],[30,-2],[27,2],[5,-12],[-9,-13],[-3,-16],[-17,-9],[-12,-17],[-14,-12],[-11,5],[-6,17],[-10,6],[-11,-7],[-9,-11],[-12,8],[-3,-11],[21,-10],[20,-31],[3,-43],[-3,-7],[-19,-16],[-21,-4],[-13,1],[-9,-5],[-11,1],[10,-15],[16,-6],[21,6],[10,8],[8,-3],[8,-21],[-2,-10],[-8,-6],[-2,-11],[6,-17],[-5,-11],[5,-15],[11,-23],[-2,-12],[4,-34],[-5,-12],[-17,-22],[-13,-9],[-12,-12],[-25,1],[-26,12],[-1,-7],[-21,2],[-16,-9],[-11,-12],[0,-19],[6,-18],[-5,-6],[-23,-2],[-21,13],[-11,-4],[-5,-9],[1,-19],[4,-10],[-1,-14],[-8,-21],[-27,-40],[-6,-17],[-12,-15],[3,-12],[-10,-14],[11,-3],[-5,-34],[15,-21],[3,-24],[-1,-22],[5,-11],[-1,-16],[-37,2],[-4,3],[-19,-12],[-23,-8],[-5,-15],[-8,5],[-14,26],[-10,0],[-8,-17],[-12,-1],[-8,9],[-5,13],[0,11],[-4,9],[-23,5],[-1,13],[-6,14],[2,31],[-10,19],[-14,-5],[10,-38],[1,-15],[12,-30],[7,-10],[9,-4],[7,-14],[-12,-12],[4,-5],[20,-2],[8,-4],[24,-3],[15,-6],[22,-2],[13,24],[9,-6],[22,-4],[-7,-14],[8,-17],[-2,-5],[8,-9],[14,-7],[-8,21],[2,10],[-3,12],[14,13],[15,9],[10,0],[2,-23],[6,2],[8,24],[9,-2],[14,-9],[1,-8],[10,-10],[2,-11],[16,-4],[12,-14],[10,-3],[5,-9],[-4,-8],[-9,-6],[0,-7],[14,1],[21,-15],[14,-15],[11,0],[1,-10],[10,-13],[-6,-13],[-17,-22],[13,-1],[5,-16],[10,-8],[5,-23],[10,2],[8,-19],[7,-8],[12,-2],[-4,-16],[9,-8],[4,-13],[5,-33],[-6,-10],[1,-12],[-16,0],[-13,17],[-13,0],[-10,7],[-14,-2],[-31,-9],[-51,-22],[-39,-21],[-70,-46],[-29,-23],[-12,-14],[-34,-20],[-12,-12],[-22,-33],[2,-16],[-11,-26],[-10,-14],[-2,17],[8,11],[-2,22],[3,49],[4,10],[19,20],[-7,46],[-6,4],[3,15],[-12,19],[-13,11],[-6,9],[7,12],[4,23],[-15,23],[-2,9],[-11,8],[-1,8],[-14,13],[8,7],[11,-1],[9,6],[11,18],[-10,5],[-17,4],[-16,22],[-14,12],[0,16],[-9,2],[-3,-12],[-14,2],[-6,-24],[2,-16],[-11,-7],[-28,8],[-12,6],[-9,-1],[-10,-9],[-12,9],[-4,-4],[4,-15],[11,-15],[8,-2],[2,-14],[-7,-14],[12,-12],[-5,-13],[6,-7],[-16,-9],[-6,-7],[-15,9],[-3,-6],[13,-12],[-2,-10],[-9,-10],[-1,-24],[5,-6],[2,-13],[-14,2],[-10,21],[-19,8],[-13,10],[0,19],[-19,20],[-9,3],[-18,12],[-10,1],[-28,-7],[-16,9],[-20,0],[0,-5],[21,0],[18,-13],[10,0],[23,7],[21,-14],[8,-14],[-6,-18],[13,-2],[9,-10],[25,-11],[10,-18],[9,-13],[13,0],[9,-24],[15,-13],[14,-19],[9,-3],[12,-23],[-19,-5],[2,-9],[-4,-12],[3,-11],[9,-5],[14,2],[5,-15],[6,-6],[20,-8],[11,-15],[8,-20],[-25,-9],[4,-23],[18,3],[9,-3],[4,-16],[16,-13],[4,12],[-19,23],[4,7],[16,11],[5,-8],[-14,-13],[26,-20],[11,2],[-2,9],[-9,10],[30,-4],[26,-16],[8,1],[10,-16],[16,-14],[-13,-14],[-14,-21],[-1,-15],[12,-21],[-1,-7],[-13,-19],[-9,-7],[-13,-19],[-5,-25],[2,-10],[12,-8],[-2,-11],[-30,-3],[-29,-15],[-9,-13],[5,-36],[8,-2],[-14,-15],[-4,-9],[-30,-16],[-21,-34],[-44,-15],[-13,-14],[2,-13],[-14,6],[-11,0],[-24,20],[-24,11],[-13,2],[-23,-1],[3,7],[-6,13],[-12,-2],[-3,18],[-17,-5],[5,-14],[-4,-8],[3,-26],[10,-15],[-8,-8],[-7,18],[-11,0],[3,-13],[-13,-10],[3,-6],[-7,-14],[-13,-5],[-18,6],[-8,-2],[-13,-11],[-12,12],[-28,3],[-21,-1],[-20,-11],[-14,5],[-19,-2],[-59,-16],[-42,7],[-32,-3],[-45,-14],[-21,11],[-20,7],[-15,-1],[0,-8],[-21,12],[-7,18],[24,12],[16,4],[-2,16],[20,10],[0,14],[-6,12],[-10,-15],[-10,1],[-4,-20],[-9,-15],[-23,-13],[-16,-16],[-17,-8],[-9,9],[-27,-2],[-6,-9],[-28,7],[4,13],[11,2],[1,11],[-3,16],[-18,23],[-9,6],[-20,7],[-45,4],[-39,-1],[-41,-12],[-37,-18],[-10,-1],[-29,8],[-43,6],[-21,0],[-23,7],[-22,-4],[-27,-12],[-22,-7],[-6,-4],[-19,-3],[-19,0],[-8,3],[-8,-12],[-15,2],[-11,-2],[-18,4],[-11,10],[-21,7],[-5,22],[0,16],[-4,26],[11,11],[11,29],[-3,22],[-7,14],[-22,24],[9,10],[-20,6],[0,19],[-25,-17],[3,-10],[-10,-4],[-3,16],[17,16],[-6,15],[8,28],[25,19],[-1,8],[20,3],[19,15],[13,-13],[9,2],[0,23],[5,8],[30,2],[-1,-16],[13,-4],[13,0],[17,6],[28,20],[13,14],[16,26],[2,8],[-3,20],[-12,17],[-10,1],[-14,-8],[-8,11],[9,3],[29,-2],[10,3],[9,19],[-1,23],[-6,32],[-2,5],[-1,27],[-6,31],[-4,36],[-9,30],[-5,26],[-14,42],[-2,15],[-12,41],[-2,12],[-11,39],[-20,63],[-8,39],[-7,20],[-2,22],[1,8],[-10,6],[-10,24],[2,7],[-9,8],[-11,24],[-18,50],[-49,116],[-5,16],[-15,35],[-34,75],[-26,45],[-29,44],[-16,19],[-15,16],[-15,19],[-26,15],[-13,14],[-14,11],[-11,38],[-9,28],[-12,13],[-13,39],[-36,60],[-23,30],[-12,7],[-13,-3],[-36,49],[-13,9],[-9,13],[-21,12],[-17,17],[-20,8],[-23,36],[-20,37],[-9,7],[-40,10],[-25,20],[-7,2],[-29,1],[-10,-4],[-11,2],[-17,11],[-14,-2],[-10,6],[-8,17],[-11,5],[3,13],[-5,13],[-25,29],[-53,30],[-24,27],[-36,23],[-29,12],[-19,6],[-20,14],[-26,8],[-25,10],[-6,-2],[-9,-14],[-20,10],[-12,-1],[-13,4],[-2,6],[-18,11],[-22,17],[-19,4],[-15,24],[3,10],[9,8],[-3,14],[9,5],[7,15],[4,26],[0,18],[-11,8],[4,14],[-11,11],[-20,-14],[-2,-8],[21,-26],[4,-8],[-7,-15],[-11,-10],[-22,-42],[-5,-5],[0,-13],[-38,6],[-33,-5],[-15,-9],[-7,-8],[-10,-18],[-2,-13],[4,-12],[-9,-12],[-12,-8],[-4,-9],[-12,0],[-28,-27],[-11,5],[-10,-1],[-25,32],[-5,-1],[-17,7],[-8,9],[-20,-9],[-9,8],[-23,5],[-10,11],[-19,12],[-22,-8],[-2,16],[6,15],[-1,10],[-11,16],[-33,32],[-11,1],[-27,-2],[-3,4],[-18,3],[-26,14],[1,7],[-9,7],[-17,-17],[-12,-2],[-12,5],[-11,12],[-11,-7],[-11,1],[-2,8],[7,10],[-6,14],[-25,4],[-9,9],[1,13],[-5,20],[-13,13],[2,7],[-6,12],[-9,8],[-11,3],[-22,-11],[-5,-15],[-10,0],[-9,-6],[-13,-31],[-15,1],[-12,-4],[-12,5],[-12,-3],[-1,-14],[-25,-1],[-20,10],[-1,7],[-25,6],[-17,13],[5,6],[-9,9],[-22,-10],[-17,4],[-6,-4],[-15,7],[-26,1],[-15,6],[-9,-6],[-26,4],[-14,-4],[-13,2],[-14,-5],[-10,10],[-20,13],[-10,0],[1,-17],[-10,-10],[-8,3],[-11,19],[-29,20],[-8,0],[-15,18],[-13,-1],[-7,15],[-13,0],[-15,4],[-9,-9],[-22,12],[-4,-4],[-17,6],[-11,-13],[-20,3],[-9,14],[-24,24],[-22,17],[-6,-1],[-18,15],[-13,-3],[-1,12],[17,-5],[29,8],[3,7],[18,-8],[23,7],[16,-8],[21,6],[21,9],[11,-7],[25,-1],[10,7],[3,8],[11,2],[16,11],[8,14],[7,37],[-7,7],[-16,5],[-16,14],[12,6],[-4,6],[-13,3],[-13,-4],[-4,10],[14,9],[8,11],[-8,4],[-9,12],[-11,7],[11,6],[4,10],[-14,15],[-9,21],[14,18],[10,-3],[13,2],[9,-13],[17,2],[31,-18],[15,5],[14,0],[2,-8],[17,-11],[15,-3],[4,8],[23,8],[-8,20],[4,9],[8,5],[6,-10],[-2,-16],[4,-9],[21,-4],[21,15],[21,-17],[12,2],[8,9],[23,-17],[2,14],[-4,19],[8,15],[22,20],[-8,22],[9,0],[1,23],[12,0],[5,12],[12,-5],[4,-8],[-2,-14],[3,-10],[12,-1],[11,4],[12,-10],[12,-2],[2,7],[15,3],[10,-2],[3,11],[26,-9],[15,-15],[8,-5],[20,-2],[6,7],[23,12],[7,-7],[17,-4],[10,-8],[16,15],[3,10],[-16,26],[2,9],[33,-21],[6,3],[21,-16],[9,-11],[4,13],[19,9],[9,-3],[11,4],[9,10],[20,-1],[-6,9],[5,6],[15,-3],[5,14],[19,10],[6,9],[7,-8],[11,1],[16,11],[27,-7],[6,-14],[17,-4],[5,13],[1,13],[8,5],[2,11],[10,-2],[1,12],[9,16],[9,-8],[13,2],[7,9],[-4,7],[11,7],[13,-6],[23,5],[15,-1],[6,-6],[24,9],[16,-3],[7,-14],[17,-4],[13,-14],[14,-10],[21,6],[10,-11],[10,-5],[6,-9],[13,16],[18,0],[11,8],[-1,22],[10,7],[20,8],[-1,12],[12,12],[-3,23],[3,11],[28,11],[-2,11],[24,-14],[8,-19],[8,-1],[7,7],[14,-15],[9,-2],[15,14],[4,-14],[16,13],[0,16],[-5,8],[0,14],[8,3],[7,-9],[2,-20],[17,6],[2,5],[16,-3],[6,8],[19,3],[10,-8],[5,13],[10,-15],[9,-6],[15,0],[-5,19],[12,0],[13,9],[0,-12],[9,-14],[30,-11],[11,1],[7,-12],[6,9],[12,-11],[6,8],[14,-5],[0,10],[20,18],[7,10],[0,14],[18,3],[8,11],[10,30],[19,-3],[34,4],[13,-3],[5,10],[-1,26],[13,1],[12,-4],[15,-16],[25,-8],[32,13],[10,8],[13,0],[25,-14],[7,7],[15,-11],[18,-2],[20,12],[18,-7],[16,8],[3,13],[17,11],[25,-4],[14,21],[-5,9],[11,10],[12,18],[20,10],[23,2],[7,5],[22,-13],[19,-23],[13,2],[5,15],[5,4],[25,-3],[10,-6],[27,-5],[11,6],[17,-2],[18,3],[4,8],[10,-4],[17,8],[33,24],[18,3],[-1,10],[17,3],[35,-3],[20,-8],[20,2],[7,-10],[3,-14],[9,-3],[18,-18],[9,-6],[7,-12],[17,-8],[29,1],[13,-15],[11,4],[19,-6],[14,-23],[-23,-14],[11,-4],[18,2],[6,-20],[7,-6],[10,4],[-4,20],[7,10],[10,-5],[11,1],[9,-6],[17,32],[7,-5],[-4,-10],[24,-4],[-5,-11],[-1,-23],[5,-15],[16,-10],[18,-1],[26,6],[19,-7],[-1,-7],[10,-10],[20,-5],[8,-9],[13,2],[28,15],[10,2],[14,13],[-2,14],[-8,2],[5,18],[9,6],[7,19],[5,1],[8,23],[14,-2],[18,13],[-1,6],[16,13],[16,54],[6,11],[2,17],[16,61],[2,21],[-18,9],[-1,26],[-4,18],[-11,18],[19,7],[13,16],[10,3],[4,13],[17,17],[7,27],[24,-9],[10,-20],[11,-10],[5,2],[-11,15],[0,20],[-8,9],[-6,28],[-7,58],[-1,24],[5,18],[-1,9],[-13,9],[-5,15],[15,4],[2,7],[-11,34],[-6,11],[-14,0],[-42,9],[-18,-12],[-21,20],[5,11],[-7,6],[-15,-5],[-10,-12],[-16,5],[-7,10],[5,16],[-3,7],[11,6],[-3,21],[6,6],[-13,8],[-13,-1],[2,14],[-13,11],[15,11],[16,-5],[6,-8],[8,7],[6,11],[2,16],[-2,13],[-7,-1],[11,29],[1,16],[-7,7],[-9,18],[-13,45],[2,9],[-11,11],[-21,43],[-25,58],[-4,14],[-20,-3],[-11,10],[-26,1],[-16,30],[4,12],[-9,4],[-5,11],[1,10],[-18,5],[-21,-4],[-9,-13],[-19,-4],[-15,2],[3,11],[-3,12],[-10,-2],[-18,21],[-12,0],[-6,7],[-14,-6],[-6,-11],[-19,2],[-6,6],[-13,-2],[-6,4],[-23,-3],[-10,12],[-14,-12],[-15,-2],[-3,4],[-16,-9],[-25,1],[-16,12],[-17,-3],[-18,-10],[-9,-2],[-12,10],[-8,-1],[-17,7],[4,10],[30,16],[-4,17],[-29,46],[-29,34],[-16,-2],[-21,2],[-19,8],[-18,-7],[-2,-7],[-17,-11],[-5,14],[7,7],[-5,11],[-25,1],[-10,3],[-16,-7],[-18,12],[-7,11],[-14,3],[-4,7],[-32,-2],[-9,-4],[-19,9],[8,18],[-6,9],[-28,16],[-9,-8],[-12,-3],[-4,8],[-9,3],[-12,18],[-14,1],[-12,-14],[-25,6],[3,9],[11,11],[0,7],[6,16],[11,17],[-18,24],[-3,-9],[6,-15],[-8,-24],[1,-14],[-10,-3],[-19,3],[-9,4],[-41,26],[-35,19],[-14,-2],[-9,4],[-29,0],[-22,-7],[-8,0],[0,19],[-17,10],[0,12],[-15,-2],[-20,-8],[-24,-2],[-11,-15],[-9,-6],[-19,-2],[-10,6],[-30,-1],[-5,-13],[-15,-1],[-8,14],[-15,-2],[-20,-8],[-5,-11],[-9,4],[-18,-10],[-22,-23],[-10,-22],[-5,-31],[-8,-13],[14,-11],[13,-2],[17,1],[14,-15],[7,-15],[-1,-9],[-20,-20],[-4,-15],[-17,-3],[-19,0],[0,-7],[-28,-22],[-10,-6],[-10,-12],[-4,-14],[1,-14],[-15,-15],[-10,-14],[-4,-24],[9,-21],[-14,-16],[-5,-14],[-11,-1],[-5,-12],[4,-7],[-10,-6],[-7,-11],[3,-10],[9,-13],[7,-3],[-3,-11],[-15,-5],[-10,2],[-2,-14],[-9,-10],[-13,-9],[-8,-25],[-13,-3],[-14,-10],[-18,-10],[-16,-4],[-19,-18],[-7,1],[-4,-28],[10,-17],[-19,-32],[6,-16],[7,-6],[2,-10],[-4,-9],[-10,-1],[-2,-15],[-15,1],[-14,5],[-9,-6],[-14,1],[-13,-4],[-24,4],[-8,16],[-23,4],[7,6],[0,24],[8,9],[-3,9],[-12,5],[-2,15],[17,9],[7,7],[19,7],[5,12],[10,11],[1,15],[-9,4],[-7,20],[9,10],[10,23],[-14,13],[-7,13],[19,8],[4,10],[0,20],[-9,38],[0,16],[-6,44],[-1,14],[-10,11],[10,12],[4,10],[-5,22],[-12,18],[-9,5],[-8,-11],[-7,7],[9,8],[-5,7],[4,14],[-3,12],[-9,1],[-1,11],[-10,19],[11,19],[-3,17],[3,9],[-2,9],[-14,15],[-8,18],[6,10],[-3,10],[-17,19],[-12,0],[-14,-7],[-14,-2],[-10,3],[7,30],[-11,-2],[0,10],[11,-2],[6,4],[13,-5],[8,6],[-4,10],[11,7],[11,-13],[15,-3],[13,3],[7,10],[11,8],[-1,8],[18,5],[13,8],[24,1],[8,8],[9,-6],[8,3],[7,11],[3,17],[0,19],[-2,44],[-5,4],[-24,45],[-8,12],[-16,5],[-11,11],[-9,2],[-1,9],[-12,8],[-23,6],[-4,-5],[3,-14],[-14,-8],[-9,-11],[-31,-8],[-18,-10],[-9,0],[-14,11],[-18,-4],[-13,-19],[-20,-18],[-10,12],[0,7],[-36,9],[-16,-8],[-12,-1],[-9,-6],[-15,-1],[4,35],[-14,15],[-9,-2],[-7,5],[-3,11],[-10,-5],[-4,25],[-11,6],[-16,-1],[-26,12],[-19,3],[-24,-7],[-11,-9],[-7,-33],[0,-15],[-20,-33],[-8,8],[8,14],[0,14],[-12,4],[4,8],[-10,18],[10,4],[8,24],[-2,5],[14,8],[9,22],[0,8],[15,23],[1,15],[12,29],[-2,13],[-17,28],[-12,14],[-15,-6],[-6,8],[-20,6],[-4,7],[-20,3],[1,11],[24,-1],[19,4],[22,-5],[10,9],[15,3],[6,-17],[4,-2],[19,2],[11,24],[10,10],[3,15],[10,14],[23,9],[19,-5],[-6,-33],[1,-7],[23,-12],[19,-3],[27,-8],[-1,-14],[-19,18],[-14,4],[-15,-1],[-4,-10],[9,-8],[9,-22],[13,-17],[15,-6],[25,14],[3,-14],[13,7],[37,11],[15,10],[16,15],[9,31],[14,-1],[13,-4],[9,10],[2,14],[9,5],[8,20],[4,20],[-6,12],[3,15],[-12,9],[-3,28],[5,9],[-7,17],[-22,12],[-4,8],[5,14],[9,4],[-1,14],[1,34],[-20,21],[0,22],[-12,-3],[-4,6],[17,26],[-11,15],[-6,14],[-3,14],[-28,27],[12,12],[8,37],[-7,5],[19,10],[27,5],[10,13],[-7,8],[5,8],[-3,9],[6,8],[51,12],[15,26],[21,12],[11,13],[4,14],[13,5],[8,-3],[16,7],[10,-4],[24,7],[12,11],[13,3],[8,-4],[24,10],[23,6],[7,-23],[-24,-46],[-11,-17],[-8,-21],[-21,-27],[-9,-16],[-16,-22],[0,-21],[8,-14],[3,-20],[-7,-16],[-10,-8],[-1,-10],[7,-18],[-11,-4],[-1,-31],[-8,-21],[-8,-4],[-8,-11],[-2,-17],[-10,-6],[-12,0],[-15,-17],[3,-30],[-4,-7],[12,-39],[10,-6],[-2,-7],[8,-11],[26,-21],[32,-16],[16,-3],[11,7],[8,22],[8,-5],[-8,-19],[-23,-6],[8,-13],[-4,-11],[18,-20],[1,-7],[19,-10],[17,10],[5,7],[12,2],[25,9],[12,15],[22,18],[3,13],[-14,14],[-9,-8],[-7,4],[-1,21],[4,10],[9,3],[22,20],[20,0],[3,20],[23,32],[2,15],[40,64],[13,5],[46,3],[2,-21],[-18,-38],[-47,-47],[-25,-36],[-14,-23],[-22,1],[-4,-5],[4,-13],[6,-1],[9,-28],[9,-6],[19,5],[4,-10],[10,-7],[10,-20],[11,-6],[-8,-11],[-11,-9],[12,-14],[21,-18],[11,-1],[11,6],[20,1],[15,-4],[15,13],[13,-2],[28,4],[28,14],[22,14],[9,0],[46,12],[28,12],[14,10],[15,17],[0,13],[-5,4],[8,15],[17,9],[17,-25],[17,0],[6,7],[32,-3],[12,-14],[13,-2],[32,10],[28,2],[13,-5],[32,-3],[13,-4],[15,-1],[14,8],[22,8],[15,12],[9,-25],[0,-7],[-9,-11],[0,-10],[-9,-10],[2,-16],[13,-23],[6,0],[9,-20],[27,-38],[5,-9],[20,-16],[26,0],[51,-9],[20,0],[31,4],[29,-1],[34,5],[51,22],[10,2],[23,-1],[13,2],[14,9],[20,19],[23,15],[32,40],[26,2],[6,3],[18,-4],[32,1],[11,-3],[7,-14],[14,11],[7,18],[13,8],[10,13],[12,9],[33,9],[23,2],[15,8],[20,20],[26,9],[8,8],[24,13],[14,5],[23,-1],[34,4],[36,-3],[2,-5],[30,1],[5,3],[31,-6],[34,-3],[41,-7],[18,-8],[9,-13],[20,-10],[-3,-22],[6,-7],[2,-16],[-5,-8],[-6,-32],[-15,-6],[-11,5],[-14,16],[-7,15],[-3,14],[-30,10],[-19,-1],[-23,-14],[-7,-1],[-7,-39],[-6,-15],[-18,-17],[15,-3],[11,-13],[7,-17],[0,-16],[-19,-17],[-13,-6],[1,-10],[11,-1],[27,18],[11,1],[9,-4],[14,-15],[-2,-16],[16,3],[35,-14],[18,-17],[58,-24],[33,-39],[-4,-6],[-11,3],[-26,-21],[-38,-16],[-11,-1],[13,-15],[9,8],[16,4],[18,0],[21,8],[13,7],[14,-17],[1,-14],[-20,-6],[0,-6],[28,-1],[28,-10],[16,-8],[4,-16],[-23,-13],[37,-7],[17,5],[19,-1],[14,-7],[22,2],[25,11],[17,19],[7,17],[14,22],[20,16],[12,0],[9,-15],[1,-19],[18,-27],[-5,-18],[6,-26],[5,-1],[2,-18],[6,-20],[-11,-13],[15,0],[20,-12],[7,-24],[8,-2],[-9,28],[-17,19],[-5,26],[10,0],[25,-7],[14,-11],[22,8],[5,38],[-12,-3],[-22,1],[-14,9],[-9,11],[-4,43],[-18,33],[-18,17],[-15,8],[-11,1],[-42,-6],[-19,-12],[-6,-14],[-20,-14],[-19,4],[-1,-9],[-12,4],[-12,-27],[-6,-1],[-19,6],[-20,26],[-20,51],[-14,25],[1,9],[-29,26],[-21,12],[-19,6],[-22,4],[-9,12],[-28,21],[-31,14],[-49,34],[-6,11],[14,21],[7,3],[23,-12],[29,-9],[20,-1],[26,4],[14,5],[24,13],[16,10],[18,9],[15,15],[14,1],[15,14],[12,3],[19,14],[12,12],[3,16],[15,-2],[21,17],[20,-2],[16,-8],[9,-19],[1,-10],[21,2],[14,5],[16,10],[14,1],[5,4],[27,-8],[8,4],[3,15],[13,5],[16,14],[21,6],[4,5],[22,-1],[23,-20],[10,12],[0,6],[17,4],[9,7],[8,-12],[8,14],[43,5],[8,8],[-43,-1],[0,4],[-25,2],[-6,7],[-15,-1],[-24,-7],[-23,10],[-21,-8],[-16,7],[-27,0],[-54,-5],[-24,-13],[-14,9],[-34,-2],[-20,17],[-23,11],[-14,1],[-7,9],[14,11],[-5,13],[-27,28],[-4,19],[3,5],[15,3],[33,20],[14,4],[15,10],[23,10],[25,6],[1,6],[-34,-1],[-26,-5],[-4,-7],[-61,-16],[-22,-11],[-8,-14],[4,-20],[-5,-11],[5,-7],[-16,-9],[-11,-16],[1,-11],[14,-5],[6,-10],[-10,-6],[-15,13],[-2,19],[-12,7],[-10,0],[-11,13],[0,10],[-9,11],[-25,4],[5,11],[21,2],[3,6],[-4,11],[-14,-2],[-21,1],[-2,-4],[-16,2],[-18,-5],[-10,3],[-29,-1],[-6,5],[-18,4],[-12,17],[-32,12],[0,16],[21,6],[7,9],[18,12],[32,11],[26,3],[2,27],[24,-6],[43,25],[12,-4],[7,7],[13,3],[9,13],[6,-1],[14,19],[32,19],[-26,-3],[-18,-9],[-18,-4],[-5,-7],[-12,8],[-15,-16],[-22,-10],[-8,-7],[-25,-1],[-23,-7],[-5,-10],[-10,-5],[12,-9],[-15,-8],[-17,1],[-21,12],[-12,1],[-5,-19],[-21,6],[-9,-18],[1,-9],[-24,-1],[2,-15],[-14,-19],[-9,-8],[-24,-12],[-14,8],[-13,-1],[-9,10],[-16,1],[-12,4],[-11,9],[-14,3],[-11,26],[-20,-1],[-3,-4],[15,-23],[-20,-1],[-8,10],[-11,4],[-10,-11],[-10,-3],[-18,12],[-22,-3],[-6,2],[-16,-5],[-17,-1],[-13,-6],[-21,7],[-7,10],[10,3],[15,10],[22,24],[15,-1],[7,7],[3,13],[-4,11],[6,8],[18,-10],[22,-2],[12,27],[-27,14],[-15,-4],[3,12],[8,2],[4,8],[16,13],[12,-5],[16,1],[7,-8],[17,-7],[15,0],[21,24],[17,7],[2,15],[-16,9],[-18,1],[-17,-5],[-7,2],[-19,-6],[-12,-7],[-12,10],[4,10],[-3,18],[15,11],[30,-4],[14,18],[10,3],[23,2],[20,-3],[22,3],[23,15],[14,17],[19,11],[14,-1],[1,-7],[16,8],[6,-1],[18,14],[13,17],[-24,8],[-6,9],[-29,22],[-12,-12],[-12,-1],[-6,26],[8,5],[15,-11],[22,9],[6,8],[18,6],[1,-5],[14,-1],[47,16],[16,5],[10,7],[15,5],[10,15],[20,17],[13,21],[-7,10],[-8,-17],[-8,-9],[-15,-8],[-27,-6],[-15,-8],[-25,-9],[-20,-3],[-28,-1],[-5,11],[-8,7],[-11,-2],[11,-13],[-10,-20],[-26,5],[-11,-3],[-12,2],[-9,19],[-14,8],[-5,-4],[-17,1],[-19,-6],[-10,-9],[1,-25],[-6,-22],[-7,-13],[15,0],[-1,-14],[16,-3],[19,2],[-2,-20],[-12,-9],[-48,-7],[-16,3],[-22,-11],[-10,0],[-9,6],[-14,-1],[-2,-6],[-13,-5],[-11,-9],[-32,-4],[-18,-20],[5,34],[-11,24],[3,5],[-3,13],[3,9],[10,11],[21,13],[0,11],[-6,13],[6,13],[19,21],[3,8],[9,7],[13,19],[4,11],[-7,19],[-8,-23],[-7,-3],[-11,-17],[-12,-12],[-16,-10],[-14,-26],[-24,-16],[-14,0],[-10,-18],[-21,-8],[-12,-11],[4,-21],[-13,-9],[-12,-14],[-9,1],[-21,12],[-21,-1],[-8,-12],[-10,4],[-3,14],[15,16],[2,16],[20,17],[24,28],[4,8],[18,19],[-24,-4],[-3,-7],[-13,-14],[-23,-19],[-22,-14],[-9,-3],[-23,-15],[-19,-7],[-2,-11],[-20,-8],[-3,-14],[-10,-16],[7,-15],[-14,-24],[4,-27],[11,1],[-10,-24],[-25,-21],[11,-24],[-10,-17],[-13,-10],[-13,0],[-10,-11],[-17,5],[-13,-5],[-28,-4],[-7,5],[-16,3],[-10,-8],[-16,9],[-30,-15],[-7,5],[-32,-12],[-20,1],[-11,7],[-17,1],[-10,-3],[-29,0],[1,10],[6,12],[15,19],[18,36],[17,23],[26,21],[-4,10],[11,6],[6,10],[18,10],[10,3],[15,13],[26,-4],[-16,13],[-21,3],[-11,-3],[-13,1],[-6,-11],[-25,-16],[-19,-10],[-15,4],[-20,-7],[-8,-12],[-18,-16],[-8,-2],[-22,-27],[-21,-1],[-36,-15],[-14,-17],[-29,-3],[-19,-11],[-11,-12],[-5,1],[-42,-16],[-19,10],[-12,-4],[-14,0],[-10,10],[-20,1],[9,12],[30,2],[12,12],[13,0],[8,8],[3,16],[0,36],[-11,9],[5,11],[6,-1],[23,23],[19,6],[17,13],[6,17],[-7,10],[-19,-4],[-11,13],[8,8],[-4,23],[-8,19],[12,11],[12,33],[12,2],[20,11],[1,11],[-2,24],[-6,12],[12,5],[8,26],[18,10],[9,10],[32,17],[17,4],[29,15],[21,23],[0,9],[28,29],[7,22],[16,10],[5,18],[0,12],[16,13],[26,14],[8,1],[15,18],[7,2],[9,14],[11,6],[10,0],[9,8],[24,9],[36,25],[6,7],[15,2],[50,17],[12,8],[13,2],[10,8],[5,16],[8,10],[6,13],[20,21],[28,14],[22,0],[15,-6],[19,-3],[25,15],[20,2],[8,4],[21,22],[13,11],[17,10],[23,17],[17,7],[16,14],[20,22],[16,9],[15,-3],[29,14],[6,8],[11,3],[6,18],[6,9],[27,20],[28,14],[22,19],[1,11],[14,14],[4,7],[35,25],[4,9],[20,24],[17,-1],[15,-15],[-4,21],[10,15],[14,5],[25,40],[11,14],[11,8],[12,3],[-3,9],[7,7],[-3,13],[-21,-3],[-15,-9],[-19,-19],[3,-19],[-7,-20],[-15,-12],[-49,-7],[-24,-17],[-14,-7],[-23,-34],[-22,-22],[-15,-8],[8,-12],[-6,-8],[-23,-5],[-26,-2],[-18,-22],[-4,-18],[-10,-14],[-10,-2],[-14,4],[-7,-9],[-17,-2],[-13,-13],[-9,-4],[-14,2],[-6,6],[-14,-5],[2,-25],[-23,-10],[-27,9],[-16,-7],[-32,-25],[-7,-17],[-8,-5],[-10,-26],[-14,0],[-19,18],[-23,-6],[-4,-6],[-20,15],[-17,-12],[-20,2],[-14,-11],[-16,-6],[-6,-12],[-3,-20],[8,-1],[-1,-22],[-15,-7],[-31,-8],[-17,-16],[-20,-14],[-15,-5],[-19,10],[-13,3],[-23,-1],[-10,-4],[-24,-32],[-1,-9],[-20,-18],[-9,-16],[-12,-2],[-8,7],[-14,2],[-10,-5],[-13,12],[-20,7],[-15,15],[-21,17],[-17,11],[-23,11],[-23,3],[-20,-2],[-24,-9],[-1,-13],[3,-26],[-4,-12],[2,-20],[-16,-65],[-19,-11],[-13,-14],[-19,-13],[-13,-3],[-16,3],[-11,8],[20,30],[-23,16],[-6,-3],[-21,-30],[-8,5],[23,32],[-6,4],[-23,-32],[-6,5],[25,36],[-14,10],[-11,-6],[-17,-24],[-5,5],[17,24],[-5,3],[-16,-22],[-18,4],[0,-5],[-32,-46],[-20,-2],[-9,7],[3,15],[-4,7],[-16,-16],[-4,-24],[-11,9],[-5,27],[16,20],[-3,3],[-18,-23],[-28,-6],[4,-16],[-11,-1],[-5,18],[-24,-11],[-6,-5],[20,-20],[7,-9],[-11,-3],[-4,10],[-18,19],[-25,-23],[-11,-5],[-16,-19],[-29,19],[-5,-7],[-20,15],[-3,-4],[21,-14],[-3,-3],[-21,15],[-3,-4],[22,-15],[-4,-5],[-25,-8],[-90,-83],[-15,-20],[-12,8],[-43,-25],[-1,-8],[-8,-12],[-4,-19],[-8,-19],[-14,0],[-15,-6],[-9,8],[-14,2],[-12,14],[-30,10],[-20,17],[-23,-2],[-5,-10],[8,-9],[-15,-12],[-5,-19],[-9,-7],[-6,-17],[-15,15],[-18,2],[-11,-4],[-14,-12],[1,-13],[-3,-19],[-19,-2],[-8,-19],[-8,-5],[-7,3],[-38,-5],[-20,-8],[-17,-4],[-17,3],[5,-14],[-24,-9],[-8,-9],[-14,-8],[-27,-5],[-6,-12],[-14,-13],[-14,-3],[-18,-10],[-1,-6],[-28,-14],[-14,7],[-25,-13],[-6,17],[-23,-4],[-14,2],[-9,-11],[-17,-5],[-12,4],[-10,-2],[-6,4],[-8,15],[-12,5],[-4,30],[-12,-7],[-9,7],[-5,9],[-7,2],[-12,15],[-14,3],[-12,-10],[-13,6],[-38,-2],[-15,6],[-10,9],[-7,15],[-12,5],[-15,17],[-24,6],[-14,17],[-22,2],[-13,0],[-30,18],[-11,0],[-19,12],[-16,1],[-13,-19],[-11,-6],[-11,1],[-11,13],[-22,1],[-10,-13],[-12,1],[-30,-21],[-17,-17],[-12,-19],[-4,-24],[17,-5],[3,-12],[-6,-12],[12,-17],[-8,-9],[2,-11],[13,-4],[4,-10],[-12,-9],[-14,-1],[-3,-8],[-24,2],[-1,-14],[-14,-18],[1,-11],[-14,-14],[-17,3],[-14,-10],[-11,-2],[-17,7],[-11,1],[-11,-7],[-14,-1],[-4,4],[-31,-2],[-8,2],[-26,24],[-11,-2],[-6,9],[-15,-13],[-23,-2],[-21,-22],[-25,-5],[-14,8],[-16,-2],[-15,-15],[-23,3],[-18,-6],[-56,5],[-2,10],[-13,-2],[-3,9],[-9,-1],[0,17],[13,18],[1,21],[-9,-2],[-17,10],[5,16],[13,27],[8,29],[-5,4],[5,17],[11,14],[0,11],[-8,9],[-12,4],[-14,28],[-20,-3],[-2,8],[-10,6],[-2,8],[-10,4],[13,10],[9,12],[-1,9],[-10,13],[-11,5],[29,22],[31,7],[17,1],[9,3],[12,-3],[7,19],[-9,2],[-38,-4],[-14,4],[-18,-6],[-6,-7],[-49,-12],[-17,9],[12,14],[3,17],[7,9],[-2,6],[-15,0],[8,17],[17,-4],[-1,-15],[20,-4],[13,-20],[19,1],[29,10],[18,-2],[20,24],[8,4],[17,27],[10,13],[6,20],[0,11],[-11,15],[1,15],[7,6],[-3,8],[-31,14],[6,10],[15,3],[2,17],[-20,9],[-18,1],[-17,8],[-8,10],[-5,19],[-10,13],[-16,10],[-3,22],[19,11],[-3,12],[-1,23],[5,7],[-5,7],[3,15],[-8,18],[10,12],[3,16],[-3,12],[-16,16],[-13,1],[-5,-10],[-25,-14],[-18,5],[-2,6],[10,11],[-6,15],[-12,19],[-17,7],[-9,0],[-1,12],[-7,10],[-9,4],[-10,-6],[-5,6],[-2,16],[5,9],[10,4],[4,13],[6,6],[9,37],[10,7],[13,28],[-1,6],[9,37],[13,8],[-2,15],[-8,0],[0,28],[-3,4],[5,16],[7,15],[22,12],[18,43],[10,4],[4,8],[-3,12],[-14,13],[-13,-6],[-2,-8],[-9,-3],[-2,10],[19,10],[9,13],[0,14],[-9,13],[12,14],[17,-2],[1,20],[19,11],[10,18],[4,13],[-3,12],[0,19],[10,13],[10,-1],[8,7],[4,23],[10,11],[4,13],[13,-2],[6,10],[24,0],[7,-10],[1,-14],[-13,-20],[-3,-18],[-7,-17],[11,-1],[0,14],[6,14],[10,12],[5,13],[14,0],[-8,14],[10,18],[-3,17],[7,-1],[15,11],[24,1],[22,9],[20,-6],[8,-6],[15,-5],[6,15],[27,-5],[-8,14],[14,3],[3,8],[17,-1],[15,4],[16,-8],[9,3],[1,8],[12,2],[10,-5],[3,-27],[9,5],[-6,12],[4,9],[-5,13],[-32,2],[-24,-7],[-18,-3],[-4,4],[-15,-5],[-7,1],[-13,-11],[-17,-5],[-10,2],[-15,-8],[-22,10],[-4,-8],[-14,-5],[-14,5],[-9,16],[-10,-10],[-12,-2],[-15,-14],[0,-9],[-8,-7],[-21,7],[-24,13],[1,8],[-7,22],[-10,0],[-13,11],[5,17],[-22,12],[5,6],[20,7],[-15,26],[-10,-1],[-7,15],[1,28],[-6,8],[-10,0],[-14,10],[5,12],[-6,14],[1,10],[10,7],[-13,13],[-7,23],[-19,13],[3,16],[12,-1],[2,7],[10,5],[2,12],[-5,5],[-5,15],[-10,2],[14,17],[8,-1],[0,12],[27,17],[17,2],[11,7],[6,15],[-2,10],[-22,17],[6,10],[-5,11],[0,13],[-23,-5],[-17,-1],[-1,-13],[-12,6],[-2,16],[17,2],[3,7],[-8,16],[4,3],[24,-2],[7,-8],[-1,-13],[19,-6],[2,-7],[12,2],[7,9],[0,9],[9,10],[2,13],[-19,12],[-18,-4],[-2,10],[21,10],[9,-2],[6,-19],[10,-10],[14,5],[2,7],[16,5],[-7,21],[-20,3],[4,12],[9,11],[-11,13],[-11,-4],[-13,9],[12,6],[2,12],[-11,12],[3,4],[22,-4],[19,-9],[6,5],[-3,14],[16,14],[7,-12],[18,-8],[2,-16],[11,-14],[12,1],[0,7],[-17,23],[1,11],[-5,14],[7,6],[7,15],[-1,22],[-9,11],[-1,22],[-8,12],[-1,16],[11,-3],[10,7],[11,3],[15,21],[13,10],[12,-2],[15,8],[9,13],[17,6],[5,8],[5,20],[14,16],[2,11],[6,11],[11,2],[14,9],[23,6],[9,16],[19,-12],[4,5],[20,1],[-9,-10],[-5,-13],[5,-10],[24,-10],[4,-10],[10,5],[-2,10],[27,3],[5,-9],[-5,-8],[12,-8],[7,-13],[14,3],[-9,18],[14,12],[22,14],[-9,11],[-17,1],[-20,-2],[5,19],[15,12],[4,12],[-10,21],[13,8],[7,12],[-4,19],[-11,1],[-5,11],[-9,8],[6,9],[35,0],[7,13],[21,-18],[15,-1],[2,5],[16,12],[2,12],[17,-1],[7,-6],[16,3],[-7,-13],[1,-12],[-4,-10],[6,-6],[17,-10],[14,0],[36,16],[22,22],[7,13],[-3,9],[4,11],[-5,14],[6,7],[17,-19],[11,-4],[-1,-12],[23,-12],[17,-3],[25,0],[21,2],[10,-6],[6,8],[20,1],[47,15],[29,15],[23,24],[12,1],[25,12],[4,8],[16,-4],[-5,-30],[12,-9],[21,-2],[14,5],[15,2],[9,6],[8,-8],[5,-18],[10,-5],[13,0],[10,-4],[23,1],[7,4],[35,-12],[17,1],[11,-18],[-9,-3],[6,-19],[-2,-13],[9,-11],[-2,-28],[18,-9],[-1,-12],[11,-10],[1,-17],[-7,-14],[-11,0],[5,-16],[-18,-12],[0,-8],[36,15],[24,15],[11,1],[14,-8],[17,-4],[-19,24],[-15,23],[12,0],[15,4],[40,1],[40,-6],[22,0],[51,-6],[12,8],[8,0],[14,-21],[41,-14],[11,-2],[2,-9],[13,8],[7,10],[11,-5],[11,-20],[37,-17],[-6,-11],[28,-8],[-3,-15],[19,13],[-9,11],[-9,3],[0,10],[12,12],[12,4],[25,-8],[9,-7],[22,-8],[13,-11],[23,-21],[19,2],[8,-4],[14,-28],[11,-6],[11,-1],[-7,14],[-13,9],[-3,12],[4,22],[-7,6],[-37,-12],[-8,7],[-15,22],[-23,2],[-10,7],[-12,14],[-18,2],[9,22],[-17,-8],[-5,-9],[-34,-14],[-7,16],[-13,7],[-14,26],[-39,-1],[-21,-21],[-35,28],[5,18],[-6,7],[-8,-10],[-19,-3],[-13,-10],[-11,-2],[-24,9],[-37,-5],[-22,6],[-52,8],[-24,-4],[-22,6],[-12,20],[8,12],[-7,15],[-5,21],[-7,15],[3,12],[-11,5],[-15,22],[-9,1],[-22,-5],[-26,4],[-12,4],[-13,9],[-18,-7],[-9,5],[-1,12],[-12,13],[13,8],[10,-1],[9,7],[6,12],[15,20],[7,23],[0,16],[-12,20],[-23,-5],[-3,11],[12,10],[1,9],[10,3],[1,9],[-14,28],[-4,24],[14,31],[-1,11],[9,9],[1,13],[-9,4],[-5,11],[14,-2],[17,4],[5,10],[8,8],[1,8],[11,11],[9,-2],[0,-11],[11,-6],[7,-25],[19,-2],[3,-11],[10,-4],[12,6],[13,-9],[-9,-18],[-13,-13],[-9,-2],[-7,-8],[-19,-4],[5,-10],[-10,-20],[-6,-6],[2,-11],[42,11],[8,-2],[15,13],[23,-10],[15,3],[7,13],[17,-6],[20,5],[9,0],[21,10],[7,11],[10,-2],[26,8],[13,-3],[18,-12],[2,-13],[-3,-8],[12,-7],[12,15],[6,-2],[22,6],[16,13],[21,-1],[21,12],[7,-14],[24,-6],[23,-9],[18,-2],[29,-12],[34,-23],[1,-18],[6,-24],[1,-19],[-5,-11],[3,-6],[21,16],[24,6],[-1,19],[-30,5],[-5,8],[0,22],[-5,16],[11,3],[2,9],[-23,-5],[-16,11],[-25,13],[-21,5],[-10,6],[-24,6],[-24,31],[-19,9],[-14,1],[-19,-3],[-10,3],[1,7],[-6,15],[-30,3],[-17,-9],[-20,5],[9,11],[10,21],[8,1],[7,13],[3,22],[-18,-3],[-10,-10],[-3,14],[-10,2],[-9,-20],[-7,-9],[-12,7],[-26,3],[-2,19],[7,18],[12,2],[11,13],[5,11],[-8,13],[-8,4],[-13,-8],[-13,5],[4,34],[8,2],[10,-13],[12,-1],[16,15],[1,16],[-5,8],[-10,4],[-11,24],[4,5],[16,-9],[10,-11],[21,-7],[27,12],[5,-5],[14,9],[11,-4],[3,17],[8,2],[10,-10],[8,-13],[23,2],[9,10],[-12,24],[-7,3],[-20,18],[13,6],[2,7],[-22,23],[8,22],[12,-16],[9,3],[0,23],[11,8],[13,-7],[15,1],[-12,-12],[-4,-16],[9,-11],[-1,-14],[8,-2],[14,9],[-2,15],[10,-6],[-5,-14],[13,-7],[2,-9],[19,-5],[23,0],[21,26],[3,19],[14,8],[16,5],[14,-7],[12,0],[11,6],[2,-16],[9,-6],[8,-11],[-6,-22],[13,-6],[9,4],[0,18],[11,-3],[8,-15],[-20,-8],[-20,4],[-7,-8],[-2,-9],[11,-12],[-1,-5],[33,-35],[11,6],[5,-8],[23,-11],[11,5],[1,6],[20,11],[-4,12],[25,15],[8,-11],[11,1],[14,-3],[15,6],[25,-9],[14,2],[3,-7],[26,3],[39,18],[5,8],[9,2],[21,-5],[34,24],[11,11],[17,22],[21,38],[28,17],[10,8],[2,17],[27,1],[11,5],[9,15],[6,-9],[-8,-24],[5,-8],[36,-24],[15,-1],[9,9],[3,13],[-7,5],[3,18],[-16,9],[-1,15],[15,-6],[7,-10],[14,-9],[19,9],[11,-16],[8,2],[16,-15],[16,6],[9,-5],[32,9],[16,-7],[17,3],[10,-4],[13,-9],[11,5],[8,-9],[15,-4],[9,3],[3,9],[-11,10],[-10,0],[-17,15],[5,10],[-19,11],[-7,-7],[-9,0],[-13,5],[-17,-4],[-33,4],[-21,16],[-7,19],[-18,8],[-11,10],[-11,-6],[-15,6],[-10,8],[-19,-1],[-3,18],[2,5],[-4,22],[-7,8],[-19,3],[12,8],[3,19],[25,3],[7,-11],[-4,-7],[5,-11],[20,-6],[16,1],[19,6],[32,19],[39,-2],[18,-5],[41,6],[45,14],[14,10],[9,1],[14,10],[11,14],[8,16],[13,-12],[14,3],[7,8],[14,-2],[11,-15],[7,9],[0,13],[-20,-6],[4,19],[15,0],[16,12],[7,15],[0,12],[19,21],[34,-1],[18,8],[14,13],[23,11],[16,13],[16,8],[5,14],[31,15],[32,4],[10,-2],[17,3],[16,-2],[12,-11],[17,-1],[11,7],[16,0],[0,-12],[18,-9],[16,-3],[-14,-9],[-2,-22],[-7,-15],[-9,-7],[6,-12],[23,-16],[14,-4],[15,4],[11,12],[-7,8],[5,14],[15,5],[4,9],[-6,14],[11,1],[12,-11],[15,-2],[-7,-11],[3,-8],[10,-9],[40,-22],[21,-7],[44,-10],[0,-5],[15,-26],[-8,-8],[-16,-3],[-5,-10],[-12,-4],[-3,-10],[4,-23],[7,-17],[-11,-16],[-29,-15],[-30,-48],[-13,-13],[-6,10],[14,4],[-8,12],[-40,-3],[11,-10],[-2,-6],[12,-8],[9,3],[20,-12],[-7,-20],[-12,-12],[-11,-2],[-8,-6],[-7,-15],[2,-13],[19,-18],[16,-9],[41,-16],[17,-3],[11,2],[17,-7],[13,1],[22,42],[-6,12],[-14,6],[-25,3],[-14,24],[23,-2],[36,2],[41,0],[25,3],[20,11],[17,16],[3,9],[0,31],[14,8],[3,8],[27,-3],[23,5],[34,2],[2,11],[11,-8],[19,-4],[55,-4],[31,0],[36,7],[23,7],[28,14],[35,24],[23,7],[-7,-14],[-14,-3],[-16,-8],[-11,-11],[-20,-11],[5,-15],[8,4],[33,-2],[17,2],[9,-7],[15,-3],[22,2],[18,7],[14,-1],[53,14],[40,16],[7,2],[27,-7],[-3,21],[-15,3],[-15,29],[-19,-1],[-22,-3],[-26,4],[-22,9],[-15,-16],[-10,7],[-14,-7],[-20,4],[-7,20],[25,18],[21,20],[9,20],[2,15],[5,8],[-4,10],[1,11],[13,8],[13,0],[3,16],[18,4],[2,14],[14,7],[9,16],[12,9],[12,2],[3,12],[14,0],[1,12],[7,2],[16,22],[-4,13],[8,11],[7,3],[12,-10],[1,15],[6,2],[5,20],[19,3],[10,11],[12,-14],[-3,-13],[14,-7],[12,12],[10,0],[0,10],[8,8],[8,1],[14,-14],[12,3],[15,17],[-4,14],[8,1],[10,-10],[12,3],[6,6],[18,8],[4,6],[13,-7],[12,1],[9,6],[6,13],[17,-2],[21,11],[39,-2],[31,2],[27,12],[15,12],[8,11],[12,5],[9,-17],[11,-10],[22,4],[1,-5],[28,-5],[15,2],[12,8],[2,13],[11,-5],[14,4],[18,-5],[9,2],[8,-17],[7,-2],[9,13],[9,-2],[12,-8],[3,-6],[12,4],[2,12],[23,-12],[4,-14],[-1,-14],[-7,-2],[8,-17],[12,6],[0,9],[6,17],[18,6],[21,-19],[11,3],[7,9],[-1,17],[7,3],[12,-8],[2,-25],[26,-10],[0,-9],[9,-17],[8,-7],[12,5],[14,-15],[-9,-11],[5,-9],[12,2],[8,-4],[7,-14],[-15,-8],[4,-13],[20,-16],[13,-4],[9,3],[10,-14],[10,-10],[12,-5],[6,-26],[-1,-21],[9,6],[-8,44],[-14,14],[-10,26],[-19,14],[3,13],[-8,10],[-10,7],[-3,20],[-11,12],[-14,2],[-1,8],[9,10],[5,-10],[13,-15],[12,1],[11,8],[13,4],[13,-8],[5,-8],[12,-1],[11,-6],[22,6],[12,8],[16,3],[15,9],[20,0],[8,10],[-38,-3],[-13,-8],[-14,0],[-27,-12],[-14,4],[-6,21],[-1,20],[9,35],[2,18],[-5,39],[1,10],[9,6],[0,10],[11,-2],[17,26],[13,4],[20,-8],[15,-21],[10,1],[20,15],[11,14],[9,21],[3,16],[-1,21],[3,13],[13,15],[4,-8],[13,-10],[13,-1],[15,-11],[16,-3],[39,9],[15,6],[18,11],[17,20],[6,21],[-9,3],[-6,10],[21,18],[12,18],[8,16],[7,31],[11,-6],[11,1],[7,7],[6,-9],[-19,-5],[0,-19],[-7,-10],[-19,-11],[0,-10],[7,-12],[13,-11],[4,-15],[-6,-11],[2,-7],[27,-35],[10,8],[12,3],[24,18],[8,8],[11,23],[3,11],[-10,15],[-1,18],[5,22],[20,33],[17,5],[19,-14],[11,2],[-3,-17],[7,-12],[10,-9],[9,-2],[12,6],[16,4],[2,12],[13,1],[6,20],[12,-1],[-3,-11],[4,-15],[8,-12],[9,-4],[14,0],[8,-5],[-9,-9],[-5,-25],[-11,2],[-2,-14],[-14,-15],[-5,-16],[-11,-6],[-1,-11],[5,-6],[-1,-14],[-10,2],[-7,-17],[0,-12],[7,-15],[11,-9],[-11,-7],[-5,-8],[3,-24],[-12,-10],[-7,-16],[6,-15],[17,-25],[21,-18],[21,-11],[9,3],[-10,-28],[6,-9],[14,-9],[13,-5],[21,9],[6,-9],[-19,-8],[-4,4],[-24,11],[-12,9],[-11,4],[-15,-37],[-2,-15],[1,-24],[6,-15],[7,-7],[-4,-17],[-1,-27],[-5,-8],[-11,2],[0,-11],[17,-11],[6,0],[15,12],[0,11],[10,1],[13,-14],[22,-10],[18,-4],[8,3],[4,16],[11,5],[-2,-19],[14,-8],[7,3],[2,-17],[-8,-4],[-11,5],[-6,-16],[-8,-6],[8,-36],[14,-28],[2,-16],[-5,-11],[2,-37],[-10,-7],[-7,-12],[0,-12],[-14,-23],[6,-30],[-12,-7],[9,-8],[1,-8],[25,-18],[11,1],[-2,11],[3,9],[-5,7],[-1,28],[6,19],[0,11],[22,-4],[10,9],[24,16],[7,18],[-1,18],[6,3],[8,-15],[31,-3],[21,2],[13,6],[5,17],[9,13],[-1,23],[9,27],[11,17],[0,9],[16,27],[1,14],[-6,19],[8,12],[14,-12],[27,-12],[12,6],[9,0],[8,-13],[-2,-8],[8,-17],[24,-5],[20,6],[8,7],[14,-3],[10,2],[9,8],[-5,23],[7,-2],[11,-15],[27,-10],[13,1],[6,-22],[-2,-13],[-6,-8],[-15,-5],[-15,-1],[-22,-12],[-5,4],[-16,-9],[-15,-3],[-9,-10],[-5,-18],[2,-21],[11,-29],[14,-19],[1,-18],[21,-37],[6,-6],[-2,-16],[4,-9],[15,-13],[14,-18],[56,-31],[31,-11],[30,-7],[13,-14],[12,-8],[17,-7],[22,-3],[29,-20],[18,-14],[4,-16],[6,-13],[10,-33],[-2,-21],[4,-41],[-2,-9],[-16,-19],[-10,-17],[-9,-21],[29,-48],[-16,-1],[-5,-4],[-20,-3],[-7,-7],[-4,-13],[-7,-9],[-25,-7],[1,-5],[19,2],[23,16],[7,16],[31,-2],[9,12],[13,-14],[11,-5],[10,-11],[6,-13],[14,-5],[-12,27],[-25,25],[-21,16],[-10,26],[1,19],[25,26],[7,23],[15,13],[3,16],[6,12],[29,31],[20,16],[-17,17],[-9,6],[-7,37],[-8,7],[4,12],[0,17],[-8,7],[-3,20],[-10,31],[-4,21],[-13,22],[-12,4],[-1,9],[5,18],[-9,23],[0,37],[-6,9],[9,39],[-3,10],[-9,9],[-2,18],[-8,14],[-12,12],[-21,36],[1,6],[22,22],[18,-7],[27,10],[6,-6],[-8,-17],[10,-20],[-2,-14],[-9,-19],[8,-20],[-2,-15],[6,-11],[24,-6],[9,-11],[16,7],[1,13],[-11,38],[5,7],[-6,21],[0,13],[11,12],[2,10],[-10,37],[-9,9],[-17,5],[9,8],[8,22],[-6,11],[-1,26],[-9,2],[-13,9],[-10,-9],[-9,16],[9,5],[6,14],[-6,6],[-1,19],[8,-2],[10,6],[15,22],[1,7],[-7,18],[1,11],[10,-1],[24,10],[11,-10],[14,5],[12,12],[1,36],[-2,21],[-6,21],[-6,6],[1,11],[12,8],[14,-11],[8,1],[11,9],[4,12],[-1,10],[-6,6],[30,25],[9,-10],[9,-20],[-5,-10],[4,-6],[10,5],[6,-11],[-4,-12],[-9,-15],[10,-12],[28,-15],[14,4],[-3,26],[4,24],[-6,5],[3,12],[9,3],[18,27],[-3,9],[-9,7],[-10,2],[1,13],[7,3],[2,11],[-9,6],[-2,13],[4,10],[14,-7],[7,-9],[0,-11],[14,-9],[8,-11],[-1,-8],[7,-7],[35,-15],[23,-1],[20,15],[14,2],[5,-14],[-3,-8],[7,-30],[12,-20],[10,-4],[10,-16],[12,-10],[15,5],[6,-4],[4,-12],[19,-9],[16,3],[30,9],[12,5],[11,19],[0,10],[8,6],[26,13],[18,2],[7,18],[18,-3],[15,-10],[11,7],[4,11],[17,-12],[9,-1],[9,4],[11,-3],[12,-16],[17,9],[14,0],[5,9],[13,-10],[4,-12],[21,13],[36,8],[6,-16],[25,-16],[13,-1],[19,7],[15,1],[15,-16],[11,3],[16,-5],[1,-12],[-16,-26],[10,-11],[13,-6],[17,-12],[19,-20],[22,-6],[12,-11],[-1,-12],[16,-29],[21,-7],[12,1],[15,11],[27,-1],[20,9],[9,-9],[0,-7],[13,-2],[-1,-19],[25,-9],[11,-7],[17,1],[14,6],[3,6],[-4,14],[11,7],[21,-8],[23,22],[5,-2],[38,22],[0,10],[38,26],[19,-29],[15,-4],[22,1],[11,7],[12,26],[7,-3],[-1,-28],[-6,-22],[-8,-9],[-8,3],[-13,-12],[-8,-13],[-17,-12],[-1,-10],[-9,-18],[-5,-30],[7,-9],[16,-12],[33,-20],[15,-16],[31,-5],[5,-6],[-3,-18],[-14,-10],[-14,-3],[-25,-19],[-10,-19],[-29,-14],[-15,-15],[-5,-20],[-9,-10],[-5,-16],[-13,-23],[4,-21],[6,13],[-4,6],[15,18],[13,36],[6,8],[25,10],[6,1],[8,13],[13,10],[6,-16],[-2,-15],[15,-10],[-3,29],[-12,8],[13,24],[10,-3],[21,3],[27,16],[-14,17],[-1,14],[5,6],[-7,11],[3,22],[-1,10],[6,28],[7,4],[10,-8],[13,0],[19,7],[15,24],[13,4],[3,9],[11,6],[0,-20],[7,-5],[9,8],[10,-9],[7,8],[16,-9],[-1,-8],[5,-18],[-3,-14],[9,-31],[9,-51],[8,-15],[14,-9],[43,-5],[45,2],[14,-4],[16,9],[18,14],[12,3],[13,-8],[20,-4],[12,0],[13,7],[44,40],[7,10],[17,31],[14,37],[1,19],[-4,17],[-17,12],[-14,2],[-10,-5],[-12,9],[-13,5],[-14,12],[-19,-2],[-13,19],[20,18],[2,26],[7,8],[3,15],[-5,4],[1,27],[-9,5],[9,16],[-6,27],[-6,1],[-9,13],[15,29],[-7,18],[9,14],[-11,27],[-12,9],[-2,15],[16,28],[9,9],[-5,24],[14,1],[9,-6],[16,-1],[26,10],[8,8],[24,9],[12,9],[1,6],[13,17],[-10,24],[17,0],[8,-14],[15,-17],[9,11],[10,-1],[5,-10],[20,-9],[7,3],[25,1],[13,5],[21,1],[20,8],[27,-11],[-4,11],[-9,9],[0,11],[-8,2],[-1,11],[23,8],[4,-8],[12,-8],[32,5],[10,-8],[13,-7],[16,1],[18,7],[17,17],[36,11],[11,-1],[20,-10],[21,-13],[14,2],[16,17],[15,28],[8,6],[17,4],[20,-1],[32,-10],[10,-1],[51,27],[18,5],[13,0],[15,-9],[6,-8],[5,-26],[18,-27],[-19,62],[-12,10],[-11,6],[-22,0],[-16,-4],[-39,-24],[-18,-2],[-21,8],[-19,4],[-23,-2],[-15,-7],[-8,-10],[-21,-34],[-14,-2],[-23,18],[-31,6],[-12,-5],[-26,-2],[-15,-17],[-28,-7],[-12,2],[-18,10],[-16,-1],[-4,11],[-9,5],[-21,3],[-19,-3],[-23,-12],[-14,1],[-18,-7],[-21,3],[-3,16],[8,10],[3,14],[-13,29],[9,13],[6,18],[0,31],[-4,19],[-5,9],[-13,13],[-35,31],[-5,11],[-12,10],[-8,34],[-16,16],[-17,6],[-17,-16],[-15,5],[-20,2],[-6,-6],[-19,-5],[-9,1],[-16,-5],[-1,-12],[-24,3],[2,15],[8,2],[15,-3],[14,21],[7,20],[-2,15],[-11,24],[-16,17],[-18,4],[-9,-11],[-15,7],[5,10],[14,-1],[11,18],[-2,19],[7,12],[-1,15],[-13,13],[-2,10],[5,20],[11,-4],[18,0],[10,13],[7,28],[-1,16],[-15,7],[2,11],[-6,15],[-8,2],[-17,12],[4,11],[16,-9],[11,0],[-4,-13],[6,-9],[13,6],[7,18],[9,-9],[17,4],[20,9],[4,13],[-13,21],[0,7],[16,-5],[14,10],[-4,18],[-9,4],[12,14],[18,-20],[18,-7],[2,4],[20,-11],[4,-12],[0,-18],[10,-6],[18,2],[-8,15],[6,10],[20,9],[44,14],[8,7],[19,21],[-10,30],[19,-4],[13,4],[19,0],[2,18],[6,24],[-4,16],[-13,0],[-10,6],[-1,6],[8,10],[2,17],[-19,1],[-10,17],[-5,-15],[17,-8],[-5,-9],[-14,0],[-11,3],[-15,-6],[-11,0],[4,19],[-10,8],[-1,21],[11,-2],[31,8],[16,16],[0,14],[-5,11],[7,9],[-5,5],[-2,17],[-5,14],[7,12],[18,5],[10,-7],[23,-2],[4,-13],[6,-4],[16,1],[6,-14],[12,2],[13,-5],[6,-20],[29,0],[-8,8],[-11,19],[-25,12],[8,14],[7,29],[-17,18],[0,16],[17,-3],[24,2],[-1,23],[14,-5],[9,2],[7,13],[18,19],[-6,9],[5,5],[8,-13],[12,-3],[8,3],[28,24],[0,18],[19,-8],[11,0],[14,-12],[-10,-7],[-9,2],[-4,-8],[-17,-16],[-3,-13],[-15,14],[-7,-3],[-14,2],[-6,-4],[5,-13],[16,-8],[-5,-22],[-11,-4],[-3,-15],[17,-22],[16,-10],[14,-3],[6,-6],[14,4],[2,10],[-8,10],[-9,0],[-1,14],[7,16],[14,2],[23,-3],[3,-6],[14,-4],[11,13],[11,-16],[1,-7],[-9,-5],[5,-9],[2,-16],[-2,-15],[5,-4],[7,18],[-3,8],[8,8],[18,-2],[5,4],[-6,28],[-6,10],[-26,-2],[-1,11],[4,16],[9,4],[13,-6],[6,3],[0,13],[-7,8],[-2,12],[13,0],[15,12],[3,13],[12,-17],[6,14],[21,-8],[20,-22],[2,-15],[-4,-9],[5,-12],[10,-5],[-4,-12],[5,-18],[10,-3],[0,-15],[9,-7],[10,-20],[12,-10],[21,-9],[5,-7],[21,-12],[-8,-23],[1,-6],[16,-9],[12,-4],[17,0],[22,3],[4,6],[13,3],[11,8],[8,13],[13,1],[18,15],[18,-6],[9,6],[23,-18],[22,4],[10,15],[11,-4],[5,-18],[-1,-10],[-6,-7],[-12,-4],[-9,-11],[-24,-14],[-5,-15],[-15,-10],[-4,-9],[3,-19],[7,-15],[1,-10],[-15,-11],[-7,12],[-15,-2],[-8,-12],[-3,-16],[18,-52],[6,-4],[17,0],[13,-6],[33,-2],[9,3],[3,11],[25,-5],[19,11],[40,-2],[10,2],[7,8],[16,-4],[36,6],[44,3],[31,8],[15,7],[28,18],[9,17],[-10,26],[11,21],[4,15],[-6,14],[-16,5],[7,24],[17,0],[6,-9],[12,3],[23,17],[31,-5],[18,2],[11,5],[3,12],[8,-1],[27,7],[9,11],[2,10],[-15,11],[3,8],[14,-11],[13,2],[5,-5],[12,2],[19,-19],[19,5],[19,14],[4,15],[-1,13],[6,10],[19,4],[15,7],[21,20],[11,6],[10,-6],[20,2],[16,11],[11,12],[10,22],[21,22],[35,31],[17,2],[21,-16],[27,-1],[28,11],[7,-4],[2,-13],[18,-1],[6,2],[19,-13],[12,-5],[20,-16],[19,-26],[6,-1],[6,14],[-1,21],[8,5],[0,12],[20,4],[18,28],[0,12],[9,3],[4,8],[-4,17],[9,3],[27,-10],[8,7],[10,-14],[-4,-4],[-2,-16],[5,-7],[19,-4],[13,-10],[4,-20],[5,-7],[22,-1],[12,3],[14,7],[10,15],[-2,12],[26,25],[10,18],[10,-3],[6,12],[-7,12],[-3,13],[-13,4],[4,17],[-3,5],[18,7],[32,25],[7,2],[5,12],[-3,8],[7,11],[-3,13],[5,4],[17,29],[35,17],[17,16],[11,0],[10,15],[1,13],[-8,13],[-22,0],[-1,11],[11,0],[16,9],[14,-2],[20,3],[9,-5],[11,8],[-2,6],[15,8],[3,-21],[13,-7],[14,1],[10,-16],[6,-18],[13,-17],[3,-16],[-2,-14],[11,-14],[13,-6],[-3,-11],[8,-8],[0,-23],[-5,-13],[3,-18],[13,-11],[12,-3],[13,-11],[-10,-9],[-12,20],[-9,-1],[0,-15],[-9,-9],[-3,-14],[-6,-9],[-3,-14],[3,-25],[-6,-10],[-30,-24],[0,-29],[14,17],[2,6],[16,1],[12,7],[19,0],[11,7],[4,9],[10,-9],[-8,-11],[8,-9],[13,-4],[-1,-12],[1,-32],[-3,-11],[6,-34],[-1,-19],[-11,-5],[1,-17],[-5,-21],[-6,-8],[-1,-23],[2,-17],[-3,-19],[-7,0],[-5,-18],[-15,-14],[-2,-13],[-14,-25],[-24,-30],[-9,-16],[-13,-7],[-9,-12],[-19,-4],[-17,-12],[-5,-23],[8,-11],[-1,-13],[-5,-9],[-9,-2],[-10,6],[-12,-15],[-1,-16],[-24,-16],[-7,2],[1,13],[-7,9],[-12,-9],[0,-9],[-9,-15],[-4,-13],[-12,11],[-8,-2],[-25,-20],[-11,0],[3,15],[12,16],[-3,8],[-13,6],[-11,-6],[9,-8],[-8,-13],[1,-17],[21,-9],[21,17],[2,-6],[-5,-18],[14,1],[15,13],[11,17],[2,10],[10,2],[9,-4],[10,2],[23,16],[14,16],[14,2],[3,-6],[-6,-10],[17,-18],[1,-8],[11,-6],[9,-25],[-6,-19],[3,-15],[-4,-10],[4,-13],[-5,-11],[1,-11],[-10,-14],[4,-22],[-10,-8],[-19,-9],[1,-12],[9,-6],[-14,-11],[-22,-7],[-22,-23],[-8,-34],[3,-7],[-10,-20],[-15,-10],[-17,-2],[-19,-6],[-21,4],[-12,-7],[-19,-15],[-9,-4],[-7,-12],[-2,-29],[-19,-10],[10,-7],[30,12],[7,-8],[8,4],[-4,14],[-11,7],[5,15],[11,18],[12,8],[12,2],[12,-5],[27,-1],[15,12],[21,12],[9,11],[5,21],[0,20],[5,9],[13,12],[9,2],[10,-4],[4,7],[15,11],[6,14],[19,21],[26,-11],[16,-18],[17,-13],[-1,-12],[9,-2],[0,13],[21,5],[13,9],[3,-10],[16,-24],[7,-4],[21,-2],[-1,11],[-15,5],[-2,10],[-24,22],[-18,-8],[-27,9],[-11,1],[-22,23],[-6,1],[-10,14],[-5,11],[-14,2],[8,15],[-3,10],[17,28],[4,20],[6,11],[-16,8],[1,28],[-1,16],[-19,22],[-8,4],[4,9],[-3,12],[4,25],[-5,14],[6,10],[10,6],[22,20],[13,8],[1,10],[14,6],[3,16],[10,17],[17,16],[7,12],[26,26],[6,13],[13,7],[6,12],[8,4],[7,18],[-7,16],[11,10],[-11,22],[7,51],[19,20],[1,8],[8,9],[2,22],[12,7],[12,22],[-3,18],[14,18],[31,24],[12,20],[4,16],[25,-6],[14,1],[16,-4],[4,-7],[10,20],[2,13],[7,12],[-5,10],[7,22],[10,7],[11,30],[16,5],[11,-6],[10,1],[3,-9],[21,-7],[21,3],[22,6],[32,12],[16,9],[4,14],[16,18],[34,0],[19,6],[17,14],[2,16],[-9,5],[20,27],[26,7],[14,-11],[10,2],[22,16],[18,-1],[20,13],[15,3],[15,-17],[17,1],[34,15],[16,15],[25,7],[38,22],[6,8],[30,20],[22,17],[18,17],[17,21],[15,24],[9,-5],[-21,-26],[-18,-15],[-17,-17],[-23,-19],[-29,-17],[-14,-16],[-17,-14],[-31,-6],[-25,-19],[16,-8],[21,0],[21,4],[10,13],[11,-12],[16,-2],[11,5],[-2,13],[9,0],[1,-12],[6,-10],[24,-24],[5,-16],[21,-31],[3,-12],[-3,-14],[-10,4],[-7,12],[1,21],[-16,3],[-25,28],[-8,4],[-10,-4],[3,-17],[-4,-6],[-12,-2],[-10,12],[-15,-7],[-5,-21],[17,-14],[23,-3],[0,-8],[7,-14],[-11,-9],[3,-16],[15,-13],[0,-9],[17,-29],[-7,-17],[0,-9],[-22,-26],[1,-9],[-16,-8],[-5,-13],[2,-18],[-10,-6],[-13,-23],[-23,-7],[-6,-5],[0,-11],[6,-9],[-11,-12],[7,-4],[14,16],[30,5],[16,8],[4,-8],[-8,-9],[11,-12],[18,6],[-1,13],[9,-3],[5,12],[14,-3],[-10,-13],[8,-14],[23,-8],[29,29],[15,3],[-4,-13],[1,-16],[-7,-7],[-10,-2],[-12,-11],[-9,14],[-15,1],[-7,-15],[-13,-4],[-12,-15],[1,-26],[6,-14],[-3,-15],[-7,-7],[-2,-10],[-12,-23],[-4,-3],[0,-21],[-6,-10],[6,-13],[-4,-7],[-27,-25],[-1,-5],[-21,-22],[-11,-5],[-8,-13],[7,-13],[-15,-36],[5,-14],[-3,-9],[6,-14],[8,-5],[-2,-22],[-19,-21],[10,-10],[-13,-20],[-13,-5],[2,-9],[13,1],[5,-19],[-2,-4],[7,-18],[-15,2],[-19,-4],[-8,2],[-22,-26],[-2,-8],[-14,-19],[-7,1],[-16,-9],[-5,-14],[-20,-13],[-24,-26],[-31,-1],[-3,-10],[24,-5],[9,-16],[-3,-27],[2,-9],[-3,-14],[-14,-8],[-4,-16],[7,-15],[3,-15],[-7,-14],[-18,-15],[-4,-17],[-35,-29],[-32,-7],[-47,-17],[-8,-5],[-21,-26],[5,-3],[-2,-13],[3,-21],[-2,-23],[-12,-39],[-9,-9],[-2,-10],[6,-9],[20,-8],[22,3],[35,0],[14,-10],[10,-15],[10,-12],[6,-29],[-1,-27],[19,-25],[-1,-12],[-10,-23],[-14,-16],[-22,-14],[-8,-19],[2,-8],[10,-12],[2,-8],[-9,-9],[-11,10],[-5,-5],[12,-8],[11,0],[6,7],[-1,14],[-11,12],[6,12],[12,11],[19,11],[19,31],[3,22],[-10,16],[-7,21],[-1,12],[52,-2],[15,-6],[3,-10],[9,-5],[25,7],[13,8],[7,-3],[9,-19],[3,-21],[6,-3],[33,5],[20,-22],[19,-11],[19,-17],[26,-3],[24,-8],[17,7],[-6,8],[-58,4],[-17,15],[-22,14],[-21,20],[-21,-1],[-8,2],[-12,27],[-7,10],[-11,4],[-23,-6],[-33,13],[-46,1],[-7,8],[-4,22],[3,8],[-9,19],[-9,9],[-23,11],[-16,3],[-20,7],[-15,2],[-23,-11],[-8,5],[2,9],[24,24],[8,11],[0,18],[-5,24],[12,21],[4,10],[12,16],[25,11],[31,9],[22,5],[19,17],[7,2],[17,15],[20,24],[2,20],[-3,16],[20,40],[10,11],[30,12],[11,-3],[16,5],[9,-1],[21,7],[5,10],[15,3],[10,15],[-10,11],[-11,26],[4,26],[-7,21],[-9,13],[-12,7],[31,7],[14,-5],[23,11],[8,26],[-1,28],[14,24],[-11,17],[4,14],[-9,36],[6,13],[21,18],[6,19],[16,30],[-8,11],[1,23],[10,11],[8,33],[5,4],[11,25],[16,2],[7,17],[25,15],[18,28],[-1,7],[23,8],[5,5],[16,1],[9,7],[16,-2],[8,-18],[11,1],[15,14],[16,3],[12,-1],[1,-10],[-13,-8],[-9,-12],[0,-9],[9,-17],[16,-10],[20,5],[25,15],[28,1],[9,4],[10,13],[46,7],[4,2],[26,1],[19,11],[11,-5],[13,0],[14,3],[5,10],[14,-5],[15,-1],[8,5],[15,-9],[8,-11],[13,-4],[6,-12],[-10,-14],[-14,-3],[-11,-15],[-8,-20],[-11,-4],[-6,-12],[2,-10],[12,-25],[15,-20],[12,-12],[17,-10],[21,6],[14,-6],[2,-9],[-14,-19],[3,-20],[-13,-7],[-5,11],[-26,2],[-19,-12],[-25,1],[-9,-9],[-8,0],[-8,-9],[-14,-25],[-10,-32],[-5,-5],[-27,-1],[-18,3],[-12,-12],[-13,-5],[-12,-1],[-8,4],[-13,-2],[-12,-19],[-12,3],[-4,-6],[21,-11],[4,-10],[-13,-3],[-19,5],[1,-11],[17,-18],[9,7],[6,-10],[18,4],[23,-2],[12,5],[28,5],[11,-6],[11,-15],[21,7],[17,3],[31,-11],[9,0],[10,-6],[24,6],[-4,-13],[-9,-2],[-9,7],[-11,-7],[-3,-8],[-13,-8],[-11,5],[-14,-2],[-16,8],[-37,-8],[-5,-10],[-3,-16],[-6,-7],[3,-9],[23,1],[6,-12],[17,-20],[35,-29],[6,-8],[-1,-10],[7,-11],[11,5],[8,-4],[28,2],[16,16],[19,-27],[10,-1],[14,-8],[23,6],[27,-12],[23,-16],[22,8],[42,-15],[34,7],[8,-2],[27,3],[31,-1],[22,4],[16,5],[19,12],[13,28],[-1,20],[23,26],[14,-10],[4,-8],[-1,-11],[-17,-7],[-5,-15],[6,-18],[10,-9],[-2,-7],[11,-5],[4,-12],[27,-24],[7,-19],[8,1],[25,-4],[12,-5],[15,6],[18,-23],[6,5],[19,-10],[-4,-8],[-21,-6],[-16,-25],[2,-7],[-28,-12],[1,-10],[-12,-15],[-14,-11],[-4,-9],[8,-23],[3,-14],[-6,-3],[11,-11],[12,5],[18,-7],[10,-24],[-12,-11],[2,-9],[-10,-14],[-8,-22],[-6,-8],[-20,-8],[0,-15],[-10,-2],[-14,-10],[-17,-1],[-2,-12],[6,-11],[2,-17],[15,-29],[19,-9],[7,-8],[24,5],[24,-8],[18,14],[8,10],[7,-6],[-11,-13],[0,-8],[-9,-11],[5,-18],[10,-3],[16,-19],[3,-15],[-2,-14],[6,-17],[14,-14],[14,-3],[5,-8],[21,-16],[28,-1],[27,-13],[4,-10],[12,-3],[3,-11],[12,5],[1,-11],[8,-11],[13,-6],[13,-1],[7,10],[12,-2],[14,5],[5,8],[15,-16],[15,1],[6,-18],[9,-9],[-8,-7],[4,-14],[-1,-9],[19,-17],[8,-1],[10,-11],[4,-9],[-13,-12],[2,-27],[-14,-13],[4,-16],[9,-2],[7,-22],[5,-4],[1,-14],[8,-7],[-2,-7],[-12,-8],[3,-10],[23,-20],[18,2],[37,-8],[13,9],[6,-5],[-2,-11],[6,-9],[7,3],[8,-9],[15,1],[3,15],[10,-3],[17,18],[4,13],[11,-15],[5,2],[15,-24],[-2,-13],[7,-10],[6,-24],[4,-8],[12,7],[11,-5],[11,2],[1,-10],[10,-15],[19,-4],[12,-6],[10,-22],[-7,-19],[3,-9],[9,0],[13,-14],[-4,-14],[6,-6],[13,-6],[31,-1],[11,4],[10,10],[7,-8],[-5,-16],[5,-23],[-5,-7],[6,-14],[9,-9],[22,9],[15,0],[-21,-17],[-3,-10],[-18,10],[-10,-12],[6,-23],[5,-8],[21,-4],[0,-21],[-8,-14],[-13,-11],[-9,-21],[16,-20],[12,-4],[1,-10],[16,-21],[-3,-6],[7,-23],[-15,-14],[-8,-19],[0,-14],[13,-23],[15,-19],[7,-25],[7,-8],[9,-1],[4,-13],[-6,-15],[5,-27],[10,-12],[-19,-9],[-6,-12],[-11,-4],[-3,-9],[2,-18],[-4,-7],[8,-16],[-7,-13],[-40,-6],[8,-11],[4,-24],[16,-33],[14,-10],[21,-7],[24,0],[11,2],[20,-9],[11,-1],[3,-6],[12,-2],[11,-15],[11,0],[6,-17],[28,-23],[25,-11],[12,1],[7,7],[7,-17],[14,1],[10,9],[0,7],[38,-4],[11,-14],[-4,-14],[11,-18],[14,-11],[-3,-10],[8,-18],[0,-22],[-9,-15],[3,-14],[6,-7],[25,-16],[36,-19],[11,-14],[34,-17],[50,-22],[47,-16],[30,-7],[10,5],[25,1],[7,-3],[9,6],[5,-5],[-4,-9],[5,-9],[31,-14],[7,-9],[15,-4],[15,0],[5,-7],[12,-4],[35,3],[8,-12],[-4,-16],[-14,-4],[-21,-12],[-42,-39],[-2,-8],[16,-35],[21,-26],[11,-10],[-9,-27],[4,-12],[-7,-10],[-24,-23],[-10,-12],[-1,-9],[-12,-10],[-24,-10],[-22,7],[5,-16],[27,-1],[21,7],[9,13],[10,5],[50,16],[4,4],[30,9],[4,-10],[-7,-10],[-42,-30],[0,-16],[9,-5],[-9,-15],[15,-15],[8,-2],[45,-53],[-3,-15],[19,-4],[-2,-13],[15,-13],[-4,-22],[17,-19],[7,-15],[17,-38],[23,-19],[5,-13],[22,-27],[15,-28],[8,-20],[16,-7],[5,2],[9,-15],[16,-4],[19,-1],[12,-4],[1,15],[-13,-6],[-5,3],[-4,16],[-32,18],[-12,27],[10,14],[5,15],[23,22],[3,15],[-2,11],[9,15],[8,7],[8,18],[-1,11],[-8,12],[10,17],[-8,12],[3,24],[-6,7],[4,9],[-3,16],[-6,10],[-2,22],[-12,9],[1,10],[-3,13],[1,19],[-9,3],[2,18],[-10,15],[0,6],[18,15],[9,-3],[24,10],[11,-2],[15,14],[13,0],[14,-17],[16,-2],[12,-7],[-3,-18],[27,-10],[6,-7],[-5,-8],[3,-17],[12,-10],[26,-11],[61,-11],[18,-6],[12,0],[30,14],[10,0],[18,11],[9,0],[4,-13],[10,3],[-7,13],[-16,8],[-6,20],[-11,6],[0,11],[13,25],[-1,31],[-3,15],[17,15],[9,10],[5,13],[16,12],[6,-1],[21,18],[10,2],[11,9],[12,0],[6,10],[9,3],[5,11],[17,17],[7,11],[29,6],[2,12],[9,12],[15,5],[10,13],[10,32],[18,11],[6,13],[8,5],[12,-2],[5,16],[14,4],[9,9],[2,17],[8,21],[15,10],[5,10],[15,4],[7,-3],[10,16],[-9,12],[12,13],[16,9],[10,18],[-4,7],[16,9],[14,15],[12,-12],[10,4],[13,-12],[2,-12],[15,5],[-4,13],[10,14],[-23,-10],[-13,8],[-9,1],[4,12],[-6,5],[-4,15],[3,18],[8,2],[8,-13],[9,1],[3,19],[19,-2],[32,29],[31,36],[13,21],[6,21],[-1,15],[-15,7],[-13,9],[6,13],[13,1],[26,-6],[6,-9],[23,4],[34,-14],[19,1],[29,9],[6,-3],[58,22],[2,7],[13,-1],[39,17],[38,19],[11,4],[47,24],[39,25],[13,10],[-1,6],[16,17],[5,23],[12,6],[20,2],[13,7],[16,13],[51,52],[11,19],[0,12],[-7,12],[3,20],[23,10],[8,9],[6,14],[2,18],[-5,26],[-35,4],[-3,-7],[-25,11],[-13,1],[-9,-6],[-3,10],[-15,11],[-8,0],[5,24],[-4,10],[-9,1],[-10,6],[-12,19],[4,16],[16,1],[24,-8],[5,-6],[11,5],[17,-5],[28,13],[25,34],[12,12],[21,-7],[3,-9],[9,-7],[14,0],[13,11],[35,-12],[15,4],[15,9],[24,10],[8,6],[20,8],[1,4],[20,11],[19,-8],[23,-22],[11,-5],[17,-1],[14,-7],[32,-9],[7,-13],[-9,-14],[11,-26],[-9,-21],[1,-9],[18,-17],[16,-1],[6,-13],[-12,-7],[-17,-16],[12,-10],[14,-7],[6,8],[16,15],[14,-1],[12,11],[-18,34],[-14,10],[-15,2],[-5,12],[22,-3],[39,-1],[46,4],[31,11],[15,12],[5,9],[-5,19],[9,15],[17,8],[5,15],[11,16],[16,15],[11,0],[14,-14],[23,2],[28,18],[-4,11],[9,11],[13,3],[10,-2],[3,9],[9,7],[7,-15],[10,-3],[2,-9],[10,-4],[25,10],[25,19],[1,12],[10,11],[30,15],[15,18],[-3,14],[11,3],[12,-3],[16,12],[0,17],[12,13],[16,9],[6,-10],[9,10],[17,10],[18,2],[6,14],[24,20],[-7,12],[0,16],[4,6],[14,10],[-1,15],[-12,21],[7,11],[6,-10],[16,3],[4,13],[11,5],[6,13],[11,18],[-2,13],[12,1],[7,-21],[14,-23],[-3,-9],[9,-18],[14,-2],[-8,-21],[-8,-10],[0,-13],[-5,-6],[-3,-19],[15,-26],[12,-13],[12,-8],[13,1],[9,-11],[14,1],[6,-5],[20,-1],[16,-6],[3,4],[22,4],[16,-5],[10,2],[8,-7],[13,8],[21,8],[-2,-9],[-9,0],[-9,-12],[8,-21],[-12,-19],[-15,0],[-33,-33],[6,-15],[-14,-4],[-4,-14],[-11,-12],[4,-23],[-6,-21],[-12,-2],[-9,-16],[-11,-2],[-6,-14],[-9,-1],[-3,-9],[-19,-14],[-10,-19],[-4,-14],[17,-21],[-6,-8],[-1,-14],[-15,-15],[-4,-21],[-12,-14],[-25,-15],[-24,-18],[5,-19],[-7,-2],[-9,8],[-21,-9],[-43,-41],[-15,-9],[-13,-29],[-13,-3],[8,-10],[15,2],[5,7],[15,1],[8,-5],[24,1],[7,-7],[32,-11],[6,-12],[-1,-23],[4,-12],[19,-27],[13,-5],[9,1],[10,8],[2,16],[10,20],[23,27],[13,26],[14,9],[1,7],[17,13],[1,13],[6,17],[15,14],[17,-3],[-7,-11],[9,-6],[8,-27],[6,15],[-5,15],[13,4],[20,16],[-9,5],[0,15],[12,2],[8,7],[0,23],[20,8],[4,9],[34,17],[3,12],[8,4],[17,-1],[13,18],[-15,14],[3,6],[19,10],[6,-9],[11,0],[20,7],[4,12],[14,14],[11,7],[10,11],[8,-16],[21,-1],[13,12],[13,-4],[28,14],[10,-2],[4,-12],[8,-2],[0,-13],[9,-8],[2,-21],[-16,11],[-30,-18],[-23,-11],[-7,-15],[-14,-7],[2,-18],[10,-32],[9,-17],[20,-24],[27,-25],[24,-16],[17,11],[7,-4],[-13,-16],[-22,-20],[-6,-15],[2,-14],[-9,-7],[2,-19],[9,-12],[49,-27],[36,-15],[13,9],[11,-3],[0,-23],[4,-22],[8,-19],[13,-4],[14,-18],[-10,-14],[6,-7],[3,-22],[-5,-8],[0,-18],[-4,-9],[23,-12],[10,5],[8,-2],[7,-11],[9,6],[9,-1],[9,-10],[0,-13],[5,-14],[8,-5],[0,-16],[6,-2],[1,-22],[-7,-5],[4,-16],[-13,-17],[3,-8],[5,-42],[0,-10],[-12,-12],[-32,-9],[-13,-15],[-3,-16],[-9,0],[-6,14],[-10,-3],[-15,-16],[9,-2],[7,11],[14,-18],[7,0],[13,10],[13,-10],[5,-9],[-12,-12],[-6,-14],[6,-22],[-17,-13],[-8,-19],[7,-19],[7,-11],[7,-20],[9,-6],[-9,-11],[-12,-2],[-21,-15],[-8,-18],[-1,-32],[4,-1],[2,33],[8,15],[15,10],[19,4],[10,13],[-1,8],[-10,13],[-15,36],[24,17],[8,18],[-8,11],[12,24],[5,6],[0,15],[-15,12],[-9,9],[2,6],[19,11],[15,-1],[28,9],[6,14],[13,20],[-7,9],[1,19],[29,13],[-2,31],[27,18],[7,13],[8,22],[21,26],[10,24],[-8,26],[-8,4],[-4,13],[-7,3],[5,20],[13,13],[6,20],[-6,21],[-17,13],[4,12],[-8,10],[6,10],[11,-17],[19,-14],[33,-9],[7,-4],[-3,-12],[15,-20],[-2,-14],[5,-9],[-11,-34],[-8,-10],[11,-22],[-7,-9],[8,-16],[-12,-5],[-18,-27],[-1,-17],[6,-22],[-5,-5],[8,-13],[-1,-7],[8,-25],[7,-14],[14,-14],[30,-8],[16,2],[2,12],[13,0],[15,18],[34,-4],[3,-20],[10,20],[0,8],[-12,19],[1,6],[15,9],[20,35],[13,9],[16,-2],[0,8],[-24,14],[-17,25],[-7,2],[-10,13],[-13,2],[-13,-3],[-9,12],[-3,13],[3,12],[8,-2],[8,10],[-2,21],[10,14],[-1,25],[2,8],[18,8],[-4,12],[1,13],[13,-5],[18,4],[39,17],[7,5],[4,20],[-4,12],[-2,30],[9,8],[15,22],[11,8],[23,5],[-1,-16],[12,-10],[14,-5],[-8,-17],[1,-22],[-5,-8],[3,-12],[28,-14],[17,-2],[17,-13],[5,-12],[-1,-11],[15,-1],[8,-11],[21,-6],[18,5],[2,5],[-1,22],[-7,2],[-21,13],[-12,12],[-10,4],[0,10],[10,20],[-38,-14],[-16,21],[-1,20],[11,19],[-8,6],[-8,21],[-6,33],[7,6],[-2,8],[-15,8],[-12,-2],[-21,6],[0,6],[-11,5],[-10,-9],[-10,4],[-10,32],[13,24],[-15,20],[8,11],[10,-15],[11,-1],[11,-7],[9,-12],[5,9],[9,-9],[11,3],[13,13],[10,5],[1,10],[12,-2],[14,10],[1,8],[-6,17],[6,8],[15,-16],[23,-13],[8,-9],[19,5],[26,13],[26,21],[-5,12],[3,20],[8,8],[15,3],[6,-20],[0,-27],[10,-8],[40,-13],[4,-18],[7,2],[-8,19],[-9,3],[-3,12],[9,7],[12,3],[10,-5],[12,1],[8,-5],[2,-11],[14,-22],[5,-12],[30,1],[16,6],[17,1],[27,14],[12,9],[-4,6],[3,12],[8,0],[5,8],[8,0],[-5,15],[35,-9],[4,-11],[14,-5],[43,5],[12,17],[7,1],[14,-9],[18,4],[0,-11],[5,-14],[-6,-9],[16,-12],[16,1],[11,12],[3,14],[9,8],[13,-17],[-16,-34],[-9,-4],[-2,-15],[-4,-12],[-17,-17],[2,-5],[-11,-22],[4,-7],[24,-15],[23,-4],[20,12],[12,-3],[11,6],[28,3],[9,-6],[19,18],[4,-14],[20,-18],[0,-9],[-16,-27],[3,-11],[8,-3],[5,-14],[7,-2],[3,-10],[-13,-25],[-15,1],[-9,-9],[-8,-17],[1,-12],[8,-13],[11,-9],[13,-3],[-5,-14],[-8,-5],[3,-13],[-6,-17],[-21,-13],[4,-17],[10,17],[14,10],[3,9],[14,-2],[23,4],[22,15],[6,-15],[-12,-9],[-8,-1],[-7,-10],[-2,-13],[7,-21],[-5,-7],[11,-9],[13,5],[11,0],[11,-18],[0,-7],[13,-15],[-2,-14],[1,-17],[13,-18],[2,-11],[13,-12],[8,-1],[12,18],[11,1],[14,-9],[13,2],[11,-15],[-1,-17],[-5,-6],[5,-18],[8,-1],[14,7],[13,13],[5,-2],[8,-19],[-5,-23],[9,-16],[8,-5],[-19,-12],[-19,-3],[-25,5],[-21,-28],[-26,-29],[-17,-1],[12,-24],[7,1],[20,-21],[6,1],[6,17],[6,1],[22,-12],[3,-12],[-1,-21],[11,-26],[15,-21],[25,-5],[-2,-11],[8,-22],[1,-17],[5,-13],[-22,-9],[5,-6],[39,-9],[10,-5],[4,-20],[-17,-19],[-7,-23],[12,9],[9,2],[15,-11],[22,5],[25,-3],[17,5],[9,-4],[-1,-17],[-3,-3],[-2,-20],[8,-11],[-1,-25],[4,-11],[3,-17],[-9,-10],[-11,-20],[-9,-6],[-25,-30],[-27,-17],[-2,-5],[-24,-5],[-19,-9],[-13,-15],[-21,-4],[9,-7],[22,10],[7,12],[20,8],[13,-1],[10,-15],[0,-15],[-3,-18],[-13,-35],[22,-4],[27,-8],[-14,-10],[-7,-11],[-17,-9],[-6,-20],[8,-38],[9,-24],[4,-19],[2,-25],[-5,-10],[-18,-5],[-16,1],[-47,-14],[1,-29],[-8,-8],[-10,-2],[-13,6],[-16,-5],[-4,-10],[3,-17],[10,8],[42,7],[11,12],[1,10],[-9,15],[7,8],[18,-5],[34,3],[24,15],[7,8],[1,31],[-4,31],[3,17],[-5,13],[0,17],[20,19],[14,5],[26,6],[17,-9],[13,6],[-7,7],[1,11],[-5,21],[7,32],[-12,14],[-1,10],[9,15],[16,13],[4,11],[11,11],[24,0],[9,-10],[15,-7],[2,-31],[16,-10],[3,-12],[9,-3],[5,-9],[15,1],[2,-7],[11,-4],[12,5],[6,-3],[12,9],[-27,2],[-11,13],[-18,6],[-18,15],[7,13],[8,22],[11,16],[8,9],[-3,19],[5,10],[-3,7],[-5,28],[11,21],[19,3],[12,-5],[8,5],[-32,9],[10,14],[-16,0],[-23,-4],[-19,-13],[-12,-1],[-20,-8],[-12,2],[-27,-1],[-20,-4],[-7,2],[-2,16],[23,30],[2,20],[12,15],[-1,16],[16,16],[11,21],[-7,13],[0,21],[-6,14],[-3,19],[-11,9],[-26,7],[-17,0],[-35,-13],[-12,4],[21,29],[10,20],[5,29],[-11,44],[-19,24],[-13,7],[-10,-1],[-6,5],[-6,24],[-1,16],[-8,7],[1,14],[-8,8],[1,14],[-7,11],[-11,36],[6,6],[10,-2],[5,11],[8,5],[27,-13],[15,-13],[11,-17],[14,4],[61,-58],[5,-7],[10,-4],[1,-16],[14,14],[18,3],[13,-3],[6,26],[-8,13],[-11,2],[-32,15],[-29,31],[-2,12],[9,8],[11,4],[13,14],[4,12],[-5,18],[-2,15],[-21,4],[-22,-7],[-10,-10],[-27,-21],[-7,12],[-18,22],[-11,9],[-48,11],[-18,-3],[-15,-12],[-15,12],[-11,-10],[-7,-15],[-17,-16],[-11,22],[-6,2],[-9,18],[8,18],[-3,23],[27,40],[-3,15],[-21,-7],[0,-14],[-7,-14],[-12,4],[-5,8],[-10,1],[-7,-20],[-16,0],[-10,-11],[-15,-1],[3,19],[14,10],[-2,9],[-9,4],[-5,16],[9,11],[9,6],[-1,17],[14,10],[6,10],[10,0],[10,16],[2,16],[10,21],[-9,6],[-10,-8],[-17,-10],[-14,-2],[-14,6],[-11,-4],[-13,9],[-2,23],[-25,28],[6,12],[10,-2],[7,8],[2,13],[14,13],[4,19],[-5,6],[0,16],[-13,7],[-16,-1],[-7,16],[-5,1],[-5,23],[-10,-3],[-7,13],[13,3],[-2,13],[-11,7],[-33,-2],[-23,-8],[-3,6],[6,11],[-5,19],[5,8],[15,5],[31,-20],[10,-9],[14,12],[8,13],[-2,17],[-22,8],[-26,0],[0,6],[13,15],[-4,18],[9,2],[-1,10],[-28,2],[-8,10],[1,13],[8,23],[13,8],[21,5],[15,1],[40,6],[41,21],[95,62],[26,26],[9,5],[6,11],[-6,15],[19,15],[26,42],[8,26],[-3,26],[-14,0],[-20,4],[3,15],[-23,27],[-5,15],[13,15],[8,-21],[10,-10],[13,0],[-2,11],[14,0],[15,-8],[2,8],[19,16],[17,-8],[26,11],[1,15],[11,8],[34,10],[12,-3],[6,-14],[-9,-7],[-6,-16],[3,-15],[14,-13],[15,-3],[18,3],[12,5],[2,10],[14,6],[7,8],[6,-7],[17,-2],[9,5],[13,17],[12,5],[17,-1],[19,-14],[6,3],[-25,28],[-10,-5],[-22,-2],[-6,11],[-5,21],[-11,10],[-15,6],[-17,-4],[-5,-16],[1,-9],[-8,-7],[-16,6],[-10,0],[-8,16],[9,20],[13,0],[18,12],[3,-8],[35,-2],[22,2],[13,4],[22,11],[17,16],[2,12],[-6,13],[2,15],[6,9],[-5,11],[5,19],[12,-3],[2,-5],[14,-4],[5,-33],[-11,-15],[12,-14],[-6,-11],[19,-12],[18,-6],[8,4],[10,-6],[27,5],[5,13],[9,11],[12,-3],[11,-13],[2,-17],[6,-1],[11,-11],[12,2],[27,-3],[7,-4],[20,0],[32,17],[19,15],[22,26],[1,10],[11,11],[-1,10],[14,3],[13,-5],[20,-18],[8,11],[12,5],[7,-8],[-3,-19],[9,-3],[21,3],[13,6],[26,20],[5,23],[8,3],[23,-5],[10,-7],[10,5],[13,22],[10,3],[3,10],[12,6],[2,25],[20,-8],[14,6],[10,12],[23,15],[7,31],[8,-2],[1,-19],[5,-10],[-5,-5],[-4,-17],[-8,-13],[4,-12],[-3,-6],[14,-10],[-9,-5],[-21,2],[-13,-7],[-3,-16],[3,-20],[7,-9],[16,-2],[1,-14],[-20,-9],[0,-10],[9,-1],[-1,-12],[7,-14],[-1,-15],[41,-28],[-8,-13],[0,-11],[11,-12],[1,-7],[12,-15],[19,-13],[-10,-12],[-20,-7],[-9,-6],[-19,-5],[-19,-20],[-3,-22],[-10,-1],[-9,-8],[-7,-20],[-18,3],[-14,-10],[-10,-10],[-25,-4],[-11,-12],[-7,-18],[0,-13],[-6,-11],[3,-21],[9,-24],[-12,-24],[-2,-19],[-8,-5],[-11,-15],[-6,-3],[-3,-19],[3,-20],[-23,-15],[1,-14],[13,-23],[-1,-8],[6,-17],[2,-13],[8,1],[21,-47],[14,-26],[-12,-6],[5,-13],[19,-33],[26,-36],[22,-26],[4,5],[29,-23],[11,-15],[0,-10],[17,-14],[12,8],[8,-3],[21,-26],[12,-7],[26,-7],[22,-9],[39,-11],[11,-7],[29,-7],[5,3],[13,-8],[37,-10],[45,-5],[3,-4],[86,-12],[34,-7],[63,-18],[24,-1],[4,10],[12,-2],[9,-6],[2,-13],[13,1],[-6,15],[-6,0],[-3,15],[16,4],[8,-12],[-6,-9],[8,-5],[22,4],[34,0],[38,11],[21,4],[19,0],[197,11],[54,4],[53,7],[52,13],[32,10],[29,6],[37,6],[32,3],[27,-1],[30,-10],[5,0],[232,61],[118,30],[179,47],[112,29]],[[11574,77552],[13,4],[1,14],[10,-2],[4,-14],[-2,-7],[-12,-9],[-14,14]],[[11395,77464],[11,16],[8,1],[6,-10],[-25,-7]],[[7673,65430],[8,18],[6,6],[9,-1],[13,-13],[2,-11],[-12,0],[-12,-8],[-5,13],[-9,-4]],[[7485,75981],[16,13],[4,9],[13,4],[11,-15],[8,1],[9,10],[-4,10],[20,0],[14,13],[7,-11],[9,9],[11,18],[2,16],[7,-3],[15,5],[1,-11],[7,-6],[14,4],[12,-1],[16,12],[10,-7],[11,4],[9,-3],[13,2],[-2,-19],[6,-9],[9,-1],[-2,-10],[8,-11],[23,-15],[3,-6],[15,-7],[16,-3],[8,6],[26,-2],[-9,-13],[-1,-18],[10,-10],[9,-21],[-15,-17],[-10,-7],[-9,24],[-1,14],[-9,8],[-20,-1],[-16,-10],[-5,7],[-17,6],[-11,-14],[-13,5],[1,6],[-11,15],[-16,14],[-18,1],[-11,-6],[1,-9],[-15,-1],[-4,-6],[7,-13],[-13,-13],[-9,6],[-15,-15],[-24,14],[-2,17],[-17,8],[-8,-1],[-18,6],[-9,-1],[-2,-19],[-8,0],[-3,12],[-12,8],[-7,17],[-12,4],[-3,7]],[[11198,77346],[4,4],[24,7],[16,-5],[3,-8],[-23,-13],[-22,7],[-2,8]],[[11259,77376],[2,14],[16,10],[20,-3],[20,3],[9,-4],[4,-25],[-9,-4],[-6,8],[-13,6],[-16,-4],[-22,-8],[-5,7]],[[11152,77384],[6,9],[29,-3],[-2,-9],[-13,4],[-9,-3],[-11,2]],[[7699,65498],[8,4],[13,-1],[16,3],[20,22],[12,-4],[13,0],[3,-6],[-13,-17],[-34,-7],[-11,4],[-27,2]],[[1835,68751],[13,8],[10,15],[5,13],[13,-1],[4,-14],[15,-15],[25,-7],[17,8],[-2,-11],[9,-8],[2,-7],[16,1],[-1,12],[10,5],[15,-25],[-8,-8],[4,-11],[-9,-7],[-8,10],[-11,-1],[7,-12],[-11,-5],[4,16],[-7,19],[-14,13],[-14,-3],[-24,13],[-12,0],[-12,-5],[3,-14],[-7,-12],[-6,18],[-13,12],[-13,3]],[[7719,65441],[15,6],[0,-9],[-15,3]],[[12854,61275],[10,4],[8,-6],[-1,-9],[-17,11]],[[11062,64722],[6,19],[9,13],[0,11],[24,-1],[17,4],[20,0],[6,10],[10,6],[13,-3],[18,9],[9,-8],[10,1],[12,-7],[16,3],[18,-4],[6,2],[11,-5],[13,-14],[27,-19],[3,6],[22,-10],[10,0],[12,-8],[4,10],[21,-5],[4,5],[19,1],[1,-8],[11,0],[13,-16],[11,-8],[9,-2],[18,-8],[13,2],[11,-4],[12,-8],[10,5],[9,-16],[9,4],[16,1],[4,6],[16,2],[20,-1],[3,6],[14,-1],[0,-8],[14,-4],[6,-6],[18,-6],[7,-9],[12,-3],[8,-12],[10,-6],[14,-23],[15,-6],[6,-10],[19,-11],[1,-30],[-6,-11],[-10,-25],[7,-14],[-2,-10],[-14,-14],[-2,-14],[-8,-9],[2,-16],[-11,-6],[-14,22],[-7,0],[-3,15],[-12,7],[-32,-7],[-5,22],[-11,2],[-4,22],[-19,7],[-14,-5],[1,-14],[-11,-6],[-5,-15],[-9,1],[-9,-6],[0,-9],[-20,-5],[-10,8],[-24,-13],[-20,5],[-3,-16],[-5,-1],[-18,6],[-1,-7],[-20,-8],[-12,15],[1,15],[-11,10],[-23,8],[-2,8],[-15,6],[-10,10],[-9,-2],[-8,5],[-21,-5],[-8,14],[-9,3],[-13,-9],[-4,8],[-8,-2],[-1,25],[9,0],[7,10],[-4,7],[-34,-5],[-22,5],[-10,7],[-24,25],[-17,6],[-2,18],[-25,11],[-9,-7],[-5,11],[-12,11],[-5,18],[-21,12],[1,5],[-16,20],[-9,15]],[[2046,68661],[18,0],[6,8],[7,-2],[-7,-18],[-8,-2],[-14,8],[-2,6]],[[10940,76862],[12,8],[3,-12],[-15,4]],[[12407,65313],[12,3],[19,-7],[1,-22],[-18,-3],[-9,11],[-5,18]],[[12449,65291],[7,6],[13,-10],[-3,-8],[-17,12]],[[8002,75658],[9,11],[-10,29],[3,1],[10,-22],[0,-13],[-12,-6]],[[10768,76574],[7,12],[10,-10],[11,-15],[-14,-13],[-6,20],[-8,6]],[[10856,76782],[3,5],[16,-7],[1,-9],[-13,3],[-7,8]],[[10939,76802],[3,9],[13,-9],[-7,-8],[-9,8]],[[10835,76601],[14,0],[-9,-13],[-5,13]],[[7551,66033],[8,11],[8,-3],[7,-18],[-5,-1],[-18,11]],[[341,73195],[11,-9],[10,-3],[11,9],[12,-9],[11,-3],[11,9],[15,7],[25,5],[8,19],[10,4],[10,23],[-5,11],[-14,-4],[-15,2],[0,6],[11,7],[-1,11],[4,10],[8,1],[9,-11],[15,-7],[10,7],[15,-4],[0,-6],[17,-5],[-9,-12],[18,-8],[8,-24],[6,-9],[13,8],[23,7],[9,7],[12,-4],[6,-10],[0,-10],[-7,-11],[-22,-20],[-18,-10],[7,-10],[13,3],[1,-13],[-11,-2],[-4,-9],[-14,-10],[2,-6],[25,-2],[1,-17],[6,0],[22,16],[15,-10],[-11,-16],[9,-3],[2,-15],[6,1],[14,21],[15,2],[3,5],[16,-1],[34,-12],[7,-8],[1,-12],[-9,-16],[-9,-6],[-4,-14],[-15,3],[-10,-12],[-14,0],[-6,7],[-16,6],[-11,-2],[-13,3],[-7,-10],[1,-8],[-11,-13],[-7,3],[-9,-9],[1,-14],[-13,-12],[-13,0],[0,-26],[-8,-7],[-10,2],[-10,-7],[-2,11],[-9,8],[-15,-17],[-14,28],[-11,0],[-2,-7],[-11,2],[-10,-14],[-22,-14],[-11,6],[-2,14],[-12,5],[-4,-18],[-13,-10],[-2,-16],[-24,-14],[-6,-12],[-7,-36],[-37,-9],[-7,14],[-7,-12],[-14,-11],[-6,5],[-10,-6],[-4,-11],[-8,-11],[-10,-4],[-5,8],[-15,-12],[-17,6],[-18,-10],[-14,16],[-9,4],[-12,17],[13,1],[20,-9],[15,5],[9,12],[0,8],[-13,15],[16,15],[6,-1],[18,12],[5,-6],[13,-2],[6,14],[10,-9],[12,8],[-4,11],[6,12],[11,6],[10,-1],[19,20],[-7,8],[4,11],[-6,7],[-14,6],[-6,14],[-14,-3],[-1,16],[-5,8],[-31,-12],[-12,-1],[-16,-10],[-15,-2],[-15,-7],[-7,5],[-29,-25],[-9,3],[-11,12],[-3,-10],[-11,3],[-9,-5],[0,-9],[-21,-7],[-16,-9],[-12,-1],[-6,-11],[-17,3],[-11,16],[-8,-1],[-3,-9],[-11,-10],[-14,9],[9,14],[-3,16],[13,1],[12,9],[-1,10],[13,7],[11,16],[1,26],[16,15],[18,4],[9,-2],[7,16],[26,6],[7,-5],[9,13],[10,-1],[4,17],[19,-9],[2,12],[22,5],[26,-3],[3,8],[-6,17],[-10,3],[1,8],[9,3],[10,12],[-11,6],[5,16],[13,4],[22,1],[8,-4],[17,8],[15,0],[8,-5],[3,14],[7,9],[16,14],[7,-2],[-10,-13],[4,-10]],[[251,73267],[8,7],[2,10],[8,4],[5,-7],[-7,-10],[31,-2],[14,3],[6,8],[12,-3],[-1,-15],[8,-6],[15,0],[-10,-15],[-11,-4],[-20,-2],[-18,2],[-5,7],[-22,5],[-6,17],[-9,1]],[[2469,73762],[9,8],[18,5],[9,-6],[-6,-7],[5,-11],[-18,-14],[-6,10],[1,8],[-12,7]],[[724,73088],[4,5],[9,-6],[-5,-7],[-8,8]],[[3427,74490],[5,20],[11,-7],[1,-9],[11,-8],[-5,-6],[-10,-1],[-13,11]],[[3520,74497],[7,9],[11,-15],[-8,-8],[-10,14]],[[7266,75565],[13,16],[37,-3],[8,2],[13,-11],[12,2],[6,-28],[-16,-3],[-19,19],[-9,-2],[-17,11],[-10,2],[-9,-8],[-9,3]],[[12841,62065],[2,13],[5,4],[12,-9],[10,-3],[-5,-13],[-17,0],[-7,8]],[[9103,66122],[9,8],[14,1],[3,-16],[-7,-2],[-19,9]],[[9112,65998],[8,7],[11,-5],[-9,-10],[-10,8]],[[4775,70639],[5,11],[12,13],[16,9],[1,-12],[-6,-4],[-4,-24],[-24,7]],[[864,72704],[6,13],[0,24],[5,13],[8,3],[7,-8],[-9,-17],[-1,-9],[10,-17],[-11,-15],[-15,13]],[[1183,72418],[10,17],[11,-4],[15,19],[18,1],[5,-3],[-4,-11],[11,-8],[11,-18],[2,-9],[11,-8],[1,-24],[-7,-14],[-10,-2],[-18,-18],[-25,10],[-13,12],[1,16],[-2,26],[-17,18]],[[1044,72596],[11,-3],[7,13],[-1,14],[20,21],[14,-11],[0,-11],[-6,-14],[8,-7],[-9,-6],[-9,16],[-16,-13],[-4,-10],[-15,11]],[[3546,74340],[14,4],[15,8],[6,-12],[-13,-10],[-19,5],[-3,5]],[[3040,74228],[12,11],[8,-6],[-7,-9],[-13,4]],[[10544,76555],[11,1],[18,-2],[9,5],[7,11],[-7,19],[19,-4],[25,17],[7,-11],[4,-16],[13,1],[2,16],[17,15],[9,-2],[7,10],[11,-1],[9,6],[14,-3],[1,-13],[9,-3],[6,-10],[4,-24],[-14,-25],[-5,-19],[-9,6],[-7,-4],[-16,-19],[-6,-12],[-9,-2],[-11,5],[-13,-2],[-8,-8],[-17,11],[14,23],[-10,3],[-24,-8],[2,-13],[-9,-14],[-16,-1],[-3,19],[4,30],[-4,7],[-13,7],[-21,4]],[[10465,76242],[9,5],[17,-10],[9,3],[21,-16],[14,-15],[8,-13],[-2,-6],[-23,7],[-13,7],[-15,-4],[-12,14],[2,4],[-15,24]],[[10466,76536],[20,-11],[19,11],[9,1],[6,17],[8,-2],[4,-9],[0,-13],[-13,-6],[7,-13],[9,-4],[15,0],[-4,-13],[-17,-3],[-6,3],[-11,15],[-10,5],[-16,-10],[-16,16],[-4,16]],[[10402,76489],[3,7],[19,4],[11,-4],[4,-9],[9,-7],[-5,-6],[-25,3],[-16,12]],[[7746,65341],[14,10],[3,19],[10,-5],[8,-13],[8,-7],[24,1],[-1,-14],[7,-10],[0,-13],[9,-18],[-10,-11],[-10,11],[-13,-12],[-21,-5],[-13,9],[6,14],[-4,15],[11,9],[0,12],[-13,4],[-8,-11],[-7,15]],[[8043,65403],[5,12],[-7,14],[8,17],[-3,15],[17,14],[9,12],[-7,7],[0,16],[8,-4],[6,-17],[15,-7],[3,-15],[-6,-3],[-5,-13],[-12,-5],[0,-16],[-13,-15],[7,-25],[-17,-6],[-8,19]],[[12116,65517],[9,11],[5,16],[9,-11],[-8,-21],[-8,-3],[-7,8]],[[7978,65397],[3,5],[18,-5],[0,-9],[-8,-2],[-6,11],[-7,0]],[[7794,65495],[11,0],[14,6],[6,-10],[-22,0],[-9,4]],[[5454,69386],[12,8],[14,-16],[-2,-15],[-10,-3],[-9,10],[-5,16]],[[1873,71841],[15,18],[0,11],[11,0],[19,11],[1,24],[7,12],[1,16],[19,7],[7,7],[19,7],[11,10],[6,9],[4,21],[21,-9],[17,-3],[-1,-12],[-26,-19],[-16,-9],[-19,-14],[-18,-17],[-24,-32],[-2,-21],[7,-10],[-3,-11],[-17,8],[-9,-12],[-30,8]],[[1563,72171],[1,7],[10,11],[5,-13],[16,-4],[7,4],[13,-7],[8,1],[31,20],[10,-1],[16,-10],[7,-8],[1,-9],[-7,-12],[-22,3],[-11,5],[-19,2],[-21,-5],[-2,-5],[-22,9],[-5,-2],[-16,14]],[[1333,72127],[7,10],[1,9],[9,6],[17,0],[25,21],[5,11],[14,-5],[8,-9],[-5,-10],[-12,0],[-13,-17],[-23,1],[-33,-17]],[[1283,72442],[15,7],[7,14],[10,0],[11,-16],[-15,-8],[-7,-10],[0,-12],[-8,-2],[-9,13],[-4,14]],[[1625,72269],[6,3],[12,-5],[6,-11],[0,-10],[11,-5],[7,-10],[-18,-9],[-11,11],[5,13],[-7,19],[-11,4]],[[1724,72178],[5,14],[13,-13],[10,-7],[-10,-6],[-18,12]],[[8246,75431],[2,17],[13,14],[7,12],[-1,8],[-9,6],[19,12],[7,-17],[-9,-2],[-4,-16],[11,-22],[6,-5],[-5,-17],[-10,-13],[8,-9],[9,2],[10,-9],[-10,-9],[0,-10],[16,-11],[6,-13],[-4,-11],[-16,2],[-3,-7],[3,-17],[-2,-10],[-14,5],[-9,-4],[-6,8],[11,4],[11,11],[5,15],[-9,19],[-15,2],[-1,15],[7,16],[-3,15],[-13,17],[-8,2]],[[3851,74593],[6,10],[8,-8],[6,-17],[15,-8],[4,-7],[-4,-14],[-12,-8],[-1,10],[-10,1],[-9,18],[4,5],[-7,18]],[[3963,74791],[1,13],[14,-4],[8,-14],[27,0],[-16,-17],[-17,0],[-3,15],[-13,1],[-1,6]],[[3871,74877],[15,23],[9,-7],[15,-2],[-1,-9],[-21,-6],[-5,-7],[-12,8]],[[3712,74750],[7,3],[15,-2],[-4,-14],[-12,-7],[-6,20]],[[3842,74637],[10,26],[3,-23],[-13,-3]],[[4997,74889],[11,10],[10,3],[3,-9],[-13,-10],[-11,6]],[[3765,74555],[15,6],[5,-7],[-4,-10],[-8,0],[-8,11]],[[3865,74704],[11,14],[5,-18],[-11,-3],[-5,7]],[[8672,75276],[7,-5],[8,7],[6,-4],[-5,-12],[-8,-1],[-8,15]],[[3932,74521],[12,15],[6,-8],[-18,-7]],[[6449,66946],[17,15],[14,4],[17,-4],[1,15],[27,1],[4,-13],[-7,-28],[18,-30],[-4,-11],[1,-12],[16,-6],[2,-27],[9,-1],[-4,-17],[2,-14],[-13,-13],[-20,36],[-16,13],[-2,8],[-12,7],[-17,19],[-5,11],[1,12],[-16,10],[1,9],[-14,16]],[[6508,66748],[1,11],[8,12],[12,1],[4,-15],[7,-9],[7,-1],[15,-12],[-3,-10],[3,-23],[-18,5],[-14,24],[-19,10],[-3,7]],[[8331,67021],[2,5],[22,12],[8,-9],[-11,-4],[-21,-4]],[[6494,66803],[8,4],[13,-7],[0,-11],[-12,-1],[-9,15]],[[2466,73316],[9,12],[10,-18],[-7,-15],[-12,21]],[[5845,71240],[8,18],[11,1],[11,-7],[4,-10],[-5,-17],[-22,6],[-7,9]],[[4143,71448],[3,15],[12,15],[7,0],[0,-13],[-12,-17],[-10,0]],[[4097,71434],[3,14],[15,9],[2,-20],[-14,-5],[-6,2]],[[5451,71543],[22,1],[-10,-9],[-12,8]],[[14446,62302],[10,10],[15,-2],[-2,-10],[-11,-3],[-12,5]],[[14581,62133],[9,1],[5,-7],[-6,-10],[-6,-2],[-8,11],[6,7]],[[14684,77017],[5,10],[8,4],[14,-16],[-7,-7],[-10,12],[-10,-3]],[[14745,61742],[5,9],[15,2],[12,-4],[0,-11],[-8,-9],[-11,12],[-13,1]],[[14885,76322],[20,12],[18,6],[9,-8],[-12,-15],[-6,-3],[-19,2],[-10,6]],[[14898,76275],[13,12],[5,-13],[-18,1]],[[14663,76505],[20,12],[4,13],[13,-2],[0,-7],[16,-5],[-8,-11],[-13,0],[-9,-8],[-15,13],[-8,-5]],[[15301,61633],[19,-2],[0,-9],[16,-8],[15,-11],[10,-5],[23,9],[22,-9],[26,6],[4,10],[21,36],[26,15],[10,-4],[3,-28],[8,-10],[-4,-12],[10,-27],[-15,-18],[-10,-25],[-23,-4],[-13,-8],[-28,-3],[-15,-12],[-1,-16],[-26,-4],[0,-11],[-7,-16],[-8,9],[11,20],[-12,9],[-14,-9],[-15,-5],[-3,16],[9,7],[-13,15],[-5,11],[-8,2],[0,10],[18,18],[-1,24],[-4,10],[-8,4],[-8,15],[-10,10]],[[14691,62186],[0,-13],[5,-13],[31,-14],[6,-8],[11,-9],[11,1],[10,-12],[10,3],[11,-10],[14,6],[12,-6],[16,13],[12,-6],[21,-21],[11,-6],[17,-1],[18,6],[13,14],[12,-1],[15,6],[11,11],[25,-9],[4,-6],[-7,-11],[-30,-7],[-30,-14],[-16,-13],[-15,-17],[-8,-14],[-5,-20],[5,-24],[13,-7],[7,5],[11,-17],[-4,-9],[4,-10],[0,-13],[-12,-8],[-4,15],[-10,8],[-13,1],[-7,5],[-2,12],[5,6],[-1,9],[-16,25],[-19,13],[-14,-7],[-14,10],[-21,-5],[-18,13],[-5,-5],[-11,8],[-8,0],[-5,13],[-20,11],[6,10],[-5,8],[-13,-1],[0,9],[-8,3],[-11,22],[-14,6],[-4,-4],[-22,14],[-26,-10],[-12,-2],[-2,9],[19,23],[-10,12],[1,7],[-13,6],[4,9],[13,0],[2,9],[-9,12],[11,5],[8,-10],[13,-24],[6,4],[17,-7],[9,11],[14,1]],[[20265,74878],[8,14],[19,-4],[-9,-12],[-15,-8],[-3,10]],[[21133,75023],[3,8],[11,-4],[-4,-13],[-10,9]],[[14470,77051],[1,12],[28,-2],[3,-4],[26,7],[16,-12],[5,-11],[20,3],[8,10],[6,-5],[16,3],[10,-13],[0,-10],[-16,-13],[-4,2],[-13,-14],[11,-31],[-7,-12],[5,-27],[-12,-4],[-4,-7],[-13,-1],[-5,-12],[-9,8],[11,13],[-4,13],[-11,10],[-11,-4],[-3,-6],[4,-14],[-10,-3],[-2,-8],[-13,-10],[-4,6],[-11,2],[1,13],[11,8],[3,11],[-3,8],[-10,3],[8,32],[6,7],[8,23],[-4,8],[-14,-7],[-16,11],[2,7],[-10,10]],[[14474,77125],[9,12],[11,8],[9,-4],[10,3],[9,10],[5,-9],[25,9],[10,-7],[7,5],[3,17],[5,6],[22,13],[-1,9],[37,-10],[23,11],[7,-13],[-1,-14],[-10,-16],[3,-7],[-12,-4],[-16,5],[-12,12],[-22,-13],[-1,-13],[12,-8],[-6,-10],[6,-16],[-10,-34],[-15,-9],[-15,13],[-3,25],[-11,4],[-12,-10],[0,-10],[-21,9],[-18,0],[-6,18],[-6,0],[-15,18]],[[14416,76978],[7,15],[15,7],[13,-8],[5,-17],[-7,-7],[9,-20],[-8,-2],[-6,-8],[-17,5],[-1,12],[6,8],[-1,9],[-8,8],[-7,-2]],[[14609,76931],[7,4],[-1,22],[22,-15],[-11,-14],[-17,3]],[[14621,77008],[25,13],[2,21],[6,-2],[3,-12],[-5,-17],[-22,-9],[-9,6]],[[14418,76917],[9,1],[5,-7],[0,-12],[-11,5],[-3,13]],[[12701,76936],[6,19],[7,-4],[4,-11],[-3,-10],[-14,6]],[[12556,76933],[12,4],[12,-9],[-3,-8],[-10,2],[-11,11]],[[14011,77025],[12,7],[8,11],[6,-6],[-8,-11],[-11,-5],[-7,4]],[[14427,77013],[2,5],[16,1],[-4,-9],[-14,3]],[[16122,64341],[16,4],[7,-22],[16,14],[26,-25],[14,-4],[19,7],[18,-13],[2,-12],[8,-8],[0,-9],[-7,-14],[-7,5],[-11,20],[-15,14],[-18,4],[-5,-8],[-12,0],[-18,8],[-16,-1],[-9,6],[-3,22],[-5,12]],[[16016,64401],[14,-1],[2,13],[19,-7],[10,-15],[9,-4],[10,6],[13,-5],[9,-8],[-1,-8],[-12,4],[-17,0],[-26,16],[-30,9]],[[15569,64354],[2,12],[14,5],[16,-14],[14,-7],[-8,-15],[-11,1],[-25,13],[-2,5]],[[15836,64219],[3,6],[25,-22],[16,-8],[-12,-4],[-8,-11],[-7,2],[-17,37]],[[15885,64323],[22,3],[12,5],[4,-12],[-16,1],[-14,-9],[-8,12]],[[15019,64081],[17,6],[6,6],[12,-7],[-7,-14],[-28,9]],[[16427,64233],[19,9],[7,-3],[-8,-17],[-18,11]],[[15760,64229],[5,9],[18,-5],[-17,-8],[-6,4]],[[15801,64345],[11,23],[5,-2],[-10,-19],[-6,-2]],[[20854,75264],[8,13],[22,8],[14,9],[4,-18],[-40,-22],[-8,10]],[[22456,75595],[3,14],[11,23],[7,-8],[-21,-29]],[[21673,75502],[14,1],[-6,-15],[-8,14]],[[13237,77295],[5,8],[11,-4],[13,1],[7,-8],[22,2],[10,15],[10,-8],[12,-3],[3,-23],[6,-9],[-6,-11],[-9,-3],[5,-19],[9,-7],[-2,-6],[6,-10],[-12,-4],[1,13],[-9,8],[0,25],[-8,9],[4,15],[-7,8],[-21,-6],[-12,3],[-14,-12],[-15,14],[-9,12]],[[14257,77142],[4,13],[22,14],[16,5],[1,9],[9,8],[6,-3],[16,3],[6,-9],[-1,-9],[-12,-9],[-11,5],[-10,-4],[-11,-19],[-10,6],[-7,-5],[-12,1],[-6,-6]],[[12600,77053],[-10,-7],[2,-17],[11,-9],[10,-4],[20,1],[18,8],[7,9],[10,4],[-3,-5],[1,-5],[8,-7],[11,-3],[4,-22],[-17,-3],[-5,-10],[-19,3],[-15,11],[3,8],[16,8],[21,-20],[7,2],[-1,23],[-12,6],[-4,10],[-18,-15],[-12,-4],[-25,1],[-17,11],[-7,20],[-10,18],[10,2],[6,-10],[10,-4]],[[13217,77193],[4,14],[-3,9],[18,17],[5,-11],[-2,-11],[-9,-20],[-13,2]],[[13172,77089],[12,2],[10,-12],[-4,-14],[2,-9],[-8,-8],[-8,7],[-3,15],[5,14],[-6,5]],[[12780,77098],[5,4],[13,-2],[2,-16],[-20,14]],[[15502,63915],[2,11],[9,11],[5,13],[-2,11],[4,9],[0,11],[10,40],[5,6],[0,15],[8,62],[-4,32],[13,18],[2,16],[20,21],[0,14],[5,10],[-13,20],[-16,5],[7,12],[20,-13],[7,-16],[8,-3],[11,3],[9,9],[10,17],[7,18],[9,18],[15,7],[8,19],[8,0],[4,-15],[-8,-25],[0,-16],[-10,-23],[-10,-8],[-5,-17],[13,-25],[-5,-9],[10,-13],[14,-7],[13,1],[10,14],[28,-11],[5,-7],[24,-10],[8,2],[2,-22],[-9,-7],[-16,14],[-34,7],[-10,-2],[-9,-14],[-14,-11],[-3,8],[-25,14],[-29,5],[-11,-7],[-22,-28],[1,-14],[-8,-22],[-2,-16],[2,-19],[8,-13],[-1,-9],[-13,-16],[-1,-9],[-11,1],[-9,-7],[-1,-14],[11,-1],[9,-8],[-4,-18],[3,-21],[5,-6],[11,-5],[17,2],[-5,-14],[-6,-3],[-14,5],[-17,-6],[-28,7],[-6,-8],[9,-15],[-1,-24],[3,-11],[-14,-9],[-7,20],[-1,59],[-8,10]],[[15811,64084],[11,3],[16,-16],[12,5],[14,12],[8,22],[-23,9],[-10,27],[23,11],[7,0],[18,14],[5,7],[15,5],[1,17],[6,8],[13,-5],[24,14],[6,13],[1,19],[-6,31],[9,13],[11,0],[6,-16],[-7,-6],[-5,-16],[15,-10],[10,2],[23,-19],[-6,-17],[8,-25],[-16,-11],[18,-10],[8,-12],[6,1],[6,12],[18,2],[15,-7],[12,7],[9,24],[8,-11],[-3,-16],[-12,-19],[-6,-27],[6,-10],[-7,-12],[-10,1],[-6,13],[-12,13],[-12,5],[-22,3],[9,14],[-2,9],[-13,12],[-15,7],[-21,-3],[-6,-5],[-8,-15],[2,-9],[-24,-8],[-7,-8],[1,-14],[-7,-3],[-15,-16],[-1,-13],[-5,-9],[0,-16],[-5,-6],[-13,0],[-11,-6],[-4,-21],[-13,-9],[-23,10],[2,7],[10,8],[0,7],[-10,22],[-11,11],[-15,6]],[[16342,64070],[4,6],[12,-2],[12,-15],[20,-13],[9,2],[13,-14],[12,-6],[9,-24],[10,-4],[-12,-18],[-5,-18],[-11,-7],[-7,16],[-9,9],[-19,36],[-15,11],[-18,9],[1,15],[-6,17]],[[15957,63939],[4,24],[12,7],[1,10],[-4,22],[9,2],[-1,12],[-10,10],[19,5],[6,-9],[-12,-12],[11,-16],[21,-6],[7,-4],[0,-15],[-9,-11],[-12,-4],[-2,-14],[14,-20],[-15,-5],[-12,11],[-23,6],[-4,7]],[[15303,63981],[0,16],[3,23],[14,13],[0,27],[21,-18],[-3,-6],[8,-17],[-16,-12],[-12,-30],[-15,4]],[[15167,63983],[11,22],[6,-1],[0,-22],[3,-12],[1,-48],[12,-15],[-10,-10],[-9,2],[-5,16],[-1,12],[4,12],[-4,21],[-8,23]],[[15239,63950],[12,14],[1,12],[6,10],[0,15],[13,-3],[4,-31],[-2,-13],[-9,-9],[-10,-5],[-10,2],[-5,8]],[[15601,63767],[2,22],[10,0],[10,13],[-6,19],[11,13],[8,-5],[0,-20],[-9,-18],[-4,-14],[-22,-10]],[[15957,63873],[9,22],[9,-22],[9,-9],[11,1],[6,-7],[-3,-9],[-16,0],[-11,6],[-14,18]],[[15314,63893],[10,18],[-1,31],[13,0],[-3,-13],[5,-12],[-4,-11],[-18,-23],[-2,10]],[[15037,64039],[15,3],[2,-11],[13,-6],[-1,-12],[-17,-9],[-8,19],[-4,16]],[[15703,63814],[9,16],[17,-19],[0,-12],[-9,-6],[-13,7],[-4,14]],[[15859,63863],[5,5],[12,2],[7,18],[11,5],[2,-8],[-8,-7],[11,-18],[-7,-7],[-9,-1],[-6,12],[-8,4],[-10,-5]],[[16265,63994],[22,20],[3,-21],[-8,-12],[-7,0],[-10,13]],[[15579,63846],[8,10],[19,-18],[-12,-8],[-12,8],[-3,8]],[[15452,64001],[-1,7],[13,11],[10,-8],[-7,-8],[-15,-2]],[[16166,64150],[9,10],[9,-6],[-2,-10],[-10,-3],[-6,9]],[[15326,63858],[10,9],[7,16],[10,-2],[-2,-9],[-21,-16],[-4,2]],[[15082,63975],[9,8],[3,-24],[-10,9],[-2,7]],[[15146,64024],[14,-3],[-1,-11],[-10,-3],[-3,17]],[[20032,74698],[10,5],[8,13],[12,7],[6,10],[-2,8],[9,19],[9,8],[12,-5],[2,-15],[-5,-6],[5,-18],[-7,-15],[-6,-3],[-20,5],[-10,-6],[-7,-11],[-3,-13],[-9,5],[-4,12]],[[20309,74786],[5,12],[9,-9],[-9,-8],[-5,5]],[[21308,74434],[12,9],[3,-11],[-15,2]],[[20314,74698],[16,4],[-1,-10],[-15,6]],[[11771,76940],[9,11],[-1,12],[-9,7],[16,7],[-4,-14],[4,-14],[15,-17],[2,-17],[6,-5],[-3,-23],[7,-9],[-7,-13],[1,-8],[-13,-5],[-4,16],[0,26],[-5,31],[-14,15]],[[12538,77003],[-1,8],[13,-2],[18,-7],[6,-10],[-5,-7],[-15,3],[-16,15]],[[12372,76998],[22,4],[-7,-10],[-15,6]],[[12515,77016],[2,-14],[-7,-5],[-10,1],[-8,7],[-7,-13],[-17,-4],[-9,10],[-1,8],[-7,9],[2,12],[11,13],[7,2],[14,-4],[9,1],[8,-4],[2,-12],[11,-7]],[[12499,77054],[3,16],[10,0],[5,-12],[-5,-8],[-13,4]],[[13488,61083],[-10,20],[-3,23],[-18,-5],[4,13],[-14,6],[-10,1],[-11,15],[-1,19],[-8,7],[-6,-4],[5,-16],[-17,5],[-6,11],[-13,3],[-9,-2],[-10,-20],[-15,-9],[-9,7],[-15,-5],[5,-10],[-3,-23],[-4,-7],[-21,3],[-7,-4],[-15,0],[-19,-10],[-22,-5],[-8,7],[-22,7],[-7,5],[2,9],[-11,4],[4,16],[8,8],[13,6],[-2,10],[-14,-10],[-14,-3],[-14,-15],[-13,-28],[6,-16],[-21,1],[-14,10],[-17,-5],[-5,-11],[-16,9],[-7,-7],[-13,5],[-16,-4],[-7,9],[15,4],[-4,8],[-10,1],[-15,9],[1,12],[14,9],[-4,7],[-28,10],[-7,11],[0,11],[-16,-6],[-10,8],[-9,-14],[-18,4],[-18,18],[6,21],[-20,11],[0,6],[14,2],[6,10],[-23,0],[-7,7],[-8,-4],[-9,12],[1,8],[-12,21],[-11,10],[-7,35],[14,-4],[3,-11],[14,2],[-8,9],[11,13],[5,10],[-7,5],[2,10],[16,11],[13,0],[0,15],[14,10],[13,19],[-2,19],[-9,-7],[-27,13],[-17,19],[6,10],[-28,-7],[-9,5],[2,8],[-9,22],[5,13],[-6,5],[1,10],[-19,-11],[-10,5],[3,10],[-6,7],[16,19],[-9,2],[-12,12],[0,13],[-14,24],[-2,8],[4,13],[11,3],[9,27],[-17,-7],[-3,3],[-1,19],[-14,-2],[0,12],[-19,-9],[-9,6],[-1,11],[14,-2],[-7,21],[13,6],[3,10],[-17,-4],[13,15],[7,0],[1,13],[-6,2],[-11,24],[1,17],[6,4],[-1,24],[4,6],[-7,15],[9,11],[7,4],[3,11],[-5,8],[-17,5],[3,11],[7,-2],[13,20],[9,-9],[5,6],[19,-11],[-10,-25],[11,-4],[0,16],[8,11],[18,-6],[18,-10],[8,6],[-3,11],[-17,11],[-11,15],[-5,-5],[-14,10],[6,11],[1,14],[19,7],[8,12],[-3,10],[5,7],[-13,15],[4,8],[1,13],[-5,9],[10,14],[9,6],[14,1],[5,-5],[18,-32],[-2,-7],[24,-12],[16,-12],[-6,-4],[5,-10],[19,-9],[12,3],[7,-6],[6,6],[10,-6],[22,-6],[13,7],[15,4],[6,5],[9,-4],[6,-11],[-6,-18],[3,-15],[-1,-16],[-19,-21],[2,-19],[-3,-12],[13,-22],[0,-19],[8,2],[5,14],[-15,28],[2,21],[6,6],[14,23],[6,3],[11,-6],[25,4],[17,-10],[4,-13],[8,-3],[8,11],[27,-2],[12,-19],[18,-9],[1,-16],[11,-14],[-1,-7],[16,0],[17,-7],[3,-6],[10,-1],[17,7],[15,-10],[14,5],[12,-1],[20,-15],[8,2],[9,-12],[14,-4],[24,5],[27,-2],[12,1],[23,9],[-8,9],[14,10],[9,1],[4,-14],[6,-6],[1,-10],[-7,-24],[3,-4],[-2,-18],[12,-19],[7,-18],[-3,-28],[6,-5],[0,-22],[-24,-2],[4,-8],[19,-2],[8,-6],[3,-9],[18,-12],[-3,-11],[23,-3],[8,-4],[-5,-11],[-1,-16],[4,-11],[-8,-16],[-1,-31],[9,-6],[7,-11],[6,0],[7,-15],[9,-1],[6,-15],[13,-11],[21,0],[27,-7],[18,11],[21,0],[11,-2],[-11,-15],[-2,-6],[9,-13],[16,-13],[2,-13],[14,8],[21,2],[5,-4],[23,8],[-9,-15],[17,-36],[12,-12],[49,-21],[34,-8],[11,2],[24,-2],[11,5],[10,-1],[7,5],[8,-3],[29,6],[9,-1],[20,9],[4,-4],[16,-1],[6,9],[18,-8],[8,4],[16,-2],[25,-16],[14,-6],[9,-7],[1,-11],[19,-14],[12,-22],[2,-23],[-12,-4],[-21,7],[-9,-6],[-10,7],[-6,-11],[2,-11],[-8,-2],[1,-15],[-8,-17],[11,-21],[-12,-9],[-7,-24],[2,-11],[-15,0],[-17,-11],[1,-7],[-22,-11],[-2,-20],[-10,-32],[14,-4],[-4,-15],[-7,1],[-28,-22],[-28,-4],[-10,-6],[-8,-14],[0,-6],[-11,-16],[-13,-7],[-2,-5],[-31,3],[-3,16],[15,14],[1,11],[-12,3],[-7,7],[-10,3],[-8,-7],[-10,2],[-10,12],[-9,-3],[-3,8],[-12,-1],[-8,11],[-7,15],[-11,5],[-18,-5],[2,10],[-14,1],[-4,-6],[-12,-2],[-11,11],[-6,15],[-30,1],[-18,-12],[-8,-13],[-14,-5],[-9,9],[-7,-6],[-19,-2],[-9,4],[-17,-17],[-9,-4],[-7,8],[-12,4],[32,16],[-7,5],[-1,20],[-9,-13],[-9,-2],[-10,10],[-22,8],[-11,15],[-13,1],[-11,9],[-15,-8],[-4,5],[-21,-6],[-6,-8]],[[13222,61088],[16,6],[4,-2],[-5,-16],[-15,12]],[[13412,65127],[-4,-15],[-11,1],[-8,20],[18,14],[5,-20]],[[13359,65139],[5,-7],[-15,-17],[-4,20],[5,19],[9,0],[0,-15]],[[13429,63797],[13,2],[3,-14],[6,-7],[-10,-6],[-12,25]],[[13315,65128],[-5,-10],[-12,11],[1,9],[9,0],[7,-10]],[[50487,52145],[-6,-8],[-12,-6],[5,-13],[-3,-42],[22,-30],[-29,-10],[13,-42],[29,-63],[3,-19],[-2,-25],[5,-11],[-1,-8],[-14,-15],[14,-16],[8,-24],[-7,-19],[16,-24],[2,-16],[11,-2],[25,11],[10,-6],[26,15],[20,-19],[21,-34],[35,-25],[12,-5],[21,0],[10,-8],[11,0],[19,24],[34,-3],[15,7],[9,-2],[20,12],[2,-9],[21,-47],[11,-43],[9,-50],[-20,5],[-4,6],[-18,-10],[-6,14],[-12,10],[-24,1],[-15,7],[0,-19],[-7,-26],[-20,-9],[-8,-32],[-7,-9],[-18,-4],[-10,19],[-13,1],[11,-23],[-8,-22],[-29,2],[-7,-9],[-6,9],[-16,-11],[2,-19],[18,-23],[21,10],[4,-30],[-11,1],[-5,-8],[8,-20],[-3,-9],[-19,-5],[-18,-9],[-11,0],[2,-15],[15,8],[18,-7],[38,-6],[2,-45],[4,-14],[-2,-11],[10,1],[7,9],[9,-16],[13,4],[7,-7],[2,-19],[11,-28],[5,-3],[21,6],[7,0],[5,-10],[17,-2],[14,1],[-2,-31],[7,-1],[13,8],[7,-11],[9,-21],[27,8],[4,-2],[15,10],[3,15],[20,-13],[14,13],[7,-4],[7,-16],[14,-7],[17,23],[10,-13],[15,-13],[4,-22],[19,-18],[8,-44],[-6,-18],[12,2],[-5,-14],[10,-11],[8,-1],[23,13],[10,4],[5,9],[29,23],[8,11],[-9,12],[8,6],[-4,9],[7,9],[-3,16],[7,9],[4,26],[10,18],[-1,5],[18,11],[12,2],[7,6],[-1,14],[7,12],[16,-4],[-7,-11],[9,-8],[22,2],[12,-10],[33,-39],[9,-18],[17,-26],[12,-6],[26,-33],[6,-21],[28,-17],[1,-6],[13,-3],[14,-19],[17,-12],[7,-11],[-3,-17],[4,-3],[-5,-15],[0,-26],[8,-10],[-5,-13],[-6,-4],[-25,1],[-1,-19],[-10,-12],[22,-28],[-2,-8],[3,-14],[10,-8],[0,-14],[6,-8],[1,-18],[8,-28],[11,-9],[10,14],[11,-4],[11,-11],[3,21],[-3,20],[21,30],[2,18],[5,20],[8,5],[9,-14],[14,-8],[5,13],[14,-3],[27,14],[34,-13],[19,-15],[21,-12],[18,0],[8,-11],[35,-19],[37,2],[11,-1],[8,-39],[6,4],[17,-28],[14,-13],[8,-1],[11,5],[10,-2],[-5,-36],[-6,-24],[-6,-5],[-5,-14],[1,-20],[-6,-15],[5,-16],[17,-19],[-1,-22],[-8,-8],[7,-8],[16,-9],[11,-42],[8,-13],[13,-13],[0,-8],[11,-15],[4,-43],[4,-14],[8,2],[25,10],[12,-12],[17,4],[1,-9],[22,2],[10,-2],[-3,-14],[17,-7],[5,-8],[-2,-20],[11,-5],[17,-25],[6,-2],[24,9],[5,-15],[4,-22],[-7,-13],[-2,-13],[10,-10],[1,-18],[4,-9],[-7,-16],[-5,-21],[-6,-15],[15,-4],[-2,-12],[4,-24],[13,-16],[9,-15],[3,-24],[-4,-13],[5,-12],[10,-2],[14,-11],[-2,-9],[-8,-8],[-21,-10],[5,-12],[16,4],[19,0],[6,-14],[-4,-8],[-25,-13],[-2,-26],[8,-14],[9,3],[9,-11],[-3,-8],[11,-37],[9,-7],[5,-28],[-4,-21],[-9,-22],[-6,-10],[14,-9],[4,-20],[16,-18],[10,-6],[5,-19],[30,-14],[22,-27],[19,-11],[26,8],[22,10],[14,-5],[10,-14],[1,-11],[8,-1],[9,10],[12,-5],[9,-16],[1,-21],[6,-42],[-4,-23],[10,-8],[-6,-27],[-8,-19],[12,-8],[1,-15],[-7,-27],[2,-9],[9,0],[-2,15],[8,8],[13,-1],[6,-11],[-2,-14],[-11,-30],[-7,-10],[12,-21],[-1,-23],[15,-10],[-5,-13],[-16,0],[-4,-6],[11,-19],[0,-14],[-11,-9],[-15,4],[-10,-2],[-4,-9],[21,-54],[-8,-11],[-16,0],[-8,23],[-7,-2],[-1,-14],[12,-19],[-2,-14],[-6,-6],[-9,1],[-9,-13],[6,-17],[19,5],[5,-11],[-11,-14],[0,-11],[-7,-4],[-5,-16],[-9,-9],[-13,-2],[-6,-8],[9,-9],[3,-12],[-7,-13],[-25,-15],[-4,-10],[2,-26],[12,-26],[10,-14],[-1,-8],[10,-19],[0,-32],[-10,-17],[-1,-12],[7,-5],[9,-34],[-7,-25],[3,-6],[1,-18],[-5,-12],[-8,-3],[-1,-20],[12,-15],[0,-19],[5,-18],[6,-35],[6,-3],[5,-11],[2,-21],[10,-27],[0,-23],[8,-12],[9,-5],[4,-11],[12,-11],[16,-6],[-5,-9],[16,-33],[-8,-25],[19,-13],[6,-8],[-3,-20],[14,-15],[-1,-15],[8,-7],[4,-10],[-3,-12],[-6,-10],[16,-5],[17,-20],[20,-9],[21,4],[20,-11],[7,-22],[11,2],[11,-5],[8,-12],[-1,-7],[22,-1],[13,-15],[10,-3],[9,-11],[23,-10],[-1,-10],[13,-8],[-11,-24],[-8,-9],[5,-8],[-2,-17],[7,-24],[-7,-21],[11,-21],[4,-23],[-4,-6],[-17,-3],[-5,-6],[-7,-20],[7,-33],[13,-5],[-1,-9],[-14,-13],[-4,-18],[9,-4],[-4,-14],[-9,-13],[-15,-9],[2,-16],[-8,-11],[-6,-23],[-2,-33],[4,-23],[-3,-13],[1,-21],[15,-20],[8,-19],[18,-10],[6,-34],[9,-9],[28,-9],[-1,-8],[17,-12],[2,-16],[5,-14],[11,-18],[5,-21],[-11,-14],[-8,-21],[-2,-12],[5,-7],[-38,-5],[-17,-20],[-13,4],[-17,-10],[-15,-3],[-5,-12],[-24,-5],[-2,-11],[-11,-3],[-22,-2],[-12,18],[-16,-14],[-14,-5],[-18,-1],[-19,-7],[-24,-5],[-15,-14],[-11,-3],[-18,-10],[35,-67],[9,-23],[-19,2],[-22,-14],[-19,-2],[-33,-27],[-28,-21],[-3,-12],[13,-29],[0,-13],[-18,-23],[-22,-15],[-22,1],[-2,-27],[1,-14],[7,-14],[-10,-7],[-4,-9],[3,-17],[-14,-24],[-1,-10],[7,-9],[-3,-7],[6,-12],[4,-21],[11,1],[24,-5],[24,-12],[16,-4],[23,-10],[-26,-6],[-17,-20],[-9,-16],[-10,2],[1,-15],[-25,2],[-9,-2],[-7,-8],[-6,-18],[6,-21],[-11,-16],[-20,-2],[-14,4],[-13,-3],[-9,-13],[-5,7],[-14,-15],[-24,-11],[-6,-10],[3,-7],[-11,-20],[-27,-3],[2,-11],[-5,-9],[-8,0],[-6,-15],[-10,0],[-14,-5],[-3,-13],[3,-22],[-3,-13],[-8,1],[-19,-4],[-34,22],[-8,12],[-12,-1],[-3,-14],[-10,-25],[18,-25],[2,-42],[-6,-9],[-10,-26],[-8,-24],[-38,-42],[-17,-13],[4,-30],[-24,1],[-59,5],[-7,4],[-4,12],[9,26],[-7,12],[3,6],[-26,1],[-34,19],[-34,-12],[-2,-16],[4,-16],[-6,-7],[-10,1],[-10,-8],[-26,8],[-2,-12],[-25,4],[-8,-6],[-12,2],[-25,-6],[-29,3],[-5,-19],[1,-22],[9,-30],[-9,-18],[11,-8],[21,-19],[6,0],[9,-10],[0,-29],[2,-13],[-7,-17],[-7,3],[0,-29],[-14,-6],[-8,2],[-23,21],[-19,-11],[-16,8],[-10,-15],[4,-7],[-7,-10],[-1,-15],[-16,-16],[8,-11],[-5,-10],[2,-13],[-8,-11],[4,-10],[-7,-13],[-14,9],[-22,-4],[-13,-11],[-12,16],[-25,-2],[-14,-12],[-31,26],[-54,24],[-11,-9],[-9,-18],[-13,-16],[-8,5],[-12,-14],[-1,-9],[-15,-30],[-10,-3],[-25,-22],[0,-16],[8,-19],[21,-21],[9,-5],[36,-35],[10,-5],[9,-10],[15,-27],[15,-7],[5,-14],[-4,-11],[2,-11],[17,-9],[8,1],[16,-8],[8,-8],[3,-17],[-6,-8],[-3,-20],[-5,-6],[16,-9],[3,-11],[21,-19],[14,1],[29,-15],[17,-28],[-1,-8],[2,-18],[-7,-5],[-3,-12],[21,-12],[9,-3],[17,-18],[2,-11],[0,-22],[-3,-14],[3,-19],[4,-78],[4,-18],[-1,-11],[8,-30],[8,-9],[25,-18],[20,-41],[13,-25],[18,-11],[21,0],[3,25],[5,18],[22,0],[-3,-11],[12,-13],[20,-16],[33,1],[22,-5],[6,-5],[5,-24],[-2,-7],[15,-23],[1,-16],[8,-13],[14,-28],[8,12],[12,9],[15,4],[20,-2],[14,6],[12,-9],[8,-13],[-1,-19],[6,-11],[6,3],[21,-22],[-11,-10],[13,-29],[10,-1],[7,-38],[18,-6],[5,-9],[8,3],[2,-20],[5,-22],[10,0],[10,-11],[4,-14],[11,-19],[10,3],[13,-4],[9,-19],[-3,-11],[6,-11],[13,-6],[5,-6],[-2,-10],[4,-20],[11,-17],[0,-17],[30,-1],[7,-14],[20,-3],[0,-19],[-11,0],[-5,-20],[-15,-11],[4,-19],[5,-9],[-6,-14],[-2,-22],[9,0],[-1,-12],[-8,-8],[0,-7],[19,-17],[1,-8],[11,-8],[5,5],[13,4],[-4,-19],[7,-12],[-5,-18],[-7,-10],[-11,-24],[5,-20],[17,2],[11,-20],[2,-14],[-24,-5],[-11,-10],[-10,-28],[-10,-7],[-13,15],[-7,-1],[-1,-37],[-7,-16],[-21,-18],[-4,-18],[10,-28],[-2,-8],[10,-14],[-4,-8],[24,-14],[11,-2],[-10,-23],[6,-13],[36,-19],[19,24],[8,-5],[-12,-25],[5,-13],[-6,-11],[-16,1],[-6,-8],[-2,-19],[-17,-21],[-12,-31],[-9,-14],[11,-8],[12,-21],[-4,-15],[-17,-11],[-7,-9],[-16,7],[-12,-6],[-14,-2],[-34,2],[-18,-6],[-12,2],[-6,6],[-26,17],[-9,-5],[-1,-13],[-15,-17],[-7,6],[-14,43],[-13,2],[-9,-15],[-16,-11],[-7,-14],[-1,-16],[-6,-28],[4,-13],[-4,-12],[8,-18],[-9,-15],[-5,-2],[-11,-17],[5,-7],[-6,-34],[-6,-22],[2,-27],[4,-11],[0,-28],[6,-29],[-7,-12],[-5,-23],[-20,-10],[-7,-6],[-8,-22],[-13,-17],[-21,-4],[-15,-8],[-6,-9],[-16,-13],[-12,-30],[9,-13],[11,-4],[11,-11],[12,-26],[8,-11],[1,-24],[10,-8],[13,2],[4,-12],[-3,-8],[5,-18],[8,-9],[10,-3],[-7,-14],[-14,0],[-10,-8],[6,-12],[17,-2],[5,-10],[9,-6],[21,-30],[12,-4],[6,-16],[-7,-11],[20,-13],[36,-9],[12,-7],[4,-11],[1,-21],[-15,-24],[3,-18],[4,-7],[15,-9],[15,-19],[3,-8],[14,4],[10,-8],[5,-14],[-2,-11],[9,-6],[20,12],[17,-4],[2,-10],[12,-6],[21,4],[17,12],[13,-4],[7,-21],[-3,-9],[-9,-9],[-1,-9],[8,-15],[14,-15],[4,-24],[-7,-8],[-17,-7],[-4,-12],[1,-44],[10,-17],[21,-18],[-1,-19],[-18,-19],[-10,-8],[-18,-26],[-8,-22],[13,-3],[17,0],[26,-17],[6,-9],[-1,-13],[-9,-16],[-12,-8],[-17,-29],[-5,-5],[-18,-36],[-17,-58],[0,-7],[-10,-10],[3,-20],[8,-20],[1,-11],[32,-51],[3,-10],[-8,-17],[-12,-10],[-1,-21],[-8,-7],[-18,-54],[2,-22],[10,-43],[3,-25],[-2,-13],[-16,-17],[-11,-15],[1,-6],[10,-25],[1,-15],[-12,-21],[-17,-14],[-15,2],[-7,-6],[-4,-61],[3,-15],[25,-33],[1,-15],[-8,-8],[-17,6],[-24,-18],[-4,-14],[5,-24],[-5,-20],[-17,-21],[3,-17],[13,-3],[5,-9],[-18,-36],[-13,-34],[-1,-41],[9,-11],[-3,-10],[-20,-21],[-11,-16],[-2,-17],[11,-18],[17,-13],[10,-14],[16,-4],[15,3],[33,-19],[-7,-21],[10,-1],[16,10],[5,-20],[13,-9],[13,-14],[15,-7],[4,-8],[10,-5],[20,-22],[7,-5],[28,8],[-5,-13],[4,-11],[11,-9],[-7,-16],[-11,-5],[18,-9],[10,-14],[3,-11],[13,-5],[-1,-9],[6,-7],[-12,-21],[-10,-24],[-5,-7],[-5,-16],[2,-8],[-4,-18],[-14,7],[-5,13],[-19,2],[-18,-10],[-7,-6],[-14,-6],[-33,-43],[-9,-5],[-11,17],[-14,14],[-9,3],[-21,-4],[-8,-6],[-12,1],[-11,-10],[-13,-2],[-7,8],[-7,-8],[-23,-5],[-5,-10],[-19,-18],[-11,4],[-1,-18],[15,-19],[-17,-27],[-26,1],[-1,30],[-9,13],[-12,-1],[-13,-11],[-7,5],[3,28],[7,15],[10,-7],[8,10],[6,15],[-1,12],[-31,8],[-57,31],[-17,6],[-8,-1],[-15,-14],[-41,-6],[-18,1],[-13,-3],[-23,9],[-16,18],[-9,17],[-15,11],[-5,12],[-20,33],[-16,-3],[-33,12],[-6,5],[-10,27],[-25,6],[-14,-5],[-10,-7],[-10,-1],[-16,6],[-41,6],[-22,9],[-15,17],[-15,0],[-10,14],[-8,21],[3,21],[-7,20],[-14,11],[-14,6],[-8,8],[-10,15],[-11,8],[-14,3],[-21,9],[-15,9],[-21,4],[-25,-4],[-13,16],[-18,4],[-22,-5],[-20,-7],[-18,2],[-29,-1],[-9,-3],[-19,-14],[-11,-13],[3,-26],[11,-20],[5,-24],[25,-50],[6,-8],[21,-13],[28,-9],[4,-10],[1,-16],[-1,-22],[4,-21],[28,-29],[2,-17],[-9,-22],[-12,-18],[-16,-15],[-6,-14],[0,-10],[9,-34],[-1,-23],[2,-15],[13,-22],[7,-22],[0,-18],[-5,-13],[-12,-10],[-6,-15],[0,-16],[6,-35],[-1,-15],[-9,-18],[-11,0],[-14,13],[-12,1],[-8,-8],[-10,-26],[-8,-13],[-16,-13],[-5,-7],[-7,-21],[1,-6],[13,-23],[21,-18],[20,-23],[8,-21],[-1,-14],[-14,-13],[-8,-12],[-18,-39],[-8,-14],[-11,-8],[-22,2],[-10,-3],[-23,-14],[-21,-4],[-19,7],[-11,0],[-23,-9],[-26,-5],[-11,-6],[-47,-11],[-17,-8],[-16,-23],[-14,-33],[-13,-20],[-21,-23],[-10,-27],[0,-28],[-4,-9],[-14,-14],[-12,-18],[-7,-36],[-4,-12],[-10,-14],[-12,-9],[-12,-14],[-26,-58],[-16,-28],[-13,-3],[-30,4],[-32,10],[-20,10],[-14,12],[-18,3],[-11,-13],[-3,-20],[-10,-14],[-21,-6],[-13,-19],[-2,-14],[2,-33],[-6,-26],[-6,-40],[-6,-17],[-7,-12],[-12,-10],[-18,-6],[-41,-2],[-19,-7],[-14,-17],[-5,-19],[-10,-20],[-18,-22],[-1,-10],[10,-14],[5,-13],[3,-47],[7,-20],[-3,-15],[-11,-7],[-29,-9],[-29,5],[-11,-5],[-19,-14],[-9,-12],[-2,-26],[-21,-36],[-14,-13],[-33,-37],[-12,-11],[-22,-14],[-14,-17],[-32,-13],[-5,-14],[6,-18],[-1,-13],[-7,-7],[-18,-6],[-29,-12],[-16,8],[-9,15],[-13,-6],[12,-20],[32,-22],[5,-23],[-3,-11],[-13,-7],[-1,-14],[-6,-15],[0,-7],[-14,-37],[0,-7],[-8,-7],[-3,-19],[6,-21],[7,-11],[12,1],[9,-5],[23,-2],[1,-7],[14,-20],[-12,-11],[9,-14],[-6,-9],[-1,-17],[4,-12],[-2,-9],[5,-10],[5,-49],[13,-16],[0,-10],[-9,-17],[5,-10],[21,-4],[19,4],[3,-8],[15,-10],[13,-13],[13,-6],[1,-15],[7,-7],[3,-13],[10,11],[14,4],[-6,-17],[6,-4],[13,0],[-1,-8],[9,-11],[14,0],[21,-5],[31,4],[-1,-28],[8,-9],[-1,-13],[-6,-13],[-15,-1],[-7,-21],[-6,-10],[-17,-5],[-9,4],[-12,-10],[-22,1],[-14,-4],[-19,3],[-16,15],[-23,-10],[-4,-16],[11,-21],[11,-3],[2,-6],[-6,-10],[11,-21],[-3,-6],[3,-17],[-15,-41],[-7,-27],[-25,-16],[-3,-10],[-14,-14],[-7,-16],[-16,-7],[-15,-1],[-21,-31],[-7,9],[-17,-3],[-15,-9],[-5,15],[-28,5],[-30,0],[2,-15],[9,-7],[10,-20],[-5,-27],[0,-15],[-8,-4],[8,-21],[22,-22],[-5,-4],[0,-27],[11,-18],[25,-11],[8,-16],[-2,-23],[-11,-7],[-10,13],[-27,-11],[-17,-8],[8,-7],[0,-18],[-15,-10],[-1,-17],[4,-6],[12,-3],[3,-6],[-7,-9],[-15,-7],[8,-12],[-24,-11],[26,-32],[0,-41],[-13,-32],[-17,-18],[-2,-12],[-11,-11],[-4,-20],[2,-23],[6,-19],[-10,-7],[-12,3],[-21,-7],[-15,4],[-4,9],[2,12],[-8,17],[-9,2],[-14,-6],[-18,5],[-10,14],[-7,1],[-6,-15],[-15,0],[-7,-8],[-11,-5],[-11,-8],[-6,4],[3,15],[-12,8],[-14,-5],[-7,2],[-5,13],[-13,1],[-8,-17],[-6,-33],[-4,-5],[-33,6],[-17,-6],[2,-13],[-4,-16],[-8,-12],[-18,-3],[-11,-25],[-34,-20],[-1,-12],[4,-17],[-8,-10],[-11,0],[-6,7],[-11,20],[-14,-2],[-16,-24],[-6,-6],[-19,-5],[-13,-7],[-9,-13],[0,-21],[-12,-17],[-20,-3],[-8,-12],[-6,-19],[3,-6],[14,-4],[8,-10],[0,-8],[-10,-7],[-28,5],[11,-42],[13,-19],[4,-23],[11,-14],[24,-14],[-3,-14],[6,-8],[18,1],[5,-3],[6,-21],[11,-2],[-5,-12],[0,-14],[10,-1],[1,-13],[-7,-6],[-1,-20],[-4,-6],[11,-12],[0,-13],[11,-9],[0,-23],[9,-7],[-1,-26],[11,-13],[-1,-10],[11,-17],[9,-6],[13,2],[15,-7],[9,-26],[7,-13],[-4,-11],[11,-15],[23,-19],[4,-11],[17,-5],[6,-14],[10,5],[29,-13],[11,-12],[2,-13],[-13,-18],[2,-12],[8,-6],[7,-18],[-17,-19],[5,-11],[-5,-7],[-3,-15],[-13,0],[1,-18],[5,-10],[-13,-16],[0,-10],[-8,-2],[-9,-10],[-2,-31],[-14,-14],[-6,0],[-23,13],[-22,4],[-25,-2],[-3,-10],[-10,-9],[-21,14],[-10,2],[-40,-40],[-19,-10],[-16,-3],[-8,9],[-8,28],[-10,7],[-15,2],[-15,-4],[-5,15],[-20,-11],[-33,-6],[-4,-5],[-4,-18],[-14,-12],[-23,-7],[-23,-19],[-14,-5],[-15,7],[-10,0],[-30,-16],[-18,-2]],[[49003,37344],[-12,-8],[-7,-9],[-12,-1],[0,12],[7,15],[-6,5],[-10,-17],[-11,-4],[-14,0],[-8,16],[-21,16],[-13,18],[-7,22],[-9,7],[-14,-7],[-17,-12],[-47,5],[-20,-3],[-10,-16],[-15,2],[-12,-4],[-4,-14],[-4,-3],[-26,11],[-11,-1],[-7,-18],[-27,-3],[-19,1],[-10,-2],[-6,-11],[-9,1],[1,11],[-7,6],[-17,-5],[-26,-16],[-10,-3],[-10,2],[-21,-13],[-16,14],[-6,-1],[-13,-11],[-17,0],[-34,-24],[-12,-19],[-15,-8],[-21,-35],[-17,-14],[-22,-12],[-13,-19],[-11,-5],[-9,1],[-37,-13],[-11,-5],[-6,-27],[-6,-14],[-11,-6],[-7,-14],[-11,-12],[-7,-2],[-15,10],[-20,-4],[-27,-2],[0,19],[13,11],[3,11],[-9,19],[5,6],[-3,33],[0,40],[-10,36],[3,15],[-9,18],[-14,-3],[-25,17],[-5,19],[-9,1],[-16,18],[-13,1],[-12,-10],[-2,-9],[-8,0],[-14,-6],[-6,11],[-7,3],[-21,-6],[-1,12],[-19,10],[-8,-1],[-7,-8],[-23,1],[-11,-9],[-6,-22],[-11,-7],[-14,0],[-1,-14],[-15,-3],[-9,-9],[-2,-24],[7,-13],[-3,-6],[-16,-3],[-14,-20],[-23,-13],[-17,-1],[-2,-10],[-6,-4],[2,-10],[-15,-29],[2,-10],[12,-11],[-8,-9],[-25,-5],[-5,-6],[-15,9],[-36,-13],[-8,1],[-6,-10],[-15,-3],[-7,8],[-11,-6],[-1,-9],[-16,-18],[-12,-8],[2,-19],[-4,-7],[-15,3],[-21,-2],[-24,-16],[-20,0],[-3,-7],[-15,-17],[-14,-6],[-11,-2],[2,-36],[-4,-14],[-11,-11],[-9,10],[-35,-6],[5,24],[4,11],[0,30],[-8,8],[3,9],[-24,7],[-11,-2],[-4,-6],[-5,-33],[-2,-35],[-4,-46],[-12,-38],[-12,-18],[-19,-16],[-64,1],[-15,18],[-28,-21],[-20,-10],[-11,-25],[-12,-16],[-7,9],[2,10],[13,17],[-23,32],[-5,18],[-21,1],[-19,15],[-11,0],[-12,24],[-23,26],[-2,-12],[10,-37],[-9,-16],[-36,-19],[-6,-7],[-30,-44],[-11,21],[-12,12],[-12,28],[-11,16],[-7,25],[-29,10],[-15,14],[-12,4],[-30,4],[-12,0],[-10,8],[-11,-2],[-7,10],[15,16],[10,1],[12,8],[-4,6],[11,16],[6,34],[-33,10],[2,7],[-5,15],[-3,39],[3,27],[-16,17],[-7,-4],[-21,21],[-24,14],[-2,-7],[-14,9],[-11,-1],[-19,-11],[-8,16],[-1,16],[3,9],[-1,14],[-10,-3],[-28,22],[-13,11],[-11,5],[-29,-5],[-32,4],[-15,-8],[-11,-2],[-5,7],[-1,16],[-8,1],[1,15],[-13,17],[-3,30],[5,25],[-2,20],[-5,20],[-19,17],[-7,10],[1,14],[5,5],[-4,13],[-18,15],[-11,1],[-17,12],[-7,12],[-13,3],[-24,26],[-6,0],[-11,21],[0,12],[-10,10],[-1,16],[-8,24],[-25,3],[-27,13],[-24,-5],[-12,7],[-7,14],[-2,12],[8,7],[-9,12],[-21,-5],[-22,5],[12,25],[-3,11],[-38,13],[1,12],[-15,0],[-8,5],[-13,29],[-10,-1],[-1,23],[-7,8],[-5,15],[8,18],[-6,10],[-19,-13],[-4,5],[-1,32],[-10,11],[-13,-2],[-35,10],[-23,0],[-22,29],[-17,14],[-14,-2],[-17,2],[-6,-24],[-9,-7],[-8,6],[-3,14],[-16,-5],[-15,1],[-10,8],[-16,5],[-24,-8],[-9,-19],[-7,23],[-10,27],[-16,-4],[-15,6],[-11,-3],[-2,-9],[-10,-2],[-20,5],[-12,0],[-10,7],[-9,2],[-9,10],[-26,16],[-34,6],[-17,17],[-12,2],[-41,-12],[-3,-6],[-30,-30],[-9,-15],[-37,-28],[-4,-6],[-24,-20],[-16,-10],[-13,0],[-37,7],[0,8],[-9,15],[0,33],[-7,15],[-4,3],[-5,29],[4,21],[-8,38],[1,16],[-21,3],[-14,-4],[-10,-12],[-14,0],[-25,3],[-9,-13],[1,-8],[-11,-3],[-16,0],[-16,-32],[-26,11],[-15,3],[-10,-5],[-25,-1],[-9,-10],[-10,2],[-26,-15],[-7,-7],[-10,-18],[-16,-4],[-28,-23],[-10,-31],[-12,1],[-1,10],[-16,10],[-15,-7],[-2,-7],[-13,-2],[-8,-7],[-8,-30],[-15,-7],[-18,0],[-1,-15],[13,-21],[-4,-25],[-8,-12],[2,-10],[-9,-4],[-27,-5],[-36,-12],[-13,-21],[-17,-7],[-15,0],[-28,14],[-8,13],[-11,11],[-27,19],[-21,-12],[-16,-18],[-13,-10],[20,-13],[-70,-26],[-18,-15],[-26,-8],[-18,-2],[-20,-9],[-22,2],[-28,-11],[-37,-7],[2,-15],[8,-14],[7,-22],[12,-25],[4,-41],[11,-17],[-9,-3],[-6,-21],[-14,-18],[5,-15],[-2,-14],[9,-5],[10,-12],[8,-2],[12,-12],[2,-11],[-2,-20],[-21,-29],[1,-14],[-6,-10],[2,-13],[-10,-6],[1,-13],[12,-9],[10,-18],[34,-11],[5,-12],[-6,-25],[-6,-12],[-8,-10],[-12,-6],[-2,-11],[4,-7],[10,2],[6,-13],[-5,-32],[20,-4],[4,-21],[12,-20],[10,-6],[3,-18],[10,-23],[11,-13],[10,-4],[17,4],[9,-15],[6,-29],[7,-9],[-6,-23],[-14,-3],[-2,-12],[27,-18],[-1,-16],[4,-14],[-15,-11],[6,-13],[1,-17],[18,2],[8,-10],[-10,-6],[-3,-8],[1,-13],[-6,-10],[17,-1],[13,-32],[-6,-6],[5,-8],[5,-35],[-13,1],[-38,14],[-7,10],[-10,6],[-25,1],[-9,-4],[-4,11],[-14,0],[-14,-16],[-1,-20],[-9,-8],[-14,3],[-7,-2],[-9,-12],[-23,-12],[-2,-19],[-8,-19],[-9,-7],[18,-3],[20,6],[11,-21],[7,0],[16,-10],[-11,-23],[-1,-18],[-12,-17],[3,-8],[14,-12],[2,-16],[9,-11],[11,-9],[11,-1],[8,-13],[12,-12],[23,-19],[29,-13],[7,0],[5,7],[15,-13],[1,-22],[13,-35],[6,-27],[-3,-20],[-7,-21],[-14,-22],[-27,-19],[-24,-10],[-22,-4],[-2,5],[-26,5],[-16,-5],[-19,-11],[-30,9],[-23,10],[-3,-5],[6,-10],[1,-12],[4,-4],[-6,-34],[-10,-11],[-5,0],[-27,-16],[-5,-9],[7,-8],[0,-13],[-7,-26],[5,-12],[-14,-25],[1,-21],[-7,-23],[-13,-4],[-14,-9],[-21,7],[-20,-5],[-36,19],[-16,-23],[8,-14],[-61,-58],[-24,17],[-4,10],[-1,26],[-13,4],[-6,-9],[-20,-9],[-9,2],[-7,-17],[-11,-11],[-2,-11],[-9,-10],[-4,-10],[2,-14],[-8,-42],[5,-22],[1,-15],[-3,-14],[0,-27],[-3,-17],[7,-6],[9,-35],[9,-16],[15,-37],[0,-10],[-17,-7],[5,-29],[-30,-4],[-17,-6],[-22,-17],[-21,-7],[-38,-7],[-30,-12],[-13,-9],[-20,8],[-38,7],[-34,-11],[-15,-9],[-18,-17],[-9,-4],[-41,-9],[-12,-5],[-25,-17],[-43,-22],[-22,-18],[-2,-14],[-31,-47],[0,-4],[28,-9],[20,0],[16,3],[8,-10],[-3,-18],[8,-16],[-5,-9],[-13,-8],[-13,-6],[-15,-21],[-11,-29],[0,-11],[14,-26],[12,-4],[36,-19],[10,-2],[9,-11],[15,-9],[18,-29],[8,-9],[-5,-11],[17,-3],[31,3],[15,0],[-4,-22],[-5,-18],[-2,-17],[-7,-10],[0,-34],[-10,-20],[-12,-39],[2,-36],[3,-18],[-6,-1],[-1,-13],[-6,-24],[-12,7],[-23,8],[-38,17],[-15,8],[-18,1],[3,-14],[-19,-17],[1,-11],[-8,-27],[-10,-17],[21,-16],[12,-7],[-9,-33],[-1,-24],[-4,-11],[2,-11],[-15,-11],[-19,-24],[-11,-3],[-8,-10],[-9,-5],[2,-11],[-7,-13],[0,-15],[-8,-14],[2,-8],[-31,0],[-12,8],[-9,0],[-38,35],[0,11],[6,11],[-4,7],[-16,10],[-16,-6],[-11,-28],[-2,-36],[-8,-10],[-3,-9],[-12,-13],[-5,-21],[-26,-7],[-10,-15],[-27,10],[-19,-10],[-8,-7],[-12,0],[-8,-4],[-31,-39],[6,-37],[2,-26],[-4,-20],[-20,-15],[4,-11],[-14,-3],[-5,-8],[-22,0],[-17,-14],[-21,8],[-7,-15],[-20,-16],[-3,-22],[-5,-7],[-2,-16],[-13,-2],[-10,-6],[-26,-9],[-17,4],[-23,-1],[-3,3],[-28,6],[-23,-5],[-37,-27],[-8,20],[3,13],[-14,-4],[-9,-10],[-29,-4],[-17,9],[-20,-1],[-20,4],[-20,-7],[-12,-8],[-30,-16],[-20,1],[-21,-22],[-16,-23],[0,-12],[-17,-16],[-20,-11],[-34,-10],[-19,-4],[-12,-4],[-14,-1],[2,-49],[-1,-5],[5,-21],[5,-1],[7,-20],[-2,-14],[5,-14],[-4,-12],[5,-18],[-3,-13],[-21,-9],[2,-11],[9,2],[7,-7],[-8,-11],[14,-25],[1,-9],[12,-20],[-3,-20],[9,-8],[-6,-12],[10,-3],[3,-15],[-9,-36],[-13,-32],[-16,-5],[-20,-22],[-18,-24],[-3,-8],[-24,-20],[-14,-21],[-12,-14],[-13,-18],[-1,-8],[-11,-11],[-40,-22],[-18,-19],[-13,-32],[-6,-9],[-20,-12],[-41,-20],[-32,-47],[-27,-34],[-10,-17],[-20,-27],[-22,-26],[-6,-18],[11,-4],[18,4],[11,-21],[20,-22],[-2,-24],[9,-32],[-31,-10],[8,-17],[1,-8],[9,-8],[4,-14],[9,-11],[-2,-26],[-15,3],[-29,1],[-14,-5],[-30,-4],[-9,-6],[-7,1],[-28,19],[-10,-1],[-27,23],[-11,-15],[-4,18],[-7,18],[-6,-4],[-4,-17],[1,-29],[-9,-13],[-5,-29],[-14,-18],[-11,-3],[-12,-8],[-17,-5],[-33,-5],[-17,6],[-34,-14],[-26,-15],[-16,6],[-6,-8],[-9,-32],[-17,-19],[-16,0],[-25,-13],[-33,-35],[11,-27],[-5,-6],[-18,-2],[-12,-11],[-8,-3],[-9,-14],[-12,-5],[-15,-19],[-13,-31],[-15,-20],[-2,-8],[-14,-14],[-10,32],[-8,19],[2,9],[-5,17],[1,19],[-8,13],[-31,10],[-18,-2],[-21,5],[-23,13],[-4,4],[-33,-12],[-16,-8],[-15,-13],[-18,-10],[-9,-13],[6,-18],[22,-8],[18,-16],[7,-22],[-9,-56],[19,-23],[4,-11],[9,-15],[20,-12],[22,6],[6,-4],[7,-15],[1,-17],[8,-14],[11,-25],[14,-7],[1,-25],[7,-11],[-4,-13],[4,-17],[10,-3],[17,-21],[8,-13],[9,-7],[18,-22],[3,-12],[3,-58],[-8,-15],[-21,-15],[-7,-11],[18,-17],[9,-4],[15,-17],[-5,-12],[0,-17],[-31,5],[-5,-12],[17,-11],[-18,-44],[-18,-31],[32,-21],[64,-26],[-10,-24],[16,0],[-2,-9],[-7,-4],[-6,-13],[12,-18],[16,-19],[-10,-15],[-10,-31],[13,-28],[-20,-21],[-4,-14],[2,-12],[10,-18],[6,-20],[-12,-17],[-5,-12],[-2,-27],[-2,-9],[6,-8],[9,-2],[7,-13],[7,-5],[15,-2],[12,-9],[23,-1],[-4,-14],[-15,-33],[-4,-16],[-7,-9],[28,-11],[7,-10],[25,5],[5,7],[18,5],[12,12],[6,-5],[16,-2],[4,-14],[5,-7],[5,-19],[11,-12],[12,5],[7,16],[14,7],[6,-28],[2,-19],[17,4],[0,-34],[7,-27],[12,-17],[2,-9],[0,-38],[8,-6],[-3,-18],[-10,-9],[1,-12],[7,-17],[-1,-17],[-8,-27],[4,-6],[2,-17],[6,-8],[-17,-16],[-5,-18],[-17,-3],[-2,-26],[-6,-15],[-17,-13],[-8,-14],[9,-2],[32,-19],[22,12],[0,-21],[7,-19],[2,-11],[11,-26],[-1,-16],[10,-18],[0,-23],[-16,-11],[-16,-4],[4,-25],[1,-26],[-8,-7],[-1,-21],[2,-7],[-2,-15],[13,-5],[5,-7],[-22,0],[-29,-11],[-12,1],[-8,-6],[-11,-13],[-17,-4],[-18,5],[-18,0],[-13,8],[-12,3],[-46,2],[-22,2],[-11,-8],[-16,0],[-27,4],[-8,-6],[-10,5],[-13,0],[-11,11],[-12,4],[-13,-3],[-8,2],[-26,1],[-19,14],[-15,15],[-26,11],[-12,-10],[-4,-12],[-19,-32],[-9,-9],[-29,-16],[-10,-13],[-15,-15],[-17,-2],[-3,-8],[-12,-10],[-13,8],[0,26],[2,9],[-11,4],[-10,-2],[-5,10],[-11,-13],[-13,12],[-23,-12],[-3,7],[-19,-15],[-21,-10],[-13,17],[-16,-14],[-21,24],[-5,-7],[1,-11],[-13,2],[11,-17],[3,-9],[-12,0],[-4,-11],[-12,9],[-6,-3],[5,-12],[-8,-7],[4,-8],[-22,-8],[-7,-5],[24,-31],[2,-19],[-7,-18],[-17,-21],[-7,8],[-6,30],[-3,25],[0,20],[-4,21],[-2,36],[1,8],[-2,19],[-7,18],[0,33],[-4,28],[-4,13],[-14,20],[-6,12],[-25,14],[-22,9],[-8,7],[-26,46],[-3,23],[-9,18],[-9,2],[-18,-2],[-35,-14],[-27,-6],[-17,-7],[1,-10],[-15,1],[-21,5],[-9,0],[-11,5],[-8,-29],[2,-16],[-2,-7],[0,-31],[-6,-3],[-18,-24],[-13,-28],[-18,-23],[-3,-8],[7,-7],[4,-16],[9,-16],[16,-11],[11,-28],[-3,-17],[1,-16],[3,-10],[-10,-5],[-10,3],[3,-18],[13,-35],[13,-9],[4,-11],[-10,-42],[-16,-29],[-23,-6],[0,-9],[-10,-20],[1,-15],[5,-11],[11,-9],[-38,-1],[-12,-6],[1,-12],[-6,-11],[11,-9],[-28,-13],[-20,-27],[-20,-10],[6,-7],[8,-30],[0,-14],[-3,-17],[-9,-8],[3,-8],[-18,-9],[4,-22],[-13,-12],[-5,-15],[20,7],[3,-20],[40,0],[19,-5],[13,1],[12,-6],[13,-21],[6,-23],[10,-17],[4,-18],[14,-18],[18,-12],[8,4],[7,18],[9,2],[18,8],[18,-10],[14,2],[40,16],[22,6],[14,8],[6,-10],[11,-10],[5,-13],[2,-25],[9,-20],[11,-14],[6,-15],[-2,-17],[5,-17],[12,-5],[3,-17],[16,1],[30,-6],[9,-11],[15,-32],[6,6],[20,-2],[3,-12],[11,-6],[-2,-6],[5,-18],[12,-1],[-2,-9],[-15,-15],[1,-8],[19,11],[16,-3],[17,11],[6,-16],[-4,-12],[-8,-12],[0,-8],[-17,-25],[2,-16],[-9,-8],[-6,-12],[-11,-1],[-2,-11],[-18,-15],[-20,17],[-30,9],[-34,14],[-2,-11],[4,-13],[-5,-28],[12,-3],[13,-32],[5,-2],[11,-16],[-2,-16],[-7,-10],[-2,-25],[7,-18],[-1,-18],[-5,-5],[-12,3],[-24,-2],[-12,-11],[-3,-10],[-15,-28],[-11,-25],[-5,-6],[-7,-22],[11,-3],[20,-17],[4,-13],[17,-8],[17,10],[10,-3],[-16,-24],[0,-9],[8,-14],[-18,-11],[-17,-41],[-2,-12],[-9,-25],[-4,-20],[-6,-12],[-3,-22],[-12,-7],[-5,-7],[-1,-10],[-17,-42],[-5,-6],[-4,-22],[2,-5],[-10,-13],[-24,-23],[-2,-22],[-22,-26],[-8,-22],[18,-16],[-3,-29],[-5,-17],[-13,-3],[-49,12],[-27,-5],[-12,5],[-21,-9],[-9,2],[-15,9],[-19,1],[-29,11],[-13,7],[-7,-7],[-59,9],[-5,-1],[-24,2],[-15,-6],[5,-18],[-25,-16],[-7,-24],[-9,-12],[-7,-29],[0,-40],[-6,-29],[5,-10],[-2,-7],[16,-4],[39,-8],[29,-2],[0,-27],[9,0],[32,-33],[7,3],[16,15],[12,16],[15,17],[30,29],[12,-17],[-2,-6],[15,-13],[16,0],[10,-23],[-4,-26],[-7,-26],[-7,-13],[-13,-11],[-8,-18],[3,-14],[16,-20],[1,-9],[16,-28],[0,-13],[-9,-9],[-3,-43],[9,-5],[4,-14],[6,4],[21,-21],[-3,-5],[6,-24],[-4,-7],[1,-24],[-13,-6],[-13,8],[-25,8],[-19,15],[-5,20],[-18,-29],[-5,-15],[-12,-15],[32,-33],[-1,-9],[-17,-3],[-7,-25],[-10,-9],[-9,9],[-11,-2],[-9,-11],[-21,1],[-8,-5],[-2,-17],[-11,-1],[-6,6],[-14,-2],[-27,15],[-17,-1],[0,19],[-5,6],[-33,9],[-7,-2],[-11,5],[-16,13],[-32,14],[-15,2],[-16,14],[-37,14],[-17,14],[-7,8],[-29,19],[-4,6],[-12,3],[-20,17],[-33,1],[-37,3],[-13,8],[-16,2],[-11,-8],[-3,-7],[-15,-8],[-11,10],[-10,15],[-17,2],[-24,-8],[-21,-4],[-3,-16],[14,-13],[11,-21],[24,-62],[16,-31],[-16,-18],[1,-15],[5,-17],[-4,-41],[-17,-30],[17,-25],[9,-19],[14,-12],[-1,-26],[-10,3],[-17,16],[-30,10],[-10,6],[-14,-18],[-13,0],[-17,3],[-13,13],[-13,-7],[-6,14],[-21,18],[-7,-17],[-9,-3],[-1,-14],[-14,-4],[-9,-8],[-3,-14],[-12,14],[-9,-18],[-8,0],[0,-16],[-11,-5],[-20,2],[-8,-8],[-15,-5],[-7,-13],[-6,-17],[-6,-6],[-4,-14],[6,-17],[0,-11],[-8,-7],[-16,-3],[-14,-15],[-3,-7],[5,-8],[0,-19],[-5,-22],[1,-28],[7,-17],[-16,-9],[-9,-10],[-7,-22],[0,-15],[-16,-14],[0,-8],[-12,-11],[-10,-28],[5,-26],[-9,-25],[14,-32],[-2,-9],[16,-7],[-2,-16],[-11,-5],[-3,-25],[-4,-5],[-13,3],[-13,9],[-15,3],[-31,-7],[-17,-16],[-18,-6],[-17,-13],[-27,-10],[-25,8],[-12,-1],[-24,4],[-4,-15],[-26,-17],[-18,-18],[-14,-36],[-5,-30],[-10,-24],[-8,-5],[-11,20],[-14,1],[-27,-4],[-12,3],[-9,-24],[-14,-17],[-7,-26],[-10,-20],[-5,-19],[-2,-28],[6,-12],[-3,-27],[-13,-20],[-10,-6],[-14,-2],[-19,2],[-32,-18],[-21,-10],[-13,3],[-10,14],[-14,26],[-4,14],[-7,4],[-12,18],[-16,13],[11,6],[11,33],[-15,4],[4,30],[7,16],[-6,9],[-14,8],[-14,12],[-15,-1],[-25,-8],[-14,15],[-1,5],[-20,18],[-8,11],[8,12],[-16,3],[-32,-4],[-7,22],[-1,30],[4,12],[-5,4],[-13,35],[-23,30],[-17,13],[-16,21],[-35,15],[0,10],[-16,4],[-13,8],[-25,-2],[-3,8],[6,11],[-18,12],[1,6],[-41,20],[15,32],[-29,4],[-35,17],[-4,-6],[7,-12],[-10,-14],[-39,0],[-1,-13],[-13,8],[-22,2],[-28,-7],[18,-29],[-15,-8],[-8,-10],[-8,-19],[-9,-4],[-2,-29],[-10,-13],[-14,7],[3,-23],[-4,-10],[-15,-25],[-11,-9],[-27,-5],[-15,-5],[-8,-9],[-13,-26],[-30,12],[-29,2],[-16,4],[-22,-9],[-14,-19],[-4,-9],[-20,18],[-21,29],[-13,2],[-28,-10],[-21,2],[-22,7],[-8,13],[-15,13],[-9,16],[-18,15],[-8,3],[-11,-22],[-10,-14],[-17,-38],[-1,-43],[-9,-13],[-7,9],[3,15],[-6,10],[-5,33],[-19,-2],[-17,4],[-21,-1],[-36,-11],[-10,7],[-11,23],[-3,-7],[3,-35],[0,-14],[-11,-11],[-16,6],[-40,18],[-21,2],[-13,0],[-34,-7],[-39,7],[-13,-30],[-8,3],[-12,-15],[2,-6],[-14,-27],[-15,-11],[-8,-21],[2,-13],[-21,-23],[-16,-23],[-5,-17],[-2,-25],[-10,-14],[1,-10],[8,-19],[-8,-21],[-10,3],[-35,4],[-19,0],[-15,-11],[-26,-16],[-16,-6],[-10,10],[-12,4],[-11,12],[-21,6],[-17,-21],[-7,-34],[-6,-18],[-8,-15],[-10,7],[-22,4],[-28,10],[-9,-2],[-27,-2],[0,-25],[-18,1],[-8,-8],[-15,6],[4,-18],[-3,-13],[-16,-25],[-12,-26],[-17,-30],[-11,-16],[-11,-9],[-44,12],[-7,5],[-17,0],[-19,14],[-7,8],[-10,33],[-7,15],[-15,7],[-20,3],[-11,11],[-12,-11],[-11,1],[-11,-3],[-1,-10],[6,-18],[-27,8],[-29,-10],[-9,0],[-48,-16],[-17,-8],[-53,-34],[-33,9],[-11,1],[-30,19],[-5,-2],[-11,-13],[7,-4],[1,-15],[-3,-13],[12,-10],[-3,-8],[8,-16],[9,-12],[10,-24],[-7,-3],[1,-13],[-7,-22],[-9,-1],[-24,11],[0,-22],[-14,4],[-13,-6],[4,13],[-16,2],[-20,-14],[-11,-27],[-7,1],[-9,12],[-28,14],[-12,-1],[-20,6],[-33,19],[-20,16],[-26,12],[-5,-4],[-15,5],[-21,-4],[-16,19],[-6,13],[-2,14],[-8,14],[-9,-15],[-4,7],[-29,9],[-17,10],[-13,10],[-6,13],[-14,5],[-7,-16],[-3,-21],[-6,-15],[-12,2],[-23,11],[-14,15],[-19,15],[0,-13],[-23,10],[-2,7],[-18,7],[-29,9],[-15,10],[-6,12],[15,16],[-3,10],[8,13],[13,11],[-2,11],[6,4],[-5,26],[-5,7],[5,8],[-10,9],[-18,1],[-14,-20],[-22,-16],[-24,6],[-26,18],[-19,16],[-5,1],[-7,-18],[-10,-17],[-18,4],[-22,11],[-1,-12],[-10,-16],[1,-15],[-4,-9],[7,-6],[-1,-12],[-8,-17],[-17,13],[-8,12],[-14,9],[-19,-23],[-28,9],[-10,-3],[-12,-16],[-13,-31],[-14,-12],[-2,-10],[-18,-64],[-1,-9],[-16,3],[-16,9],[-4,-2],[-9,-19],[1,-7],[-23,-7],[-27,-12],[0,-4],[-14,-13],[6,-24],[5,-86],[-3,-26],[1,-11],[-9,-25],[-2,-15],[-7,-13],[-14,0],[1,-15],[-16,-3],[-16,-15],[-21,2],[-21,10],[-13,0],[-12,5],[-10,0],[-14,12],[-33,-8],[-3,22],[8,59],[5,16],[1,25],[5,17],[4,49],[3,16],[-13,12],[-5,15],[-8,10],[-16,8],[-15,16],[-10,6],[-25,0],[-8,12],[-5,-11],[1,-11],[11,-14],[-10,-23],[-18,-1],[-9,-4],[-12,1],[-8,-5],[-3,-28],[-12,-5],[-1,-7],[11,-14],[-13,-25],[-9,3],[-11,-3],[-47,-27],[-13,-9],[-11,2],[-12,-2],[-25,11],[-7,-2],[-18,6],[-19,-7],[-24,4],[-10,-9],[-12,-2],[-8,-17],[-18,-9],[-8,-8],[-16,-1],[-13,19],[-13,-7],[-6,-15],[18,-14],[-4,-9],[-13,0],[-21,-19],[-2,-8],[-15,-14],[0,-8],[-8,-5],[3,-12],[-6,-14],[4,-19],[17,-17],[-4,-17],[-10,2],[-5,-9],[-11,4],[-4,-9],[-11,10],[-9,-2],[0,-26],[-12,-13],[-6,9],[-17,-9],[-5,-15],[3,-16],[-4,-8],[8,-9],[-4,-8],[8,-11],[-11,-3],[13,-25],[-3,-15],[10,-3],[18,-13],[-1,-13],[7,-13],[9,-7],[2,-23],[-5,-12],[6,-19],[8,1],[2,-8],[9,0],[17,-9],[0,-30],[6,-3],[-1,-11],[6,-4],[7,-25],[-4,-5],[5,-22],[5,-12],[-1,-9],[2,-56],[-2,-8],[10,-14],[-4,-7],[9,-15],[12,-11],[2,-12],[-9,-5],[-19,-3],[2,-17],[-5,-11],[1,-19],[-14,-1],[2,-14],[-3,-12],[-2,-31],[-12,-8],[-19,0],[-8,-3],[-22,-20],[-11,-23],[-3,-22],[-20,8],[-42,26],[-11,5],[-25,25],[-17,10],[-23,-8],[-11,-10],[-14,-24],[-25,6],[-39,56],[-4,10],[-13,16],[-10,2],[-12,11],[-15,6],[3,14],[-20,14],[-16,9],[-16,2],[-21,20],[-19,4],[-12,17],[-21,19],[-12,18],[-18,12],[-6,6],[-16,0],[-20,-5],[-12,1],[-15,10],[-18,24],[-5,2],[0,16],[-12,9],[-5,-1],[-19,9],[7,5],[18,-4],[8,6],[16,24],[9,12],[33,9],[5,26],[4,9],[11,11],[11,3],[20,-3],[1,5],[23,25],[21,10],[13,2],[3,6],[1,22],[5,17],[1,19],[-2,42],[-9,22],[1,9],[-17,22],[-12,11],[-15,5],[-30,23],[-92,84],[-19,21],[-98,109],[-10,-53],[-20,-93],[-11,-25],[-11,-12],[2,-12],[-4,-20],[-12,-9],[-6,-10],[-16,2],[-14,5],[-50,-2],[-6,-4],[-10,-18],[-12,-10],[-7,-26],[-31,-34],[-8,-19],[-2,-21],[-4,-21],[0,-15],[-12,0],[-5,4],[-15,-5],[-4,-8],[-11,5],[-19,-9],[-4,-11],[-12,5],[-11,10],[-3,11],[-8,7],[-13,21],[-10,13],[-14,0],[-9,-8],[-8,0],[-6,-14],[5,-9],[-13,-12],[1,-9],[-8,-3],[-8,-13],[4,-9],[-5,-14],[-1,-23],[-7,-18],[-1,-14],[13,-10],[14,-1],[9,-6],[2,-15],[-16,-28],[-16,-3],[-16,-6],[-11,-12],[-13,8],[-22,8],[-10,8],[5,11],[-3,9],[7,13],[-16,3],[-8,13],[-16,15],[-15,7],[-6,18],[-11,14],[-8,4],[-8,17],[-19,12],[-10,18],[-8,-7],[-9,-15],[2,-11],[-12,-12],[-21,-8],[-18,-15],[-5,-17],[-6,0],[-14,12],[-17,7],[-12,2],[-7,5],[-14,1],[-6,7],[-27,0],[-10,6],[-8,-2],[2,-38],[-3,-4],[-4,-34],[-25,-6],[-10,-6],[-12,1],[9,-30],[-3,-8],[-9,4],[-21,-6],[-11,6],[-13,17],[-20,11],[-8,9],[-4,15],[-25,35],[-20,5],[-8,-6],[-3,-16],[3,-8],[-3,-36],[-19,-14],[-29,-11],[-15,-3],[-18,-14],[6,-25],[-15,-9],[-16,-17],[-12,-23],[-9,-26],[0,-17],[-18,-6],[-14,-19],[-13,-3],[-20,-1],[-14,-7],[-25,-24],[-12,-16],[-10,-6],[-8,6],[-12,22],[-4,21],[2,9],[-13,6],[-6,12],[-11,-13],[-2,-10],[-22,-7],[2,-18],[-7,-18],[-9,-2],[-2,-20],[-6,-14],[9,-5],[1,-9],[-18,-4],[2,-20],[-1,-17],[-16,1],[-2,10],[-8,-1],[2,-12],[-14,-3],[-9,-9],[7,-5],[17,-3],[14,-15],[-27,-7],[0,-10],[23,-17],[8,-13],[25,-5],[35,-4],[8,20],[10,6],[0,12],[12,-4],[-2,-9],[14,-8],[1,-12],[12,-5],[11,-11],[7,-1],[0,-13],[18,-4],[4,-5],[-1,-16],[3,-4],[15,5],[17,-5],[9,5],[8,-9],[5,3],[0,14],[15,-8],[-2,-12],[23,-2],[4,-12],[10,0],[3,-16],[7,-2],[6,11],[6,-2],[0,-12],[14,-1],[-12,-21],[6,-11],[-6,-8],[4,-14],[8,-6],[-2,-10],[3,-11],[11,-4],[0,-28],[9,2],[7,-8],[4,-21],[-4,-8],[0,-18],[6,-14],[-10,-11],[-16,8],[-6,38],[-13,41],[-23,3],[-3,12],[-8,-9],[-9,-19],[-1,-17],[3,-6],[12,-2],[4,-14],[-9,-7],[-4,-16],[-12,-10],[-15,-8],[-9,-8],[-13,-4],[-16,-19],[-11,-8],[3,-9],[11,-14],[-3,-7],[22,-20],[21,-17],[7,-23],[9,-22],[6,-8],[9,1],[10,-16],[4,-30],[11,-39],[7,-10],[6,-24],[17,-20],[-9,-18],[-10,-3],[-31,2],[-13,3],[-4,-8],[-2,-14],[6,-11],[0,-13],[3,-26],[-2,-10],[5,-18],[6,-18],[12,-12],[13,-4],[-10,-16],[5,-39],[7,-21],[-14,0],[-6,-8],[0,-13],[-42,-17],[-10,22],[-42,5],[-28,-1],[-3,15],[-7,13],[-12,7],[-10,-27],[-19,-2],[-7,-4],[-23,-3],[-13,2],[-5,-7],[5,-17],[-1,-21],[13,-12],[3,-23],[5,-9],[15,-6],[26,-17],[-7,-10],[-11,-26],[-4,-21],[-9,-28],[-6,-11],[10,-20],[24,-17],[22,-24],[0,-26],[14,-16],[-3,-27],[-11,-11],[-19,-38],[7,-5],[-3,-11],[12,-6],[15,-2],[8,-11],[4,-46],[5,-22],[23,-12],[4,-11],[-6,-31],[-18,2],[-19,-1],[-7,-6],[-22,-12],[-8,-8],[-4,-19],[2,-16],[9,-8],[21,4],[31,0],[26,-2],[15,-10],[18,-1],[24,-12],[14,-24],[1,-31],[-5,-20],[9,-13],[3,-16],[-2,-7],[-22,-10],[-23,-18],[-9,-11],[-1,-20],[1,-9],[-8,-12],[-12,-4],[0,-6],[-27,-25],[-17,-18],[-11,-1],[-13,-9],[-4,-12],[-9,0],[-27,-19],[-13,-12],[-7,-1],[-19,-13],[-21,-27],[-22,-4],[-8,1],[-12,-6],[-24,-17],[-23,5],[-10,-20],[-11,2],[-30,-29],[18,-10],[-2,-7],[19,-14],[0,-20],[6,0],[8,-11],[-14,-28],[15,-6],[16,-11],[-1,-8],[6,-14],[9,-14],[1,-9],[-22,-18],[-6,-4],[-6,-20],[-8,-16],[-15,18],[-10,-25],[1,-8],[-5,-8],[-14,-11],[-39,-10],[-2,-22],[6,-9],[3,-22],[-6,-10],[3,-15],[-6,-1],[-2,-12],[-5,-6],[37,-15],[32,-5],[17,-4],[31,0],[9,-2],[0,-13],[-13,-17],[-20,-31],[10,-12],[-8,-9],[-1,-18],[5,-3],[1,-14],[-12,-14],[7,-9],[9,4],[3,-28],[-6,-6],[-27,8],[-19,-9],[-17,-13],[-26,-6],[-8,7],[-21,3],[-15,-5],[-10,-17],[14,-11],[7,-13],[-14,-26],[0,-10],[-4,-11],[-1,-30],[7,-46],[-4,-12],[-66,31],[-34,27],[-9,9],[-17,5],[-1,-17],[9,-13],[-6,-14],[4,-9],[-3,-10],[6,-6],[-6,-20],[2,-21],[-1,-5],[14,-29],[-8,-11],[-4,-19],[2,-5],[-4,-16],[7,-6],[-4,-12],[9,-40],[14,-24],[16,0],[39,6],[19,-4],[22,5],[18,-2],[16,-9],[27,-3],[23,1],[27,5],[-2,-37],[3,-10],[-7,-14],[4,-4],[0,-17],[-3,-23],[-4,-1],[-8,-19],[-16,-16],[-10,-23],[-7,-6],[1,-22],[21,0],[22,-3],[5,-13],[-7,-8],[10,-18],[-4,-16],[1,-12],[11,-8],[0,-8],[19,-2],[3,-38],[3,-15],[9,0],[13,-6],[17,1],[19,12],[3,9],[-2,30],[3,7],[25,17],[77,9],[18,8],[14,1],[1,8],[16,5],[10,-9],[9,-32],[8,-13],[7,-34],[7,-11],[42,30],[4,-1],[18,7],[4,-3],[13,7],[16,4],[4,20],[25,4],[11,15],[18,12],[7,17],[16,18],[14,6],[5,-12],[-1,-10],[8,-4],[9,-11],[12,-2],[0,-19],[13,-1],[0,-20],[5,-12],[20,-21],[0,-12],[10,-11],[3,-13],[12,-4],[10,-15],[21,9],[6,6],[1,12],[5,14],[19,9],[15,3],[26,-2],[32,-12],[7,-8],[16,-10],[0,-11],[-5,-18],[15,2],[9,11],[27,7],[25,-5],[4,20],[15,3],[20,14],[10,-9],[0,30],[14,-3],[17,-15],[17,-4],[22,-9],[9,-7],[11,-15],[17,-3],[27,14],[15,-2],[7,-7],[11,3],[10,-19],[-5,-6],[5,-10],[0,-11],[5,-9],[-10,-11],[2,-9],[11,-21],[-1,-6],[20,-18],[2,-28],[-8,-6],[-6,-30],[3,-13],[21,-20],[3,-30],[4,-9],[-9,-18],[2,-9],[-11,-10],[-5,-20],[-9,-9],[-11,-43],[4,-4],[3,-23],[5,-9],[9,-6],[16,-4],[24,2],[10,8],[1,10],[8,8],[10,-2],[6,10],[3,13],[32,0],[39,3],[31,10],[7,-16],[2,-25],[3,-10],[-26,-18],[26,1],[21,6],[6,-33],[10,-24],[3,-1],[13,-36],[12,1],[17,-35],[20,2],[5,-13],[1,-18],[-3,-7],[16,-10],[9,2],[7,-24],[1,-27],[-7,-17],[2,-25],[5,-7],[10,-4],[6,-20],[8,-7],[-13,-30],[-10,-18],[-8,-26],[-7,-40],[-9,-35],[-6,-11],[-9,-27],[1,-14],[-5,-11],[31,-12],[6,-12],[18,2],[10,-1],[41,-13],[-6,-28],[7,-44],[5,-13],[-4,-16],[0,-16],[-6,-22],[5,0],[17,-12],[17,-4],[11,3],[37,-5],[31,-9],[-10,-20],[-4,-27],[2,-25],[-14,-3],[-24,10],[-10,2],[-6,7],[-23,1],[-14,-12],[-15,1],[-21,-9],[-16,-2],[-6,-4],[-18,3],[-11,7],[-11,1],[-27,-2],[-21,-6],[-30,1],[-8,-4],[-6,-16],[-6,-6],[-7,10],[-10,6],[-8,-1],[-6,-17],[-2,-17],[10,-14],[3,-19],[12,-18],[7,-21],[-6,-16],[0,-12],[-10,-20],[1,-9],[-16,-21],[-6,-20],[9,-25],[-7,-17],[-5,-3],[-4,-16],[-12,-11],[-7,-13],[8,-25],[31,-25],[14,1],[6,-9],[21,-11],[5,-7],[10,-26],[-2,-16],[18,-4],[7,-5],[13,-21],[6,-17],[-14,-5],[-3,3],[-34,-2],[-24,-14],[-5,2],[-12,-47],[-8,-7],[-13,-21],[15,-11],[13,3],[17,13],[23,10],[13,2],[16,-1],[41,-23],[18,-2],[10,12],[2,14],[-2,14],[6,7],[5,16],[9,-3],[10,4],[-4,14],[8,21],[-5,4],[18,27],[1,14],[14,41],[8,4],[-12,13],[2,26],[11,19],[10,1],[16,-11],[9,-17],[13,-8],[4,3],[14,20],[3,9],[1,32],[9,5],[23,43],[6,29],[23,-9],[11,5],[35,3],[7,7],[19,6],[11,0],[-5,-15],[6,-16],[-2,-28],[-6,-12],[-6,-33],[-10,-11],[-3,-24],[38,-38],[46,-42],[14,-16],[-6,-15],[-8,-9],[0,-16],[-7,-12],[0,-37],[-6,-4],[-13,-19],[-17,-36],[-16,-21],[-3,-17],[1,-21],[-7,-8],[4,-20],[-16,-11],[12,-11],[13,-9],[-13,-9],[-15,-3],[2,-18],[20,16],[22,8],[9,-9],[13,-6],[-7,-13],[-16,-17],[-26,-42],[4,-6],[16,-11],[1,-19],[-17,-31],[-22,-27],[-1,-35],[-7,-14],[11,-5],[39,-37],[12,4],[10,14],[7,2],[18,-28],[2,-13],[-22,-38],[19,-21],[26,-14],[13,-20],[3,-17],[25,-40],[13,-13],[10,-15],[35,-14],[22,-23],[-15,-35],[-25,-42],[-16,-14],[-36,-51],[-11,-19],[-13,-28],[-19,-25],[-23,9],[3,9],[-17,18],[-27,25],[-17,9],[-37,0],[-34,-4],[-20,1],[-22,-2],[-18,-26],[-13,1],[-17,7],[-4,-22],[-10,-31],[-11,-55],[2,-27],[-30,-64],[-18,-18],[-9,-23],[-14,-14],[-18,-10],[-14,6],[-6,-9],[2,-10],[-11,-21],[4,-16],[-1,-24],[3,-20],[5,-5],[-3,-14],[6,-9],[-2,-18],[8,-40],[-8,-8],[8,-10],[18,-13],[32,-17],[25,-7],[24,-4],[29,-10],[-13,-27],[-8,-11],[14,-5],[15,-7],[8,2],[15,-4],[16,-1],[5,-30],[-5,-18],[-9,-15],[-37,-52],[-9,-21],[2,-28],[11,-29],[-5,-17],[-20,-27],[-11,-12],[-5,-13],[-13,-16],[-17,-8],[-14,-27],[-17,-28],[-8,-17],[-9,-7],[-2,-19],[-15,-14],[-13,-29],[1,-12],[-3,-12],[6,-20],[-2,-25],[-9,-15],[-21,-76],[-80,39],[-2,15],[-25,7],[-44,15],[-4,-1],[-10,-23],[4,-9],[9,-4],[0,-13],[4,-4],[-3,-20],[1,-15],[-6,-11],[4,-32],[0,-25],[-4,-19],[8,-5],[2,-15],[6,-12],[-2,-10],[4,-10],[3,-47],[6,-10],[-5,-22],[-9,-5],[-4,-20],[4,-35],[-1,-10],[22,-79],[-3,-31],[-34,-3],[-43,0],[-22,-5],[-20,3],[-20,-3],[-21,8],[-22,1],[-3,-4],[-9,-42],[-5,-49],[-4,-14],[-30,3],[-24,-5],[-5,8],[2,21],[-1,25],[-16,25],[-6,22],[-1,10],[-10,21],[-7,8],[-13,-2],[-23,3],[-5,-18],[0,-18],[-14,3],[-7,-5],[8,-8],[-3,-28],[-10,-1],[-1,-17],[-19,-53],[-12,-10],[4,-14],[-5,-10],[3,-11],[0,-12],[4,-14],[0,-12],[-21,-8],[-24,-44],[-13,-11],[-26,-27],[-6,-34],[9,-9],[-6,-16],[-23,3],[1,-16],[-4,-15],[4,-32],[7,-15],[-11,-32],[-23,-51],[-11,11],[-26,-34],[-12,2],[-9,-5],[-4,-14],[-12,-17],[-21,-4],[-35,3],[-7,-3],[-29,-39],[-2,-14],[7,-7],[-2,-19],[-19,-15],[-17,-29],[-39,17],[-16,4],[-6,8],[-4,13],[-21,5],[-4,-1],[-27,10],[-10,-5],[16,-25],[5,-16],[-4,-26],[-2,-39],[-28,-7],[-16,-24],[4,-17],[0,-16],[6,-21],[10,-14],[59,-31],[-8,-43],[11,-38],[-21,-21],[-6,-23],[-11,-20],[1,-7],[-7,-17],[-19,-10],[-9,-20],[-5,-17],[-11,-22],[2,-16],[0,-29],[7,-19],[5,-6],[0,-15],[13,-12],[10,-4],[12,-23],[17,-3],[26,3],[27,-39],[-9,-6],[-47,-1],[-41,-50],[-10,-19],[-13,-17],[-5,-11],[-40,-14],[-29,1],[-3,-19],[-10,-18],[-14,-18],[-66,-25],[-11,5],[-26,24],[-5,10],[-17,2],[-22,15],[-19,7],[-14,-1],[-89,-4],[-32,-12],[-11,1],[3,-18],[-7,-1],[5,-14],[-7,-21],[8,-1],[10,-12],[6,-16],[8,-4],[-2,-21],[8,-15],[-6,-5],[-1,-15],[3,-14],[-8,-19],[-14,-18],[3,-14],[-5,-5],[4,-24],[-4,-15],[-17,-19],[-16,-13],[-17,-23],[-14,-3],[-13,0],[-34,-21],[-7,2],[-27,-1],[-15,-5],[-28,2],[-5,-7],[2,-10],[-11,-21],[7,-3],[3,-11],[-8,-7],[-2,-26],[-3,-13],[-9,-16],[-9,-6],[-7,-16],[10,-21],[4,-16],[-3,-13],[-5,-5],[7,-24],[6,-7],[-2,-12],[6,-48],[-5,-7],[-5,-16],[11,-17],[3,-20],[10,-31],[3,-3],[1,-22],[-7,-10],[1,-27],[-15,-15],[-4,-11],[17,-15],[4,-15],[9,-10],[20,-8],[8,-46],[2,-36],[3,-24],[6,-27],[8,-8],[3,-33],[-8,-15],[-8,-43],[-21,-32],[-13,-11],[-24,-3],[-19,9],[-26,5],[-8,6],[-38,-38],[-12,-8],[-19,-1],[-7,-28],[-13,-33],[1,-15],[-12,-9],[-17,-6],[-23,4],[-16,1],[-15,-10],[-29,-6],[3,-17],[5,-7],[1,-12],[5,-11],[-1,-9],[5,-14],[4,-27],[-4,-18],[-5,-9],[4,-8],[14,-11],[1,-11],[15,-14],[-2,-13],[17,-11],[3,-8],[10,-4],[0,-27],[6,-13],[-4,-21],[3,-17],[-11,-23],[5,-7],[9,-26],[-6,-13],[6,-10],[13,-13],[1,-15],[12,-16],[15,-25],[5,-25],[8,-22],[0,-18],[-14,-12],[-5,-17],[-1,-20],[-7,-16],[0,-20],[5,-20],[2,-29],[-6,-20],[-12,-19],[3,-9],[-7,-11]],[[32840,15538],[-7,-14],[-3,-15],[-12,-12],[-8,-18],[-12,-6],[-17,-38],[3,-14],[-2,-11],[-10,-6],[-2,-13],[-6,-4],[-25,-6],[-21,2],[-9,22],[-7,3],[-1,10],[-10,5],[-5,-5],[-33,-11],[-17,-2],[-5,13],[-11,3],[-9,-2],[-2,-11],[-7,-16],[-20,-14],[-13,-19],[-7,-1],[-10,-15],[-4,-14],[6,-11],[-21,-20],[-12,-29],[-1,-10],[-24,-16],[-6,-18],[7,-8],[-5,-15],[-18,-18],[-8,-12],[-8,2],[-13,-15],[-14,-6],[-12,1],[-5,-9],[-10,-8],[-11,-1],[-10,-16],[-8,-3],[-11,-15],[-3,-27],[2,-8],[-1,-25],[-13,-2],[-17,0],[-18,-5],[-25,6],[-22,21],[-31,4],[-18,10],[-16,13],[0,9],[-5,13],[-6,0],[-15,11],[-12,-5],[-9,-16],[-39,-11],[-9,-10],[3,-17],[-20,-4],[-12,0],[-7,-7],[-4,-11],[-13,-14],[-21,-6],[-4,-6],[-14,3],[-14,-9],[-14,-4],[-11,-18],[-9,-3],[-16,8],[-9,20],[-19,13],[-6,25],[-13,6],[-4,12],[-11,6],[-11,-4],[-10,3],[-9,-4],[-24,5],[-27,17],[-8,9],[-22,11],[-19,5],[-41,13],[-6,29],[-11,17],[-18,19],[-16,9],[-18,3],[-26,-2],[-25,29],[-18,13],[-4,24],[-1,23],[-3,11],[-10,13],[-11,-3],[-14,0],[-8,-7],[-32,-20],[-4,-12],[-13,-14],[0,-15],[-4,-22],[-19,-6],[-15,-10],[-2,-11],[-20,-13],[1,-14],[-22,-14],[-1,-12],[-6,-12],[2,-11],[6,-5],[-1,-10],[4,-10],[-3,-36],[12,-13],[2,-25],[-9,-9],[5,-8],[-11,-4],[-6,-17],[-7,-4],[-4,-15],[-5,-2],[-9,-17],[-14,3],[-12,6],[-23,-1],[-20,10],[-9,2],[-17,-3],[-13,-43],[-37,-100],[-5,-15],[-7,4],[-6,11],[-16,5],[-24,-2],[-18,10],[-15,2],[-21,0],[-21,23],[6,22],[-7,56],[20,26],[20,52],[1,17],[-10,39],[-21,33],[-5,-1],[-46,14],[-20,-22],[-6,-15],[-17,-2],[-16,5],[-14,-2],[-24,-22],[-10,4],[-13,18],[-6,-7],[-12,12],[-9,-3],[-17,15],[8,17],[0,25],[-2,12],[3,19],[8,7],[-3,24],[-7,18],[-7,12],[-9,8],[5,8],[0,38],[-8,9],[-9,5],[-2,23],[17,6],[0,19],[-10,17],[-19,6],[-10,12],[-11,7],[-18,3],[-5,6],[-16,0],[-24,18],[-9,5],[-15,19],[-14,15],[-3,11],[-10,8],[-8,19],[-21,22],[-6,10],[-11,34],[-10,6],[-13,13],[-21,-1],[-10,6],[-8,-3],[-9,3],[-11,10],[-28,5],[-26,20],[-22,13],[-7,17],[-13,13],[-10,18],[-6,3],[-8,26],[1,21],[2,6],[-3,16],[-7,16],[-17,18],[-2,19],[-6,12],[-18,2],[-11,11],[-13,19],[-9,-2],[-8,6],[-4,24],[-17,23],[-9,-15],[-8,-5],[-11,9],[-24,-5],[-10,-10],[-14,-9],[-21,-4],[-14,-17],[-8,-3],[-17,2],[-2,11],[-11,17],[-11,6],[-17,22],[-13,3],[-15,-5],[-17,11],[-27,13],[-18,-2],[-2,10],[-10,3],[-9,12],[-17,7],[-15,30],[-15,8],[-7,23],[0,9],[-18,-4],[-9,28],[8,10],[-1,22],[-4,12],[4,5],[-15,19],[5,10],[2,24],[-3,22],[-6,14],[-7,2],[-4,12],[17,12],[7,2],[3,13],[13,11],[23,2],[0,21],[10,1],[4,10],[-3,8],[8,11],[-10,6],[-5,17],[-11,2],[2,11],[-13,2],[-19,20],[-3,20],[7,15],[-11,10],[0,6],[8,10],[9,22],[0,27],[-11,7],[-11,3],[6,18],[12,22],[7,16],[-6,26],[-11,-8],[-15,0],[-14,5],[-13,8],[-9,3],[-3,11],[-18,11],[-9,18],[-2,12],[3,8],[-4,29],[-11,6],[-1,16],[-9,26],[-8,5],[-2,9],[-10,24],[-4,19],[-35,10],[-12,-9],[-16,4],[-17,1],[-9,7],[-17,4],[-16,-20],[-16,-16],[-27,-7],[-9,1],[-19,-3],[-5,2],[-35,-8],[-10,1],[-19,-9],[-20,-4],[-5,-17],[-40,-25],[-16,-14],[-21,-11],[0,-12],[-15,-14],[-5,-12],[-11,-4],[-4,-11],[-22,3],[-20,-5],[-20,-1],[-20,1],[-33,15],[-15,2],[-17,-3],[-2,5],[-17,4],[-16,10],[-14,-16],[-37,-5],[-7,-8],[-37,6],[-16,-2],[-9,2],[-37,-14],[-24,1],[-29,13],[-3,6],[-19,8],[-12,9],[-16,5],[-20,-5],[-33,9],[-10,8],[-12,-7],[-13,6],[-35,-1],[-15,-3],[-11,8],[2,16],[-2,17],[-10,18],[-7,8],[-9,2],[-9,9],[-40,14],[-18,-6],[-21,0],[-7,-7],[-36,-54],[5,-9],[-10,-18],[-31,-14],[-20,0],[-30,-8],[-7,-5],[-20,8],[-16,3],[-29,-4],[-10,1],[-13,15],[-19,13],[-14,14],[-30,18],[-12,10],[-24,7],[-30,-2],[-14,3],[-28,13],[-19,11],[-12,41],[-8,11],[-8,4],[-16,19],[-13,5],[-6,6],[-18,5],[-17,3],[-12,9],[-40,20],[-22,24],[-4,10],[-1,14],[-9,25],[-19,32],[-7,32],[-13,19],[-14,13],[-30,13],[-11,2],[-4,17],[-17,-13],[-17,-5],[-4,-5],[-29,-9],[-15,6],[-15,9],[-17,14],[-25,-6],[-1,10],[-28,6],[-17,-1],[-5,2],[-27,2],[-3,3],[-22,3],[-7,4],[-17,-3],[-22,-7],[-21,5],[-10,9],[-22,3],[-7,-2],[-12,6],[-18,-1],[-6,9],[-8,-1],[-5,8],[-14,7],[-9,1],[-6,9],[-14,-4],[-3,9],[-9,0],[-22,12],[12,16],[-1,14],[-6,11],[6,11],[3,15],[8,13],[-1,7],[-36,-2],[-32,7],[-30,16],[-55,33],[-17,18],[-15,17],[-30,41],[-9,-22],[-13,-17],[-10,-7],[-17,-24],[-2,-20],[-12,-8],[-14,4],[-17,-9],[-11,-16],[-10,-7],[-11,-17],[-4,-18],[-18,11],[-21,2],[-8,-16],[-6,-4],[-2,21],[-7,24],[-9,15],[3,37],[-4,9],[2,18],[-3,14],[3,8],[-1,22],[-16,19],[-7,2],[-20,16],[-8,-2],[-6,17],[-16,3],[-14,14],[-9,1],[-3,7],[-9,0],[-5,18],[-12,8],[-1,5],[-11,7],[-11,0],[-18,9],[-12,3],[-22,13],[-2,-31],[-46,-20],[-10,10],[-62,51],[-57,49],[-38,31],[-43,33],[-5,19],[-45,17],[-72,24],[-40,-46],[-33,-41],[-49,-45],[-16,-3],[-32,6],[-10,8],[-21,-1],[-13,4],[-10,-2],[-9,7],[-4,24],[-6,13],[-21,25],[-2,15],[-7,20],[-7,12],[-17,2],[-16,10],[-12,15],[-13,7],[-26,29],[-13,2],[-3,9],[-19,16],[-23,-2],[-6,5],[-14,-5],[-7,9],[-2,9],[-13,17],[-30,6],[-5,11],[-9,-11],[-9,0],[-8,8],[-15,4],[-4,7],[8,8],[-3,11],[2,16],[17,26],[8,34],[-6,15],[12,16],[-2,11],[9,12],[2,10],[7,10],[-1,16],[5,2],[1,14],[14,23],[-5,7],[10,16],[8,18],[12,3],[1,11],[6,13],[12,15],[1,11],[19,11],[-1,10],[5,15],[18,3],[7,20],[19,12],[-1,12],[14,18],[12,4],[1,9],[15,14],[14,6],[13,26],[13,5],[4,17],[-23,3],[-26,-2],[-9,3],[-24,-12],[-22,0],[-8,-11],[-10,0],[-13,-6],[-17,-4],[-13,7],[-15,-2],[-36,-9],[-14,4],[-31,-10],[-20,-12],[-16,-2],[-11,3],[-15,-4],[-24,-3],[-12,-11],[-20,-15],[-20,-18],[-25,-6],[-8,-21],[-3,-31],[-5,-7],[-21,-10],[-6,-8],[-6,-15],[-13,-23],[-23,-23],[-8,-40],[7,-18],[3,-21],[13,-32],[17,-25],[-10,-15],[-2,-15],[2,-12],[-2,-12],[-16,-28],[3,-48],[0,-42],[1,-21],[-6,-15],[-4,-46],[15,-21],[-2,-12],[-8,-14],[-17,-49],[-10,-47],[-3,-36],[-9,-15],[-11,-33],[0,-18],[-15,-34],[1,-9],[-78,25],[-79,22],[-65,21],[-34,10],[-84,28],[-36,10],[-93,30],[-51,14],[-75,24],[-36,70],[-15,17],[-43,79],[-11,14],[-21,34],[-21,38],[-14,23],[-45,79],[-5,26],[2,10],[-8,25],[13,27],[0,17],[9,14],[0,9],[14,10],[6,9],[25,30],[37,8],[5,8],[26,11],[11,11],[1,19],[10,10],[21,11],[12,3],[9,9],[22,8],[-9,24],[-9,17],[20,4],[22,6],[7,6],[9,17],[31,9],[21,11],[3,15],[-1,12],[1,21],[16,36],[22,0],[7,14],[12,8],[7,-2],[18,6],[5,19],[-7,16],[4,29],[-4,17],[4,10],[16,19],[4,12],[3,23],[6,8],[-16,28],[-5,4],[-22,38],[9,8],[14,6],[-1,7],[17,21],[8,3],[11,18],[14,2],[13,-5],[12,6],[0,26],[-4,1],[-9,23],[-2,17],[6,24],[5,29],[-3,20],[4,23],[-5,7],[9,30],[-1,24],[4,13],[9,6],[13,22],[51,49],[22,5],[18,7],[15,0],[8,22],[-21,16],[-13,31],[5,29],[11,13],[8,14],[-4,31],[5,7],[-9,19],[-6,21],[0,14],[4,8],[4,21],[23,33],[-11,12],[-12,31],[-3,26],[3,11],[14,34],[14,3],[1,10],[9,12],[5,16],[-5,19],[2,4],[-2,39],[-22,89],[-6,88],[-21,18],[-16,25],[-3,12],[-18,15],[-55,62],[-10,5],[-15,-1],[3,14],[-4,15],[-15,12],[-12,15],[-24,0],[-18,17],[-24,-9],[-27,-35],[-44,-22],[-47,-2],[-31,-3],[-52,25],[-15,3],[-8,6],[-10,0],[-22,16],[-10,-2],[-11,3],[-32,-1],[-13,7],[-15,4],[-16,7],[-13,10],[-2,5],[-21,14],[-23,9],[-13,13],[-21,30],[-2,21],[-9,1],[-20,-9],[-4,-9],[-15,-5],[-14,0],[-19,14],[-15,20],[-12,10],[-4,21],[-14,2],[-9,8],[-4,17],[-7,20],[-16,16],[-25,-1],[-28,8],[-48,-10],[-55,2],[-25,3],[-16,10],[-31,-32],[-30,8],[-21,-5],[-32,1],[-30,-9],[-58,-32],[3,-19],[6,-15],[9,-6],[15,2],[13,-36],[8,-13],[-9,-17],[-1,-16],[-14,-9],[-1,-28],[-8,-16],[-10,-12],[-1,-15],[-6,-16],[-29,-97],[-27,-50],[-17,-27],[-8,1],[-10,9],[-6,12],[-18,16],[-2,-8],[-11,1],[-17,-7],[-7,12],[-23,0],[-20,10],[-16,-2],[-15,6],[-7,-5],[-9,2],[-19,-13],[-35,-14],[-6,0],[-13,30],[-23,6],[-10,8],[-16,20],[4,7],[-10,16],[-15,28],[-5,6],[-6,26],[-6,45],[-14,-1],[-17,105],[-6,17],[-12,27],[1,9],[6,13],[-1,19],[11,18],[-3,16],[11,26],[5,4],[11,23],[16,21],[-11,63],[-7,8],[-11,4],[-41,3],[-7,11],[-12,8],[-14,-3],[-18,-11],[-28,-11],[-21,9],[-22,17],[-10,4],[-10,13],[-9,17],[-29,12],[-40,2],[-3,4],[-21,7],[-12,-6],[-28,-25],[-23,-8],[-16,-9],[-16,5],[-13,-11],[-9,-2],[-11,2],[-18,18],[-38,9],[-29,-26],[-12,-6],[-13,0],[-16,-13],[-20,-23],[-8,-31],[-26,-27],[-44,7],[-15,-7],[-9,-1],[-10,-16],[-33,-25],[-8,19],[-4,22],[-7,9],[-6,26],[-4,43],[-8,25],[-8,9],[-18,-1],[-7,11],[3,8],[10,4],[4,10],[-26,25],[0,7],[8,15],[15,23],[7,28],[0,7],[-9,17],[2,23],[7,15],[-1,8],[-26,13],[-8,1],[-44,-8],[-22,19],[-5,10],[0,11],[8,11],[-1,17],[-10,39],[-27,24],[-14,5],[-21,-1],[-13,-9],[-32,-10],[-20,1],[-11,11],[-16,6],[-6,6],[-3,12],[0,18],[-5,6],[-24,1],[-16,5],[-25,32],[-11,29],[-1,12],[5,11],[38,53],[-3,10],[-19,4],[-10,6],[-12,15],[-8,14],[-12,39],[3,23],[22,57],[11,-3],[-11,-38],[13,-8],[32,-5],[38,-2],[11,5],[18,3],[60,20],[49,31],[4,6],[-5,11],[6,6],[11,2],[-6,13],[5,8],[14,10],[12,1],[5,-8],[-3,-15],[3,-8],[11,-3],[14,3],[7,-9],[9,-2],[6,-8],[18,2],[15,11],[11,3],[16,-2],[15,17],[9,-5],[13,7],[3,8],[9,3],[7,10],[35,10],[16,6],[3,5],[15,2],[7,6],[15,-1],[13,8],[7,14],[9,1],[8,8],[10,-1],[9,7],[9,1],[14,9],[19,2],[13,6],[12,13],[37,7],[16,10],[12,-1],[-4,-15],[10,-13],[-1,-12],[5,-18],[24,-12],[16,-4],[26,0],[7,6],[12,-10],[18,-1],[9,4],[30,27],[9,14],[4,31],[-4,23],[-10,15],[-16,-2],[-2,8],[12,11],[14,18],[4,9],[15,-1],[6,11],[8,3],[7,-3],[10,10],[24,5],[6,-6],[24,-3],[23,20],[24,16],[11,13],[-2,18],[5,10],[15,5],[16,-4],[22,10],[7,11],[-5,31],[14,-3],[14,16],[12,28],[10,-3],[7,4],[13,21],[2,7],[30,12],[3,7],[20,-1],[17,14],[21,22],[19,14],[5,10],[10,6],[8,20],[15,25],[22,48],[7,25],[40,63],[13,27],[8,13],[8,24],[9,19],[19,30],[6,19],[9,11],[5,15],[0,12],[12,10],[33,66],[12,42],[2,18],[-2,6],[-18,8],[10,14],[-8,12],[19,1],[5,-7],[27,2],[14,11],[13,19],[22,27],[9,18],[0,19],[-13,2],[-3,14],[6,2],[17,-7],[10,-8],[10,0],[11,10],[15,30],[9,33],[5,1],[14,27],[5,4],[11,18],[3,13],[17,37],[9,14],[11,23],[11,18],[15,34],[13,22],[10,25],[1,12],[11,24],[1,15],[9,3],[7,-5],[4,15],[-9,18],[15,27],[36,78],[11,20],[16,34],[13,24],[3,8],[23,45],[37,82],[29,62],[22,48],[10,21],[15,36],[24,45],[23,57],[7,10],[19,40],[2,9],[18,42],[6,17],[12,23],[33,76],[22,37],[19,47],[14,29],[15,41],[10,22],[17,50],[15,33],[0,7],[22,65],[6,28],[8,20],[-8,20],[4,23],[-7,5],[9,24],[0,14],[-13,5],[-1,8],[10,23],[5,18],[14,37],[5,43],[-1,16],[5,47],[7,64],[-2,23],[1,37],[-3,12],[3,26],[11,64],[3,34],[6,30],[3,26],[-7,21],[18,80],[8,29],[7,34],[5,35],[10,33],[7,36],[2,24],[5,22],[-1,7],[8,39],[6,20],[10,50],[-4,6],[10,46],[5,32],[10,29],[12,75],[-3,8],[7,25],[24,112],[7,18],[1,20],[5,23],[21,-11],[0,-6],[10,-10],[2,13],[-10,10],[-15,3],[-11,8],[3,17],[6,19],[6,35],[7,28],[-2,15],[8,33],[15,47],[2,14],[10,33],[7,32],[8,25],[7,42],[-3,7],[3,24],[7,24],[3,26],[10,34],[2,22],[5,14],[4,25],[6,15],[4,26],[10,26],[9,51],[10,41],[11,26],[12,7],[10,11],[3,17],[-6,6],[-14,9],[-1,26],[6,16],[20,72],[0,9],[7,22],[3,21],[10,42],[8,47],[9,39],[-4,1],[20,77],[9,29],[-4,16],[1,18],[9,24],[3,16],[9,29],[8,51],[5,19],[-1,19],[3,24],[6,32],[24,112],[3,22],[5,22],[1,11],[15,75],[3,24],[-2,17],[5,21],[11,40],[4,24],[7,17],[3,21],[-3,5],[3,24],[5,15],[15,64],[4,36],[-3,1],[4,25],[6,20],[4,30],[1,13],[7,38],[6,53],[9,44],[5,13],[11,47],[4,10],[3,27],[7,36],[6,48],[4,27],[7,23],[10,49],[4,29],[-2,3],[14,67],[7,45],[8,28],[10,46],[-3,4],[9,51],[13,57],[7,27],[0,25],[22,88],[0,16],[6,26],[10,40],[3,28],[8,32],[5,27],[7,12],[11,-3],[-1,12],[-10,-4],[-5,4],[-1,14],[9,37],[1,35],[5,25],[10,38],[5,26],[6,14],[0,23],[2,18],[5,18],[4,21],[10,45],[-2,11],[7,26],[5,42],[8,43],[13,46],[1,25],[8,33],[1,20],[7,38],[-1,12],[5,23],[8,58],[7,33],[-5,8],[2,17],[14,76],[7,26],[-2,20],[7,32],[4,32],[4,19],[3,29],[4,25],[-2,12],[4,16],[7,67],[1,23],[-2,5],[8,33],[8,52],[5,25],[6,9],[-7,4],[-2,9],[8,38],[-1,22],[7,31],[2,27],[7,25],[-3,19],[10,46],[-1,8],[5,36],[4,14],[7,61],[-1,20],[6,50],[5,34],[5,16],[7,50],[-1,25],[9,53],[6,22],[-2,12],[12,68],[0,15],[4,33],[4,16],[-3,13],[7,39],[7,57],[6,17],[-3,7],[11,52],[2,22],[-5,0],[4,29],[6,36],[7,49],[8,43],[5,43],[0,37],[7,35],[0,8],[8,46],[6,67],[4,20],[2,30],[5,25],[5,43],[9,68],[-1,29],[6,33],[-3,6],[6,30],[7,16],[-2,9],[3,17],[3,25],[-2,5],[7,42],[3,33],[-3,7],[1,17],[4,16],[6,43],[3,35],[8,50],[0,11],[9,52],[2,40],[-2,5],[9,73],[7,32],[1,30],[5,25],[-1,17],[3,14],[0,24],[6,29],[-1,14],[5,10],[3,18],[-1,40],[7,58],[6,39],[5,71],[4,34],[0,29],[6,23],[10,118],[8,50],[4,38],[2,59],[-1,35],[-8,73],[-15,62],[-5,25],[-5,13],[-5,32],[-7,29],[-3,37],[2,20],[-3,32],[4,45],[14,38],[8,19],[16,55],[11,31],[12,27],[20,40],[10,29],[8,11],[24,55],[9,10],[0,13],[30,34],[33,52],[23,40],[17,41],[11,36],[25,62],[29,57],[7,17],[-5,16],[16,44],[15,38],[10,31],[9,39],[2,32],[5,44],[-1,35],[-4,40],[-2,49],[1,19],[-2,24],[4,20],[8,15],[27,44],[12,32],[5,28],[3,35],[10,25],[12,14],[16,10],[25,11],[40,12],[12,1],[32,-2],[3,2],[28,-6],[37,5],[10,-3],[36,-6],[4,-5],[32,-19],[-1,-8],[7,-8],[19,-9],[7,4],[16,-9],[6,7],[2,15],[-36,20],[0,4],[46,-26],[1,-6],[-11,-21],[8,-12],[23,-20],[-18,-20],[-29,-13],[-3,-8],[-8,-9],[4,-10],[9,-55],[4,-1],[6,-27],[-3,-6],[11,-10],[-18,75],[6,3],[15,14],[20,10],[13,-6],[45,-1],[11,-13],[5,-20],[5,0],[-6,22],[7,12],[49,-1],[22,-4],[-4,-23],[2,-9],[-4,-17],[-7,-10],[4,-10],[9,-7],[9,28],[-3,14],[9,15],[18,6],[10,-9],[52,-11],[10,24],[17,-4],[8,-7],[23,-8],[-8,-19],[2,-4],[27,-5],[40,0],[18,-4],[3,-8],[29,9],[4,29],[13,-5],[-3,-20],[14,0],[3,-8],[19,9],[-8,21],[-4,6],[0,14],[7,1],[10,-15],[8,-1],[11,9],[13,0],[8,8],[8,-6],[26,6],[14,7],[11,-8],[1,-10],[17,-3],[2,-11],[10,2],[9,8],[-6,16],[3,13],[-4,12],[7,2],[6,-8],[7,3],[23,-5],[12,13],[-3,6],[15,14],[-1,15],[18,12],[13,-16],[3,-25],[8,-9],[47,-9],[7,-26],[8,-16],[8,-3],[19,7],[1,-15],[5,-7],[21,-6],[2,-10],[12,-5],[2,6],[-11,10],[1,8],[-11,3],[1,40],[-5,8],[1,12],[8,-1],[3,10],[25,6],[3,-11],[10,-5],[6,11],[7,3],[13,-5],[10,8],[10,-10],[2,-14],[21,-21],[-4,-11],[-8,-8],[18,-7],[8,6],[-11,9],[4,8],[11,-4],[5,14],[-4,11],[5,16],[-19,3],[-10,-3],[0,12],[-5,20],[-1,28],[-22,-6],[-3,13],[-13,4],[-21,11],[-8,26],[-8,13],[-15,17],[3,27],[-15,1],[8,9],[2,21],[-6,3],[-1,10],[-18,28],[-7,17],[-11,7],[-14,16],[19,9],[-7,6],[-11,3],[-17,-11],[-8,7],[-15,21],[-29,-16],[-14,10],[-2,9],[-11,2],[-33,13],[-1,7],[16,0],[15,8],[2,18],[14,10],[-14,7],[-16,-13],[-5,-14],[-29,1],[-14,-15],[-5,2],[-59,55],[4,16],[-74,71],[37,12],[39,-34],[19,0],[13,13],[18,0],[11,-26],[22,-5],[23,7],[33,-6],[9,13],[-22,22],[-22,1],[-8,4],[-10,43],[-11,1],[-26,11],[-17,20],[6,13],[-1,13],[-5,8],[-15,6],[-4,13],[-33,16],[-23,21],[-21,16],[-21,26],[-10,17],[-17,13],[-16,29],[14,6],[-3,6],[-23,-7],[-24,25],[-12,7],[-16,4],[-13,20],[-25,50],[-13,10],[-12,26],[-10,11],[-15,7],[-28,33],[-21,15],[-2,4],[-21,-7],[-25,19],[-11,2],[-12,-7],[-10,5],[-11,25],[-4,24],[-13,15],[-13,5],[-6,-8],[-13,3],[-19,12],[-13,11],[-12,14],[-14,26],[-10,7],[-21,21],[-14,15],[-12,8],[-19,-4],[-9,9],[-9,21],[-12,-3],[2,33],[-30,30],[-10,-1],[-14,16],[-9,20],[0,10],[-5,11],[-15,5],[6,7],[-6,12],[-8,-7],[-4,-14],[-16,-2],[-11,-13],[-2,-17],[7,-5],[-4,-13],[-16,-12],[2,-12],[-6,-7],[0,-10],[-15,-12],[3,-7],[-6,-10],[-15,-6],[-5,-17],[-4,-21],[-14,-13],[0,-9],[11,-10],[3,-11],[20,-3],[8,-7],[-4,-22],[5,-9],[10,-7],[0,-6],[-15,-9],[2,-10],[8,-4],[-1,-28],[-20,-9],[-18,-4],[-16,-5],[-14,-29],[-17,-19],[-3,-11],[-18,-9],[-11,0],[-14,-34],[16,-6],[-4,-17],[-6,-12],[-22,-18],[-4,-16],[-17,-27],[-21,-11],[-26,-23],[-3,-18],[3,-18],[-6,-5],[-30,-15],[5,-5],[-31,-25],[-32,-20],[-11,-5],[-15,-1],[-12,-24],[13,-4],[2,-13],[-17,-26],[-20,-15],[-12,-16],[3,-25],[-5,-14],[-21,-31],[3,-31],[-8,-24],[-10,-17],[-14,-38],[-6,-25],[-5,-38],[-6,-23],[0,-28],[-6,-37],[1,-29],[4,-35],[3,-43],[-2,-14],[-7,-20],[-13,-29],[-14,-27],[-6,-17],[-1,-21],[-6,-38],[2,-28],[-4,-25],[-14,0],[14,-22],[6,2],[20,42],[5,29],[-6,13],[1,11],[-5,15],[6,9],[7,-12],[3,-24],[-1,-11],[-8,-30],[-27,-62],[-1,-9],[19,-16],[4,-19],[-12,-21],[4,-24],[-2,-13],[-7,-11],[-11,-3],[-26,2],[-24,14],[-14,12],[-6,12],[-14,34],[-5,21],[1,29],[-4,75],[-2,9],[2,34],[3,44],[3,16],[0,18],[7,55],[1,31],[7,58],[0,13],[4,49],[1,47],[3,18],[0,23],[4,25],[2,34],[5,46],[7,72],[4,38],[8,57],[2,38],[11,67],[6,59],[6,37],[3,33],[6,29],[4,53],[8,33],[1,30],[26,175],[0,11],[6,50],[4,19],[7,77],[8,48],[11,96],[5,30],[2,31],[7,53],[7,51],[4,30],[0,18],[11,96],[6,30],[2,25],[11,81],[5,20],[1,17],[8,55],[4,25],[2,33],[4,26],[1,17],[6,53],[1,23],[4,23],[7,76],[4,30],[6,63],[1,16],[5,44],[2,29],[4,38],[2,24],[4,37],[3,48],[5,33],[2,32],[4,17],[3,44],[2,9],[4,48],[12,108],[3,17],[2,42],[5,20],[5,54],[6,35],[1,24],[3,27],[5,55],[5,39],[2,35],[7,55],[1,27],[7,42],[1,34],[5,40],[4,78],[4,33],[0,44],[5,66],[5,13],[2,51],[3,19],[1,31],[4,34],[1,42],[5,38],[2,45],[3,30],[4,55],[4,32],[8,108],[8,89],[0,13],[6,70],[0,14],[6,57],[-1,21],[4,35],[4,51],[7,57],[6,73],[1,44],[8,61],[5,57],[2,46],[9,80],[1,22],[7,58],[2,45],[6,39],[3,50],[11,91],[4,52],[4,19],[2,37],[4,31],[2,28],[4,57],[4,26],[7,83],[11,85],[4,32],[7,77],[9,82],[2,50],[5,35],[0,20],[7,63],[1,27],[4,47],[7,68],[1,18],[6,74],[3,6],[2,35],[5,36],[0,26],[10,71],[6,60],[1,18],[3,24],[0,15],[5,26],[1,43],[6,34],[5,90],[0,47],[-2,10],[3,70],[-2,5],[4,31],[2,6],[3,40],[-1,34],[6,136],[-1,18],[2,33],[0,32],[2,33],[-1,56],[1,19],[-5,42],[0,28],[1,34],[0,29],[-5,64],[2,41],[-3,25],[1,17],[0,78],[1,31],[-2,8],[-3,44],[3,37],[-2,32],[1,25],[7,46],[15,66],[15,48],[4,27],[7,34],[12,37],[6,30],[-1,43],[1,38],[-3,44],[-4,29],[-9,52],[-15,68],[-1,22],[9,34],[4,9],[6,29],[4,31],[-3,6],[4,34],[-5,4],[12,24],[12,10],[9,23],[19,31],[14,28],[11,30],[-2,7],[10,13],[9,25],[26,52],[15,38],[26,45],[22,31],[12,10],[28,31],[16,20],[12,18],[18,38],[3,9],[18,20],[12,20],[15,36],[10,8],[23,11],[23,81],[0,43],[6,41],[7,6],[4,14],[4,33],[7,27],[9,14],[18,6],[24,3],[20,-1],[20,3],[28,8],[16,3],[11,6],[22,19],[26,14],[19,7],[10,-4],[237,28],[224,27],[0,14],[14,6],[8,18],[7,22],[-1,23],[-4,25],[-6,20],[-24,59],[-13,26],[-18,18],[-14,9],[-21,-16],[-15,6],[-13,-1],[1,-10],[-6,-8],[-11,7],[-12,13],[-10,6],[-5,13],[-2,14],[9,5],[0,8],[11,9],[13,15],[2,17],[-7,37],[-24,38],[-25,28],[-24,31],[-14,12],[-20,6],[-5,-10],[-18,-9],[-13,-17],[4,-9],[-9,-19],[-4,21],[-16,5],[-7,-14],[-10,-2],[-16,1],[-7,-6],[-12,2],[-1,27],[-7,-3],[-16,4],[-4,14],[-11,-5],[-7,-10],[-25,23],[11,9],[0,16],[7,7],[-7,8],[-20,9],[-20,-24],[-10,14],[-18,5],[-10,9],[1,6],[-8,8],[-8,19],[-5,-8],[-9,2],[-18,17],[-18,26],[-12,-8],[-9,2],[-15,15],[8,20],[7,5],[-17,11],[-13,-3],[1,-9],[-15,-12],[-16,7],[-24,15],[0,8],[8,15],[-14,9],[-16,-20],[-19,2],[-9,-3],[-12,8],[-7,0],[-1,13],[-11,22],[-12,11],[-18,3],[-11,-9],[-22,10],[-9,9],[-10,5],[-29,2],[-3,11],[-41,31],[-16,9],[3,10],[-7,9],[-38,33],[-20,20],[-18,14],[-30,32],[-40,41],[-49,46],[-27,23],[-24,17],[-28,-11],[-20,13],[-21,17],[-9,4],[-46,32],[-5,10],[-13,10],[3,6],[-11,12],[-23,6],[-13,15],[-13,10],[1,8],[-10,3],[-12,13],[-22,16],[-23,5],[-9,10],[-20,12],[27,-3],[-3,11],[-22,9],[-34,8],[-26,3],[-19,-3],[-57,-18],[-28,-11],[-12,-7],[-5,-12],[5,-14],[-3,-9],[6,-14],[9,-12],[2,-19],[8,-12],[5,-19],[11,-25],[12,-13],[5,-14],[11,-3],[18,4],[-1,-21],[-10,-15],[23,-6],[22,2],[-3,-10],[19,4],[33,2],[16,6],[10,0],[13,9],[9,2],[4,-8],[17,13],[8,10],[17,-4],[-33,-22],[-21,-9],[-19,-6],[-51,-13],[-22,1],[-38,10],[-22,8],[-37,21],[-12,15],[-9,30],[-3,22],[-12,52],[-6,46],[-9,49],[-9,53],[-9,82],[-1,32],[-6,130],[-3,26],[-2,51],[-2,70],[-2,28],[-1,41],[-4,79],[-8,93],[-10,63],[-2,17],[3,8],[-3,17],[3,28],[-2,26],[1,18],[6,13],[12,19],[30,24],[11,5],[23,16],[21,10],[21,2],[31,7],[12,9],[26,25],[34,26],[-4,-11],[15,-6],[20,2],[18,-2],[27,10],[2,-19],[-16,1],[-12,5],[-8,-8],[14,-11],[22,-13],[15,-6],[29,-3],[20,2],[24,8],[11,7],[18,15],[19,9],[30,9],[19,12],[13,15],[22,22],[42,24],[22,10],[10,1],[1,-11],[6,-6],[17,1],[8,-9],[10,-22],[29,-9],[17,2],[50,41],[6,15],[-9,17],[-8,68],[-1,38],[-7,14],[-5,25],[8,20],[-18,23],[-5,19],[-14,11],[-20,8],[-15,17],[-31,40],[3,15],[10,20],[-15,9],[0,5],[-13,13],[6,11],[-8,4],[-12,30],[-18,16],[-7,-9],[-13,-1],[-4,-5],[-11,8],[0,7],[-15,8],[-6,8],[4,14],[-8,19],[13,0],[11,5],[13,-1],[9,6],[1,10],[-13,13],[-4,8],[-39,22],[4,8],[15,-10],[14,-3],[22,-1],[27,-9],[27,-20],[17,4],[10,25],[9,12],[-1,14],[-10,5],[-20,2],[-17,24],[-3,16],[6,8],[9,1],[22,-11],[28,4],[58,-9],[-1,-14],[6,-8],[24,5],[23,-2],[34,-15],[-1,-6],[27,-5],[-1,17],[17,7],[11,9],[-3,12],[20,12],[-2,6],[22,24],[5,10],[6,24],[15,4],[10,-7],[4,17],[24,51],[3,23],[9,27],[13,-6],[4,8],[-8,18],[15,23],[12,11],[63,97],[36,47],[-2,3],[14,28],[22,59],[14,61],[4,27],[1,19],[-6,13],[1,19],[-5,7],[0,44],[-4,22],[-6,11],[-1,12],[2,23],[-9,45],[-18,13],[-42,11],[-25,16],[-21,9],[-21,4],[-12,9],[-22,21],[16,10],[7,14],[4,17],[12,4],[10,-4],[30,7],[7,-8],[20,6],[8,-3],[24,1],[16,11],[3,-8],[15,1],[25,-2],[16,0],[-41,90],[-26,41],[-14,14],[-7,26],[0,23],[-4,56],[-3,18],[1,19],[-5,20],[-6,6],[-8,14],[-11,1],[-8,6],[-11,-5],[-7,7],[0,9],[-8,10],[-22,-4],[-13,23],[0,16],[-10,34],[-16,0],[-4,13],[-7,5],[-8,16],[-11,4],[-18,40],[-10,12],[-10,2],[-17,17],[-13,3],[-20,-5],[-16,11],[7,11],[7,3],[9,-15],[15,4],[14,-3],[6,-8],[20,-6],[10,-22],[14,-8],[17,-22],[26,6],[11,-2],[1,-25],[8,-17],[22,-3],[17,4],[19,11],[14,15],[23,7],[9,10],[8,2],[14,-9],[15,-2],[25,7],[13,-3],[27,-10],[8,-8],[9,-3],[22,1],[26,29],[14,23],[8,19],[8,31],[2,22],[-1,58],[-5,14],[-26,37],[-10,22],[-15,65],[-1,30],[5,8],[27,10],[0,30],[-1,17],[-7,30],[-22,78],[-13,31],[-24,18],[-27,10],[-42,24],[-19,3],[-38,-6],[-23,6],[-6,5],[-3,16],[2,10],[-2,19],[-11,24],[-17,15],[1,92],[-12,90],[-13,39],[-11,53],[-15,54],[-5,6],[-13,1],[-13,23],[-21,7],[-12,21],[-23,25],[-12,6],[-31,3],[-14,-2],[-6,-11],[-16,0],[-9,4],[-33,0],[-11,21],[-20,17],[-16,2],[-11,-20],[-6,4],[-5,13],[-8,6],[-3,17],[3,9],[23,10],[20,-4],[14,0],[15,-7],[12,4],[19,13],[17,6],[6,13],[2,19],[-1,43],[-12,52],[-9,25],[-11,9],[-13,1],[-10,-3],[-20,-2],[-6,6],[-20,2],[-17,-7],[-9,4],[-19,3],[-6,4],[-11,16],[-6,14],[4,15],[-5,11],[-12,9],[-13,25],[-7,9],[-10,4],[-22,1],[-19,-7],[-32,14],[-30,1],[-11,-2],[-13,4],[15,10],[2,23],[-10,34],[4,11],[14,-46],[21,7],[1,12],[7,12],[6,-6],[-3,-17],[-7,-8],[4,-7],[17,8],[7,19],[19,86],[28,18],[17,1],[-3,8],[19,30],[-13,2],[-12,-28],[-11,0],[-12,-8],[-5,9],[-9,-10],[-12,13],[-10,0],[-29,-7],[-22,-7],[-14,-11],[-17,-4],[-17,7],[-16,0],[-16,3],[-31,-2],[-7,-5],[4,-17],[-28,-12],[-15,-9],[-24,-11],[-15,-10],[-13,0],[-26,-12],[-19,1],[-19,20],[-17,-11],[-19,6],[-34,-4],[1,18],[-16,7],[-6,12],[-29,-11],[-13,9],[1,14],[41,29],[5,2],[-14,22],[24,0],[9,4],[-11,25],[-8,11],[-49,-38],[-11,4],[-4,10],[3,34],[15,10],[0,11],[-4,14],[-33,1],[-11,-3],[-7,-12],[-7,-49],[-14,4],[4,32],[16,13],[8,14],[9,2],[35,0],[5,8],[22,15],[16,20],[12,30],[19,9],[0,13],[-18,3],[0,6],[18,3],[5,7],[6,30],[14,22],[16,14],[30,7],[10,-1],[9,4],[16,22],[16,31],[19,48],[-5,25],[4,14],[-5,23],[-19,17],[-22,7],[-3,11],[7,23],[19,30],[16,30],[9,12],[22,8],[15,15],[34,16],[26,38],[12,9],[29,4],[16,0],[13,3],[21,16],[9,13],[6,18],[12,12],[17,10],[21,19],[8,20],[15,32],[57,19],[10,10],[15,27],[15,12],[13,38],[8,43],[2,26],[11,11],[46,2],[9,4],[12,-7],[7,7],[43,49],[23,24],[34,-8],[8,17],[10,-3],[-7,38],[18,11],[14,1],[-4,14],[-27,-19],[-4,2],[-16,79],[-11,36],[-3,-1],[-23,83],[17,8],[-12,33],[-11,-6],[-9,20],[-8,30],[26,14],[-11,22],[-10,12],[3,12],[-8,20],[-25,2],[-3,36],[7,1],[-3,21],[8,2],[35,53],[13,26],[18,2],[34,-8],[21,-17],[18,0],[7,15]],[[27103,43781],[3,3],[19,-1],[41,-28],[2,-9],[-14,-25],[-16,-8],[-6,18],[-1,14],[-5,8],[-19,18],[-4,10]],[[26422,33150],[5,17],[15,27],[31,47],[12,21],[33,50],[22,40],[1,-12],[-3,-11],[-18,-39],[-9,-8],[-1,-11],[-16,-9],[4,-12],[-10,0],[-1,-11],[-6,-13],[-14,-10],[-9,-14],[-6,-2],[5,-18],[6,-9],[10,4],[14,-4],[7,-7],[-9,-15],[-10,-8],[-23,-9],[-12,1],[-10,5],[-8,10]],[[26556,33381],[11,25],[6,9],[44,44],[8,-2],[2,-12],[-6,-8],[-13,-8],[-23,-8],[-10,-8],[-4,-15],[2,-7],[-17,-10]],[[26484,33452],[9,6],[12,-10],[-15,-4],[-6,8]],[[25363,49724],[-31,21],[-25,15],[-20,9],[-49,13],[-21,18],[-25,18],[-39,24],[-45,24],[-20,9],[-29,19],[-40,19],[-26,4],[-28,1],[-17,-2],[-28,-6],[-1,-3],[-23,-3],[-10,-7],[-43,-12],[-12,-8],[-14,-17],[-14,-14],[-23,-10],[-23,-14],[-20,-3],[-5,-4],[-15,18],[-21,19],[-40,25],[-39,16],[-13,-2],[-30,13],[-38,6],[-6,-1],[-7,33],[-7,19],[-11,32],[-18,33],[-3,32],[-7,20],[-10,20],[-3,2],[-16,26],[-12,26],[-18,26],[-27,33],[-12,10],[-28,51],[-3,22],[-4,11],[-3,34],[12,8],[24,-4],[28,-11],[22,-4],[34,-3],[27,3],[43,24],[46,30],[37,33],[17,20],[11,16],[32,24],[13,4],[33,-8],[13,-2],[12,2],[20,8],[8,-5],[34,-14],[8,-17],[27,-11],[7,-32],[4,-8],[17,-12],[13,-3],[6,-6],[4,-28],[-2,-38],[10,-20],[16,-12],[1,-5],[20,-14],[0,-21],[5,-10],[-7,-9],[-23,-18],[-11,-4],[-5,-12],[-20,-5],[-26,2],[-23,6],[-9,7],[-9,24],[-7,4],[-1,25],[-17,-1],[-12,6],[-17,-14],[8,-13],[2,-10],[-28,-29],[1,-12],[-14,-13],[-15,1],[-8,12],[-8,23],[-6,2],[-5,18],[-8,-1],[-10,-16],[8,-25],[-7,-4],[15,-44],[-23,-8],[1,-9],[19,10],[9,-19],[23,-24],[13,0],[5,-26],[-9,-2],[3,-11],[-31,-23],[-6,-24],[7,-7],[6,32],[16,10],[16,14],[23,7],[13,11],[5,0],[22,-12],[1,-9],[16,-15],[-7,-8],[6,-16],[-19,-17],[5,-10],[13,-12],[-2,-15],[-12,-13],[12,0],[-1,8],[15,3],[-8,19],[10,1],[4,6],[19,-1],[6,-8],[2,-14],[-2,-18],[6,-4],[5,-11],[11,-2],[8,6],[-1,15],[-7,-2],[-6,11],[-2,13],[4,17],[16,19],[9,5],[-10,19],[12,6],[14,23],[13,-2],[7,-6],[17,-1],[7,7],[11,0],[9,8],[0,8],[18,3],[5,23],[6,45],[29,2],[10,3],[13,-5],[11,23],[-20,15],[1,12],[8,4],[53,-2],[38,8],[32,-1],[35,4],[18,1],[31,7],[48,4],[32,0],[32,-10],[2,-21],[-10,-10],[-10,7],[-10,2],[-14,-15],[-7,-1],[-3,-21],[10,-19],[0,-8],[-10,-19],[-10,-7],[-16,-5],[-64,-13],[-17,-8],[-22,10],[-8,-10],[-7,-20],[-8,0],[1,-12],[17,4],[5,-6],[-14,-18],[1,-10],[23,-2],[8,5],[21,-15],[-1,-12],[20,-26],[-6,-4],[10,-13],[-1,29],[22,-15],[28,-3],[13,1],[14,-4],[27,2],[30,-12],[26,-4],[26,1],[25,5],[22,-3],[30,5],[45,10],[16,1],[27,8],[19,3],[11,-2],[23,5],[7,13],[14,-5],[10,6],[7,-12],[21,-1],[14,-3],[26,0],[2,-12],[9,-7],[28,-11],[39,-29],[14,-4],[14,-16],[8,-4],[22,-34],[17,-18],[37,-32],[37,-26],[19,-4],[15,4],[11,9],[26,13],[19,14],[12,-1],[23,-7],[19,-9],[9,0],[30,-11],[17,-13],[7,-10],[2,-23],[14,-15],[9,-16],[-8,-5],[-7,-19],[14,-16],[6,-15],[12,-11],[0,-8],[19,-24],[-6,-11],[-2,-21],[8,-16],[1,-13],[26,-28],[7,-10],[13,-9],[16,-5],[24,0],[22,5],[17,9],[35,26],[11,10],[11,4],[6,-3],[-8,-32],[-19,-12],[-36,-27],[-25,-18],[-35,-37],[-13,-16],[-13,-22],[-2,-11],[-14,-31],[-13,-5],[-39,17],[-13,-2],[-7,-9],[-22,2],[-11,-3],[-12,1],[-18,-5],[-23,0],[-23,-13],[-38,3],[-9,4],[-17,1],[-17,13],[-9,3],[-26,-1],[-14,5],[-8,10],[-15,12],[-17,17],[-9,5],[-25,6],[-14,8],[-23,-2],[-15,5],[-18,13],[-16,7],[-20,13],[-22,8],[-45,45],[-11,9],[-23,27],[-21,20],[-15,17],[-30,17],[-29,18],[-13,13],[-29,24],[-28,20],[-22,12],[-30,13],[-32,16],[-72,42]],[[26886,34509],[-2,10],[8,6],[8,15],[12,11],[17,-5],[23,4],[10,4],[24,-5],[22,-14],[-2,-15],[9,1],[12,-8],[3,-13],[-9,-3],[17,-30],[-11,-16],[-19,-4],[-17,-12],[-18,6],[-6,-8],[-8,10],[-13,-6],[-4,-9],[-8,7],[-12,2],[-10,8],[2,9],[-2,21],[-13,4],[-22,19],[1,10],[8,1]],[[28058,34050],[20,-35],[15,-15],[-13,-8],[-10,11],[-31,-7],[-11,-5],[-5,17],[-17,13],[-14,-2],[-26,-35],[-15,13],[-4,17],[11,6],[16,35],[-3,34],[6,10],[-5,12],[19,12],[33,-41],[17,-14],[17,-18]],[[28030,33968],[3,-10],[-8,-2],[-7,-15],[-22,-4],[1,11],[-11,-2],[-4,17],[-1,27],[11,13],[13,-6],[11,-17],[14,-12]],[[25534,47802],[-4,31],[-13,37],[-11,21],[-23,58],[-21,37],[-13,13],[-7,23],[-3,19],[-11,43],[-13,38],[-5,7],[-8,25],[-8,46],[-8,24],[-3,19],[-8,10],[-2,31],[-3,18],[-11,11],[8,10],[8,3],[14,-3],[9,5],[20,-17],[11,0],[15,-12],[10,-5],[26,-6],[28,-21],[32,-7],[23,1],[31,-8],[28,-10],[27,-5],[1,-7],[-13,-18],[8,-14],[-5,-18],[2,-18],[16,-29],[19,-16],[18,-10],[2,-6],[42,-18],[15,-23],[7,-18],[24,-23],[32,-16],[5,-12],[62,-20],[4,-26],[15,-10],[12,-15],[22,-13],[2,-19],[20,-14],[28,-17],[-7,-7],[-11,5],[-3,-6],[13,-18],[8,2],[-2,-18],[12,-15],[20,-15],[16,-18],[26,-16],[43,-19],[23,-7],[34,-8],[39,-5],[9,-5],[26,-1],[25,2],[33,5],[35,9],[73,13],[37,2],[49,-2],[15,-7],[45,-30],[16,-19],[12,-25],[2,-14],[-12,-54],[0,-26],[13,-32],[-30,-23],[-41,-36],[3,-3],[49,43],[20,11],[-4,-12],[-11,2],[-5,-20],[0,-13],[-18,-16],[-7,-16],[-11,-48],[3,-21],[13,-30],[25,-38],[20,-25],[43,-47],[6,-17],[4,-22],[-5,-2],[1,25],[-9,16],[-10,3],[4,-15],[-9,-11],[-1,-27],[2,-29],[4,-11],[-7,-16],[-11,-14],[-9,-40],[2,-10],[11,-16],[13,-1],[0,-24],[-3,-6],[20,-37],[13,-29],[10,-16],[60,-67],[18,-9],[3,-14],[32,-21],[31,-11],[1,-9],[-3,-20],[5,-15],[11,-18],[27,-36],[19,-18],[13,-7],[11,-17],[9,-6],[-1,-26],[-8,-14],[-17,-2],[-2,-11],[-9,-7],[0,-40],[7,-23],[-3,-11],[-11,-13],[-2,-10],[-10,-3],[-13,-18],[17,-13],[-9,-17],[-6,-6],[13,-19],[-1,-6],[10,-9],[-5,-7],[-13,-3],[-3,13],[-19,7],[-8,-2],[7,-17],[-17,-20],[0,-28],[6,-14],[-4,-16],[-12,-5],[-17,-30],[-6,3],[-9,-11],[12,-5],[9,-14],[-5,-14],[6,-4],[12,5],[8,-6],[1,-40],[5,-6],[4,-20],[-1,-10],[19,-43],[15,-24],[11,-23],[-5,-12],[-36,-14],[-23,-23],[-38,-55],[-17,-18],[-5,-11],[-13,-16],[-4,-15],[-21,-16],[-28,-7],[-12,-13],[-16,-31],[-9,-6],[-4,-19],[3,-5],[15,5],[4,-8],[-18,-12],[-21,0],[-23,21],[-15,23],[-17,32],[-16,40],[-10,36],[-10,45],[-6,41],[-12,92],[-12,102],[-10,67],[-8,34],[-9,34],[-1,9],[-9,20],[-19,61],[-8,16],[-7,27],[-31,65],[-26,41],[-7,6],[-18,9],[-19,15],[-14,18],[-23,17],[-9,18],[-14,24],[-27,32],[-6,5],[-15,23],[-4,11],[-11,12],[-20,9],[-12,-2],[-11,-12],[-28,19],[-9,2],[-19,17],[-7,10],[-25,27],[-11,7],[-15,26],[-11,10],[-20,9],[-15,13],[-8,2],[-20,15],[-9,9],[-10,-6],[10,-16],[-1,-8],[-17,14],[-25,28],[-12,9],[-7,0],[-9,10],[-14,3],[-14,10],[-4,13],[-24,32],[-28,14],[-24,27],[-21,35],[-14,18],[-9,5],[-20,22],[-10,14],[-33,38],[-19,16],[-13,18],[-4,13],[-27,48],[-24,14],[-14,4],[-12,19],[-8,34],[0,10],[12,25],[1,26],[-7,27],[-20,37],[1,15],[-3,16],[-11,24],[-22,22],[-1,11],[8,19],[6,22],[15,21],[11,35],[4,10],[12,57],[0,28]],[[26950,47958],[10,20],[1,20],[8,29],[-3,25],[9,15],[2,12],[8,5],[14,-4],[17,8],[14,10],[26,-16],[9,1],[11,-15],[14,-3],[9,-12],[7,-4],[11,-14],[1,-9],[-15,-5],[-25,0],[-24,2],[-15,14],[-16,0],[-21,-12],[-8,-10],[6,-22],[13,-5],[-5,-19],[-16,-19],[-13,-13],[5,-8],[-6,-13],[-14,0],[-11,14],[3,9],[6,2],[-1,11],[-11,6]],[[27349,47432],[16,12],[34,0],[21,-20],[10,-16],[2,-15],[8,-11],[8,-20],[-12,5],[-16,1],[-12,-16],[-20,-9],[-13,3],[-5,12],[1,15],[-7,8],[-12,30],[-3,21]],[[34459,20231],[15,19],[17,11],[6,20],[5,6],[-10,13],[3,17],[-5,19],[9,23],[-2,13],[7,9],[-2,22],[7,9],[-5,13],[0,20],[4,11],[7,4],[3,15],[7,18],[5,6],[-4,12],[0,30],[9,15],[-5,4],[-4,23],[8,-2],[-1,30],[5,9],[4,21],[1,28],[-3,15],[-10,8],[-2,29],[-25,1],[-6,-2],[-1,17],[-3,16],[-12,33],[-9,0],[-2,10],[-18,8],[-5,16],[-39,19],[8,21],[-6,14],[5,13],[-22,2],[-12,5],[-20,12],[-16,6],[-16,8],[-4,-6],[-20,1],[-17,-3],[-14,-7],[-12,-9],[-15,-4],[-6,-7],[6,-21],[0,-18],[-5,-21],[5,-9],[3,-26],[11,-4],[0,-22],[9,-4],[26,-2],[34,-10],[27,16],[3,-20],[-2,-22],[-9,-31],[3,-9],[23,-3],[-8,-29],[-1,-16],[11,-14],[-9,-11],[6,-5],[1,-16],[-3,-15],[4,-11],[1,-21],[4,-23],[-6,-15],[-10,4],[-9,-6],[-13,0],[-3,-5],[-19,13],[-17,3],[1,5],[-18,17],[-23,3],[-30,7],[-12,0],[-3,-24],[-21,-15],[-12,-18],[-3,-15],[4,-12],[-6,-7],[-1,-15],[7,-8],[5,-16],[-6,-22],[4,-16],[10,-9],[2,-8],[11,-13],[-4,-19],[4,-7],[1,-15],[5,-21],[30,0],[11,-3],[5,7],[40,10],[34,-37],[68,-23],[52,-7]],[[34036,20010],[3,-10],[12,-6],[2,-6],[-5,-15],[-11,-2],[-9,-14],[2,-9],[-2,-24],[2,-7],[-6,-14],[6,-7],[-4,-12],[-9,-6],[-3,-9],[5,-6],[-2,-13],[3,-14],[25,-73],[12,-17],[2,-10],[29,-26],[11,-20],[13,-14],[1,-12],[14,-57],[14,-27],[-2,-8],[4,-19],[47,13],[35,6],[32,2],[12,-1],[1,8],[-8,9],[-1,25],[3,9],[-1,19],[16,15],[21,13],[29,28],[3,-11],[7,-13],[1,-10],[16,14],[17,17],[23,28],[25,41],[7,14],[3,88],[-17,34],[-6,1],[-17,26],[-7,23],[-40,14],[-26,44],[17,73],[15,43],[14,44],[-21,-5],[-16,14],[-35,19],[-34,32],[-9,3],[-27,28],[-15,3],[-1,-9],[-14,-10],[-22,-8],[-15,-16],[-9,-34],[-7,-10],[-29,-27],[3,-30],[6,-17],[-17,-19],[-13,-32],[-11,-12],[-18,-10],[-24,-19]],[[49003,37344],[6,-17],[14,-6],[9,-10],[4,-19],[-2,-11],[1,-19],[11,-12],[0,-19],[5,-12],[4,-19],[11,-6],[17,-19],[3,-17],[4,-11],[18,-16],[4,-8],[11,-11],[2,-15],[-4,-28],[-13,-22],[2,-15],[11,-24],[-6,-13],[-16,-5],[-6,-5],[6,-22],[-2,-5],[0,-24],[3,-5],[-5,-21],[11,-3],[6,-13],[22,3],[11,-6],[4,-10],[15,-10],[4,-8],[13,-8],[14,-25],[22,-17],[4,-11],[12,-9],[12,1],[13,-23],[11,-10],[12,5],[5,-6],[-11,-17],[-8,-5],[3,-11],[9,-6],[10,-14],[0,-15],[16,-26],[-16,-22],[-26,-9],[-1,-16],[-24,-9],[-13,0],[-23,-5],[-13,-10],[-11,-1],[-11,8],[-8,0],[3,-15],[0,-14],[5,-11],[-5,-4],[-4,-19],[-8,-6],[-6,-19],[2,-42],[7,-24],[-1,-13],[-5,-2],[-3,-13],[3,-6],[13,-4],[0,-12],[25,-21],[6,-34],[1,-32],[12,-2],[7,-32],[21,-9],[18,-26],[19,-23],[1,-9],[15,-20],[6,-21],[21,-35],[6,-6],[8,-15],[14,-22],[15,-13],[1,-12],[9,-13],[7,-23],[38,-6],[0,-11],[13,-7],[24,-4],[-8,-10],[-4,-18],[1,-17],[7,-5],[2,-16],[-4,-4],[7,-24],[7,-10],[14,-6],[18,-42],[-1,-16],[8,-20],[15,-15],[11,-8],[9,-12],[13,-2],[5,4],[16,-3],[-2,-8],[11,-17],[11,-8],[22,-22],[15,-18],[10,-4],[5,6],[20,-2],[12,-7],[17,-20],[12,0],[9,-11],[-2,-7],[15,-15],[-2,-9],[-14,-11],[-3,-20],[2,-17],[-5,-13],[9,-13],[3,-13],[-7,-12],[14,-22],[0,-27],[5,-8],[7,-26],[15,-16],[-2,-31],[2,-19],[-14,-12],[-9,-16],[8,-30],[3,-22],[-10,-1],[-13,-7],[-7,-18],[9,-7],[2,-14],[-7,-9],[-19,-14],[-12,16],[-8,-3],[-8,5],[-14,-18],[-25,7],[-1,-22],[-17,5],[-10,-2],[5,-11],[-10,-15],[0,-8],[7,-9],[-3,-15],[-10,-1],[-2,-10],[16,-24],[14,-6],[5,-12],[-11,1],[-5,-5],[6,-20],[9,-12],[5,-19],[8,-19],[8,-29],[-9,-3],[-7,-13],[-11,-30],[8,-6],[13,-2],[9,-6],[-19,-18],[-15,-2],[-3,-6],[13,-13],[-8,-19],[7,-7],[12,2],[-13,-19],[-6,-20],[4,-10],[-8,-3],[-4,-26],[8,-9],[-16,-19],[-8,-3],[0,-27],[-5,-8],[14,-2],[2,-5],[-25,-29],[-14,-27],[-13,-2],[-11,-5],[-11,-11],[-4,-18],[0,-12],[-12,-4],[-3,-13],[-12,-7],[-15,-3],[-3,-9],[2,-13],[-3,-5],[2,-16],[7,-6],[4,-10],[-11,-13],[1,-15],[-7,-11],[-3,-13],[29,-16],[-7,-4],[6,-16],[8,2],[24,-22],[32,6],[28,16],[0,9],[14,8],[23,30],[15,4],[10,-13],[20,-16],[7,-27],[4,-9],[7,-26],[15,-27],[24,-39],[11,-25],[22,-17],[10,-34],[18,-13],[15,-18],[-17,-14],[-4,-16],[-11,-24],[-12,-23],[-26,-26],[-23,3],[-26,-13],[8,-13],[13,-8],[7,2],[13,-8],[8,-23],[9,-4],[12,-30],[18,-21],[2,-16],[-15,-12],[-14,-23],[-12,-6],[1,-13],[-2,-13],[2,-46],[-4,-9],[3,-13],[23,-20],[-1,-10],[14,-12],[17,11],[26,-15],[11,-11],[7,-21],[6,-5],[15,-18],[18,6],[10,-1],[5,-17],[20,6],[4,-11],[-10,-20],[30,-17],[16,-17],[0,-8],[21,-12],[9,-17],[13,-2],[-6,-15],[16,-7],[13,15],[4,14],[23,12],[3,0],[25,24],[20,0],[0,13],[-23,17],[-10,-3],[-9,26],[-18,42],[1,19],[-6,32],[12,12],[-8,6],[-2,23],[-20,36],[17,27],[33,43],[8,-2],[55,21],[24,26],[10,0],[29,4],[11,-9],[19,-5],[17,-11],[37,-7],[29,-4],[5,8],[11,3],[18,17],[12,6],[13,27],[8,10],[22,16],[13,5],[15,2],[13,-6],[14,0],[14,3],[5,8],[39,23],[14,13],[1,7],[16,11],[10,-3],[5,-9],[13,7],[29,8],[16,-16],[13,-5],[16,-14],[22,-6],[14,-9],[17,11],[5,11],[18,9],[22,2],[11,-2],[19,16],[16,7],[10,13],[27,11],[7,-17],[23,-26],[8,-13],[9,3],[20,-29],[1,-11],[-4,-11],[10,-33],[-7,-11],[-17,-10],[2,-29],[-13,-11],[4,-19],[14,-10],[17,1],[20,-19],[20,-12],[21,-9],[12,-13],[5,-18],[19,-3],[16,-6],[22,17],[13,1],[9,-3],[40,0],[6,5],[13,19],[13,12],[27,10],[6,6],[13,35],[7,12],[8,3],[11,-5],[7,-7],[21,-10],[13,4],[9,-11],[-12,-34],[5,-11],[15,-5],[11,6],[15,19],[7,3],[18,-3],[5,-6],[12,-1],[17,15],[9,4],[16,-2],[21,-13],[30,-26],[17,-6],[19,5],[11,6],[17,5],[21,-5],[12,-8],[6,-10],[5,-17],[25,-15],[14,1],[12,9],[6,9],[25,17],[16,14],[3,9],[-2,19],[9,15],[18,7],[20,-3],[22,-15],[10,-9],[41,-11],[22,-11],[16,-11],[9,15],[-3,10],[3,27],[-1,17],[14,21],[8,5],[12,-3],[12,-13],[8,-4],[5,-11],[8,0],[12,10],[7,-1],[16,8],[12,23],[8,34],[5,4],[18,1],[5,12],[-8,11],[2,13],[-8,0],[2,15],[-10,10],[5,8],[2,14],[-9,11],[1,28],[6,19],[16,14],[3,9],[9,10],[1,13],[14,27],[10,28],[4,22],[8,12],[2,21],[7,17],[0,19],[6,12],[15,2],[18,15],[8,11],[20,0],[3,15],[9,11],[21,-27],[16,23],[0,8],[15,37],[7,9],[-1,16],[-11,20],[28,11],[12,-2],[17,16],[2,10],[37,35],[20,5],[10,6],[30,-3],[-1,18],[29,18],[25,10],[4,17],[-1,11],[7,6],[34,16],[11,2],[5,-12],[10,-4],[10,8],[-1,8],[-15,9],[-2,32],[3,4],[18,14],[-24,5],[-2,10],[8,16],[12,4],[-3,10],[-26,-20],[-6,-10],[-3,-29],[-5,-5],[-18,0],[-24,-4],[-21,4],[9,28],[26,6],[-1,8],[10,20],[7,7],[2,12],[17,-2],[8,6],[-1,11],[-12,3],[-22,15],[1,15],[6,4],[12,-2],[6,16],[-12,9],[-9,16],[3,5],[15,0],[5,6],[0,18],[-13,6],[-14,17],[-5,13],[3,6],[17,-8],[8,3],[-5,10],[-3,20],[-5,15],[-10,11],[-5,11],[6,12],[15,-3],[1,13],[15,0],[6,6],[7,-6],[8,15],[15,-5],[4,6],[-9,24],[0,12],[5,15],[16,23],[-5,13],[7,22],[-10,7],[9,6],[11,18],[-7,9],[-8,20],[2,10],[-4,16],[24,8],[7,20],[15,11],[28,32],[6,5],[25,9],[30,-18],[7,-6],[23,3],[10,14],[12,7],[20,28],[27,17],[13,24],[12,8],[-6,21],[1,14],[6,13],[0,29],[-11,10],[9,12],[-3,7],[3,18],[-1,10],[12,16],[-9,16],[2,15],[-2,23],[-12,6],[3,9],[-5,19],[0,18],[-12,13],[6,11],[15,8],[14,3],[0,8],[11,13],[16,-7],[11,9],[-3,10],[5,10],[15,-2],[3,13],[-2,21],[9,19],[-1,15],[-10,22],[-9,7],[-2,20],[-14,0],[-9,6],[-8,12],[8,2],[0,8],[-15,12],[0,20],[8,1],[5,14],[17,-2],[8,15],[6,4],[7,13],[10,1],[12,27],[14,25],[4,-11],[6,-4],[12,7],[-4,13],[2,10],[-5,24],[12,17],[11,11],[4,14],[0,24],[7,9],[2,17],[7,15],[19,7],[-1,16],[20,26],[-4,7],[10,5],[19,-2],[6,2],[16,-3],[11,-5],[16,-3],[7,-13],[15,-7],[15,8],[13,1],[4,-9],[18,-4],[13,9],[9,-6],[4,12],[-1,11],[11,4],[2,14],[6,-1],[9,30],[1,27],[-2,9],[5,32],[-9,3],[1,14],[-3,15],[10,17],[17,10],[21,7],[13,35],[11,7],[16,18],[13,35],[13,15],[11,35],[10,-4],[17,8],[-1,20],[9,12],[19,-4],[-6,-7],[2,-14],[26,9],[5,-17],[8,-15],[8,-5],[15,18],[-5,9],[6,5],[10,-13],[6,5],[14,-9],[8,5],[13,-1],[3,9],[10,0],[8,10],[10,4],[24,21],[-5,27],[15,39],[4,20],[13,5],[1,12],[-9,8],[14,25],[8,0],[-5,20],[13,3],[-4,20],[-9,14],[18,19],[20,-19],[10,-16],[10,-10],[11,-1],[5,15],[-3,9],[8,7],[7,20],[3,17],[-5,3],[3,21],[10,14],[2,13],[6,9],[18,-1],[17,6],[-5,8],[15,11],[10,2],[9,19],[14,-14],[10,-16],[-4,-5],[12,-14],[-1,-19],[-13,-20],[-2,-11],[6,-6],[4,-23],[10,0],[13,21],[17,17],[13,3],[-1,11],[11,0],[21,-8],[10,-6],[29,-26],[-1,-21],[4,-18],[8,-17],[22,-21],[12,-16],[33,-31],[6,-11],[6,-34],[6,-16],[7,-8],[-2,-9],[5,-11],[-10,-21],[-9,-24],[-2,-14],[-8,-18],[5,-13],[-3,-21],[10,-15],[-3,-15],[11,-13],[-1,-6],[9,-24],[0,-12],[8,-19],[8,-5],[-8,-21],[-13,-11],[3,-7],[-11,-39],[-21,-3],[-2,-18],[4,-23],[-16,-16],[9,-5],[-1,-14],[7,-15],[-17,-9],[-2,-23],[-6,-23],[4,-16],[10,-13],[3,-17],[8,-8],[-2,-15],[10,-4],[-6,-11],[11,-22],[7,-6],[13,29],[7,5],[11,-9],[16,-2],[4,8],[0,17],[10,25],[23,27],[13,10],[18,22],[25,11],[24,0],[5,3],[20,46],[10,6],[28,2],[10,-6],[18,-29],[15,-17],[19,2],[18,23],[5,3],[12,-3],[18,-10],[19,-1],[13,12],[12,6],[19,0],[24,-10],[7,-1],[16,14],[15,2],[28,-11],[13,-2],[15,2],[21,16],[12,16],[9,4],[19,-9],[-3,-34],[4,-15],[10,-17],[-3,-8],[-17,-13],[-13,-3],[-3,-12],[5,-22],[-7,-12],[5,-12],[-3,-23],[-5,-16],[4,-16],[-8,-7],[9,-10],[1,-9],[-11,-14],[6,-12],[9,-7],[13,1],[6,8],[0,8],[8,3],[7,-11],[0,-18],[27,-9],[-2,-24],[-9,-21],[-12,1],[-20,-5],[-3,-10],[7,-11],[-3,-10],[10,-13],[4,-22],[21,-13],[10,-1],[2,-8],[10,-3],[16,-41],[1,-57],[9,-41],[2,-15],[6,-9],[18,-19],[3,-16],[6,-18],[5,-25],[-3,-30],[16,-41],[25,-57],[8,-13],[-3,-6],[14,-5],[1,-8],[17,-20],[5,-16],[-8,-6],[-4,-11],[9,-4],[6,-11],[32,-19],[6,0],[21,-12],[18,1],[27,-9],[3,9],[10,7],[18,20],[13,25],[-1,8],[14,6],[17,4],[28,28],[16,-16],[17,-14],[8,-36],[8,-12],[11,-4],[11,-10],[13,-26],[17,-46],[16,-32],[0,-5],[-12,-8],[-8,-23],[0,-10],[9,-23],[-1,-15],[-16,-16],[-17,-37],[-21,16],[-18,2],[-21,24],[-14,-4],[-23,19],[-10,-21],[-11,-8],[-3,-13],[-9,-16],[2,-12],[15,-14],[11,-13],[2,-13],[6,-2],[21,-16],[2,-7],[16,4],[3,16],[27,16],[5,-15],[12,-22],[15,-21],[2,-13],[10,-9],[-2,-24],[0,-17],[11,-11],[-1,-8],[-17,-60],[-26,-48],[-31,-48],[-3,-12],[15,-6],[2,-7],[12,-62],[8,-33],[14,-42],[7,-18],[9,-28],[7,-14],[5,-22],[0,-15],[-8,-67],[-7,-3],[15,-19],[-1,-8],[23,-7],[9,-18],[-6,-8],[1,-11],[7,-4],[12,-30],[16,-15],[3,-9],[-6,-6],[-15,4],[-20,-16],[2,-13],[-6,-13],[4,-14],[7,-11],[15,-6],[18,2],[8,-4],[4,-11],[15,-13],[5,-20],[9,-22],[13,-14],[16,-10],[3,-10],[-1,-13],[4,-12],[-1,-17],[-3,-18],[8,-13],[25,-2],[12,-7],[12,-2],[-9,-42],[13,-4],[12,-15],[27,-41],[18,-16],[7,-19],[15,-6],[32,-1],[11,6],[22,53],[-15,-1],[-7,9],[0,8],[11,14],[5,27],[-1,9],[21,35],[0,10],[43,65],[15,25],[5,21],[10,7],[11,30],[6,31],[4,6],[3,21],[-6,30],[14,8],[0,12],[-4,12],[-7,6],[7,11],[11,7],[4,10],[11,5],[6,13],[13,17],[-9,13],[5,7],[-3,8],[17,45],[10,6],[2,11],[12,7],[-2,10],[4,30],[-10,18],[8,3],[21,50],[7,-3],[16,3],[14,-3],[7,-8],[11,8],[2,20],[9,9],[13,1],[27,-13],[18,0],[16,-7],[13,1],[-1,29],[-6,31],[-10,33],[-9,14],[4,9],[-10,28],[-21,1],[0,-8],[-21,-4],[-9,6],[0,9],[13,39],[5,-1],[7,28],[-2,18],[5,21],[-3,13],[8,15],[-11,27],[-1,9],[8,11],[-2,20],[10,11],[18,13],[2,22],[-4,7],[10,14],[7,21],[13,12],[18,3],[12,20],[17,5],[16,8],[6,7],[-7,23],[-11,9],[-8,14],[-5,29],[-14,20],[24,47],[24,17],[5,25],[-7,17],[3,21],[12,4],[-5,11],[-16,22],[-3,33],[8,16],[0,9],[-22,36],[-2,9],[5,33],[11,27],[27,15],[14,21],[16,18],[9,20],[2,17],[12,2],[12,20],[-1,25],[16,25],[21,18],[14,9],[12,1],[10,-3],[26,11],[9,10],[-21,13],[-4,21],[-16,65],[1,14],[6,20],[16,-10],[43,-19],[14,-11],[19,-5],[16,1],[13,-6],[12,7],[13,-1],[4,8],[9,-5],[22,-6],[4,5],[-3,14],[0,29],[3,26],[-11,11],[-4,13],[3,5],[15,5],[1,9],[-23,23],[16,29],[-7,9],[-12,-3],[-9,6],[2,15],[-12,19],[-2,9],[9,8],[2,12],[9,10],[4,10],[19,17],[16,8],[11,29],[-1,13],[10,11],[23,0],[8,-5],[5,5],[-2,8],[-11,0],[-10,5],[-13,12],[-16,23],[4,20],[0,19],[10,13],[13,8],[3,8],[-1,20],[-27,55],[-1,10],[6,9],[16,3],[13,-2],[14,1],[12,9],[12,17],[6,21],[6,27],[14,1],[1,-13],[-3,-26],[5,-6],[23,-1],[16,-5],[6,14],[-5,14],[-15,22],[3,16],[18,9],[5,6],[-2,16],[5,22],[18,27],[17,1],[20,-4],[23,-1],[35,-3],[16,-13],[0,-26],[11,-17],[17,-17],[8,-17],[11,-3],[9,-7],[1,-16],[4,-22],[9,-13],[6,0],[8,-13],[21,-19],[7,-17],[1,-20],[10,-13],[11,-6],[5,-19],[-9,-38],[3,-3],[24,11],[16,-16],[11,-5],[13,-1],[5,-13],[10,-7],[22,-21],[8,-11],[-1,-11],[17,-30],[9,-4],[7,-10],[15,-8],[14,1],[7,7],[14,5],[-2,13],[12,20],[-6,15],[-3,21],[13,22],[13,9],[22,24],[9,-2],[8,7],[13,-14],[13,3],[23,-5],[12,-5],[4,11],[15,5],[14,-5],[11,29],[19,11],[16,18],[0,7],[12,3],[10,12],[-7,12],[11,0],[11,26],[10,1],[13,-4],[6,8],[7,-3],[12,6],[12,-2],[10,3],[-12,12],[-3,14],[-13,5],[-35,54],[-12,19],[-1,20],[12,51],[2,20],[-16,41],[25,14],[23,5],[18,10],[22,19],[19,0],[-1,7],[11,10],[19,-10],[3,7],[19,4],[-7,22],[-5,34],[-14,32],[-8,7],[-5,16],[4,7],[10,0],[11,6],[3,8],[-6,8],[-27,17],[-12,24],[0,15],[11,3],[14,-7],[6,-11],[6,-1],[19,6],[7,11],[-5,28],[-11,12],[20,10],[10,10],[19,1],[4,6],[20,5],[8,-3],[18,6],[18,-6],[11,4],[5,-11],[-8,-10],[-14,-24],[-9,-7],[-8,-11],[-4,-14],[1,-23],[6,-11],[25,-17],[19,-17],[22,-14],[15,-4],[43,-6],[35,3],[13,16],[10,18],[19,17],[23,31],[19,20],[5,26],[4,7],[33,8],[6,8],[13,-1],[6,-7],[1,-15],[12,-11],[10,0],[14,15],[18,13],[-7,16],[-1,20],[20,15],[55,44],[20,23],[42,26],[12,13],[39,-3],[32,-1],[40,-9],[7,3],[6,41],[-1,13],[13,29],[6,23],[22,64],[7,-1],[67,43],[-13,-54],[39,-57],[-5,-10],[-19,-2],[-7,-33],[17,-18],[19,-14],[11,-11],[21,-16],[26,-11],[11,-13],[15,-10],[14,7],[6,10],[2,10],[9,3],[-1,9],[8,19],[15,18],[20,-13],[31,-3],[7,-22],[9,-13],[11,-25],[10,-19],[18,-45],[19,-36],[-18,-28],[8,-46],[13,-38],[2,-27],[-3,-12],[-10,-17],[-5,-36],[4,-18],[-23,-22],[15,-13],[8,-12],[10,-23],[12,-15],[4,-21],[11,-12],[-17,-21],[18,-13],[-10,-42],[18,-62],[44,-45],[3,-7],[57,-99],[12,-78],[4,-40],[2,-82],[22,-66],[19,-17],[19,-31],[20,-25],[7,-18],[28,-10],[21,-51],[-1,-36],[-20,-44],[4,-26],[37,-2],[21,-9],[1,-6],[21,-37],[8,-2],[6,-10],[27,-63],[6,-1],[18,-27],[6,-40],[9,-8],[19,-13],[31,-13],[18,7],[11,11],[10,17],[2,9],[4,33],[4,8],[23,27],[7,14],[17,17],[33,37],[11,3],[15,-2],[15,8],[14,3],[8,-3],[28,2],[21,5],[32,13],[29,8],[29,-1],[10,7],[17,-2],[23,2],[20,-5],[28,-16],[17,-5],[62,-8],[5,9],[0,22],[-15,50],[27,-1],[38,16],[6,15],[10,-7],[17,-3],[5,-18],[13,-32],[10,-44],[27,7],[36,-1],[10,4],[5,9],[-4,42],[-3,17],[-7,12],[-9,23],[-11,9],[22,11],[16,1],[9,13],[16,13],[-6,14],[-7,7],[-8,26],[-7,10],[9,3],[13,23],[15,36],[-7,19],[21,22],[-8,22],[17,9],[-4,7],[-2,21],[-5,1],[-7,25],[-15,25],[10,9],[-5,8],[1,18],[-7,13],[7,21],[-12,24],[18,3],[16,6],[10,12],[23,7],[23,0],[10,-3],[7,-14],[15,-17],[3,-9],[19,-9],[11,5],[13,10],[12,-2],[18,4],[2,23],[11,4],[12,15],[26,9],[-2,-14],[-8,-9],[6,-8],[10,6],[10,-12],[6,9],[21,-6],[21,9],[18,-4],[12,0],[1,-15],[12,-13],[10,4],[10,-6],[10,-12],[9,4],[8,18],[6,0],[2,-14],[6,0],[11,-18],[5,-14],[19,-6],[2,-9],[-6,-7],[4,-11],[11,-16],[2,-19],[9,-5],[-4,-14],[7,-6],[-2,-11],[16,-19],[9,-15],[-1,-8],[20,-5],[20,-3],[8,-26],[-16,-16],[-1,-12],[-6,-3],[1,-24],[5,-4],[-2,-14],[5,-20],[1,-18],[-16,-25],[-23,-10],[-12,-12],[-17,-11],[-30,-16],[3,-16],[9,-10],[25,-12],[-7,-9],[8,-17],[13,12],[11,-24],[22,3],[10,12],[22,3],[11,-2],[35,-2],[8,-9],[13,2],[11,9],[6,16],[13,3],[11,-2],[12,1],[29,-12],[19,29],[-8,19],[-6,7],[16,5],[10,0],[20,-7],[26,5],[9,-3],[10,4],[25,-34],[3,-9],[9,2],[10,-10],[13,0],[19,-7],[22,15],[5,9],[14,7],[11,-3],[12,1],[20,-8],[15,18],[1,15],[-14,18],[-1,17],[5,5],[21,-15],[30,2],[5,-4],[9,-15],[5,-24],[4,-48],[6,-8],[15,-6],[14,-1],[3,-7],[-2,-23],[-13,-15],[2,-13],[9,-12],[24,-14],[6,-34],[6,-4],[17,0],[7,-9],[9,-22],[-1,-18],[10,-20],[-4,-9],[-24,-21],[2,-14],[12,-10],[4,-15],[-1,-15],[8,-8],[14,-2],[5,14],[8,13],[13,7],[12,-1],[8,-6],[5,-18],[13,-10],[0,-12],[-14,-3],[-5,-14],[3,-9],[10,-4],[14,2],[17,22],[9,-3],[4,-10],[-1,-16],[24,-4],[29,-18],[5,-16],[19,-13],[5,-8],[35,-35],[14,-6],[9,-11],[6,-15],[16,-21],[-8,-14],[4,-18],[7,-15],[1,-10],[8,-32],[-13,-22],[9,-15],[12,-13],[18,-14],[0,-13],[7,-2],[15,7],[3,12],[-1,20],[19,-6],[7,1],[10,12],[4,10],[-4,13],[38,22],[11,-1],[27,7],[20,22],[11,-1],[6,-11],[2,-15],[4,-7],[20,-2],[28,-12],[7,-25],[-5,-27],[-15,-21],[-22,-52],[-13,-6],[-8,-19],[-10,-8],[-9,-1],[-9,-15],[1,-5],[32,-22],[11,-15],[-7,-28],[41,-16],[7,-8],[8,11],[8,-10],[8,1],[13,-9],[17,13],[10,-4],[24,3],[5,-11],[24,1],[4,-9],[18,-7],[9,-9],[7,3],[11,-2],[21,-20],[23,-6],[16,-1],[9,-15],[1,-34],[8,-34],[-22,-7],[-1,-9],[-24,-7],[-4,-11],[1,-9],[-17,4],[-11,-2],[-3,-17],[-13,-35],[-15,-31],[-3,-13],[18,-9],[0,-11],[-5,-5],[-6,-18],[-1,-17],[-8,-12],[1,-12],[20,-2],[16,-18],[6,-3],[20,3],[8,-9],[4,-11],[-1,-11],[-28,-18],[-7,-12],[15,-22],[2,-16],[-7,-8],[5,-12],[9,-6],[35,-6],[23,13],[21,7],[13,-6],[2,-13],[0,-27],[-4,-14],[-8,-12],[-12,-7],[-20,-4],[-9,-10],[4,-17],[-6,-24],[-18,-20],[-9,-17],[-21,-31],[11,-27],[9,-7],[40,-4],[5,-17],[-5,-24],[-2,-20],[3,-11],[8,-9],[23,-7],[6,-11],[-3,-38],[-6,-25],[6,-16],[14,-14],[12,11],[13,3],[13,-10],[7,-23],[10,-14],[10,-26],[-3,-19],[4,-15],[6,-3],[13,-26],[-30,-31],[2,-11],[14,-20],[-6,-30],[-8,-19],[6,-19],[-2,-14],[-8,-6],[-3,-18],[-2,-52],[8,-49],[3,-24],[-2,-20],[13,-11],[8,0],[12,11],[26,-4],[16,-4],[10,-12],[6,-13],[6,-21],[0,-19],[-10,-5],[-3,-13],[7,-20],[-14,-28],[-3,-18],[-7,-9],[9,-16],[9,0],[-3,-21],[-5,-7],[15,-14],[9,1],[18,-7],[26,-6],[3,-15],[19,-6],[2,-14],[5,-7],[-1,-12],[-14,-7],[-10,-20],[14,-47],[7,-11],[16,-16],[13,-18],[3,-18],[5,-5],[25,-9],[12,-18],[8,20],[8,12],[30,20],[13,-5],[31,-2],[9,6],[9,-1],[21,-7],[-1,-16],[17,-4],[13,-29],[15,-15],[-4,-16],[13,-17],[3,-18],[15,-32],[-5,-17],[14,-19],[3,-14],[-7,-14],[0,-14],[13,-14],[0,-15],[6,-19],[3,-26],[21,-37],[-3,-19],[4,-26],[20,-16],[5,-13],[0,-13],[10,-19],[-10,-6],[5,-8],[11,-5],[-7,-12],[17,-12],[11,-18],[25,-10],[1,-15],[5,-15],[-7,-24],[-12,-3],[6,-10],[18,-1],[7,-5],[2,-11],[16,-38],[-5,-13],[1,-15],[7,-8],[7,-17],[20,-19],[1,-5],[-18,-12],[1,-16],[12,-8],[2,-13],[-15,-14],[6,-22],[-18,-13],[8,-15],[9,-5],[0,-11],[-10,-13],[-2,-8],[13,-16],[-1,-16],[-12,-7],[-1,-15],[14,-14],[3,-13],[-5,-22],[-7,-12],[5,-10],[-2,-8],[16,-39],[21,-12],[5,-8],[-1,-26],[11,-8],[13,-1],[9,-8],[3,-14],[-3,-26],[2,-12],[12,-16],[18,-1],[10,-9],[7,-19],[18,-4],[13,6],[8,-4],[6,-15],[25,-1],[6,-3],[-5,-24],[0,-12],[19,-1],[13,-11],[10,5],[7,-2],[0,-12],[-4,-15],[2,-6],[12,-12],[24,-1],[9,-9],[6,17],[7,2],[17,-6],[11,-24],[20,26],[6,-9],[0,-9],[9,-10],[1,-10],[16,-15],[2,-19],[4,-7],[-1,-18],[11,-12],[7,-1],[7,-36],[-13,-25],[-17,-18],[5,-13],[-14,-11],[0,-5],[-35,-49],[6,-9],[23,-12],[25,5],[22,-1],[8,-3],[9,-10],[14,-7],[14,-13],[13,-6],[16,-11],[11,-16],[15,-30],[20,-9],[9,-17],[20,-15],[-12,-38],[-20,-23],[-10,-4],[15,-43],[-5,-3],[-8,8],[-7,-7],[-26,0],[-11,-17],[-21,16],[-2,13],[-18,9],[-12,-7],[-4,17],[-5,1],[-6,-13],[-9,-1],[2,-9],[-6,-9],[-14,3],[-8,-13],[-5,-18],[8,-21],[7,-27],[9,-25],[17,-11],[2,-9],[11,-18],[33,-19],[-10,-15],[1,-17],[-7,-13],[0,-7],[8,-12],[7,-26],[-2,-21],[3,-12],[14,-9],[2,-11],[9,-4],[4,-9],[-4,-10],[2,-13],[-11,-7],[0,-16],[-10,8],[-6,-1],[4,-19],[-1,-14],[2,-16],[6,-29],[-4,-23],[-7,-5],[-16,-24],[2,-33],[13,-22],[6,-38],[-10,-2],[-17,-11],[-1,-11],[-12,-18],[-21,-12],[-15,0],[-15,-16],[-25,-7],[-6,-5],[7,-20],[18,-8],[2,-9],[13,-8],[11,-18],[20,0],[4,-5],[-5,-18],[6,-4],[16,1],[0,-7],[-14,-7],[-3,-11],[17,-6],[17,-10],[17,14],[26,14],[14,3],[7,17],[16,6],[5,9],[21,8],[14,8],[14,17],[2,19],[12,12],[15,-1],[9,-9],[14,1],[7,-4],[19,3],[17,-3],[5,19],[12,4],[22,-5],[14,3],[2,14],[-4,24],[7,5],[17,0],[13,-10],[19,-3],[19,6],[16,-17],[20,-16],[11,-4],[14,-11],[15,-16],[6,-10],[7,13],[-3,13],[10,15],[8,20],[12,14],[6,2],[9,16],[11,7],[8,9],[13,-7],[13,0],[15,-11],[2,-23],[6,-17],[13,-9],[2,-14],[-6,-11],[14,0],[36,-11],[-10,-13],[8,-17],[5,-19],[-1,-17],[-5,-11],[-3,-21],[7,-21],[0,-21],[5,-7],[16,4],[14,-9],[7,9],[13,-5],[10,0],[40,-7],[43,-3],[12,5],[20,13],[5,6],[-1,10],[9,5],[3,10],[9,1],[13,10],[21,-2],[5,-4],[4,-23],[-6,-23],[10,-9],[3,-25],[21,-37],[0,-19],[5,-14],[21,-30],[15,-12],[65,-25],[40,-21],[41,-17],[34,-18],[7,-18],[18,-20],[43,-43],[-1,-13],[10,-15],[13,-2],[13,-30],[18,-13],[9,-14],[35,-24],[1,-10],[13,-14],[19,-10],[14,-16],[17,-7],[2,-6],[31,-5],[6,-9],[17,2],[10,-2],[-2,13],[18,6],[19,27],[22,12],[17,1],[17,10],[21,23],[12,10],[7,11],[7,18],[7,28],[1,25],[3,12],[22,18],[5,22],[32,52],[11,167],[-9,10],[0,22],[-5,0],[-6,20],[2,9],[13,18],[20,-12],[7,-25],[7,7],[58,11],[34,30],[17,7],[32,19],[41,39],[26,69],[21,10],[6,8],[3,14],[-16,35],[-13,11],[31,6],[22,2],[15,5],[5,-2],[56,4],[2,-4],[36,5],[6,-5],[72,8],[8,-4],[16,0],[18,-4],[15,5],[25,12],[15,11],[26,5],[8,11],[21,6],[21,28],[6,2],[15,-6],[7,2],[12,-13],[12,-8],[4,-8],[53,-107],[-2,-12],[-10,-43],[-43,-151],[-8,-33],[-22,-74],[-8,-21],[6,-10],[15,8],[10,-13],[-10,-10],[7,-15],[-4,-27],[4,-11],[14,-29],[24,-14],[7,-18],[10,5],[10,9],[9,0],[16,-8],[36,-4],[36,5],[22,-10],[33,6],[8,-1],[17,23],[16,6],[3,-11],[-6,-10],[3,-13],[13,-3],[-1,-24],[7,-12],[33,1],[7,2],[2,14],[9,8],[13,5],[16,26],[0,19],[2,20],[7,14],[21,16],[15,17],[1,7],[-31,-13],[6,86],[3,54],[3,127],[3,77],[1,41],[7,20],[2,15],[7,14],[8,9],[11,5],[12,14],[49,0],[4,-11],[13,-3],[22,8],[5,7],[23,3],[6,-4],[3,-14],[23,-31],[19,-4],[36,19],[17,2],[42,-7],[23,1],[16,5],[10,11],[-7,33],[8,11],[17,-2],[8,-23],[-4,-23],[1,-16],[11,-14],[16,-5],[15,-12],[1,-11],[-10,-22],[3,-30],[6,-8],[13,2],[10,8],[19,12],[25,3],[14,-8],[7,-10],[16,-32],[30,-30],[31,8],[24,3],[26,24],[12,6],[15,-6],[5,-9],[-1,-17],[-26,-16],[-4,-8],[2,-9],[13,-16],[9,-15],[18,-36],[15,-47],[22,-37],[23,-36],[22,-12],[32,-6],[8,-8],[15,3],[22,10],[11,1],[14,-9],[15,-22],[18,-15],[29,-18],[7,-3],[23,0],[11,-3],[24,-21],[16,-2],[21,2],[17,-6],[16,-10],[16,-13],[9,-12],[2,-11],[9,-8],[5,-35],[6,-22],[5,-12],[13,-12],[9,-1],[23,23],[16,13],[30,20],[8,6],[26,9],[14,-2],[12,-9],[9,-10],[7,-15],[5,-16],[5,-35],[0,-13],[5,-9],[15,-15],[16,-23],[25,-4]],[[66597,30104],[-3,-49],[2,-26],[16,-42],[10,-20],[7,-28],[34,-50],[17,-22],[39,-40],[24,-21],[16,-17],[14,-19],[11,-20],[7,-19],[3,-18],[-2,-27],[-5,-22],[-5,-10],[-20,-60],[-5,-22],[4,-29],[12,-23],[14,-10],[25,-2],[17,3],[25,9],[47,21],[40,5],[21,-2],[18,-10],[15,-17],[10,-30],[2,-16],[-4,-24],[-31,-57],[-3,-12],[0,-21],[4,-26],[7,-23],[18,-9],[18,-4],[13,2],[20,-7],[28,-17],[16,-20],[-4,-42],[-12,-30],[-3,-33],[-11,3],[-11,-7],[11,-32],[-1,-17],[-14,-61],[6,-34],[3,-43],[4,-33],[3,-30],[6,-38],[-1,-40],[-10,-32],[-30,-50],[-8,-15],[-2,-15],[0,-75],[-3,-20],[-1,-36],[-4,-27],[-12,-27],[-11,-21],[-6,-39],[2,-36],[9,-31],[9,-17],[13,-17],[14,-25],[30,-39],[13,-27],[4,-21],[-3,-39],[2,-19],[5,-16],[9,-16],[20,-18],[15,-3],[13,4],[17,10],[34,35],[10,8],[44,20],[40,20],[14,6],[14,2],[21,-4],[19,-9],[4,-17],[-7,-37],[5,-30],[-17,-18],[11,-23],[16,1],[8,-4],[18,-15],[27,-16],[13,-10],[33,-10],[58,-24],[10,-9],[9,-15],[4,-18],[0,-21],[-7,-47],[-1,-13],[4,-24],[11,-16],[47,-40],[78,-74],[8,-10],[39,-59],[13,-28],[5,-29],[-2,-27],[6,-43],[6,-33],[7,-11],[11,-7],[11,-3],[33,2],[39,-6],[21,-6],[17,-10],[18,-21],[11,-30],[5,-40],[0,-55],[9,-33],[-6,-26],[2,-21],[-4,-28],[-12,-24],[-12,-10],[-27,-8],[-35,1],[-27,8],[-28,13],[-33,12],[-19,3],[-20,-7],[-10,-16],[-6,-25],[-5,-32],[-2,-22],[0,-19],[5,-16],[26,-53],[4,-17],[2,-21],[-5,-19],[-17,-27],[-16,-14],[-30,-16],[-25,-8],[-22,-12],[-31,-28],[-12,-21],[-10,-28],[-13,-28],[-18,-30],[-21,-23],[-3,-9],[-11,-9],[-3,-10],[-10,-12],[-23,-17],[-17,-5],[-29,-20],[-28,5],[-21,7],[-25,-6],[-47,-19],[-21,-12],[-12,-10],[-20,-23],[-26,-41],[8,-24],[-2,-21],[-34,-33],[-36,-40],[-25,-39],[-19,-28],[-28,-21],[-33,-19],[-18,-8],[-55,-21],[-26,-12],[-12,-11],[9,-5],[37,6],[26,6],[-1,-12],[-8,-10],[-14,-4],[-10,-9],[-23,-35],[-8,-22],[-10,-8],[-15,-17],[-10,-7],[-9,-12],[-20,-7],[-10,-9],[-28,-6],[-52,-26],[-12,-8],[-32,-16],[-25,-16],[-8,-9],[0,-32],[-11,-10],[-10,-1],[-11,52],[-5,1],[-22,-12],[-4,-12],[-26,-23],[-1,-5],[-11,-12],[-14,-8],[-33,-7],[-11,-8],[1,-20],[7,-12],[0,-13],[10,-11],[17,-12],[8,-19],[-6,-22],[-23,-21],[-7,-3],[-12,-35],[25,-13],[18,14],[27,12],[20,-1],[20,9],[21,0],[17,-8],[12,-11],[6,-9],[7,-37],[-2,-16],[-6,-14],[-21,-14],[-33,-15],[-30,-7],[-22,-13],[7,-8],[-37,-31],[-15,-23],[-7,-21],[1,-8],[14,-50],[15,1],[8,-23],[1,-13],[23,-38],[16,-60],[6,-40],[4,-12],[-5,-10],[0,-23],[3,-13],[-2,-19],[0,-27],[-7,-22],[-3,-73],[-8,-34],[0,-15],[-3,-17],[-27,-46],[-28,-34],[-5,-9],[-21,-16],[-2,-11],[-19,-27],[-16,-20],[-11,-27],[-16,-16],[-3,-8],[-10,-41],[-3,-18],[-9,-38],[-7,-38],[-12,-36],[-23,-56],[-11,-19],[-19,-38],[-12,-29],[-10,-43],[-3,-18],[-1,-48],[7,-68],[9,-42],[7,-21],[9,-21],[17,-26],[16,-24],[14,-26],[11,-27],[14,-46],[3,-26],[-4,-34],[-15,0],[-20,18],[-19,12],[-14,4],[-25,1],[-10,-9],[-19,-11],[-47,-11],[-25,5],[-26,8],[-24,12],[-14,13],[-20,27],[-21,33],[-9,10],[-15,9],[-31,10],[-75,4],[-33,5],[-40,18],[-30,22],[-31,31],[-28,15],[-28,1],[-20,-7],[-18,-14],[-21,-23],[-14,-8],[-12,-3],[-24,0],[-17,2],[-64,1],[-58,-4],[-29,-6],[-61,-24],[-15,-15],[-25,-41],[-11,-23],[-20,-54],[-3,-17],[1,-21],[13,-41],[5,-19],[1,-18],[-5,-17],[-14,-19],[-16,-9],[-30,-9],[-34,-4],[-34,-8],[-28,-16],[-12,-9],[-17,-21],[-14,-36],[-11,-18],[-22,-57],[-4,-6],[-18,-37],[-9,-23],[-14,-47],[-4,-30],[-13,-52],[-13,-30],[-11,-17],[-23,-25],[-10,-21],[-1,-23],[10,-25],[14,-22],[19,-25],[39,-43],[11,-8],[21,-7],[26,0],[30,6],[19,6],[23,12],[34,26],[15,5],[15,-3],[15,-7],[24,-27],[11,-17],[7,-18],[1,-12],[-5,-29],[-9,-13],[-26,-23],[-12,-12],[-14,-26],[-8,-26],[-17,-42],[-11,-17],[-18,-20],[-16,-14],[-19,-14],[-19,-7],[-26,-5],[-23,3],[-24,7],[-27,12],[-23,5],[-25,0],[-12,-3],[-20,-11],[-21,-16],[-24,-22],[-25,-20],[-40,-28],[-18,-16],[-10,-12],[5,-11],[15,-1],[14,5],[27,4],[22,-3],[11,-16],[-1,-26],[-5,-17],[-13,-23],[-21,-25],[-14,-14],[-20,-13],[-18,-3],[-16,3],[-20,10],[-23,7],[-21,8],[-19,6],[-9,-3],[-7,-43],[-8,-22],[-19,-26],[-17,-13],[-25,-11],[-36,-22],[-28,-14],[-12,-4],[-34,-2],[-44,4],[-19,-5],[-6,-8],[-7,-36],[-10,-4],[-15,-16],[-19,-17],[-27,-20],[-28,-17],[-20,4],[-41,36],[-26,19],[-24,19],[-10,12],[-5,16],[3,23],[15,18],[22,17],[6,8],[3,20],[-11,17],[-20,16],[-5,-5],[-26,-12],[4,-6],[18,-15],[-1,-17],[-7,-7],[-14,-3],[-9,4],[-10,-2],[-21,-34],[-2,-7],[2,-21],[35,-61],[22,-47],[16,-23],[27,-20],[14,-22],[-19,-20],[-11,-8],[-22,-8],[-19,-1],[-19,5],[-11,0],[-7,-6],[-20,-33],[-14,-14],[-14,-19],[-29,-30],[-20,-10],[-28,-5],[-20,-5],[-39,-23],[-42,-22],[-16,-6],[-21,-3],[-46,2],[-19,-1],[-15,-6],[-27,-24],[-59,-34],[-10,-3],[-31,-24],[-11,-19],[-1,-11],[10,-24],[-1,-4],[-59,-143],[-2,-11],[10,-35],[-4,-43],[-7,-73],[0,-34]],[[63745,21802],[-8,8],[-46,6],[-25,7],[-43,8],[-20,6],[-40,7],[-15,5],[-36,7],[-28,9],[-10,1],[-16,6],[-33,9],[-85,31],[-10,7],[-33,16],[-4,-1],[-36,13],[-65,27],[-49,28],[-36,26],[-17,20],[-23,19],[-40,49],[-14,28],[-5,6],[-11,24],[-3,9],[-19,39],[-9,25],[-19,39],[-11,15],[41,9],[77,4],[2,-3],[25,1],[11,-18],[11,19],[-44,1],[-2,4],[-51,0],[5,12],[4,36],[-2,21],[-1,21],[11,-8],[12,8],[13,-19],[-11,-22],[-1,-9],[7,-13],[18,-13],[27,2],[-2,14],[4,24],[-15,6],[-3,13],[11,0],[13,-12],[17,-7],[-1,12],[-15,21],[9,7],[19,-28],[12,8],[-2,12],[-9,13],[-14,6],[-31,-22],[-4,-6],[-10,4],[-12,18],[-18,1],[-8,14],[22,12],[6,6],[9,-7],[27,2],[14,11],[9,12],[-4,7],[12,14],[-4,32],[4,10],[-8,10],[-14,6],[4,6],[-6,14],[-17,1],[43,31],[-2,19],[-4,7],[-11,-7],[9,-17],[-1,-5],[-28,-18],[-2,12],[-22,38],[-10,15],[-25,26],[-11,4],[-10,11],[-40,30],[-30,18],[-60,28],[-8,8],[-12,2],[-3,-8],[-15,8],[-20,-1],[-3,6],[-27,9],[-10,-5],[-17,4],[-17,-9],[-5,10],[19,11],[-6,11],[-7,-4],[-13,24],[-24,-17],[-3,-8],[15,-3],[4,-13],[-8,-8],[-20,7],[-58,11],[-88,2],[-63,-4],[-90,-12],[-47,-10],[-22,-6],[-59,-12],[-45,-13],[-4,-6],[-51,-18],[-3,-4],[-21,-7],[-21,-10],[-36,-11],[-7,-6],[-2,-9],[-12,4],[-14,-11],[1,-11],[-12,5],[-11,-9],[-4,4],[-9,-11],[-9,0],[-11,21],[16,8],[4,12],[-12,5],[-5,-14],[-12,1],[-5,-12],[12,-4],[6,-10],[1,-13],[-41,-14],[-30,-15],[-69,-45],[-44,-25],[-38,-16],[-18,-11],[-16,-5],[-16,-14],[-5,-17],[11,-1],[2,-16],[-31,22],[-9,-13],[-14,-1],[-13,-7],[-6,-9],[-8,2],[-23,-13],[-3,-8],[-22,-8],[-10,-8],[-7,-11],[-6,6],[-52,-30],[-6,-6],[-57,-40],[-33,-25],[-50,-44],[-26,-20],[-55,-49],[-25,-17],[-51,-46],[-21,-18],[-37,-33],[-28,-29],[-21,-20],[-56,-62],[-31,-39],[-24,-33],[-45,-68],[-19,-26],[-13,-21],[-5,-18],[-15,-14],[-8,-11],[-10,-10],[-21,-23],[-33,-48],[-55,-58],[-56,-40],[-11,-5],[-56,-39],[-13,10],[-3,12],[-15,4],[-5,-8],[20,-9],[6,-11],[-1,-7],[-21,-4],[-26,-8],[-4,-5],[-50,-21],[-10,-1],[-50,-20],[4,15],[-6,3],[-17,-39],[-9,3],[-17,-36],[-5,-3],[-8,15],[-13,-6],[9,-15],[-6,-3],[-15,27],[-88,-45],[-18,-16],[2,-77],[0,-14],[-16,0],[-3,18],[-6,1],[-15,-9],[-5,2],[-35,-30],[4,-8],[14,-40],[-4,-1],[-6,-17],[-7,3],[-18,-7],[-13,39],[-15,-5],[10,-29],[-13,-6],[-8,7],[-7,17],[-12,3],[22,31],[-6,6],[-18,-20],[-15,-2],[1,-23],[10,-7],[-12,-13],[-25,-13],[-4,-19],[45,10],[-1,-9],[-13,1],[-32,-5],[-9,-4],[-16,-25],[-50,2],[-8,10],[-18,-3],[-15,-9],[-8,-9],[-22,-6],[-11,12],[3,4],[-6,12],[-14,2],[-8,-8],[-15,0],[-8,5],[-20,-12],[-7,4],[-23,-14],[-14,-14],[-4,2],[-15,-8],[-59,-48],[-29,-28],[-11,-8],[-7,-10],[-42,-41],[-10,-12],[-38,-37],[-57,-61],[-5,-8],[-16,-13],[-16,-20],[-16,-15],[-17,-19],[-22,-28],[-8,-7],[-52,-63],[-71,-87],[-27,-32],[-11,-11],[-32,-44],[-15,-15],[-31,-43],[-1,-5],[-19,-23],[-16,-22],[-12,-20],[-12,-5],[-10,-11],[7,-6],[-27,-26],[-22,-30],[-9,-13],[-13,-13],[-37,-52],[-6,-11],[-20,-23],[-8,-14],[-20,-28],[-19,-31],[-7,-14],[-7,-1],[-15,9],[-10,2],[-5,9],[7,10],[-4,11],[-8,-2],[-4,-10],[6,-10],[-10,-7],[5,-14],[11,11],[11,-2],[2,-6],[14,-3],[4,-6],[-12,-15],[-11,-19],[-11,-32],[-14,-14],[-3,-10],[-8,-6],[2,-11],[-8,-5],[-9,-11],[-1,-11],[-6,-9],[-8,0],[-6,-13],[3,-14],[-16,3],[-18,-11],[-9,9],[16,27],[4,18],[18,14],[-9,11],[6,8],[-6,12],[-15,15],[-9,0],[5,-26],[-14,6],[-5,11],[-8,3],[-10,-9],[15,-7],[-11,-17],[-15,0],[-9,6],[-2,11],[-13,-9],[8,-14],[-19,-14],[-9,-3],[12,-15],[12,-2],[25,-12],[-1,-8],[13,-8],[7,-12],[-1,-11],[-14,4],[-7,9],[-20,11],[-25,3],[-20,-1],[-23,-5],[-7,-6],[-7,8],[-12,-1],[-8,-5],[-7,5],[-11,-8],[-31,14],[-8,10],[-12,-1],[-13,7],[-10,-7],[-20,1],[-5,-7],[-15,10],[-5,7],[-19,12],[-24,10],[-8,10],[-25,16],[-14,0],[-6,7],[-15,-3],[-15,9],[-13,-2],[-5,-7],[-9,12],[-9,3],[-1,11],[-10,13],[-11,10],[-2,8],[-10,10],[-31,14],[-64,-1],[-26,-3],[-25,0],[-18,-3],[-7,-8],[-37,0],[-24,-6],[-65,-22],[-33,-12],[-38,-18],[-47,-21],[-17,-10],[-23,-9],[-20,-12],[-39,-21],[-16,-6],[-30,-16],[-24,-15],[-9,-8],[-19,-8],[-10,-9],[-21,-12],[-105,-72],[-37,-28],[-52,-34],[-22,-19],[-37,-29],[-14,-13],[-18,-13],[-18,-19],[-27,-14],[-8,-9],[1,-9],[-8,-3],[-14,5],[-12,-7],[-20,-16],[-8,-1],[-22,-16],[-5,-7],[-42,-37],[-29,-28],[-19,-15],[-16,-19],[-24,-21],[-20,-22],[-28,-27],[-35,-38],[-12,-9],[-37,-37],[-3,-7],[-13,-15],[-35,-22],[-18,-17],[-10,-15],[-10,-8],[-61,-72],[-7,-11],[-9,-5],[-25,-34],[-11,-10],[-11,-15],[-22,-24],[-21,-28],[-27,-30],[-32,-44],[-17,-18],[2,-8],[-18,-13],[-14,-18],[-21,-32],[-7,-12],[-14,11],[-5,-22],[-13,-9],[-18,-28],[-12,-15],[-42,-58],[-10,-16],[-29,-39],[-23,-32],[-34,-59],[-12,-15],[-13,-23],[6,-13],[-13,2],[-33,-53],[-12,-21],[-39,-66],[-15,-30],[-16,-34],[-20,-41],[-5,-7],[14,-25],[8,-10],[-15,-6],[-43,-4],[-30,-53],[-7,-10],[-23,-45],[-14,-36],[10,-11],[-8,-3],[-8,3],[-11,-14],[-10,-18],[-29,-62],[-10,-16],[-35,-77],[-35,-76],[-26,-58],[-11,-22],[-16,-42],[-4,-12],[-12,-30],[-6,-18],[-28,-67],[-16,-43],[-7,-18],[-12,-37],[-17,-43],[-15,-50],[-17,-49],[-12,-18],[9,-11],[17,-37],[12,-9],[6,-13],[-10,1],[-19,10],[-7,-5],[-12,-16],[-10,-23],[-16,-51],[-10,-35],[-10,-29],[-5,-25],[-16,-53],[-2,-14],[-9,-31],[-6,-33],[-8,-28],[-7,-40],[-7,-25],[-1,-10],[-11,-48],[-15,-89],[-4,-34],[-9,-41],[0,-13],[-6,-24],[-3,-37],[-7,-45],[-2,-41],[4,-47],[5,-21],[30,-14],[14,-2],[34,-19],[17,-5],[6,-17],[-2,-13],[13,-14],[15,-10],[6,-10],[5,-26],[-6,-13],[0,-19],[-5,-13],[-2,-18],[-7,-32],[0,-7],[-9,-38],[-8,-40],[-3,-26],[-5,-15],[-3,-27],[-4,-13],[-3,-25],[-7,-34],[6,-5],[0,-14],[-11,-41],[-5,-37],[3,-23],[-8,3],[-11,-1],[-8,5],[-7,10],[5,11],[-16,10],[-5,-12],[12,-16],[15,-13],[13,1],[-5,-13],[-12,3],[-12,-18],[-9,-1],[4,14],[-6,3],[-23,-15],[-11,-25],[-46,-82],[3,-21],[9,-21],[15,18],[6,-15],[9,0],[-3,23],[8,15],[-7,5],[-9,-17],[-7,3],[9,18],[18,21],[9,-5],[15,26],[-19,12],[8,6],[8,-5],[9,19],[11,3],[8,11],[7,-5],[10,20],[12,-11],[-1,-18],[-5,-28],[-5,-19],[-2,-21],[-4,-11],[-3,-25],[-10,-56],[1,-22],[-6,-23],[-9,-89],[0,-14],[-3,-17],[-3,-42],[-4,-36],[0,-6],[-4,-42],[-2,-42],[-14,-132],[3,-10],[0,-16],[-3,-10],[-3,-29],[0,-17],[-7,-4],[-6,-17],[-1,-14],[11,-5],[8,10],[8,0],[-1,-30],[-3,-14],[-3,-32],[-4,-25],[0,-21],[-3,-15],[2,-23],[-1,-19],[3,-20],[-3,-22],[-1,-47],[-2,-80],[-2,-26],[2,-24],[-4,-20],[0,-26],[10,-14],[1,-12],[-4,-22],[2,-17],[-5,-48],[-2,-11],[3,-14],[-2,-33],[1,-9],[-5,-42],[1,-19],[9,-13],[-2,-17],[4,-15],[2,-26],[-34,-10],[1,-6],[16,4],[11,7],[10,-1],[-2,-23],[1,-20],[-5,-45],[0,-15],[-8,-84],[-3,-7],[-11,2],[-13,13],[-14,8],[-9,-6],[11,-7],[-2,-12],[-15,1],[-10,8],[-20,23],[0,-11],[-9,-18],[12,-6],[10,12],[14,-13],[13,-1],[6,-13],[12,11],[15,-10],[8,7],[9,-15],[-9,-32],[-3,-25],[-1,-39],[-4,-32],[-1,-39],[-2,-13],[-5,-116],[-4,-38],[1,-22],[-4,-60],[7,-29],[0,-33],[2,-96],[-1,-20],[3,-30],[-1,-12],[3,-14],[-2,-27],[4,-13],[-2,-24],[1,-31],[6,-37],[1,-14],[14,-22],[-5,-4],[-15,16],[-7,-6],[12,-18],[9,-5],[-22,-19],[7,-11],[-6,-5],[10,-10],[5,-10],[-1,-12],[-12,-9],[-2,-8],[-13,-6],[-7,-11],[14,-2],[1,-17],[11,-17],[4,-9],[-6,-21],[11,1],[4,10],[6,27],[0,23],[-8,16],[4,78],[12,0],[1,-28],[3,-26],[-1,-26],[5,-49],[4,-21],[7,-20],[3,-22],[4,-44],[9,-74],[-1,-17],[3,-34],[-1,-26],[4,-85],[2,-15],[0,-24],[2,-7],[1,-41],[4,-39],[4,-16],[1,-22],[4,-14],[1,-23],[11,-58],[6,-25],[6,-10],[-3,-20],[-9,-4],[-4,10],[-12,-6],[-4,-11],[6,-9],[12,2],[25,14],[0,-12],[19,-31],[8,-8],[18,-11],[17,1],[13,-4],[6,6],[17,2],[11,-5],[14,0],[2,-7],[12,-4],[3,-6],[12,3],[17,-8],[21,-17],[7,-16],[16,-11],[6,-14],[-8,-13],[5,-5],[-3,-9],[2,-8],[10,-3],[5,9],[11,-1],[2,7],[13,4],[11,-16],[15,-6],[13,17],[11,-5],[5,-14],[8,14],[7,-6],[6,3],[3,10],[14,-2],[9,5],[18,-15],[-7,-14],[23,2],[7,-5],[9,-17],[-16,-13],[-29,4],[4,-9],[-15,-26],[9,-8],[16,23],[16,-5],[6,7],[7,-3],[4,11],[17,0],[6,13],[9,2],[3,12],[22,-1],[15,-15],[15,-5],[17,-14],[10,1],[18,-10],[3,-6],[13,0],[20,-9],[-12,-17],[-21,-8],[-13,-1],[2,-16],[4,-12],[-9,-5],[-4,-10],[-14,1],[1,-14],[-25,-19],[-16,-2],[-3,-9],[12,-6],[0,-22],[8,-9],[9,5],[8,-1],[0,-14],[5,-7],[11,-4],[9,10],[17,5],[7,-3],[-3,-13],[4,-12],[-15,-7],[-7,-20],[4,-5],[-3,-15],[4,-11],[-1,-12],[-10,-12],[-14,-4],[-4,-13],[-9,-9],[8,-4],[22,-21],[2,-9],[-17,-12],[5,-13],[26,-17],[10,0],[10,12],[5,-7],[34,-2],[19,-4],[1,-12],[18,-4],[4,-8],[17,0],[13,5],[11,-6],[0,-27],[-8,-27],[7,-21],[13,-8],[13,-14],[5,-12],[12,-8],[9,-9],[-3,-11],[-17,-11],[10,-16],[-23,-8],[-3,-9],[6,-9],[21,3],[8,-14],[10,-6],[20,-1],[1,-11],[-11,-4],[-3,-19],[-16,-1],[-18,-19],[12,-6],[14,-12],[1,-8],[34,-13],[3,-21],[-6,-8],[3,-10],[-3,-12],[-9,-13],[-6,2],[-2,-14],[20,-7],[5,9],[9,-8],[4,12],[9,-3],[12,11],[12,-11],[7,-21],[-19,-3],[-8,-11],[0,-16],[3,-9],[-11,-8],[-14,10],[-12,0],[-15,-4],[-19,10],[-20,-8],[-22,-12],[-12,3],[-14,13],[-11,-6],[-9,-1],[-11,-10],[-28,-9],[-8,7],[-24,0],[-11,17],[-21,0],[-15,4],[-20,-9],[-31,-2],[-14,5],[-12,10],[-7,16],[-16,-6],[-6,-9],[-16,-8],[-18,-5],[-16,3],[-18,-17],[0,-8],[-10,-24],[-16,-9],[-8,-16],[0,-17],[-25,-14],[-18,-1],[-18,2],[-20,0],[-6,3],[-18,-2],[-12,3],[-10,13],[-23,15],[-4,12],[-17,20],[-5,21],[-1,18],[-8,-2],[-24,4],[-13,5],[-2,16],[-5,7],[-6,23],[-7,8],[1,12],[-17,10],[-4,6],[-18,5],[-10,9],[-11,3],[-11,27],[-12,9],[-18,33],[-7,8],[0,14],[-17,13],[-11,12],[0,17],[-3,26],[-8,4],[-6,24],[-6,9],[-5,14],[-1,16],[-8,18],[2,11],[-11,34],[-21,-3],[-14,4],[-9,8],[-15,2],[-15,-11],[-14,-14],[-11,-4],[-16,0],[-10,-11],[-9,-1],[-28,-16],[-23,-29],[-40,29],[-13,4],[-13,7],[-5,14],[-20,15],[-6,-1],[-21,4],[-27,-1],[-19,6],[-15,-9],[-12,-2],[-18,-12],[-3,-7],[3,-16],[-13,-10],[-5,-12],[-25,2],[-22,-9],[-14,-9],[-24,-4],[-6,12],[-13,21],[-20,25],[-1,12],[-10,17],[-19,14],[-29,16],[-19,16],[-12,16],[-7,14],[-16,-17],[-23,-8],[-11,-9],[-14,-5],[-4,-14],[-17,-18],[-18,-1],[-15,-21],[-2,-15],[-9,-19],[-8,-27],[-12,-13],[-5,-12],[3,-9],[-3,-43],[-5,-5],[-19,-5],[-20,-18],[-25,4],[-28,10],[-13,-4],[-27,-2],[-28,17],[-13,16],[-20,7],[-10,6],[-18,6],[-18,-7],[-8,-10],[-12,-5],[-25,7],[-11,12],[-12,22],[-16,18],[-11,7],[-30,12],[-16,-8],[-12,-11],[-8,-13],[-7,0],[-5,-8],[5,-27],[0,-13],[-17,-47],[-33,-10],[-19,11],[-8,-1],[-21,10],[-22,17],[-12,2],[-31,11],[-8,5],[-8,-14],[-2,-12],[-13,-8],[0,-17],[-20,-18],[-4,-10],[4,-11],[7,-7],[-2,-18],[-11,-34],[-10,-14],[-19,-43],[-6,-6],[-13,0],[-19,12],[-12,-1],[-11,7],[-27,-24],[-8,-20],[-8,-5],[-13,-19],[-2,-21],[-11,-8],[-18,6],[-12,14],[-3,-11],[4,-11],[-1,-16],[-11,-20],[-10,-30],[-1,-23],[8,-24],[-9,-15],[-11,2],[-5,-4],[-11,4],[-24,-2],[-17,4],[-5,-11],[-11,-4],[-33,1],[-15,-25],[-18,-26],[-12,-4],[-8,8],[-18,1],[-17,-13],[-15,21],[-13,10],[-14,24],[-5,4],[-14,1],[-12,11],[-4,14],[-7,15],[-1,18],[-13,26],[-11,6],[-11,1],[-7,-10],[-25,0],[-19,-5],[-16,2],[-10,-10],[-15,-6],[-24,5],[-15,8],[-4,-7],[-11,-6],[-7,-10],[-37,4],[-33,-11],[-7,1],[-17,-6],[-4,-13],[-18,-12],[-2,-8],[-16,-22],[-23,-14],[-7,2],[-3,-16],[-13,-13],[-10,-5],[-23,-6],[-14,-6],[-25,-38],[-11,-5],[-17,-2],[-17,11],[-17,-2],[-10,1],[-9,-4],[-15,-1],[-5,-5],[-28,-10],[-16,-17],[-5,-13],[15,-26],[-5,-56],[-4,-22],[1,-17],[-6,-9],[0,-16],[-17,-13],[-15,-1],[-7,-9],[-48,16],[-15,11],[-22,4],[-11,-12],[-1,-19],[9,-14],[27,-21],[11,-14],[19,-36],[4,-42],[7,-10],[-4,-21],[-7,-11],[-2,-32],[13,-11],[6,0],[10,-23],[16,-9],[16,2],[9,-13],[2,-8],[18,-12],[-7,-12],[14,-6],[-3,-13],[2,-9],[8,-6],[1,-16],[-4,-29],[6,-36],[-7,-41],[-21,-7],[-5,-8],[-14,-4],[-20,8],[-19,-1],[-14,-7],[-9,8],[-11,-4],[-16,7],[-13,-2],[0,18],[-12,-1],[-15,11],[-9,0],[-11,-6],[-26,4],[-6,7],[-9,-4],[-14,2],[-8,-8],[-17,4],[-11,-1],[-10,10],[0,14],[-14,3],[-14,1],[-6,-9],[-27,-1],[-6,-5],[-24,6],[-10,-2],[-22,9],[-23,4],[-8,-1],[-13,17],[-11,0],[-15,7],[-24,1],[-6,25],[-35,10],[-19,3],[-31,20],[5,16],[-13,9],[-20,-3],[-14,1],[-23,10],[-8,0],[-23,-7],[-10,1],[-9,8],[-13,-18],[-8,-1],[-12,6],[-14,-2],[-16,4],[-1,-10],[6,-10],[-21,-9],[-7,1],[-14,-8],[-13,4],[0,-23],[-3,-18],[7,-17],[-8,-8],[3,-14],[-4,-9],[-11,-10],[6,-13],[-4,-7],[-16,-8],[2,-5],[-11,-17],[-27,5],[-2,-26],[-16,-40],[-21,3],[-28,0],[-12,-10],[-14,1],[-31,5],[-13,6],[-18,5],[-10,10],[-26,4],[-35,16],[-6,21],[-34,21],[-16,1],[-19,15],[-31,-4],[-14,-7],[-10,7],[-34,-24],[-12,6],[-12,-11],[-18,11],[-4,10],[-17,24],[-7,7],[-5,27],[-20,16],[-4,14],[-4,33],[-10,17],[-15,16],[-6,23],[-7,13],[-24,18],[-26,10],[-15,1],[-3,39],[-10,25],[-36,-3],[-14,-4],[-24,17],[-10,3],[-10,13],[-25,21],[-6,3],[-19,25],[-6,11],[6,16],[-4,16],[7,10],[-1,14],[9,17],[-5,20],[8,12],[-10,38],[-11,16],[-26,7],[-23,-5],[-16,0],[-14,-6],[-20,-2],[-20,-10],[-7,-6],[-16,5],[-26,11],[-17,-3],[-6,8],[-8,0],[-10,11],[-19,7],[-27,2],[-7,8],[-18,6],[-15,19],[-5,1],[-7,16],[-8,2],[-25,0],[-17,10],[-12,1],[-18,-6],[-16,-1],[-7,-4],[-25,8],[-15,11],[-11,3],[-25,1],[-13,12],[-16,1],[-21,13],[-10,4],[-22,13],[-17,17],[-10,18],[-2,22],[7,31],[-13,15],[-13,-1],[-12,-6],[-15,4],[-20,-6],[-6,-4],[-12,4],[-7,-5],[-19,14],[-23,4],[-20,18],[-6,11],[-6,3],[-6,11],[-10,9],[2,28],[-15,17],[-32,18],[-15,-1],[-7,3],[-18,-3],[-4,-11],[-12,-19],[-11,-6],[-7,-9],[-15,-8],[-22,-3],[-18,3],[-12,-2],[-16,18],[-19,12],[2,11],[-6,7],[-23,14],[-21,10],[-12,15],[-2,9],[-12,-3],[-18,19],[-10,3],[-23,-7],[-26,18],[-15,22],[-15,4],[-16,9],[-32,-22],[-4,-21],[-8,-15],[-18,-17],[-8,-25],[-15,-3],[-12,3],[-23,-8],[-16,-10],[-7,-9],[-12,-3],[-23,8],[-11,-5],[-22,-2],[-14,-5],[-23,-20],[-4,-6],[-33,-1],[-7,-12],[-23,-18],[-23,-5],[-4,-23],[-16,-2],[-19,-8],[-11,2],[-16,10],[-21,8],[-24,2],[-3,-13],[-12,4],[-13,0],[-17,18],[-11,-8],[-16,-5],[-8,14],[-36,28],[-20,5],[-18,15],[-6,0],[-9,-15],[-29,-1],[-13,-6],[-13,5],[-6,9],[-19,-19],[-36,-7],[-14,-23],[-13,-6],[-18,-19],[-27,0],[-10,-7],[-16,-5],[-38,-24],[-7,-15],[-10,-8],[-8,-11],[-17,-48],[3,-12],[-7,-12],[-5,-54],[-26,-11],[-18,-12],[-2,-21],[3,-23],[-4,-16],[4,-26],[7,-34],[-7,-9],[-17,-13],[-19,1],[-20,-20],[-10,11],[-17,-11],[-5,-7],[-12,-7],[-7,-10],[-21,-11],[-12,-1],[-20,-14],[-14,-5],[-7,-29],[-8,-8],[-4,-19],[1,-46],[-15,-21],[-15,20],[-12,8],[-37,4],[-17,6],[-9,-21],[-12,-10],[-21,-8],[-13,-14],[-16,-7],[-24,-20],[-14,8],[-19,1],[-29,-2],[-22,-7],[-31,0],[-9,-5],[-16,2],[-19,1],[-15,6],[-32,-27],[-30,-2],[-5,4],[-14,-20],[-20,-32],[-16,-36],[-12,10],[-11,17],[-2,7],[2,24],[-4,3],[-24,-2],[-20,11],[-15,21],[-15,-6],[-16,3],[-4,5],[-6,22],[-7,9],[-13,9],[-9,-8],[-11,-1],[-14,8],[-10,17],[-10,3],[-22,44],[-17,31],[-11,25],[-7,3],[-15,-1],[-13,11],[-10,3],[-7,8],[-4,16],[-11,21],[-8,5],[-8,17],[-11,12],[-5,13],[1,22],[-3,9],[4,25],[-15,18],[-12,17],[-5,21],[-1,26],[5,20],[5,37],[-5,30],[-10,15],[-26,48],[-2,16],[6,9],[2,24],[0,18],[15,75],[-18,9],[-3,7],[-13,10],[-12,4],[-49,10],[-22,22],[-3,-1],[-1,38],[7,29],[8,43],[0,37],[-17,37],[-5,16],[-19,42],[-29,10],[-41,-38],[-40,-41],[-30,-7],[-35,14],[-13,-6],[-18,16],[-21,1],[-11,3],[-7,8],[-18,2],[-11,-4],[-6,-20],[-31,1],[-10,23],[-18,-7],[-16,3],[-4,9],[-7,52],[-1,25],[-15,21],[-29,17],[-12,4],[-19,10],[-27,22],[-24,11],[-15,-3],[-19,-36],[-24,12],[-17,12],[-5,13],[-21,15],[-14,8],[-1,11],[-9,32],[-16,25],[1,16],[-12,7],[-13,14],[-35,30],[-4,9],[-29,8],[-21,7],[-14,11],[-11,18],[-46,-36],[-59,39],[-25,35],[-84,-50],[-96,7],[-109,14],[-10,23],[-12,9],[-25,3],[-13,4],[-12,11],[-19,27],[-11,5],[-18,-9],[-24,-3],[-14,2],[-13,-11],[-9,3],[-34,-14],[-3,27],[-6,8],[-1,17],[-7,29],[-8,9],[-5,16],[-3,61],[3,31],[-4,36],[-3,6],[-24,15],[9,8],[18,7],[15,-1],[7,13],[7,5],[-6,23],[1,21],[5,13],[6,5],[8,25],[6,-13],[6,2],[-2,32],[10,31],[-3,11],[2,15],[-5,8],[-1,17],[6,15],[-2,15],[10,11],[-4,15],[4,5],[0,16],[-6,11],[-2,15],[16,20],[11,28],[-3,3],[12,27],[7,4],[50,63],[9,-1],[6,11],[12,0],[11,7],[13,3],[14,-4],[13,7],[15,-3],[14,5],[26,-10],[13,2],[5,8],[20,7],[11,8],[1,8],[10,0],[5,8],[29,19],[4,8],[19,11],[1,9],[11,10],[-14,13],[-3,17],[-7,31],[-13,25],[-23,-5],[-14,-7],[-26,-8],[-29,-3],[-49,5],[-15,12],[-18,7],[-18,-2],[-6,3],[-15,18],[-9,0],[-10,8],[-21,12],[-13,13],[-27,-1],[-22,4],[-9,6],[-16,-7],[-25,4],[-10,14],[-1,47],[2,28],[-1,7],[1,29],[8,3],[23,21],[6,17],[-2,15],[5,17],[12,4],[15,17],[1,13],[10,8],[-5,26],[-8,14],[-16,0],[-9,-14],[-13,3],[-13,10],[-15,1],[-23,9],[-18,-13],[-12,-4],[-32,-2],[-10,6],[-6,11],[-10,1],[-16,15],[-9,14],[-15,9],[-23,10],[-6,14],[-8,4],[-13,-5],[-14,2],[-16,-6],[-11,14],[-8,4],[-18,2],[-22,11],[-21,-3],[-15,-23],[-11,1],[-10,-5],[-11,-14],[-13,7],[-14,-1],[-9,4],[-8,-3],[-16,-13],[-3,-12],[-19,9],[-3,6],[-28,6],[-1,8],[-9,8],[0,14],[-9,12],[-2,11],[-6,3],[-52,11],[-20,7],[-20,-1],[-4,4],[-10,19],[-47,-26],[-4,-6],[-15,-9],[-35,10],[-19,-15],[-9,0],[-12,10],[-34,-2],[-15,20],[-11,-2],[-9,-10],[-12,-7],[-11,-13],[-17,2],[-15,24],[-6,15],[-13,14],[-8,18],[-13,8],[-24,0],[-16,3],[-6,-2],[-11,8],[-8,13],[-16,13],[-9,20],[2,18],[-3,13],[-21,15],[-1,31],[-8,17],[-23,0],[-20,6],[-12,16],[0,8],[-11,15],[-18,13],[-12,-2],[-16,-14],[-10,6],[-8,8],[-20,6],[-23,20],[-11,-7],[-28,-11],[-2,-5],[-21,-11],[-14,-3],[-14,-20],[-12,-7],[-7,1],[-18,15],[-14,5],[-14,-8],[-16,-16],[-9,1],[-8,-20],[-11,-16],[-8,-6],[-5,5],[-19,0],[-16,3],[-17,-6],[-14,1],[-12,-4],[-47,4],[-3,21],[-11,10],[-16,28],[-11,21],[-9,-5],[-8,1],[-22,-12],[-10,-3],[-15,4],[-14,-6],[-24,0],[-1,-9],[2,-20],[-3,-18],[-8,-13],[-1,-11],[7,-9],[-6,-16],[-1,-15],[-15,-20],[-19,-21],[-15,-11],[0,-19],[-7,-9],[-3,-17],[4,-9],[14,-8],[2,-19],[-6,-14],[3,-17],[9,-11],[2,-10],[8,-9],[5,-30],[21,-43],[-5,-15],[-14,-8],[-12,-25],[-18,-12],[-8,-22],[-12,-2],[-17,6],[-6,-2],[-5,-13],[-13,1],[-14,-11],[-4,-11],[-12,-11],[-9,-2],[-15,5],[-19,-2],[-9,9],[-12,5],[-14,-3],[-24,2],[-27,-9],[-6,6],[-14,28],[-11,7],[-2,17],[-6,16],[-9,14],[-8,4],[-4,11],[0,16],[4,6],[6,25],[-10,5],[-7,10],[-2,15],[-17,16],[-10,1],[-8,9],[-4,13],[-11,8],[-1,17],[-4,25],[-7,16],[1,21],[-16,31],[-2,26],[-3,8],[11,10],[-2,20],[-17,20],[0,16],[-5,8],[-2,15],[7,23],[-7,16],[6,26],[-5,16],[-20,6],[-8,9],[-8,2],[-11,-7],[-21,18],[-4,6],[5,15],[-9,5],[-8,23],[0,17],[-22,19],[-4,9],[-18,13],[-17,2],[-16,-9],[-17,5],[-1,18],[7,20],[8,11],[-6,15],[-6,7],[-7,26],[7,4],[6,13],[-8,20],[3,12],[7,4],[6,20],[-4,18],[-14,23],[-17,17],[-27,11],[-16,21],[-8,6],[-1,8],[-16,-6],[-15,0],[-13,4],[-4,5],[-11,0],[-6,-5],[-18,-4],[-16,19],[-6,12],[-14,4],[-10,6],[-17,4],[-12,6],[-9,12],[-11,22],[3,25],[8,8],[-5,25],[7,12],[-3,13],[12,21],[25,21],[1,13],[-4,31],[-21,1],[-17,5],[-18,-1],[-16,-3],[-23,-8],[-20,5],[-17,-9],[-6,6],[0,19],[-9,9],[-3,25],[-16,5],[-21,-4],[-32,-2],[-7,-10],[-20,-13],[-13,-11],[-16,-20],[-19,0],[-34,-13],[-13,10],[-13,-4],[-16,-1],[-10,4],[-15,1],[-18,9],[-11,0],[-23,-6],[-30,-23],[-13,0],[-25,-19],[-23,-8],[-6,12],[-6,23],[-12,13],[-9,-3],[-26,-3],[-9,3],[-8,-6],[-1,-19],[-10,-5],[-27,-3],[-6,-3],[-8,8],[-13,-2],[-11,-6],[-21,-4],[-1,15],[-12,26],[-5,16],[-15,10],[-5,15],[-17,5],[-14,0],[-13,19],[-19,-4],[-12,5],[-14,3],[-10,22],[-17,1],[-7,3],[-12,-12],[-3,-8],[-22,-20],[-19,-7],[-4,-10],[-18,-9],[-6,-13],[-33,3],[-14,6],[-11,-4],[-16,0],[-5,-12],[-10,-6],[-11,-2],[-1,-7],[-15,-4],[-17,3],[-12,-6],[-22,-4],[-8,6],[-14,-1],[-8,-14],[-17,-11],[-14,-3],[-10,-9],[-21,-6],[-16,-19],[3,-7],[-7,-16],[-19,-10],[-18,-2],[-12,8],[-18,3],[-15,18],[-15,9],[-1,5],[-14,5],[-9,14],[-11,12],[-24,14],[-6,6],[-5,26],[-13,14],[-19,13],[-16,1],[-35,26],[-17,15],[-10,16],[-14,6],[-2,27],[8,27],[7,12],[1,10],[-7,17],[-11,5],[-13,14],[1,27],[4,6],[-8,19],[-2,14],[6,17],[8,7],[5,24],[-12,8],[-6,10],[-12,34],[-13,17],[-10,4],[-12,17],[-8,3],[-17,39],[-9,1],[-13,9],[-13,1],[-10,10],[-11,-2],[-9,5],[-4,22],[0,31],[-6,10],[-14,7],[-15,2],[-14,-2],[-19,9],[-13,4],[-21,12],[-6,8],[-18,8],[-4,10],[-19,8],[1,8],[-5,14],[-10,3],[-11,14],[-4,18],[2,10],[-10,14],[-21,21],[-12,-2],[-9,-21],[-9,-28],[-7,-8],[-27,2],[-18,0],[-12,5],[-22,1],[-17,-4],[-5,-9],[-9,-2],[-25,8],[-23,-7],[-15,-10],[-28,1],[-8,14],[10,21],[-5,9],[-32,17],[-22,-6],[-16,6],[-4,-18],[-9,-4],[-21,16],[-23,3],[-11,-3],[-25,10],[-16,-4],[-18,16],[-8,0],[-13,-7],[-27,25],[-15,5],[-12,-8],[-11,-1],[-15,-13],[-23,-11],[-10,-7],[-10,5],[-16,-8],[-20,4],[-34,-1],[-22,27],[-10,5],[-2,9],[-9,8],[10,5],[3,17],[-14,21],[-14,14],[-32,13],[-11,11],[-8,25],[-6,17],[-28,18],[-13,5],[-9,-8],[1,-7],[-7,-12],[-25,-2],[-28,-15],[-21,-1],[0,-12],[-6,-14],[-18,-2],[-9,-11],[-15,-7],[-12,-14],[-5,-12],[-9,-9],[-6,-16],[-6,-7],[-7,-18],[-17,-9],[-13,6],[-19,0],[-15,10],[-21,17],[0,7],[-11,9],[-13,1],[-4,20],[-9,7],[-22,5],[-11,-4],[-20,5],[-4,12],[1,14],[-5,17],[-21,12],[-13,12],[-13,4],[-9,26],[-9,7],[-7,-2],[-25,14],[-12,23],[-19,11],[-16,18],[-24,5],[-12,13],[-16,-7],[-6,1],[-20,16],[-19,-4],[-10,12],[-17,12],[-7,9],[-23,17],[-20,20],[-9,15],[-6,20],[-13,10],[-24,-1],[-16,8],[-12,8],[-14,3],[-14,7],[-16,-4],[-39,-8],[-9,4],[-8,-1],[-18,14],[-14,5],[-20,15],[-12,1],[-17,16],[-4,13],[-19,-1],[-10,22],[-5,4],[-27,9],[-2,6],[-17,5],[-21,0],[-10,8],[-24,8],[-21,-7],[-16,1],[-11,-13],[-2,-9],[-13,-8],[-10,-1],[-9,-8],[-9,3],[-14,-4],[-18,5],[-19,-7],[-19,3],[-24,15],[-9,8],[-7,-1],[-33,9],[-7,10],[-17,1],[-6,8],[-3,18],[-13,3],[-28,15],[-22,7],[-19,19],[-24,-2],[-48,17],[-20,4],[-2,12],[-6,19],[4,8],[-6,16],[-13,9],[-8,-3],[-25,22],[-14,7],[-31,6],[-26,0],[-21,17],[-40,15],[-23,-18],[-16,-9],[-21,-16],[-36,-12],[-18,-10],[-24,4],[-5,-5],[-15,3],[-17,-7],[-13,3],[-17,1],[0,-18],[6,-27],[-4,-30],[-12,-6],[-33,-24],[-23,-6],[-37,-26],[-25,-30],[-3,-22],[6,-39],[8,-11],[4,-23],[6,-10],[17,-8],[7,-12],[10,-6],[14,-13],[6,-31],[-14,-14],[-12,-19],[0,-6],[-11,-25],[0,-18],[5,-14],[18,-25],[8,-29],[9,-10],[0,-14],[-9,-29],[-15,-5],[-8,-14],[-25,-17],[-18,0],[-12,-22],[-2,-11],[-8,-13],[-7,-2],[-11,-20],[-2,-18],[-7,-23],[-13,-18],[-1,-9],[-16,2],[-7,-4],[-10,-15],[1,-7],[11,-6],[13,-18],[0,-10],[15,-18],[12,-2],[9,-6],[16,4],[15,-11],[26,-6],[17,0],[9,-2],[-17,-41],[-14,-14],[-27,-20],[-11,6],[-7,-1],[-12,-16],[-23,-19],[-4,-9],[7,-7],[-1,-13],[-5,-22],[-8,-18],[-7,-3],[-15,-26],[-32,-12],[43,-31],[82,8],[10,-5],[5,-13],[17,-8],[0,-20],[-7,-10],[-3,-12],[4,-24],[7,-11],[20,-7],[-5,-14],[1,-9],[6,-7],[-4,-9],[2,-12],[8,-5],[4,-12],[7,-6],[-2,-17],[8,-21],[8,-6],[19,-7],[12,-8],[8,-12],[6,-13],[2,-20],[8,-9],[-3,-6],[-15,-14],[-19,-26],[3,-4],[-10,-13],[7,-10],[10,-6],[0,-7],[8,-23],[17,-20],[10,-4],[9,-14],[-7,-27],[-6,-13],[-17,-14],[-13,-7],[-16,-41],[2,-30],[4,-13],[9,-5],[-1,-35],[-37,-11],[-10,-6],[-13,3],[-17,16],[-17,4],[-15,-6],[-9,1],[-14,10],[-34,3],[-29,21],[-22,-9],[-10,1],[-10,-7],[-12,-2],[-24,9],[-34,16],[-20,6],[-31,-7],[-44,12],[-5,12],[-16,2],[-20,10],[-26,8],[-10,0],[-11,12],[-8,21],[-18,10],[-5,11],[-15,11],[-12,-11],[-9,-4],[-5,-11],[0,-21],[-18,-22],[-7,-23],[-2,-17],[-14,-2],[-10,10],[-15,-1],[-15,-6],[-10,6],[-17,-3],[-14,2],[-18,16],[-7,10],[-13,-15],[-8,2],[-17,15],[-17,2],[-10,5],[-14,-1],[-16,6],[-17,-2],[-26,11],[-19,-1],[-18,11],[-30,-12],[-16,1],[-33,-1],[-16,17],[-13,9],[-26,-3],[0,-15],[-2,-6],[-17,-9],[-19,-19],[1,-32],[-11,-15],[-3,-10],[-11,-6],[-9,-1],[-10,4],[-27,4],[-7,5],[-13,1],[-13,-3],[-12,5],[-18,-3],[-13,-7],[-31,6],[-14,6],[0,10],[-8,12],[-7,3],[-11,10],[-17,13],[-35,19],[-13,0],[-16,4],[-11,-2],[-8,3],[-12,-2],[-9,-17],[-16,-17],[-1,-10],[-9,-11],[-21,-3],[-12,-10],[-14,-3],[-7,2],[-22,-5],[-11,11],[-16,8],[-9,-14],[-9,-9],[-9,1],[-15,-11],[-11,1],[-28,-3],[-7,-7],[-19,-7],[-13,17],[-19,0],[-5,-5],[-27,-6],[-5,7],[-27,-6],[-7,10],[-2,17],[-24,15],[-11,4],[-24,2],[-23,4],[-19,1],[-4,-4],[-28,13],[-12,20],[-22,5],[-8,5],[5,17],[-5,16],[-3,21],[-9,19],[1,31],[3,4],[-7,31],[-8,1],[-24,-7],[-21,-10],[-24,23],[-13,3],[-15,0],[-15,2],[-15,10],[-10,15],[-3,18],[-12,16],[-9,3],[-11,11],[-10,4],[-11,11],[-22,15],[-6,-19],[0,-15],[-7,-10],[-14,-8],[-11,-2],[-15,-11],[-5,-9],[-12,-9],[-11,-17],[-9,-10],[-11,-30],[-22,3],[-11,-1],[-19,-10],[-11,-14],[-11,-6],[-17,-6],[-24,-17],[-21,-4],[-4,-20],[0,-28],[11,-29],[-11,-19],[-3,-20],[-16,-28],[7,-19],[5,-23],[-17,-34],[-15,1],[-23,7],[-6,-5],[-12,-1],[1,-12],[-9,-11],[-13,-8],[-9,-1],[-15,-13],[-16,-6],[-12,-13],[-8,-1],[-6,-13],[-12,-16],[-20,-15],[-15,14],[-5,11],[-17,16],[-42,31],[-4,16],[-17,15],[-24,26],[-5,19],[-5,6],[-23,16],[-11,13],[-23,4],[-13,6],[-12,11],[6,13],[8,9],[20,48],[-4,6],[-2,22],[-12,10],[-7,15],[-13,37],[-16,27],[-1,28],[-5,22],[-19,1],[-11,11],[-16,9],[-4,-2],[-18,5],[-9,-2],[-6,-8],[-37,5],[-15,-1],[-23,-7],[-17,14],[-14,3],[-26,-4],[-9,-12],[-14,5],[-15,13],[-11,5],[-30,23],[-9,10],[-7,3],[-7,13],[-18,25],[-14,2],[-15,17],[-1,6],[-28,7],[-13,10],[-18,2],[-18,12],[-13,-4],[-16,3],[-15,18],[-21,4],[-5,11],[-11,0],[-17,5],[-8,6],[-25,3],[2,-7],[-9,-19],[-22,-9],[-6,-11],[-28,-24],[-18,-5],[-9,-11],[-3,-16],[5,-23],[-2,-15],[-7,-3],[-16,2],[-13,11],[-41,4],[-15,-10],[-16,-4],[-20,-8],[-5,2],[-9,-7],[-23,0],[-10,5],[-11,-18],[-7,-19],[0,-15],[-5,-15],[-12,-13],[-7,1],[-11,-7],[-12,2],[-20,-9],[-20,0],[-17,-6],[-12,-18],[-11,-3],[-6,3],[-20,-7],[-31,0],[-3,-3],[-16,11],[-20,8],[-11,13],[-28,14],[-17,14],[-20,12],[-10,-1],[-18,-14],[-12,6],[-5,-6],[-13,-6],[-18,-1],[-13,-4],[-4,-5],[1,-13],[-13,-16],[-12,-9],[-12,-13],[7,-27],[-12,-28],[-8,-7],[-10,-5],[-20,-12],[-12,-6],[-9,-18],[-25,-14],[-28,5],[-15,-2],[-5,-10],[-9,-9],[-13,-3],[-25,17],[-24,-1],[-15,15],[-19,5],[-5,4],[-30,9],[-15,9],[-22,7],[-5,4],[-20,-1],[-15,-10],[-30,4],[-3,-10],[7,-11],[-2,-49],[-11,-18],[-13,-5],[-1,-13],[-10,-11],[-18,-6],[-5,-9],[-13,-1],[2,-19],[-15,-2],[-5,-10],[-14,-6],[-9,2],[-7,-6],[-33,1],[-10,-3],[-36,5],[-17,0],[-5,8],[-11,4],[-15,10],[-23,6],[-15,-1],[-16,17],[-11,6],[-8,7],[-21,4],[-26,7],[-13,-4],[-18,3],[-29,20],[-7,8],[-19,-8],[-17,-15],[-16,0],[-25,17],[-13,11],[-9,14],[-9,35],[0,11],[5,18],[-5,23],[0,8],[-9,22],[16,20],[-9,39],[-8,11],[-6,17],[-10,18],[-31,-1],[-3,6],[-15,-8],[-10,-2],[-17,-7],[-10,13],[-15,1],[-11,7],[-10,18],[-9,7],[-15,1],[-14,-3],[-19,0],[-8,-5],[-6,6],[-4,12],[-21,-1],[-18,-8],[-16,-1],[-7,-4],[-5,11],[-18,30],[-14,14],[7,13],[18,19],[1,31],[-8,21],[-32,16],[-2,7],[-13,13],[-11,4],[4,9],[0,32],[-6,21],[-6,4],[-14,28],[-12,14],[-1,26],[-27,17],[-2,13],[-12,17],[-4,19],[-9,2],[-13,11],[-10,19],[-15,5],[4,19],[-17,28],[-1,7],[-15,12],[-16,6],[-26,-1],[-20,7],[-3,18],[3,21],[17,10],[2,18],[-5,13],[-26,21],[-6,9],[-10,6],[-4,7],[-3,34],[-8,13],[3,8],[0,27],[7,22],[2,17],[-7,10],[-15,11],[-6,15],[-6,5],[-10,14],[-7,-15],[-22,-13],[-1,-16],[-3,-12],[-11,-19],[-15,-7],[-3,-7],[-13,-4],[-8,-7],[-8,-13],[-12,-12],[-17,-8],[-6,0],[-18,16],[-13,6],[-3,-4],[-15,-4],[-13,1],[-5,12],[1,19],[-14,18],[-6,-4],[-14,3],[-9,8],[-7,14],[-8,8],[0,7],[-9,8],[-7,-2],[-9,6],[-19,3],[-13,9],[-20,6],[-21,-19],[-10,-1],[-12,6],[-16,20],[-3,27],[-10,14],[-16,-6],[-6,-7],[-10,-1],[-16,8],[-11,28],[-12,1],[-14,9],[-11,17],[-10,5],[-14,-1],[-12,9],[1,25],[-3,23],[9,7],[-6,42],[-21,6],[-6,21],[4,12],[-9,14],[-15,-8],[4,-19],[-22,-3],[-12,-6],[-8,3],[-24,-9],[-11,8],[-13,15],[-5,0],[-11,11],[-1,9],[-11,16],[-6,-2],[-17,5],[-31,14],[-6,10],[-8,6],[-6,-3],[-15,12],[-1,43],[-8,24],[-26,8],[-12,12],[-8,2],[-32,-1],[-13,13],[-23,-9],[-8,8],[-19,-1],[-30,15],[-6,12],[-17,-2],[-9,3],[-11,11],[-6,16],[0,10],[-10,12],[-7,18],[-11,14]],[[58774,19939],[5,11],[10,8],[8,1],[23,-8],[7,-18],[-16,-19],[-11,7],[-20,7],[-6,11]],[[58834,19903],[1,14],[7,18],[13,11],[-2,-21],[-14,-21],[-5,-1]],[[55615,13065],[5,8],[15,-1],[2,-4],[-6,-21],[-7,3],[-9,15]],[[63041,22366],[1,5],[19,17],[10,-18],[11,-4],[-3,-27],[-12,-1],[-18,8],[-7,10],[-1,10]],[[48304,11654],[-15,-63],[-9,-65],[22,-48],[63,-14],[14,-10],[87,-43],[130,2],[42,16],[24,-2],[11,36],[-17,12],[-9,30],[-28,7],[-46,33],[-17,10],[-31,13],[-6,6],[3,17],[-1,13],[-16,25],[-4,10],[-12,6],[-5,20],[-2,40],[15,11],[6,9],[12,35],[0,10],[11,26],[16,3],[22,7],[-37,55],[-23,31],[-16,1],[-36,12],[-19,0],[-4,-4],[-2,-17],[1,-10],[-9,-13],[7,-24],[-3,-7],[3,-17],[-5,-4],[-12,1],[-15,-4],[-9,-8],[-10,-41],[-25,-6],[-26,-12],[-11,-63],[-9,-22]],[[60144,21111],[29,7],[13,11],[9,12],[153,29],[-12,-4],[-69,-13],[-7,-1],[-61,-12],[-21,-22],[-14,-6],[-20,-1]],[[76217,52103],[26,-16],[101,-28],[103,-32],[2,-11],[11,-7],[-3,-9],[7,-17],[11,-12],[6,-13],[21,-29],[21,1],[34,-28],[6,8],[-11,11],[0,13],[36,-28],[91,-74],[20,-13],[61,-66],[21,-22],[0,-5],[14,-11],[6,-11],[14,-2],[15,3],[6,11],[15,-10],[10,21],[12,-10],[2,-18],[4,-8],[0,-14],[33,-30],[25,-41],[2,-19],[-8,-8],[-50,-55],[-14,-27],[-2,-13],[-10,-33],[6,-12],[-5,-16],[-9,-6],[0,-7],[-13,-6],[-6,-10],[-11,2],[-1,-17],[-5,-14],[-9,-6],[-3,-12],[-24,-10],[-6,-9],[-7,5],[-22,-10],[-4,-11],[-8,3],[-7,-8],[0,-22],[-5,-10],[14,-9],[0,-14],[-11,-2],[-9,-13],[5,-10],[-12,-16],[0,-7],[-8,-12],[-10,-21],[-6,-6],[-1,-9],[-18,-17],[-4,-7],[-9,-5],[-12,-23],[6,-12],[-13,-6],[0,-15],[-10,-10],[-9,-15],[-11,-8],[4,-5],[-5,-26],[7,-34],[-13,-35],[2,-9],[8,-11],[7,0],[4,-17],[-13,-11],[6,-10],[-15,-12],[7,-17],[-11,3],[-10,-6],[-12,6],[-10,-5],[-2,-8],[-10,-18],[-18,-23],[-11,-6],[-19,-18],[-7,-14],[-7,-7],[13,-7],[5,-13],[-4,-25],[-8,-19],[10,-4],[6,-14],[11,-5],[4,-11],[22,-14],[4,-7],[12,-8],[-24,-20],[13,-14],[24,-33],[6,3],[25,-15],[-13,-14],[14,-18],[-5,-4],[22,-32],[-7,-5],[8,-13],[-8,-7],[-5,-12],[6,-10],[19,-10],[0,-14],[-24,-25],[-1,-8],[-82,-84],[-13,14],[-37,-37],[-16,15],[-46,49],[-11,13],[-15,8],[-3,13],[-17,-10],[-8,9],[-13,-17],[-3,4],[-17,-4],[-11,-12],[-5,4],[-11,-11],[-14,2],[-5,-6],[7,-9],[-5,-10],[-8,9],[-7,-9],[-9,-1],[-9,8],[-6,-2],[-27,41],[-20,-8],[-22,-29],[-9,-5],[-26,-36],[-8,-24],[-9,-16],[-14,-9],[-9,-21],[-27,20],[-22,19],[-36,35],[-24,-22],[-10,-12],[-11,-10],[-8,-2],[-2,-9],[-33,-10],[-8,-5],[-14,-2],[-7,4],[-9,-16],[-13,8],[-4,-9],[5,-13],[-7,-5],[-16,5],[0,-16],[-13,-11],[-9,3],[3,-28],[-16,-5],[-13,-12],[-9,-18],[-11,-5],[-6,16],[-10,7],[-23,1],[-10,6],[-18,-13],[10,-19],[9,-8],[5,-18],[-6,-21],[-10,5],[-16,3],[-33,12],[-8,-4],[-26,4],[-30,-22],[-9,-14],[-12,-24],[-9,-30],[-7,-18],[7,-15],[17,-16],[4,-10],[-13,-11],[-6,1],[-17,-17],[-17,-5],[-6,-8],[-7,-18],[56,-29],[74,-35],[-6,-8],[12,-11],[35,-13],[10,2],[13,-13],[8,-26],[11,-12],[-2,-15],[-13,-20],[-10,-6],[-6,-13],[9,-8],[-8,-7],[-10,-27],[-1,-15],[-9,-15],[-8,6],[-3,12],[-9,11],[-12,3],[-8,-7],[-5,-17],[0,-15],[-4,-29],[-5,-13],[-21,-36],[-13,-32],[-9,-27],[-10,-18],[-18,-26],[-12,-26],[-4,-16],[-11,-16],[-8,-25],[2,-24],[13,-27],[-1,-14],[-6,-12],[-11,-8],[-33,-17],[-20,-19],[4,-6],[3,-31],[3,-2],[17,13],[9,10],[25,-6],[11,0],[8,9],[11,4],[1,6],[18,0],[6,-4],[8,7],[23,13],[11,20],[19,19],[7,40],[-3,10],[9,9],[11,2],[11,-8],[12,12],[10,-5],[26,13],[17,-9],[3,-8],[19,3],[9,-10],[14,-4],[17,6],[7,-3],[12,7],[18,-7],[13,0],[12,9],[16,-1],[13,-8],[8,-1],[5,-7],[10,4],[10,-14],[23,-3],[8,4],[4,-11],[18,-7],[11,-15],[14,-25],[5,19],[7,15],[14,16],[12,3],[10,15],[18,-15],[12,19],[11,54],[26,44],[57,-2],[79,-13],[18,-11],[115,32],[12,-14],[-1,-6],[16,-18],[18,-45],[6,2],[25,3],[22,-3],[10,-12],[11,6],[7,-7],[26,3],[35,-5],[5,2],[26,-10],[18,-13],[27,-1],[11,11],[5,-7],[24,8],[3,13],[17,16],[23,15],[15,-10],[16,18],[-7,5],[16,30],[36,22],[23,4],[5,8],[40,20],[32,18],[25,3],[13,4],[23,17],[6,10],[34,25],[15,13],[21,23],[-12,78],[-5,14],[1,13],[-1,17],[8,3],[-3,18],[9,11],[22,1],[3,7],[20,13],[1,8],[19,-9],[6,18],[14,15],[13,26],[15,8],[-2,8],[11,14],[18,8],[15,-2],[12,14],[21,11],[3,16],[6,13],[26,10],[5,18],[14,6],[13,11],[13,2],[0,9],[18,3],[15,24],[10,4],[17,1],[16,-13],[12,0],[5,-5],[26,3],[-3,19],[21,-17],[26,21],[17,20],[57,30],[5,5],[28,11],[6,-2],[15,7],[43,13],[31,29],[44,36],[12,14],[35,20],[7,9],[19,35],[28,59],[15,21],[37,69],[-11,36],[5,25],[-9,8],[-17,7],[14,22],[1,9],[13,19],[-22,2],[-13,-5],[-12,-11],[-7,-1],[-9,6],[-28,2],[-9,6],[-7,19],[3,10],[12,29],[1,24],[-10,5],[-16,-12],[-19,-36],[-22,-27],[-21,-14],[12,-11],[-7,-7],[-23,-7],[-15,-11],[-4,-11],[-20,-8],[-16,-12],[-18,-9],[-10,0],[-12,-9],[-7,15],[-19,18],[-18,7],[9,31],[-80,78],[-1,4],[-47,105],[-6,3],[-20,19],[-5,8],[-4,21],[9,16],[-6,17],[2,7],[24,24],[-2,9],[12,6],[19,-2],[6,9],[14,5],[-3,8],[19,6],[3,17],[7,7],[-5,14],[-13,3],[6,10],[-12,4],[-6,16],[10,12],[-11,3],[3,10],[-6,6],[9,8],[-16,12],[14,18],[-25,14],[-4,9],[-11,-6],[-6,12],[13,3],[14,10],[12,3],[12,12],[5,12],[18,28],[10,31],[7,12],[4,18],[13,30],[-3,19],[-10,24],[10,14],[20,14],[11,10],[-2,13],[18,15],[8,20],[24,42],[10,3],[10,17],[32,70],[0,36],[3,6],[23,18],[3,9],[14,14],[23,29],[24,21],[14,14],[17,12],[15,4],[17,17],[14,8],[8,10],[3,11],[14,8],[11,-3],[12,1],[17,11],[20,5],[10,9],[13,-1],[10,5],[17,-3],[21,19],[13,8],[18,-15],[11,-4],[9,5],[25,0],[26,-7],[22,7],[13,-4],[30,-25],[12,-1],[-3,-12],[1,-34],[3,-13],[7,-8],[-2,-11],[7,-17],[18,-24],[8,-7],[4,-12],[-1,-18],[17,-26],[20,-17],[35,-23],[5,0],[31,-18],[8,0],[31,-17],[21,-10],[37,-10],[22,1],[10,8],[9,15],[14,34],[18,32],[9,10],[23,2],[17,15],[19,30],[19,27],[8,17],[15,10],[24,-4],[26,5],[22,2],[24,-5],[23,5],[34,14],[8,6],[24,9],[10,9],[22,8],[7,6],[23,11],[3,6],[33,19],[10,2],[14,9],[17,6],[9,7],[40,14],[20,12],[4,7],[24,4],[10,4],[9,22],[13,13],[13,40],[2,12],[1,50],[-1,34],[8,15],[14,15],[38,33],[10,6],[22,5],[34,20],[11,2],[19,20],[5,1],[29,13],[21,4],[20,-2],[29,-6],[17,-13],[31,-18],[47,-35],[40,-22],[27,-8],[25,1],[44,13],[14,8],[15,2],[30,9],[14,5],[16,-1],[21,3],[15,9],[19,5],[50,10],[10,8],[31,6],[14,-2],[17,-7],[15,3],[20,-1],[45,5],[36,11],[12,-1],[9,3],[34,4],[16,4],[27,2],[21,0],[41,9],[15,7],[16,-8],[21,2],[13,3],[35,4],[27,-9],[25,-1],[11,-4],[55,0],[25,4],[37,18],[27,7],[24,-6],[10,0],[13,7],[12,3],[63,3],[39,-3],[34,0],[23,-3],[45,3],[16,-4],[11,3],[12,-2],[15,-8],[37,-9],[13,-7],[13,-3],[23,-1],[23,-6],[20,-2],[26,-1],[31,-12],[8,2],[18,-4],[14,-20],[29,-8],[27,-10],[27,-15],[15,2],[19,-7],[21,-13],[24,-11],[32,-8],[12,-8],[35,-3],[17,8],[9,0],[29,7],[13,0],[0,-7],[-13,-12],[-2,-21],[-6,-15],[0,-30],[13,-23],[13,-2],[4,-6],[-4,-17],[3,-14],[-5,-16],[-12,-19],[-14,-7],[-6,-9],[-16,-11],[-9,-25],[-9,-14],[-19,-21],[-15,-12],[-19,-1],[-20,-4],[-5,5],[-24,-3],[-12,-14],[-18,-8],[-7,-11],[-21,-21],[-5,-3],[-5,-26],[-1,-31],[6,-23],[4,-30],[11,-15],[5,-16],[16,-7],[15,-20],[1,-11],[10,-26],[12,-19],[2,-11],[12,-13],[3,-22],[-5,-16],[15,-10],[55,6],[13,3],[0,-17],[10,-9],[8,-14],[-11,-25],[11,-47],[9,-21],[6,-5],[16,2],[24,10],[27,-16],[13,-11],[19,-23],[21,-1],[7,-5],[11,-24],[10,-5],[16,-5],[6,-21],[7,-7],[12,-27],[9,-5],[-15,-37],[5,-14],[15,-14],[25,-2],[11,-23],[15,-12],[7,-11],[19,-8],[10,0],[4,-20],[8,-15],[12,-10],[24,4],[8,20],[19,3],[17,-10],[13,-13],[-1,-18],[10,-22],[9,-5],[17,-29],[4,-21],[-1,-10],[-13,-16],[-10,-20],[-5,-2],[-13,-25],[9,-79],[-11,-26],[-9,-17],[-19,-28],[7,-42],[-24,-31],[-61,-36],[-22,-4],[-13,-34],[1,-9],[-6,-33],[-15,-16],[-3,-15],[-26,-35],[-10,-6],[-16,3],[-38,-18],[-4,-20],[7,-24],[2,-32],[-1,-16],[-11,-19],[-25,-14],[-21,-49],[-16,-6],[-8,-10],[0,-19],[-13,-12],[-5,-29],[-13,-15],[-12,-19],[-2,-14],[25,-72],[12,-38],[5,-35],[21,-78],[-26,-23],[-12,-8],[0,-22],[-10,-25],[-1,-13],[-15,-8],[-11,-20],[-12,-15],[-13,-4],[-16,-21],[-6,-2],[-3,-11],[-17,-18],[7,-33],[-7,-12],[-2,-21],[-7,-14],[0,-12],[28,-64],[3,-37],[10,-20],[1,-36],[4,-3],[9,-25],[20,-7],[20,7],[25,2],[14,-20],[10,-20],[13,-4],[2,-12],[10,-15],[14,6],[10,13],[26,1],[16,7],[26,0],[15,8],[18,-2],[9,-4],[23,9],[26,-10],[-4,-11],[6,-6],[0,-8],[13,-12],[26,-11],[25,-7],[20,2],[34,-9],[8,2],[46,-4],[13,-6],[28,9],[28,-10],[6,-12],[8,-5],[10,1],[7,-6],[20,10],[22,7],[13,10],[10,-2],[22,-15],[16,8],[17,-8],[-13,-16],[-6,-15],[-1,-19],[-15,-33],[-6,-8],[-7,-23],[6,-23],[-2,-4],[13,-14],[-15,-23],[-2,-18],[-19,-29],[-17,-13],[-12,-34],[-6,-9],[-17,-12],[7,-18],[8,-5],[12,-27],[9,-13],[7,-22],[20,-21],[-4,-27],[-6,-17],[-14,-8],[0,-13],[10,-18],[8,-24],[6,-8],[-20,-1],[-9,-5],[-26,-27],[-23,-12],[-9,-33],[0,-9],[-13,-12],[-8,-30],[-5,-31],[-8,-13],[-7,-20],[-1,-30],[-7,-8],[25,-15],[3,-7],[-1,-15],[12,-6],[2,-6],[15,-9],[15,-5],[8,-6],[10,2],[13,-5],[10,-15],[21,0],[3,14],[-1,15],[6,10],[12,13],[16,6],[36,7],[11,0],[11,8],[9,-1],[15,5],[11,16],[6,3],[-2,18],[16,10],[10,12],[1,12],[7,11],[20,11],[-1,9],[40,52],[28,-6],[20,7],[2,6],[15,1],[14,-15],[7,-1],[6,-15],[-11,-4],[3,-8],[-5,-27],[-9,-8],[0,-17],[8,-16],[9,2],[14,-24],[25,-22],[15,-3],[13,9],[8,-4],[12,5],[9,-17],[21,-84],[15,-30],[42,-86],[24,8],[23,-45],[8,-13],[28,-20],[13,-20],[21,-10],[8,-11],[-3,-20],[11,-23],[0,-13],[7,-14],[-1,-29],[5,-14],[7,-10],[-5,-16],[8,-19],[21,-4],[19,-14],[11,-5],[16,-19],[24,-6],[11,-6],[35,23],[7,-16],[11,-7],[16,-18],[-3,-28],[15,-24],[-6,-22],[4,-27],[7,-4],[17,-1],[18,-25],[11,-6],[-1,-15],[8,-6],[18,-26],[-7,-20],[-8,-9],[-34,-13],[-8,1],[-25,-18],[-10,-2],[-1,-13],[-5,-7],[-4,-21],[13,-8],[5,-17],[9,-17],[12,-13],[7,-14],[14,-11],[0,-10],[17,0],[4,-12],[20,-11],[17,-5],[15,-2],[26,-11],[20,-3],[8,-5],[9,-15],[-5,-14],[7,-21],[-1,-24],[6,-8],[0,-26],[-12,-17],[4,-9],[-4,-29],[-7,-15],[19,-46],[0,-5],[11,-14],[7,-1],[10,-23],[-1,-13],[7,-24],[-2,-11],[4,-18],[-4,-9],[-12,5],[-17,-10],[-7,-11],[-21,5],[-42,-18],[-9,-6],[-4,-9],[-12,-5],[-2,-9],[-20,1],[-9,-12],[-13,-12],[0,-19],[-18,-16],[-9,-14],[3,-12],[-4,-18],[-19,-5],[-25,-24],[-9,-16],[-1,-11],[-16,-13],[-1,-12],[-8,-20],[8,-18],[-7,-20],[4,-3],[3,-26],[19,-32],[-8,-16],[-4,-19],[-11,-10],[-6,-13],[-11,-7],[-10,-20],[-6,-3],[3,-20],[9,-14],[-8,-16],[-5,-1],[-7,-13],[-13,-6],[-15,-4],[-3,-17],[-18,-20],[-16,12],[-9,-3],[-29,6],[-14,-6],[-22,1],[-20,-16],[-8,5],[-21,-12],[-5,-13],[-12,-11],[-5,2],[-22,-7],[-3,-9],[-19,-5],[-18,-14],[-17,5],[-25,-3],[2,-11],[-11,-19],[-1,-11],[-15,-11],[-14,-31],[-8,-7],[-20,-12],[7,-24],[0,-11],[-22,-7],[-16,5],[-20,-1],[-16,-14],[-19,4],[-8,11],[-27,0],[-9,3],[-10,-18],[-27,-15],[-6,-13],[-1,-10],[-9,-14],[-13,-2],[-14,6],[-19,23],[-31,-15],[-14,4],[-37,-2],[-16,5],[-12,13],[-21,14],[-3,8],[-15,12],[-14,15],[-12,9],[-12,-2],[-18,-11],[-28,-31],[9,-12],[-2,-24],[-15,-26],[-14,-2],[-4,-12],[12,-9],[5,-13],[-11,-24],[-10,-3],[3,-13],[11,-4],[8,-7],[-1,-12],[-7,-5],[-9,-25],[3,-12],[-9,-12],[-10,-5],[-8,4],[3,13],[-23,28],[-11,2],[6,17],[-12,8],[5,15],[-11,1],[-18,21],[-17,11],[-5,13],[-29,8],[-8,9],[-11,4],[-17,14],[-27,3],[-15,-9],[-17,-18],[-15,-7],[-17,-3],[-15,7],[-16,3],[-26,-5],[-31,-18],[2,-6],[-4,-18],[2,-14],[-7,-16],[-12,-16],[-1,-15],[-11,-16],[-14,-6],[-5,-35],[-8,-9],[-9,-21],[-9,-9],[-3,-13],[-7,-2],[-7,-10],[17,-21],[13,-10],[14,-5],[0,-11],[16,-44],[-9,-12],[-5,-12],[-2,-20],[7,-9],[-3,-7],[2,-25],[-3,-7],[9,-12],[2,-11],[-21,-8],[-5,-9],[-24,-10],[-9,-17],[-5,-45],[-10,-26],[2,-23],[-11,-18],[11,-5],[2,-19],[-5,-6],[-2,-20],[6,-19],[8,-5],[3,-20],[8,-4],[8,-11],[-10,-19],[3,-8],[-4,-12],[8,-20],[-3,-26],[-4,-9],[2,-23],[-3,-30],[4,-13],[-1,-7],[4,-17],[9,-15],[-10,-20],[-1,-8],[11,-11],[4,-13],[14,-15],[23,-6],[8,-16],[17,-17],[-7,-12],[-3,-32],[-7,-11],[-2,-11],[-13,-18],[-7,-14],[-17,-21],[-3,-11],[2,-23],[17,-10],[7,-11],[11,-10],[5,-11],[18,-7],[12,-13],[4,-12],[3,-34],[13,-24],[1,-9],[8,-4],[6,-13],[15,-23],[7,-35],[8,-4],[14,-17],[35,5],[1,-4],[40,-20],[0,-13],[14,-21],[10,-25],[9,-13],[-2,-8],[5,-12],[-1,-14],[17,-6],[29,-17],[28,-25],[24,-5],[28,1],[12,-7],[2,-12],[9,-20],[44,-15],[10,-9],[13,1],[23,5],[7,17],[34,-19],[1,-5],[19,-13],[17,-16],[9,8],[11,14],[11,7],[5,16],[11,9],[15,0],[6,-5],[5,-18],[11,-12],[8,-20],[-13,-35],[3,-9],[9,-9],[-4,-25],[-11,-14],[-16,-29],[33,-18],[12,-1],[13,2],[16,-7],[12,-3],[13,-14],[0,-11],[4,-12],[-10,-24],[1,-18],[-9,-16],[16,-10],[26,-2],[5,-7],[25,-11],[9,-18],[22,-1],[5,-13],[17,2],[6,9],[28,15],[11,-3],[11,10],[7,1],[26,11],[10,1],[6,5],[23,8],[10,7],[9,0],[23,8],[18,19],[38,-7],[5,1],[22,-2],[7,-28],[6,-6],[6,-16],[-2,-8],[10,-11],[1,-6],[22,-13],[19,-5],[19,2],[19,-11],[19,-2],[9,-6],[8,-13],[-3,-6],[5,-11],[10,-11],[8,1],[15,7],[26,0],[6,-3],[-2,-22],[10,-11],[-9,-20],[-16,-16],[-15,-35],[-17,-14],[-36,-18],[-12,-26],[-3,-25],[-10,-10],[-6,-25],[-5,-13],[5,-13],[-1,-9],[16,-14],[-3,-20],[-5,-13],[-2,-21],[-6,-21],[0,-10],[-8,-10],[-7,-25],[-1,-25],[-13,-22],[7,-17],[-1,-15],[-10,-21],[-4,-14],[-3,-31],[7,-18],[13,-15],[-3,-10],[14,-10],[23,-10],[13,-17],[22,-11],[7,-10],[22,-20],[-3,-16],[-8,-23],[7,-18],[13,-12],[-2,-10],[-14,-22],[-26,-15],[-5,-16],[5,-33],[-5,-32],[10,-11],[-3,-13],[8,-21],[3,-24],[10,-25],[11,-16],[3,-14],[-10,-47],[-18,-17],[1,-26],[-5,-54],[27,-22],[13,-15],[10,-15],[5,-14],[8,-12],[19,-18],[5,-18],[8,-21],[-16,-32],[-3,-14],[-6,-3],[-5,-27],[0,-28],[-7,-21],[7,-10],[12,-9],[17,-1],[12,-17],[10,-4],[6,-10],[49,-20],[10,-2],[27,-15],[17,1],[16,-1],[12,-7],[19,10],[11,-4],[19,5],[19,-11],[13,6],[24,4],[5,6],[11,-2],[13,-8],[8,2],[11,-7],[20,-7],[14,-19],[16,-15],[23,-26],[9,-5],[-5,-9],[-16,-10],[-26,6],[-8,0],[-12,-12],[-16,-3],[-10,-11],[-9,-28],[-4,-4],[-2,-17],[-10,-9],[-1,-12],[9,-6],[3,-18],[-2,-12],[4,-13],[7,-10],[20,-5],[6,3],[26,-6],[11,1],[14,-5],[10,2],[2,21],[9,-2],[42,10],[22,-6],[10,-7],[24,6],[5,-5],[16,-5],[5,-7],[19,-4],[18,11],[14,-19],[6,-3],[32,0],[12,-13],[10,-1],[16,3],[8,-7],[28,-5],[-2,-13],[-9,0],[-23,-26],[-4,-19],[-10,-18],[3,-25],[7,-16],[3,-23],[21,-21],[0,-4],[13,-12],[2,-10],[8,-8],[2,-11],[9,-7],[16,-5],[9,-35],[9,-14],[11,-9],[-2,-8],[0,-45],[-8,-17],[9,-15],[22,-8],[11,3],[14,-14],[7,-1],[12,-8],[23,-11],[9,-13],[16,-6],[5,-6],[20,-7],[27,-3],[14,1],[41,-21],[16,-2],[18,-5],[13,-26],[4,-21],[13,-17],[30,-21],[9,-11],[24,-17],[25,-10],[8,-7],[29,-12],[28,-7],[5,-4],[23,-6],[13,-10],[-2,-14],[5,-22],[-15,-13],[-14,-20],[-6,-14],[-14,-20],[-3,-37],[2,-10],[9,-14],[-8,-14],[-11,-13],[-7,-3],[-7,-17],[-9,-5],[-19,2],[-20,-16],[-21,-5],[2,-9],[-5,-9],[-7,-1],[1,-17],[-4,-17],[-1,-18],[-10,-14],[-8,-19],[-4,-22],[-10,-11],[0,-13],[10,-4],[4,-8],[-7,-15],[3,-17],[14,-27],[19,-16],[-10,-7],[-20,-5],[-10,-7],[-4,-15],[-11,-9],[-6,0],[-16,-15],[-3,-17],[-9,-2],[-7,6],[-15,-8],[-3,-8],[-21,-2],[-28,-7],[-9,0],[-8,-13],[-20,-24],[-7,-5],[-3,-12],[3,-8],[0,-23],[-14,-25],[4,-27],[11,-21],[0,-28],[6,-19],[-7,-4],[-13,-17],[-14,-4],[-9,-12],[-10,-1],[-4,-7],[-18,5],[-20,-1],[-28,15],[-22,-5],[-23,-16],[6,-7],[0,-9],[9,-14],[-6,-11],[-7,-32],[-7,-6],[21,-44],[16,-10],[22,-22],[-3,-19],[-1,-26],[11,-24],[6,-4],[3,-19],[-5,-10],[11,-27],[2,-27],[4,-15],[16,-18],[13,-11],[7,-9],[13,-28],[-2,-9],[14,-8],[12,-16],[6,-3],[6,-17],[6,-8],[6,-18],[-3,-27],[-14,-32],[-11,-14],[-10,-4],[-13,-14],[12,-11],[10,-25],[2,-13],[10,-12],[-6,-7],[-3,-20],[-4,-5],[-1,-17],[10,-7],[19,-5],[2,-13],[9,-20],[-3,-14],[-12,-16],[-13,-3],[-6,-14],[-10,-9],[-9,-25],[1,-8],[-24,-24],[-8,-18],[-16,4],[-14,-1],[-27,13],[-6,11],[-25,-2],[-14,2],[-10,-14],[-9,-22],[-5,-24],[2,-17],[-9,-18],[-9,-8],[-27,-11],[-17,-10],[-1,-7],[-11,-12],[2,-11],[-7,-10],[-15,-6],[-9,-1],[-13,-16],[-5,-20],[-14,-3],[-25,1],[-16,-17],[3,-12],[9,-19],[3,-25],[-3,-19],[-14,-4],[-12,-7],[0,-19],[6,-14],[-14,-3],[-9,-22],[-12,2],[-16,-10],[-11,6],[-11,-7],[-18,8],[-9,21],[-15,20],[-11,10],[-4,11],[-21,29],[1,16],[-21,13],[-8,13],[-13,12],[-4,10],[-27,2],[-9,-2],[-8,-9],[-13,9],[-40,-39],[-18,-13],[-8,-2],[-11,-12],[-12,-22],[-15,-13],[-13,-3],[-2,14],[-12,21],[-8,-2],[-8,-7],[-8,-14],[-1,-21],[-25,9],[-9,10],[-10,-1],[-43,5],[-15,14],[-5,18],[-7,4],[-9,-8],[-3,-15],[-12,-10],[-5,-14],[-9,-7],[-20,4],[2,-11],[-7,-34],[-4,-9],[-8,3],[-10,-4],[-33,15],[-21,-11],[-4,-5],[-17,-9],[-14,-4],[-14,-7],[-30,0],[-35,2],[-18,-31],[-19,-23],[8,-8],[9,-3],[8,-13],[3,-21],[5,-8],[16,-11],[-13,-15],[-22,-12],[-17,0],[-11,-20],[-23,-5],[-4,2],[-11,-27],[0,-34],[6,-7],[0,-19],[6,-6],[0,-31],[-8,3],[-12,-3],[-4,5],[-11,-9],[-6,-14],[-12,1],[-10,-14],[-17,-7],[30,-57],[-12,4],[-27,4],[-4,-5],[-13,6],[-50,1],[-36,-15],[-5,1],[-8,-12],[-10,-2],[9,-25],[-7,-1],[-32,25],[-5,-5],[-25,6],[-16,-13],[-10,-21],[-16,5],[-10,13],[-20,8],[-12,-6],[-30,6],[-9,6],[-16,1],[-5,-10],[-7,-4],[-3,-11],[6,-23],[-4,-18],[-17,-13],[-26,-23],[-9,-16],[7,-27],[10,-6],[8,-14],[8,-7],[7,-19],[1,-22],[-1,-13],[16,-18],[21,-13],[14,-5],[5,-14],[-8,-20],[-15,-15],[-2,-10],[-13,-6],[-28,-3],[-11,3],[-16,-8],[-23,-4],[-16,-11],[-4,7],[-20,2],[-13,6],[-13,-6],[-10,-18],[-19,-18],[-28,-8],[-12,-7],[-20,0],[-18,-17],[-8,-1],[-34,-13],[-11,0],[-16,24],[-2,19],[9,17],[-3,7],[5,8],[-3,10],[-17,-1],[-16,4],[-10,-6],[-11,6],[-18,-7],[-4,7],[-11,6],[0,6],[-11,17],[-10,5],[-2,12],[-24,17],[-15,3],[-15,16],[-2,12],[-7,4],[-5,-9],[-8,-4],[-27,24],[-3,10],[-17,15],[-13,-7],[-18,11],[-15,0],[-35,11],[-29,29],[-28,3],[-32,-2],[-13,17],[-19,13],[-7,10],[-25,13],[-8,-2],[-20,4],[-18,7],[-21,4],[-5,-15],[-15,-8],[-26,-47],[-15,-5],[-6,-13],[-25,-13],[0,-6],[-9,-17],[-4,-16],[1,-13],[-17,-22],[-17,-10],[-12,-24],[-6,-5],[-20,-11],[-11,-11],[-17,4],[-14,14],[-21,3],[-21,0],[-8,4],[-11,-8],[-23,11],[-26,21],[-13,6],[-16,16],[-26,12],[-18,-5],[-11,3],[-9,-9],[-21,-6],[-18,-15],[-10,-2],[-7,-8],[-25,-5],[-6,-7],[-14,-4],[-17,8],[-38,-4],[-19,7],[-9,-24],[-14,-25],[-2,-12],[-19,-29],[-1,-21],[7,-6],[-5,-8],[-10,-38],[-10,0],[-7,-5],[-26,-4],[-12,-14],[-6,-13],[-9,-4],[-23,7],[-3,5],[-10,-22],[-10,-8],[-17,-22],[-13,-2],[-4,-8],[-12,-9],[-26,6],[-11,8],[-17,-7],[-10,4],[-10,-2],[-17,5],[-17,-3],[2,-20],[-3,-21],[2,-14],[-9,-2],[-12,-9]],[[80068,38705],[-19,15],[-16,45],[-30,15],[-16,32],[-17,17],[-19,-10],[-30,2],[-6,-10],[-7,-1],[-24,2],[-1,16],[-6,8],[-8,-1],[-10,-9],[-8,-1],[-9,-14],[-10,-5],[-17,-3],[-26,4],[-12,6],[-18,2],[-19,13],[-11,4],[-24,13],[-12,-18],[-18,-17],[-9,-29],[-19,-9],[-28,-22],[-13,-15],[-5,-11],[3,-11],[-3,-50],[-18,-14],[-26,3],[-26,-10],[-17,-16],[-8,-1],[-13,-10],[-30,-6],[-12,-10],[-34,0],[-31,-5],[-12,14],[-16,5],[-27,38],[-15,11],[-19,3],[-9,9],[-15,10],[-18,17],[-14,-22],[-7,-17],[-29,-23],[-25,-13],[-21,-7],[-17,-11],[-20,-23],[-21,-7],[-7,-17],[-17,-10],[-26,-2],[0,-34],[5,-7],[11,-25],[14,-8],[13,-54],[2,-18],[-6,-8],[-14,-2],[-7,-18],[10,-14],[23,-18],[4,-13],[2,-33],[5,-20],[-3,-20],[-17,-6],[-5,-10],[1,-15],[8,-28],[-4,-6],[4,-26],[-6,-8],[-35,3],[-15,-7],[-33,6],[-21,-6],[-14,0],[-16,-10],[-25,-6],[-14,2],[-21,-3],[-29,-22],[-12,-1],[-28,10],[-29,24],[5,18],[-17,12],[-12,37],[-9,10],[-16,2],[-13,9],[-17,1],[-18,-9],[-32,-24],[-11,-4],[-16,8],[-10,3],[-37,21],[-19,8],[-17,0],[-20,8],[-10,0],[-24,-16],[-16,-7],[-11,-16],[-11,4],[-42,27],[-31,-1],[-11,11],[-11,16],[-9,10],[-14,4],[-17,-5],[-21,7],[-30,15],[-17,6],[1,11],[10,17],[8,7],[21,40],[9,11],[4,18],[10,13],[4,16],[-16,24],[-3,12],[-4,25],[-1,18],[-29,55],[-4,30],[-4,19],[-8,18],[-10,12],[-2,12],[-28,15],[-22,17],[-12,14],[-15,12],[-19,22],[-6,16],[-12,8],[-20,0],[-22,9],[-2,17],[-12,29],[-23,23],[-5,-5],[0,-17],[-10,-20],[-6,-6],[-17,-8],[-13,-17],[-14,-9],[-16,-3],[-27,-15],[-8,-11],[-22,-2],[-9,-3],[-16,1],[-6,-6],[-19,-5],[-33,-16],[-19,-5],[-15,3],[-23,-3],[-27,12],[-23,5],[-9,10],[-16,30],[-39,9],[-13,8],[-8,18],[-28,23],[-3,18],[-10,10],[-7,21],[-17,19],[-24,5],[-11,-26],[-13,-22],[-18,-14],[-59,-4],[-20,-43],[-18,-35],[-7,-6],[-26,-1],[-20,-9],[-9,-14],[-16,-15],[0,-11],[7,-19],[-1,-6],[2,-39],[-4,-13],[8,-13],[-1,-15],[6,-16],[7,-6],[6,-16],[12,-13],[1,-24],[5,-26],[10,-15],[7,-28],[-6,-6],[4,-38],[7,-9],[4,-34],[28,-19],[5,-12],[-6,-20],[-23,-17],[-51,-11],[-18,7],[-10,-4],[-27,-2],[-18,-10],[-13,-4],[-8,-11],[2,-6],[-2,-21],[-9,-23],[1,-15],[-7,-8],[1,-17],[-11,-25],[2,-10],[-2,-21],[1,-22],[-7,-11],[-26,-19],[-1,-21],[-13,-23],[5,-13],[0,-24],[5,-9],[-8,-20],[-1,-15],[9,-36],[-17,-24],[-17,-3],[-16,-43],[0,-43],[2,-24],[7,-38],[7,0],[143,-79],[109,-52],[67,-30],[11,-15],[15,6],[11,12],[19,8],[25,-7],[16,12],[25,1],[14,4],[25,17],[24,4],[42,-7],[34,17],[25,8],[18,9],[33,6],[17,-11],[17,18],[10,-1],[37,-8],[34,0],[15,-26],[8,-12],[13,-11],[-1,-9],[-15,-9],[-5,-11],[-1,-11],[-9,-14],[-1,-12],[-15,-17],[-5,-10],[8,-12],[-5,-22],[4,-5],[-1,-20],[-10,-21],[-4,-20],[5,-12],[20,-20],[-1,-12],[27,-17],[3,-23],[22,-21],[18,-3],[7,-5],[-11,-46],[-19,-13],[-16,-17],[5,-5],[-5,-66],[1,-19],[15,-22],[26,-36],[10,-10],[9,5],[15,-4],[15,5],[19,1],[13,-9],[17,-20],[9,-2],[20,4],[19,-5],[16,-14],[17,-2],[24,-11],[-3,-29],[4,-19],[-9,-11],[0,-7],[-9,-18],[1,-23],[-6,-11],[3,-17],[-20,-21],[-1,-16],[31,-24],[-10,-12],[3,-24],[-4,-14],[1,-14],[8,-14],[3,-14],[-8,-24],[6,-22],[10,-16],[0,-8],[-8,-15],[0,-22],[-9,-26],[-19,-28],[11,-14],[16,-12],[4,-12],[2,-18],[-3,-28],[9,-13],[-19,-23],[-7,-14],[-16,-7],[-16,-26],[-1,-19],[2,-20],[-3,-6],[3,-11],[-4,-21],[4,-14],[10,-10],[7,-31],[0,-17],[3,-18],[-17,-25],[4,-20],[6,-9],[7,-30],[10,-20],[-9,-13],[-40,-19],[-8,-8],[-13,-8],[-3,-8],[-38,-4],[-18,-6],[-11,14],[-7,0],[-22,16],[-27,10],[-16,0],[-9,3],[-7,10],[-10,1],[-8,13],[7,22],[-10,19],[-10,14],[1,17],[-22,9],[-12,2],[-25,29],[-10,37],[-23,37],[-35,1],[-25,11],[-19,-4],[-25,3],[-14,-7],[-9,-16],[-10,-6],[-15,-14],[-22,15],[-17,0],[-11,-4],[-23,0],[-9,-5],[-43,-38],[-9,-14],[-23,-17],[-5,-22],[-8,-11],[-2,-14],[-8,-4],[-12,-28],[1,-9],[-12,-13],[-11,-20],[-9,4],[-12,-6],[-23,2],[-22,-2],[-20,2],[-14,-3],[-36,6],[-7,-3],[-24,3],[-23,15],[-6,-4],[-14,3],[-8,6],[-16,-1],[-22,6],[-13,7],[-14,1],[-10,7],[-5,15],[-13,7],[-19,5],[-35,2],[-11,-19],[-20,-2],[-8,-7],[-8,-20],[-12,-5],[-17,2],[-25,7],[-33,-6],[-14,3],[-29,0],[-6,-11],[1,-9],[-8,-2],[-23,13],[-19,8],[-13,14],[-12,30],[-18,6],[-16,1],[-17,-12],[-32,2],[-7,4],[-11,-3],[-7,8],[-4,15],[-17,10],[-7,17],[-16,8],[-10,0],[-13,5],[-12,-11],[-9,-14],[-10,-2],[-9,-14],[-16,-33],[-14,-19],[-10,-20],[-19,-8],[-9,-16],[-2,-19],[-14,-28],[-17,-18],[-1,-7],[-9,-10],[-29,7],[-25,-10],[-14,-3],[-6,-11],[-5,-18],[-17,-23],[-24,-12],[-10,0],[-11,-6],[-5,-14],[-9,-15],[-16,-6],[-22,-17],[-6,-8],[-9,-4],[-8,-10],[-31,-7],[-7,-1],[-4,-10],[-9,-13],[-13,-4],[-9,-14],[-9,-24],[-38,-10],[-19,-14],[-7,-14],[-7,-19],[-13,13],[-12,-2],[-5,8],[-11,7],[-5,11],[-11,12],[-5,31],[-22,17],[-13,15],[-11,8],[-9,13],[-9,6],[-14,23],[-12,36],[-21,15],[-5,15],[-20,-3],[-15,-11],[-22,8],[-32,-18],[-10,-3],[-17,-22],[-12,-23],[-14,-7],[0,-13],[-5,-26],[-6,-14],[0,-14],[-15,-31],[-21,-11],[-29,-8],[-14,-11],[-27,0],[-21,3],[-29,7],[-28,0],[-10,-3],[-23,-19],[-23,-22],[-21,-6],[-29,-21],[-31,4],[-10,-16],[-4,-19],[-25,-15],[-7,-12],[-29,-20],[15,-35],[11,-12],[8,-3],[28,3],[10,-4],[3,-6],[3,-22],[3,-4],[23,-3],[12,-11],[16,-2],[12,-9],[21,-12],[28,-20],[5,-32],[3,-6],[5,-48],[3,-11],[-32,-19],[-25,-13],[-64,-31],[-35,-19],[-28,-20],[-9,-18],[4,-20],[-1,-21],[1,-35],[-2,-10],[-7,-15],[-39,23],[-14,6],[-22,5],[-18,8],[5,-11],[-6,-17],[-8,-12],[-17,-4],[-18,2],[-5,-10],[-22,-14],[-12,-1],[-6,-6],[-2,-11],[-13,-15],[-11,-25],[-11,-2],[-11,8],[-5,13],[-19,23],[-20,20],[-22,5],[-8,4],[-27,-5],[-3,4],[-18,-3],[-16,-15],[-6,-12],[-11,-8],[-16,10],[-5,-4],[-3,-15],[-11,-16],[0,-23],[-4,-13],[-20,-15],[-27,-7],[-17,3],[-4,14],[-23,10],[-10,-9],[-19,5],[3,9],[-23,5],[-9,14],[-9,2],[-22,-4],[-17,3],[-13,-7],[-26,-2],[-14,5],[-8,-6],[-28,9],[-15,12],[-20,34],[-17,16],[-10,1],[-14,-4],[-29,13],[-29,10],[-4,-32],[1,-24],[5,-24],[7,-14],[-7,-29],[3,-27],[12,-14],[-2,-21],[-13,-18],[-13,-32],[-19,-12],[-9,-24],[-26,-25],[4,-14],[-11,-23],[-11,-46],[-2,-21],[-20,-23],[-4,-10],[4,-17],[-3,-31],[-6,-6],[-20,-2],[-29,-17],[-13,-21],[2,-15],[16,-10],[27,-2],[12,3],[17,-3],[10,-17],[17,-6],[25,4],[40,-23],[10,-11],[3,-23],[-2,-19],[13,-31],[9,-28],[-6,-19],[-17,-23],[-27,-17],[-17,-5],[-13,-13],[-7,-11],[-17,-9],[-21,-20],[-16,-6],[-15,-13],[-9,-1],[-34,-21],[-13,-12],[3,-14],[5,-8],[-5,-15],[6,-18],[-8,-11],[0,-11],[-11,-26],[0,-6],[-15,-17],[-21,-9],[-8,-23],[7,-25],[-8,-22],[-10,-9],[-47,3],[-17,-6],[-31,13],[-21,-4],[-20,16],[-13,-1],[-6,3],[-19,3],[-8,9],[-4,13],[-9,12],[-9,4],[-21,22],[-11,15],[-10,-7],[0,-16],[-6,-5],[-8,9],[-11,-4],[3,-13],[1,-20],[-3,-14],[-10,-13],[-1,-11],[7,-17],[13,-15],[14,-12],[0,-11],[-27,1],[-40,-11],[-4,15],[-14,4],[-10,-5],[-23,10],[2,-12],[-12,-28],[14,-32],[13,-22],[-25,-3],[-12,-5],[-22,-2],[-7,-5],[-59,6],[-19,19],[-13,10],[-6,10],[-9,0],[-27,-6],[-17,-9],[-7,15],[-12,14],[-22,5],[-36,5],[-17,4],[-10,8],[-13,2],[-20,11],[-6,10],[-18,18],[-22,12],[-10,-7],[-7,0],[-12,-7],[-28,-12],[-21,-14],[-23,15],[-29,11],[-17,-1],[-19,8],[5,25],[-13,14],[-19,-3],[-11,-17],[-12,-12],[-21,0],[-23,-10],[-1,-15],[-10,-20],[2,-37],[6,-19],[-2,-13],[4,-14],[1,-16],[-17,-28],[8,-18],[8,-27],[-2,-3],[-1,-30],[7,-8],[5,-12],[-2,-6],[4,-34],[17,-5],[10,-10],[16,-13],[1,-15],[-12,-27],[-5,-38],[-6,-22],[-29,7],[-4,-6],[-20,1],[-23,-6],[10,-46],[-9,-16],[-4,-17],[-14,-15],[-4,-1],[-4,-23],[-4,-10],[-12,-12],[-11,-4],[3,-19],[-3,-21],[-12,-16],[8,-11],[-5,-21],[-10,-7],[-15,2],[-6,-3],[-10,-13],[-15,-4],[-2,-15],[-4,-6],[-7,-26],[0,-24],[-4,-7],[4,-17],[-4,-14],[-12,-19],[-31,-5],[-11,-20],[-7,-36],[-10,-14],[-7,-16],[-4,-24],[-7,-11],[-2,-23],[-12,-14],[-4,-10],[2,-14],[-4,-10],[-4,-25],[-5,-8],[3,-11],[-1,-15],[-9,-32],[15,-9],[7,-2],[22,-11],[10,-13],[18,-17],[29,-23],[20,-34],[17,13],[17,5],[5,-2],[15,13],[17,-2],[14,-7],[20,-26],[6,-11],[12,-11],[26,-36],[12,-11],[14,-18],[29,-31],[15,-10],[6,-12],[8,-6],[32,-37],[21,-31],[23,-37],[16,-21],[14,-38],[-15,-4],[-13,7],[-25,1],[-31,-26],[-12,-7],[-7,2],[-39,29],[-17,2],[-12,-5],[-14,2],[-15,5],[-35,-11],[-7,-6],[-19,-28],[-2,-15],[-8,-22],[1,-15],[-11,-35],[3,-6],[9,-39],[-1,-11],[-21,-12],[-9,-16],[-6,-30],[-7,-18],[-4,-20],[-5,-12],[-15,-17],[-22,-17],[-1,-5],[-10,-11],[-23,-5],[-22,-28],[-20,3],[-18,8],[-15,0],[-18,7],[-22,16],[-34,12],[-38,18],[-30,21],[-32,32],[-34,-14],[-3,0],[-26,-10],[-16,-14],[-17,31],[-9,10],[-14,10],[-50,45],[-21,4],[-7,6],[-32,13],[-15,1],[-27,10],[-12,13],[-20,15],[-17,-4],[-7,4],[-14,17],[-10,6],[-12,1],[-5,8],[-13,-4],[-17,-1],[-17,7],[-20,2],[-29,-2],[-8,1],[-29,-3],[-8,-4],[-36,1],[-50,-3],[-20,1],[-28,27],[-9,3],[-3,11],[2,20],[-5,13],[-10,1],[-8,16],[-14,2],[-36,1],[-10,-11],[-22,1],[-4,-3],[-8,-31],[5,-12],[11,-80],[7,-8],[3,-19],[9,-29],[10,-13],[12,-4],[4,-25],[0,-17],[12,-25],[-1,-11],[-16,-12],[-24,-6],[-18,-21],[3,-12],[-3,-14],[2,-12],[13,-18],[-3,-20],[1,-17],[22,-22],[3,-34],[-5,-20],[6,-14],[-3,-30],[23,-10],[24,-15],[14,-3],[7,-10],[44,-23],[16,-3],[14,3],[18,-19],[14,-2],[51,-16],[6,-10],[-31,-89],[-7,4],[-17,0],[-24,5],[-14,-10],[-11,-27],[1,-21],[-5,-7],[-13,-6],[-15,-15],[-11,-15],[-17,2],[-10,6],[-12,15],[-2,10],[-15,10],[-9,3],[-11,9],[-14,17],[-23,-1],[-13,13],[-16,4],[-8,10],[-26,17],[-20,5],[-15,9],[-19,3],[-1,5],[-19,2],[-12,4],[-28,0],[-6,-8],[-22,-12],[-9,-12],[-16,-15],[-22,-13],[-32,-30],[26,-56],[5,-33],[4,-3],[19,-4],[17,1],[14,-11],[17,-29],[6,-19],[-1,-15],[14,-41],[0,-26],[6,-6],[29,-71],[12,-28],[-8,-23],[-9,-17],[0,-22],[3,-18],[17,-39],[-5,-14],[-17,-4],[-4,-6],[-20,3],[-18,-12],[-12,-4],[-16,10],[-2,-19],[14,-22],[0,-23],[24,-19],[7,-12],[12,-7],[10,11],[9,0],[18,-10],[14,9],[17,8],[28,-18],[6,-2],[18,10],[26,3],[16,-8],[24,-25],[10,-34],[2,-14],[-3,-60],[7,-12],[1,-15],[15,-10],[4,-7],[8,2],[21,10],[37,-6],[14,-11],[-5,-10],[1,-15],[9,-9],[4,-18],[9,-8],[14,-19],[13,-14],[-2,-6],[15,-10],[0,-12],[14,-8],[6,8],[27,17],[12,22],[18,22],[23,13],[34,10],[74,49],[8,-34],[42,-49],[74,-4],[-7,-61],[-10,-32],[24,-24],[25,2],[23,-14],[40,19],[11,-1],[3,12],[8,2],[26,28],[28,-17],[22,-20],[21,12],[18,5],[3,-17],[25,2],[35,0],[11,-4],[16,0],[13,3],[15,8],[5,-9],[13,-5],[9,0],[32,16],[10,1],[17,8],[15,-16],[24,-3],[19,5],[14,-3],[11,1],[11,-4],[10,6],[11,2],[18,8],[1,15],[6,1],[17,-4],[7,-8],[16,-5],[4,-22],[11,-31],[-8,1],[-20,-7],[-6,-13],[-25,-34],[-5,-1],[-13,-23],[-9,-2],[-9,-11],[-3,-13],[-14,-17],[-22,-6],[-9,2],[-9,-31],[5,-24],[-7,-13],[-8,-4],[-5,-10],[-2,-16],[4,-8],[8,2],[30,25],[15,7],[16,-8],[9,-8],[6,-19],[18,-21],[10,-6],[15,-22],[28,-1],[14,-5],[11,5],[10,-2],[10,-13],[13,-38],[18,-12],[3,-8],[-11,-1],[-14,-6],[-10,-9],[-15,-4],[-7,-11],[-7,1],[-8,-23],[-3,-20],[3,-30],[7,-20],[18,-20],[6,-14],[13,-12],[17,-9],[27,-20],[17,-22],[-4,-14],[-9,-19],[8,-22],[33,16],[42,39],[13,-4],[15,1],[18,8],[15,2],[11,5],[28,7],[21,15],[35,-42],[44,-51],[-12,-32],[-17,-8],[-22,-17],[-18,-27],[-11,-4],[-9,-18],[2,-10],[-3,-18],[6,-36],[-12,-27],[1,-12],[-4,-8],[13,-2],[8,-12],[-12,-26],[-6,-8],[0,-12],[13,-20],[19,-17],[8,-2],[11,-9],[8,0],[5,-7],[-7,-12],[-4,-27],[-9,-16],[8,-27],[-1,-14],[-7,-36],[-8,-13],[-8,-5],[3,-26],[-4,-11],[-2,-21],[-6,-18],[2,-9],[8,-20],[9,-2],[2,-13],[10,-20],[11,-11],[7,-15],[1,-35],[23,-39],[-2,-18],[-8,-13],[-11,-10],[-25,-6],[-17,0],[-11,-3],[-6,-11],[1,-16],[-22,8],[-37,3],[-41,-1],[-18,-8],[-41,6],[5,-43],[-27,-52],[-8,-34],[-1,-13],[5,-8],[-12,-3],[-11,-6],[-6,-12],[3,-8],[-5,-16],[3,-17],[12,-5],[10,-22],[21,3],[14,6],[35,0],[13,-3],[22,1],[26,-7],[47,-17],[12,3],[28,-6],[5,-3],[21,-5],[-25,-85],[-1,-38],[-9,-28],[8,-28],[-21,10],[-41,12],[-16,8],[-27,-8],[-39,-8],[-16,0],[-15,7],[-40,-1],[-24,10],[-27,4],[-43,12],[-15,-2],[6,19],[-2,31],[1,12],[-2,22],[23,22],[16,19],[10,22],[5,29],[-8,11],[-14,14],[-19,-1],[-10,10],[-1,28],[-29,15],[-9,7],[-37,13],[-3,3],[-29,5],[2,31],[-4,16],[-11,14],[-8,23],[-11,0],[-13,15],[-2,33],[-50,10],[-6,-21],[-16,-7],[-13,-12],[-40,-7],[-23,2],[-26,15],[-36,-3],[-15,-4],[-13,-19],[8,-12],[-13,-19],[-6,-15],[-7,0],[-10,-17],[-13,-1],[-2,-8],[-23,-80],[9,-12],[17,-16],[6,-16],[21,-33],[23,-26],[30,-27],[20,-9],[-31,-60],[-62,-40],[-124,17],[-8,-43],[-32,-72],[-18,-47],[-12,-13],[-18,-7],[-27,-19],[-4,0],[-37,-17],[-27,-7],[-9,-8],[-25,-5],[-54,-23],[0,-16],[-4,-19],[-15,-24],[-29,-24],[-17,-6],[-20,5],[-30,-6],[-26,9],[-42,8],[-13,7],[-13,2],[-60,7],[-46,-2],[-26,-3],[-45,9],[-4,9],[-13,5],[-11,8],[-4,22],[-10,22],[8,33],[-3,18],[-9,33],[-4,25],[3,7],[-25,5],[-11,11],[-22,-6],[-19,24],[3,21],[-1,12],[5,14],[-1,23],[-4,13],[6,10],[-14,16],[3,14],[-24,3],[-17,-14],[-9,-18],[-8,-3],[-19,7],[-7,-5],[-46,60],[-10,2],[-16,-2],[-28,-20],[-22,4],[-15,-3],[-9,2],[-8,-7],[-27,-6],[-17,4],[-15,-1],[-14,12],[-15,5],[-14,14],[-19,-2],[1,22],[-3,21],[-3,9],[4,36],[9,23],[-6,69],[20,49],[0,34],[-3,53],[-28,50],[-4,12],[-1,27],[-5,10],[29,54],[-18,13],[-13,6],[-9,17],[-26,12],[-59,39],[-51,26],[-18,21],[-7,4],[-25,-27],[-13,-11],[-10,-2],[-18,-16],[-6,0],[-8,-15],[-20,-19],[-24,-12],[-2,-12],[-14,0],[-24,8],[-37,31],[-47,28],[-13,-13],[-19,-5],[-31,11],[-15,-6],[-21,14],[-14,-10],[11,-27],[-4,-7],[-20,9],[-15,11],[-19,47],[-18,21],[-22,15],[-22,10],[-12,14],[-28,19],[-18,2],[-19,19],[-22,18],[-20,11],[0,6],[-14,2],[-25,19],[-22,11],[-22,17],[-25,11],[-20,2],[-18,-7],[-14,-2],[-31,2],[-15,-178],[-11,-8],[-18,10],[-28,-18],[-11,6],[-2,12],[-9,13],[-12,1],[-11,-4],[-9,-15],[-12,6],[-17,5],[-16,9],[-19,-2],[-27,-10],[-11,0],[-40,32],[-17,-5],[-11,9],[-8,-1],[-23,18],[-5,-4],[-8,9],[-12,6],[-18,-8],[-17,3],[-15,-8],[-13,10],[-25,5],[-12,11],[-11,17],[-10,4],[-26,23],[-12,-7],[-12,18],[-12,6],[-7,23],[-18,-11],[-10,15],[-13,4],[5,28],[-5,17],[-9,-3],[-1,-13],[-11,0],[2,8],[-11,8],[-6,10],[8,9],[10,18],[5,-3],[10,15],[12,10],[12,14],[27,40],[-4,3],[8,39],[-3,35],[2,12],[-16,25],[1,18],[-3,16],[0,18],[6,30],[1,18],[-43,7],[-26,12],[-14,9],[-4,12],[-9,16],[2,35],[5,14],[5,31],[10,21],[25,17],[7,13],[11,6],[17,4],[18,15],[11,0],[-5,17],[42,10],[4,42],[-3,14],[9,22],[3,18],[-7,22],[11,31],[10,13],[13,24],[-12,13],[-10,1],[-5,19],[0,12],[-12,21],[-10,3],[-20,-10],[-22,-9],[-21,-13],[-21,-7],[-26,-15],[14,-19],[13,-38],[1,-21],[-15,-2],[-17,2],[-12,-17],[-43,-41],[-11,2],[-17,-10],[-14,-16],[-8,-1],[-8,-11],[-10,2],[-12,-9],[-6,-9],[-19,-15],[-10,-12],[-22,-6],[-22,-14],[-25,-26],[-19,-12],[-31,-22],[3,-37],[-18,4],[-10,25],[-38,20],[-6,-1],[-33,11],[-41,10],[-8,-10],[-13,-1],[-11,6],[-13,1],[-9,4],[-15,0],[-5,14],[-10,14],[-24,25],[-8,27],[-11,46],[2,19],[-7,29],[-11,16],[-26,47],[-9,11],[-30,-26],[-26,-13],[-7,-7],[-13,-6],[-9,1],[-16,-17],[-18,-3],[-17,-11],[-44,-12],[-10,-6],[-23,-5],[-30,-11],[-18,-11],[-5,-8],[-30,-24],[-41,-23],[-34,-35],[-9,-6],[-32,-3],[-20,-5],[-27,3],[-35,1],[-19,-2],[-29,-12],[-24,-23],[-13,-2],[-14,-17],[-14,-8],[-26,-24],[-31,-18],[-20,-15],[-34,-17],[-26,-8],[-5,-4],[-52,-25],[-35,-30],[-32,-39],[-32,3],[-28,-13],[-6,2],[-6,-18],[-28,4],[-20,1],[-18,4],[-74,-4],[-7,-4],[-7,-31],[-29,8],[9,22],[15,18],[17,27],[-30,3],[-30,-13],[-35,-13],[-18,-5],[-18,4],[-15,-1],[-40,-19],[-24,-34],[-21,-7],[-7,-21],[-4,-44],[-12,0],[-37,-8],[-13,-11],[1,-18],[-43,-32],[-21,-13],[-6,-8],[-19,11],[-17,-29],[-4,-31],[-3,-10],[-19,14],[-40,-48],[-14,-12],[-14,-1],[-4,-19],[-39,5],[-26,8],[-12,20],[-10,5],[-4,37],[-10,64],[3,19],[6,19],[1,23],[-9,18],[-3,14],[8,21],[-4,31],[2,12],[-21,62],[-17,29],[-13,29],[-8,1],[8,19],[9,25],[-13,44],[-8,3],[-2,31],[-1,45],[6,19],[7,11],[-2,11],[3,35],[-10,26],[-3,25],[10,61],[-34,-4],[-13,8],[-28,26],[-20,9],[-21,61],[-14,-1],[-20,20],[-20,41],[-20,-2],[-5,-11],[-27,-7],[-4,3],[-25,31],[-2,7],[-17,20],[-13,22],[-26,-3],[-57,-1],[-32,2],[-21,3],[-7,-2],[-56,8],[-75,2],[-33,5],[7,-12],[-25,0],[-10,-2],[-9,-18],[5,-33],[-84,2],[-31,1],[-51,-3],[-44,0],[-25,1],[-23,34],[-13,2],[-13,6],[-1,-11],[-12,-9],[-71,42],[-57,30],[5,-50],[-1,-26],[-3,-36],[-11,-73],[4,-23],[11,-23],[12,-35],[3,-36],[-3,-36],[0,-33],[-2,-27],[-3,-19],[-6,-18],[-4,-38],[3,-61],[-4,-37],[-9,-39]],[[68092,30868],[72,5],[25,-16],[54,-37],[26,-21],[-7,-53],[-8,2],[-24,-1],[-13,-16],[-7,-17],[-13,-8],[-13,-17],[-8,-27],[24,-60],[17,-23],[27,-35],[0,-59],[-6,-34],[44,15],[26,-1],[44,7],[18,9],[27,8],[24,9],[29,2],[46,-12],[36,-7],[28,-9],[43,-3],[16,-24],[15,-4],[8,-9],[4,-12],[12,-2],[19,7],[14,10],[14,-24],[0,-14],[26,5],[17,0],[47,-5],[14,-9],[36,-7],[20,-23],[11,-7],[18,-17],[6,13],[5,30],[-8,26],[0,15],[4,22],[6,11],[6,30],[-1,12],[7,18],[2,20],[7,5],[3,14],[8,13],[17,17],[10,6],[3,10],[-1,14],[19,2],[32,25],[26,19],[19,8],[11,8],[-20,18],[-6,12],[0,21],[-3,23],[-4,9],[6,11],[12,17],[15,3],[5,17],[24,27],[12,4],[9,23],[12,18],[1,24],[-9,18],[2,14],[-3,35],[5,11],[-4,13],[2,14],[8,19],[22,26],[6,4],[34,-19],[18,28],[18,6],[28,-4],[4,-15],[19,4],[14,8],[16,3],[12,15],[5,-7],[18,0],[15,29],[5,26],[9,10],[37,21],[21,8],[10,18],[17,18],[5,21],[-1,17],[-8,5],[1,16],[-14,3],[-9,-15],[-14,-3],[-9,10],[1,8],[-9,5],[-18,2],[-8,-5],[-22,-4],[-15,-17],[-13,-3],[-10,2],[-5,-5],[-12,1],[-20,12],[-5,14],[1,16],[-9,19],[-28,3],[-16,-3],[4,18],[-13,6],[1,13],[-23,4],[-11,-1],[-7,10],[-16,-4],[-4,9],[-25,-12],[-17,1],[-9,7],[-5,12],[-16,-5],[-5,21],[-4,40],[-8,70],[19,9],[10,9],[-4,9],[21,17],[-7,30],[-4,31],[-46,-2],[-8,-47],[-10,1],[-56,18],[-58,66],[-15,19],[-9,21],[-17,-3],[-11,1],[-47,8],[-3,40],[-3,9],[-15,12],[-5,13],[-10,6],[-9,-2],[-12,-23],[0,-11],[-19,-23],[-13,-6],[-4,-26],[-10,-13],[-16,-16],[-15,0],[-17,7],[-8,-4],[-17,-2],[0,-12],[-21,-16],[-19,-24],[-21,-4],[-12,5],[-12,-5],[-13,-15],[-25,-13],[-24,0],[-17,-4],[-13,-17],[-9,-17],[-10,-1],[-2,15],[-5,1],[-26,-19],[-15,-35],[-24,-46],[-20,-34],[10,-47],[5,-45],[-21,-109],[-9,-15],[-4,-13],[-17,-13],[-9,-4],[-2,-10],[-17,-20],[-17,-3],[-20,0],[-10,-13],[-3,-28],[2,-16],[-4,-18],[-13,-22],[-19,-14],[-17,-3],[-7,-20],[-19,-5],[-7,-7],[5,-13],[-22,-6],[-13,-14],[-20,-11],[-18,-22],[-1,-19],[-7,-19]],[[80068,38705],[-6,-23],[-15,-23],[0,-18],[5,-20],[16,-5],[8,-11],[7,-23],[-2,-12],[7,-7],[2,-14],[14,4],[19,-22],[14,-21],[7,-5],[2,-18],[-3,-11],[8,-6],[37,-17],[-10,-10],[2,-16],[-3,-12],[1,-19],[-7,-36],[16,-16],[11,-3],[14,-8],[4,-7],[10,-4],[5,-7],[11,-4],[22,10],[23,-3],[-2,-12],[6,-15],[-6,-10],[3,-12],[4,-38],[-1,-16],[5,-18],[2,-17],[-6,-29],[-17,-20],[-11,-11],[16,-21],[7,-3],[6,-9],[21,-8],[8,-21],[8,-5],[8,-14],[5,-21],[-26,-15],[-11,-10],[2,-22],[3,-8],[-8,-9],[-4,-22],[11,-14],[1,-16],[17,-21],[10,-6],[9,4],[2,-30],[0,-20],[14,-44],[16,-1],[9,10],[20,1],[20,17],[8,-1],[14,-11],[15,-4],[17,2],[40,0],[7,-8],[8,0],[16,11],[24,2],[14,5],[23,-9],[17,-4],[23,2],[9,-3],[20,11],[16,5],[21,-5],[13,-13],[9,2],[14,-5],[15,-13],[14,-8],[19,0],[13,-10],[18,-4],[12,-18],[5,-22],[-2,-15],[7,-12],[16,-40],[0,-13],[11,-8],[0,-20],[7,-39],[-7,-10],[8,-15],[-7,-6],[-6,4],[-15,-4],[-34,-5],[-6,-8],[-9,0],[-19,-6],[5,-27],[1,-16],[28,-4],[19,-15],[11,-15],[21,-9],[1,-20],[-3,-5],[7,-38],[-7,-14],[16,2],[29,-24],[6,-12],[10,-11],[11,1],[23,-16],[2,-5],[13,-94],[-3,-25],[-38,-93],[-7,-12],[2,-14],[-14,-10],[-2,-12],[-15,2],[-8,-23],[2,-8],[-17,-21],[-26,-19],[-8,-18],[-10,-2],[-4,-11],[8,-5],[15,5],[16,2],[16,16],[17,1],[25,-9],[12,-18],[8,-18],[0,-32],[-18,7],[-6,-1],[-8,8],[-14,2],[2,-20],[-5,-27],[-11,-12],[-8,-17],[-8,-11],[-8,-18],[10,-18],[0,-10],[9,-7],[4,-12],[-8,-20],[2,-53],[-9,-27],[13,-20],[17,-2],[28,-13],[16,-13],[37,-5],[37,12],[16,-12],[7,-12],[15,-9],[-4,-8],[15,-10],[2,-14],[0,-17],[12,-23],[10,6],[16,-3],[-6,-15],[7,-28],[4,-7],[10,9],[37,-3],[65,19],[-14,-35],[1,-27],[15,-42],[0,-10],[8,-4],[1,-9],[9,-16],[12,-6],[36,-15],[27,-20],[3,-8],[13,-9],[19,-5],[16,-9],[11,-15],[18,-6],[18,0],[7,-11],[9,-9],[1,-12],[5,-10],[36,-21],[1,-11],[6,-9],[12,-4],[5,4],[20,-4],[13,-9],[11,-1],[20,-10],[18,5],[17,-22],[11,-7],[6,-19],[12,-7],[15,-21],[22,-2],[26,-7],[23,10],[14,1],[10,5],[12,-7],[13,-13],[12,2],[3,-15],[14,-9],[23,1],[25,9],[22,-5],[19,8],[14,-8],[19,3],[13,-11],[8,-21],[7,-7],[42,9],[8,11],[6,15],[20,11],[28,26],[6,18],[9,16],[15,22],[-4,14],[2,13],[21,21],[9,17],[18,-9],[17,-3],[7,-11],[23,-10],[8,1],[18,-7],[9,-14],[17,-7],[18,-14],[25,-3],[12,-20],[8,-9],[10,-2],[15,-17],[14,-5],[7,-8],[13,-3],[11,-10],[3,-12],[11,-3],[18,-8],[11,1],[17,-5],[11,2],[4,5],[17,5],[17,-7],[12,-11],[6,3],[15,-12],[19,-5],[13,-12],[22,-6],[34,4],[20,-20],[15,-6],[2,-19],[-3,-8],[-1,-23],[15,-29],[3,-24],[5,-11],[-3,-21],[2,-4],[17,-12],[19,0],[13,-4],[8,2],[15,-2],[14,-15],[12,0],[2,-9],[-7,-11],[-17,-10],[0,-10],[-7,-18],[4,-8],[0,-20],[-5,-6],[0,-16],[-12,-8],[-11,-17],[-10,-6],[-6,-25],[-1,-9],[-7,-19],[-17,-19],[-5,-10],[1,-31],[3,-13],[-5,-13],[-22,-9],[-12,-12],[-5,-14],[-18,-5],[-9,-26],[9,-7],[4,-9],[12,-15],[28,-19],[19,-4],[10,-9],[23,-40],[2,-7],[25,-25],[7,-40],[14,-20],[-13,-19],[0,-8],[15,-28],[13,-16],[6,-23],[0,-17],[-3,-30],[3,-7],[-22,-16],[0,-13],[-4,-20],[4,-19],[8,-3],[-1,-13],[19,-24],[4,-13],[-11,-27],[-6,-6],[1,-20],[18,-21],[7,-18],[8,-2],[9,-22],[2,-13],[-7,-18],[12,-18],[27,-25],[8,-17],[11,-19],[8,-6],[8,-21],[14,-12],[14,-5],[37,-19],[12,-2],[19,-12],[12,2],[42,-9],[23,-8],[5,-15],[-1,-15],[-9,-14],[3,-10],[15,-29],[0,-28],[19,-15],[3,-16],[0,-13],[6,-15],[10,-8],[-1,-22],[9,-16],[9,-28],[-7,-19],[6,-29],[9,-23],[2,-17],[-30,-4],[-3,-5],[-22,-4],[-21,1],[-19,5],[-8,-5],[-17,2],[-17,12],[-4,0],[-18,17],[-32,-1],[-16,7],[-6,10],[-15,7],[-25,19],[-8,13],[-11,11],[-14,4],[-12,9],[-7,1],[-14,9],[-8,2],[-19,-7],[-15,4],[-11,-6],[-12,-3],[-12,-13],[-18,2],[-17,-2],[-30,-8],[-6,6],[-10,-4],[-13,-13],[-9,-4],[-15,5],[-13,32],[-17,-1],[-23,-4],[-21,-2],[-8,4],[-17,-7],[-7,-18],[-27,-36],[-29,-9],[-8,-12],[-1,-9],[-7,-11],[-16,-14],[-7,-3],[-6,-16],[-31,2],[-20,9],[-6,-2],[-5,-16],[-12,-16],[-9,-7],[-6,-19],[-4,-24],[9,-18],[-4,-10],[9,-26],[-3,-8],[2,-13],[-25,-15],[-12,-13],[-17,-13],[-13,-21],[-9,-26],[-4,-3],[2,-18],[13,-21],[10,-15],[4,-23],[7,-11],[7,-34],[-8,-40],[7,-10],[2,-13],[10,-5],[26,-41],[9,-20],[10,-31],[28,-11],[18,3],[-4,-18],[-7,-11],[5,-10],[2,-23],[-11,-5],[-17,-3],[-10,5],[-19,19],[-8,2],[-24,-3],[-23,-11],[-15,-3],[-6,-11],[-2,-15],[5,-17],[0,-12],[9,-11],[-2,-34],[-15,-18],[-11,-18],[-8,-6],[-12,0],[-14,-11],[-24,-10],[-9,-25],[12,-21],[-8,-9],[-13,-6],[-10,-10],[-6,-21],[-2,-21],[5,-10],[-1,-41],[3,-11],[7,-6],[-18,-26],[-6,-21],[5,-15],[8,-6],[-3,-12],[6,-21],[-4,-33],[-13,-4],[-9,-6],[-10,-1],[-40,-15],[-16,-11],[-22,2],[-17,-2],[-12,-6],[5,-12],[-2,-14],[12,-35],[13,-13],[-5,-25],[-6,-3],[-16,0],[-24,-12],[-18,-3],[-12,-11],[-19,-26],[-9,2],[-11,16],[-32,-2],[-14,-6],[-9,-11],[-4,-15],[-12,-3],[-4,4],[-19,-4],[-17,4],[-20,20],[-7,1],[-13,-16],[-6,-21],[2,-12],[6,-11],[0,-18],[-3,-5],[-18,3],[-12,-9],[-1,-21],[-6,-11],[-4,-21],[-5,-13],[0,-22],[-10,-9],[-13,-3],[-19,0],[-8,-11],[-13,-4],[-13,2],[-22,-28],[-1,-25],[-12,-17],[11,-14],[11,-28],[-1,-5],[8,-18],[-6,-18],[2,-7],[-7,-25],[4,-11],[0,-20],[12,-9],[-1,-7],[7,-23],[-9,-30],[12,-12],[6,-11],[5,-22],[0,-18],[3,-7],[9,-5],[7,-15],[8,-30],[11,-10],[9,-14],[15,-11],[1,-8],[24,-11],[17,-12],[5,-22],[-2,-25],[-9,-19],[5,-10],[11,-13],[13,-2],[7,-11],[3,-13],[10,-13],[20,-8],[8,-9],[30,-28],[21,-2],[12,-8],[40,-8],[27,-25],[1,-17],[9,-36],[0,-20],[16,-34],[13,-36],[-6,-15],[9,-15],[18,-17],[20,-10],[7,-16],[14,-10],[19,-2],[9,-6],[2,-7],[25,-11],[7,-8],[12,-1],[10,-20],[15,0],[19,-27],[4,-11],[3,-26],[14,-11],[19,-5],[9,-12],[17,-16],[-12,-27],[-27,13],[-13,-3],[-20,16],[-15,4],[-12,-1],[-8,-18],[3,-32],[-13,-10],[-9,3],[-18,-3],[-15,-16],[-17,9],[-11,23],[-19,20],[-74,-47],[-29,-27],[-25,20],[-12,-16],[-31,1],[-2,-10],[4,-29],[8,-39],[-2,-33],[23,-32],[1,-24],[-17,-22],[-5,-26],[1,-21],[9,-12],[8,-16],[-9,-23],[0,-19],[-6,-22],[5,-11],[0,-20],[4,-14],[-7,-49],[12,-52],[-3,-19],[-6,-22],[-10,-15],[-9,-6],[-15,-3],[-17,-11],[-7,-18],[0,-19],[2,-4],[1,-20],[53,-19],[17,-10],[9,-1],[4,-9],[35,11],[18,-14],[8,-1],[14,-29],[12,-10],[19,3],[22,-5],[11,-10],[14,-5],[5,-37],[-4,-15],[-9,-12],[4,-26],[5,-10],[13,-9],[2,-18],[8,-9],[8,-31],[-4,-12],[9,-18],[23,-9],[3,-6],[14,-9],[11,1],[13,-13],[1,-12],[9,-32],[21,2],[10,-8],[13,-29],[9,-5],[15,-3],[13,-8],[13,1],[8,-12],[-3,-9],[3,-14],[10,-16],[20,-13],[1,-5],[15,-15],[4,-27],[-18,-36],[0,-20],[2,-22],[-12,-17],[0,-17],[-6,-9],[11,-17],[19,-15],[7,3],[15,-7],[4,10],[12,2],[11,8],[14,-8],[15,-14],[-4,-4],[2,-17],[-4,-17],[-10,-12],[-4,-17],[5,-14],[20,-14],[9,0],[12,12],[14,4],[13,14],[13,1],[9,-19],[17,-10],[11,0],[19,-9],[16,-17],[15,-12],[5,-11],[-2,-23],[4,-12],[13,-22],[-1,-19],[-7,-12],[-3,-23],[6,-24],[-8,-12],[9,-12],[8,-34],[6,-16],[-6,-20],[2,-12],[-5,-8],[-3,-15],[2,-10],[-3,-9],[8,-6],[3,-13],[0,-17],[18,-15],[-4,-16],[3,-17],[13,-8],[12,-13],[3,-14],[9,-21],[11,-16],[5,-15],[18,4],[13,-6],[9,-18],[19,-10],[14,1],[19,21],[10,-4],[4,-16],[7,-9],[16,-7],[19,7],[5,-18],[0,-20],[14,-27],[17,-10],[11,1],[12,-7],[31,22],[23,11],[8,2],[16,12],[21,4],[17,8],[14,-5],[4,-8],[19,-14],[8,0],[13,7],[4,25],[24,27],[11,4],[41,-7],[20,-7],[10,-12],[21,-10],[18,-3],[3,-12],[11,-7],[4,-13],[10,-13],[-2,-8],[7,-29],[7,-10],[16,11],[10,-8],[22,2],[5,8],[10,-10],[11,-3],[9,-11],[18,-10],[11,1],[9,-9],[12,0],[12,5],[23,-23],[15,-12],[11,-20],[31,-9],[10,-10],[18,-29],[25,-21],[26,-14],[8,-18],[17,-15],[16,-10],[9,1],[28,-1],[-1,11],[9,11],[14,10],[20,2],[12,3],[14,19],[11,8],[10,12],[11,6],[17,-18],[6,-12],[-1,-16],[7,-13],[23,-4],[29,-16],[14,-22],[3,-12],[14,5],[8,10],[16,4],[12,18],[8,6],[16,-5],[4,-22],[-4,-11],[5,-8],[0,-10],[19,-41],[12,-21],[-3,-22],[2,-5],[25,-9],[23,8],[9,-13],[12,-11],[8,-40],[-1,-18],[24,-13],[9,-10],[5,0],[20,-17],[5,1],[5,-25],[6,-7],[2,-13],[17,-10],[3,-14],[13,-3],[26,9],[17,-8],[8,-1],[16,23],[15,9],[6,27],[10,6],[0,9],[22,-19],[23,-5],[12,-15],[0,-23],[-3,-10],[13,-27],[2,-24],[7,-4],[7,-12],[9,-35],[17,-17],[5,-9],[14,-5],[18,1],[6,-10],[11,-11],[3,-18],[5,-13],[8,-10],[6,-14],[22,0],[24,-6],[20,0],[21,-30],[20,-12],[7,-16],[9,-11],[13,-1],[23,17],[5,17],[7,11],[19,3],[9,-2],[10,4],[14,-15],[36,8],[20,13],[31,-23],[7,10],[7,28],[16,-11],[4,-8],[18,-12],[7,-11],[22,-5],[12,-1],[13,10],[15,2],[2,5],[14,2],[31,-10],[7,8],[26,5],[10,4],[10,-1],[7,8],[23,-12],[6,-16],[-2,-5],[3,-20],[6,-13],[-3,-9],[3,-25],[7,-11],[4,-20],[18,-40],[3,-25],[5,-11],[15,-10],[5,-21],[-1,-6],[11,-26],[1,-29],[6,-9],[23,2],[23,13],[13,-2],[11,-9],[25,12],[4,7],[20,8],[10,14],[39,19],[3,5],[27,13],[7,-1],[9,11],[11,-7],[16,10],[6,-9],[17,-10],[23,-24],[33,-28],[11,-4],[18,17],[18,-1],[4,-5],[17,-3],[8,-7],[-1,-12],[17,-21],[7,0],[24,-26],[10,-3],[11,1],[9,8],[1,24],[4,6],[-7,19],[-6,21],[10,23],[11,10],[3,9],[-2,14],[8,24],[-5,24],[8,5],[15,-1],[7,-7],[36,-12],[28,-8],[16,15],[18,0],[8,-8],[21,-8],[16,1],[16,-13],[18,-8],[33,23],[1,8],[11,8],[4,9],[10,6],[15,16],[15,10],[13,2],[9,-5],[48,4],[8,13],[42,21],[10,20],[3,10],[10,13],[12,2],[26,11],[10,1],[18,10],[10,-4],[11,16],[5,-1],[3,-19],[26,-6],[2,-16],[11,-11],[11,-15],[15,8],[10,-9],[11,-4],[11,6],[6,8],[14,2],[8,6],[8,22],[12,21],[3,18],[6,11],[18,9],[29,-15],[5,-6],[30,-4],[26,11],[13,-7],[14,10],[23,2],[1,4],[20,2],[7,4],[7,17],[14,-5],[6,11],[20,17],[3,6],[-12,26],[6,8],[21,-10],[4,-8],[25,-20],[6,2],[12,15],[12,3],[14,-15],[21,-1],[18,-7],[7,-8],[24,-4],[44,25],[17,2],[2,-13],[24,-10],[16,-10],[27,4],[9,-3],[16,5],[21,-7],[35,-1],[13,30],[0,8],[21,26],[9,21],[8,10],[4,16],[-5,10],[-4,21],[3,10],[12,-3],[8,12],[9,18],[2,15],[-13,21],[18,21],[-1,10],[27,36],[22,2],[17,5],[23,2],[26,-4],[14,4],[4,-12],[20,7],[14,-4],[22,0],[16,-10],[16,-4],[24,4],[4,-5],[11,0],[16,18],[14,-5],[6,3],[32,-8],[1,-10],[18,0],[-3,-14],[12,-1],[-5,-24],[-7,-8],[0,-13],[-10,-21],[1,-14],[-4,-16],[-9,-2],[0,-15],[-26,-13],[-21,-18],[-6,-9],[-4,-22],[2,-11],[-6,-9],[0,-16],[10,-15],[22,-18],[6,-21],[22,-9],[-10,-15],[-11,-47],[-10,-13],[-5,-13],[-31,-29],[-18,-25],[-3,-27],[8,-11],[16,-14],[2,-22],[5,-14],[6,-36],[19,-34],[7,-1],[9,-12],[18,-20],[22,-7],[14,-28],[18,-10],[17,-22],[12,-31],[11,-12],[11,-23],[8,-12],[-2,-16],[7,-14],[27,-31],[3,-6],[19,-9],[10,1],[2,-8],[19,-15],[6,-11],[18,-16],[10,-19],[4,-19],[9,-12],[21,-9],[-16,-7],[-7,-11],[2,-24],[-7,-21],[-11,-15],[0,-12],[9,-18],[-4,-15],[2,-8],[-2,-12],[4,-17],[-1,-14],[-10,-25],[4,-11],[-6,-11],[-31,-31],[-4,-13],[-12,-17],[-5,-22],[-9,-13],[0,-7],[-6,-21],[4,-20],[-2,-20],[2,-17],[-19,-28],[-16,1],[-19,-12],[-11,5],[-15,1],[-25,-17],[-9,-11],[-12,-2],[-23,-19],[-11,-15],[-12,-7],[-9,-10],[-7,-16],[1,-13],[-7,-2],[-18,6],[-11,7],[-31,8],[-6,-21],[-15,-3],[-4,-14],[1,-17],[-1,-25],[-3,-14],[12,-16],[-11,-27],[5,-13],[10,-40],[12,-17],[-4,-20],[7,-18],[11,-11],[-2,-10],[7,-42],[3,-16],[10,-13],[-18,-25],[-10,-9],[2,-9],[-7,-5],[-14,-15],[0,-19],[-4,-17],[6,-6],[-1,-15],[-11,-3],[-18,1],[-6,-7],[-7,2],[-14,-8],[2,-14],[0,-19],[-5,-25],[4,-8],[0,-18],[-10,-10],[-8,-2],[0,-13],[-6,-11],[-36,7],[-9,-4],[-14,2],[-23,-28],[-1,-13],[-14,-8],[-9,1],[-12,-18],[-10,-8],[-8,-21],[-40,-25],[-19,-7],[-10,-9],[-9,0],[-16,-15],[-23,-16],[-20,-19],[-4,-17],[-18,18],[-15,1],[-13,8],[-16,4],[-24,2],[-11,-16],[-20,2],[-10,-9],[-15,-2],[-11,4],[-8,-4],[-25,-25],[-14,-36],[-8,-3],[-15,11],[-27,-24],[-1,-13],[-18,9],[-13,-12],[5,-13],[-26,-13],[6,-13],[5,0],[10,-13],[6,-15],[1,-11],[15,-3],[5,-14],[-1,-9],[-13,-9],[-7,-19],[-8,-12],[5,-7],[5,-27],[-13,-6],[-12,-17],[6,-34],[-14,-13],[-25,-13],[-12,-13],[-14,-9],[-4,-9],[2,-9],[11,-12],[15,-43],[3,-15],[-4,-16],[1,-6],[-1,-22],[6,-15],[0,-21],[-9,-26],[-15,-21],[-14,-9],[-27,-6],[-5,-9],[-22,-14],[-14,5],[-20,-1],[-14,-6],[-17,0],[-17,-5],[-13,-10],[-5,-17],[-18,-1],[-5,4],[-20,-34],[-14,-10],[-17,4],[-16,1],[-12,-9],[-4,-18],[-12,-19],[-9,2],[-10,17],[-19,-5],[7,-8],[-24,-17],[8,-18],[-9,-5],[-14,-16],[-6,-13],[-22,-15],[-13,2],[-5,-17],[-18,-18],[-3,-12],[12,-24],[9,-12],[-16,-29],[-19,4],[-2,-21],[3,-6],[-1,-39],[-3,-7],[2,-24],[5,-11],[1,-20],[4,-10],[1,-16],[10,-8],[6,-32],[28,-12],[9,-10],[24,-19],[-8,-14],[1,-27],[8,-24],[10,-6],[0,-12],[4,-10],[2,-29],[-1,-28],[10,-33],[8,-15],[9,-38],[-2,-4],[2,-26],[11,-31],[12,-44],[1,-27],[5,-17],[1,-14],[12,-13],[9,-20],[6,-7],[16,-23],[7,-17],[2,-11],[9,-23],[11,-16],[1,-12],[4,-9],[-2,-7],[-3,-31],[-12,7],[-11,2],[-28,-3],[-5,-8],[-9,3],[-36,-12],[3,-12],[-19,-11],[-11,3],[-14,-18],[-1,-12],[7,-10],[-5,-4],[6,-15],[-15,-17],[-7,-5],[-6,11],[-13,-1],[-16,-8],[-16,-14],[-10,-5],[-17,-15],[-15,-9],[-18,-21],[-12,-22],[1,-12],[-13,-5],[-7,-7],[-9,-24],[-5,-6],[-9,-24],[16,-30],[21,-17],[3,-14],[-1,-20],[-26,1],[-12,-3],[-17,8],[-7,-2],[-12,9],[-13,3],[-7,11],[-10,5],[-15,22],[-8,5],[-8,21],[-13,1],[-4,6],[-23,25],[-24,-5],[-3,-9],[-17,0],[-14,-3],[-9,-7],[-15,-32],[-11,-9],[-20,-30],[-2,-11],[-10,10],[-16,-4],[-13,-12],[-5,4],[0,14],[-9,-2],[-9,-11],[-9,-1],[-20,-11],[-7,1],[-13,-23],[-1,-16],[-4,-12],[-15,-21],[-9,-10],[-11,8],[-8,-11],[-61,-60],[1,-30],[-14,-6],[-12,-17],[64,-50],[-4,0],[-18,14],[-28,-20],[-1,-18],[-9,-10],[-18,-6],[-9,-12],[-23,14],[-16,-1],[-3,-14],[-15,2],[-14,-3],[-13,9],[-31,-4],[12,18],[-10,16],[-22,-7],[-10,4],[-14,-3],[-9,-6],[-2,-7],[-12,-4],[-25,-18],[-3,-16],[-14,5],[-22,17],[-16,4],[-15,17],[-18,2],[-10,5],[-14,-3],[-22,-14],[-25,-22],[-9,-21],[4,-14],[-19,-10],[-19,-2],[-11,-6],[-12,1],[-16,-12],[-9,-2],[-6,-7],[9,-8],[-1,-8],[-18,6],[-10,-32],[18,-7],[-17,-24],[-10,-8],[-10,3],[-13,-14],[-3,-7],[6,-10],[-4,-14],[12,-28],[10,-1],[-4,-10],[12,-17],[-4,-5],[2,-36],[7,-14],[10,-6],[11,6],[7,-14],[10,2],[5,-12],[16,-2],[9,10],[14,3],[18,-6],[-3,-8],[-27,-18],[-25,-13],[-3,4],[-6,23],[-30,9],[-9,-6],[2,-13],[-2,-13],[6,-38],[-1,-14],[-10,-18],[0,-10],[-14,-9],[-17,2],[-12,-6],[-8,0],[-2,10],[-11,17],[-3,35],[7,15],[-4,14],[-11,10],[5,9],[-5,17],[-11,10],[-5,12],[-3,18],[5,9],[21,15],[6,2],[-2,18],[15,5],[1,8],[-12,26],[2,14],[-7,5],[-20,-5],[-2,16],[-8,15],[4,12],[-16,18],[-13,5],[-18,-3],[-7,-39],[-6,-16],[-32,-27],[5,-42],[9,-16],[-1,-14],[-8,-39],[-13,-20],[-12,-5],[-4,8],[-35,4],[-13,-1],[-7,-4],[-10,7],[3,32],[-5,12],[-18,10],[-15,16],[-20,6],[-5,14],[4,4],[3,24],[-13,2],[0,-22],[-6,-15],[10,-17],[-18,2],[-7,-4],[-15,7],[-3,7],[-25,5],[-26,0],[-16,-2],[-17,1],[-27,-3],[-26,-5],[-40,-14],[-30,-13],[-29,-18],[-27,-22],[-24,-28],[-20,-27],[-17,-30],[-2,-9],[6,-14],[-2,-15],[-11,-17],[3,-19],[-5,-22],[1,-12],[10,-20],[-2,-7],[-28,-31],[-5,-12],[-2,-19],[-18,-19],[-2,9],[10,13],[-2,9],[-22,-25],[3,-11],[-3,-8],[7,-7],[-11,-11],[-1,-7],[-10,-9],[-25,-29],[-11,-26],[-7,-2],[-13,5],[-7,-2],[-15,-15],[1,-5],[-38,-5],[-12,12],[3,12],[23,26],[2,9],[-17,17],[-2,13],[6,34],[-2,33],[-9,35],[-15,-9],[14,-31],[1,-24],[-9,-23],[-7,1],[-5,11],[-18,9],[-8,1],[-44,-4],[-24,-5],[-30,-9],[-15,1],[-5,-3],[-17,4],[-21,11],[-17,1],[-9,-4],[-48,-25],[-31,-24],[1,-3],[-18,-17],[-17,-20],[-14,-21],[-3,-8],[-11,-16],[-10,-10],[5,-10],[-17,-21],[-15,-38],[-11,-1],[-13,4],[-2,-8],[5,-15],[17,-3],[-12,-10],[-9,-16],[-9,-22],[-23,-74],[-19,-70],[-10,-50],[-8,-56],[-4,-42],[0,-40],[-1,-32],[2,-12],[10,-5],[10,3],[5,-21],[1,-14],[-7,-9],[-6,6],[-11,-10],[-12,8],[-13,-3],[-7,-21],[7,-14],[25,-8],[7,9],[4,-17],[11,2],[0,14],[18,32],[3,-3],[-14,-23],[2,-7],[-7,-8],[3,-11],[-9,-4],[3,-9],[-7,-18],[-10,-11],[-7,-29],[-9,-7],[4,-13],[17,-16],[8,-18],[7,-9],[13,-7],[4,8],[34,0],[15,2],[7,-7],[-4,-10],[-6,-1],[-7,-12],[-3,-14],[12,-14],[-6,-3],[5,-12],[-9,-19],[-18,-30],[-2,-30],[7,-8],[9,-3],[15,14],[7,-5],[17,-3],[0,-15],[9,-3],[3,-12],[-12,0],[-10,-7],[0,-10],[-7,-6],[-12,-3],[-8,-10],[6,-13],[-3,-12],[-11,-10],[-22,-7],[-9,5],[-13,-9],[-5,3],[-1,13],[3,11],[-10,2],[-37,-5],[-12,-17],[15,-13],[-12,-14],[-7,11],[-7,2],[1,20],[7,4],[-11,21],[-11,9],[11,26],[16,4],[7,14],[2,15],[-9,11],[6,21],[-3,24],[-17,17],[-6,-8],[-17,25],[-4,19],[-9,17],[-10,9],[-38,18],[-4,5],[-37,13],[-36,0],[-14,-3],[-43,-5],[-20,-9],[-1,-19],[-3,-12],[-11,20],[-27,-19],[-16,-2],[-15,-8],[-5,-9],[-14,-6],[-16,-16],[-6,-12],[-7,-5],[-12,-26],[-12,-14],[-7,-18],[-5,-4],[-9,-20],[-8,-6],[-5,-16],[-5,-5],[-7,-16],[-8,-9],[-17,-6],[-12,1],[-15,-2],[-18,-23],[-18,-15],[-12,-5],[-12,-26],[1,-9],[-7,-19],[1,-16],[-10,-8],[-9,12],[4,11],[-7,13],[-17,8],[3,17],[5,15],[-12,19],[-2,20],[-24,19],[-17,9],[-25,8],[-21,-1],[-16,-14],[-4,28],[-28,-6],[3,-21],[13,-11],[-2,-10],[-20,13],[-22,7],[-37,5],[-29,1],[-38,0],[-33,-2],[-28,-8],[-37,-8],[-44,-16],[-26,-12],[-37,-24],[-20,-16],[-31,-30],[-25,-30],[1,-16],[-10,0],[-6,-13],[-8,-8],[12,-20],[2,-11],[-12,-10],[8,-9],[-10,-19],[-20,-28],[-2,2],[19,26],[11,20],[-7,5],[-21,-8],[-12,-26],[-15,-19],[2,-21],[-13,-25],[-8,-5],[-4,-19],[-6,-4],[5,-9],[1,-14],[-4,-14],[8,-23],[22,2],[5,-17],[26,-10],[22,1],[8,-2],[20,3],[6,-10],[2,-15],[-1,-14],[12,-10],[3,-14],[-11,-2],[-3,-16],[10,-14],[-12,-4],[-9,7],[-4,-7],[-12,-2],[-1,-8],[-12,-9],[6,-13],[-5,-13],[-18,-4],[-5,-10],[4,-18],[12,-8],[-1,-16],[4,-3],[-6,-12],[-10,-11],[-3,-11],[-9,9],[-13,6],[-16,-2],[-8,4],[-24,-7],[-13,5],[-18,-10],[4,-7],[-4,-11],[3,-15],[1,-16],[6,-6],[0,-13],[-16,1],[-6,-4],[9,-19],[-13,-9],[-13,7],[-8,-13],[-11,3],[-1,-33],[-8,-6],[11,-10],[5,-21],[-7,-8],[4,-8],[-8,-10],[7,-5],[-1,-11],[-17,-10],[9,-4],[-3,-16],[-6,-17],[-9,0],[1,-13],[11,0],[7,-11],[-5,-13],[-13,-14],[5,-10],[10,-1],[3,-11],[-9,-5],[-6,7],[-9,-10],[4,-11],[-11,-13],[-14,7],[-12,-11],[-14,-2],[-8,-6],[-12,2],[-8,-11],[-15,-1],[-12,-8],[2,-9],[-12,-10],[-15,1],[-2,-9],[-11,-4],[9,-11],[-11,-12],[-11,-9],[-8,-18],[-11,5],[-14,-6],[11,-23],[16,-7],[-17,-27],[5,-9],[-25,-23],[-8,-3],[-12,2],[-7,8],[-5,-9],[-29,4],[-21,-5],[2,-19],[-23,1],[-12,7],[-4,-12],[-22,-4],[-2,11],[7,3],[3,19],[-10,10],[-8,1],[-2,23],[-11,15],[-8,6],[-22,0],[-13,-4],[-9,-7],[-14,-20],[5,-19],[11,-6],[-7,-8],[1,-13],[-14,-20],[11,-5],[1,-19],[7,-7],[10,0],[-9,-19],[3,-6],[-4,-15],[10,-9],[-11,-17],[-19,-9],[3,-11],[-9,-15],[-13,2],[-8,-7],[-15,7],[-11,21],[-15,9],[-8,9],[-25,8],[-30,2],[-6,-7],[-19,-2],[-3,14],[-11,3],[-11,11],[-16,-11],[-20,-5],[-6,6],[-16,-21],[-9,5],[-14,-3],[-7,-7],[-16,6],[-8,-7],[-2,-11],[-13,0],[-7,-7],[-13,-2],[-10,16],[-27,-10],[-8,-7],[-12,-1],[-10,12],[-17,-9],[-11,-11],[2,-17],[-17,-11],[-23,-9],[-15,10],[-25,-4],[5,14],[-7,23],[-12,-1],[-14,25],[-21,17],[-5,6],[-22,16],[-7,1],[-7,19],[-7,5],[-32,8],[0,8],[15,-1],[1,12],[-18,7],[-34,-10],[-24,-11],[-26,-15],[-14,3],[4,8],[-18,6],[-7,-8],[11,-4],[-4,-11],[13,-3],[0,-11],[-14,-4],[-20,-23],[-24,-31],[-4,-11],[-13,-22],[-14,-16],[-18,-37],[-14,-39],[2,-11],[-5,-17],[4,-5],[-8,-11],[-8,-22],[-4,-18],[12,-14],[16,-7],[0,-9],[-13,-27],[-16,-13],[-9,-24],[-6,-7],[0,-19],[-11,5],[-6,-5],[-11,-21],[-8,-5],[6,-16],[-8,-14],[-8,-1],[-2,-12],[-12,-17],[-18,-4],[4,-12],[-7,-7],[7,-13],[1,-11],[-9,-2],[-4,-8],[0,-13],[5,-13],[16,-22],[13,-23],[-9,-10],[10,-6],[5,-18],[-13,-15],[-29,-31],[20,-8],[-2,-16],[5,-26],[-9,-15],[-42,-20],[-17,2],[-8,-7],[-15,5],[-6,-6],[-18,-4],[-15,-17],[-9,-6],[-6,-11],[-6,13],[-10,5],[-14,-4],[-7,9],[-7,0],[-8,-10],[-24,-6],[-12,4],[-13,-6],[-15,-21],[-14,-6],[-24,-18],[-5,-12],[-14,-15],[-8,-32],[-3,-26],[-6,-18],[-12,-10],[0,-31],[4,-38],[18,-23],[3,-9],[8,-10],[19,-1],[-21,-16],[-15,-1],[-5,5],[-34,14],[-18,-4],[-21,-14],[-14,-15],[-4,0],[-19,-14],[-7,-12],[-34,-24],[-25,-2],[-14,18],[-8,-3],[-7,3],[-21,-9],[-13,-21],[-14,1],[-14,-12],[-11,-33],[-4,-34],[-8,-14],[-9,6],[-13,-1],[-13,-8],[-5,-8],[-8,1],[-14,-8],[-6,-11],[-10,-10],[-17,-7],[-3,-9],[-10,-11],[-8,-1],[-26,-25],[-13,-5],[-5,-14],[-13,-7],[-19,0],[-16,-7],[-10,-9],[-14,-2],[-13,-9],[-21,-27],[-8,-25],[3,-25],[4,-14],[-8,-11],[-6,5],[5,11],[-5,22],[-13,-3],[-16,-12],[1,-23],[-6,1],[-1,25],[-10,-1],[-8,-12],[-3,-21],[10,-2],[1,-8],[11,-20],[27,11],[19,-3],[19,1],[-7,-13],[-19,9],[-13,-9],[6,-8],[16,-10],[5,-10],[15,-12],[16,8],[7,-12],[17,-11],[19,4],[5,8],[11,2],[29,-12],[23,12],[25,0],[5,8],[11,1],[18,-7],[18,5],[19,-2],[14,8],[9,8],[8,14],[22,1],[12,6],[0,6],[26,19],[11,23],[5,4],[8,-16],[10,7],[-3,12],[8,5],[15,3],[26,0],[13,-18],[0,-11],[18,-8],[23,0],[19,-20],[1,-7],[15,-11],[12,-6],[13,-12],[13,0],[10,5],[18,19],[7,12],[2,14],[-4,20],[2,9],[-2,11],[2,18],[-3,7],[15,11],[18,4],[12,11],[10,-2],[6,7],[5,-13],[17,-18],[4,-11],[14,-15],[7,-3],[16,0],[12,-6],[39,-56],[12,-7],[3,-11],[-2,-19],[-9,-11],[2,-9],[-11,-3],[-11,-19],[-6,-24],[-7,-9],[-2,-9],[5,-27],[-10,-11],[-30,-3],[-15,-14],[-9,-17],[-8,2],[-9,-10],[-19,-31],[-9,1],[-21,10],[-15,4],[-9,-4],[-10,-9],[-13,-22],[-7,-23],[-4,-30],[-1,-27],[-3,-37],[-4,-56],[1,-35],[3,-53],[8,-45],[8,-20],[15,-7],[7,3],[6,-8],[-11,-13],[2,-6],[13,-19],[8,-1],[19,-11],[5,1],[11,-11],[7,-3],[10,-22],[11,-5],[6,-8],[-24,-18],[-8,-27],[-9,-2],[-9,12],[-25,-1],[-9,-14],[-8,7],[-16,-10],[-9,-2],[-11,5],[-11,13],[-26,-13],[-11,-10],[-4,-8],[-11,-8],[-8,-14],[-14,-13],[4,-9],[-12,-5],[-4,-7],[-11,-2],[-17,1],[-8,-6],[-8,-16],[7,-7],[5,-20],[-9,-10],[-10,-2],[-1,-16],[5,-12],[-4,-4],[4,-30],[-12,-21],[5,-15],[11,-1],[15,-7],[7,-15],[12,-3],[1,-11],[-4,-8],[-9,-1],[-12,6],[-4,15],[-8,14],[-14,11],[-30,3],[-18,-7],[-23,-24],[-10,-8],[-9,-27],[-10,-7],[-6,4],[-12,-14],[-6,-17],[8,-12],[-3,-18],[5,-5],[-7,-13],[-14,10],[-11,14],[-3,9],[1,12],[-28,37],[-27,1],[5,20],[-10,10],[-5,15],[3,14],[-11,14],[-29,7],[1,6],[11,7],[-2,13],[-12,27],[1,18],[-4,11],[-7,7],[-26,17],[-32,13],[-37,6],[-21,-2],[-19,7],[-16,-10],[-12,5],[-11,7],[-2,7],[-12,0],[-3,-4],[-25,-3],[-12,10],[-12,-6],[-4,8],[-9,1],[-10,9],[-29,-6],[-34,-11],[-33,-16],[-29,-21],[-18,-16],[-27,-30],[-8,-13],[-13,-40],[2,-9],[-6,-10],[10,-5],[0,-7],[14,0],[18,-7],[2,-11],[-5,-12],[-8,-8],[-17,-10],[7,-17],[-15,-14],[-26,19],[-10,0],[-8,-9],[-23,18],[-17,-8],[-20,-13],[-1,-9],[-10,-16],[-16,-8],[-19,-20],[-22,-4],[4,-8],[-7,-8],[6,-7],[-7,-11],[-10,-1],[-7,6],[-16,0],[-7,-4],[-9,3],[-3,-16],[-21,-3],[-7,-5],[-1,-21],[-13,2],[-11,-3],[-14,17],[-18,2],[-8,-7],[-6,-11],[-17,11],[-6,9],[-10,-3],[2,12],[-27,21],[-25,-3],[-12,-17],[-16,0],[-5,6],[-8,-1],[0,14],[-13,13],[-12,3],[-22,-4],[-35,-25],[-9,7],[-11,-1],[-16,-15],[-11,-2],[-14,-20],[10,-28],[-15,-12],[-1,-7],[-23,-30],[-12,-6],[-16,-14],[3,18],[7,11],[-4,8],[0,13],[-11,17],[-15,12],[-19,11],[-21,6],[-14,-1],[-17,-5],[-21,-12],[-14,-17],[-1,-15],[-10,4],[-12,18],[-24,6],[-14,-1],[-8,-13],[-14,6],[-3,-5],[-17,12],[-12,0],[-11,-6],[-8,-12],[-12,-10],[-6,-26],[-8,-7],[-7,4],[2,9],[-14,8],[-4,-5],[-27,-10],[-11,8],[-17,-3],[-15,-14],[-11,-24],[-1,-18],[-21,-11],[-1,-11],[-7,-4],[-4,10],[-17,-8],[-4,10],[-26,-2],[0,-6],[-13,-10],[-13,-29],[-13,-62],[-2,-13],[7,-14],[-3,-7],[-11,1],[3,-12],[11,-3],[-5,-11],[13,2],[-3,-12],[-11,-5],[-5,13],[-5,6],[-13,-11],[-6,-47],[13,-34],[8,-1],[11,-13],[-26,-9],[-6,-9],[-5,-14],[0,-16],[7,-17],[8,-7],[28,-5],[18,-11],[-6,-16],[7,-23],[-10,-8],[0,-18],[-12,-7],[6,-16],[-11,-4],[14,-10],[2,-10],[11,10],[17,-11],[-8,-9],[-7,-14],[-11,11],[-12,-1],[-2,-7],[0,-34],[-19,13],[-2,6],[-11,3],[-2,6],[-18,-2],[-10,4],[-21,-6],[-8,3],[-17,-7],[-13,10],[-9,16],[-20,-11],[-8,-11],[-13,14],[-14,-4],[-8,3],[-6,11],[-14,-13],[-8,22],[-11,2],[-2,8],[-26,2],[-9,-4],[-6,7],[-6,-11],[-12,-8],[-3,10],[5,11],[19,5],[7,16],[-5,37],[-8,14],[-17,-2],[-15,24],[7,4],[-2,11],[-13,3],[-7,17],[-12,9],[-31,11],[-14,3],[-22,-6],[-15,0],[-6,-9],[-8,-3],[-2,-9],[-16,4],[-3,9],[10,2],[2,11],[-11,16],[-10,4],[-8,-7],[-1,-11],[-12,-5],[-2,8],[-10,2],[-4,-18],[-10,-2],[-3,23],[-13,5],[-5,10],[3,10],[9,0],[4,18],[-4,9],[-11,12],[-17,-3],[-9,2],[-1,14],[-13,-1],[-6,-6],[-7,6],[-6,25],[-12,15],[-21,5],[-30,-1],[-10,-9],[-6,8],[-29,3],[-18,-9],[-20,-13],[-12,-2],[-29,-17],[-22,-15],[-11,-2],[-4,-7],[-11,1],[-29,-17],[-26,-2],[-35,2],[-20,7],[-19,1],[-20,9],[-14,-1],[-22,4],[-23,8],[-38,3],[-22,-6],[-14,-9],[-6,10],[-21,-14],[-10,-16],[-7,2],[-12,-20],[-17,-12],[-18,-2],[-43,-17],[-11,-10],[-29,-40],[-13,-24],[-18,-4],[-17,-21],[-43,-68],[-17,-34],[-6,-25],[-7,-6],[-4,-15],[2,-13],[-8,-4],[-4,-19],[-12,-1],[-1,-28],[-5,-25],[-3,-42],[-4,-3],[-8,-27],[-1,-28],[-5,-3],[-9,-91],[1,-62],[8,-74],[8,-53],[8,-26],[22,-4],[7,-7],[7,3],[24,-7],[5,5],[22,1],[19,8],[9,-13],[11,-4],[3,-13],[-11,5],[-24,-2],[-13,-14],[-11,-3],[-28,-15],[-4,-15],[-7,4],[-19,-6],[-8,4],[-9,-5],[-12,1],[-5,-10],[-7,0],[-15,10],[-5,-3],[-24,21],[-1,4],[-22,1],[-12,10],[-1,12],[-11,8],[8,10],[1,14],[-16,10],[-13,-2],[-8,-14],[-15,0],[-11,13],[-4,-2],[0,-18],[-10,-3],[-2,-19],[-9,2],[-7,11],[-7,-9],[-9,-2],[-22,27],[-11,-6],[-10,11],[-15,-8],[1,-6],[-16,-17],[-9,0],[-4,-11],[-10,-8],[-9,6],[-10,0],[3,-25],[-4,-11],[-23,19],[-10,-12],[-5,3],[-6,-11],[-9,13],[2,16],[13,24],[-10,10],[-6,-4],[-12,4],[-17,29],[15,8],[0,16],[5,18],[14,-6],[8,5],[21,6],[15,7],[14,-1],[8,5],[4,-12],[10,-7],[19,-5],[22,-1],[37,-7],[22,18],[22,1],[11,11],[15,21],[16,46],[1,23],[6,30],[-1,32],[-6,38],[-7,29],[-1,17],[-8,39],[-4,15],[-7,32],[-14,48],[-12,15],[-16,9],[-15,2],[-10,7],[-7,12],[-21,14],[-27,0],[-9,3],[-8,-3],[-15,2],[-29,-2],[-8,-4],[-16,6],[-23,11],[-3,4],[-22,10],[-33,9],[-3,-6],[-32,5],[-12,6],[-12,-1],[-12,-20],[-6,-18],[-12,9],[-13,3],[-5,-10],[-13,-10],[-27,-1],[-8,3],[-11,-10],[-8,-1],[-16,5],[-6,-5],[-4,-12],[-24,-10],[-14,-10],[-6,4],[-33,-4],[-25,-5],[-26,4],[-40,-15],[-13,6],[-12,2],[-7,6],[-39,-4],[-2,8],[-19,17],[-8,24],[11,12],[12,7],[9,14],[-5,8],[14,16],[8,14],[5,18],[-9,28],[-24,19],[-9,21],[-9,3],[-4,-7],[-15,0],[-1,16],[-10,12],[-17,12],[-15,6],[-14,13],[-14,-4],[-17,2],[-18,13],[-6,-5],[-8,7],[-17,-1],[-19,-11],[-9,5],[-10,0],[-11,12],[-14,11],[-17,-2],[-10,6],[-11,0],[-5,-10],[-8,-5],[-3,14],[-9,6],[-19,-3],[-9,-8],[3,-23],[-12,3],[-14,-8],[-7,2],[-1,10],[-7,7],[-11,4],[-9,8],[-32,2],[-14,12],[-13,-4],[-1,-18],[-13,6],[-18,-1],[-12,9],[-9,-7],[-14,6],[-13,-6],[-11,9],[-21,-7],[-11,-1],[-3,-9],[-21,-23],[-14,-12],[-10,-5],[-12,4],[-15,-1],[-3,7],[15,29],[6,-3],[5,11],[-6,4],[4,13],[15,38],[-7,4],[3,15],[29,-6],[-5,21],[0,18],[-26,-12],[5,10],[12,10],[11,1],[3,6],[-33,25],[-11,-5],[1,-8],[-12,-44],[-6,-1],[-6,41],[15,-3],[4,7],[-4,21],[-24,14],[-9,-15],[-9,11],[0,13],[-21,-23],[14,-6],[2,-13],[-30,-5],[1,-6],[32,5],[-2,-13],[-31,-5],[0,-8],[-11,-7],[-10,0],[10,26],[-1,18],[7,23],[2,15],[-16,2],[0,-15],[-9,-37],[-27,-4],[1,-23],[25,3],[-1,-17],[-16,-4],[-33,-5],[-16,-4],[-11,-11],[-12,-2],[-8,5],[0,10],[-9,5],[11,14],[-9,7],[-7,-19],[-8,8],[6,16],[-6,3],[-7,-20],[-21,4],[3,21],[-7,1],[-4,-21],[-16,2],[-8,-11],[-3,-20],[11,2],[9,-7],[0,-23],[30,-16],[-1,-11],[-20,4],[-45,10],[-2,-14],[32,-8],[-6,-6],[-3,-12],[-14,18],[-20,-17],[11,-13],[5,-13],[-7,-7],[6,-14],[6,4],[-2,14],[25,8],[6,0],[1,-15],[14,3],[1,11],[37,-6],[2,10],[26,1],[1,7],[-24,7],[0,3],[43,-13],[48,-36],[4,-10],[-14,-6],[-4,-15],[3,-20],[5,-6],[18,-6],[-10,-14],[-17,-3],[-7,5],[-32,-15],[-12,-21],[-6,-21],[-29,-62],[20,-14],[6,8],[11,-6],[6,-14],[16,1],[7,-3],[5,15],[6,-3],[-4,-13],[18,-6],[6,16],[7,4],[10,15],[1,7],[10,11],[6,-1],[9,10],[7,13],[10,1],[9,-8],[17,-7],[0,-21],[13,-30],[7,-12],[20,-8],[8,6],[-16,22],[2,11],[11,5],[3,12],[10,-6],[5,7],[13,2],[37,14],[5,-6],[14,-5],[21,-16],[14,-13],[6,-10],[16,-7],[5,-15],[6,-7],[-1,-18],[4,-11],[0,-12],[-15,-26],[-10,-10],[-11,-19],[-16,-8],[-9,14],[-11,9],[-6,14],[-17,5],[-4,10],[-32,-3],[-12,6],[-16,-3],[-11,-14],[-19,-10],[-16,-7],[-25,-5],[-10,-9],[-11,-1],[-14,-11],[-8,-1],[-4,11],[-16,18],[-9,15],[1,20],[-6,7],[-22,6],[-16,-3],[-10,12],[3,17],[-8,14],[-21,10],[-16,1],[-28,-6],[-14,-7],[-9,-24],[-18,-26],[-9,6],[-9,-2],[-7,-12],[-15,-18],[-2,-5],[-13,-6],[-12,9],[-10,-12],[5,-9],[-3,-23],[-7,0],[-15,-18],[-7,-18],[-15,-17],[0,-8],[-9,-8],[-9,-14],[-6,-21],[0,-18],[5,-16],[-17,-31],[-10,-12],[4,-16],[-10,1],[-5,15],[-15,1],[-14,11],[-7,0],[-13,9],[-12,0],[-15,-10],[-4,-10],[-33,4],[-5,-1],[-8,14],[-24,7],[-23,-11],[-18,3],[-11,17],[0,13],[-20,12],[-19,3],[-9,38],[-10,-1],[9,22],[-19,13],[-3,7],[2,14],[-12,11],[-23,1],[-13,11],[-2,7],[-9,0],[-13,19],[-12,-2],[-18,6],[-5,5],[-20,1],[-7,7],[-16,6],[-11,0],[9,17],[1,13],[7,15],[27,3],[27,22],[-4,13],[2,8],[7,9],[11,7],[2,21],[-8,8],[3,14],[-2,11],[13,5],[6,11],[1,19],[-11,4],[5,12],[10,7],[18,16],[7,27],[-4,17],[-11,15],[-13,1],[-8,8],[-19,8],[14,7],[23,6],[6,18],[17,35],[1,15],[-9,19],[-7,22],[-12,20],[-9,8],[-10,-5],[-13,4],[-10,11],[0,11],[-6,6],[-11,1],[-8,-13],[-3,-14],[-24,-12],[-12,-3],[-10,-11],[-8,-3],[-17,17],[10,9],[-3,13],[-10,5],[-10,-4],[-38,4],[-9,-2],[-8,4],[-9,-3],[-5,7],[-54,-8],[-8,-7],[-5,6],[11,10],[8,1],[29,30],[12,5],[9,22],[-25,9],[5,14],[-1,13],[15,15],[13,4],[20,13],[1,12],[-9,31],[-10,16],[-12,15],[-15,13],[-25,12],[-29,0],[-31,-19],[-2,-12],[-16,0],[-9,-19],[-4,19],[-24,-12],[-12,-22],[3,-10],[13,-6],[-10,-9],[-9,-3],[-15,12],[0,17],[8,5],[2,10],[-10,15],[-11,-5],[-3,-8],[-17,0],[-6,7],[-10,-2],[-4,-6],[-21,-2],[-2,13],[-7,6],[-10,-3],[-9,6],[-10,0],[-4,-10],[-7,5],[-18,-7],[-10,4],[-5,12],[-17,-4],[-6,13],[3,10],[-7,4],[-4,19],[-8,8],[2,12],[-1,20],[-8,26],[-14,3],[-9,7],[-14,-18],[-15,-8],[-2,-10],[-12,-2],[-9,21],[-9,0],[3,-16],[-7,-4],[-13,8],[-20,-19],[-28,2],[-5,-4],[-16,4],[-2,13],[-7,11],[7,9],[-8,5],[11,14],[-2,11],[-8,9],[-3,14],[-19,5],[-9,6],[-10,0],[-2,10],[-7,8],[-20,-2],[-6,6],[3,12],[8,11],[2,20],[-12,12],[17,8],[7,8],[31,14],[3,9],[10,2],[9,9],[0,16],[11,12],[0,15],[-8,30],[-17,31],[-19,26],[-15,14],[-11,4],[-15,0],[-22,-9],[-20,-4],[-9,-8],[-10,-1],[-9,13],[-31,12],[-1,15],[-10,5],[-15,-8],[-13,8],[-15,-4],[-16,27],[-14,12],[-12,2],[-8,16],[-13,11],[-25,-8],[-14,0],[-13,14],[-17,3],[-24,-3],[-20,-4],[-5,-8],[-14,-11],[-21,-9],[-2,9],[-21,2],[-22,-9],[-5,-12],[-11,-2],[-13,-9],[-17,-24],[-9,-3],[-8,-8],[-7,-22],[-3,-52],[-2,-4],[-24,16],[-7,-6],[-2,-16],[13,4],[-2,-12],[6,-5],[6,6],[26,1],[-28,-36],[7,-6],[26,33],[3,-10],[9,-4],[-32,-40],[-7,-1],[-14,12],[-13,-4],[1,-15],[9,-5],[-5,-18],[6,-6],[0,-15],[-20,-3],[-4,9],[-15,10],[-13,13],[-6,1],[-1,12],[-18,-4],[7,19],[-8,3],[-5,-18],[-10,0],[-24,19],[-11,5],[-1,18],[-23,-2],[-25,14],[-14,16],[-22,12],[-12,0],[-30,19],[-6,23],[-13,17],[-9,3],[-8,9],[-44,66],[-8,8],[-5,14],[-23,21],[-14,21],[-14,27],[-3,12],[0,23],[-5,10],[-2,20],[9,17],[0,19],[6,32],[-9,8],[-8,1],[-11,-9],[-3,6],[6,11],[-6,11],[-24,-6],[-14,-5],[-9,29],[-21,8],[21,10],[-7,7],[-20,-11],[-8,0],[-11,-7],[-1,-12],[-8,-9],[-36,-26],[-10,-15],[-27,-21],[-9,1],[-20,-21],[-7,5],[3,10],[10,7],[-7,6],[-15,-7],[-5,-9],[2,-17],[7,-11],[-13,-20],[-6,-16],[-6,-1],[-5,17],[7,27],[-10,0],[-7,-19],[-10,-9],[-8,7],[-8,1],[-14,12],[-14,-2],[17,-10],[6,-8],[11,-7],[-23,-9],[-6,-6],[-21,15],[-6,11],[-13,14],[2,17],[-12,11],[-9,-2],[-6,-15],[-8,13],[-11,0],[-3,10],[-7,-2],[-12,4],[-4,8],[-9,4],[-13,-4],[-5,-7],[-10,0],[-5,-7],[-19,16],[-12,5],[-3,-4],[-23,8],[6,16],[-10,10],[-14,-1],[-17,-5],[-9,13],[-20,4],[-10,14],[-30,-5],[2,-7],[-8,-5],[-19,2],[-8,-1],[-11,6],[-4,11],[-13,4],[-1,-7],[17,-24],[-7,-13],[11,-11],[16,-10],[9,-13],[15,-7],[6,-9],[-17,-10],[-2,14],[-11,2],[-8,-8],[-17,28],[-4,3],[-16,-11],[-11,4],[-25,25],[-15,-10],[-13,8],[-14,3],[-8,20],[-9,-4],[-9,9],[-12,1],[-1,-6],[-13,2],[-10,18],[-8,-7],[-9,1],[-5,-11],[27,-23],[10,-13],[10,-18],[-14,-6],[-11,16],[-9,-1],[-14,13],[-9,1],[-8,10],[-15,-1],[-24,16],[-2,12],[-14,2],[-10,15],[-14,-2],[-10,13],[-11,0],[-4,10],[-20,-19],[-3,7],[-9,3],[-4,-6],[-51,-4],[1,-8],[-9,-7],[-40,-12],[-14,2],[-1,7],[-34,-6],[-10,-12],[-17,-2],[-14,-10],[-35,-2],[-14,10],[-10,10],[-15,-6],[-18,2],[-13,8],[-24,22],[-16,2],[-6,10],[-11,-6],[-25,4],[-7,12],[12,10],[-4,15],[14,2],[9,-12],[6,4],[0,13],[-9,27],[3,38],[13,20],[-4,9],[16,13],[-6,21],[5,5],[8,20],[9,6],[23,8],[9,-3],[13,10],[12,16],[5,19],[9,9],[-4,9],[8,5],[2,19],[-5,7],[11,8],[21,-4],[9,7],[2,8],[-27,10],[3,7],[32,-9],[18,1],[10,9],[2,12],[-5,7],[3,13],[0,37],[6,11],[-3,8],[9,19],[-1,11],[5,5],[-5,16],[-8,6],[-5,-9],[-11,9],[4,17],[-11,5],[0,16],[-18,8],[7,16],[12,-3],[6,4],[-7,17],[-29,17],[-5,5],[-15,5],[-6,23],[-5,6],[0,11],[-13,4],[-10,17],[-19,12],[-8,11],[-5,12],[-21,0],[-13,3],[-13,8],[-6,12],[6,9],[11,-1],[7,11],[1,20],[11,7],[6,14],[19,16],[3,16],[-12,13],[7,15],[-2,9],[19,-4],[7,10],[8,-4],[15,-18],[11,9],[7,-10],[14,-4],[26,6],[26,10],[-1,18],[-6,3],[-36,-6],[-30,-9],[-7,0],[-15,20],[-1,10],[19,12],[1,6],[-9,16],[1,5],[16,11],[-3,7],[7,17],[-11,5],[13,69],[-4,3],[-17,-11],[-7,12],[27,18],[-3,10],[-19,-13],[-5,8],[9,6],[-6,10],[-12,-8],[-6,11],[17,12],[-2,7],[-20,-2],[-6,9],[17,11],[-4,14],[12,-3],[12,9],[-15,22],[-10,-7],[3,-14],[-8,-2],[-16,-11],[-5,9],[18,12],[-12,16],[-19,-13],[-6,10],[12,8],[-25,46],[-13,-8],[-5,10],[22,14],[-4,8],[-26,2],[-6,12],[49,-3],[-8,19],[-58,4],[-6,14],[21,-2],[3,5],[-12,21],[-3,3],[-35,3],[-65,53],[7,10],[16,-12],[2,4],[42,-30],[7,-8],[8,16],[-5,5],[9,20],[-61,52],[-18,6],[-7,7],[-11,3],[3,17],[-19,12],[-8,-5],[-5,-12],[-10,-16],[-29,27],[-5,-9],[-14,10],[16,20],[6,4],[35,-22],[7,4],[4,10],[18,-11],[0,13],[-25,15],[-13,-14],[-15,11],[2,5],[-10,15],[-5,-2],[-13,8],[-6,7],[-19,9],[-23,-1],[-17,3],[-5,-3],[-61,-15],[-32,-15],[-1,-8],[-12,3],[-7,-8],[-3,-12],[-8,-7],[-9,1],[-12,-12],[-9,-3],[-13,-13],[-9,-21],[-30,-22],[-21,-32],[-24,-15],[-7,1],[-5,-17],[-8,-5],[-26,7],[3,-10],[-10,-18],[-12,2],[-3,-5],[11,-11],[-2,-4],[-32,-1],[-18,-18],[-21,-10],[-6,-7],[-16,-6],[-15,-11],[2,-7],[-21,1],[-4,-5],[-19,3],[-4,-8],[-27,-6],[-16,-6],[-5,-10],[-18,0],[-8,-4],[-15,-2],[-22,8],[3,14],[-11,3],[-2,7],[-12,-6],[2,-11],[-14,2],[-8,-5],[-15,8],[-12,3],[-3,-12],[-8,0],[-9,13],[-14,1],[-25,6],[-15,7],[0,12],[-9,8],[-4,-6],[3,-9],[-7,-12],[-16,-4],[-11,-11],[-9,-2],[-37,21],[-7,8],[-14,-7],[-14,0],[-12,-4],[-7,12],[-1,11],[-14,8],[-14,-1],[-9,-7],[1,-6],[-11,-15],[-2,-16],[-13,-19],[-8,-1],[-11,7],[-6,-10],[-13,-7],[-23,15],[-4,-13],[-11,5],[-7,-3],[-14,14],[-8,16],[-13,-4],[-2,-22],[-2,-10],[-8,-4],[-15,2],[-9,4],[-12,-3],[-9,17],[-7,10],[-7,0],[-8,-13],[-7,-3],[-19,6],[-8,10],[-19,-10],[-22,1],[-14,13],[-5,-10],[-18,9],[-6,-10],[-12,-3],[-17,-1],[-14,6],[-20,1],[-20,3],[-8,15],[-11,-15],[-8,3],[-14,-2],[-9,5],[-14,-9],[-13,-1],[0,-7],[-24,4],[4,12],[-10,4],[-3,11],[-12,13],[-31,3],[-3,-16],[-16,-6],[-10,-14],[0,-6],[-12,-6],[-8,3],[-5,9],[-29,-11],[-17,2],[-17,7],[4,22],[-8,7],[-15,-4],[-17,-2],[-4,-6],[-14,7],[-14,-7],[3,-17],[-10,-14],[-8,2],[-6,-7],[-14,12],[-4,-8],[7,-10],[-1,-7],[-9,-6],[-1,-8],[-13,-1],[-14,8],[-4,9],[-8,5],[12,22],[6,19],[-1,11],[-15,5],[-9,-18],[-4,-14],[-15,-3],[-12,28],[-9,-13],[-14,8],[-3,-7],[18,-14],[2,-12],[-7,-2],[-10,13],[-21,11],[-19,23],[-22,14],[2,9],[-10,11],[-12,23],[-16,4],[-11,8],[-19,31],[-14,7],[-1,12],[7,6],[-11,19],[5,8],[23,-6],[5,-7],[10,-1],[8,15],[-20,10],[-8,16],[13,38],[3,-11],[14,4],[-5,14],[6,9],[-3,9],[-15,-2],[-8,8],[-10,0],[-22,14],[-7,22],[-13,15],[3,5],[17,3],[-3,6],[-14,-4],[-15,5],[6,11],[-3,7],[-22,8],[15,8],[0,6],[-9,9],[13,8],[14,-1],[-5,15],[-18,-6],[-10,5],[-10,-4],[-7,13],[1,10],[-7,17],[-10,2],[-6,8],[-15,7],[-10,8],[-3,15],[1,14],[18,8],[-1,4],[-15,-1],[-17,7],[-5,15],[-3,19],[-14,13],[-9,2],[2,10],[-7,5],[-9,-8],[-6,6],[-2,13],[24,7],[-6,8],[-10,-2],[-7,3],[-5,11],[-7,2],[-4,13],[-12,10],[5,12],[6,2],[10,-11],[9,7],[-3,8],[8,10],[10,3],[13,-15],[45,44],[-30,36],[1,4],[34,-2],[110,-7],[11,-7],[36,-2],[2,-27],[5,-8],[16,3],[-2,11],[3,15],[12,6],[24,-5],[46,6],[24,9],[25,12],[20,7],[40,8],[8,-5],[12,-15],[-4,-3],[14,-14],[14,-6],[31,-8],[21,-3],[11,4],[27,-3],[49,-1],[58,8],[15,4],[28,6],[12,7],[39,8],[21,9],[33,4],[7,7],[17,3],[11,-21],[-7,-15],[20,-24],[14,-14],[18,-1],[12,8],[9,-5],[20,10],[8,8],[16,2],[40,26],[21,14],[40,31],[20,16],[14,4],[29,24],[23,20],[44,44],[22,24],[10,9],[30,33],[14,20],[5,0],[12,15],[62,92],[15,18],[9,-1],[34,24],[10,15],[3,10],[10,-5],[3,7],[-63,66],[21,24],[69,-73],[19,8],[11,12],[1,7],[14,2],[10,4],[20,14],[43,36],[6,9],[3,17],[0,29],[11,30],[-5,8],[-3,16],[10,11],[7,16],[-1,16],[-4,11],[-15,24],[5,16],[-7,19],[-8,14],[-6,5],[-5,34],[5,23],[-8,18],[-9,10],[-17,9],[3,12],[-12,23],[-15,0],[-33,13],[-11,9],[-13,17],[-15,2],[-23,-12],[-42,-27],[-33,-15],[-19,-20],[-9,-2],[-5,-8],[0,-11],[-7,-12],[-29,-32],[-47,-30],[-25,-24],[-9,-16],[-10,3],[-6,-9],[-13,8],[-13,-14],[-5,-12],[-12,-15],[-9,-36],[-38,-47],[8,-11],[9,-1],[-6,-13],[-2,-12],[-8,-8],[-11,3],[-7,11],[-10,5],[-11,14],[-12,-5],[-19,21],[-9,-5],[4,27],[-2,19],[-12,16],[-16,27],[-8,12],[-23,21],[-7,10],[-5,17],[-7,15],[-3,16],[-6,14],[-13,11],[-4,17],[-5,2],[-2,15],[-10,10],[-6,26],[-8,15],[3,18],[-10,23],[-1,11],[-5,11],[-5,23],[-1,15],[-16,25],[-10,13],[0,13],[-8,14],[-11,26],[47,10],[16,-3],[-14,26],[-20,4],[-13,9],[7,5],[11,15],[-1,30],[3,21],[-5,15],[-5,8],[-11,2],[-2,14],[-8,12],[-32,24],[-21,6],[-28,0],[-58,-10],[-40,8],[-14,1],[-10,6],[-16,-2],[-8,6],[-13,0],[-21,-8],[-11,-1],[-8,6],[-11,1],[-26,8],[-19,4],[-20,1],[-20,-2],[-19,-9],[-29,-22],[-7,-10],[-4,-18],[-27,-7],[-4,9],[4,8],[-4,15],[-10,9],[-4,26],[-8,12],[-30,34],[-6,11],[-13,13],[-15,27],[0,9],[-8,12],[4,5],[9,21],[0,21],[-7,16],[-7,3],[-4,11],[-11,17],[-17,-1],[-11,13],[-10,3],[13,16],[-8,8],[5,6],[-11,24],[-7,-2],[-7,13],[-23,-8],[-9,7],[-20,-11],[-7,-13],[-6,-26],[-1,-20],[7,-6],[0,-9],[-6,-20],[5,-35],[9,-36],[0,-42],[-4,-23],[5,-14],[9,-18],[0,-23],[-7,-16],[-1,-19],[-15,-2],[-23,-25],[-6,-11],[-1,-10],[-14,-21],[-2,-11],[-20,-33],[-7,-18],[0,-9],[-13,-21],[4,-27],[-8,-19],[-4,-22],[-1,-29],[4,-14],[8,-9],[-1,-10],[3,-24],[7,-37],[16,-37],[-2,-42],[-2,-18],[-5,-9],[-11,-10],[-2,-18],[5,-11],[-3,-13],[12,-17],[2,-12],[10,-9],[23,-11],[11,2],[3,5],[18,4],[11,-4],[23,1],[1,-6],[15,-5],[4,-7],[11,3],[4,14],[15,4],[5,-7],[23,-2],[8,5],[14,1],[16,-2],[4,5],[19,2],[23,-6],[48,-33],[16,-16],[11,-17],[13,-50],[0,-20],[7,-27],[3,-59],[0,-15],[-6,-30],[-1,-32],[10,-28],[4,-23],[4,-12],[11,-63],[9,-17],[6,-41],[6,-7],[-5,-8],[2,-12],[-4,-30],[-7,-12],[-3,-26],[-6,-23],[-5,-37],[10,-15],[-20,3],[-14,7],[-29,-11],[2,-12],[-26,-17],[-10,-3],[-8,5],[-28,-11],[-17,-1],[-7,3],[-30,1],[-47,-2],[-14,4],[-15,-1],[-65,3],[-21,0],[-93,6],[1,8],[-13,3],[-22,-1],[-2,-27],[-11,4],[2,35],[-5,1],[-2,-27],[-10,-2],[-7,6],[-8,-4],[1,-10],[-5,-23],[5,-38],[-7,-1],[-15,18],[-12,19],[-24,14],[-5,8],[10,15],[11,7],[5,16],[0,15],[-7,8],[0,8],[-7,23],[-6,10],[-16,9],[-4,10],[0,22],[13,7],[0,38],[-13,26],[-14,21],[-22,14],[-79,19],[-38,11],[-42,-4],[-9,-4],[-9,-13],[-4,8],[5,16],[-3,11],[-14,12],[-35,11],[-24,-1],[-18,-8],[-19,-3],[-37,-11],[-37,-21],[-15,-11],[-13,-16],[-8,-18],[0,-13],[-4,-8],[-5,-22],[-47,-34],[-2,-7],[20,-47],[-4,-2],[-24,58],[-17,-3],[-15,-10],[-14,-12],[-14,-16],[-7,-12],[39,-73],[-24,26],[3,5],[-10,18],[-5,-3],[-8,13],[7,2],[-12,23],[-9,7],[13,8],[-3,8],[8,4],[16,33],[-5,18],[22,30],[22,19],[32,20],[6,0],[31,19],[-6,13],[-11,-7],[-14,3],[-7,-7],[-20,-10],[-20,-2],[-5,8],[-8,-8],[-32,-16],[-19,-44],[-10,-16],[1,-11],[-11,-2],[-15,27],[0,8],[-8,9],[-9,22],[-8,-3],[-22,54],[-4,17],[-10,1],[-18,-6],[-9,10],[0,11],[-5,6],[-2,23],[3,14],[-7,22],[3,15],[-8,5],[-6,31],[-11,15],[0,11],[-10,17],[-4,13],[13,7],[-10,24],[-11,-1],[-38,-21],[-23,-9],[17,-45],[37,-43],[27,-68],[30,-77],[10,-22],[7,-24],[14,-25],[34,-88],[4,-22],[-22,-11],[-17,-11],[-30,-38],[-3,13],[-9,0],[-81,78],[-7,24],[-10,12],[-9,6],[-20,4],[-23,20],[-45,43],[-5,7],[-24,23],[-10,6],[-4,22],[-10,0],[2,-21],[-15,-12],[-15,-22],[34,-33],[17,-13],[55,-53],[41,-41],[74,-71],[22,-24],[-11,-8],[-11,-3],[-14,-18],[-12,-5],[-16,-3],[-2,9],[-42,40],[-15,11],[-10,-4],[1,-7],[-12,-4],[-4,-29],[-11,-7],[-4,-11],[10,-2],[1,-9],[10,-23],[15,1],[1,13],[6,1],[18,-23],[23,-20],[8,2],[18,22],[9,-38],[-11,-2],[1,-8],[-16,-4],[-37,-5],[-7,8],[-31,11],[-8,-7],[2,-11],[-12,-9],[-32,-4],[-14,1],[-24,-5],[-91,-12],[-17,24],[-28,-22],[14,-23],[14,10],[18,0],[83,11],[26,5],[14,-1],[17,5],[18,3],[10,-14],[15,12],[13,-18],[5,1],[0,17],[23,11],[42,5],[25,4],[110,15],[-2,-2],[-111,-14],[1,-6],[-18,-13],[-14,-19],[-12,-21],[3,-9],[-8,-11],[11,-12],[8,-4],[2,-15],[-9,0],[-9,10],[-11,-4],[-26,-3],[-11,-13],[-23,-3],[-20,-6],[-14,5],[-24,-3],[-3,-7],[12,-5],[15,4],[60,2],[5,4],[9,-5],[0,-17],[10,-1],[15,-21],[4,-10],[9,5],[-12,18],[19,-1],[-2,10],[11,19],[7,-4],[16,-37],[1,-7],[12,-4],[6,-14],[0,-11],[4,-9],[13,2],[-1,24],[6,0],[9,-12],[7,-23],[13,-2],[8,11],[-10,18],[8,5],[15,-13],[0,-12],[13,-16],[6,-17],[13,-9],[-2,-6],[6,-15],[14,-7],[8,-9],[6,-34],[16,-2],[7,5],[14,-13],[5,10],[10,7],[3,10],[-16,34],[-3,19],[8,11],[6,-13],[18,9],[19,-33],[18,12],[15,22],[20,24],[10,10],[-3,10],[4,10],[16,18],[11,7],[32,28],[16,20],[18,34],[6,15],[5,33],[-10,32],[-12,26],[-7,9],[16,1],[12,-9],[12,-17],[6,-18],[2,-37],[-4,-36],[-9,-17],[-20,-23],[-5,-3],[-27,-31],[-25,-25],[-17,-23],[-28,-29],[-18,-16],[-17,-19],[-16,-20],[-37,-40],[-8,-13],[-14,-15],[-46,-54],[-10,-9],[-38,-43],[-21,-30],[-5,-13],[-7,-28],[-6,-20],[-12,12],[-11,6],[-20,4],[-18,0],[-21,-3],[-62,-17],[-33,-43],[-9,-7],[-7,5],[-9,16],[-28,20],[-14,15],[-24,21],[-30,16],[-31,19],[-67,31],[-37,14],[-44,15],[-72,20],[-47,10],[-59,9],[-94,11],[-10,-1],[-24,5],[-20,-1],[-12,3],[-86,0],[-32,-1],[-20,4],[-12,-2],[-36,-14],[-7,-5],[-20,-3],[-35,-10],[-17,7],[-36,2],[-37,-5],[-14,-3],[-3,-5],[-13,1],[-18,-3],[-2,-7],[-21,-1],[-13,-8],[-4,1],[-53,11],[-35,1],[-9,-5],[-16,3],[-14,-4],[1,12],[-9,-2],[-4,-11],[-30,16],[-24,8],[-19,9],[-16,1],[-33,9],[-17,0],[-14,6],[-39,7],[-25,1],[-4,-2],[-14,6],[-64,12],[0,8],[-43,8],[-62,19],[-20,9],[-11,13],[-19,10],[-2,14],[-16,-3],[-25,3],[-20,13],[-17,8],[-103,76],[-21,18],[-27,25],[-15,20],[-27,45],[-6,20],[0,27],[6,27],[5,3],[10,18],[8,7],[5,-4],[16,23],[10,11],[20,17],[16,0],[21,4],[-7,-13],[10,-3],[33,11],[-1,-8],[9,-7],[41,34],[7,-2],[34,31],[19,20],[19,32],[-2,8],[2,36],[-4,26],[-16,70],[-14,40],[-13,30],[-18,31],[-18,27],[-24,30],[-34,34],[-51,41],[-22,16],[-41,24],[-31,16],[-78,34],[-50,18],[-42,12],[-44,11],[-85,16],[-132,15],[-65,5],[-92,4],[-35,-1],[-50,-5],[-37,-14],[-7,-5],[-1,-9],[-19,0],[-8,-10],[-20,-4],[-5,-11],[-10,-1],[-4,-9],[-9,1],[-13,-8],[-2,-12],[-15,-1],[-12,-7],[-3,-10],[-12,6],[-15,-1],[-8,9],[-6,-15],[-10,7],[-21,3],[-39,2],[-9,-7],[-18,2],[-11,-13],[-8,5],[-7,-5],[-19,-1],[-7,8],[-19,14],[-7,8],[-34,13],[-18,5],[-24,3],[-23,6],[-51,7],[-20,1],[-25,-1],[-10,3],[-18,0],[-6,-3],[-28,6],[-22,0],[-17,2],[-26,7],[-23,0],[-14,3],[-87,5],[-41,5],[-27,0],[-59,5],[-7,-2],[-40,4],[-28,-1],[-9,3],[-33,2],[-36,-2],[-18,-2],[-13,5],[-46,9],[-12,-4],[-25,4],[-59,5],[-26,4],[-39,-2],[-28,7],[-15,1],[-9,-3],[-11,5],[-23,0],[-12,3],[-6,-2],[-13,3],[-24,1],[-5,-6],[-17,3]],[[70537,19109],[4,16],[14,-2],[-18,-14]],[[76734,17294],[8,2],[7,-6],[9,4],[18,-7],[7,-9],[-13,-4],[-6,-10],[5,-13],[-7,-9],[-3,14],[-11,4],[-6,17],[-8,10],[0,7]],[[74055,18401],[17,-2],[12,2],[14,-12],[-13,-8],[-14,6],[-16,14]],[[74267,17891],[6,2],[10,16],[1,9],[8,9],[20,-8],[-2,-21],[-12,5],[-5,-15],[10,-6],[8,6],[16,-18],[22,30],[13,-10],[7,-13],[-5,-7],[-2,-15],[-12,-9],[-14,-3],[-1,-8],[-10,-9],[-12,-2],[0,-10],[-9,-3],[-14,-13],[-2,6],[-11,0],[6,19],[2,17],[-13,-1],[3,36],[-2,13],[-6,3]],[[74334,17822],[13,6],[9,-4],[6,-14],[6,-4],[4,-14],[-9,-7],[-12,9],[-1,10],[-8,6],[-8,12]],[[74185,17900],[8,9],[1,7],[8,7],[14,-15],[-3,-8],[-15,-5],[-13,5]],[[75252,18300],[6,6],[5,-42],[-6,-1],[-5,37]],[[75262,18306],[5,1],[5,-41],[-5,-1],[-5,41]],[[74370,17784],[4,10],[7,-3],[-3,-13],[-8,6]],[[70924,19808],[22,10],[9,12],[22,8],[13,2],[8,18],[13,17],[15,6],[12,16],[-6,7],[14,12],[-3,19],[-5,12],[-6,5],[-7,-9],[-9,1],[-5,-8],[-10,7],[-16,0],[-14,6],[-1,11],[14,7],[8,-4],[14,1],[19,10],[20,-8],[16,7],[-6,8],[-15,3],[-15,10],[12,14],[12,-3],[9,-7],[8,10],[7,-5],[15,2],[11,-8],[19,8],[-9,7],[-3,14],[10,-3],[21,1],[-1,-15],[8,-3],[8,9],[9,-1],[17,5],[1,-14],[-14,-1],[3,-10],[-12,-14],[-13,2],[-7,14],[-8,-5],[7,-14],[-6,-10],[-18,-11],[-29,11],[-18,-24],[-18,-4],[4,-22],[20,4],[18,-2],[15,-11],[-5,-10],[-17,-13],[-10,0],[-7,-6],[-17,1],[-5,-12],[-8,5],[-9,-21],[-7,-4],[8,-9],[-6,-12],[-15,-3],[-7,-5],[-5,-10],[-10,-6],[-2,-10],[-11,2],[1,-12],[-10,-13],[-8,1],[2,-15],[-15,5],[-6,10],[7,6],[-13,17],[-4,14]],[[71289,19257],[5,-31],[-12,-12],[-4,9],[-9,1],[-10,9],[-8,-1],[-18,13],[-5,-2],[-11,11],[10,6],[19,6],[16,-5],[17,3],[10,-7]],[[71188,19955],[22,1],[-6,-11],[-15,-3],[-1,13]],[[71397,19144],[13,-1],[9,-6],[1,-9],[-11,0],[-12,16]],[[71192,19273],[7,8],[10,3],[0,-15],[-17,4]],[[69323,21230],[4,5],[27,17],[16,-12],[-2,-9],[-11,5],[-12,-1],[-22,-5]],[[71147,20644],[0,1],[72,-60],[32,-39],[36,-27],[8,3],[6,-7],[-3,-7],[33,-59],[4,-6],[32,-56],[40,-71],[2,-9],[22,-39],[10,-21],[-14,-54],[-9,-44],[-5,1],[11,45],[13,53],[-40,73],[-60,109],[-47,82],[-39,31],[-34,42],[-70,59]],[[68121,20856],[6,3],[14,-13],[6,-17],[-1,-15],[-5,-17],[-9,-4],[-5,15],[0,30],[-6,18]],[[68142,20770],[22,-7],[-3,-18],[-4,-7],[-9,2],[-6,30]],[[69312,21223],[8,3],[35,9],[3,-6],[-32,-6],[-14,0]],[[71510,18922],[9,1],[28,1],[20,6],[21,-9],[4,-8],[19,5],[8,-9],[16,-6],[15,-9],[12,-1],[14,-7],[17,-22],[-6,-8],[-24,2],[-30,-5],[-28,4],[-5,14],[-15,4],[-10,-2],[1,11],[-19,2],[-8,-2],[-15,13],[-12,0],[-3,11],[-9,14]],[[71420,19128],[10,5],[5,-6],[8,7],[9,-4],[14,-18],[17,-12],[26,-30],[-7,-1],[-17,14],[-13,-1],[-9,15],[-18,3],[-6,7],[-3,16],[-16,5]],[[71574,19027],[9,8],[16,-9],[-3,-16],[17,3],[5,-9],[11,-4],[15,-10],[-19,-7],[-17,12],[-18,9],[-2,11],[-11,6],[-3,6]],[[73164,18736],[3,12],[9,-1],[15,-8],[5,-21],[6,-5],[-3,-9],[-18,-1],[-17,33]],[[71701,18885],[16,9],[3,-5],[-10,-10],[-9,6]],[[79712,19841],[15,11],[15,5],[6,-13],[-15,-2],[-19,-7],[-2,6]],[[79749,19862],[18,4],[-4,-25],[-13,5],[-1,16]],[[78724,17184],[1,12],[12,14],[-2,10],[-2,69],[20,13],[3,18],[5,8],[20,12],[14,1],[10,-4],[13,2],[1,7],[12,0],[24,20],[7,-5],[4,-13],[13,9],[9,9],[8,-1],[7,14],[12,12],[0,6],[8,28],[-4,23],[10,13],[0,10],[5,12],[25,28],[5,20],[9,12],[9,1],[7,7],[10,2],[4,12],[16,18],[1,-15],[16,2],[8,-5],[11,6],[21,-6],[10,5],[9,11],[17,-2],[3,6],[16,2],[7,-2],[9,7],[15,5],[5,-2],[12,12],[27,3],[8,14],[15,2],[10,-19],[-2,-30],[2,-12],[13,8],[9,-12],[-11,-18],[-5,1],[-13,-14],[-15,-8],[-10,-15],[-8,3],[-5,11],[-11,-4],[-17,-1],[-23,5],[-9,-17],[-8,7],[-22,10],[-7,-23],[-15,-8],[-1,-10],[-6,-1],[3,-15],[-8,-11],[-7,-28],[-11,-14],[-1,-14],[-8,-10],[-15,-25],[-17,-9],[-12,-10],[4,-10],[-6,-16],[3,-25],[-9,-31],[-5,-8],[-10,3],[-5,8],[-10,-7],[-9,1],[-2,-12],[-6,-8],[-10,4],[-3,-9],[-9,-9],[-16,1],[-4,11],[-11,-4],[-8,2],[-25,33],[-11,-6],[-9,-37],[-17,-21],[-14,-32],[-35,-37],[-10,-16],[-5,12],[-19,19],[-9,18],[1,8],[-6,9]],[[81857,21465],[13,6],[-3,-13],[-10,7]],[[82798,22435],[5,12],[6,3],[15,-15],[15,-4],[15,3],[15,17],[17,7],[15,0],[12,-4],[11,-15],[9,-4],[13,-11],[14,-4],[12,2],[26,-8],[19,3],[14,-17],[19,-4],[14,-7],[0,-9],[-9,-12],[-12,3],[-1,-10],[-17,4],[-10,7],[-11,2],[-8,-6],[-16,-2],[-28,8],[-26,-1],[-18,-7],[-36,11],[-11,6],[-15,1],[-2,4],[-20,-2],[-8,6],[5,8],[-3,9],[-12,9],[-8,17]],[[82833,22283],[6,16],[28,4],[26,0],[11,-3],[14,3],[18,0],[11,-7],[16,-6],[-2,-7],[-10,-7],[-10,2],[-33,-13],[-33,6],[-5,-2],[-23,5],[-14,9]],[[82967,22268],[19,10],[1,-6],[-20,-4]],[[78460,16955],[10,15],[12,-2],[-7,-15],[-7,4],[-8,-2]],[[77497,17076],[11,-1],[-2,-14],[-5,1],[-4,14]],[[78226,17170],[6,14],[0,17],[4,5],[-6,11],[5,28],[9,17],[18,9],[9,-5],[14,4],[2,-9],[-3,-22],[-7,-9],[-12,-8],[-5,-12],[-3,-25],[12,-8],[-5,-12],[-4,-40],[-10,8],[-14,31],[-10,6]],[[76871,17100],[24,3],[11,-11],[12,-2],[16,12],[-2,24],[12,10],[-7,5],[29,18],[10,2],[2,-7],[9,-2],[5,17],[19,3],[5,-10],[28,9],[6,-7],[-10,-12],[6,-15],[13,-11],[9,-2],[5,6],[24,2],[30,-22],[-2,-14],[17,-9],[10,2],[8,7],[7,20],[10,-6],[10,2],[8,-11],[14,3],[21,12],[15,22],[7,16],[12,23],[2,11],[-12,19],[3,12],[11,-1],[-1,-10],[7,-2],[10,9],[15,-4],[-3,-11],[8,-6],[16,9],[11,-4],[2,-15],[13,0],[9,4],[19,16],[9,13],[13,31],[-1,17],[-4,10],[9,3],[1,12],[6,9],[5,41],[14,4],[4,-14],[0,-18],[8,-8],[2,-11],[11,-5],[2,-8],[15,-7],[3,-9],[5,-30],[-2,-20],[7,-5],[1,-10],[-5,-26],[10,-7],[-2,-16],[14,-13],[2,-9],[-9,-8],[-10,2],[-2,-12],[9,-29],[-5,-10],[-12,-4],[-16,-15],[-6,4],[-1,10],[-19,1],[-42,-20],[-1,-10],[-13,8],[-14,0],[-5,-8],[-1,-14],[-12,-5],[-5,-6],[-35,-7],[-3,-9],[-10,8],[-5,-5],[-4,-20],[-7,2],[-15,14],[-10,-5],[-4,-11],[-7,-3],[0,-25],[-13,-4],[-6,-7],[-11,-4],[-2,-13],[-9,-15],[-12,-7],[-20,3],[-27,-5],[-14,8],[-10,11],[2,9],[-4,9],[9,9],[4,15],[-21,10],[3,8],[-16,12],[-11,-1],[-16,15],[-15,8],[-11,-15],[-14,20],[-10,7],[-5,-7],[-11,4],[1,12],[-10,14],[-7,4],[-21,-13],[-5,-1],[-5,12],[-12,1],[-4,13],[-1,18],[-8,4],[-8,-5],[0,-14],[-8,3],[-5,-8],[-17,3],[-6,7],[5,12],[-15,17]],[[78292,17103],[9,6],[4,-8],[12,-1],[4,8],[-5,12],[13,3],[4,16],[12,-1],[4,23],[20,3],[11,-7],[12,-1],[-1,15],[-8,14],[-8,-1],[-8,6],[19,19],[6,17],[7,0],[2,-10],[15,2],[11,-9],[8,0],[4,-8],[12,7],[-1,11],[11,13],[11,-10],[11,11],[12,6],[13,-1],[6,17],[10,-10],[17,18],[16,3],[7,12],[9,2],[0,-11],[-11,-12],[26,1],[12,-9],[2,-7],[-6,-13],[-7,-4],[-4,-11],[-2,-16],[5,-5],[-4,-11],[7,-7],[15,6],[10,20],[12,10],[11,13],[6,-1],[-13,-46],[-9,-23],[-12,-10],[-7,-17],[-26,-24],[-9,-5],[1,-13],[-11,-14],[-6,-13],[-3,-19],[-13,4],[-10,-12],[-4,-14],[-13,12],[-17,-5],[-5,-11],[-9,3],[-10,-3],[1,20],[-16,3],[-10,-6],[-14,31],[-14,6],[-15,-7],[-21,-4],[-27,7],[-3,-9],[-19,-1],[-8,-14],[-10,6],[6,10],[-7,13],[-5,-7],[-7,12],[1,22],[-9,8]],[[93370,5557],[14,7],[8,10],[25,11],[9,14],[12,9],[2,12],[15,3],[3,-16],[-24,-39],[-12,-10],[5,-15],[-8,-3],[-19,2],[-4,7],[-16,-8],[-10,16]],[[93504,5697],[9,5],[3,-9],[-8,-4],[-4,8]],[[97922,164],[11,15],[-1,-20],[-10,5]],[[98709,2338],[1,6],[13,19],[0,10],[11,-1],[-11,-18],[6,-10],[6,-1],[-1,-20],[6,-7],[-3,-9],[-13,0],[-13,15],[-2,16]],[[98938,17350],[5,14],[10,1],[10,-17],[4,-16],[1,-21],[-11,7],[-3,15],[-8,4],[-8,13]],[[97882,66],[1,10],[9,6],[-1,14],[16,10],[8,1],[-2,15],[19,-5],[8,18],[-3,12],[10,2],[5,-5],[-1,-13],[-8,-13],[-4,-20],[-6,-1],[0,-20],[8,-3],[6,-20],[6,2],[4,16],[11,-9],[0,-13],[-8,-8],[5,-8],[-7,-16],[-1,-15],[-7,-3],[-8,8],[-2,11],[4,21],[-11,10],[-10,-13],[-7,-2],[-6,13],[7,9],[-14,10],[-21,-1]],[[97919,155],[11,4],[0,-10],[-8,-1],[-3,7]],[[98675,2279],[3,8],[10,-11],[-9,-6],[-4,9]],[[97728,382],[9,10],[-3,16],[7,6],[10,-7],[5,-11],[-14,-8],[-6,-6],[-8,0]],[[97845,426],[13,5],[11,11],[2,-11],[-20,-9],[-6,4]],[[93024,10647],[11,-5],[5,9],[11,-3],[6,-7],[14,-2],[4,-28],[-4,-9],[4,-8],[-3,-7],[-10,0],[0,14],[-26,25],[-4,11],[-8,10]],[[98504,16723],[10,4],[5,-13],[-2,-11],[-12,6],[-1,14]],[[97892,357],[11,4],[2,9],[24,11],[12,11],[0,13],[12,13],[7,-10],[-3,-13],[11,-13],[15,4],[1,17],[9,9],[5,-8],[16,-1],[4,-14],[-5,-8],[-11,-12],[-3,-11],[9,-5],[14,6],[18,3],[4,13],[14,-10],[-1,-10],[-8,-7],[-2,-19],[-19,-1],[-13,12],[-8,-19],[-1,-13],[4,-7],[-29,1],[-2,-9],[-9,0],[10,19],[-10,6],[3,15],[-17,7],[-8,-8],[-21,5],[0,19],[-9,-3],[-9,4],[-11,-7],[-6,7]],[[98626,2211],[6,17],[15,17],[4,12],[12,-5],[6,-6],[1,-13],[-12,-9],[0,-14],[-19,-8],[-8,0],[-5,9]],[[98583,2125],[5,6],[13,-9],[-13,-9],[-5,12]],[[96323,1307],[12,-3],[-4,-11],[-8,14]],[[98834,3456],[7,-5],[5,10],[7,1],[9,11],[8,3],[11,-12],[4,-16],[-25,-7],[-7,-13],[-15,7],[-4,21]],[[98644,3075],[3,10],[12,-5],[-8,-14],[-7,9]],[[98939,3964],[-20,-25],[4,-18],[18,-6],[1,-8],[8,-3],[5,-9],[-8,-9],[-10,5],[-7,-7],[7,-17],[4,-21],[-12,-3],[-6,-11],[-4,-23],[-3,-25],[-4,-24],[2,-27],[-5,-13],[7,-19],[-4,-18],[-13,-8],[-6,-8],[-13,-6],[-8,2],[-8,-5],[-11,-15],[-18,6],[-11,10],[-9,-2],[-6,-11],[-15,-3],[-15,-13],[-12,-19],[-6,-4],[-5,-17],[2,-10],[-10,-3],[-14,-16],[-10,-24],[3,-36],[4,-14],[11,-28],[7,-8],[19,-10],[8,9],[9,2],[13,8],[9,-6],[17,7],[-1,-27],[-9,1],[-10,-8],[1,-7],[-13,-9],[-10,-21],[1,-23],[7,-12],[12,-1],[18,-12],[3,-25],[9,-2],[-1,-9],[-15,-1],[-10,-24],[2,-13],[-20,-5],[-6,-8],[10,-39],[17,-10],[-3,-11],[-13,5],[-12,13],[0,12],[-15,6],[-12,-6],[1,-23],[-6,-7],[-5,-18],[-10,1],[-4,6],[-8,-3],[1,-13],[-6,-8],[11,-14],[-10,-5],[-6,-12],[-1,-17],[-9,-9],[-6,6],[-9,-7],[-18,-1],[-7,16],[-3,18],[-15,13],[-17,4],[-27,-3],[-12,-5],[-19,-13],[-16,-24],[1,-11],[-5,-8],[-6,-25],[1,-17],[3,-11],[17,-11],[20,1],[1,-6],[14,-7],[-5,-9],[-7,-1],[-1,-12],[9,-8],[4,-12],[-5,-10],[1,-15],[9,-7],[14,10],[3,-9],[-3,-9],[-10,4],[-2,-10],[2,-14],[-9,-6],[-8,4],[-8,16],[-9,-2],[-7,-8],[-13,2],[-8,-6],[-12,5],[-8,16],[-6,4],[-17,-3],[-9,6],[-8,14],[-14,2],[-9,-4],[-16,-15],[-19,-28],[-10,-3],[-7,-8],[-12,-3],[-6,5],[-9,0],[-7,-7],[-13,-4],[-15,15],[4,8],[11,4],[2,8],[-6,21],[-6,7],[-7,17],[-26,26],[1,20],[-29,12],[-8,0],[-10,-9],[-1,-8],[-13,-14],[-1,-7],[5,-14],[-7,-7],[2,-19],[12,-42],[5,-5],[-6,-14],[-5,1],[-34,-31],[-8,-4],[-10,-12],[-4,3],[-22,-6],[-19,-1],[-6,-12],[-12,2],[-6,-5],[-4,-20],[-1,-15],[-8,-18],[1,-13],[11,-29],[-2,-10],[-21,5],[-20,-14],[14,-15],[10,-3],[4,-7],[-6,-7],[6,-10],[1,-26],[-11,2],[-3,-14],[6,-9],[13,6],[17,-16],[7,0],[13,-9],[5,8],[8,-10],[-7,-8],[6,-12],[17,-12],[19,8],[5,6],[5,16],[-3,5],[9,17],[7,9],[11,-3],[10,6],[7,25],[8,4],[15,25],[3,12],[9,14],[2,10],[11,17],[6,18],[12,5],[15,15],[13,7],[13,1],[30,-9],[23,-21],[12,5],[1,12],[11,-1],[6,-5],[3,-13],[18,-8],[4,-7],[2,-17],[6,-2],[5,-11],[4,-18],[-5,-8],[4,-6],[13,-4],[5,8],[20,3],[19,-10],[6,4],[33,0],[5,11],[9,6],[18,1],[23,-5],[20,3],[6,12],[15,6],[4,-8],[-8,-15],[2,-12],[9,-1],[-13,-17],[5,-4],[-10,-25],[-11,14],[-24,-2],[2,-13],[0,-21],[-11,2],[-12,-15],[-2,-10],[-10,-5],[-11,-32],[1,-16],[-15,-18],[-1,-10],[-13,0],[-9,-9],[0,-8],[-13,-4],[0,-13],[10,-3],[5,-16],[-6,-9],[8,-14],[1,-26],[-5,-20],[-11,-15],[-2,-11],[-10,-12],[-16,-12],[-4,-13],[-12,-7],[-11,12],[-10,-2],[-9,-11],[-6,8],[-18,9],[-26,-7],[-24,-14],[-22,-15],[-20,-19],[-10,-16],[0,-21],[-17,-5],[-6,7],[-11,-1],[-22,-12],[-15,-18],[-3,-15],[8,-5],[1,-27],[-5,0],[-3,16],[-22,6],[-13,-4],[-6,-17],[-8,-2],[-12,-13],[-4,-12],[-13,-4],[1,-15],[-9,-5],[-8,-26],[-17,-11],[-2,-11],[7,-13],[-11,-4],[-5,-10],[-17,-14],[-6,-9],[-8,7],[-14,-13],[-7,14],[-13,2],[-6,10],[-20,5],[-11,-3],[-14,-15],[-4,-15],[-2,-34],[1,-12],[8,-17],[39,3],[11,-10],[3,-9],[12,0],[8,-13],[2,-24],[-7,-11],[-1,-19],[-6,-2],[-6,-27],[-11,-25],[-9,-11],[-10,-21],[-13,-12],[-23,-16],[-11,-13],[-11,-6],[-3,-6],[8,-21],[23,-3],[13,0],[10,-22],[7,-10],[7,6],[18,35],[10,-5],[3,13],[9,-1],[12,-10],[6,-11],[-4,-9],[2,-20],[8,-3],[2,-10],[-4,-16],[-6,-3],[-18,-26],[5,-22],[16,-11],[6,-21],[-13,2],[-4,-17],[-5,-1],[1,-14],[-4,-17],[4,-6],[-2,-15],[-8,1],[-15,-20],[-9,11],[-9,-2],[-4,-15],[-10,-10],[-1,-9],[6,-13],[-10,-13],[-9,5],[-5,-7],[-11,20],[-13,0],[-15,-12],[-6,-20],[2,-12],[8,-13],[7,-3],[13,9],[23,-21],[6,5],[15,-7],[3,-9],[-6,-10],[-17,-10],[-8,-9],[-16,4],[-16,30],[0,7],[-10,5],[-14,-5],[-9,-17],[-15,-6],[-12,-11],[-8,-13],[3,-14],[-1,-35],[-17,-5],[-10,-8],[-14,0],[-9,-8],[-2,-16],[-9,-12],[-14,-1],[-13,-16],[1,-5],[-16,-23],[-12,-7],[-7,3],[-11,-4],[-7,-10],[-18,-6],[-26,-2],[-16,-5],[-6,-10],[-27,-6],[-7,2],[-7,-26],[0,-29],[5,-27],[6,-13],[0,-9],[6,-22],[10,-30],[14,-14],[-1,-10],[-7,-7],[-13,-2],[-1,-13],[3,-10],[-8,-12],[1,-13],[13,-23],[-10,-3],[-11,-24],[-13,-7],[-44,4],[-30,-4],[-4,-8],[18,2],[15,-1],[9,-7],[11,0],[-2,-11],[-12,-13],[-1,-6],[8,-24],[13,-18],[14,-10],[6,4],[12,-2],[10,8],[7,12],[-2,11],[19,18],[12,9],[2,8],[9,10],[23,14],[0,7],[8,19],[13,-2],[3,8],[11,14],[2,8],[12,11],[17,21],[12,4],[13,11],[11,-1],[1,7],[11,8],[7,-1],[13,7],[20,30],[12,-1],[13,4],[7,-7],[14,4],[3,-12],[-13,-13],[7,-13],[-9,-10],[0,-11],[-12,-3],[-1,-22],[-2,-8],[-16,-7],[13,-12],[-7,-15],[-6,-2],[-1,-15],[9,-3],[-11,-15],[-21,-8],[-3,-10],[-7,-6],[-5,3],[-13,-4],[0,-11],[-5,-18],[-8,-8],[-3,-20],[-15,-14],[-5,-24],[-30,-17],[-5,-8],[-4,-21],[-8,-10],[-9,-2],[-7,-6],[-2,-10],[5,-12],[-13,-23],[-3,-18],[-8,-12],[-2,-13],[-12,-17],[-5,-14],[-6,-2],[-3,-10],[-17,-17],[-14,-7],[-7,-16],[-12,-10],[-8,-31],[15,-22],[-3,-9],[-8,-5],[2,-8],[-6,-8],[-3,-16],[-20,10],[-6,-6],[-12,7],[-15,-3],[-8,-14],[-17,-4],[-5,-5],[-9,5],[-10,0],[-8,-6],[-17,9],[-5,-13],[-9,-9],[-5,9],[-1,24],[-7,-1],[-21,-21],[-12,6],[-8,13],[-8,-6],[-9,-1],[-17,-8],[-11,-2],[-11,8],[-11,0],[-10,-5],[-2,10],[-11,5],[6,12],[-5,4],[2,13],[-4,4],[-2,28],[-17,30],[-11,12],[4,18],[-9,9],[-2,9],[-9,6],[-4,12],[-10,17],[-12,9],[-27,1],[-6,9],[-9,4],[-30,-7],[-21,1],[-7,5],[-6,-8],[-10,0],[-9,-8],[-5,11],[11,23],[7,-3],[17,9],[11,-7],[12,4],[14,-4],[7,4],[26,-7],[10,4],[-4,13],[-9,-5],[-22,5],[-11,-2],[-14,3],[0,17],[-3,5],[-9,-23],[-17,10],[-3,8],[-10,-16],[-26,-8],[-6,-17],[-12,-2],[-6,10],[-14,12],[-13,4],[-7,8],[0,10],[-15,2],[-6,5],[7,18],[-14,4],[-16,-12],[-12,-5],[-21,17],[10,17],[30,20],[8,7],[-5,11],[-11,0],[-15,-11],[-17,2],[-16,-7],[-13,-17],[-10,-3],[-39,5],[-10,-6],[-20,0],[-11,-10],[-14,-7],[-16,4],[-17,-20],[-6,5],[-8,-6],[-8,-17],[-20,8],[-2,18],[-16,9],[12,19],[4,29],[-8,6],[-13,-14],[-9,5],[3,10],[-6,18],[10,11],[-3,5],[5,16],[8,7],[-2,9],[3,20],[11,10],[5,17],[-5,1],[-3,12],[15,10],[-1,8],[10,16],[15,3],[20,-1],[21,23],[7,17],[6,4],[2,12],[-7,12],[-20,-5],[-4,15],[-2,27],[4,14],[12,19],[16,-3],[10,11],[12,24],[7,-1],[9,9],[10,15],[15,-5],[3,15],[11,5],[1,16],[-7,13],[-4,20],[16,-1],[6,4],[-4,17],[-7,6],[-8,-6],[-7,2],[-17,-12],[-5,-10],[-7,5],[-16,-5],[-23,0],[-4,4],[0,17],[6,16],[-2,12],[-11,2],[-8,-13],[3,-9],[-11,-12],[-18,2],[-5,-3],[-26,15],[5,15],[-4,7],[-16,16],[3,19],[-12,5],[-2,-8],[-10,-8],[-8,-12],[4,-8],[-8,-11],[-15,1],[-5,-10],[-9,5],[-1,-12],[-7,1],[-13,-17],[-17,-1],[-6,-6],[-18,11],[-19,-2],[0,13],[-10,1],[-8,10],[-13,3],[6,15],[-10,13],[3,13],[-5,9],[-15,0],[-1,13],[3,12],[9,8],[-12,5],[0,23],[6,8],[-7,6],[17,10],[5,28],[-13,22],[5,11],[-5,14],[4,4],[17,-4],[6,15],[0,31],[10,5],[7,-5],[7,3],[3,18],[11,4],[5,11],[0,10],[9,18],[-10,9],[-7,-4],[-10,7],[-16,6],[-7,-28],[-14,5],[-5,-3],[-6,-19],[0,-7],[-15,-10],[-16,-6],[-6,-8],[-1,-21],[-7,-12],[-14,-8],[-3,-22],[-19,-8],[-8,-15],[0,-7],[-20,-16],[-7,-1],[-8,10],[-17,3],[-15,-13],[-9,-15],[-14,-16],[-9,0],[-13,16],[-2,12],[5,9],[1,19],[8,10],[5,19],[-6,7],[-2,23],[-4,14],[-11,10],[-12,6],[-7,-4],[-5,-13],[-21,-13],[-7,2],[-7,-7],[-2,-18],[-7,-15],[-1,-16],[-10,-11],[-22,10],[-2,9],[7,9],[11,2],[2,14],[-25,3],[-4,4],[-17,1],[-4,9],[6,12],[-3,8],[-9,0],[-7,11],[-6,20],[10,9],[-4,10],[10,18],[3,18],[-7,6],[-15,1],[-5,-6],[-3,-15],[-12,-5],[-3,-15],[-9,-5],[-13,6],[-2,8],[-11,-8],[-22,4],[-3,13],[-5,8],[-12,6],[-6,12],[-7,-6],[-7,14],[4,27],[-5,19],[-8,12],[-18,2],[-2,-24],[-15,-12],[-16,-27],[0,-5],[-15,-16],[-8,-17],[-6,-19],[-14,3],[-1,9],[-8,9],[14,16],[-6,15],[-14,9],[-5,-2],[-18,4],[-6,10],[11,14],[-3,8],[-27,22],[-12,-3],[-5,-13],[-12,2],[-16,-12],[-4,10],[14,16],[-6,17],[0,18],[-7,11],[-14,1],[-1,6],[-14,12],[-9,3],[-16,-2],[-6,8],[-8,2],[-19,-3],[-14,-19],[-21,-11],[-17,3],[-17,-4],[-20,-2],[-16,14],[-2,10],[-6,3],[2,16],[5,10],[-7,10],[-22,4],[-7,-2],[-18,-41],[-16,-19],[-20,4],[-7,-10],[-10,-3],[-9,4],[-3,10],[17,20],[0,14],[-8,45],[-8,29],[-9,26],[-16,31],[-13,14],[-12,7],[-12,-2],[-8,-17],[-7,0],[-21,10],[-4,7],[-24,0],[-9,6],[-17,-6],[-4,-6],[-17,-2],[-15,10],[-22,-18],[-3,-7],[-9,-4],[-27,-2],[4,12],[-8,15],[-4,0],[13,36],[5,0],[12,14],[7,-2],[2,16],[8,-2],[11,9],[-3,20],[-8,3],[-10,-2],[-9,6],[-11,-2],[-2,13],[-18,27],[-9,10],[-25,21],[-10,4],[-10,-2],[-10,-16],[-20,-11],[-25,-19],[-14,3],[-10,-5],[-14,18],[-7,-9],[-19,-13],[-4,-12],[-9,-4],[-18,-1],[-5,11],[-12,-1],[-31,-9],[-13,2],[-8,19],[-5,3],[4,31],[-1,15],[6,-1],[10,9],[-1,12],[15,13],[9,1],[10,26],[10,11],[5,12],[35,14],[-1,14],[-6,14],[-13,8],[-13,14],[3,14],[-2,12],[7,28],[3,4],[8,20],[-9,5],[-11,-23],[-6,-4],[-3,-17],[-11,-6],[-2,-6],[-10,-10],[-8,3],[-12,14],[11,22],[-3,14],[6,11],[-17,0],[-21,-10],[-4,2],[-12,-8],[-6,2],[-12,12],[-10,6],[-9,-2],[-11,4],[-4,-15],[-14,-9],[-10,10],[-15,-4],[-14,-15],[-14,26],[-17,4],[-2,15],[-9,-7],[-7,4],[-3,10],[10,13],[-5,11],[11,7],[0,9],[-8,10],[-17,-14],[-11,19],[-7,20],[-18,-2],[-5,-7],[-10,-1],[-7,8],[-12,-6],[-4,11],[-16,-8],[-8,6],[-7,-4],[-10,1],[-4,-8],[-16,3],[-12,16],[-18,-4],[2,14],[-8,11],[4,8],[-6,27],[-7,5],[-8,14],[-9,4],[-8,10],[13,3],[8,-17],[14,-7],[4,10],[11,14],[14,-1],[9,10],[8,18],[11,5],[16,16],[24,12],[3,23],[10,-1],[0,11],[-8,2],[-15,-2],[-14,-5],[-10,9],[-7,2],[-1,14],[-14,11],[-12,2],[-3,19],[3,12],[-5,8],[10,12],[-5,9],[-2,13],[3,7],[-7,6],[-19,1],[-13,-18],[-17,4],[-10,-11],[-9,22],[8,12],[-3,23],[-12,-5],[-10,4],[-19,-21],[-6,9],[8,13],[-9,10],[-5,13],[14,-3],[19,6],[5,15],[24,12],[13,16],[13,1],[0,10],[-11,15],[3,12],[-7,11],[4,6],[19,6],[-1,6],[7,9],[2,11],[14,20],[-5,18],[6,14],[-7,9],[1,15],[3,7],[-1,15],[-4,14],[-15,-5],[-4,17],[-9,-3],[-4,7],[7,8],[17,7],[5,14],[12,-10],[4,5],[0,20],[7,7],[12,21],[-27,24],[-4,15],[13,-3],[4,13],[8,1],[7,13],[-7,14],[7,3],[9,-7],[13,6],[9,0],[8,8],[7,-4],[11,7],[5,27],[-4,11],[-5,32],[10,2],[6,8],[13,-9],[6,-7],[8,-1],[3,-15],[1,-42],[8,-30],[12,-12],[23,-9],[27,1],[11,5],[8,9],[7,24],[12,23],[6,4],[8,-3],[11,8],[3,23],[20,-3],[7,7],[12,0],[7,-6],[6,7],[14,7],[10,-1],[2,26],[4,4],[11,-3],[8,6],[10,-6],[6,1],[13,20],[3,9],[8,1],[5,11],[-1,11],[7,5],[22,-19],[12,5],[12,9],[8,-2],[21,12],[5,-5],[10,2],[30,-23],[12,6],[26,31],[11,26],[7,33],[5,35],[-1,19],[11,42],[5,44],[0,12],[11,14],[28,-4],[20,4],[14,17],[11,27],[6,-7],[11,7],[7,18],[7,6],[4,-18],[4,-6],[27,3],[7,7],[33,4],[13,24],[8,4],[12,0],[3,6],[14,13],[3,22],[-5,31],[-16,40],[-15,-3],[-18,8],[-12,-5],[-7,2],[-18,-8],[-15,2],[-11,-2],[-3,-6],[-15,2],[-17,-3],[-8,-4],[-13,10],[-13,-12],[-5,6],[-11,-2],[-7,3],[-15,35],[-15,19],[-21,10],[-10,-2],[-3,-12],[-16,-8],[-16,12],[-16,15],[-13,-4],[-13,3],[-22,-1],[-15,-6],[-22,20],[-11,-2],[-7,-7],[-29,-7],[-16,12],[-24,-4],[-12,7],[-9,0],[-11,14],[-15,11],[-8,0],[-12,23],[-22,35],[-19,22],[-19,17],[-29,21],[-48,24],[-15,5],[-11,1],[-11,-6],[-13,-23],[-1,-16],[-7,-1],[-25,11],[-28,-3],[-16,-7],[-13,-21],[0,-7],[9,-3],[-3,-14],[-12,-17],[0,-6],[-6,-25],[-10,-9],[-23,4],[-28,-13],[-10,7],[7,14],[1,10],[18,8],[17,19],[-7,17],[0,9],[8,11],[-15,14],[-11,-9],[-16,1],[-8,5],[-12,1],[-9,13],[-10,2],[-13,13],[-14,-3],[-4,11],[4,16],[8,4],[-4,18],[8,18],[-4,7],[7,8],[-3,16],[10,-4],[7,5],[11,-3],[10,14],[3,13],[9,9],[-3,15],[-5,5],[5,12],[5,-1],[2,14],[6,4],[5,13],[7,7],[1,20],[-3,15],[-15,29],[-14,16],[-14,9],[-7,1],[-11,10],[-17,2],[-32,-15],[-10,2],[-13,-9],[-7,1],[-24,-14],[-30,-11],[-10,-5],[-7,-11],[-12,-7],[-5,2],[-6,-10],[-24,-5],[-23,-13],[-16,-5],[-11,-15],[-10,-7],[-38,-11],[-13,5],[-8,-7],[-21,-7],[-9,-12],[-9,-22],[-15,-3],[-27,-16],[-12,-2],[-8,6],[-13,-7],[-14,2],[-19,-7],[-5,18],[-11,1],[-9,9],[-5,12],[9,16],[1,13],[13,16],[-4,6],[6,29],[9,23],[-7,9],[-3,16],[-12,13],[-10,-1],[-20,11],[-11,9],[-15,0],[-11,4],[-6,-6],[-15,-3],[-18,-6],[-8,5],[-3,10],[-11,2],[-6,-15],[-24,-4],[-8,13],[-9,1],[-4,7],[-19,0],[-13,6],[-8,10],[-43,-4],[-8,-16],[-16,-14],[-5,-8],[-15,-2],[-5,22],[5,17],[-2,27],[9,12],[1,25],[14,11],[17,4],[7,12],[8,4],[10,-1],[23,4],[16,-15],[21,-4],[4,-11],[16,-15],[11,-5],[2,-6],[13,-3],[10,9],[2,19],[7,-5],[22,10],[11,8],[16,0],[12,10],[14,26],[18,17],[8,2],[12,18],[6,-7],[12,4],[7,-5],[12,6],[12,18],[13,10],[15,22],[8,7],[4,17],[8,6],[0,11],[9,12],[14,4],[10,25],[11,15],[13,12],[16,10],[0,6],[9,10],[2,10],[-11,3],[6,11],[11,-1],[11,16],[-1,6],[-12,8],[-14,-2],[-7,5],[3,9],[-3,11],[-14,7],[7,8],[-2,13],[5,13],[-21,27],[-10,-6],[-9,4],[-8,-3],[-11,8],[-10,18],[10,15],[-7,17],[-8,-3],[-12,10],[-17,-12],[-8,2],[-16,18],[2,16],[11,20],[1,9],[6,8],[24,10],[15,13],[13,-10],[8,-12],[1,-14],[-6,-16],[9,-10],[14,3],[34,1],[6,2],[6,-6],[18,3],[8,6],[4,-13],[10,-8],[15,3],[12,6],[9,13],[-1,15],[-9,8],[-1,10],[13,19],[-3,11],[11,6],[11,-2],[-2,12],[18,24],[13,21],[14,3],[6,-6],[25,16],[12,-18],[2,-12],[13,-5],[15,6],[7,-6],[10,8],[8,-2],[8,13],[8,0],[4,-7],[9,0],[14,10],[16,35],[1,10],[-6,6],[9,34],[-6,12],[-1,17],[9,21],[1,8],[14,12],[9,0],[6,9],[16,3],[10,16],[8,3],[4,22],[-5,12],[-11,13],[-11,-3],[-3,7],[-21,5],[-10,-10],[-12,9],[-10,17],[-4,12],[-14,3],[-13,12],[4,13],[-5,8],[-9,1],[-1,18],[-14,12],[-9,0],[-15,-13],[-1,-10],[-9,-5],[-7,5],[-9,-8],[-9,11],[-24,4],[-9,10],[9,14],[0,7],[24,7],[9,-2],[16,10],[6,12],[6,2],[4,-10],[12,-4],[22,1],[14,-11],[23,0],[25,12],[21,7],[25,-5],[17,12],[5,11],[13,4],[6,7],[7,19],[8,37],[2,37],[-2,27],[0,32],[-2,13],[-15,19],[-10,3],[-3,7],[6,13],[-11,17],[-11,-2],[-5,10],[-13,2],[-1,11],[11,7],[3,7],[12,4],[6,11],[-3,14],[-5,13],[-6,5],[-20,-1],[-4,11],[3,12],[-5,13],[15,4],[7,-2],[24,10],[9,-12],[26,12],[33,29],[13,9],[8,9],[15,1],[8,15],[3,20],[0,12],[-6,34],[-13,39],[-17,26],[1,6],[-21,52],[-18,36],[-31,53],[-16,23],[-31,38],[-15,13],[-19,13],[-27,8],[-12,1],[-20,-11],[-14,-22],[-4,-13],[-15,-5],[-3,16],[-14,8],[-10,16],[-5,16],[-13,15],[-3,24],[-4,8],[-14,7],[-39,1],[-14,-2],[-9,-5],[-6,-12],[-5,4],[-10,-5],[-3,-21],[4,0],[1,-22],[-6,-18],[4,-21],[-1,-26],[-2,-1],[-1,-26],[9,-9],[13,10],[3,-4],[-17,-13],[-4,-11],[-10,-1],[-13,9],[-17,5],[-15,-2],[-11,-12],[-2,-15],[-7,-14],[-13,-8],[-11,3],[-18,-2],[-8,-9],[-4,-16],[-18,-15],[-10,-4],[-11,1],[-10,7],[-28,-4],[-14,0],[-6,-7],[-13,-5],[-46,19],[-25,1],[-16,-5],[-11,5],[-21,1],[-10,-4],[-9,-10],[-7,2],[-8,-7],[-13,2],[-18,-3],[-11,-9],[1,-14],[-8,-6],[-7,8],[-30,-2],[-5,9],[-15,4],[-11,11],[-12,3],[-27,-5],[-10,8],[-11,-2],[-11,9],[-14,6],[-20,-3],[-22,9],[-36,4],[-16,-7],[-1,-4],[-17,-10],[-27,-7],[-23,-12],[-7,-16],[-11,-3],[-16,-22],[-17,0],[-14,-10],[-21,-4],[-18,-26],[-28,-20],[-5,-14],[-8,-5],[-6,8],[12,10],[1,6],[11,3],[-5,19],[12,18],[17,6],[9,15],[-10,9],[-12,22],[-3,12],[-17,4],[-3,8],[7,6],[4,19],[-2,18],[7,14],[0,17],[11,-2],[14,28],[5,16],[-2,18],[-6,12],[7,14],[24,7],[10,5],[14,13],[-3,17],[-12,6],[-7,20],[11,14],[10,0],[5,31],[-9,35],[-11,19],[-10,1],[-7,6],[-7,-11],[-25,3],[-7,5],[-12,-6],[-23,24],[0,15],[3,5],[-2,15],[3,8],[-14,12],[5,22],[-1,8],[6,8],[-5,10],[-11,2],[-13,-6],[-10,6],[-24,5],[7,22],[-4,6],[9,11],[-6,10],[-5,25],[-15,5],[-7,0],[-19,9],[-5,6],[6,24],[7,8],[14,3],[9,8],[10,-3],[9,10],[9,-1],[5,7],[9,-3],[10,5],[39,0],[9,10],[-4,16],[9,1],[19,12],[17,-6],[21,3],[16,-7],[14,-2],[15,2],[20,-9],[13,-20],[8,-2],[32,5],[11,-5],[21,0],[27,5],[14,5],[7,6],[5,13],[9,11],[13,7],[21,6],[20,28],[13,9],[9,1],[20,17],[-2,12],[9,10],[7,14],[5,1],[8,27],[2,33],[-3,26],[-5,18],[-7,15],[-13,7],[-9,-10],[-11,-6],[-8,0],[-14,-9],[-9,10],[-5,17],[3,11],[-9,17],[-7,6],[-7,21],[-1,22],[10,9],[4,17],[-6,13],[11,23],[0,12],[6,14],[22,27],[19,15],[5,8],[17,12],[13,20],[26,21],[29,3],[6,5],[17,3],[7,9],[8,2],[4,25],[9,8],[3,9],[25,10],[10,1],[5,7],[12,-6],[29,-11],[3,-4],[18,-6],[8,8],[15,6],[7,7],[11,-6],[6,8],[37,7],[6,10],[8,3],[9,-3],[6,13],[18,9],[8,11],[5,0],[12,10],[21,8],[-6,24],[-8,5],[2,16],[-4,14],[1,12],[-11,4],[22,13],[12,1],[7,-9],[13,2],[8,-3],[21,-14],[9,-9],[25,5],[14,5],[19,30],[13,31],[6,27],[-4,14],[-16,17],[2,6],[-8,12],[7,6],[-5,18],[-4,3],[11,17],[-13,12],[0,9],[-9,8],[-8,-2],[-10,10],[4,14],[-8,15],[-16,7],[-8,0],[-28,-22],[-15,0],[-13,3],[-6,-6],[-39,3],[-7,4],[12,14],[-1,46],[-10,45],[-28,77],[-13,24],[-14,19],[-17,11],[-17,-5],[-9,-5],[-7,6],[10,9],[5,14],[7,3],[-3,10],[5,6],[8,29],[10,5],[4,18],[-10,27],[-15,35],[-10,19],[-11,-1],[-17,15],[-6,15],[9,19],[0,13],[-8,8],[7,7],[-4,10],[-18,13],[-21,12],[-27,6],[-12,-1],[-8,-14],[-4,-32],[-11,-18],[-6,6],[-25,-24],[-7,-19],[-12,-6],[-24,24],[-22,5],[-7,-6],[-29,-4],[-18,-5],[-2,-18],[-6,-15],[-23,-19],[-4,4],[1,23],[-2,13],[-6,10],[9,16],[-6,4],[-1,12],[-13,7],[3,9],[-11,15],[-8,7],[-18,22],[0,24],[-9,20],[-16,19],[-8,5],[-13,0],[-15,-4],[-5,-7],[-10,1],[-21,-8],[1,14],[-3,15],[-12,13],[-17,-6],[-18,-2],[-8,-5],[-6,6],[-18,-5],[-5,3],[-1,16],[-21,1],[-17,21],[-6,4],[-1,18],[8,14],[-16,17],[-1,11],[-9,7],[-12,4],[-12,7],[-15,-3],[-16,-16],[-12,3],[-10,-12],[-6,0],[-12,8],[-14,-2],[-19,-15],[1,-12],[-29,-1],[-7,-5],[-22,1],[-7,7],[-5,-7],[-7,6],[-8,-7],[-25,-1],[2,6],[21,20],[5,12],[1,18],[14,23],[12,7],[15,15],[7,15],[-2,5],[19,21],[-1,16],[-16,33],[-9,12],[-9,5],[-15,3],[-4,18],[-13,7],[-17,-11],[-21,4],[-5,16],[-11,-9],[-19,2],[-9,-21],[-13,-3],[-6,-9],[-36,-13],[-12,-6],[-17,-15],[-9,9],[15,8],[-4,18],[6,9],[23,25],[18,10],[6,8],[17,-1],[0,10],[12,14],[6,-10],[26,-7],[8,23],[12,2],[11,13],[8,1],[8,15],[1,18],[7,2],[16,-3],[9,2],[11,18],[6,1],[6,14],[6,5],[7,17],[-1,8],[-14,21],[-21,12],[-23,2],[-3,-8],[-12,-8],[-14,12],[-18,-17],[-10,2],[-13,-5],[-22,-1],[-9,-6],[-12,8],[-11,3],[-16,13],[-17,7],[-2,13],[14,15],[12,-2],[0,11],[-6,6],[6,15],[12,8],[13,-13],[11,1],[14,11],[11,-1],[11,5],[5,6],[7,-11],[21,6],[10,-3],[6,7],[14,1],[10,23],[-4,15],[-23,4],[-11,9],[3,11],[-13,9],[-8,16],[5,8],[-10,10],[18,17],[-16,20],[-7,27],[21,-1],[8,10],[-3,11],[5,9],[-5,5],[3,23],[7,4],[-5,11],[2,13],[-5,18],[3,6],[-8,8],[-15,9],[-12,-1],[-5,-7],[-12,5],[-2,-11],[-13,-7],[-4,-14],[-12,6],[-6,6],[9,25],[-2,13],[8,10],[-3,30],[12,4],[12,-6],[17,1],[10,17],[-2,7],[-16,13],[-22,12],[-8,8],[-6,-5],[-16,15],[1,9],[9,2],[0,13],[9,8],[14,3],[1,10],[7,12],[4,19],[-1,11],[-20,15],[-9,16],[-20,-9],[-27,4],[-4,16],[-15,2],[1,-9],[-14,-11],[-4,-17],[-7,-3],[-18,-16],[-3,9],[-14,0],[-17,13],[-7,2],[6,23],[-26,9],[-2,12],[-7,0],[-4,11],[9,3],[-2,10],[-22,-10],[-6,18],[1,10],[13,-1],[12,15],[12,8],[9,2],[5,-8],[16,6],[12,-6],[16,-19],[10,-5],[10,-11],[16,3],[12,11],[11,5],[5,9],[7,-5],[9,7],[18,8],[18,-7],[14,-1],[7,13],[14,1],[7,18],[-4,16],[10,-2],[15,10],[14,-2],[7,-10],[5,13],[13,-5],[17,9],[8,-2],[19,6],[11,9],[6,14],[8,-4],[16,15],[9,-2],[14,11],[9,-2],[14,4],[5,5],[20,11],[9,8],[-6,16],[3,5],[10,-10],[10,-1],[11,-9],[23,4],[2,6],[-14,16],[11,9],[13,-8],[12,0],[11,-11],[7,-10],[14,-9],[9,2],[5,9],[24,-4],[10,5],[20,0],[6,6],[11,-3],[7,8],[11,7],[5,25],[14,7],[10,-2],[28,4],[4,6],[38,2],[16,11],[6,0],[18,-8],[26,5],[16,10],[17,5],[8,15],[12,8],[18,1],[1,-11],[30,0],[8,5],[24,4],[15,-3],[19,14],[9,21],[-3,11],[0,13],[14,2],[-9,10],[-2,11],[-16,9],[-2,11],[12,13],[7,29],[-8,16],[-4,2],[-17,34],[-13,13],[-21,-14],[-11,2],[-5,-6],[-14,0],[2,11],[-10,14],[-15,1],[-7,13],[17,10],[10,-1],[-3,15],[6,16],[-14,17],[-19,1],[-2,6],[5,13],[10,12],[-2,4],[-16,8],[-11,12],[-9,3],[-16,-16],[-8,9],[5,10],[-22,15],[-11,0],[1,13],[-17,3],[12,20],[-5,9],[-11,1],[-13,-11],[-10,6],[-9,-12],[-8,-2],[-8,17],[-19,2],[-10,5],[-7,-5],[1,-13],[-5,-5],[-14,-6],[-7,4],[-11,-12],[-8,8],[2,20],[-16,6],[-2,12],[-21,7],[-8,5],[-15,-8],[-13,4],[-1,10],[12,7],[-3,31],[2,10],[-4,11],[-17,10],[-14,2],[-19,-7],[-18,-14],[-8,3],[-21,-7],[-11,-1],[-6,-9],[-30,-5],[-6,-6],[-6,-13],[-9,-8],[-4,9],[-10,9],[10,8],[-11,4],[-5,-2],[-8,9],[18,17],[-7,17],[-8,3],[-5,25],[-9,-1],[-18,9],[1,19],[7,14],[7,6],[13,-4],[4,7],[-4,10],[13,7],[6,-1],[1,13],[13,-8],[15,16],[10,1],[7,7],[8,-4],[2,10],[30,14],[11,-5],[9,16],[14,-1],[33,32],[6,10],[-2,23],[-8,6],[7,21],[3,19],[8,6],[-9,13],[-16,-8],[-11,1],[-26,11],[-12,0],[-4,17],[4,5],[-8,10],[6,24],[-8,27],[-7,-1],[-5,9],[-10,-2],[-5,-12],[4,-11],[-10,-5],[-5,15],[-21,2],[2,12],[-9,6],[-18,-5],[-11,13],[-5,15],[-12,7],[-39,2],[-18,-3],[-13,-6],[-19,-29],[-9,-2],[-5,-7],[-7,5],[-15,-6],[-1,-21],[-9,-10],[3,-7],[-4,-11],[-9,4],[-7,-6],[-5,-12],[1,-12],[-28,-30],[-14,-4],[-24,-3],[0,-21],[-12,-5],[-17,-25],[-9,3],[-15,13],[-11,-17],[-9,15],[-24,-8],[-5,17],[10,-2],[11,7],[-3,29],[12,-1],[5,16],[9,1],[-5,18],[-8,7],[2,8],[10,2],[4,20],[-14,-3],[-11,3],[-15,-19],[-5,8],[9,13],[0,8],[-12,0],[-6,7],[12,19],[-7,6],[8,16],[10,-2],[5,8],[13,6],[-8,19],[-12,-1],[-6,12],[6,9],[7,3],[-5,14],[10,4],[-1,10],[8,16],[-7,11],[-9,4],[-2,7],[8,23],[-11,9],[-13,-5],[-9,-7],[-17,13],[2,9],[-5,7],[-12,8],[-14,-13],[-8,6],[1,19],[20,9],[-5,9],[-7,29],[6,3],[-2,12],[9,9],[-4,13],[14,16],[10,1],[12,-6],[-6,-7],[6,-17],[9,-4],[-2,-12],[-8,-16],[16,-6],[3,-15],[11,6],[14,-11],[11,9],[9,0],[5,-17],[11,-7],[8,17],[18,0],[14,-12],[7,1],[2,10],[9,2],[9,-6],[-3,21],[15,10],[-4,11],[3,5],[21,-9],[8,17],[-10,14],[-6,27],[-9,4],[-10,13],[16,16],[9,6],[8,-5],[6,-10],[9,-4],[25,2],[2,6],[10,8],[-2,9],[-8,8],[8,7],[10,-10],[1,-9],[9,3],[19,-4],[6,-8],[15,-12],[13,4],[13,14],[11,0],[8,5],[2,14],[15,13],[11,-8],[6,5],[14,-1],[11,40],[-4,3],[-7,23],[1,12],[-7,8],[-13,8],[-10,-2],[-4,5],[2,16],[-8,4],[-1,9],[6,23],[10,-1],[6,13],[15,-6],[11,6],[0,8],[19,7],[-6,9],[5,9],[-14,3],[-8,8],[-2,9],[-11,4],[-20,-3],[-12,10],[-4,8],[7,8],[33,8],[10,7],[-8,21],[-14,7],[2,21],[20,10],[16,-12],[11,3],[7,7],[14,2],[17,1],[-1,7],[16,-2],[9,17],[1,23],[29,-9],[9,2],[7,-7],[7,6],[24,-9],[11,-10],[18,-7],[16,-2],[19,-11],[17,-6],[-7,-15],[8,-11],[10,-5],[11,1],[19,7],[6,5],[-2,10],[11,0],[8,-5],[4,13],[7,6],[1,21],[4,12],[11,-1],[12,23],[11,35],[4,23],[-7,8],[7,6],[5,13],[-12,15],[13,8],[2,20],[-17,1],[-15,14],[2,4],[-15,13],[-15,-1],[-16,15],[-3,9],[-19,17],[8,11],[-3,11],[15,6],[5,-3],[30,8],[4,-2],[12,8],[3,-9],[23,5],[13,-7],[24,7],[-4,16],[7,11],[-8,4],[10,15],[2,10],[-8,12],[3,7],[-14,18],[-10,-6],[-6,5],[-3,22],[6,8],[22,8],[12,19],[2,13],[9,8],[6,13],[14,9],[0,21],[9,9],[15,-6],[9,14],[2,13],[-1,16],[-6,21],[-17,30],[-9,11],[-20,1],[-18,-13],[-13,6],[-27,-7],[-20,1],[-6,8],[-9,-4],[-19,1],[-13,-5],[-16,-16],[-12,5],[0,26],[5,22],[12,19],[10,5],[0,13],[4,13],[18,12],[6,20],[14,9],[14,27],[13,2],[-4,9],[14,26],[-2,11],[9,7],[3,24],[-6,5],[6,12],[-4,17],[4,6],[-15,11],[-1,10],[7,7],[7,-1],[-5,29],[4,9],[-5,14],[1,26],[7,36],[11,5],[7,9],[8,1],[13,11],[17,3],[11,-12],[22,5],[10,-4],[1,-14],[11,-14],[12,8],[20,24],[12,7],[15,4],[-1,6],[20,6],[16,21],[-1,12],[-9,6],[-5,8],[3,8],[21,1],[13,13],[11,-8],[16,4],[14,-21],[3,-12],[15,-5],[9,3],[4,12],[12,3],[11,-6],[19,6],[8,-2],[14,7],[3,7],[-5,21],[-16,14],[2,15],[-14,-3],[-6,3],[3,13],[8,5],[-5,19],[-16,4],[-12,-4],[-8,13],[7,11],[6,14],[16,12],[16,-1],[13,11],[1,8],[-6,11],[-5,18],[11,13],[12,3],[13,-2],[-25,25],[-10,13],[-6,2],[4,23],[6,0],[10,9],[12,15],[6,4],[5,11],[-3,23],[-12,2],[-3,21],[-6,4],[-13,-1],[-9,7],[0,6],[13,1],[4,12],[-20,16],[-7,16],[7,21],[13,17],[5,16],[-8,2],[-26,-5],[-16,-10],[-15,9],[-11,-8],[2,15],[13,12],[20,9],[2,24],[-18,2],[-5,12],[11,2],[8,9],[9,0],[12,5],[10,12],[12,9],[3,7],[22,5],[8,19],[14,11],[12,-8],[-11,-25],[-11,-15],[5,-20],[-5,-12],[0,-30],[9,-2],[15,4],[7,6],[5,-7],[-20,-12],[3,-13],[-2,-22],[6,-10],[-2,-18],[2,-18],[-2,-9],[3,-13],[-2,-12],[17,13],[19,2],[9,7],[14,4],[14,13],[0,24],[15,11],[26,-10],[11,-1],[22,5],[17,11],[22,6],[-2,9],[12,7],[12,-21],[7,-6],[8,10],[18,1],[2,-13],[-9,-15],[-19,-8],[-10,-8],[-8,-16],[6,-8],[-2,-13],[16,-25],[23,-20],[20,-12],[28,-6],[30,-1],[10,4],[17,0],[32,7],[35,14],[27,20],[15,13],[4,19],[8,7],[12,19],[16,11],[6,8],[12,8],[9,10],[9,20],[2,52],[-6,6],[-1,13],[-9,7],[-5,16],[3,6],[-6,13],[-19,0],[-2,12],[19,5],[4,13],[15,1],[10,13],[-18,6],[-4,13],[10,7],[15,-1],[17,7],[15,0],[3,23],[-6,14],[5,13],[-10,27],[3,6],[-13,6],[4,8],[-10,7],[-18,-5],[-4,16],[-17,-1],[-2,9],[7,8],[24,12],[19,1],[6,8],[14,2],[16,-5],[17,7],[21,-7],[14,16],[16,6],[5,-3],[13,3],[13,-10],[-5,-5],[1,-19],[10,-13],[13,-5],[22,6],[15,14],[3,8],[10,8],[7,-6],[12,7],[-2,14],[9,3],[-1,13],[5,7],[9,-2],[4,7],[19,2],[9,7],[13,22],[9,5],[8,-9],[0,-28],[5,-4],[16,2],[10,7],[15,-5],[5,8],[9,-1],[16,-17],[9,-1],[15,6],[21,16],[15,17],[11,18],[5,15],[-7,9],[-3,23],[19,17],[3,-2],[19,6],[6,10],[-3,9],[-9,1],[-5,13],[22,13],[11,4],[0,14],[-24,2],[-4,3],[-1,14],[4,10],[20,3],[3,-10],[12,-4],[12,6],[2,7],[14,12],[13,-31],[17,23],[8,-9],[4,-11],[6,-2],[19,8],[17,-7],[9,-6],[9,1],[25,11],[4,7],[23,2],[12,10],[4,8],[-3,13],[14,16],[-3,9],[14,12],[8,18],[7,3],[13,14],[7,4],[12,-7],[2,-10],[29,-1],[27,2],[13,11],[14,-19],[10,4],[5,-25],[11,-6],[36,-9],[33,0],[8,9],[18,-10],[1,11],[11,8],[15,1],[8,-6],[9,1],[9,-8],[21,11],[1,16],[13,2],[19,10],[14,14],[20,7],[5,-12],[10,4],[16,2],[20,-4],[8,10],[7,3],[4,10],[17,-7],[16,-1],[14,3],[7,-12],[13,0],[15,4],[4,7],[11,5],[9,13],[8,5],[21,-1],[12,-9],[1,-16],[7,-5],[22,1],[18,7],[19,14],[24,24],[17,23],[3,9],[15,17],[2,13],[11,17],[20,12],[26,7],[6,8],[15,-3],[6,-12],[14,-5],[17,7],[20,12],[5,10],[38,20],[3,7],[28,14],[9,-3],[8,11],[12,28],[4,17],[-13,15],[1,6],[-16,17],[-10,2],[-4,7],[6,7],[9,-3],[17,16],[-17,14],[-15,9],[-1,21],[-5,0],[0,17],[6,10],[-6,11],[-3,15],[-6,3],[1,11],[18,0],[9,3],[15,-4],[2,9],[-6,25],[-11,28],[5,4],[-4,17],[1,12],[-6,4],[2,18],[8,-5],[5,10],[-14,15],[5,10],[15,-4],[7,-23],[16,0],[18,-9],[14,-13],[19,8],[-1,4],[13,15],[4,11],[13,2],[11,13],[0,19],[-5,10],[8,11],[5,-5],[10,7],[9,-1],[11,23],[0,11],[11,6],[3,7],[-17,31],[7,14],[9,29],[14,25],[24,-7],[15,2],[2,15],[13,-7],[9,3],[8,-9],[23,4],[2,9],[-4,10],[9,4],[2,19],[12,6],[5,19],[21,30],[9,-6],[-1,-7],[12,-1],[6,14],[8,12],[-1,12],[17,-2],[22,-32],[3,22],[-1,22],[19,12],[18,21],[10,4],[9,-6],[14,-1],[1,-6],[12,2],[16,-6],[-2,-12],[12,2],[5,-5],[16,6],[13,13],[6,2],[5,18],[10,11],[9,5],[13,-16],[21,-11],[18,7],[7,16],[13,13],[11,2],[8,-6],[27,12],[0,8],[18,5],[4,-4],[19,-2],[6,2],[10,-4],[6,-26],[41,-12],[8,-6],[4,-16],[14,-5],[8,5],[11,-2],[9,-9],[13,-7],[17,-14],[6,0],[14,-8],[9,5],[24,-8],[15,-14],[19,5],[33,20],[25,20],[17,23],[5,13],[10,8],[11,-5],[15,6],[7,12],[7,0],[4,9],[9,0],[3,-9],[9,-7],[0,-13],[11,-27],[7,-11],[11,-7],[12,-23],[-3,-9],[7,-11],[12,-1],[3,-9],[-7,-14],[4,-10],[18,-13],[14,0],[7,6],[11,-9],[19,-2],[10,3],[10,-8],[5,11],[0,16],[18,-15],[1,-10],[23,-5],[7,-6],[15,9],[11,-3],[-6,-12],[6,-21],[-7,-2],[-8,-16],[0,-13],[4,-11],[-2,-14],[6,-17],[-10,-5],[-7,-16],[11,0],[11,-5],[13,-23],[-4,-12],[7,-12],[10,-7],[13,-2],[3,7],[30,2],[13,4],[3,-12],[-4,-8],[7,-10],[-4,-11],[-6,-3],[11,-20],[8,-7],[17,-4],[6,2],[4,-11],[10,-5],[2,-14],[-9,-10],[2,-13],[16,9],[8,-7],[0,-19],[-5,-7],[-1,-27],[17,-13],[-1,-6],[14,-11],[-4,-9],[3,-17],[10,-22],[19,-18],[39,-1],[10,3],[25,15],[10,11],[2,13],[7,11],[-15,20],[9,3],[-3,11],[15,10],[18,3],[61,46],[17,20],[7,22],[10,7],[18,28],[12,10],[-5,29],[3,17],[-9,24],[8,19],[-3,9],[-1,30],[-4,14],[-1,16],[9,28],[-1,16],[15,5],[3,9],[9,-3],[2,15],[12,-7],[16,10],[13,16],[1,11],[12,2],[6,16],[-11,6],[2,18],[16,9],[8,12],[9,-3],[4,12],[6,0],[5,16],[14,20],[13,39],[-4,5],[-3,19],[-4,4],[13,28],[2,11],[-4,9],[-4,22],[-15,23],[1,17],[-6,8],[1,20],[-9,18],[2,9],[-12,24],[-3,13],[6,2],[4,17],[-5,11],[-7,4],[3,9],[-8,7],[4,21],[11,16],[5,3],[10,22],[-7,6],[-6,15],[0,11],[-6,11],[4,20],[10,11],[-3,10],[4,7],[-9,20],[3,45],[13,10],[2,24],[2,75],[-4,23],[-11,9],[-1,16],[-5,14],[-9,14],[-6,21],[-9,2],[-19,19],[-2,23],[-7,16],[-36,8],[-11,13],[-5,35],[-14,26],[0,11],[-5,6],[-2,12],[-7,26],[-12,21],[-20,4],[-11,27],[-8,-1],[-16,5],[3,11],[-10,28],[21,18],[7,1],[11,12],[2,19],[-3,14],[6,11],[-4,15],[9,17],[10,0],[11,13],[13,12],[10,28],[10,17],[30,23],[0,17],[11,24],[8,8],[12,22],[5,2],[-9,25],[8,12],[42,18],[-2,17],[-7,7],[-12,3],[-11,8],[-27,14],[-6,16],[-10,12],[-5,18],[0,9],[-10,20],[5,6],[-2,23],[-2,18],[-5,8],[16,22],[-3,19],[-4,5],[6,14],[-5,10],[-7,1],[-18,11],[-9,15],[-7,2],[-6,10],[0,17],[5,11],[-1,8],[5,19],[-3,7],[20,5],[8,7],[6,13],[15,15],[21,13],[11,17],[12,1],[13,10],[2,8],[18,6],[3,7],[21,9],[-1,17],[16,1],[18,8],[11,26],[9,6],[21,4],[2,22],[-1,13],[8,25],[7,8],[14,-3],[13,8],[2,11],[-12,16],[-6,-3],[-17,14],[-8,-5],[-5,7],[-11,4],[-2,9],[-18,-2],[-2,29],[2,17],[13,12],[6,14],[8,13],[21,25],[7,17],[-2,15],[10,25],[-10,16],[-10,3],[1,8],[-6,6],[0,10],[-16,7],[-12,0],[-5,7],[-11,6],[-15,25],[4,9],[-5,20],[-6,11],[14,15],[3,18],[12,4],[-8,16],[-22,6],[4,11],[14,5],[0,12],[14,10],[3,10],[-9,15],[-2,18],[9,17],[-15,5],[-7,13],[-14,14],[8,11],[-21,6],[-9,14],[-1,14],[15,19],[2,7],[-5,11],[1,11],[13,10],[-19,7],[-12,16],[13,12],[-3,15],[-12,12],[-4,18],[13,4],[7,15],[6,23],[-2,12],[14,10],[11,1],[19,10],[10,8],[8,1],[3,10],[9,7],[3,10],[11,6],[3,15],[5,4],[11,-5],[11,-12],[24,1],[9,-9],[18,4],[11,11],[10,-4],[12,-14],[15,6],[8,10],[3,10],[23,14],[16,15],[15,-4],[5,-9],[12,-4],[8,-13],[11,-1],[10,17],[13,-6],[18,-18],[11,11],[18,15],[11,-12],[6,-13],[9,-6],[21,-1],[17,6],[5,-3],[24,10],[7,9],[1,16],[10,7],[8,11],[19,7],[10,-1],[3,-16],[7,-6],[22,7],[0,-8],[10,-7],[7,-21],[-1,-31],[14,-12],[25,-9],[6,-10],[26,0],[6,5],[6,-6],[7,-15],[0,-10],[13,-17],[-10,-17],[2,-13],[16,-3],[10,2],[2,-15],[8,-6],[11,9],[5,-11],[-1,-11],[9,-13],[14,-10],[12,4],[25,-6],[8,4],[6,-10],[11,-4],[-1,-14],[-8,-6],[-9,-18],[5,-9],[0,-13],[-8,-29],[-12,-15],[-11,4],[-14,-13],[-7,-20],[9,-20],[-3,-3],[7,-18],[0,-9],[6,-13],[-1,-6],[6,-10],[-6,-7],[-22,11],[-9,-13],[-5,-17],[1,-15],[13,-34],[4,-7],[10,-1],[-1,-18],[7,-18],[2,-20],[-4,-7],[1,-13],[8,-16],[7,-1],[10,-12],[1,-6],[12,-17],[6,-19],[20,-13],[-4,-8],[7,-7],[3,-9],[10,-20],[0,-9],[7,-7],[-1,-7],[-13,-15],[-6,4],[-7,-8],[-3,-22],[6,-11],[9,-8],[5,-24],[-3,-6],[16,-14],[22,-15],[-21,-21],[1,-5],[14,-13],[-8,-16],[0,-23],[7,-23],[-3,-26],[6,-19],[-12,-8],[-10,-11],[3,-19],[-1,-15],[15,-14],[8,-3],[1,-14],[12,-14],[-10,-10],[1,-12],[-3,-22],[4,-15],[6,-12],[1,-16],[-3,-17],[5,-10],[8,0],[-16,-24],[2,-14],[12,-8],[8,-19],[6,-6],[3,-17],[0,-11],[-8,-12],[-9,-6],[-12,4],[-8,-21],[-1,-14],[9,-12],[33,-16],[-5,-15],[8,-10],[11,-7],[6,-15],[-3,-11],[7,-17],[-5,-38],[-10,-8],[8,-9],[14,-33],[4,-23],[11,-13],[1,-14],[-11,-10],[-7,-26],[5,-21],[-6,-18],[4,-2],[4,-17],[-4,-9],[-18,-4],[-5,-30],[1,-10],[8,-9],[11,4],[13,-15],[6,-12],[0,-19],[-7,-9],[13,-12],[-4,-8],[3,-14],[5,-8],[-2,-12],[-6,-6],[11,-19],[-6,-7],[-1,-17],[8,-26],[6,-8],[2,-18],[9,-14],[-3,-16],[3,-26],[-4,-3],[3,-20],[9,-3],[9,-8],[-1,-11],[-6,-13],[2,-19],[-3,-9],[1,-10],[-3,-17],[1,-15],[-9,-27],[8,-8],[-17,-16],[-2,-14],[-8,-12],[-3,-23],[-6,-3],[-11,-12],[2,-9],[-9,-26],[1,-6],[-14,-19],[-17,-6],[2,-18],[-19,-42],[-1,-8],[-8,0],[-9,-9],[-2,-13],[-16,-30],[0,-7],[-14,-15],[4,-14],[-9,-6],[-2,-16],[-10,-28],[-2,-16],[-5,-5],[2,-15],[10,-9],[7,-28],[-9,-12],[-6,-15],[-11,1],[-6,-13],[3,-13],[-2,-16],[-10,-31],[0,-17],[-5,-7],[-1,-22],[7,-33],[-8,-18],[5,-7],[-7,-10],[-4,-19],[1,-15],[-5,-9],[-8,-35],[-7,-12],[-8,-25],[-3,-3],[-1,-24],[4,-33],[-6,-14],[-4,-27],[6,-18],[-7,-5],[0,-21],[9,-6],[0,-17],[10,-17],[-8,-33],[-4,5],[6,22],[-9,17],[-5,2],[-9,-30],[-8,-16],[6,-20],[-2,-22],[-15,8],[-4,-8],[10,-10],[5,-12],[12,-4],[-11,-15],[-11,-3],[-19,-17],[1,-8],[-11,-26],[3,-10],[1,-38],[2,-31],[-5,-8],[-1,-33],[4,-44],[7,-38],[12,-50],[4,-7],[18,-66],[7,-20],[8,-19],[13,-35],[43,-92],[42,-78],[8,-18],[25,-42],[29,-45],[17,-30],[22,-34],[30,-44],[12,-20],[34,-50],[22,-27],[81,-118],[6,-12],[24,-36],[13,-30],[38,-77],[26,-71],[12,-46],[7,-45],[5,-29],[11,-52],[5,-13],[7,-37],[0,-47],[2,-43],[-2,-32],[2,-25],[0,-45],[4,-37],[-2,-33],[-8,-43],[-9,-63],[-7,-47],[-5,-67],[1,-25],[0,-58],[2,-20],[5,-24],[3,-23],[5,-17],[10,-53],[10,-35],[14,-64],[10,-37],[7,-19],[11,-23],[2,-9],[-5,-55],[2,-20],[5,-19],[0,-13],[-6,-41],[0,-16],[6,-66],[-2,-22],[1,-19],[11,-30],[1,-21],[-11,-42],[0,-17],[-12,-31],[-10,-42],[0,-15],[-8,-36],[-4,-42],[0,-18],[-7,-62],[-3,-35],[-8,-46],[-10,-47],[-4,-30],[4,-46],[-3,-51],[1,-39],[6,-33],[2,-17],[6,-19],[3,-26],[-1,-21],[7,-38],[6,-12],[2,-18],[-1,-21],[5,-43],[7,-19],[14,-3],[-5,-7],[1,-15],[-5,-4],[6,-20],[7,0],[4,-51],[8,-38],[9,-33],[5,-27],[7,-20],[14,-24],[11,-37],[4,-17],[6,-45],[5,-46],[7,-28],[3,-35],[6,-28],[6,-35],[7,-28],[7,-18],[8,-26],[9,-14],[2,-24],[-4,-25],[0,-29],[-1,-46],[-11,-44],[-5,-33],[-7,-59],[-2,-52],[-9,-61],[-7,-65],[-6,-95],[1,-82],[3,-42],[5,-23],[8,-24],[9,-7],[-3,-17],[0,-56],[1,-13],[-2,-54],[9,-8],[4,-23],[6,-4],[2,-16],[0,-29],[-4,-11],[-4,-27],[-1,-26],[-5,-24],[-5,-35],[-1,-31],[-5,-39],[1,-22],[-2,-17],[1,-6],[-3,-30],[1,-18],[-3,-25],[1,-50],[-1,-60],[2,-31],[-2,-14],[7,-49],[8,-9],[-1,-26],[-5,-39],[1,-15],[-5,-96],[-13,-68],[-2,-9],[-7,-60],[-15,-62],[0,-10],[-6,-14],[-24,-37],[-14,-15],[-51,-67],[-40,-64],[-16,-29],[-12,-18],[-19,-39],[-37,-64],[-12,-19],[-23,-40],[-43,-64],[-3,-8],[-27,-45],[-18,-34],[-10,-17],[0,-6],[-35,-59],[-9,-17],[-34,-58],[-65,-113],[-46,-87],[-17,-25],[-15,-20],[-15,-23],[-29,-39],[-4,-7],[-8,-31],[-7,-10],[-15,-12],[-32,-35],[-47,-64],[-22,-35],[-17,-22],[-25,-38],[-4,-10],[-34,-56],[-19,-35],[-26,-54],[-12,-29],[-8,-15],[-24,-66],[-7,-30],[-5,-43],[-2,-36],[3,-38],[4,-20],[5,-15],[10,-20],[5,-19],[-1,-21],[4,-23],[-9,-50],[-11,-22],[-6,-42],[1,-16],[7,-11],[-5,-24],[-13,-24],[-10,-23],[-4,-22],[-15,-21],[-15,-26],[-6,-16],[-8,-27],[-6,-32],[1,-15],[-2,-36],[-3,-15],[6,-13],[-5,-8],[-16,-39],[-9,-48],[-3,-32],[4,-16],[0,-12],[8,-17],[7,-25],[-6,-26],[0,-13],[10,-22],[17,-29],[2,-15],[-12,-13],[5,-13],[-9,-14],[3,-8],[-5,-5],[-1,-22],[11,-31],[1,-13],[6,-14],[2,-23],[-5,-15],[6,-9],[2,-17],[-2,-23],[7,-15],[-1,-14],[5,-2],[-1,-17],[1,-17],[-4,-12],[8,-29],[-7,-3],[3,-13],[10,-1],[-5,-23],[2,-8],[-4,-7],[-1,-24],[-7,-5],[-8,-17],[-4,-22],[-9,-6],[-1,-20],[-8,-35],[-8,-10],[-1,-14],[5,-12],[-5,-17],[2,-8],[-10,-14],[-4,8],[-8,-2],[-6,-10],[-3,-15],[1,-10],[9,-20],[10,-14],[-6,-12],[5,-19],[11,-10],[10,-5],[-2,-28],[-22,-31],[12,-20],[1,-18],[-4,-19],[-10,-6],[-7,-10],[6,-23],[11,-18],[12,-7],[9,0],[4,12],[7,5],[17,-11],[-1,-11],[6,-8],[15,-46],[-4,-8],[-1,-15],[-11,-24],[-2,-11],[1,-20],[-1,-23],[6,-16],[-4,-6],[1,-20],[-13,-11],[-4,-9],[0,-15],[6,-11],[14,-2],[-4,-13],[7,-10],[-4,-6],[5,-13],[-1,-17],[-5,-7],[4,-9],[-12,-30],[-5,-6],[-4,-17],[1,-31],[-11,-11],[3,-11],[9,-3],[-3,-19],[8,-11],[3,-13],[6,-11],[-4,-33],[-7,-6]]],"transform":{"scale":[0.00014701479103593456,0.00009755380896728771],"translate":[-5.141240761719718,41.33357120531779]},"objects":{"gb_FRA_ADM1":{"type":"GeometryCollection","geometries":[{"arcs":[[0,1,2,3,4]],"type":"Polygon","properties":{"id":"FR-IDF","name":"Île-de-France","pcode":"FR-IDF"}},{"arcs":[[-3,5,6,7,8,9]],"type":"Polygon","properties":{"id":"FR-CVL","name":"Centre-Val de Loire","pcode":"FR-CVL"}},{"arcs":[[-2,10,11,12,-6]],"type":"Polygon","properties":{"id":"FR-BFC","name":"Bourgogne-Franche-Comté","pcode":"FR-BFC"}},{"arcs":[[[-4,-10,13,14,15,16]],[[17]],[[18]],[[19]],[[20]],[[21]],[[22]],[[23]],[[24]]],"type":"MultiPolygon","properties":{"id":"FR-NOR","name":"Normandie","pcode":"FR-NOR"}},{"arcs":[[-5,-17,25,26]],"type":"Polygon","properties":{"id":"FR-HDF","name":"Hauts-de-France","pcode":"FR-HDF"}},{"arcs":[[-1,-27,27,-11]],"type":"Polygon","properties":{"id":"FR-GES","name":"Grand Est","pcode":"FR-GES"}},{"arcs":[[[-9,28,29,30,-14]],[[31]],[[32]],[[33]],[[34]],[[35]],[[36]]],"type":"MultiPolygon","properties":{"id":"FR-PDL","name":"Pays de la Loire","pcode":"FR-PDL"}},{"arcs":[[[-15,-31,37]],[[38]],[[39]],[[40]],[[41]],[[42]],[[43]],[[44]],[[45]],[[46]],[[47]],[[48]],[[49]],[[50]],[[51]],[[52]],[[53]],[[54]],[[55]],[[56]],[[57]],[[58]],[[59]],[[60]],[[61]],[[62]],[[63]],[[64]],[[65]],[[66]],[[67]],[[68]],[[69]],[[70]],[[71]],[[72]],[[73]],[[74]],[[75]],[[76]],[[77]],[[78]],[[79]],[[80]],[[81]],[[82]],[[83]],[[84]],[[85]],[[86]],[[87]],[[88]],[[89]],[[90]],[[91]],[[92]],[[93]],[[94]],[[95]],[[96]],[[97]],[[98]],[[99]],[[100]],[[101]],[[102]],[[103]],[[104]],[[105]],[[106]],[[107]],[[108]],[[109]],[[110]],[[111]],[[112]],[[113]],[[114]],[[115]],[[116]],[[117]],[[118]],[[119]],[[120]],[[121]],[[122]],[[123]],[[124]],[[125]],[[126]],[[127]],[[128]],[[129]],[[130]],[[131]],[[132]],[[133]],[[134]],[[135]],[[136]],[[137]],[[138]],[[139]],[[140]],[[141]],[[142]],[[143]],[[144]],[[145]],[[146]],[[147]],[[148]],[[149]],[[150]],[[151]],[[152]],[[153]],[[154]],[[155]],[[156]],[[157]],[[158]],[[159]],[[160]],[[161]],[[162]],[[163]],[[164]],[[165]],[[166]],[[167]],[[168]],[[169]],[[170]],[[171]],[[172]],[[173]],[[174]],[[175]],[[176]],[[177]],[[178]],[[179]],[[180]],[[181]],[[182]],[[183]],[[184]],[[185]]],"type":"MultiPolygon","properties":{"id":"FR-BRE","name":"Bretagne","pcode":"FR-BRE"}},{"arcs":[[[-8,186,187,188,-29],[200],[201]],[[189]],[[190]],[[191]],[[192]],[[193]],[[194]],[[195]],[[196]],[[197]],[[198]],[[199]]],"type":"MultiPolygon","properties":{"id":"FR-NAQ","name":"Nouvelle-Aquitaine","pcode":"FR-NAQ"}},{"arcs":[[[-188,202,203,204],[209]],[[-201]],[[-202]],[[205]],[[206]],[[207]],[[208]],[[210]]],"type":"MultiPolygon","properties":{"id":"FR-OCC","name":"Occitanie","pcode":"FR-OCC"}},{"arcs":[[-7,-13,211,212,-203,-187],[213]],"type":"Polygon","properties":{"id":"FR-ARA","name":"Auvergne-Rhône-Alpes","pcode":"FR-ARA"}},{"arcs":[[[-204,-213,214]],[[-214]],[[215]],[[216]],[[217]],[[218]],[[219]],[[220]],[[221]],[[222]],[[223]],[[224]],[[225]],[[226]],[[227]],[[228]],[[229]],[[230]],[[231]],[[232]],[[233]],[[234]],[[235]],[[236]],[[237]],[[238]],[[239]],[[240]],[[241]],[[242]],[[243]],[[244]],[[245]],[[246]],[[247]],[[248]],[[249]],[[250]]],"type":"MultiPolygon","properties":{"id":"FR-PAC","name":"Provence-Alpes-Côte d'Azur","pcode":"FR-PAC"}},{"arcs":[[[251]],[[252]],[[253]],[[254]],[[255]],[[256]],[[257]],[[258]],[[259]],[[260]],[[261]],[[262]],[[263]],[[264]],[[265]],[[266]],[[267]],[[268]],[[269]]],"type":"MultiPolygon","properties":{"id":"FR-20R","name":"Corse","pcode":"FR-20R"}}]}}}