{"type":"Topology","arcs":[[[25366,16321],[13,17],[34,-14],[-9,-26],[-17,-10]],[[25387,16288],[-21,33]],[[25393,16510],[27,-17],[-14,-63],[9,-15],[37,-16],[-1,-20],[-28,-19],[-33,3],[-5,-18],[-31,31],[-1,18],[18,28],[28,0],[1,46],[-18,11],[-10,25],[21,6]],[[39539,16679],[16,-13],[-3,-21],[-19,0],[-9,-20],[-23,24],[4,36],[34,-6]],[[39589,16709],[8,-27],[-37,2],[2,28],[27,-3]],[[39914,16590],[-39,6],[-13,-21],[-35,8],[1,20],[-29,4],[-15,-24],[-6,-27],[-16,1],[-39,18],[-27,-1],[-41,14],[-25,22],[5,15],[30,1],[8,21],[-2,25],[38,-4],[-14,54],[3,26],[20,11],[-5,18],[40,-5],[54,-23],[2,-32],[28,-5],[18,30],[68,-13],[10,23],[20,-4]],[[39953,16748],[-30,-104],[-9,-54]],[[39955,16758],[2,29],[-26,33],[-65,1],[-5,-25],[-22,-38],[-26,13],[-7,23],[10,35],[13,14],[-2,41],[-44,5],[5,-26],[-17,-14],[0,-46],[-36,-6],[2,32],[-12,21],[-26,-6],[-66,-6],[-17,27],[6,67],[-36,-1],[-10,-8],[-33,0],[-6,-18],[-38,-1],[-1,36],[31,0],[43,10],[3,81],[76,-1],[-2,-19],[-39,1],[-4,-65],[22,-10],[58,-2],[6,39],[34,11],[-28,27],[-21,30],[-30,21],[12,52],[-39,17],[-5,-30],[-37,3],[-19,32],[40,51],[23,-4],[20,18],[-17,11],[33,60],[44,2],[14,25],[17,1],[17,22],[50,-17],[-6,-44],[-42,-15],[-18,-23],[-25,5],[-31,21],[-10,-25],[3,-23],[68,-20],[15,-69],[2,-72],[23,-6],[4,25],[12,9],[-3,42],[39,1],[18,33],[27,20],[24,-2],[40,-20],[6,33],[16,40],[30,8],[21,-54],[27,-16],[27,-3]],[[40067,17151],[-12,-66],[-39,-141],[-10,-54],[-25,-53],[-26,-79]],[[39856,16983],[-23,-18],[-5,-28],[10,-25],[22,-25],[-5,-41],[23,-1],[7,35],[16,15],[16,56],[-30,6],[-31,26]],[[39903,17356],[6,26],[28,1],[-4,-26],[-30,-1]],[[39429,16779],[28,-12],[-8,-31],[11,-14],[30,-7],[0,-28],[-27,-6],[-59,10],[-10,33],[14,59],[21,-4]],[[39309,16919],[10,17],[68,-13],[-2,-20],[27,-1],[0,-32],[31,-1],[17,-10],[3,-19],[-23,-31],[-33,-6],[-70,15],[7,50],[-30,-4],[-20,-19],[-41,-17],[4,36],[-10,24],[13,19],[14,-16],[35,28]],[[39543,17191],[-12,-44],[-23,-20],[-76,17],[19,16],[8,35],[35,-4],[26,17],[23,-17]],[[39374,17234],[14,-34],[23,-11],[-3,-45],[-17,1],[1,-39],[32,5],[16,11],[25,-28],[18,-3],[-2,-63],[-44,-34],[-50,-1],[-2,-18],[-29,-3],[-23,5],[10,53],[-34,23],[2,57],[33,6],[-4,76],[-30,6],[20,20],[-3,44],[9,36],[-25,3],[7,43],[28,15],[-4,43],[33,-17],[22,3],[23,-13],[-8,-14],[-8,-45],[-21,-43],[-9,-39]],[[39576,17414],[28,-11],[-7,-69],[21,-14],[9,-18],[23,-21],[-1,-16],[-38,13],[-45,-14],[-28,5],[-16,-27],[-30,38],[-31,-17],[-19,6],[14,69],[37,-9],[14,39],[27,1],[42,45]],[[40070,13432],[-36,-2],[-10,74],[-24,-14],[-44,33],[34,26],[23,5],[-8,31],[-39,4],[1,16],[27,-1],[16,13],[-41,14],[-41,-3],[-34,10],[-21,-6],[-4,22],[34,10],[-11,33],[-43,-10],[1,-29],[-40,-1],[-24,-11],[0,54],[-15,16],[-31,6],[-6,28],[-25,10],[-37,5],[0,36],[23,25],[-2,12],[-33,1],[-4,22],[3,37],[48,0],[33,-10],[1,-32],[49,14],[1,37],[-20,16],[-3,36],[-15,8],[-6,41],[33,4],[14,-15],[62,-8],[52,-45],[31,17],[6,33],[49,3],[35,9],[37,0],[-3,-20],[40,-5],[-2,-22],[13,-15]],[[40114,13944],[-6,-196],[2,-23],[-4,-99],[5,-32],[-4,-34],[3,-48],[-3,-71],[-5,-9],[-32,0]],[[40123,17320],[-56,21],[8,29],[2,40],[21,58],[82,-30]],[[40180,17438],[-57,-118]],[[48211,32997],[13,-19],[-32,-23],[-15,-23],[-2,-27],[88,-34],[47,-6],[45,5],[15,17],[51,-2],[54,71],[27,-59],[-11,-38],[-18,-21],[-51,-33],[-31,-4],[-46,-21],[-17,8],[-80,63],[-23,6],[-91,-2],[-42,14],[6,28],[-30,-1],[0,24],[36,-8],[31,0],[28,59],[16,-8],[32,34]],[[41542,39469],[-28,-5],[-56,-50],[-35,-3],[-26,-12],[-41,20],[-25,-10],[-40,-46],[-10,-33],[-61,8],[-15,16],[-13,30],[-18,12],[-31,-1],[-26,-25],[-28,0],[-40,-18],[-11,-19],[-24,-4],[-20,8],[-45,38],[-39,44],[-17,-2],[-30,12],[-16,29],[-22,13],[-25,0],[-48,64],[-7,30],[-11,8],[-32,-1],[-24,38],[-3,14],[-61,20],[-17,-17],[-77,3],[-48,18],[-29,35],[-74,49],[-26,23],[-26,54],[18,25],[31,24],[49,19],[54,42],[11,24],[-10,72],[-17,47],[13,66],[1,44],[-10,53],[-14,31],[-31,100],[2,68],[-14,92],[-18,23],[-42,7],[-44,-16],[-20,-13],[-93,-5],[-16,10],[-11,31],[-10,49],[-2,45],[-16,52],[3,40],[16,24],[35,29],[147,75],[45,27],[48,40],[6,23],[-13,33],[-44,60],[-19,43],[3,40],[20,75],[19,46],[42,72],[18,23],[26,12],[16,24],[-1,23],[-21,58],[-3,24],[31,69],[-2,12],[22,83],[19,16],[-8,12],[-8,56],[-23,40],[-53,59],[-17,28],[2,36],[-14,34],[-36,16],[-56,60],[-39,20],[-84,12],[-59,25],[-29,33],[-24,18],[-14,24],[-40,17],[-25,38],[-3,21],[-27,57],[-60,26],[-68,58],[-86,26],[-32,4],[-30,-12],[-71,-60],[-19,-8],[-68,-2],[-46,-14],[-59,0],[-89,-15],[-26,-14],[-33,-33],[-11,-44],[-20,-53],[0,-18],[-18,-54],[-21,-9],[-35,7],[-51,31],[-62,27],[-15,42],[-3,36],[-19,15],[-37,-12],[-36,-26],[7,-28],[-7,-48],[-56,-28],[-5,-14],[-62,-4],[-38,-20],[-8,31],[-92,61],[-30,30],[-37,3],[-8,-27],[-50,19],[-47,57],[-19,17],[-46,9],[-11,39],[-12,12],[-106,-5],[-29,9],[-27,-3],[1,-29],[-16,-5],[-14,17],[-10,83],[-81,-3],[-35,10],[-74,56],[-26,3],[-17,-35],[20,-37],[29,-5],[-7,-52],[-16,-33],[-31,-34],[10,-72],[-22,-51],[-43,4],[-24,-33],[-22,-16],[-1,-30],[-10,-22],[22,-29],[17,-3],[25,-28],[-2,-16],[-23,-9],[-26,1],[-63,-19],[-33,9],[-43,36],[-19,49],[-15,5],[-74,56],[-42,14],[-37,34],[-24,5],[-15,24],[-17,10],[-66,-1],[-34,13],[-5,11],[-66,29],[-22,-3],[-53,-19],[-59,1],[-30,-6],[-1,30],[-56,38],[-30,-35],[-69,-5],[-40,10],[-10,33],[31,0],[67,41],[22,27],[-2,24],[-44,19],[-12,14],[-1,64],[20,42],[2,19],[-22,61],[-36,18],[-86,2],[3,14],[-62,12],[-50,-48],[-67,12],[-21,-5],[-34,3],[13,62],[0,31],[14,9],[-13,47],[-23,60],[10,19],[-15,26],[-9,38],[-15,27],[1,22],[-52,-22],[-25,21],[-40,-15],[-34,10],[-4,24],[-32,30],[-30,11],[-22,-1],[-41,-22],[-25,6],[-14,18],[-33,10],[-25,-8],[-18,-38],[-23,-8],[-42,18],[-11,36],[-14,18],[-81,21],[-30,16],[-39,1],[-41,25],[-59,2],[-35,12],[-13,13],[-27,8],[-53,2],[-54,-10],[-28,16],[-39,11],[-37,-1],[-40,-18],[-50,2],[-22,-23],[-2,-39],[-9,-12],[-36,-13],[-34,12],[-7,25],[-28,39],[-19,7],[-47,-15],[-56,1],[-55,14],[-68,47],[-53,42],[-18,34],[-2,43],[5,19],[-8,22],[-33,-3],[-36,13],[-81,-2],[-27,14],[-13,36],[31,24],[-8,27],[-19,10],[-66,-7],[-17,-91],[-14,-48],[-20,-35],[-23,-17],[3,-28],[47,-23],[70,4],[55,-14],[-8,-77],[36,-4],[43,-26],[25,-80],[-18,-40],[-11,-50],[-23,-53],[-28,-7],[6,-20],[-13,-18],[14,-36],[-33,-13],[-39,-6],[-22,-17],[-13,-38],[-29,1],[-11,-11],[-42,0],[-40,15],[-22,-54],[-13,-10],[-11,-26],[21,-4],[8,-18],[27,-3],[6,-22],[33,-16],[6,-16],[0,-45],[6,-27],[35,-38],[4,-17],[-6,-59],[-9,-19],[9,-32],[-35,-34],[-62,11],[-1,-34],[31,-35],[31,3],[3,-25],[-8,-36],[15,-21],[-4,-14],[13,-54],[36,-52],[-17,-82],[-19,-14],[-40,-11],[-56,25],[-6,-26],[-53,-38],[-23,-5],[-7,-21],[-30,-7],[-54,20],[-28,-15],[-31,-28],[-13,-32],[-21,-11],[-30,18],[-26,0],[39,-58],[-37,-90],[9,-15],[-25,-10],[0,-35],[14,-47],[55,-30],[-7,-17],[12,-21],[-26,-60],[-10,-36],[-22,-24],[4,-79],[13,-21],[-22,-33],[-35,-10],[-23,4],[-25,-21],[-28,2],[-29,29],[-59,32],[-13,-14],[-61,-2],[-21,-14],[-23,12],[3,18],[-14,21],[-23,-19],[-27,-5],[-30,-35],[-51,23],[-16,22],[20,36],[2,30],[-94,28],[-2,48],[-53,20],[-15,19],[-29,12],[-29,45],[-36,13],[-18,30],[-61,23],[-18,-29],[-22,2],[-29,-29],[-20,-9],[-20,-22],[-56,14],[-18,-24],[-91,-31],[10,-38],[-2,-29],[62,-16],[36,3],[31,-6],[14,-32],[-17,-39],[-70,13],[-24,-5],[-13,-17],[-4,-31],[-11,-14],[-3,-45],[-27,-42],[-14,-40],[-21,-39],[18,-6],[25,-25],[-15,-11],[2,-21],[-13,-13],[-1,-40],[-33,-44],[-17,-12],[-1,-30],[14,-35],[21,-6],[-5,-49],[16,-30],[-8,-18],[-22,5],[-43,-4],[-11,32],[-31,29],[-21,-1],[-21,-13],[-1,-31],[-10,-51],[-17,-18],[12,-65],[-34,14],[-51,2],[-36,22],[0,-51],[-10,-36],[3,-24],[22,-30],[17,-74],[-9,-60],[55,-22],[12,34],[48,-3],[56,-12],[-13,-60],[7,-19],[-13,-24],[56,-18],[11,18],[21,9],[57,-2],[-20,-53],[-17,-21],[-15,-60],[42,-20],[60,5],[2,12],[36,-10],[1,-14],[23,-63],[42,0],[-2,-49],[31,-5],[6,-12],[55,-9],[-3,-17],[28,-6],[-9,-21],[48,-6],[-2,-47],[-18,-14],[-44,-8],[-61,14],[-19,0],[-54,-23],[-36,-8],[-33,1],[-42,-30],[-16,2],[-47,-14],[-7,-32],[-16,-16],[-22,-68],[-41,-81],[-8,-22],[-28,-41],[0,-43],[-24,-26],[-5,-23],[-20,-11],[-8,-40],[-35,9],[-18,12],[5,40],[-17,15],[-30,3],[-30,-38],[6,-19],[-11,-21],[-20,-6],[-45,-46],[19,-21],[-18,-14],[0,-38],[14,-14],[38,-65],[-1,-50],[17,-56],[-34,-46],[-12,-37],[5,-23],[-52,-12],[-37,9],[-37,-3],[-45,-33],[-21,1],[-59,-31],[-13,-14],[-33,2],[-7,29],[9,35],[-14,11],[-28,0],[-19,-37],[-26,27],[-103,-10],[-3,-44],[-11,-11],[28,-17],[-11,-37],[-32,-10],[-6,-29],[28,-21],[36,-5],[5,-23],[-10,-41],[-31,0],[-7,26],[-54,7],[-12,-56],[-40,1],[-43,-5],[8,-27],[45,2],[67,-16],[0,-37],[-80,-25],[-42,19],[-35,6],[-31,-5],[-1,-48],[30,-15],[67,-17],[-14,-58],[-3,-42],[-20,-1],[-30,-14],[-5,-12],[-34,-26],[-5,-28],[-13,-21],[8,-41],[31,-23],[90,-24],[23,-32],[19,-11],[2,-32],[-61,-34],[-6,-21]],[[32259,38047],[-37,9],[-28,14],[-28,30],[-39,5],[-13,-17],[12,-65],[-24,-25],[-23,-1],[-20,-31],[-39,17],[-19,-26],[-36,-7],[-46,24],[-14,1],[-6,45],[-19,-3],[-12,32],[3,59],[-32,7],[-9,-15],[-29,-5],[-24,-16],[-29,10],[-22,-4],[-33,19],[-67,-7],[-31,43],[50,17],[15,23],[65,52],[18,-2],[-4,41],[-14,29],[46,24],[17,30],[3,27],[-48,29],[-27,-7],[-66,4],[-15,39],[-13,71],[-9,10],[16,25],[-3,22],[-42,-13],[-28,-47],[-33,29],[2,26],[-32,5],[-1,24],[-23,-3],[-8,-49],[-57,-16],[-46,-26],[-28,-2],[-20,-22],[-25,-3],[-22,-30],[-60,-2],[-24,-52],[-3,-29],[18,-30],[32,-9],[-9,-19],[-36,-1],[-32,-18],[-7,-33],[-13,-18],[32,-5],[-23,-26],[-12,-46],[-25,-31],[-35,19],[-10,-22],[15,-33],[-1,-22],[22,-35],[-7,-25],[-33,-13],[-32,26],[-45,1],[-12,-18],[-6,-61],[-36,-17],[-25,-59],[-11,4],[2,-58],[-22,-15],[-8,-30],[-22,-7],[-20,7],[-62,-14],[-41,-22],[2,-13],[61,-73],[2,-13],[-15,-34],[-19,-5],[-27,10],[-24,-7],[-20,-16],[-75,-2],[-37,29],[-7,43],[-33,21],[-28,11],[-5,-15],[-30,-6],[8,-47],[-7,-10],[-52,4],[-38,17],[-13,36],[3,16],[-12,31],[-41,7],[-4,-11],[-49,4],[-38,-6],[-14,-72],[-18,-33],[-37,11],[-26,-43],[2,-13],[23,-33],[-38,-25],[1,-23],[44,-18],[14,7],[57,-14],[16,-21],[26,-20],[-17,-32],[-48,-13],[-7,-9],[21,-53],[-1,-25],[-22,-30],[26,-29],[-54,-11],[-42,0],[-34,-5],[-7,-59],[-22,-26],[1,-24],[24,-18],[-3,-62],[17,-99],[12,-21],[-6,-84],[-59,-1],[-28,-55],[-31,-15],[-36,11],[-74,9],[-41,-4],[-28,-14],[-2,-32],[-72,5],[-7,-54],[-49,8],[-18,9],[-46,6],[-3,33],[-20,44],[-38,-6],[-59,2],[5,-15],[-12,-118],[2,-9],[45,5],[54,-20],[23,-19],[18,-33],[26,-11],[6,-26],[-16,-19],[-5,-42],[-25,-28],[-30,1],[-16,-38],[-37,0],[-57,-16],[-45,20],[-24,-24],[-7,-25],[31,-13],[-9,-54],[19,-17],[14,-35],[-62,-17],[-36,-17],[17,-13],[-10,-46],[-31,-9],[6,-35],[-12,-40],[-68,23],[-22,-10],[-15,68],[-24,46],[-67,20],[-17,74],[3,16],[-24,18],[-13,22],[-22,8],[-18,-38],[-20,-68],[-1,-41],[-23,-10],[-22,-49],[-57,-7],[-10,95],[1,27],[-13,27],[30,33],[-33,13],[-59,-13],[-9,3],[-42,-11],[-26,5],[14,-69],[-11,-77],[-42,8],[-38,2],[-46,-12],[-9,-91],[2,-54],[16,-34],[-11,-7],[-94,-1],[-23,-10],[8,-17],[-43,-3],[-44,-13],[-10,-69],[-19,-47],[-3,-20],[-71,-1],[-24,-10],[-35,6],[-13,-15],[-95,-12],[-45,10],[-18,-4],[2,-71],[25,-67],[7,-42],[76,-17],[12,-57],[-4,-11],[-66,-10],[-11,-39],[8,-27],[58,11],[41,-1],[1,-20],[-23,-21],[-61,-30],[-68,-13],[2,-45],[8,-3],[-1,-71],[47,8],[47,3],[37,-3],[-8,-113],[-12,-35],[-8,-46],[67,-12],[89,-9],[10,-67],[-53,-13],[-39,-77],[-7,-30],[-99,-1],[1,33],[-28,75],[-3,25],[-25,-2],[-30,-10],[-50,-8],[-7,-12],[21,-21],[-3,-20],[-141,7],[-15,86],[-23,3],[-49,-4],[-5,34],[-16,3],[-2,24],[-53,-10],[3,-35],[-58,-11],[-55,6],[-54,-17],[-35,-20],[8,-53],[23,-59],[6,-31],[-16,-27],[-38,8],[-9,138],[-65,23],[-36,20],[-45,40],[-68,-19],[-36,-38],[10,-9],[-18,-48],[-33,-12],[-17,10],[-34,64],[-25,5],[-59,-14],[-34,-2],[-46,8],[-14,-4],[-36,-45],[-53,-9],[-52,1],[-69,-22],[-50,-23],[-27,7],[-41,51],[-24,21],[-42,14],[-15,34],[16,47],[-3,85],[-7,21],[-31,36],[-16,-2],[-12,-18],[2,-48],[-44,-39],[-17,4],[-11,57],[-16,24],[-65,33],[-31,-2],[-8,-12],[-2,-36],[-16,-36],[4,-45],[-3,-29],[-33,-18],[-46,8],[-36,17],[-28,34],[-14,55],[-10,11],[-41,4],[-52,35],[-24,9],[-44,-35],[-43,-8],[-49,7],[-25,25],[-18,56],[1,56],[-13,20],[-62,9],[-29,36],[-51,21],[-19,-48],[-20,-11],[-21,-67],[-8,-48],[-22,-13],[16,-34],[7,-60],[-15,7],[-53,-22],[-66,-13],[10,-25],[13,-81],[49,-17],[50,-4],[8,-26],[-1,-39],[-28,-65],[63,-33],[11,-33],[16,-15],[0,-23],[82,0],[12,-35],[3,-81],[11,-80],[-21,-29],[-41,-24],[-13,-32],[-39,0],[-10,-38],[10,-48],[21,-19],[37,-44],[14,-30],[3,-62],[75,1],[0,-48],[12,-20],[-9,-14],[18,-42],[-6,-43],[-56,-3],[-34,-24],[-32,-64],[36,-18],[62,19],[-6,-95],[-8,-51],[2,-46],[19,-13],[11,-34],[-16,-12],[-51,-1],[-23,-10],[-9,-15],[-27,12],[-4,36],[-17,7],[-74,3],[-14,75],[3,34],[-48,4],[-63,12],[-25,-2],[-4,-91],[6,-50],[-15,5],[-82,-7],[-34,13],[-67,-63],[-70,-20],[1,37],[-7,38],[-14,29],[-58,18],[-2,23],[-82,-20],[-47,-52],[-54,25],[-68,20],[-80,-27],[-60,-46],[-30,-6],[-57,-1],[-29,4],[-75,-4],[-53,2],[0,-109],[12,-45],[24,-19],[-27,-78],[-31,-37],[-28,-21],[-47,6],[-46,11],[-34,-82],[-50,-4],[-103,4],[2,37],[19,69],[-42,-25],[-65,2],[-72,21],[-14,49],[9,17],[-50,26],[-10,36],[-43,-2],[-30,4],[-14,40],[1,46],[-10,38],[-40,-9],[-11,4],[-34,-26],[-55,1],[-24,-9],[-18,-22],[-25,-5],[-13,27],[6,14],[-77,8],[-12,11],[-38,8],[-66,-7],[-19,-8],[11,-20],[-24,-5],[-4,-40],[-34,21],[-4,15],[-35,15],[-50,-14],[-5,-31],[42,-20],[-4,-13],[40,-30],[35,-2],[13,-14],[17,17],[-11,-98],[-54,0],[-30,-7],[-2,-27],[-33,4],[3,-27],[-53,0],[-32,-5],[20,-41],[10,-49],[-6,-39],[5,-19],[3,-94],[30,-53],[-108,-6],[-64,9],[-11,-32],[-22,6],[-34,22],[-18,-36],[-156,-27],[-10,-19],[-33,10],[-39,3],[-18,-23],[-31,-12],[-26,-34],[-53,-24],[-17,-17],[-90,-12],[-50,2],[-11,-22],[7,-43],[-2,-31],[-29,-1],[1,-17],[26,2],[2,-16],[-35,-11],[1,-23],[-48,-2],[-27,-74],[-13,-14],[28,-27],[26,-4],[25,-20],[41,-23],[1,-22],[-22,-12],[-28,10],[-46,-21],[-23,4],[-39,22],[-22,-11],[-10,-23],[-1,-29],[10,-26],[-25,-20],[-21,8],[-48,-37],[-32,-15],[-39,5],[-15,-24],[-27,2],[-23,-18],[-29,31],[-18,4],[5,31],[30,21],[6,17],[-27,31],[-52,2],[0,56],[-3,47],[6,29],[-68,-6],[-82,-1],[-33,-11],[-25,18],[-28,40],[-1,24],[-11,31],[-53,-30],[-5,-26],[13,-38],[25,-36],[3,-59],[-11,-8],[-96,-11],[-31,-18],[-19,-31],[-82,-10],[-4,-36],[-11,-27],[-19,-14],[6,-30],[-5,-48],[-29,-26],[-21,18],[-47,19],[-11,56],[-34,-6],[-20,-23],[-16,1],[-28,25],[-31,-6],[-5,-28],[-5,-136],[-29,-1],[-23,89],[-27,10],[-16,-23],[-21,15],[1,33],[-35,22],[-22,-27],[18,-57],[23,-4],[7,-54],[-43,-13],[-45,-1],[-17,-13],[29,-22],[16,-33],[47,18],[0,28],[18,36],[38,0],[4,-63],[-11,-23],[1,-52],[27,5],[32,-31],[24,-7],[61,9],[-6,-27],[22,-6],[-11,-26],[13,-30],[-27,-32],[22,-58],[33,13],[63,0],[0,-24],[-15,-22],[-6,-26],[-12,-6],[-1,-51],[-21,6],[-5,29],[-22,46],[-12,9],[-28,-7],[0,-28],[-29,-38],[18,-46],[-23,-15],[32,-35],[-28,1],[-7,-22],[20,-6],[-18,-21],[11,-14],[25,3],[12,-13],[-23,-13],[53,-45],[5,-31],[-24,-13],[-24,11],[-23,-28],[14,-42],[31,-10],[56,22],[10,26],[-27,15],[32,16],[28,-23],[18,-62],[16,-17],[26,1],[-1,30],[20,20],[74,20],[28,-11],[-1,-29],[6,-43],[62,2],[18,-25],[47,7],[4,-31],[43,-12],[32,34],[28,-24],[16,-29],[15,1],[27,-31],[-23,-29],[1,-14],[35,-43],[0,-26],[-13,-11],[-32,-5],[-14,-30],[-4,-67],[-27,-27],[15,-22],[3,-27],[17,-57],[1,-41],[-21,-24],[-12,-27],[-30,6],[-40,30],[-8,13],[-63,8],[-39,19],[-64,-32],[-10,-29],[-58,-13],[6,-27],[-28,5],[-6,-12],[-33,-3],[0,-28],[-25,-38],[43,-10],[-10,-28],[-18,-25],[40,-12],[72,35],[12,19],[32,12],[62,11],[33,-20],[28,3],[21,-18],[17,5],[4,-33],[-27,-67],[-30,-54],[-14,-38],[5,-17],[-29,-67],[-25,-46],[-53,-60],[-15,-9],[-42,-55],[-31,-31],[23,-17],[11,-65],[-14,-6],[17,-28],[32,-22],[-3,-26],[-29,-14],[-37,28],[-13,1],[-10,54],[-13,22],[-35,27],[-11,-55],[-17,-5],[-42,-35],[1,-38],[75,-1],[52,-5],[4,-29],[-60,-47],[-13,-37],[26,-13],[1,-51],[-11,-32],[-28,-33],[-47,-36],[-76,26],[-14,-21],[-2,-26],[-30,-12],[-6,-21],[-76,-22],[-41,24],[-18,19],[-50,-32],[-48,-5],[-40,41],[-5,22],[6,29],[21,22],[-3,23],[-19,11],[-65,-24],[-11,-44],[-14,-30],[-41,-22],[-95,-2],[-28,-26],[-8,-25],[-31,-5],[-27,-15],[-11,-22],[-17,3],[3,-45],[17,-16],[0,-40],[-20,-41],[-39,-21],[-39,-8],[-40,8],[-10,-16],[20,-22],[32,-18],[25,0],[25,-19]],[[20549,29341],[-18,-20],[-62,-14],[-38,-25],[-46,-19],[-11,4],[-61,-18],[-58,-6],[-15,-19],[-4,-22],[-20,-12],[-60,18],[-42,-1],[-40,52],[-28,0],[-12,26],[-20,21],[-1,21],[23,40],[-16,37],[1,69],[-24,26],[-33,-5],[17,50],[-21,22],[-14,27],[-10,47],[-16,5],[-65,1],[-21,12],[-33,-11],[-21,12],[-51,3],[-20,31],[14,17],[12,34],[-21,10],[-26,25],[5,39],[-37,14],[-13,-12],[-9,-27],[-35,-47],[-6,-24],[-29,-13],[4,-36],[-19,-37],[-28,-7],[-23,11],[-15,-16],[-29,-11],[-28,-1],[-12,-29],[-41,9],[-50,21],[-56,4],[-32,-24],[-6,-23],[-24,-2],[-12,12],[-33,4],[-28,-9],[-29,-1],[-20,22],[-40,0],[-5,-8]],[[19038,29588],[-12,22],[-24,21],[-39,13],[42,35],[-18,62],[-39,100],[-42,43],[9,10],[-34,91],[-33,36],[-20,-12],[-14,56],[-20,43],[-15,8],[-8,32],[-17,15],[-18,31],[-61,10],[-4,19],[-58,25],[-35,34],[-19,3],[-8,-17],[-39,19],[-38,11],[-21,29],[-1,45],[-47,77],[5,70],[-27,89],[-28,28],[-24,5],[0,23],[-37,2],[1,30],[24,10],[5,34],[-27,14],[5,42],[-10,117],[-13,53],[-22,66],[-21,89],[-14,29],[-28,6],[-8,76],[-17,59],[-16,15],[-14,82],[24,50],[-36,-10],[-11,41],[-21,12],[-21,44],[11,12],[-16,47],[-19,23],[13,27],[-9,33],[23,-7],[50,6],[-4,10],[-45,0],[-21,10],[-12,-14],[-33,3],[-21,14],[10,30],[-7,23],[18,20],[55,28],[13,-16],[20,-4],[15,18],[1,28],[24,18],[29,-7],[55,4],[15,8],[55,3],[-6,13],[-123,-9],[-46,12],[-16,-38],[-20,-10],[-24,3],[-34,-19],[-44,6],[-2,47],[-8,26],[-15,14],[3,28],[-15,43],[-15,1],[-14,42],[-15,25],[3,26],[-39,48],[-12,61],[-12,25],[-18,14],[-2,37],[-21,18],[6,29],[16,21],[22,7],[5,17],[25,4],[-12,60],[-29,23],[-8,47],[1,30],[33,2],[35,-14],[25,28],[14,0],[2,34],[-55,-9],[-6,20],[26,8],[-4,28],[-40,12],[15,32],[-8,121],[-43,33],[5,22],[-14,31],[-15,12],[-3,33],[-15,10],[7,64],[-7,5],[-1,53],[9,17],[2,32],[33,45],[-7,39],[-40,7],[-30,25],[6,20],[-12,54],[-9,14],[8,53],[23,2],[-21,31],[-22,12],[-3,27],[31,24],[25,8],[-35,24],[-36,-20],[-8,41],[23,37],[-14,27],[1,22],[17,10],[-21,54],[36,19],[10,37],[2,56],[-20,15],[-39,14],[-24,-22],[-12,14],[21,18],[32,16],[1,31],[-20,37],[-34,12],[-12,-14],[-26,4],[5,30],[-6,39],[8,18],[33,-12],[28,-31],[37,59],[6,68],[-17,18],[8,26],[-3,42],[-10,42],[-51,-3],[17,27],[-14,34],[-16,76],[-36,113],[-61,18],[2,26],[39,-19],[-10,89],[-16,17],[-17,-1],[-10,22],[6,15],[-24,56],[-19,18],[7,15],[-36,31],[-29,-17],[-10,42],[7,18],[-18,9],[-24,43],[26,5],[28,-19],[13,14],[33,-2],[13,-9],[-2,-25],[7,-33],[31,10],[38,-6],[11,40],[-25,3],[-7,24],[15,14],[-8,21],[-16,13],[-25,2],[-37,32],[25,25],[-39,32],[21,23],[-22,34],[6,22],[-23,4],[3,19],[-14,25],[-47,11],[-31,-11],[-28,17],[-25,44],[25,9],[42,29],[-7,10],[4,35],[45,38],[-46,10],[2,29],[-10,13],[33,29],[-3,18],[-41,101],[0,29],[-27,31],[-43,39],[-19,-6],[-6,25],[-37,30],[-15,34],[7,38],[44,21],[10,-20],[30,11],[12,20],[26,-11],[4,29],[-54,27],[-19,3],[-24,20],[-41,51],[-11,46],[-22,34],[27,21],[-13,43],[-31,28],[-20,50],[-6,30],[10,27],[26,6],[11,16],[28,10],[-17,73],[-19,41],[-4,34],[-10,13],[-62,152],[-26,29],[-18,7],[12,41],[-20,38],[6,25],[-27,50],[-2,22],[-22,29],[-13,52],[-26,0],[-37,47],[10,38],[-8,31],[8,18],[-61,11],[-20,21],[-10,26],[14,33],[-8,32],[34,29],[-17,8],[-14,31],[-16,-5],[-19,14],[-15,47],[-28,14],[-14,31],[49,18],[-34,79],[-23,14],[-28,-11],[-14,18],[33,61],[-24,65],[-16,27],[-28,17],[-1,16],[-27,63],[37,21],[24,65],[-37,112],[7,13],[-15,18],[-26,12],[-10,18],[-27,25],[-38,14],[-47,-15],[9,31],[23,20],[-4,26],[7,16],[-11,44],[-8,51],[1,30],[37,5],[19,-24],[32,9],[26,-35],[8,-27],[-18,-20],[17,-24],[5,-27],[28,0],[34,16],[56,1],[31,-25],[55,-23],[12,-15],[20,-1],[48,-30],[26,-8],[12,-20],[-25,-17],[-22,2],[-13,-20],[7,-30],[-8,-22],[21,-14],[23,-53],[32,-38],[19,9],[56,-39],[35,-1],[-14,27],[-2,29],[-15,12],[-6,23],[-44,10],[3,27],[-15,15],[-5,74],[32,25],[2,24],[-20,1],[-1,29],[-10,23],[-26,13],[-25,27],[-6,20],[17,20],[23,5],[-15,49],[-55,9],[-6,58],[7,12],[42,-9],[86,-35],[-18,40],[-7,36],[28,45],[61,1],[14,12],[-85,21],[-19,-25],[-19,-53],[-43,-22],[-35,6],[-19,21],[-19,-9],[-12,-26],[-7,-37],[15,-3],[9,-32],[30,-30],[-11,-15],[-48,-9],[-27,0],[-17,23],[1,21],[-17,20],[-35,8],[-35,-5],[-6,-28],[-14,-5],[-5,39],[-10,3],[-23,42],[-40,4],[-1,23],[-34,35],[-19,51],[-72,55],[-34,-13],[-16,5],[-21,55],[12,18],[33,6],[8,28],[-3,22],[-15,19],[-30,0],[-22,57],[8,40],[-14,20],[10,11],[-9,32],[-20,46],[-13,6],[4,32],[18,25],[-1,42],[14,46],[21,17],[0,40],[-12,40],[31,-3],[48,22],[-23,24],[-10,39],[-40,71],[-47,102],[-25,40],[-21,59],[-37,3],[-21,39],[-4,50],[-13,71],[-14,24],[29,90],[-7,65],[16,46],[-13,48],[4,79],[12,15],[-14,18],[-183,294],[-20,15],[-5,21],[10,24],[20,-3],[16,23],[4,23],[14,16],[6,31],[-23,39],[-30,12],[-51,-44],[-4,26],[37,52],[7,33],[32,23],[-12,18],[1,43],[18,37],[61,45],[13,26],[0,31],[-15,20],[-35,-23],[-22,5],[20,43],[-6,66],[11,11],[8,52],[-12,49],[-31,60],[-23,27],[-19,11],[-18,-22],[-26,-15],[1,70],[-26,27],[27,39],[19,6],[5,73],[-20,-5],[-30,8],[12,31],[-16,16],[4,20],[-18,16],[-3,17],[14,15],[-2,26],[13,41],[3,51],[-15,35],[14,9],[11,91],[22,9],[22,66],[-68,69],[-15,23],[-54,48],[-7,13],[10,38],[21,26],[-16,5],[-15,83],[-45,132],[21,9],[41,31],[33,39],[-17,51],[2,19],[-33,4],[-54,27],[-16,42],[-20,-8],[-27,60],[-13,65],[-13,26],[0,66],[22,-3],[32,16],[25,-7],[9,-18],[19,8],[7,19],[35,10],[30,-10],[45,14],[-28,40],[1,24],[-22,3],[-40,-19],[-33,-6],[-7,-39],[-19,-13],[-32,12],[7,23],[-14,37],[7,21],[36,-3],[1,-17],[35,-5],[10,25],[-19,45],[1,22],[-19,11],[-23,-13],[-14,-25],[13,-30],[-33,13],[-23,36],[-18,4],[-8,34],[-1,43],[-11,14],[-2,36],[14,11],[0,28],[-10,45],[-47,56],[33,0],[-1,30],[-33,1],[-13,11],[-18,62],[11,36],[-4,39],[14,47],[-19,16],[-34,52],[-29,15],[-43,47],[11,39],[21,0],[37,17],[-8,15],[18,23],[17,8],[39,-21],[-22,43],[-23,13],[3,43],[-7,35],[-13,11],[1,39],[-8,23],[-33,30],[13,15],[47,24],[27,51],[32,-1],[15,23],[38,5],[-4,-25],[43,-23],[-25,-10],[25,-51],[-1,-17],[31,-16],[10,-25],[-13,-19],[38,-25],[6,49],[25,-24],[11,-38],[-6,-31],[16,-19],[17,54],[34,4],[-16,47],[-19,31],[5,28],[20,21],[3,19],[-25,30],[-34,-22],[-9,12],[11,28],[43,11],[10,15],[-13,32],[-35,22],[-40,-17],[-6,-28],[-14,-1],[-4,38],[-35,-7],[4,23],[-19,4],[-8,21],[-14,68],[-13,24],[10,19],[-8,16],[0,37],[-15,39],[-9,50],[10,26],[52,9],[12,39],[9,4],[15,60],[2,72]],[[15839,44125],[55,-13],[74,3],[64,-30],[-3,24],[-19,30],[4,32],[73,10],[17,-24],[17,-1],[8,33],[-19,6],[9,26],[2,40],[-10,24],[13,14],[45,16],[-11,13],[27,41],[76,-5],[-8,57],[40,11],[29,-4],[36,-22],[12,18],[21,7],[30,-15],[25,2],[60,-25],[56,-2],[42,-22]],[[16604,44369],[-6,-29],[6,-52],[52,-12],[-12,-29],[2,-45],[-34,-50],[-12,-30],[13,-26],[15,-6],[11,-32],[70,10],[19,83],[22,-20],[25,-8],[3,-15],[-36,-17],[-12,-17],[10,-26],[23,-11],[20,-39],[27,-21],[5,-18],[17,-10],[38,-47],[44,-9],[0,82],[11,32],[29,-2],[49,-13],[18,-11],[72,-9],[7,-35],[12,-11],[31,14],[18,-3],[24,13],[52,-28],[20,-1],[10,-25],[29,-18],[21,-26],[44,-6],[32,2],[-19,27],[6,60],[28,-6],[24,11],[30,40],[-2,31],[8,62],[-15,4]],[[17453,44077],[22,27],[3,26],[26,12],[3,-46],[63,5],[14,-16],[19,14],[-2,36],[37,7],[45,29],[7,13],[5,47],[-1,76],[7,27],[17,-1],[27,31],[18,8],[50,-23],[33,10],[35,-18],[23,-3],[14,35],[37,9],[9,-23],[-18,-22],[39,-11],[-1,27],[32,3],[9,19],[27,-1],[0,-46],[18,-9],[10,17],[41,-11],[34,9],[17,27],[-16,20],[5,34],[-15,6],[-10,46],[18,65],[-10,18],[4,34],[14,-3],[30,16],[-14,50],[-10,14],[1,33],[-17,35],[10,40],[-14,18],[-17,43],[15,11],[-7,39],[-18,31],[0,33],[-24,4],[-50,-44],[-15,21],[-1,54],[29,15],[20,-8],[12,26],[23,19],[26,4],[5,16],[32,21],[-8,19],[8,23],[17,20],[9,37],[16,12],[32,63],[39,11],[5,38],[34,22],[-3,42],[12,39],[77,49],[-1,14],[-55,7],[-4,7],[13,54],[-17,74],[-35,22],[-21,1],[-29,14],[-46,-3],[-23,10],[-4,36],[-14,23],[2,20],[-14,23],[-37,-3],[-8,30],[-44,17],[-7,27],[12,12],[35,8],[23,21],[25,-2],[32,9],[15,15],[-5,31],[39,11],[16,38],[-26,25],[14,33],[27,21],[22,2],[26,17],[27,-5],[4,-37],[15,-7],[14,-27],[-1,-24],[21,-17],[-20,-54],[17,-47],[21,-7],[22,27],[8,29],[23,-15],[23,5],[14,26],[32,-5],[67,-84],[24,-10],[14,16],[25,4],[56,-31],[47,-18],[43,-36],[17,-27],[16,-10],[18,-60],[-1,-38],[16,-17],[26,-7],[41,-30],[4,-13],[37,-7],[22,3],[47,31],[41,19],[6,-9],[62,2],[105,-26],[28,7],[25,15],[6,38],[14,1],[25,41],[56,19],[30,-15],[18,20],[46,23],[22,-5],[25,23],[19,5],[-19,64],[0,29],[22,33],[-20,26],[-9,27],[-46,-10],[-1,23],[-17,43],[47,29],[33,5],[13,-14],[39,-7],[41,24],[20,56],[20,32],[30,11],[39,-6],[35,-20],[42,-1],[2,16],[58,22],[25,19],[-2,51],[-33,9],[10,42],[-6,63],[11,32],[-14,23],[20,16],[14,32],[-9,49],[-35,13],[-19,29],[-4,37],[8,18],[3,68],[-10,8],[-18,56],[-56,39],[-44,52],[14,67],[22,15],[31,-2],[4,15],[-20,26],[-7,33],[-43,-7],[-71,20],[-114,74],[-66,49],[-67,69],[52,46],[1,14],[-11,73],[-46,-43],[-47,-24],[-55,16],[-65,27],[-52,16],[11,54],[-61,24],[-32,8],[-10,33],[-48,-58],[-40,26],[-87,-4],[-18,45],[-53,7],[-43,-16],[-22,65],[-23,20],[-22,41],[-69,-20],[-6,20],[22,15],[-19,22],[55,22],[21,24],[23,-10],[-3,-22],[7,-43],[22,-10],[54,-8],[-9,-34],[54,-12],[49,21],[25,4],[-3,20],[30,4],[21,-9],[78,7],[-2,-25],[32,-3],[23,-15],[54,5],[14,26],[-26,50],[36,8],[60,-1],[49,-9],[36,31],[6,32],[32,-10],[31,-19],[44,-3],[13,41],[21,0],[1,45],[-37,-10],[-14,40],[2,72],[57,29],[-4,40],[-17,30],[3,14],[38,18],[49,13],[51,-8],[54,-21],[50,16],[30,24],[20,2],[46,36],[37,5],[32,30],[-1,83],[12,60],[11,25],[-15,98],[-2,63],[27,-16],[60,6],[29,34],[84,33],[20,18],[51,-16],[72,4],[13,14],[-2,39],[6,17],[-10,27],[53,53],[2,32],[26,-8],[17,-28],[-7,-22],[73,-3],[21,-27],[53,16],[2,31],[24,15],[34,-2],[7,-32],[42,6],[38,35],[56,-1],[22,3],[4,-26],[15,-10],[31,9],[42,4],[-2,16],[18,48],[70,2],[5,-47],[60,-1],[8,30],[73,9],[9,11],[82,17],[0,38],[57,-3],[4,71],[-3,30],[16,23],[17,-3],[4,29],[-5,29],[-56,-7],[-37,5],[0,48],[-28,8],[-64,-24],[6,-28],[-32,-3],[-7,-33],[-10,-9],[-94,-1],[-3,38],[-59,-21],[-6,-12],[-53,-28],[-18,17],[-25,10],[-32,33],[-10,18],[1,42],[-62,0],[-12,-40],[-51,-4],[-5,-22],[-61,9],[-34,14],[-39,0],[-3,-14],[-34,-1],[-52,-11],[-42,8],[-57,-16],[-45,0],[-32,15],[-33,-3],[-24,-12],[-20,-22],[-17,13],[-36,-8],[-29,8],[2,-27],[21,-23],[5,-19],[-50,3],[-18,15],[-8,46],[-18,-3],[4,-50],[-13,-22],[-69,-21],[-10,36],[-45,-13],[-39,17],[4,-28],[-123,-49],[-55,-12],[-35,49],[-28,27],[-8,57],[-17,24],[-15,64],[-20,52],[-17,74],[-44,4],[-39,39],[-22,10],[-4,32],[27,19],[82,20],[5,10],[55,-2],[17,-27],[14,-3],[42,40],[29,-12],[48,18],[38,20],[30,59],[-7,67],[-18,49],[-18,27],[-45,11],[-33,28],[-23,32],[-18,4],[-34,31],[-12,28],[-22,8],[-9,22],[27,22],[-9,49],[25,6],[-8,16],[-21,-1],[-7,62],[-61,-4],[-11,29],[-31,19],[43,43],[62,17],[99,1],[54,-6],[63,48],[37,7],[31,-2],[68,24],[53,32],[69,33],[216,89],[51,39],[31,14],[80,16],[60,18],[49,22],[98,23],[11,-15],[23,20]],[[20646,50120],[36,-7],[50,-33],[33,-37],[42,-12],[39,1],[139,16],[55,10],[64,-3],[34,32],[10,49],[16,25],[35,24],[110,5],[32,13],[43,47],[43,27],[26,52],[23,18],[86,11],[56,18],[20,-12],[19,-48],[31,-27],[-24,-11],[-13,7],[-10,-68],[3,-18],[48,-48],[26,-2],[11,16],[35,-18],[50,-17],[5,-14],[34,-41],[27,-6],[14,-17],[-11,-38],[50,-30],[-4,-41],[-31,-30],[1,-90],[-14,-110],[-11,-43],[-22,-31],[-4,-51],[9,-33],[42,-51],[-3,-30],[-15,-23],[10,-16],[-3,-32],[-10,-26],[17,-29],[81,-4],[38,4],[28,-48],[-4,-44],[27,-24],[61,-1],[11,-33],[-6,-27],[118,-14],[23,-13],[100,-8],[39,-7],[23,-22],[13,3],[31,-30],[11,-19],[19,4],[27,-18],[165,-31],[89,-8],[29,-16],[21,6],[30,-8],[4,14],[27,-1],[27,-15],[46,1],[6,25],[32,18],[34,3],[24,11],[19,24],[21,-9],[113,-9],[29,-47],[85,-29],[150,-35],[67,-32],[76,-39],[-4,-17],[108,-7],[130,-168],[-4,-49],[35,-52],[10,-33],[20,-27],[0,-14],[62,-43],[61,-25],[82,-27],[41,-10],[93,-59],[49,-14],[19,17],[41,-2],[34,-31],[28,-3],[22,15],[64,2],[41,19],[22,-10],[-9,-35],[6,-29],[25,4],[30,-15],[35,10],[35,3],[51,-4],[19,34],[30,-14],[56,-57],[54,2],[34,24],[37,1],[25,11],[19,-16],[28,-6],[22,18],[37,-8],[35,10],[27,-13],[63,-3],[7,6],[57,-17],[24,16],[19,-23],[54,-36],[39,21],[48,-4],[41,8],[-25,17],[66,16],[35,2],[20,15],[32,-12],[3,-24],[24,-19],[49,6],[16,-4],[49,10],[42,-14],[47,18],[13,14],[53,13],[52,-12],[31,13],[27,0],[54,-12],[10,-17],[94,14],[71,2],[36,-18],[68,-8],[28,26],[23,-10],[18,6],[28,-11],[18,12],[24,30],[56,6],[13,-11],[29,2],[27,-31],[62,14],[44,-3],[36,13],[37,0],[80,-69],[96,-4],[50,-9],[63,-52],[163,73],[70,-123],[15,-36],[15,-82],[12,-38],[49,-3],[13,-57],[43,-49],[-21,-13],[-5,-20],[-25,1],[-16,-21],[5,-32],[18,0],[65,-21],[-7,-49],[30,-5],[-20,-19],[-3,-29],[26,-7],[12,-14],[-17,-14],[1,-44],[-22,10],[-111,0],[-2,21],[-45,-14],[-30,-34],[21,-34],[22,-18],[23,-33],[8,-32],[12,-17],[58,-41],[16,3],[45,-23],[-4,-28],[11,-15],[-17,-12],[-2,-21],[45,5],[40,20],[39,-5],[25,7],[37,-8],[26,11],[51,8],[52,-1],[44,-5],[23,-62],[31,1],[20,10],[81,-2],[70,-5],[36,15],[54,0],[20,-11],[35,9],[8,19],[23,16],[78,8],[-7,46],[67,-1],[25,-6],[11,20],[51,5],[-15,42],[17,13],[4,28],[40,2],[-5,34],[36,12],[7,114],[44,39],[29,-21],[25,10],[71,-28],[19,14],[52,18],[35,23],[16,3],[39,-12],[76,-17],[49,8],[33,-27],[45,53],[-8,41],[6,36],[20,42],[26,25],[41,-13],[4,131],[-34,46],[-29,30],[-77,95],[118,86],[27,16],[64,50],[107,59],[41,28],[48,21],[-8,37],[7,31],[15,27],[30,10],[36,33],[45,15],[31,25],[7,43],[20,5],[6,32],[-50,53],[-28,1],[-32,49],[23,21],[30,5],[32,21],[4,16],[-23,29],[-6,41],[10,43],[24,25],[9,34],[20,10],[95,-22],[21,3],[23,18],[11,38],[20,18],[19,6],[49,-16],[57,-28],[40,-13],[39,22],[14,30],[54,42],[47,25],[38,33],[73,37],[8,14],[48,26],[15,18],[42,30],[22,7],[38,26],[31,11],[29,21],[64,24],[25,34],[29,9],[27,-19],[75,13],[31,10],[42,3],[35,-9],[27,-23],[60,-6],[16,15],[-2,23],[23,12],[52,-17],[0,-27],[-10,-37],[36,-12],[14,-16],[25,-10],[8,17],[21,-3],[30,18],[-3,57],[17,-6],[43,5],[15,-8],[38,0],[33,44],[59,-18],[14,36],[-24,13],[11,26],[-25,15],[2,31],[32,5],[39,-15],[50,3],[27,-12],[72,16],[48,-12],[159,-5],[39,3],[33,12],[55,8],[45,2],[15,11],[62,22],[3,-53],[47,-22],[25,-2],[38,-48],[38,-28],[6,-35],[22,-3],[37,-20],[22,-46],[10,-38],[9,-5],[27,-44],[5,-71],[30,-50],[11,-28],[-10,-12],[13,-132],[-8,-43],[10,-29],[20,-5],[43,19],[45,-37],[11,-32],[-57,-39],[-21,4],[-47,-5],[-95,34],[-35,0],[-57,16],[-41,31],[-18,5],[-35,-8],[-71,-1],[-22,12],[-37,1],[6,-25],[-24,-16],[-31,11],[-50,-22],[-10,-15],[-1,-54],[20,-34],[26,-26],[25,-38],[-15,-29],[10,-23],[65,-19],[43,-38],[3,-25],[-9,-35],[17,-14],[10,-38],[27,-47],[0,-76],[14,-29],[36,10],[42,-4],[8,27],[22,16],[28,99],[39,-26],[16,-19],[37,-18],[16,-22],[-23,-31],[21,-28],[3,-20],[38,2],[32,-11],[11,-12],[56,-2],[15,10],[-16,80],[32,9],[15,-16],[48,4],[43,-6],[20,17],[17,-15],[41,-13],[-8,-30],[18,-19],[27,22],[49,73],[17,-16],[-6,-46],[18,-17],[15,11],[18,-64],[52,15],[40,1],[10,8],[23,49],[12,11],[38,7],[31,-5],[89,18],[6,52],[9,15],[74,-7],[39,-17],[45,-31],[33,-14],[45,-3],[47,-11],[13,-21],[48,-2],[85,28],[49,0],[5,36],[67,17],[64,2],[29,10],[32,24],[35,6],[71,23],[55,39],[68,14],[63,29],[49,39],[50,16],[40,20],[37,27],[82,40],[56,32],[-6,28],[27,12],[-38,45],[14,9],[-9,35],[5,28],[26,33],[80,-14],[61,0],[30,12],[26,21],[23,-2],[94,26],[-47,31],[14,40],[37,2],[20,-22],[34,-6],[41,1],[3,-45],[57,6],[28,16],[48,39],[10,-25],[33,-26],[35,9],[42,25],[13,27],[-13,37],[-19,35],[67,2],[12,-22],[31,5],[40,-26],[37,-9],[-19,-25],[-8,-31],[1,-26],[19,-11],[10,-35],[-10,-55],[29,-24],[-10,-35],[26,-23],[-21,-11],[12,-46],[12,6],[60,-21],[13,24],[50,-8],[1,16],[38,-1],[27,38],[20,0],[14,32],[24,6],[63,-17],[36,1],[65,-34],[35,3],[-8,-28],[60,-63],[81,7],[31,-22],[7,-14],[29,-8],[44,31],[59,-11],[26,-15],[14,10],[59,6],[65,-27],[15,-13],[56,-24],[19,23],[41,2],[-3,28],[21,47],[52,-11],[2,-22],[32,-57],[10,13],[4,31],[22,2],[11,22],[21,-2],[31,16],[33,1],[18,-11],[34,9],[38,-10],[52,20],[24,-1],[62,-21],[32,-4],[15,43],[13,8],[62,-27],[25,-18],[41,-4],[9,26],[6,58],[11,15],[-26,21],[-32,0],[-7,61],[-23,21],[-21,6],[1,21],[17,19],[34,-5],[14,17],[-61,21],[9,66],[36,-2],[9,8],[52,0],[68,40],[33,28],[3,14],[39,-5],[40,10],[15,-42],[32,-23],[24,10],[24,-3],[53,10],[14,-7],[59,-2],[32,10],[53,-4],[16,-8],[34,0],[-9,53],[40,21],[40,9],[22,-2],[14,24],[26,0],[33,24],[31,-10],[7,27],[-30,3],[31,40],[168,-30],[40,-3],[2,24],[23,3],[-1,44],[-28,19],[-7,20],[1,40],[19,31],[34,28],[-18,34],[125,-23],[34,-19],[9,-26],[35,-30],[24,1],[50,-16],[41,-1],[74,-14],[21,-15],[85,-3],[47,-13],[33,10],[11,20],[24,8],[14,17],[44,-4],[23,-22],[50,-3],[38,18],[69,-32],[52,-12],[4,-35],[13,-11],[2,-30],[21,-56],[28,-10],[2,-34],[-38,-3],[-6,-19],[23,-25],[-1,-34],[7,-40],[21,-12],[37,-4],[48,-41],[1,-28],[-18,-23],[7,-28],[92,15],[37,-20],[25,6],[31,19],[19,2],[57,25],[77,-14],[45,11],[21,29],[6,39],[50,18],[29,-5],[27,5],[30,36],[45,-4],[39,13],[29,25],[28,-1],[43,-25],[66,-17],[55,-10],[63,-44],[45,-41],[33,-49],[71,-22],[38,-30],[34,-4],[31,-12],[26,-26],[25,20],[43,-5],[30,6],[12,57],[26,35],[27,13],[36,-8],[39,12],[41,0],[34,-32],[24,-36],[41,-11],[68,44],[37,28],[30,4],[50,-11],[36,1],[23,10],[62,59],[37,50],[31,3],[21,10],[7,50],[35,9],[58,-20],[30,3],[21,16],[29,36],[54,16],[27,28],[37,2],[28,-10],[28,-38],[52,3],[36,-7],[27,14],[41,-18],[22,-19],[24,-52],[47,-12],[7,-40],[10,-21],[17,-3],[44,9],[41,-20],[12,-33],[15,-16],[-18,-28],[45,-30],[41,-9],[70,-42],[6,-28],[22,-57],[0,-27],[26,-9],[-6,-24],[23,-26],[37,-12],[34,-64],[-4,-38],[-41,-39],[13,-22],[-36,-20],[-8,-24],[40,-82],[18,-13],[114,-17],[19,23],[-7,31],[21,34],[18,17],[35,-24],[42,8],[50,-4],[30,-18],[41,5],[33,-16],[17,-18],[18,0],[13,-39],[15,1],[45,-24],[14,2],[20,-25],[-19,-23],[14,-21],[27,11],[43,-11],[-1,-33],[29,-6],[2,-13],[35,-11],[7,11],[36,-25],[27,6],[54,20],[23,-3],[28,23]],[[42862,48080],[38,-28],[23,-34],[13,-6],[-7,-49],[-33,-25],[-30,0],[-10,-33],[-24,-11],[-8,-52],[-21,-40],[-53,-22],[-22,-19],[-11,-25],[-39,-19],[-23,5],[-71,-26],[-34,-42],[-53,-14],[-39,1],[-40,14],[-41,-41],[-9,-33],[-19,10],[-24,-2],[-54,-28],[-20,-17],[-56,11],[-12,-34],[1,-24],[-28,-69],[-27,-52],[32,-8],[-23,-19],[-4,-26],[-25,-27],[6,-22],[18,-19],[3,-66],[24,-41],[-10,-28],[-5,-41],[-36,-12],[-46,-70],[37,-17],[21,-17],[10,-53],[-1,-29],[12,-19],[21,-62],[24,-23],[6,-33],[43,-2],[56,3],[38,7],[51,-5],[53,15],[26,-14],[-1,-22],[22,-39],[27,-78],[-7,-60],[8,-30],[-5,-47],[3,-23],[18,-29],[0,-27],[-9,-37],[-32,-53],[10,-46],[-1,-57],[23,-42],[14,-13],[1,-44],[-10,-26],[25,-62],[28,-13],[21,-20],[20,-47],[-24,-33],[-72,-8],[-24,-9],[-21,-24],[-53,-2],[-32,-9],[-83,-63],[-28,-18],[-8,-25],[-18,-22],[33,-46],[39,-31],[7,-39],[59,-9],[60,15],[19,16],[45,14],[23,31],[55,16],[70,1],[37,-27],[56,-2],[-20,-37],[-18,-10],[27,-25],[-15,-28],[18,-8],[-10,-40],[-28,-19],[21,-56],[-13,-57],[7,-35],[-16,-44],[5,-9],[-12,-84],[-35,-39],[38,-50],[-19,-39],[-27,-21],[-4,-21],[-26,-61],[9,-23],[33,-15],[24,-21],[-4,-17],[17,-23],[3,-39],[37,-61],[-13,-24],[-41,-23],[-73,-1],[-109,-33],[-25,3],[-13,-10],[1,-27],[-48,-56],[-20,-13],[-33,-35],[-62,28],[-35,4],[-60,-11],[-30,-13],[-36,-35],[-68,-21],[-20,4],[-56,-22],[-37,-7],[-10,-24],[35,-62],[57,-37],[-3,-34],[-68,-21],[-16,-54],[-28,-28],[45,-59],[83,-24],[12,-13],[59,0],[29,6],[-2,24],[18,19],[96,-24],[25,6],[34,-3],[20,-25],[66,-17],[41,-35],[32,-11],[1,-22],[-16,-19],[-12,-33],[37,-52],[6,-32],[-25,-49],[5,-46],[-11,-25],[-6,-41],[-11,-35],[25,-33],[-4,-56],[-19,-22],[-17,-7],[-8,-30],[10,-46],[-27,-15],[-4,-26],[-21,-19],[-80,-17],[-38,7],[-28,12],[-6,32],[-20,23],[-25,-9],[-48,30],[-75,-55],[-63,-7],[4,-49],[-16,-36],[21,-17],[33,-16],[18,2],[71,-23],[11,27],[31,1],[22,10],[19,-13],[55,-5],[12,-7],[25,-43],[16,-55],[-21,-3],[-45,-20],[-26,-80],[-18,-6],[-14,-33],[-32,-15],[-66,-42],[-31,-10],[-35,21],[-37,9],[-22,-7],[12,-31],[-20,-28],[11,-8],[66,18],[55,-12],[30,-19],[36,12],[23,0],[5,-16],[39,-20],[11,-33],[26,-4],[4,23],[-5,39],[-17,40],[-32,4],[-23,23],[40,56],[67,1],[13,11],[54,2],[91,-46],[-4,-38],[8,-30],[-18,-45],[5,-26],[30,-33],[32,-16],[32,-5],[8,-15],[28,-13],[18,-32],[41,-3],[22,-11],[18,5],[34,-17],[20,-24],[45,-2],[31,-42],[21,-16],[28,-5],[44,-22],[10,-17],[1,-36],[-10,-102],[-26,-37],[-22,-62],[9,-35],[17,-9],[60,13],[63,3],[29,9],[53,-22],[9,-13],[27,0],[17,-15],[39,-15],[12,-19],[31,-15],[-9,-35],[28,-45],[16,4],[27,-11],[32,7],[32,22],[33,7],[27,-15],[42,-2],[11,-22],[-1,-33],[17,-38],[19,-11],[0,-18],[23,-21],[55,-13],[38,25],[39,-23],[0,-61],[9,-63],[-14,-47],[-41,-50],[-28,-24],[-34,-1],[-74,7],[-43,-13],[-56,-31],[-13,-44],[8,-43],[50,-83],[56,-35],[26,-7],[8,-18],[-23,-28],[-48,-21],[-56,-35],[-18,-5],[-14,-29],[-56,-16],[-53,-31],[-21,-37],[-28,-36],[-31,-15],[-25,6],[-18,-12],[-40,6],[-58,-18],[-67,17],[-4,27],[16,65],[-22,36],[-14,12],[-37,1],[-64,-25],[-15,-18],[-42,-11],[-13,-18],[-32,-7],[-36,13],[-16,28],[-1,26],[-34,44],[-27,42],[3,22],[-8,40],[11,17],[-25,52],[-20,30],[-18,5],[-36,-11],[-45,-42],[-37,-28],[-62,-99],[-46,-18],[-38,3],[-35,-8],[-29,-36],[-23,-60],[-25,-36],[-19,-41],[-12,-50],[-26,-30],[-29,-21],[-63,-22],[-49,-8],[-38,-12],[-25,-40],[-8,-59],[27,-41],[8,-45],[-17,-24],[-141,-71],[0,-26],[-27,-21],[-22,1],[-21,-35],[13,-25],[-2,-25],[18,-26],[13,-41],[-40,-17],[10,-47],[-5,-36],[-33,-13],[-80,-60],[30,-67],[-7,-17],[-42,-45],[-58,-46],[-3,-35],[4,-39],[-6,-45],[-10,-27],[1,-29],[16,-32],[87,-68],[8,-16],[48,-59],[34,-24],[31,-41],[56,-89],[9,-50],[-13,-37],[-26,-7],[-68,-47],[-29,4],[-29,-7],[-31,-20],[-30,-48],[-1,-13],[-45,-26],[-30,10],[-55,2],[-16,-12],[-3,-30],[51,-44],[47,-66]],[[16620,44671],[-36,33],[-10,16],[28,43],[2,13],[54,-3],[14,-15],[4,-28],[-29,-25],[-10,-45],[-17,11]],[[92572,65718],[-48,-71],[-20,-13],[-18,-30],[-54,-22],[-42,1],[-45,-23],[2,-20],[-15,-23],[-49,-18],[-6,-24],[-2,-51],[26,-34],[-21,-14],[-25,-39],[-5,-35],[-45,6],[-12,-21],[-53,-34],[19,-17],[10,-41],[-5,-18],[-33,-35],[-15,-6],[-4,-28],[-12,-16],[-31,-15],[-46,-51],[-4,-28],[-34,-48],[12,-26],[24,14],[41,-3],[36,-37],[31,-43],[-25,-66],[11,-16],[26,-1],[32,-15],[12,-14],[30,-6],[11,-24],[-12,-38],[-22,-29],[-4,-26],[24,-40],[-17,-19],[9,-27],[-12,-56],[20,-15],[0,-29],[-14,-28],[3,-26],[-15,-18],[-3,-33],[19,-47],[-37,-45],[15,-23],[27,-13],[22,-23],[31,-11],[-34,-36],[-34,-50],[14,-26],[-32,-50],[6,-72],[25,-43],[-16,-32],[-19,-17],[7,-42],[42,-19],[40,0],[17,-21],[60,14],[18,-22],[20,-6],[34,-36],[-31,-29],[-46,-58],[-15,-73],[-19,-10],[-29,-37],[-14,-6],[-50,-74],[-34,-10],[-7,-25],[-45,-32],[-17,-33],[-22,-17],[-20,-1],[-35,-28],[-32,2],[-52,-24],[-16,-27],[-39,-3],[-7,-26],[-60,-65],[21,-58],[-30,-19],[-4,-27],[31,-23],[19,-52],[20,-13],[-1,-21],[14,-36],[-1,-29],[47,-42],[10,-29],[-19,-61],[16,-48],[-12,-13],[-15,-44],[-43,-14],[-19,-22],[-37,1],[-27,-9],[-42,-32],[-9,-40],[-55,-45],[-11,-18],[-33,-14],[-46,-37],[-34,-15],[-16,-39],[-24,-22],[-12,-29],[2,-19],[-18,-47],[-6,-44],[-19,-17],[-42,-19],[-12,4],[-40,-26],[-1,-16],[30,-20],[23,-26],[1,-18],[-30,2],[-10,-9],[-109,3],[-23,-7],[-30,-30],[-11,-1],[-17,-30],[-12,0],[-11,-31],[6,-35],[-44,-40],[-22,-65],[-56,-8],[-18,-29],[-77,7],[-8,22],[-19,14],[-21,-16],[-11,-26],[-56,-17],[-37,-18],[-21,3],[-62,-19],[-30,2],[-8,-36],[-19,-32]],[[90668,61639],[-25,10],[-39,3],[-33,23],[-33,-2],[-23,10],[-50,12],[-19,24],[-64,49],[-21,2],[-27,33],[-33,19],[-48,5],[11,56],[-9,30],[25,16],[-11,25],[27,23],[-35,27],[25,17],[-18,17],[9,22],[-34,21],[20,7],[10,20],[1,34],[37,29],[19,30],[-3,22],[14,18],[27,18],[7,22],[-59,-8],[3,33],[34,32],[-10,37],[28,21],[5,39],[-21,-7],[-18,17],[-23,6],[-38,-29],[10,-25],[-41,-31],[-9,-32],[-33,-20],[-15,-26],[-19,1],[-6,-19],[-22,-8],[-25,-29],[-23,-6],[-5,-32],[-60,-8],[-31,12],[-37,-6],[-31,-31],[-70,-38],[-46,-20],[-13,-34],[5,-75],[-16,-50],[-21,0],[-42,-14],[-22,1],[-40,-12],[-26,-28],[-63,-33],[-21,0],[-104,-32],[-56,10],[-56,1],[-63,-26],[-41,9],[-18,-21],[-34,5],[-63,-17],[-25,16],[-19,2],[0,25],[-45,56],[-30,11],[-2,25],[18,27],[3,29],[-51,-5],[-49,-15],[-22,28],[-22,-26],[-21,-68],[-21,-14],[-51,15],[-44,1],[-58,21],[5,26],[-7,23],[-24,33],[-32,13],[-33,-16],[-21,35],[-19,11],[-23,28],[-37,-5],[-7,17],[-27,-1],[1,19],[-18,17],[-39,5],[-28,-22],[28,-41],[-19,-24],[-38,13],[-35,-3],[-45,-42],[-23,-13],[-30,-4],[-33,22],[-50,9],[-41,-1],[-36,16],[-17,-7],[-49,9],[-59,-33],[-39,-6],[-62,10],[-24,15],[-23,-26],[-21,2],[-5,-29],[-15,-8],[-60,-7],[-41,-9],[-20,-12],[-44,1],[-28,-73],[-4,-22],[13,-33],[17,-6],[46,26],[33,-2],[37,-14],[13,-27],[18,-14],[-5,-39],[-12,-30],[-35,-27],[-41,-50],[3,-22],[-37,-25],[-25,-33],[-22,-5],[-26,-21],[-31,-12],[-25,-32],[5,-28],[-17,-19],[-53,-27],[-19,-46],[-77,-4],[-1,-37],[-15,-14],[-5,-42],[-28,-3],[-23,-17],[2,-43],[-30,-19],[8,-16],[-29,-48],[-24,-27],[4,-29],[-30,-11],[-10,-31],[-17,-17],[-6,-25],[-18,-18],[-26,-59],[-23,-24],[9,-22],[-19,-18],[-43,14],[-8,31],[-23,31],[-49,14],[-16,16],[-2,25],[-26,24],[-30,7],[-41,-15],[-62,11],[-19,-14],[-37,5],[1,38],[18,43],[-46,19],[-18,0],[-25,-16],[-33,13],[-2,31],[13,35],[-7,35],[-15,22],[-2,3],[-10,8],[-34,23],[-2,2],[2,10]],[[86501,61241],[9,35],[-28,16],[12,21],[-1,24],[26,23],[15,-4],[30,48],[2,39],[-39,39],[-8,34],[7,45],[-20,42],[-41,22],[-24,23],[-36,1],[-35,-11],[-19,16],[-26,3],[-6,18],[-55,43],[16,16],[-18,48],[-34,31],[-17,0],[-38,49],[-17,49],[-62,25],[5,11],[-32,21],[35,25],[19,23],[33,1],[9,-15],[31,19],[19,30],[33,20],[1,25],[79,59],[-5,30],[45,25],[27,5],[9,34],[20,-3],[22,18],[42,2],[36,-11],[12,40],[60,0],[27,33],[25,1],[12,20],[22,11],[39,59],[-18,9],[27,23],[36,3],[18,31],[19,9],[20,25],[-16,9],[-3,52],[45,11],[22,14],[36,50],[24,9],[16,27],[57,2],[11,29],[47,9],[31,46],[-3,22],[24,21],[5,22],[16,20],[72,18],[27,15],[32,5],[10,35],[37,18],[11,14],[21,-16],[24,15],[-20,12],[-70,173],[44,26],[22,-4],[26,27],[24,0],[67,16],[14,26],[22,9],[-1,18],[43,19],[-1,21],[33,-4],[9,31],[-3,19],[12,15],[15,-41],[35,-37],[-3,-17],[15,-51],[3,-34],[15,-41],[-9,-25],[-31,-36],[9,-22],[-9,-65],[-23,-33],[12,-13],[-3,-30],[15,-21],[18,-59],[19,-7],[32,12],[5,14],[34,19],[16,53],[14,19],[68,46],[24,-1],[22,-15],[39,-14],[21,-23],[19,3],[16,17],[10,30],[23,1],[20,43],[19,6],[29,36],[61,5],[14,37],[46,7],[52,25],[15,22],[26,13],[-3,38],[-27,28],[-4,68],[-50,40],[17,82],[-21,29],[22,30],[11,45],[-1,35],[27,13],[2,20],[48,62],[4,23],[-15,33],[26,20],[0,29],[27,32],[-36,24],[23,13],[-15,51],[32,-7],[11,7],[8,31],[-32,16],[7,19],[24,22],[-9,40],[23,34],[26,5],[22,32],[34,12],[16,94],[21,30],[16,46],[33,21],[40,8],[20,22],[-8,39],[8,24],[32,-1],[1,19],[46,43],[6,39],[19,20],[24,-6],[26,35],[38,9],[24,16],[10,-16],[105,21],[21,27],[-18,15],[-36,-11],[-6,23],[37,28],[3,32],[19,32],[-19,111],[13,29],[-6,25],[38,87],[30,9],[30,26],[13,54],[50,42],[52,26],[57,88],[11,28],[49,26],[44,40],[-8,-42],[1,-79],[15,-21],[-10,-44],[18,-31],[17,-80],[75,-42],[11,22],[17,1],[-9,33],[15,20],[29,-7],[24,10],[29,22],[0,23],[18,23],[34,2],[33,12],[5,46],[18,15],[29,4],[48,60],[12,48],[-4,27],[19,16],[3,32],[-22,29],[-14,7],[8,61],[74,17],[44,23],[38,38],[41,-11],[-10,41],[-16,19],[14,10],[5,24],[72,22],[40,-5],[31,23],[13,20],[41,10],[9,53],[50,14],[15,13],[79,-5],[-1,-33],[14,-15],[39,35],[43,-14],[24,126],[31,-2],[5,-15],[42,-20],[15,-27],[40,6],[18,11],[39,-6],[55,20],[60,16],[24,11],[45,44],[98,57],[16,24],[27,6],[12,-21],[22,-1],[8,31],[21,7],[4,31],[72,29],[5,13],[31,1],[14,11],[0,34],[10,16],[26,4],[-3,48],[20,11],[-6,34],[24,22],[34,19],[2,22],[31,8],[21,19],[2,20],[23,24],[28,67],[26,29],[58,39],[41,17],[39,7],[34,32],[23,-46],[32,4],[52,21],[21,-11],[23,-46],[28,-5],[19,-26],[26,3],[6,22],[30,-5],[59,6],[24,25],[37,24],[49,9],[34,21],[37,13],[35,3],[25,10],[55,35],[14,44],[12,12],[42,16],[50,31],[39,14],[66,51],[75,64],[11,-9]],[[92439,66869],[8,-97],[-14,-25],[-5,-31],[33,-26],[7,-19],[28,-18],[-32,-25],[22,-30],[-6,-24],[18,-39],[49,-13],[19,-21],[-11,-38],[11,-19],[-11,-22],[5,-40],[-31,-10],[-22,10],[-52,-42],[-46,-17],[-15,-15],[18,-44],[22,1],[35,-15],[-19,-16],[5,-38],[-7,-16],[25,-59],[24,-22],[10,-26],[49,-15],[31,1],[-10,-30],[-23,-6],[9,-32],[-50,-31],[-6,-22],[16,-11],[-13,-28],[-18,-20],[40,-29],[17,-21],[-4,-19],[24,-15],[-9,-39],[12,-38]],[[16900,4984],[-20,-8],[-37,4],[-12,19],[38,4],[28,11],[28,22],[15,25],[17,-19],[-36,-33],[-21,-25]],[[15526,12609],[20,-30],[-17,-26],[-35,-13],[-39,-25],[42,65],[14,32],[15,-3]],[[14027,13599],[-21,-47],[-41,-50],[23,73],[21,25],[18,-1]],[[14316,13823],[6,-32],[-27,2],[8,29],[13,1]],[[18944,10910],[-22,-20],[-13,34],[35,45],[0,-59]],[[19027,13396],[96,-3],[-1,-15],[-77,-24],[-46,4],[-14,22],[6,15],[36,1]],[[15777,14378],[-8,30],[14,21],[33,21],[13,-6],[-24,-48],[-28,-18]],[[15922,14603],[6,33],[29,79],[26,84],[25,53],[10,-10],[-18,-41],[-30,-94],[-21,-29],[-27,-75]],[[16759,15549],[-16,76],[25,-18],[7,-48],[-16,-10]],[[15737,16250],[22,60],[12,-20],[-34,-40]],[[38548,60276],[0,8],[-73,35],[4,20],[-25,2],[-12,-36],[-27,-2],[12,43],[-6,19],[-30,11],[7,21],[21,-2],[22,-29],[52,16],[-10,21],[7,43],[-15,26],[19,24],[-19,17],[-40,7],[-20,17],[-14,28],[3,28],[25,52],[29,0],[15,-13],[-29,-40],[5,-12],[31,2],[19,-9],[2,-50],[17,-14],[10,-37],[-7,-20],[39,-9],[23,-23],[7,-37],[63,-20],[-7,-45],[-23,-22],[-27,-15],[-25,5],[-23,-10]],[[38437,60734],[-28,16],[19,41],[42,-30],[-21,-25],[-12,-2]],[[32343,77970],[32,25],[35,4],[32,-15],[46,2],[12,9],[21,-21],[26,1],[39,19],[32,-21],[16,-28],[40,1],[12,-8],[8,-41],[36,5],[18,-36],[48,-69],[3,-11],[38,-36],[38,-9],[22,-13],[52,-18],[25,-1],[16,-14],[65,-29],[29,-25],[90,-42],[45,-16],[17,-16],[29,-10],[42,-3],[24,-18],[46,-12],[25,16],[26,-5],[77,-35],[69,-19],[15,-31],[35,18],[32,-5],[-47,-31],[-22,-22],[-26,-40],[-48,-14],[-19,-56],[-5,-39],[-34,-27],[-75,-92],[-40,-64],[-8,-26],[-44,-40],[-50,-14],[-18,-27],[4,-13],[-21,-15],[-22,-1],[-43,25],[-27,7],[-18,-51],[-72,-82],[-16,-41],[38,-30],[14,-19],[-12,-30],[-35,-12],[-34,-21],[9,-13],[-28,-18],[15,-14],[-56,-37],[-14,-30],[2,-17],[-23,-47],[50,-12],[-11,-24],[-21,-12],[-29,-30],[46,-28],[-4,-17],[15,-26],[-27,-8],[-5,-16],[-33,-14],[12,-18],[-49,-19],[1,-33],[-10,-22],[6,-25],[24,-25],[62,-12],[8,-37],[-7,-24],[47,-27],[11,-22],[-9,-40],[23,-13],[7,-21],[32,-24],[-7,-29],[18,-17],[-16,-20],[25,-13],[-34,-48],[-3,-16],[45,-31],[-44,-61],[30,-23],[45,-2],[37,-22],[27,-3],[-39,-54],[55,-26],[50,-33],[30,8],[39,31],[19,0],[20,23],[45,1],[16,19],[-2,24],[41,-5],[38,8],[31,-18],[52,61],[28,-10],[37,6],[26,-19],[-7,-19],[-38,-18],[37,-29],[-11,-17],[34,-27],[40,-21],[0,-41],[-9,-16],[55,-32],[-18,-31],[-5,-45],[6,-13],[-37,-7],[-34,3],[-29,15],[-19,-27],[-32,-27],[24,-26],[61,-24],[31,-18],[26,17],[26,-5],[46,26],[16,-17],[71,-18],[-22,21],[10,36],[55,40],[63,28],[16,39],[33,0],[58,-20],[-9,35],[41,18],[33,1],[48,27],[45,11],[24,37],[92,70],[13,14],[42,26],[27,-15],[26,1],[20,72],[7,75],[60,11],[22,-13],[43,15],[18,-22],[49,14],[7,16],[56,33],[25,27],[22,-9],[38,52],[49,26],[22,23],[38,23],[24,-15],[118,-59],[53,-23],[55,-13],[63,4],[60,-47],[36,-17],[62,-17],[50,-6],[63,-29],[33,-33],[7,-58],[7,-13],[1,-55],[5,-22],[-3,-55],[38,-63],[31,-41],[21,-15],[58,-68],[66,-57],[114,-85],[22,-5],[49,-33],[41,-2],[56,-40],[114,-93],[36,-17],[33,5],[34,-5],[54,-1],[35,-18],[8,-13],[69,-48],[70,-38],[39,3],[39,-19],[54,-7],[91,-28],[54,-19],[66,-7],[26,-12],[59,-13],[38,15],[11,-12],[-48,-30],[-23,-52],[-1,-21],[-20,-8],[-1,-22],[-33,-30],[-36,-14],[-16,-26],[-21,7],[-5,-25],[-28,-18],[-70,-22],[12,-19],[-19,-18],[-30,5],[-62,44],[-41,-65],[-30,-13],[6,-21],[-11,-32],[-15,-16],[-20,2],[20,32],[-62,3],[-10,20],[-25,15],[-43,-17],[-16,-26],[0,-20],[-50,14],[-12,-27],[13,-23],[-28,-3],[-22,-15],[53,-14],[99,-57],[27,-28],[-10,-13],[16,-19],[35,-25],[17,-20],[64,-38],[38,-13],[42,15],[20,15],[13,-21],[56,-5],[51,-32],[28,-43],[-13,-15],[44,-16],[-14,-20],[44,-22],[-4,-20],[36,-17],[-24,-25],[23,-18],[3,-19],[21,-27],[-14,-22],[25,-27],[-41,-28],[14,-12],[55,-17],[26,38],[31,-7],[44,-25],[26,35],[29,-12],[7,30],[26,23],[25,-11],[5,-30],[45,-17],[11,-40],[33,10],[26,-13],[33,18],[20,33],[-30,1],[-12,13],[-30,-9],[-13,20],[18,28],[-6,39],[22,-6],[11,-19],[31,-9],[-6,25],[-23,40],[35,11],[37,-38],[83,-17],[54,-28],[37,-30],[36,-21],[25,-7],[24,24],[81,-47],[10,-15],[-16,-50],[6,-23],[-23,-17],[-5,-30],[2,-36],[22,-28],[45,-32],[33,-12],[-16,-44],[-17,-21],[15,-25],[21,1],[19,-15],[53,22],[36,3],[25,21],[35,-26],[79,-31],[9,-22],[44,-40],[110,-58],[17,-2],[31,-21],[12,23],[19,5],[18,-12],[54,2],[65,-15],[16,17],[4,28],[34,14],[17,-47],[16,-5],[1,-25],[29,-49],[60,15],[26,-27],[11,-31],[-9,-22],[31,-16],[8,-33],[-18,-44],[6,-19],[21,-13],[-1,-21],[-14,-30],[-1,-26],[46,-14],[21,6],[16,23],[48,-14],[45,-7],[16,23],[52,4],[83,-27],[39,17],[16,25],[64,72],[70,-34],[5,-18],[20,-14],[-12,-44],[-19,-22],[2,-29],[29,-13],[11,12],[33,4],[23,18],[32,-13],[25,35],[29,-5],[23,16],[31,-11],[38,21],[33,-14],[-8,-12],[30,-13],[18,4],[21,-13],[-4,-15],[82,-32],[10,33],[32,-9],[26,42],[34,-16],[31,13],[12,39],[38,0],[22,10],[48,-12],[27,5],[22,41],[16,7],[51,-12],[11,13],[33,-10],[5,-26],[41,-2],[17,-10],[-1,-32],[12,-9],[-14,-32],[-25,-9],[-4,-27],[-27,-14],[28,-13],[-43,-81],[-18,6],[-5,23],[-34,-32],[36,-29],[30,-9],[39,9],[23,24],[15,-17],[9,52],[-18,6],[-3,18],[27,4],[31,46],[35,3],[0,-22],[50,15],[20,-17],[1,-37],[68,-9],[-12,-19],[17,-25],[-34,-4],[-32,16],[-61,23],[-28,-30],[16,-11],[-3,-20],[32,-6],[3,-15],[76,-27],[13,10],[55,17],[46,-8],[-52,-41],[27,-41],[36,-9],[-15,-32],[26,-26],[-9,-27],[9,-17],[27,-20],[259,85],[75,97],[33,17],[-11,15],[21,22],[11,27],[-30,46],[-1,26],[21,40]],[[40833,72823],[35,-43],[147,14],[69,-49],[111,-103],[153,-90],[58,10],[39,-10],[20,9],[48,-36],[4,-17],[-11,-28],[-19,-12],[35,-24],[33,-34],[29,-3],[32,6],[17,-19],[27,-5],[40,-25],[13,-35],[-5,-19],[13,-49],[36,-17],[63,-39],[21,-19],[-9,-10],[65,-39],[92,18],[41,17],[59,-13],[74,-39],[25,-6],[-1,-32],[16,-42],[18,-28],[59,-33],[31,-27],[41,-26],[26,-42],[18,10],[25,56],[-31,14],[-23,128],[-12,26],[-27,137],[10,21],[114,64],[54,3],[46,-10],[73,-27],[-36,-64],[60,-15],[-23,-29],[53,15],[16,-43],[75,-3],[26,18],[38,-30],[53,27],[12,-47],[29,-23],[-8,-56],[64,-1],[-19,-53],[45,-28],[38,-35],[33,22],[49,-32],[0,31],[103,-30],[2,-52],[68,-22],[-17,-47],[15,-17],[37,-10],[54,-1],[49,-28],[48,-42],[2,-13],[38,6],[35,-27],[-15,50],[48,21],[35,-10],[36,-2],[13,-19],[28,-12],[-6,-26],[-17,-15],[12,-63],[41,-21],[45,-8],[6,19],[35,18],[9,-8],[-45,-25],[42,-13],[24,3],[1,-27],[42,6],[10,26],[46,-7],[-54,-34],[1,-23],[48,-12],[-4,27],[38,-3],[32,35],[66,-4],[-15,-45],[23,-21],[35,26],[16,-36],[-61,-39],[61,-55],[5,46],[50,-20],[25,22],[76,-82],[146,-44],[141,-21],[157,-28],[10,-7],[20,-44],[50,-63],[1,-40],[-5,-83],[53,-61],[145,-157],[29,-10],[73,-74],[-8,-50],[20,-23],[-11,-22],[-66,-4],[27,-22],[8,-16],[28,14],[26,-39],[-33,-10],[-10,-27],[19,-10],[45,21],[23,-3],[79,6],[5,13],[49,2],[17,24],[-50,0],[11,31],[34,12],[-27,41],[52,-16],[86,2],[34,-10],[64,-31],[20,-37],[-1,-33],[60,-45],[21,-6],[34,-21],[-15,-28],[-4,-91],[69,-37],[179,-80],[84,-54],[74,-34],[68,-36],[19,-24],[19,-1],[53,-29],[171,-14],[16,-4],[361,-277],[56,-1],[42,-19],[40,-31],[72,-46],[37,-28],[26,-30],[50,-10],[89,20],[-1,48],[14,23],[28,19],[3,22],[34,37],[9,17],[27,20],[10,24],[21,18],[79,-1],[119,-12],[72,-2],[51,-8],[27,5],[36,-48],[29,-30],[7,-20],[36,-27],[40,-24],[26,-41],[63,-19],[33,-6],[15,28],[79,-38],[107,-40],[72,-67],[80,-38],[175,-124],[115,-60],[103,-40],[52,-75],[66,-55],[38,-15],[48,-32],[32,-10],[42,-23],[83,-8],[32,21],[27,-3],[88,28],[50,-16],[32,-2],[151,44],[30,-6],[38,28],[48,-12],[28,23],[38,0],[59,15],[30,29],[6,-22],[51,-7],[49,14],[45,-6],[-8,-38],[16,-27],[25,-21],[-2,-30],[-12,-21],[13,-24],[1,-38],[27,7],[45,-66],[-18,-30],[19,-16],[-20,-15],[5,-32],[39,-31],[24,-51],[-27,-53],[0,-20],[-28,-47],[39,-85],[-19,-4],[-23,-26],[-6,-36],[170,-8],[59,-12],[105,19],[55,-11],[103,-2],[115,10],[55,-1],[35,-32],[20,-52],[33,-26],[47,-13],[100,-17],[74,-16],[52,-16],[212,17],[222,11],[89,-12],[26,-24],[52,-77],[50,-37],[49,-18],[109,-76],[-21,-58],[26,-44],[77,-61],[69,-2],[8,15],[30,-11],[37,-3],[21,15],[53,21],[-4,22],[22,16],[31,11],[-9,31],[46,12],[10,13],[-9,46],[59,35],[13,37],[-7,21],[-29,13],[-38,45],[3,22],[47,22],[10,24],[-23,39],[-23,9],[11,21],[58,3],[42,-2],[284,-12],[75,-2],[300,-15],[56,-23],[268,-119],[282,-128],[130,-58],[114,-74],[-2,-11]],[[53789,67900],[1,-21],[-18,-15],[-74,-36],[30,-23],[25,7],[25,-31],[38,-2],[70,44],[42,20],[43,0],[30,-17],[30,-47],[0,-25],[-18,-27],[-55,-46],[-28,-17],[1,-50],[23,-37],[39,-14],[110,-21],[50,-38],[9,-17],[-18,-19],[26,-27],[40,-24],[12,-40],[10,-11],[0,-29],[-50,-28],[-11,-30],[-57,-64],[14,-27],[-12,-21],[-29,-15],[-12,-18],[-3,-66],[13,-18],[49,-7],[8,10],[39,12],[30,-2],[55,39],[19,-9],[26,20],[47,-25],[-18,-25],[13,-10],[-30,-28],[-13,-23],[-42,-1],[-13,-6],[19,-31],[42,-14],[46,-34],[27,-5],[22,6],[13,-12],[-1,-26],[-18,-40],[-3,-24],[-20,-19],[29,-14],[36,-49],[-8,-16],[-24,-16],[25,-25],[-3,-57],[-26,-10],[-15,-19],[-30,-13],[5,-14],[37,6],[-2,-29],[31,-6],[21,-41],[-25,-36],[29,-36],[-2,-24],[23,1],[28,-17],[16,-18],[25,12],[27,-2],[17,-13],[23,35],[3,31],[29,-8],[1,-20],[45,15],[5,-28],[43,-14],[11,-28],[-23,-17],[1,-46],[30,-33],[24,-17],[33,-13],[34,-4],[21,5],[16,25],[-12,18],[23,38],[70,19],[28,23],[52,-10],[68,-38],[26,-46],[-3,-44],[-24,-13],[-12,-20],[34,-41],[-10,-58],[-30,-61],[-54,-57],[26,-47],[30,-32],[20,-10],[39,43],[33,8],[34,27],[69,-2],[28,-35],[40,-82],[14,-100],[68,-19],[89,-2],[117,-24],[3,-65],[-5,-12],[33,-69],[-43,-10],[-24,5],[-47,-9],[-23,-24],[-44,5],[-47,13],[-60,-15],[-11,-9],[-45,-4],[-39,16],[-13,-6],[-11,-35],[-19,-4],[-30,10],[-4,-20],[-57,7],[-1,12],[-78,13],[-50,15],[-8,12],[-91,24],[-34,1],[-75,-8],[-42,11],[8,33],[-78,0],[-20,-8],[-62,3],[-13,-6],[-27,11],[-42,1],[-5,-77],[11,-20],[-24,-48],[-17,-6],[-8,-23],[-33,-21],[3,-15],[-21,-14],[-6,-25],[-13,-8],[4,-45],[-29,-28],[-54,-7],[-86,-28],[-23,4],[-26,21],[-53,-5],[-15,-40],[-1,-29],[-13,-11],[-22,9],[-37,-4],[-6,23],[-31,31],[-31,-17],[-56,-10],[-23,7],[-7,-22],[10,-19],[21,-13],[-9,-17],[-10,-73],[7,-65],[-3,-20],[64,-21],[46,-8],[11,-8],[67,-6],[49,-12],[39,-3],[18,44],[39,-5],[35,10],[20,-33],[-6,-20],[39,-34],[11,-24],[13,-4],[48,-31],[29,-6],[15,-41],[19,-3],[36,-19],[16,16],[58,-5],[49,0],[52,-12],[7,-12],[84,-12],[45,-3],[1,-46],[-9,-17],[-1,-68],[45,-66],[-27,-32],[-12,-43],[8,-85],[-52,-27],[1,-41],[-37,44],[-12,-9],[-52,13],[-11,-11],[-31,8],[-9,-60],[-35,4],[-3,-15],[-27,-11],[-24,2],[-14,-20],[-2,-30],[-21,12],[-70,4],[-32,19],[-44,10],[2,14],[-39,11],[-28,-5],[-22,-21],[11,-31],[25,-9],[18,-17],[-6,-60],[-34,-2],[-25,-21],[4,-50],[30,-23],[51,-24],[1,-32],[-22,-27],[52,-24],[27,-21],[3,-30],[-10,-29],[24,-35],[112,0],[52,-25],[59,-53],[56,-81],[119,-90],[-6,-50],[-2,-72],[19,12],[1,17],[36,-10],[33,-18],[19,10],[16,26],[106,-43],[26,-17],[-1,-16],[128,-56],[49,-45],[51,-5],[144,50],[114,-71],[84,-22],[6,-25],[20,-29],[18,-42],[14,-13],[-5,-21],[31,1],[61,-12],[19,5],[42,-25],[21,11],[40,4],[70,-49],[79,16],[34,-58],[-35,17],[-36,-13],[26,-22],[-1,-72],[61,-10],[8,40],[66,-29],[39,-22],[148,-110],[-4,-69],[-35,17],[-21,-14],[-4,-35],[13,-20],[49,-21],[20,-21],[15,-48],[-26,-3],[-54,14],[-36,24],[-137,-5],[14,-65],[-6,-83],[-6,-27],[-15,-7],[-37,22],[-35,7],[15,120],[-18,-9],[-19,-137],[-30,-25],[-43,22],[-29,-23],[-25,5],[5,48],[-77,-13],[-16,28],[-13,45],[-111,7],[-6,-57],[-45,12],[-27,1],[-20,33],[19,26],[-22,43],[-54,11],[20,14],[13,24],[-30,11],[-28,-20],[-6,-21],[-36,24],[-95,6],[-28,-41],[3,-74],[-18,-126],[-26,4],[-61,-3],[-3,19],[-34,-14],[41,-26],[-19,-14],[-60,-3],[-9,8],[-66,-1],[-37,4],[-70,0],[-59,24],[-24,107],[-83,51],[-16,17],[-53,15],[-14,-27],[-39,-11],[-31,6],[19,21],[22,-7],[-6,32],[-38,-26],[-81,-9],[-54,-25],[-49,-60],[35,-143],[-13,-51],[-129,-35],[-89,-37],[-205,-147],[-98,-45],[-49,-37],[-33,-61],[-35,-23],[-62,-6],[-7,-28],[12,-21],[-28,-55],[-22,-10],[-21,-49],[-77,-35],[-37,26],[-28,-18],[-10,-38],[23,5],[17,-13],[56,3],[10,-5],[11,-38],[-44,-11],[-6,17],[-21,-1],[-45,-20],[-37,0],[2,-16],[42,-12],[-23,-40],[-57,-38],[-41,3],[-27,-5],[-12,-35],[-34,10],[-7,22],[34,4],[1,13],[-31,10],[-35,-12],[-15,31],[-27,-13],[-14,-28],[-22,8],[-21,-8],[-25,-38],[-29,33],[-23,-21],[-2,-13],[-34,-15],[35,-33],[-23,-14],[-38,-9],[-45,27],[12,-32],[-25,3],[-9,-18],[-27,-14],[10,-23],[-32,-24],[-25,11],[-4,-29],[-15,-14],[-74,5],[-7,-9],[-35,-5],[-27,-17],[-5,-20],[-84,-8],[-57,9],[31,-26],[-58,-16],[-10,-20],[-26,18],[-13,-6],[14,-26],[-35,-26],[-19,11],[-15,-21],[-32,10],[-1,-17],[-42,-5],[-27,-23],[9,-17],[-11,-20],[-43,-33],[-36,19],[-10,16],[-38,-11],[7,-12],[-28,-12],[-19,10],[-18,-23],[-19,13],[-24,-16],[-11,-26],[11,-25],[-22,-19],[2,-27],[-20,0],[-27,-20],[-25,-1],[4,-22],[-37,-9],[-22,-17],[-31,14],[-12,-36],[-2,-33],[11,-3],[-17,-68],[41,-12],[-2,-39],[11,-55],[-9,-45],[-44,7],[1,-28],[-11,-32],[-1,-28],[-20,-17],[-3,-43],[-15,-25],[23,-4],[2,-29],[-26,0],[-39,-45],[0,-35],[-14,-31],[22,-15],[21,4],[60,-17],[8,-40],[-8,-21],[-24,-31],[6,-28],[-5,-21],[61,-41],[0,-39],[12,-13],[-14,-19],[7,-14],[-1,-61],[-27,-13],[38,-41],[-27,-14],[39,-29],[-4,-10],[-36,-18],[41,-31],[25,-7],[12,-40],[21,-26],[20,2],[14,-27],[-5,-20],[21,-23],[-5,-32],[-20,-15],[19,-28],[-29,-25],[20,-34],[38,-15],[15,3],[53,-23],[0,-17],[45,-20],[1,-17],[20,-36],[37,-31],[43,3],[54,15],[10,-11],[-14,-59],[-2,-38],[18,-12],[28,10],[11,-33],[18,-2],[13,-23],[24,-10],[9,-18],[-39,-21],[-17,-16],[-7,-58],[27,-1],[37,-24],[31,3],[-11,-41],[17,-8],[41,4],[15,-17],[-22,-35],[-39,-2],[-26,-44],[8,-35],[18,-20],[1,-41],[-7,-26],[-21,-23],[0,-23],[-82,-33],[2,-21],[15,-19]],[[52560,58605],[-79,-15],[-42,-15],[-126,-17],[-100,-26],[-15,-21],[4,-38],[-25,-39],[-2,-32],[-15,-20],[2,-32],[26,-45],[37,5],[-6,-42],[6,-61],[40,5],[45,-21],[12,-22],[31,-25],[18,-48],[28,-25],[-40,-19],[-16,-38],[-20,-24],[-48,-3],[-28,6],[-66,-50],[-15,-28],[-26,-10],[23,-49],[50,-9],[20,-23],[2,-86],[-24,-19],[-11,-43],[-42,-16],[-23,-33],[21,-28],[-21,-32],[11,-20],[1,-32],[-24,-29],[-11,-36],[-35,-65],[-10,-50],[-13,-16],[0,-29],[-34,-53],[-51,-30]],[[51969,57207],[-24,15],[-17,-32],[-42,-55],[-21,-7],[-16,-20],[-25,-54],[-18,-18],[6,-34],[-4,-35],[-12,-35],[-22,0],[-31,-30],[-29,18],[-43,-10],[0,-46],[-27,-4],[-19,-28],[-17,-3],[8,-33],[-27,-26],[16,-36],[-12,-32],[-15,-12],[4,-19],[-27,-28],[-16,-5],[14,-25],[-32,-25],[-59,4],[-33,-23],[-29,2],[-30,-16],[-2,-24],[-21,-25],[-21,-14],[-54,-7],[-47,-12],[-70,-25],[-55,-4],[-11,12],[-33,0],[-27,18],[-121,0],[-60,-8],[-18,-15],[-51,5],[-16,-6],[-75,-4],[-26,4],[-34,16],[-21,41],[-17,13],[-47,14],[-23,1],[-70,36],[-25,30],[-36,23],[-19,46],[-27,22],[-16,0],[-25,17],[-14,20],[-32,18],[-52,-7],[-7,9]],[[50197,56749],[-28,56],[21,20],[-7,10],[-8,49],[-55,13],[-8,-9],[-61,4],[-56,19],[-10,54],[36,26],[26,34],[13,30],[14,64],[-71,6],[-21,-19],[-46,24],[-19,-7],[-50,-3],[-13,31],[8,13],[-30,33],[-26,6],[-60,48],[-2,16],[-24,0],[-20,33],[32,36],[-6,18],[19,22],[17,6],[30,-15],[18,-30],[47,-16],[59,-2],[4,41],[18,15],[34,43],[-16,113],[-17,58],[6,18],[50,15],[26,31],[-10,83],[21,25],[30,84],[7,41],[-25,20],[10,36],[-6,19],[13,50],[-20,29],[14,41],[-13,29],[-83,-26],[-48,2],[-45,43],[24,75],[5,32],[13,18],[42,21],[5,22],[-28,20],[10,28],[-8,25],[15,18],[-5,35],[-13,11],[32,30],[10,53],[-26,10],[-20,22],[-31,17],[3,52],[28,6],[-6,28],[-22,16],[-6,31],[42,-9],[23,-12],[32,7],[0,38],[68,4],[40,32],[71,26],[6,60],[-84,-13],[-36,3],[9,30],[26,23],[-6,29],[-14,5],[-1,42],[8,24],[-38,3],[-31,-6],[-37,1],[-35,11],[-13,-29],[-39,22],[-34,-20],[-31,35],[3,54],[10,29],[-12,21],[-41,26],[-35,15],[-17,20],[-50,-7],[-52,-34],[-62,-18],[-54,-11],[-50,-25],[-44,-31],[-138,-36],[-29,12],[-23,70],[-48,8],[-16,-11],[-53,-1],[-34,23],[-22,-9],[-56,-8],[-24,5],[13,43],[-44,39],[-44,9],[-40,-32],[-30,-32],[23,-43],[-7,-32],[22,-29],[-2,-33],[-28,-20],[-2,-33],[15,-16],[-5,-28],[35,-41],[-21,-28],[-32,12],[-16,-11],[-56,8],[-84,18],[-18,17],[-20,35],[-38,18],[-30,-7],[-47,-35],[-51,0],[-5,13],[14,45],[-12,32],[-2,39],[11,29],[-37,31],[-22,10],[1,23],[-18,1],[-41,27],[-15,-22],[30,-5],[-32,-30],[-22,-4],[-9,18],[-66,1],[-5,33],[5,31],[40,7],[11,17],[-16,16],[3,23],[16,7],[-4,25],[-17,33],[20,21],[17,46],[-13,17],[-19,0],[-13,-33],[-23,49],[-17,-11],[-5,-36],[-36,17],[-13,13],[-25,-20],[-4,-14],[35,-17],[16,-37],[-18,-5],[-8,27],[-49,4],[-42,12],[35,26],[20,37],[-23,66],[45,-2],[8,32],[10,10],[-29,19],[-12,-13],[-55,7],[-10,15],[17,23],[-37,16],[-9,-31],[11,-27],[-37,-7],[-2,-18],[-97,46],[-23,-25],[-40,-12],[-15,-12],[-10,48],[-25,21],[-27,35],[-79,19],[-10,-9],[-69,38],[-21,-7],[-47,39],[-25,3],[-24,16],[-22,3],[-26,-18],[-37,2],[-23,-9],[-47,-1],[-22,-40],[-18,34],[-54,13],[-39,58],[6,37],[-42,13],[-23,21],[-25,3],[-15,28],[10,48],[27,31],[18,47],[-36,45],[-5,95],[-12,6],[13,26],[-22,24],[14,19],[5,43],[-31,16],[-10,-10],[24,-25],[-23,-35],[-15,20],[-44,12],[-80,13],[-20,28],[-46,18],[-10,-17],[-22,15],[-52,-13],[-22,-36],[-39,8],[-44,51],[-72,24],[-13,26],[-31,-5],[-19,38],[-57,17],[-5,-34],[-47,-15],[-67,14],[14,28],[-24,34],[-22,13],[-41,-3],[4,34],[-47,0],[-43,-48],[-29,7],[-21,-22],[-54,13],[-4,41],[-34,16],[17,16],[35,6],[19,31],[56,29],[-18,26],[2,35],[-30,9],[-13,-14],[-19,-51],[-22,-14],[6,46],[-13,22],[-31,8],[17,29],[-14,9],[16,20],[23,7],[17,19],[30,-11],[8,12],[-5,39],[7,14],[-49,11],[-59,-1],[-21,6],[24,53],[-57,30],[-29,4],[-23,-17],[-78,-5],[-3,-15],[-72,17],[-21,-28],[30,-34],[38,-10],[14,-12],[-23,-32],[4,-19],[-13,-23],[-63,32],[-31,3],[-12,-27],[-1,-31],[-36,13],[-15,-24],[23,-13],[-12,-26],[21,-20],[65,-14],[15,-19],[-24,-14],[-12,-19],[-13,-42],[-20,5],[-8,-21],[-32,15],[-32,4],[-23,17],[-3,23],[-35,1],[-65,14],[-44,14],[-31,30],[61,-7],[55,6],[-8,28],[-26,26],[-3,21],[-28,1],[-73,-12],[5,-23],[-30,-3],[-15,12],[-8,27],[-26,4],[-11,13],[-38,-5],[15,23],[-21,6],[-23,32],[-3,21],[-17,13],[-45,-3],[-30,22],[-42,-24],[-9,-17],[-3,-42],[22,-25],[-4,-29],[7,-26],[-6,-24],[-29,47],[-11,44],[3,78],[-48,2],[-25,-8],[-49,13],[-9,-8],[23,-35],[-14,-21],[-39,-23],[7,-38],[-14,-4],[3,-31],[-13,-24],[-27,-8],[-4,-19],[22,-15],[6,-23],[23,-20],[-26,-30],[19,-6],[13,-20],[-23,-30],[3,-21],[-62,-82],[-13,-9],[-25,-44],[-34,-40],[-38,-7],[-12,-14],[35,-34],[5,-26],[-47,-32],[25,-22],[-4,-42],[7,-41],[-19,-33],[-21,7],[-14,20],[5,23],[-54,47],[-19,-8],[-25,25],[-14,-7],[-11,-28],[-3,-61],[-18,-20],[5,-28],[-33,0],[-17,-11],[-19,-45],[-1,-30],[-58,40],[-15,26],[-20,-1],[-31,37],[-22,8],[-12,27],[-21,13],[9,43],[-83,11],[-35,9],[-14,-8],[-59,9],[-36,-29],[4,-37],[-39,-14],[-12,25],[-26,3],[-18,-29],[-28,-6],[-8,16],[-41,11],[-32,-18],[-27,3],[5,33],[-36,4],[23,41],[-15,36],[-22,4],[-49,-14],[-88,-39],[-18,-16],[-21,2],[-43,-19],[-13,-12],[-55,-22],[-8,8],[-46,-3],[-20,-8],[1,-24],[-28,-10],[-60,15],[22,35],[-35,18],[-8,17],[10,17],[-10,14],[-46,36],[23,14],[41,6],[16,-13],[27,5],[11,33],[22,15],[47,8],[17,14],[10,50],[-44,53],[-23,13],[-13,27],[29,4],[26,39],[30,10],[24,27],[49,30],[-9,27],[-21,-3],[-7,22],[41,73],[-36,49],[35,30],[2,42],[31,-19],[83,87],[-29,0],[-76,80],[-48,-27],[-13,24],[-25,-5],[-49,17],[-15,-27],[23,-13],[13,-36],[-30,-22],[2,-17],[-14,-68],[22,-60],[-16,-27],[-28,-3],[-16,60],[-22,10],[-12,24],[-39,19],[-24,-3],[-8,-20],[-26,-3],[-12,25],[-18,5],[-22,-21],[-38,8],[-42,-13],[-21,-24],[-24,45],[-24,2],[-33,-24],[-40,0],[-8,-29],[23,-7],[45,7],[22,-29],[-25,-26],[0,-34],[27,-18],[29,13],[45,-4],[13,-31],[67,-21],[24,-1],[1,-23],[12,-21],[-42,-26],[-29,-6],[-15,10],[-37,-6],[-46,2],[-13,9],[-16,32],[-33,-8],[-25,-20],[-66,-15],[-40,-3],[-24,24],[33,22],[5,29],[-30,9],[-50,-36],[-11,19],[0,30],[-54,21],[-11,-6],[-36,11],[-19,-6],[-29,14],[-21,22],[35,2],[8,31],[23,26],[27,-14],[6,19],[-17,12],[-1,28],[-42,10],[-14,-19],[-19,2],[8,47],[-14,22],[-23,2],[-14,-26],[-3,-48],[35,-33],[-33,-13],[-6,-49],[-12,-30],[36,-16],[23,-19],[15,-29],[-2,-17],[-31,12],[-30,34],[-92,10],[-3,-30],[-52,-35],[-24,5],[-20,25],[-20,-6],[-41,20],[-8,20],[4,35],[-24,14],[-46,11],[-8,-11],[-49,10],[-2,-24],[34,-15],[48,-14],[-16,-44],[25,-39],[-27,-23],[6,-22],[105,-27],[9,-10],[34,-6],[2,-26],[-19,-25],[23,-38],[-31,-16],[-28,3],[-24,16],[-25,7],[-6,-17],[-48,4],[-11,-29],[-18,-21],[-40,-10],[-3,-34],[-49,0],[-29,17],[-4,30],[19,11],[6,28],[-23,7],[-35,-26],[-30,-6],[-1,24],[58,5],[3,10],[-38,50],[-34,7],[9,17],[44,40],[48,-3],[3,-11],[35,-20],[32,10],[37,-13],[23,28],[-41,18],[-26,-18],[-18,-1],[-21,21],[-13,69],[-10,10],[-32,-20],[-14,23],[7,17],[-11,15],[-34,-13],[-18,-29],[-44,17],[-16,-33],[-26,-13],[-15,15],[-36,9],[-19,-44],[-48,16],[-8,-40],[40,-28],[-17,-28],[29,-9],[26,-50],[-24,-15],[-34,9],[-5,27],[-44,28],[-19,-40],[-33,20],[-21,-21],[-36,-63],[-38,35],[-42,12],[-27,30],[-25,4],[-64,30],[49,40],[1,28],[-11,25],[19,18],[23,-21],[15,0],[33,-29],[33,18],[32,-8],[31,36],[38,-17],[16,8],[-8,23],[-24,7],[19,55],[-3,30],[20,15],[48,16],[18,51],[-21,7],[-58,42],[16,39],[36,14],[23,-2],[36,33],[38,16],[46,8],[32,0],[26,17],[16,32],[-34,68],[-24,24],[-23,40],[10,21],[-23,64],[-32,6],[-14,-21],[-24,-6],[-58,44],[-34,40],[-5,27],[-23,25],[-68,-1],[-28,7],[-32,20],[1,39],[28,27],[7,22],[-8,30],[11,41],[-36,36],[-7,29],[6,21],[30,16],[-12,40],[-1,27],[-11,17],[-46,51],[-67,47],[-55,11],[-9,-26],[-19,-22],[-7,-28],[-36,9],[-23,14],[-30,-28],[-33,-3],[-40,20],[5,22],[-18,9],[-22,-40],[2,-68],[-49,-15],[-45,1],[-6,-43],[-31,-16],[-29,-5],[-26,-23],[-37,-54],[-15,20],[-32,4],[-55,31],[-42,16],[-24,-37],[-31,-25],[-19,8],[-39,2],[-46,-6],[-27,13],[-28,-24],[2,-13],[-24,-21],[-2,-25],[18,-17],[-8,-47],[-34,-7],[-26,-25],[-18,-5],[-2,-29],[24,-14],[-8,-21],[-57,2],[-20,-19],[-32,14],[-57,-4],[-21,13],[-30,-31],[-10,-39],[-31,7],[-31,-40],[-7,23],[-31,21],[-18,-33],[-31,2],[-54,31],[-16,-27],[-27,-21],[-45,-2],[0,-27],[56,-34],[-15,-16],[-6,-25],[-17,-24],[29,-31],[-7,-36],[24,-16],[-15,-34],[2,-40],[35,-9],[-1,-12],[-35,-8],[-49,-41],[0,-23],[-17,-20],[4,-17],[34,-32],[-1,-15],[-47,-6],[-51,16],[-10,26],[-49,7],[-20,11],[-113,41],[-30,16],[-6,15],[-51,16],[-39,-26],[-82,-9],[-93,22],[-18,-9],[-11,-29],[-55,4],[-36,16],[-26,-10],[-42,24],[-17,15],[-17,-15],[-37,-20],[-30,0],[2,32],[-31,34],[-33,10],[-19,41],[2,13],[-25,14],[-26,-4],[-33,-31],[-20,-42],[-25,-26],[-11,6],[-22,-36],[-19,1],[-16,-39],[18,-39],[4,-35],[-21,-8],[-30,6],[-23,-10],[-11,-34],[-26,-10],[-34,-2],[-36,26],[-23,1],[29,104],[12,26],[-60,-25],[-25,-36],[-38,-19],[-13,22],[-38,30],[-23,-26],[-26,-3],[-22,-13],[-41,36],[9,37],[-29,7],[11,29],[-23,11],[12,36],[9,55],[74,41],[2,51],[30,7],[58,-11],[23,30],[13,30],[-51,9],[-4,9],[49,79],[31,10],[21,29],[0,28],[33,-11],[15,12],[57,-9],[5,15],[-43,6],[-9,32],[-37,16],[-33,-11],[14,-27],[-89,-56],[-40,-4],[-56,8],[-2,57],[-46,31],[-89,32],[-4,-37],[22,-29],[-13,-41],[-40,12],[-10,22],[11,22],[-5,16],[-71,21],[16,38],[18,16],[-22,22],[5,26],[19,10],[18,25],[-34,-2],[-55,19],[-60,-3],[-29,12],[-3,-29],[-14,-19],[-23,6],[-34,-15],[-31,-50],[-4,-58],[-18,-47],[23,-33],[39,-5],[28,36],[6,28],[17,4],[50,-73],[21,-14],[44,6],[17,35],[30,2],[22,-16],[-16,-44],[0,-63],[-4,-15],[-29,-11],[32,-22],[16,-35],[-36,-24],[-36,35],[-12,28],[-61,21],[4,24],[-30,25],[-33,9],[-25,-4],[13,-49],[-15,-69],[10,-47],[26,-23],[23,25],[8,32],[24,-11],[1,-63],[18,-58],[31,-38],[-27,-9],[-5,-36],[-23,-23],[-38,9],[-26,-13],[-20,-35],[-25,14],[-27,0],[-10,22],[-1,41],[9,18],[-6,20],[-62,-56],[-11,-40],[17,-23],[-27,-10],[-45,28],[-34,-36],[-16,9],[4,24],[-34,17],[2,46],[-61,14],[-24,-11],[-17,-41],[44,-6],[-5,-38],[-27,2],[-9,-21],[-32,-6],[-28,14],[-48,11],[-12,-20],[-55,7],[1,26],[24,31],[-52,38],[34,71],[-44,15],[-63,33],[2,22],[-17,27],[-67,-73],[2,-22],[-11,-39],[-44,-30],[-14,-22],[-68,13],[11,87],[19,21],[-18,10],[-12,36],[46,56],[26,19],[5,-23],[-17,-23],[11,-20],[34,19],[-5,26],[11,68],[-76,26],[-15,11],[10,32],[-60,-5],[-15,26],[26,33],[-10,31],[-32,18],[-30,-7],[-34,4],[0,-23],[-26,-7],[-23,-31],[-18,-58],[33,8],[8,-19],[42,-8],[12,-12],[-3,-26],[14,-29],[0,-53],[-43,5],[-43,29],[-12,20],[-23,17],[-45,3],[-20,-16],[-16,5],[-42,-7],[-45,-37],[1,-9],[-38,-49],[-3,-18],[-22,-11],[-17,-19],[-55,-39],[-11,33],[-14,17],[-10,53],[39,33],[26,54],[-46,31],[-23,8],[-3,16],[11,33],[28,43],[17,-1],[22,-28],[25,-7],[14,30],[16,14],[13,42],[27,14],[34,-16],[25,-30],[58,6],[-2,26],[-18,16],[23,28],[24,-10],[51,-10],[8,12],[-14,26],[-23,15],[-17,22],[-22,9],[10,17],[-10,30],[-1,28],[15,61],[-29,-9],[-17,5],[-6,-27],[-29,-22],[-23,-9],[4,38],[-39,25],[-16,-29],[-15,-8],[-94,39],[-12,-11],[2,-53],[-47,2],[-12,-50],[36,-6],[-9,-30],[27,-45],[-21,-18],[-25,-1],[-4,-50],[-30,-26],[2,-45],[-10,-7],[-7,-36],[-31,-8],[-26,50],[-4,24],[-34,18],[-22,29],[-28,20],[16,35],[13,6],[-2,27],[22,50],[-23,1],[-45,-48],[-21,-10],[-32,36],[17,33],[17,13],[41,-20],[31,-3],[10,32],[32,15],[37,51],[-5,27],[16,35],[20,7],[37,39],[14,7],[15,27],[28,5],[4,15],[114,-5],[20,42],[34,-4],[7,13],[58,3],[32,-20],[-19,-20],[-35,-18],[-13,-27],[-77,22],[-11,-15],[-46,1],[-10,-15],[17,-37],[45,-13],[32,1],[16,-22],[35,-14],[17,7],[53,74],[48,-16],[55,24],[-7,24],[-60,29],[12,14],[-8,44],[18,41],[-21,10],[-1,28],[-40,29],[-39,-15],[-29,-45],[-20,6],[3,19],[-39,9],[-44,33],[22,12],[34,36],[37,15],[27,70],[-37,55],[6,19],[-28,9],[-21,19],[22,37],[32,-17],[36,32],[20,26],[-18,11],[15,27],[-43,27],[-38,-23],[-16,-47],[-24,32],[2,22],[-20,10],[-18,-13],[-31,13],[-43,-3],[-25,-20],[-9,-24],[42,-28],[-7,-56],[-29,6],[-17,-14],[-64,2],[-36,-4],[-23,-22],[-7,-21],[27,-5],[-2,-15],[49,-12],[20,-35],[-1,-24],[21,-21],[-8,-47],[-11,-21],[-18,-2],[-22,-23],[-3,-25],[-27,-6],[-42,1],[-22,41],[26,9],[39,-6],[32,25],[-49,22],[-15,17],[-36,22],[-22,-38],[-27,-5],[41,56],[-45,12],[-28,25],[-55,-10],[-27,-12],[-17,-22],[-33,20],[-3,17],[-33,12],[0,33],[-9,17],[-23,-15],[-18,-36],[-4,-79],[25,-36],[38,-2],[14,-20],[16,-39],[40,-26],[49,43],[61,4],[63,-48],[-9,-7],[-67,8],[-19,-20],[-20,10],[-18,-13],[-25,13],[-31,-17],[-27,3],[-34,-19],[-9,-45],[38,-3],[28,22],[10,-8],[-9,-28],[-23,-28],[52,-21],[-27,-23],[15,-16],[15,-37],[-50,-9],[-24,-15],[-43,-3],[-30,13],[-16,-18],[-59,26],[-3,36],[23,32],[-35,5],[-18,28],[-17,-27],[-58,23],[-51,5],[-13,10],[20,27],[-19,51],[29,0],[23,-30],[74,50],[32,18],[20,25],[-32,16],[-9,23],[-35,20],[-24,-41],[-45,20],[-37,5],[-25,-14],[-26,-4],[-7,-19],[12,-50],[-16,-28],[-30,-22],[-20,8],[-8,38],[-52,5],[-20,-20],[-8,-54],[-26,-16],[-38,-4],[-14,14],[-32,3],[-17,-42],[10,-9],[43,18],[32,-29],[5,-22],[-2,-37],[-11,-27],[-61,-20],[-24,5],[-23,36],[-52,21],[-28,-20],[43,-29],[-15,-13],[7,-42],[42,-26],[-36,-24],[-27,-11],[-3,-28],[-41,-3],[-36,-15],[-21,15],[-6,47],[-26,-4],[-36,-40],[-21,-8],[-3,-31],[-38,8],[-39,32],[-32,-6],[-17,-13],[-16,-34],[9,-35],[39,-39],[53,14],[26,22],[38,13],[66,40],[31,-43],[64,25],[12,-53],[35,-9],[29,6],[25,-9],[58,-39],[-33,-39],[1,-26],[-19,-38],[25,7],[1,-61],[20,-33],[24,-26],[9,-22],[36,-53],[22,-58],[8,-66],[1,-59],[-13,-37],[18,-24],[30,-11],[39,-1],[17,-15],[69,-107],[-1,-70],[-22,-33],[2,-36],[-9,-41],[1,-36],[-18,-29],[4,-12],[-27,-32],[69,-47],[-7,-22],[45,-9],[13,-82],[32,-50],[24,-12],[36,-2],[39,-25],[16,-22],[33,6],[28,-8],[63,-47],[23,13],[38,-32],[23,-6],[11,-24],[-3,-28],[7,-35],[18,-38],[30,-30],[-9,-31],[-44,-22],[-12,-17],[7,-20],[-9,-32],[0,-52],[21,-17],[-13,-29],[6,-61],[10,-40],[14,-21],[-11,-24],[-26,-28],[-22,-1],[3,-42],[-13,-26],[-20,-3],[-30,-24],[20,-112],[8,-28],[-12,-8],[20,-60],[48,-19],[14,-13],[30,-2],[51,19],[15,30],[38,-8],[42,12],[27,0],[11,37],[18,24],[34,-5],[16,-13],[29,32],[6,41],[51,5],[15,-29],[25,-22],[15,-55],[46,-30],[6,-51],[20,-33],[16,1],[14,-30],[20,-17],[39,-12],[8,-41],[-17,-33],[9,-29],[17,-23],[-11,-13],[7,-47],[53,-9],[18,-26],[-26,-22],[-77,-15],[-42,9],[20,24],[-24,19],[-30,2],[-7,-43],[-14,-28],[9,-51],[45,6],[44,-27],[6,-26],[16,-24],[130,16],[27,-62],[-32,-41],[1,-18],[-26,-53],[-9,-42],[-15,-23],[9,-43],[-3,-28],[-29,-11],[-56,-67],[-18,-28],[-65,-33],[-12,-17],[-31,-14],[7,-26],[22,-14],[-5,-49],[-42,-17],[-68,-44],[-2,-23],[14,-54],[-26,-38],[-68,-21],[-27,15],[-19,0],[-29,-20],[-32,-36],[-14,-5],[-12,29],[-29,-3],[-2,-74],[-20,-8],[-58,-4],[-23,40],[-6,55],[-46,47],[-10,39],[14,41],[-2,24],[-28,19],[-1,-44],[-37,-37],[-33,17],[7,31],[-23,16],[-22,-14],[-8,-38],[-58,-7],[-19,-25],[-68,37],[-49,6],[-16,39],[1,14],[-14,38],[-39,15],[-11,21],[-22,17],[-51,12],[-14,19],[30,28],[-9,19],[-24,10],[-33,-6],[-21,23],[-8,37],[-17,28],[-22,8],[-18,29],[6,24],[-24,8],[-25,-11],[-29,17],[-13,-4],[-72,37],[-29,1],[-10,45],[-28,20],[-57,8],[-28,-29],[-14,-23],[-41,-43],[-12,-21],[1,-24],[13,-29],[-76,-48],[-40,-17],[-19,-23],[6,-52],[-22,-18],[-9,-24],[-44,3],[-15,-39],[-65,-13],[-11,-20],[-33,33],[-4,25],[-15,14],[-24,1],[-14,22],[-24,2],[-35,23],[-7,47],[-13,17],[-42,23],[5,28],[41,34],[9,22],[35,35],[4,16],[43,34],[-14,30],[-33,-2],[-25,7],[-17,38],[-18,15],[-50,13],[-26,26],[-54,40],[-31,15],[-71,46],[-22,32],[38,47],[-14,24],[-74,21],[-16,12],[9,40],[-10,39],[-33,6],[-30,22],[2,47],[12,13],[49,22],[40,8],[28,17],[7,24],[-6,25],[11,31],[15,7],[3,57],[16,49],[-2,23],[-36,37],[-14,45],[4,27],[39,24],[5,13],[-36,51],[-28,85],[-20,21],[-67,87],[-23,40],[0,16],[22,32],[12,30],[-13,18],[-52,103],[-43,53],[-16,44],[-20,15],[-44,2],[-25,12],[-14,46],[-1,24],[12,33],[61,32],[69,24],[41,63],[67,42],[29,13],[18,19],[37,18],[17,25],[28,23],[17,3],[46,30],[49,65],[20,15],[52,14],[38,54],[7,43],[-24,53],[-16,90],[-1,37],[15,27],[73,28],[71,18],[15,9],[47,67],[39,18],[79,-31],[42,5],[4,21],[-18,8],[-54,54],[2,24],[16,3],[55,-7],[12,23],[22,16],[-17,12],[-34,-10],[-68,13],[-24,24],[1,23],[-73,14],[-4,34],[15,31],[43,17],[-29,16],[-20,-2],[-50,19],[-16,16],[4,37],[-37,-6],[-27,17],[44,59],[-37,38],[-40,19],[17,45],[-56,3],[-30,16],[-34,7],[-28,15],[14,21],[61,43],[13,25],[0,20],[-32,53],[-92,32],[25,62],[29,-7],[19,28],[28,10],[36,34],[-8,21],[14,45],[-12,19],[26,29],[25,55],[17,0],[33,-44],[26,0],[62,19],[12,51],[19,24],[34,9],[19,20],[28,-15],[12,8],[-13,37],[4,10],[-39,44],[4,22],[36,12],[-30,17],[-2,55],[6,22],[17,8],[7,26],[33,31],[22,12],[15,-32],[17,-15],[37,-12],[12,23],[-5,21],[41,28],[15,17],[36,20],[73,-31],[32,-8],[26,16],[33,-20],[10,-13],[56,-8],[28,18],[44,-11],[16,-15],[38,45],[47,-2],[-2,29],[16,16],[51,-15],[-23,-38],[76,-22],[40,-3],[32,49],[27,11],[12,24],[28,12],[27,-4],[17,24],[30,14],[22,-1],[3,18],[29,-7],[27,12],[28,-30],[29,7],[23,26],[61,17],[56,-1],[26,16],[43,10],[3,37],[18,21],[10,49],[-13,40],[10,17],[-7,23],[-34,27],[-6,24],[-32,16],[15,21],[-56,19],[-39,30],[-30,7],[-25,31],[-11,69],[20,14],[43,-16],[15,33],[24,-5],[11,36],[32,49],[26,27],[18,29],[20,-1],[50,-17],[14,47],[-17,15],[-28,6],[-19,-30],[-29,22],[31,29],[12,22],[93,-25],[13,22],[7,34],[-3,45],[16,27],[23,17],[9,20],[44,11],[34,-21],[15,39],[-13,18],[24,31],[-12,6],[-25,53],[49,16],[23,23],[10,32],[45,20],[18,20],[23,6],[14,53],[1,30],[50,47],[9,34],[-29,9],[-7,19],[30,27],[-19,37],[23,24],[20,5],[32,36],[14,-4],[42,30],[11,44],[45,-2],[19,43],[13,12],[2,22],[-16,12],[-22,-10],[-32,14],[-17,16],[-39,19],[4,35],[-84,44],[-2,17],[39,7],[5,39],[32,11],[21,-2],[49,-16],[34,12],[13,20],[-11,40],[-33,15],[-42,38],[23,30],[26,17],[32,-22],[45,1],[17,54],[1,41],[-39,15],[-59,9],[-24,23],[8,13],[41,18],[16,-9],[33,19],[43,-27],[15,-45],[32,-5],[37,13],[23,-8],[11,13],[-8,27],[27,12],[-22,26],[-41,7],[-3,23],[36,50],[53,19],[20,2],[11,-28],[32,17],[-21,37],[22,20],[19,43],[52,-7],[26,22],[-29,17],[-3,13],[41,4],[25,10],[-9,41],[-40,36],[-54,4],[-23,20],[-23,-4],[-23,13],[10,34],[31,13],[1,28],[-26,51],[8,27],[28,24],[8,-17],[42,3],[32,13],[2,36],[17,35],[1,24],[-28,22],[-46,4],[-28,14],[-31,-27],[-72,-8],[-23,37],[-35,2],[26,37],[40,46],[-14,22],[1,37],[-40,-6],[-10,26],[-27,22],[-24,29],[6,34],[-42,20],[5,35],[-36,-14],[-30,7],[-10,18],[25,8],[-25,24],[1,23],[-24,43],[-31,-3],[-12,51],[37,15],[61,11],[-27,76],[-50,55],[27,41],[25,49],[-15,18],[-39,13],[-46,-5],[-25,-12],[-54,-48],[-22,-11],[-26,13],[0,20],[18,31],[33,31],[-7,29],[-63,17],[-74,31],[-31,-1],[-44,-28],[-44,-2],[-37,8],[-35,31],[-103,113],[-30,49],[-15,15],[-43,11],[-57,-4],[-50,18],[-69,56],[-21,-5],[-31,-36],[-25,3],[-11,13],[12,42],[-27,14],[-36,-13],[-42,1],[-49,-14],[-12,-9],[-21,-66],[-45,-6],[-107,31],[-33,-22],[-25,-49],[-29,-7],[-39,8],[-53,-12],[-18,9],[-26,34],[-69,8],[-38,30],[-48,26],[-94,4],[-37,14],[-72,6],[-36,46],[-29,55],[-21,22],[-26,0],[-71,-22],[-37,-6],[-57,90],[-13,51],[-17,21],[-28,10],[-39,-3],[-63,-22],[-84,3],[-80,-26],[-17,-14],[-19,-33],[7,-56],[-13,-30],[-30,-4],[-36,13],[-22,21],[-33,15],[-43,9]],[[34550,66207],[-8,28],[-27,23],[-4,15],[-30,49],[-22,51],[21,2],[21,-42],[61,20],[21,-2],[15,48],[22,-1],[53,27],[21,47],[24,27],[-51,51],[-32,-20],[-32,-6],[-4,30],[-26,8],[-11,23],[-21,-6],[-9,-23],[-24,-17],[-19,4],[-16,22],[-31,11],[-24,-6],[-53,23],[-36,-14],[-47,21],[-40,-8],[-28,6],[-21,-7],[-22,-22],[9,-16],[25,0],[0,-43],[-57,14],[-12,-34],[15,-7],[21,-35],[-59,0],[4,-33],[-83,42],[-51,1],[-27,11],[11,-52],[-7,-51],[8,-35],[-25,6],[-49,-64],[-17,-3],[-16,26],[38,25],[9,22],[-35,2],[9,38],[-17,32],[0,18],[-43,16],[-25,-4],[-32,-34],[-20,-10],[-36,9],[-30,38],[-33,-23],[-33,-10],[-18,11],[-8,29],[-47,13],[-39,-8],[-1,23],[-30,11],[8,-37],[-15,-76],[-35,4],[-12,20],[-19,-1],[-26,40],[-31,11],[-36,2],[-25,21],[-22,-2],[-26,15],[-15,-8],[-28,18],[-30,0],[-16,14],[-41,-27],[-24,6],[-15,20],[-25,10],[-16,18],[-48,1],[-26,-52],[-25,14],[-46,-3],[-25,-32],[-25,-43],[18,-7],[17,-33],[-18,-36],[-56,8],[-17,-30],[-17,0],[-8,21],[-25,4],[-14,-19],[-21,-3],[-5,-36],[-27,-12],[-127,-41],[-32,4],[-7,-35],[-36,-14],[3,32],[-27,-7],[-28,-25],[-49,-2],[-12,-21],[-63,-11],[-48,16],[-56,-12],[-28,20],[0,38],[12,14],[-45,17],[-22,-4],[0,-31],[-7,-32],[5,-28],[-45,-95],[5,-30],[47,-32],[-20,-31],[-36,-37],[-28,-10],[-80,-13],[5,26],[45,53],[-8,26],[-43,14],[-43,-31],[-36,9],[20,43],[-30,29],[3,28],[-19,4],[-10,26],[-43,20],[-35,45],[25,15],[58,18],[30,28],[-15,33],[8,16],[29,-3],[26,16],[14,25],[18,-11],[25,15],[-5,28],[28,8],[74,43],[35,6],[79,29],[102,30],[47,3],[54,10],[31,54],[34,-24],[75,57],[93,45],[32,24],[35,-35],[20,16],[-2,25],[79,6],[31,14],[47,28],[22,-15],[56,4],[28,28],[-11,30],[41,-3],[-19,35],[7,21],[-31,10],[-4,32],[-37,-3],[-16,-21],[-12,-53],[2,-45],[-63,12],[-21,21],[0,36],[-54,39],[13,45],[-46,23],[-24,-60],[-25,-39],[-80,28],[-19,-20],[-8,-23],[-21,8],[-15,23],[-29,5],[-45,-3],[-20,13],[3,20],[-60,18],[-55,-29],[17,60],[16,5],[15,64],[-36,16],[-58,4],[-17,-8],[-10,-31],[-61,5],[-15,8],[24,39],[2,16],[-15,20],[-59,10],[51,40],[59,-20],[43,42],[42,-3],[64,30],[25,-8],[31,4],[20,19],[-3,29],[-18,21],[55,38],[-12,41],[40,30],[47,-17],[29,-5],[17,16],[32,-1],[57,48],[20,33],[-19,12],[-33,36],[-53,-3],[-18,29],[26,30],[1,29],[-34,0],[9,28],[-62,53],[-21,-14],[-16,9],[-12,24],[30,33],[-24,12],[7,25],[-12,12],[-34,8],[-10,27],[26,0],[50,52],[0,65],[-21,14],[-14,-28],[-43,1],[-29,-6],[-26,-30],[-21,21],[-100,30],[-9,42],[-41,-1],[-58,43],[-2,19],[-30,30],[-77,21],[-38,-21],[-10,21],[-106,24],[-5,60],[-22,23],[-35,20],[16,47],[2,29],[41,13],[-2,24],[-15,13],[-41,6],[-10,28],[-57,21],[-11,20],[8,40],[-7,17],[-29,15],[4,11],[-30,25],[-30,-12],[-21,11],[-42,6],[-53,31],[0,41],[31,14],[-38,21],[-6,27],[5,45],[22,1],[23,39],[25,18],[-48,27],[-33,-19],[-59,51],[5,13],[50,54],[44,41],[22,38],[-27,32],[3,41],[-16,13],[1,86],[-37,19],[-27,-8],[-61,11],[-6,51],[57,26],[0,11],[-39,53],[12,17],[-13,31],[13,22],[-9,39],[-25,30],[-54,4],[-7,16]],[[31346,69407],[23,33],[28,18],[-6,30],[53,8],[28,-9],[36,19],[13,54],[49,28],[39,-17],[55,21],[44,1],[24,-13],[56,-6],[31,20],[-37,30],[-4,43],[39,36],[39,-11],[21,-26],[38,-28],[74,42],[19,25],[6,22],[-9,61],[9,17],[-15,25],[58,31],[33,-44],[17,2],[33,25],[44,-26],[25,28],[28,64],[-3,29],[-86,0],[-7,29],[15,19],[28,-2],[40,19],[4,24],[-49,28],[-23,54],[-44,29],[12,16],[-6,18],[-74,12],[-10,26],[28,8],[26,31],[-4,19],[-36,34],[-39,26],[-13,23],[23,33],[4,31],[27,-7],[12,-34],[23,8],[-9,25],[8,28],[32,23],[10,16],[-17,21],[-47,6],[-2,21],[32,13],[9,14],[-15,26],[5,19],[31,19],[38,-19],[69,25],[20,24],[-2,37],[-9,12],[-33,-5],[-17,-12],[-51,24],[-42,-40],[-17,12],[4,38],[-8,33],[22,13],[42,-15],[28,-32],[29,17],[9,31],[-8,14],[-35,16],[-5,17],[16,15],[71,29],[3,29],[-35,5],[-17,-11],[-26,3],[-20,-11],[-32,23],[-28,9],[-29,-1],[-7,64],[13,5],[25,37],[15,66],[-20,22],[-63,47],[-35,11],[3,28],[49,21],[32,20],[30,44],[-6,20],[-41,55],[-29,8],[-32,31],[22,5],[13,34],[-21,33],[-48,-12],[-5,29],[-35,2],[-52,21],[6,25],[-16,54],[-67,-8],[-47,10],[19,34],[-47,20],[-19,-13],[-40,28],[-16,30],[6,42],[-25,0],[-21,11],[-22,-5],[-14,13],[-8,30]],[[31556,71756],[5,26],[-44,14],[-13,23],[-31,28],[-57,37],[-24,46],[14,52],[30,29],[11,20],[40,5],[40,12],[17,14],[3,53],[-37,28],[-28,12],[-25,23],[12,33],[3,41],[10,18],[1,27],[31,16],[-9,27],[-24,27],[9,38],[-32,10],[-40,0],[-46,-23],[-18,28],[16,26],[-49,43],[-53,-4],[-18,15],[12,37],[-9,20],[-21,-3],[-50,19],[1,32],[-48,22],[42,21],[-19,9],[-46,-4],[-43,26],[-11,16],[7,48],[60,-14],[4,36],[14,23],[-8,26],[-18,25],[2,32],[-25,22]],[[31094,72893],[-4,10],[-61,18],[4,31],[-9,17],[30,21],[51,-3],[25,-25],[26,8],[-2,42],[17,12],[7,46],[-5,23],[-28,15],[-7,15],[-32,18],[-36,0],[-21,15],[2,29],[-15,41],[7,27],[18,14],[7,52],[-28,35],[-11,38],[8,13],[-17,55],[-31,-1],[-37,11],[13,46],[-11,17],[-13,81],[-74,20],[-32,41],[8,26],[26,20],[17,26],[-4,52],[-40,31],[1,25],[23,22],[0,30],[15,47],[-25,41],[11,7],[-4,32],[-35,33],[2,28],[60,34],[-2,57],[-36,53],[36,73],[11,33],[19,15],[7,43],[-13,11],[16,44],[-5,14],[-37,15],[-49,-4],[-22,14],[-8,21],[11,21],[-19,44],[17,18],[39,2],[50,26],[-40,21],[-21,20],[-16,53],[4,20],[39,25],[13,25],[-8,33],[-36,10],[-42,27],[0,47],[18,13],[17,30],[-13,24],[-30,21],[-26,34],[-33,2],[-8,25],[-16,16],[4,25],[17,17],[0,18],[20,33],[34,8],[30,25],[-21,29],[-55,18],[-31,34],[-40,16],[9,20],[29,7],[38,-1],[23,48],[-27,12],[-11,17],[14,46],[30,19],[13,-9],[44,21],[6,21],[26,22],[-8,40],[27,17],[-14,27],[15,8],[31,51],[-37,51],[-37,16],[0,28],[17,19],[-10,35],[-31,13],[-24,25],[-1,17],[19,31],[46,1],[26,7],[16,54],[57,24],[16,20],[0,20],[22,16],[-5,96],[19,43],[21,13],[25,-1],[16,19],[2,21],[-6,63],[-22,4],[-25,24],[-2,31],[16,20],[30,2],[16,13],[28,4],[20,15],[10,30],[25,16],[29,58],[24,13],[11,31],[-1,26],[49,18],[20,26],[32,22],[-3,32],[13,19],[10,57],[-20,27],[29,16],[41,36],[75,11],[52,-9],[48,53],[55,26],[17,24],[45,24],[19,-15],[60,5],[58,46],[-46,6],[-22,17],[7,12],[28,-1],[16,34],[20,23],[-18,13],[20,73],[19,23],[29,-2],[39,8],[18,-10],[47,57],[29,8],[21,35],[58,70],[2,17],[66,83],[35,26],[26,86],[24,7],[85,65],[43,19],[14,25],[-29,42],[0,11],[27,34],[19,49],[31,19],[9,28],[-44,14],[-17,20]],[[32376,77911],[-3,19],[-30,40]],[[39914,16590],[-1,-38],[-13,-36],[-11,-68],[-33,-134],[-23,-76],[-37,-182],[-11,-89],[-2,-129],[12,-66],[18,-53],[17,-26],[25,-22],[2,-25],[49,-94],[34,-55],[28,-72],[25,-125],[16,-52],[30,-60],[-1,-13],[38,-18],[-23,-57],[-6,-40],[6,-72],[28,-159],[13,-51],[16,-104],[11,-94],[7,-154],[-2,-100],[-6,-106],[-2,-80],[3,-58],[-5,-40],[2,-47],[-4,-51]],[[40070,13432],[32,-1],[3,-94],[-3,-151],[10,-156],[1,-170],[-2,-62],[4,-105],[13,-119],[1,-77],[6,-97],[6,-61],[-1,-28],[15,-147],[4,-89],[-1,-49],[9,-90],[22,-103],[20,-66],[-3,-57],[-16,-35],[-32,-31],[-18,-9],[-131,-25],[-34,1],[-55,-7],[-99,-6],[-191,20],[-110,13],[-18,7],[-72,13],[-60,22],[-70,8],[-85,14],[-24,-2],[-70,12],[-54,1],[-50,7],[-15,11],[-40,11],[-111,7],[-111,0],[-123,5],[-86,1],[-31,-3],[-40,-45],[-10,-29],[-43,-15],[-59,-7],[-24,-9],[-35,-22],[-34,-32],[-31,-11],[-94,-85],[-20,-34],[38,-22],[2,-22],[-30,-29],[-16,-31],[-33,-22],[-31,-10],[-18,-22],[-10,-37],[6,-31],[-10,-20],[-28,-16],[-4,-52],[27,-22],[-14,-9],[-14,-45],[-5,-30],[10,-37],[32,-50],[27,-4],[20,-27],[5,-23],[-5,-25],[12,-20],[36,-19],[-74,-40],[-87,-88],[-58,-67],[-11,-23],[-29,-22],[-53,-51],[-19,-24],[-55,-51],[-4,-40],[-88,-84],[-3,-18],[-19,-27],[-3,-35],[17,-8],[-16,-39],[-44,-44],[-32,-20],[-47,-57],[-13,-46],[-28,-24],[-33,-44],[-7,-26],[-61,-22],[-23,-23],[-57,-75],[-5,-14],[-28,-25],[-11,-20],[-35,-31],[-17,-34],[-31,-31],[-19,-38],[-16,-47],[4,-22],[-38,-83],[-18,-27],[-29,-16],[-31,-36],[-22,-40],[-3,-22],[-25,-77],[-12,-79],[3,-55],[-23,-65],[4,-42],[-34,3],[-18,-9],[-4,-31],[16,-60],[48,-86],[57,-84],[37,-40],[88,-86],[27,-30],[131,-111],[77,-53],[94,-56],[21,-6],[60,-5],[55,-13],[64,-1],[18,-7],[29,11],[19,-2],[57,-23],[76,-3],[100,1],[31,26],[73,3],[20,-4],[54,4],[23,16],[24,44],[54,36],[15,2],[43,19],[35,-10],[28,-16],[17,-36],[-26,-37],[0,-11],[-47,-50],[8,-19],[40,-49],[42,-42],[29,-21],[90,-82],[51,-32],[60,-46],[69,-61],[-7,-14],[-34,28],[-82,43],[-82,52],[-72,49],[-159,84],[-93,32],[-55,11],[-111,-3],[-25,-3],[0,25],[-25,15],[-21,-6],[5,34],[12,13],[-61,0],[-128,-18],[-21,-22],[-27,-6],[-31,8],[-36,-7],[-20,-10],[-76,-15],[-57,3],[-34,-3],[-168,31],[-53,5],[-16,7],[-48,4],[-90,-6],[-97,-19],[-33,-24],[-26,-33],[-14,-1],[-98,26],[-31,-11],[-33,-1],[-2,-17],[-37,-1],[-44,-8],[-8,-11],[-50,-18],[-31,-2],[-46,-25],[-47,-7],[-20,-11],[-31,-7],[-26,-16],[-69,-13],[-31,-10],[-33,-27],[6,-26],[-16,-14],[-100,21],[-70,-5],[-24,-11],[-46,-34],[-6,-32],[25,-31],[22,-13],[-78,-9],[-61,-12],[-48,-16],[-52,-28],[-22,-20],[-17,-4],[-41,17],[-53,7],[-39,0],[-65,-6],[-66,-13],[-26,-10],[-78,-6],[-39,-6],[-138,-36],[-48,-26],[-93,-68],[-37,-37],[-58,-46],[-76,-53],[-106,-82],[-53,-36],[-36,-36],[-17,-2],[-64,-40],[-50,-36],[-61,-65],[-39,-51],[-34,-63],[-26,-64],[4,-31],[-15,-1],[-20,-23],[-8,-40],[3,-34],[-10,-28],[-2,-38],[12,-39],[-14,-12],[-2,-37],[-18,-31],[8,-69],[-7,-34],[24,-35],[5,40],[73,-23],[7,-21],[22,18],[1,38],[-6,40],[16,0],[1,-38],[-7,-47],[7,-6],[-25,-40],[-109,-91],[-40,-88],[-37,-40],[-8,-16],[1,-60],[-15,-128],[2,-23],[24,-36],[9,-24],[-15,-73],[-33,-92],[17,-36],[26,-117],[-45,-55],[2,-14],[-19,-22],[-96,-80],[-67,-69],[-47,-54],[-7,-38],[-15,-38],[2,-36],[25,-19],[-127,-30],[-124,-45],[-38,-21],[-34,-30],[-34,-40],[-38,-36],[-118,-65],[-55,-51],[-26,-19],[-76,-32],[-54,-15],[-40,-16],[-29,-74],[-57,-53],[-16,-7],[-23,-26],[-5,-42],[8,-37],[-17,-33],[-23,-22],[-67,-20],[-54,-36],[-54,33],[-32,28],[-172,-15],[-67,-10],[-87,-10],[-55,-26],[-58,1],[-70,-26],[-18,-28],[-40,-36],[-2,-56],[16,-29],[-32,-15],[-19,-38],[-85,0],[-16,15],[-62,7],[-109,21],[-98,16],[-144,35],[-60,22],[-65,16],[-39,19],[-28,2],[-59,15],[-22,-1],[-7,-14],[-26,-2],[-40,31],[1,18],[-18,31],[-80,53],[-65,30],[-25,-2],[-52,34],[-40,51],[-131,75],[-36,46],[-70,60],[-177,125],[-9,9]],[[30712,5070],[16,44],[37,-5],[13,17],[17,-3],[-12,39],[36,4],[35,23],[65,-3],[34,16],[15,-45],[17,13],[-26,39],[-13,28],[29,23],[-4,28],[-16,16],[-45,-23],[0,33],[13,5],[-1,44],[-30,10],[34,17],[22,-18],[50,40],[3,29],[49,48],[-3,31],[14,10],[21,41],[70,8],[-6,42],[-41,36],[-10,28],[8,23],[-7,20],[-32,19],[1,11],[30,17],[11,19],[24,-1],[36,-16],[26,-36],[18,3],[25,29],[37,3],[16,44],[29,62],[29,27],[-33,43],[3,19],[-16,23],[-11,38],[-12,15],[-23,8],[-8,22],[-28,19],[20,16],[-2,39],[-26,6],[-32,16],[-8,29],[-25,12],[-36,33],[-20,48],[-26,17],[22,39],[-18,42],[-21,31],[-3,16],[-34,19],[-25,34],[5,22],[-31,37],[10,19],[35,-20],[27,0],[20,27],[11,43],[12,21],[19,-14],[31,13],[-13,20],[32,28],[20,4],[7,74],[36,8],[15,16],[1,31],[21,13],[37,48],[-15,30],[10,13],[-18,21],[9,12],[-11,43],[-40,6],[-25,19],[3,40],[-37,19],[-22,1],[-11,42],[20,25],[-9,10],[-37,15],[-32,-24],[-22,-1],[-8,14],[16,26],[-11,25],[11,25],[-19,25],[-3,21],[-17,15],[-25,-3],[-17,74],[-40,11],[-18,29],[-24,19],[5,16],[-12,23],[22,2],[25,24],[-1,21],[22,30],[54,7],[14,-13],[19,2],[14,43],[30,31],[12,31],[-12,28],[23,53],[22,3],[28,30],[14,23],[36,24],[18,-1],[23,52],[49,45],[-7,38],[8,35],[-13,35],[-41,12],[15,23],[47,14],[1,14],[34,37],[1,17],[-20,44],[15,30],[-4,20],[14,20],[-3,24],[6,31],[17,5],[-2,25],[-16,35],[-1,29],[20,2],[37,30],[10,27],[-9,58],[15,4],[38,-10],[33,8],[0,24],[36,54],[8,25],[-12,34],[5,24],[26,49],[-24,37],[11,28],[14,9],[16,37],[3,22],[24,21],[8,20],[24,21],[39,-24],[52,22],[-3,31],[22,8],[13,25],[-10,8],[0,49],[12,16],[34,26],[-15,20],[-26,10],[-11,20],[-41,-16],[-16,19],[-25,6],[-26,27],[1,53],[-15,22],[-29,6],[-9,25],[9,19],[24,19],[-14,31],[5,21],[30,5],[-1,13],[-39,14],[-31,-53],[-20,-48],[-24,18],[-24,4],[3,28],[-13,32],[-24,8],[-40,-7],[-46,-46],[-70,-39],[-20,3],[-37,30],[-35,8],[-29,-12],[-40,37],[-1,16],[-42,24],[2,19],[-24,12],[-45,-18],[-5,-9],[-52,16],[-20,13],[2,23],[27,25],[-7,25],[18,25],[1,38],[25,16],[0,18],[26,25],[28,53],[13,14],[-16,31],[11,30],[-1,36],[46,7],[17,13],[-11,50],[23,41],[-2,14],[19,27],[-26,29],[-5,31],[46,8],[10,19],[26,7],[0,33],[-22,28],[-26,3],[-20,13],[-10,24],[13,31],[-16,23],[18,14],[31,7],[-3,27],[-35,4],[-22,13],[-15,42],[18,23],[-9,40],[1,26],[39,26],[7,39],[22,42],[50,53],[26,-3],[42,39],[-1,40],[-13,9],[-24,39],[-3,16],[14,27],[-33,23],[29,47],[-7,27],[-18,11],[-19,29],[-52,42],[-14,28],[-29,12],[-15,29],[-50,30],[-1,35],[-9,27],[22,39],[35,-2],[47,22],[11,14],[33,8],[28,-21],[44,-10],[9,18],[23,11],[-10,115],[11,35],[-2,27],[11,28],[19,14],[4,37],[36,32],[-24,46],[-27,10],[-53,-1],[-19,-16],[-6,96],[21,15],[-43,58],[-10,3],[-30,43],[-15,44],[-24,22],[3,51],[23,27],[0,45],[-136,6],[-66,13],[-51,-33],[-34,-34],[-78,-40],[-28,-27],[-64,-9],[-17,-20],[-15,13],[-46,-34],[-43,-15],[-34,-36],[-42,-11],[31,-39],[-4,-28],[-41,-36],[-44,-7],[-48,-22],[-24,-17],[-24,-30],[-19,0],[-9,-16],[-21,-9],[-38,9],[-8,14],[-106,30],[-60,-22],[-39,12],[-21,25],[-26,64],[-19,0],[-25,26],[-37,20],[5,56],[-15,16],[-27,-22],[-15,6],[-35,-20],[-10,24],[-22,21],[-28,8],[2,37],[7,10],[17,63],[-5,30],[34,37],[-3,20],[12,15],[-15,23],[-47,47],[-24,20],[35,27],[-12,26],[-16,-5],[-9,24],[-23,21],[41,89],[7,156],[40,124],[-1,19],[-22,13],[2,43],[13,23],[-19,31],[14,25],[2,48],[-23,10],[-17,-10],[-32,22],[3,26],[-23,30],[9,51],[22,-5],[34,11],[29,-11],[47,2],[17,-8],[33,3],[19,15],[30,6],[7,29],[-22,66],[-1,28],[-26,0],[-12,25],[15,27],[3,22],[36,59],[31,-1],[6,13],[-15,25],[4,27],[21,29],[3,27],[24,32],[-1,32],[13,36],[-22,58],[0,23],[-40,8],[-65,-5],[-21,30],[-53,5],[-11,22],[30,30],[-19,49],[-26,11],[-30,24],[-4,33],[-41,11],[-25,15],[-67,11],[-18,22],[-23,9],[-40,-12],[-25,22],[-28,5],[-12,-11],[-28,-5],[-5,12],[-54,29],[-53,22],[-44,0],[-63,26],[-60,41],[-11,28],[30,15],[-3,24],[13,28],[-3,29],[66,70],[-2,15],[13,48],[36,60],[29,17],[26,29],[39,0],[49,-8],[26,-14],[59,-16],[24,15],[62,13],[5,20],[26,34],[-26,-3],[-19,-27],[-20,-8],[-44,4],[-24,15],[-3,13],[-50,15],[-9,54],[37,20],[-12,48],[-11,-1],[-15,31],[18,33],[-2,73],[-48,4],[-9,-14],[-21,17],[-22,41],[-23,5],[-8,-31],[-14,1],[-5,25],[-13,14],[-18,43],[10,25],[56,44],[29,-2],[25,22],[-11,45],[29,27],[-55,39],[-42,36],[-30,4],[-49,-19],[2,-19],[-21,-20],[-79,-40],[-10,0],[-80,-51],[-14,5],[-31,-11],[-50,17],[-229,-39],[-62,29],[-21,45],[-36,10],[-55,-2],[-36,-6],[4,-46],[-23,-5],[-28,-19],[-21,37],[-47,1],[3,13],[33,8],[14,112],[45,19],[71,43],[87,33],[31,8],[17,59],[53,27],[12,12],[-22,14],[-7,31],[43,56],[-9,48],[2,44],[-135,-16],[23,19],[9,39],[-145,39],[-50,18],[-135,97],[-18,16],[10,61],[-70,-18],[-72,45],[-28,21],[-77,26],[-13,12],[-56,-45],[-71,45],[-35,-7],[-1,28],[-35,29],[-37,-19],[-30,14],[-59,-44],[4,65],[10,48],[-17,44],[-20,34],[33,3],[-1,29],[-13,31],[-44,75],[20,23],[34,17],[26,25],[39,22],[21,-2],[16,24],[24,-35],[34,0],[22,-63],[27,21],[19,-3],[22,35],[46,28],[15,-28],[49,7],[42,30],[37,12],[1,21],[20,12],[-2,40],[16,18],[63,15],[70,-2],[25,7],[31,26],[-1,20],[-23,13],[-17,42]],[[28439,16197],[41,-9],[45,3],[26,19],[36,38],[26,14],[-3,21],[27,-2],[51,24],[24,20],[67,-34],[26,-18],[43,-56],[-7,-23],[19,-43],[-6,-13],[27,-52],[-5,-25],[34,-23],[47,-14],[21,13],[24,-7],[3,-17],[45,1],[10,-10],[53,19],[72,0],[72,8],[45,-7],[62,7],[65,-5],[55,3],[36,-4],[29,14],[27,-14],[18,5],[16,-11],[57,1],[14,-13],[46,-1],[29,-12],[18,11],[57,-37],[28,-4],[29,12],[6,49],[-24,6],[-19,53],[-37,25],[-3,31],[17,37],[11,6],[28,81],[20,36],[21,22],[1,22],[40,44],[48,31],[-1,27],[27,53],[7,42],[-5,19],[15,28],[27,34],[46,-11],[33,3],[41,-16],[23,13],[18,-2],[18,-32],[29,-15],[21,44],[25,35],[-1,36],[36,-9],[66,18],[14,-13],[44,-20],[30,-35],[-11,-36],[-23,-28],[22,-16],[17,36],[35,30],[43,2],[20,-20],[-42,-48],[50,-61],[39,-38],[-6,-10],[82,-13],[34,-36],[10,2],[-20,66],[2,76],[-6,26],[93,-2],[31,30],[119,15],[25,20],[96,9],[72,-2],[37,32],[1,29],[81,-25],[3,-8],[46,-9],[20,29],[65,-51],[48,-58],[28,-16],[51,14],[34,15],[17,34],[14,-12],[65,6],[25,-8],[62,-38],[29,-7],[20,-18],[20,37],[28,18],[26,41],[8,56],[19,55],[9,7],[21,48],[-15,21],[12,73],[-17,22],[11,46],[21,15],[14,-17],[42,-21],[-11,36],[25,30],[-7,10],[12,35],[3,63],[37,-1],[30,-11],[20,2],[34,-15],[33,-5],[16,20],[63,12],[48,-18],[37,1],[26,11],[36,-7],[67,31],[17,-3],[59,11],[9,13],[29,-13],[40,-3],[19,16],[-2,29],[14,37],[62,138],[41,64],[19,21],[44,65],[50,26],[49,35],[29,70],[12,19],[30,23],[-4,16],[-25,20],[-37,19],[-34,42],[-1,39],[-14,26],[-25,23],[-14,34],[-32,10],[-37,-2],[-47,10],[-94,33],[-16,9],[-34,4],[-52,-10],[-35,19],[-30,-7],[-29,19],[-20,1],[-24,-19],[-58,-7],[-26,9],[-40,-14],[-52,25],[-16,-1],[-27,-18],[-19,2],[-38,-15],[-87,9],[-25,22],[-35,5],[-11,15],[35,67],[-14,32],[-25,11],[8,40],[16,12],[3,40],[21,12],[8,18],[21,-5],[25,11],[26,-21],[18,-2],[45,11],[19,42],[64,0],[4,22],[18,25],[26,1],[33,65],[12,33],[44,15],[25,34],[7,27],[41,8],[13,24],[5,42],[8,5],[9,98],[21,19],[-11,42],[10,48],[-7,43],[18,44],[8,50],[-29,31],[-33,-44],[-31,-26],[-39,-1],[-42,13],[28,21],[36,40],[43,23],[4,17],[-17,16],[-60,6],[-22,-4],[4,39],[-10,34],[3,29],[-20,19],[1,46],[-5,25],[16,18],[25,45],[-1,76],[16,24],[35,18],[-34,74],[10,56],[85,22],[48,6],[75,27],[56,-15],[8,-63],[38,-4],[49,8],[23,18],[2,53],[38,-11],[4,-26],[57,6],[2,40],[-21,20],[17,26],[71,-9],[13,13],[4,42],[13,2],[17,33],[-44,10],[6,31],[17,11],[52,4],[27,18],[9,36],[-33,16],[-19,18],[42,49],[27,42],[26,-5],[-12,35],[-12,2],[8,39],[27,-5],[-7,25],[7,28],[-48,9],[-12,26],[15,8],[8,23],[30,-13],[29,28],[23,-1],[32,20],[12,28],[39,-4],[10,-10],[24,11],[63,-9],[30,11],[19,-2],[16,30],[46,0],[1,20],[45,0],[25,20],[23,-12],[-5,-21],[-25,2],[2,-21],[38,-8],[-8,-19],[-47,-37],[5,-15],[-24,-43],[11,-33],[21,7],[26,-23],[22,1],[4,23],[15,30],[-20,19],[-2,26],[14,15],[30,-4],[0,-21],[43,-7],[-10,-38],[6,-12],[55,7],[-4,-25],[36,-19],[-4,-44],[62,1],[10,-9],[19,26],[-8,17],[-29,15],[21,25],[26,0],[3,43],[18,-8],[22,36],[67,-13],[10,17],[19,-9],[4,-24],[56,-14],[-9,-30],[42,5],[14,-28],[0,-20],[49,-27],[16,-16],[38,-9],[15,-11],[3,-21],[29,-33],[36,-3],[78,-36],[33,19],[24,1],[62,-17],[35,-20],[39,3],[23,-17]],[[34577,19806],[17,-50],[1,-26],[16,-25],[-33,-58],[-14,8],[-32,-20],[-36,-2],[9,-26],[-35,-25],[36,-8],[1,-14],[64,4],[29,-5],[8,56],[41,11],[56,-2],[27,-13],[52,-65],[16,-36],[16,-17],[17,2],[42,-15],[47,-42],[39,-1],[41,-41],[25,-7],[25,-22],[31,-8],[45,7],[71,1],[45,25],[23,-17],[86,-2],[21,-17],[24,26],[-13,144],[57,-14],[52,15],[14,19],[-3,50],[-13,7],[16,40],[28,-12],[22,9],[7,23],[-56,25],[-9,21],[-16,0],[-27,35],[14,17],[41,-14],[7,-19],[20,-13],[-5,-21],[58,-37],[9,-61],[13,-19],[20,-2],[47,28],[0,26],[23,11],[-24,25],[21,30],[11,35],[-12,21],[-9,44],[27,7],[10,25],[82,51],[2,52],[28,18],[-3,48],[25,12],[-21,95],[39,57],[6,48],[28,71],[14,19],[20,49],[2,22],[66,-7],[14,9],[-24,27],[-25,42],[-16,39],[7,20],[-65,67],[34,13],[15,20],[34,17],[35,29],[2,53],[71,-25],[97,-28],[9,68],[22,109],[88,-16],[38,-30],[124,31],[25,10],[9,25],[52,47],[27,-4],[72,-31],[65,17],[34,-6],[-2,31],[16,18],[21,5],[49,-10],[-12,-18],[-11,-54],[8,-15],[2,-118],[86,2],[41,9],[0,31],[-25,4],[-9,-10],[-44,4],[-7,15],[22,45],[20,13],[18,-4],[8,49],[12,3],[47,-11],[28,6],[20,-15],[45,7],[12,20],[35,8],[43,1],[30,-7],[19,-24],[20,-1],[66,-23],[14,-29],[57,-15],[27,-12],[2,-45],[34,-22],[24,-23],[20,7],[39,-6],[35,42],[21,2],[81,-17],[39,-35],[45,-11],[30,23],[44,9],[4,18],[20,43],[-31,-4],[1,32],[31,35],[-4,19],[-18,6],[10,42],[16,-19],[17,-3],[6,23],[44,14],[40,28],[34,14],[-1,31],[14,13],[-27,26],[-7,45],[-22,20],[-41,8],[16,28],[43,-5],[-1,11],[30,41],[24,-1],[-6,-28],[13,-45],[-16,-15],[18,-20],[29,25],[-2,48],[24,-3],[6,-34],[52,23],[11,-12],[6,-33],[6,-65],[10,-1],[76,14],[-3,-12],[-31,-15],[-17,-29],[44,-14],[9,22],[49,21],[-19,16],[28,9],[7,15],[52,4],[15,-38],[32,5],[24,29],[0,21],[-13,15],[-4,34],[-13,42],[25,4],[22,-10],[34,0],[-3,29],[-12,20],[17,21],[40,28],[134,-11],[3,26],[30,37],[-17,15],[12,16],[30,-7],[18,5],[-2,70],[-40,-1],[-13,16],[-34,-4],[-32,4],[-4,51],[-20,21],[26,24],[50,10],[1,40],[6,14],[36,1],[-4,33],[-50,-5],[-35,-35],[-6,26],[-16,9],[-29,-9],[-39,8],[-13,-8],[-4,41],[-18,11],[14,15],[38,13],[-1,28],[24,16],[24,-7],[29,11],[36,2],[5,33],[11,11],[32,-9],[36,-29],[83,4],[50,18],[52,-35],[2,24],[38,0],[14,7],[38,-18],[15,-37],[-8,-19],[16,-15],[-6,-21],[-26,-31],[22,-29],[-21,-25],[0,-33],[17,-9],[63,2],[53,-46],[29,-5],[27,10],[11,19],[6,61],[37,12],[6,-25],[21,6],[18,-10],[32,-32],[18,5],[0,37],[29,8],[-1,17],[32,5],[12,-21],[27,15],[5,-26],[23,-6],[15,17],[8,40],[17,-30],[36,-28],[0,-21],[-21,-22],[-31,-17],[20,-57],[16,-15],[25,11],[16,33],[25,-10],[20,-47],[-23,-3],[-11,-15],[-5,-26],[53,-20],[11,23],[32,0],[6,44],[16,-1],[6,-23],[25,-21],[15,-22],[-3,-28],[34,-2],[15,39],[43,-1],[37,34],[22,-3],[2,46],[-26,10],[-19,21],[-70,19],[-32,26],[-13,19],[-21,0],[-23,16],[-14,28],[28,23],[17,-9],[28,10],[27,33],[6,36],[21,4],[24,-26],[15,1],[20,-32],[21,-10],[34,23],[9,37],[16,18],[29,5],[40,-4],[12,-7],[70,2],[1,16],[33,-10],[16,41],[33,-19],[20,28],[70,25],[22,22],[22,36],[29,1],[20,-23],[23,14],[25,26],[14,47],[30,5],[15,30],[0,19],[-21,10],[-41,-1],[0,31],[-16,62],[44,2],[32,-8],[39,21],[-5,43],[2,87],[34,5],[6,30],[81,-5],[23,47],[4,18],[48,1],[57,-15],[6,61],[-44,20],[-28,-15],[-27,19],[-9,33],[-20,-9],[-35,-3],[-7,28],[4,27],[46,16],[39,-7],[13,-21],[97,-7],[20,29],[15,-3],[48,17],[25,-49],[-39,-28],[-2,-43],[6,-81],[71,-4],[21,19],[20,-5],[6,24],[15,16],[32,2],[22,-10],[23,8],[16,-9],[2,-32],[57,-11],[84,8],[80,-14],[54,-4],[32,-37],[24,-5],[30,100],[44,198],[15,6]],[[41526,22457],[29,-59],[48,-133],[2,-17],[33,-74],[25,-41],[52,-54],[16,-72],[2,-65],[21,-100],[12,-40],[21,-115],[6,-52],[-6,-129],[-16,-29],[-14,-53],[-3,-42],[-18,-47],[-36,-126],[-10,-18],[-10,-41],[-20,-47],[-31,-54],[27,-24],[-19,-30],[5,-21],[-25,-72],[23,-11],[-26,-37],[-27,-60],[-13,-62],[-12,-81],[-19,-52],[-20,-74],[-27,-138],[-15,-121],[-11,-64],[-8,-74],[-6,-91],[0,-68],[8,-52],[14,-14],[3,-23],[-30,-96],[-65,-152],[-52,-156],[-38,-94],[-13,-61],[-35,-88],[-8,-36],[-23,-61],[-31,-67],[-10,-32],[-17,-87],[0,-44],[-15,-92],[-21,-77],[-43,-86],[-70,-84],[-35,-35],[-89,-77],[-81,-82],[-37,-45],[-53,-74],[-65,-109],[-44,-56],[-83,-129],[-97,-139],[-75,-110],[-134,-201],[-37,-72]],[[40123,17320],[-34,-94],[-22,-75]],[[39955,16758],[-2,-10]],[[37951,8231],[18,-3],[-14,-31],[-57,-48],[-39,-8],[-49,37],[-11,30],[40,37],[28,8],[50,-23],[34,1]],[[38005,8221],[15,-18],[-5,-21],[-25,5],[-9,23],[24,11]],[[37486,8065],[25,-16],[-9,-13],[-79,25],[7,30],[28,-24],[28,-2]],[[37747,8120],[-63,1],[-20,-7],[-11,14],[26,14],[35,1],[33,-23]],[[35452,7692],[8,22],[19,-9],[-8,-20],[-19,7]],[[35782,7774],[12,-9],[-23,-30],[-36,3],[28,36],[19,0]],[[42862,48080],[38,14],[4,27],[19,9],[13,34],[-5,17],[34,24],[17,30],[18,51],[-1,27],[20,18],[4,18],[-1,57],[25,11],[35,29],[37,52],[8,41],[-2,25],[-14,12],[-18,39],[19,14],[-9,47],[7,25],[28,56],[-24,22],[-21,9],[-27,25],[30,45],[-10,33],[-19,11],[-10,25],[0,38],[49,78],[-11,46],[-11,15],[-21,5],[-7,48],[16,54],[25,39],[21,50],[-32,27],[22,5],[6,49],[21,11],[-6,20],[31,58],[30,22],[11,-10],[44,-2],[46,-38],[-1,-22],[63,14],[18,12],[36,-1],[-15,25],[5,20],[17,15],[18,42],[-5,15],[26,42],[18,14],[4,60],[17,43],[-22,18],[3,36],[41,22],[-11,23],[-18,8],[11,32],[-6,23],[-33,15],[-7,76],[48,63],[-1,38],[-15,25],[-43,4],[-7,33],[26,-10],[58,10],[28,45],[11,61],[15,35],[28,42],[4,68],[-4,15],[34,37],[-13,13],[3,18],[23,-5],[25,22],[38,149],[48,35],[12,1],[82,-11],[25,-22],[33,-49],[15,-29],[-7,-92],[41,-15],[9,-19],[38,7],[0,26],[29,0],[18,33],[-24,48],[16,30],[17,11],[-67,53],[-23,10],[-18,-7],[-5,34],[8,13],[46,28],[15,-12],[52,7],[29,-3],[6,52],[-5,30],[15,29],[-33,43],[-1,21],[42,19],[4,38],[-29,30],[-8,29],[14,27],[49,15],[36,33],[38,2],[44,13],[16,-27],[42,23],[13,21],[14,51],[15,31],[21,20],[36,20],[0,67],[-17,44],[5,22],[21,34],[-27,40],[-16,68],[-16,29],[7,15],[15,96],[-5,41],[4,22],[36,34],[70,28],[39,-2],[13,9],[15,45],[38,57],[52,5],[22,7],[22,-22],[5,-54],[-4,-17],[25,-20],[84,-15],[55,22],[46,44],[-7,43],[8,27],[38,0],[27,32],[36,-29],[25,-12],[28,-29],[22,4],[5,16],[25,1],[-15,45],[1,49],[18,7],[10,24],[30,-7],[9,-12],[43,-9],[12,-21],[24,13],[38,-1],[33,-17],[14,-37],[-7,-29],[25,-39],[-5,-48],[-6,-13],[28,-64],[35,3],[55,23],[20,30],[-17,26],[-3,22],[17,28],[38,8],[9,-8],[11,-41],[18,12],[-26,26],[28,26],[-23,12],[31,16],[18,-19],[16,11],[33,2],[34,-17],[23,49],[17,6],[11,21],[-4,26],[44,22],[6,-15],[24,-6],[18,41],[-4,23],[36,-2],[49,-36],[54,21],[0,45],[15,10],[64,-22],[19,4],[16,-28],[29,-7],[28,14],[30,-3],[23,22],[-16,37],[17,25],[25,-11],[59,10],[22,23],[-16,29],[-20,19],[-10,29],[-3,38],[6,28],[18,17],[28,2],[5,25],[33,19],[39,48],[18,5],[42,-11],[41,9],[33,30],[9,53],[11,11],[49,-13],[12,-32],[19,-28],[-19,-20],[28,-6],[47,59],[11,40],[-11,30],[-39,75],[-16,61],[8,22],[46,7],[5,37],[33,13],[31,42],[20,10],[-36,42],[-9,35],[10,29],[-8,41],[-42,55],[-8,22],[35,66],[-8,31],[3,35],[142,26],[55,-5],[29,23],[38,10],[29,-5],[27,17],[-5,25],[3,50],[29,-23],[44,41],[26,11],[27,22],[23,30],[21,16],[94,34],[5,35],[-6,21],[15,30],[-20,20],[3,22],[-22,29],[-9,40],[-23,13],[4,19],[-20,14],[-12,34],[26,32],[-8,23],[9,13],[27,1],[32,24],[-4,25],[43,-5],[39,19],[93,12],[39,-17],[39,12],[10,-10],[46,3],[39,51],[17,10],[9,27],[41,28],[33,-9],[52,-3],[5,-11],[60,1],[40,-19],[49,28],[-5,29],[5,26],[25,19],[38,10],[19,18],[-4,61],[-51,6],[13,41],[-19,11],[-2,25],[20,14],[16,68],[-20,24],[-7,25],[27,15],[24,53],[20,-1],[19,36],[8,36],[64,28],[-2,34],[22,82],[-24,48],[-24,0],[-57,19],[-17,11],[-3,23],[-32,28],[-22,31],[-19,3],[-54,-26],[-19,0],[-32,31],[9,26],[0,50],[-38,39],[-30,-17],[-4,18],[-45,-11],[-28,-13],[-21,6],[-24,-53],[-40,9],[-22,27],[-18,-15],[-32,7],[-11,13],[28,36],[-19,24],[30,12],[-20,26],[-3,19],[-44,-27],[-14,-15],[-32,31],[-49,-22],[-27,33],[16,20],[-18,71],[-20,10],[-20,34],[-23,-1],[-12,23],[11,92],[-33,3],[-20,15],[-23,41],[-41,48],[-53,9],[-11,-20],[-37,-16],[-42,-31],[-42,-7],[-18,15],[-70,-11],[-21,-11],[-54,13],[-12,26],[6,23],[-9,38],[-25,26],[-88,1],[-41,4],[-46,-3],[-19,60],[-57,-6],[-37,-31],[-12,-47],[-16,-3],[-60,-65],[-31,22],[-35,2],[-40,13],[-32,-13],[12,-49],[-15,-32],[-29,-27],[-3,-22],[-31,-37],[-42,12],[-15,26],[-6,39],[-31,29],[7,57],[-5,43],[5,16],[-13,32],[-89,-6],[-25,104],[27,28],[25,9],[11,-11],[27,1],[29,27],[-13,37],[22,32],[13,44],[8,51],[-8,36],[83,-15],[44,18],[3,30],[-7,24],[9,13],[93,25],[3,30],[37,70],[-26,14],[-4,18],[-30,30],[28,22],[-36,34],[-81,27],[-28,26],[20,38],[6,47],[-18,43],[-17,10],[1,18],[-24,50],[-63,-7],[-16,11],[3,21],[-31,34],[11,29],[35,3],[16,28],[-58,33],[-2,10],[27,25],[-5,39],[36,8],[36,-3],[25,17],[70,22],[7,18],[20,8],[16,-19],[5,-22],[32,-5],[17,-16],[10,-72],[38,4],[20,-15],[-11,-14],[18,-17],[-9,-33],[45,1],[41,-19],[-8,-25],[-16,-14],[44,-20],[17,-16],[29,-5],[74,-53],[61,-23],[17,18],[45,-5],[20,-22],[28,4],[14,20],[32,7],[2,16],[88,12],[15,32],[70,5],[14,16],[22,1],[20,13],[19,31],[18,15],[21,40],[33,-1],[31,-10],[-4,-18],[50,-16],[8,-14],[49,14],[19,-3],[18,14],[63,8],[32,-7],[37,-38],[45,-7],[39,-21],[-20,-25],[4,-24],[27,-3],[26,-16],[51,-7],[19,5],[19,-11],[41,1],[39,10],[33,-6],[23,17],[24,-10],[53,-12],[61,17],[33,-10],[22,9],[10,50],[32,22],[16,-2],[12,22],[33,9],[24,-35],[-24,-20],[-5,-28],[62,-20],[9,-44],[36,-5],[46,37],[36,14],[23,-10],[47,-5],[46,-28],[24,15],[44,-4],[39,-12],[26,-16],[12,18],[38,-13],[37,15],[45,10],[57,-22],[10,-18],[77,14],[94,5],[33,24],[60,-8],[40,-28],[22,-41],[28,-15],[47,3],[49,-6],[43,33],[13,-9],[30,7],[-8,50],[-33,25],[2,22],[29,-1],[22,12],[36,-18],[29,11],[60,-7],[31,15],[15,18],[89,22],[21,20],[33,18],[18,17],[28,-2],[30,56],[-59,49],[-1,9],[36,60],[40,-5],[36,14],[17,34],[35,14],[37,-3],[17,-8],[63,-1],[65,-5],[13,22],[-2,25],[50,10],[27,1],[30,14],[40,32],[10,34],[30,4]],[[51969,57207],[68,-17],[49,23],[80,-11],[46,-27],[19,-38],[49,8],[18,12],[27,-7],[10,-21],[1,-66],[23,-17],[20,-29],[14,-8],[70,0],[60,-16],[29,-15],[25,-3],[27,-15],[1,-15],[25,-32],[-3,-20],[-31,-33],[5,-49],[25,-37],[20,-40],[29,-25],[41,-55],[-7,-65],[22,-53],[15,-16],[43,4],[30,-8],[21,-16],[2,-15],[-17,-24],[-22,-7],[-19,-22],[20,-18],[38,9],[19,-4],[71,-29],[17,6],[46,-17],[53,-12],[33,10],[36,-19],[7,-25],[-16,-14],[3,-16],[33,-1],[33,-25],[25,23],[38,-12],[17,-18],[-11,-36],[32,-23],[28,-38],[-2,-51],[56,-40],[8,-93],[20,-42],[-17,-56],[-20,-7],[-10,-18],[-25,-14],[-4,-23],[52,-56],[25,-12],[43,-32],[6,-18],[-25,-15],[-5,-16],[26,-41],[44,-8],[14,-20],[-14,-22],[16,-10],[83,-22],[19,-45],[34,23],[31,-13],[85,-11],[129,-28],[18,12],[50,-20],[34,0],[58,-24],[14,5],[-6,51],[4,15],[-21,33],[-8,35],[4,30],[36,19],[65,-3],[27,5],[39,-5],[1,28],[21,-5],[34,8],[58,-3],[-19,-19],[28,-64],[45,-30],[-7,-27],[6,-18],[-6,-26],[6,-32],[-11,-38],[5,-37],[-22,-59],[-23,-77],[-47,-34],[-10,-25],[-75,-35],[-17,-29],[5,-39],[31,-108],[-6,-29],[-36,-65],[-24,-28],[4,-26],[20,-35],[18,-13],[51,-20],[25,6],[30,-16],[20,0],[13,49],[26,31],[45,1],[50,-13],[3,-49],[8,-24],[14,-2],[30,-28],[26,-32],[-30,-64],[-14,-22],[20,-44],[-17,-19],[6,-37],[-16,-26],[-20,-72],[18,-38],[-11,-52],[26,-45],[-30,-50],[-39,-27],[-39,-83],[28,-69],[31,-7],[31,-29],[15,-42],[33,-15],[34,11],[27,1],[54,-25],[11,-23],[34,-32],[17,4],[32,-21],[-3,-58],[-22,-24],[-6,-32],[9,-12],[-3,-38],[16,-36],[31,-50],[-6,-11],[30,-44],[-2,-32],[10,-51],[74,15],[25,32],[-11,56],[14,16],[-13,27],[17,25],[1,29],[17,3],[54,-19],[6,-23],[-10,-27],[26,-20],[30,-36],[6,-32],[40,13],[42,0],[9,-19],[28,-17],[42,30],[16,26],[14,-12],[9,-46],[11,-26],[40,1],[53,11],[38,20],[3,13],[29,14],[39,-6],[14,-13],[25,7],[47,-13],[27,17],[26,-24],[10,-26],[1,-37],[31,-24],[11,-23],[1,-42],[-25,-37],[-39,-17],[-9,-24],[26,-19],[1,-21],[-12,-21],[1,-25],[-22,-16],[-5,-22],[-38,-12],[-26,14],[-30,-19],[-32,7],[-40,-45],[-4,-34],[13,-2],[-12,-56],[-19,-22],[-6,-43],[-22,3],[-31,-18],[-23,-33],[-1,-34],[-10,-31],[-11,-7],[-25,14],[-64,-2],[-15,-25],[-42,-26],[-3,-13],[-35,-21],[-8,-17],[8,-37],[8,-67],[-5,-16],[18,-28],[-16,-37],[-43,-42],[-71,-5],[-41,-37],[-31,-15],[-54,-17],[-24,-23],[-21,-7],[-34,7],[-55,-5],[-45,12],[-54,-18],[-37,10],[-46,-55],[-19,-32],[-25,-22],[-8,-21],[-20,-13],[-65,-11],[-20,1],[-4,-20],[-40,-32],[-14,-49],[0,-25],[-16,-25],[25,-47],[-3,-19]],[[54286,52011],[-18,19],[-76,-30],[-2,-22],[-21,-15],[35,-37],[43,-9],[17,-14],[55,-17],[27,-43],[48,-7],[22,-13],[-6,-20],[5,-84],[-28,-26],[-27,-9],[1,-17],[-20,-19],[-40,-61],[-24,-51],[-7,-28],[-75,-22],[-39,-26],[-50,12],[-42,-25],[-39,-4],[-32,15],[-56,-23],[-15,-15],[-2,-22],[-15,-8],[-62,-8],[-27,10],[-19,16],[-40,-24],[-6,-27],[-57,-17],[-20,3],[-29,-37],[17,-23],[-11,-14],[8,-29],[-77,-7],[-27,-14],[4,-12],[-18,-22],[-38,-7],[-16,-28],[-6,-31],[-20,1],[-26,-16],[-6,-36],[-50,-2],[-47,11],[-60,0],[-21,13],[-49,-13],[-87,-34],[-4,-13],[-32,-28],[-19,10],[-75,-62],[-49,-88],[-19,-79],[-49,-46],[-37,-51],[-22,-11],[-46,-59],[2,-26],[39,-15],[65,-58],[44,-22],[-16,-24],[-40,-15],[-137,-3],[-19,13],[-25,-43],[-3,-45],[13,-37],[53,-42],[-41,-40],[0,-24],[-22,-32],[3,-28],[13,-23],[68,-47],[-17,-42],[115,-19],[35,-30],[17,-21],[-9,-18],[-58,-20],[-2,-31],[-26,-19],[-12,-41],[56,-79],[-9,-19],[-42,-46],[-27,7],[-18,15],[-32,9],[-38,-6],[-34,-24],[3,-23],[29,-12],[-9,-31],[18,-24],[-8,-21],[-56,0],[-64,31],[-46,35],[-2,-24],[-15,-11],[-2,-35],[-15,-16],[-49,-17],[29,-28],[15,-41],[-20,-42],[44,-17],[-14,-32],[-34,-61],[-42,-38],[-6,-35],[-24,-10],[-72,18],[-31,-35],[-18,-32],[38,-13],[25,-20],[33,-37],[81,-34],[57,-16],[16,-17],[-14,-27],[-47,8],[-25,-75],[-17,-7],[-30,17],[0,32],[-28,4],[-4,25],[8,34],[19,29],[-27,17],[-49,-28],[-16,-17],[-29,-3],[-41,-32],[-36,-13],[-18,-33],[-26,-29],[-35,-27],[-2,-51],[-14,-29],[25,-44],[-21,-53],[-18,-9],[-10,-21],[-3,-32],[-17,-22],[-10,-30],[-16,-5],[-22,-28],[11,-26],[16,-12],[-3,-38],[30,-102],[64,-16],[-4,-22],[13,-27],[34,-43],[35,-32],[11,-1],[-6,-52],[10,-41],[-9,-38],[36,-19],[-3,-26],[-23,-19],[-34,-12],[-17,12],[-19,-5],[-110,36],[-9,8],[-74,14],[-38,27],[-37,12],[-51,11],[-9,10],[-32,-11],[2,-43],[-22,-63],[-32,-25],[14,-24],[-19,-30],[16,-44],[39,-21],[20,-21],[-15,-31],[-24,-27],[-41,15],[-33,-3],[-28,-38],[-29,9],[-27,-22],[-14,-32],[5,-47],[10,-32],[-15,-20],[-2,-42],[-22,-27],[14,-34],[-18,-17],[-23,-55],[7,-24],[-21,-4],[-6,-42],[5,-21],[-21,-20],[-48,-13],[-35,12],[-38,-30],[-61,-67],[-25,-12],[-31,6],[-28,16],[-44,-8],[-25,10],[-55,-4],[-31,16],[-8,13],[-33,5],[-14,13],[-25,-7],[-22,25],[-14,-1],[-41,20],[-8,20],[-28,5],[-25,-26],[-49,9],[-16,32],[54,69],[-26,2],[-25,-9],[-3,25],[-26,22],[-36,2],[-9,33],[-61,-37],[-14,-35],[16,-24],[-18,-11],[-29,12],[-26,1],[-38,-9],[-46,15],[-27,-35],[-41,-24],[-12,16],[-35,23],[-60,3],[5,22],[-35,-2],[-100,-21],[-40,-17],[-23,-43],[-27,7],[-17,17],[-45,30],[-6,12],[-34,14],[-52,-12],[-67,8],[-19,-18],[-56,-6],[-6,18],[-40,3],[-4,-13],[-74,-21],[-24,8],[-53,-9],[-12,-21],[22,-40],[31,-9],[-2,-21],[-40,-33],[12,-21],[23,-13],[-14,-21],[-29,-23],[-11,-36],[-17,-17],[-51,2],[-7,-31],[21,-31],[2,-17],[23,-14],[14,-31],[-55,-56],[-4,-26],[-13,-20],[-74,-68],[-20,-34],[-24,-16],[-20,-32],[-28,-56],[-55,-37],[-44,-6],[-24,-13],[-24,-30],[-32,-4],[-66,-35],[12,-103],[-16,-28],[3,-22],[-23,-42],[-43,-9],[-10,-21],[14,-22],[-15,-20],[-35,-4],[-36,12],[-14,14],[-43,-14],[-22,0],[-6,17],[-30,30],[10,17],[-20,28],[-5,36],[-34,-1],[-36,14],[-31,-20],[-38,9],[-18,10],[15,48],[-43,4],[-16,-28],[-11,-79],[-16,-30],[7,-29],[-8,-41],[10,-73],[15,-20],[-6,-21],[-1,-70],[-7,-10],[37,-102],[-26,-14],[31,-44],[-11,-8],[-1,-31],[13,-44],[25,-41],[19,-6],[21,-38],[-18,-26],[-1,-34],[21,-34],[6,-21],[-42,-36],[-6,-37],[-24,-5],[-9,-18],[-20,-3],[-11,-22],[24,-47],[-28,-35],[-30,-6],[-5,-23],[15,-27],[42,-27],[33,-59],[45,-21],[60,-15],[-4,-67],[18,-45],[-1,-19],[16,-15],[2,-41],[22,-5],[17,15],[29,56],[29,-37],[-4,-78],[29,-4],[13,-33],[-29,-21],[8,-37],[-52,-29],[15,-49],[-10,-36],[-24,-35],[-7,-28],[-14,-15],[5,-17],[-20,-46],[45,-42],[32,-15],[28,-30],[-5,-38],[26,-22],[-7,-30],[-36,-34],[-30,-10],[-16,-40],[34,-44],[-34,-4],[13,-61],[28,-25],[-7,-54],[-20,-12],[-2,-37],[-9,-28],[-56,-37],[-17,-21],[14,-38],[-27,-22],[24,-26],[15,-46],[2,-72],[10,-15],[-5,-25],[6,-29],[-19,-39],[14,-43],[33,-14],[25,1],[48,-10],[33,-20],[31,-9],[37,5],[32,-19],[29,7],[52,-46],[53,-20],[82,-10],[4,9],[53,0],[68,-25],[46,-23],[24,-32],[61,-11],[49,10],[36,38],[32,-4],[32,7],[55,-14],[84,-5],[23,-8],[33,3],[18,-7],[9,-20],[-2,-79],[-6,-39],[15,-16],[-24,-32],[-7,-42],[5,-27],[-18,-16],[1,-35],[20,-61],[2,-19],[36,-7],[-17,-27],[-5,-46],[-23,-9],[5,-20],[-30,-42],[-37,-5],[-52,6],[-47,-6],[-41,6],[-17,-44],[-36,-20],[-13,-39],[-19,-24],[-81,-19],[-5,-23],[-26,-18],[-38,12],[4,30],[-6,22],[7,23],[-16,15],[-13,29],[10,26],[-11,34],[40,50],[32,22],[23,36],[-26,22],[-47,-10],[-37,26],[-33,-11],[-18,20],[-22,-15],[-32,28],[-20,8],[-13,-28],[-27,17],[-18,26],[-21,-11],[-24,9],[2,25],[-12,13],[-42,7],[-16,11],[-39,-2],[-5,-19],[-26,-2],[-46,29],[-26,-1],[-16,-12],[-69,-5],[-56,-47],[-26,-9],[-7,-18],[-31,-26],[4,-8],[-35,-36],[-45,7],[5,-33],[-57,-55],[-49,35],[-16,50],[-76,91],[-10,51],[-26,39],[-62,113],[-2,40],[-19,41],[-36,22],[-72,71],[-73,-22],[-21,-35],[-74,0],[-27,16],[-30,46],[-38,13],[-24,-5],[-46,37],[-39,-15],[-37,21],[-25,23],[-24,12],[-4,30],[-45,-3],[-15,22],[3,16],[-51,20],[-24,-8],[-15,-31],[-39,-29],[-17,-5],[-18,-23],[9,-13],[-25,-27],[-38,27],[4,27],[-17,56],[-18,16],[-58,-1],[-30,30],[-9,35],[-37,37],[-33,20],[-18,24],[-43,24],[-28,-9],[-12,-19],[-27,-17],[-15,-38],[-19,-26],[-49,-47],[-16,-27],[-27,-16],[-24,-1],[-20,25],[-25,-41],[0,-25],[-13,-18],[6,-47],[-21,-29],[-14,-68],[-4,-35],[-34,-42],[-1,-26],[40,-14],[-17,-80],[5,-16],[56,-52],[125,-60],[119,-38],[92,-43],[-9,-76],[58,-92],[12,-26],[32,-14],[47,25],[45,-14],[56,-11],[34,1],[18,-16],[21,14],[18,-19],[3,-25],[-20,-54],[9,-29],[-24,-16],[-22,-36],[-1,-49],[4,-34],[-20,-27],[0,-27],[15,-52],[10,-14],[11,-49],[-11,-17],[12,-20],[-12,-23],[17,-27],[7,-37],[-29,-38],[0,-29],[-14,-2],[-22,-33],[2,-21],[17,-38],[10,-3],[3,-34],[-14,-37],[18,-25],[-12,-34],[3,-13],[-36,-22],[-3,-27],[-25,-42],[32,6],[44,-4],[50,9],[34,42],[54,-18],[29,-5],[-8,-58],[34,-15],[0,-47],[-18,-46],[34,-18],[3,-41],[31,-47],[16,-12],[114,19],[59,1],[28,-32],[12,-4],[-2,-34],[-21,-12],[4,-36],[-12,-27],[5,-13],[-10,-27],[-25,-26],[-64,15],[-21,-39],[4,-26],[20,-25],[41,-4],[43,-17],[25,-20],[14,-35],[-30,-11],[-7,-15],[-9,-64],[-11,-20],[-25,-19],[-15,-33],[-11,-41],[-3,-50],[1,-74],[4,-14],[33,-34],[-24,-36],[24,-25],[41,-12],[-19,-28],[24,-27],[-11,-17],[25,-9],[-12,-20],[-32,10],[-12,-58],[17,-26],[-25,-5],[10,-52],[21,-8],[23,44],[25,-8],[27,-25],[25,9],[-10,-53],[23,-28],[32,-14],[-24,-45],[-25,-20],[-8,-30],[12,-22],[82,-107],[10,-31],[22,-189],[23,-137],[-21,-15],[-77,25],[-56,-29],[-29,-20],[-39,-1],[-19,-19],[4,-46],[-25,-18],[-30,-10],[22,-16],[-7,-31],[-16,-11],[22,-26],[-3,-31],[11,-26],[-30,-54],[20,-17],[-19,-11],[-12,-26],[26,-5],[-28,-55],[-77,-27],[-14,-33],[-30,9],[-34,-13],[-22,3],[-23,-9],[-21,6],[-10,-18],[17,-45],[-8,-27],[-18,-35],[-3,-31],[-61,26],[-11,-24],[-38,15],[-18,-7],[-25,8],[-80,-15],[-19,-19],[-18,3],[-38,-32],[-20,2],[-51,-22],[-29,-18],[-12,-20],[24,-46],[-40,-21],[-15,-26],[1,-16],[-14,-35],[-42,4],[-51,-6],[-28,32],[-41,26],[-25,-9],[13,-22],[-13,-28],[16,-23],[-8,-23],[41,-2],[75,-33],[16,-19],[-1,-16],[35,-23],[19,1],[42,-20],[-25,-36],[-19,-46],[-41,-11],[-40,2],[-19,18],[-35,-7],[-17,-31],[10,-27],[-9,-26],[10,-23],[-41,-9],[-26,9],[-33,-42],[-39,-1],[-38,-58],[1,-44],[-9,-13],[-51,-43],[-155,-121],[-87,-74],[-63,-212],[-21,-4],[-231,-16],[-58,-3],[-31,-23],[-2,-14],[42,-35],[-60,-22],[-56,-14],[-22,-16],[-29,-7],[-43,9],[-21,-24],[-30,-20],[-41,-45],[-31,-25],[-43,-18],[-37,2],[-33,-16],[-23,-32],[20,-51],[-21,-42],[-28,-43],[-8,-42],[-15,-24],[-7,-30],[9,-19],[23,-11],[32,-54],[-1,-24],[-24,-13],[-20,-41],[7,-39],[-5,-79],[-54,-80],[-3,-17],[-48,-52],[-10,-48],[11,-48],[-2,-35],[-16,-84],[16,-48],[-21,-21],[-17,-31],[-40,-25],[-22,-51],[-13,-16],[14,-59],[-5,-32],[-15,-19],[1,-31],[-21,-20],[-26,-6],[-68,43],[-26,6],[-19,-6],[-18,-37],[-4,-50],[26,-36],[5,-24],[-49,-65],[-2,-18],[11,-30],[15,15]],[[45373,36491],[-11,-13],[4,-25],[-2,-46],[-21,3],[-23,28],[-36,15],[-52,16],[-30,-7],[-68,13],[-64,-16],[-92,0],[-51,3],[-58,19],[-30,29],[-82,29],[-52,39],[-109,30],[-77,-38],[-47,-45],[-31,-21],[-32,-8],[-38,-18],[-29,-22],[-28,-37]],[[44314,36419],[-42,-39],[-91,-13],[-51,20],[-48,10],[-32,22],[-16,70],[-1,37],[-23,61],[-3,67],[-5,37],[17,73],[-3,46],[-33,82],[-10,43],[-21,171],[-21,68],[-31,47],[19,19],[-21,55],[-35,60],[-13,11],[7,27],[16,132],[76,68],[1,81],[-73,-6],[-20,-33],[-32,-10],[-2,-13],[-70,-41],[-72,-23],[-62,-5],[-52,4],[-22,36],[1,45],[-11,32],[4,51],[-19,42],[3,14],[35,-3],[27,9],[2,17],[-22,65],[-19,6],[-58,1],[-22,21],[-46,-9],[-3,-34],[4,-45],[1,-69],[-23,-7],[-8,-22],[-54,-47],[-81,-5],[-92,10],[-12,-9],[-28,23],[2,20],[-1,128],[35,16],[4,13],[96,50],[51,16],[8,30],[-18,15],[-30,7],[-15,37],[-23,33],[-21,1],[-20,22],[7,16],[-32,26],[-5,29],[-1,44],[-22,41],[-33,42],[-15,45],[7,35],[-22,18],[-11,21],[34,24],[12,16],[6,32],[-40,8],[-16,-18],[-75,47],[7,45],[13,22],[-48,10],[-7,36],[-25,8],[-18,19],[-58,27],[-17,37],[-45,54],[9,30],[-11,37],[-25,-1],[-26,21],[-15,-4],[-19,39],[-24,30],[-51,32],[-68,23],[-11,21],[-38,28],[-72,35],[-26,41],[-30,20],[-14,34],[-45,7],[-42,31],[-38,-3],[-7,-10],[-44,-7],[-23,17],[-54,-19],[-49,-34],[-27,-8],[-37,-2],[-45,-17],[-25,-27],[-35,41],[-36,-3],[-19,-30],[-22,-14],[-26,-2],[-12,10],[-35,53],[-11,49],[-13,25],[-29,20],[-16,42],[1,13],[-22,53],[-6,26],[-18,32],[-68,93],[-22,6]],[[15839,44125],[7,92],[7,21],[0,51],[14,57],[-2,79],[-14,37],[1,33],[39,47],[8,100],[25,32],[36,6],[6,20],[0,60],[10,31],[43,49],[37,0],[33,11],[36,42]],[[16125,44893],[31,0],[19,18],[34,5],[35,-9],[33,1],[37,-9],[48,10],[19,25],[-32,17],[-14,41],[30,4],[38,22],[5,30],[-21,19],[-57,-4],[-38,-18],[-6,8],[-38,9],[15,29],[12,4],[17,36],[16,18],[14,-13],[38,-9],[18,18],[-23,17],[-2,37],[-86,11],[-25,12]],[[16242,45222],[44,80],[30,10],[25,25],[4,37],[-9,58],[15,5],[-1,43],[32,72],[5,51],[-27,109],[-13,30],[-24,79],[-21,22],[-2,21],[-18,61],[-45,113],[-16,72],[0,38],[-23,96],[-23,32],[-1,21],[14,34],[-30,9],[-9,15],[-44,108],[-78,175],[-24,63],[-70,16],[-13,32],[-19,23],[-31,62],[-19,78],[-26,66],[-19,23],[-19,91],[-3,46],[15,16],[54,-6],[44,3],[-30,27],[-60,20],[-56,-5],[-42,-12],[-20,14],[-2,50],[31,48],[-126,14],[-7,-32],[-32,-46],[-75,19],[-16,11],[-21,46],[-7,49],[22,52],[12,47],[11,103],[13,66],[13,25],[-5,27],[39,7],[18,12],[-3,28],[-29,-1],[-51,31],[-28,27],[-8,36],[-36,51],[0,36],[-30,33],[-10,51],[1,39],[9,20],[25,8],[11,-10],[35,6],[8,41],[28,20],[53,1],[23,10],[-9,23],[-8,65],[10,37],[70,139],[30,28],[37,57],[5,50],[-45,-50],[-68,-7],[-33,11],[6,22],[20,24],[27,19],[13,34],[36,47],[85,97],[40,14],[53,11],[-31,14],[-45,-5],[-23,-11],[-40,2],[-26,32],[-69,-16],[-19,32],[-23,-36],[-43,-12],[-14,3],[-61,51],[-12,25],[9,33],[-18,28],[3,27],[28,29],[17,-3],[7,39],[26,44],[53,-3],[28,31],[55,2],[60,34],[25,26],[38,-8],[26,-16],[42,-3],[50,13],[30,16],[15,-6],[64,1],[16,-8],[85,29],[0,23],[-20,-1],[-39,18],[-50,9],[-45,15],[-30,28],[-88,23],[-92,-9],[-26,-16],[-33,12],[-23,1],[-35,14],[-25,-21],[-48,-3],[-72,9],[-53,-12],[-52,-7],[-34,-11],[-66,-30],[-37,-7],[-63,36],[-22,19],[14,100],[27,68],[30,22],[32,-3],[41,15],[32,2],[22,18],[39,14],[-37,26],[-5,49],[30,11],[27,18],[1,27],[-22,48],[39,15],[40,6],[-1,49],[9,13],[4,42],[7,124],[10,27],[16,94],[37,84],[34,25],[49,20],[-38,21],[-62,-4],[-83,-52],[-64,-44],[-42,-43],[10,-69],[-8,-23],[-84,-38],[-124,4],[-24,17],[-19,95],[-5,66],[4,33],[44,159],[-17,23],[20,138],[29,122],[20,63],[24,31],[-2,74],[24,37],[-1,30],[36,77],[20,31],[46,50],[44,33],[41,19],[54,12],[93,-4],[28,-9],[54,-37],[37,-15],[45,-35],[37,-2],[71,-16],[56,-24],[47,2],[65,79],[30,17],[11,18],[67,48],[97,33],[23,3],[42,-36],[62,-10],[48,34],[45,8],[39,24],[27,48],[2,35],[14,13],[20,63],[13,8],[25,-9],[22,20],[-14,32],[-20,17],[-38,8],[-52,-31],[-13,-14],[-8,-31],[19,-51],[-6,-20],[-62,0],[-28,19],[-25,30],[-17,9],[-41,-9],[-69,-3],[-48,-30],[-43,-17],[-67,-40],[-49,-37],[-52,-31],[-27,-8],[-14,17],[-3,59],[-15,32],[-26,16],[-6,20],[-73,-4],[-47,22],[-14,-19],[-37,-11],[-16,14],[-79,10],[-36,19],[-233,54],[-81,-19],[-66,22],[-31,32],[-42,31],[3,-51],[-56,-92],[-65,-18],[-3,-18],[-51,-23],[-24,-28],[-70,-94],[-36,-44],[-65,66],[-8,63],[-8,28],[7,34],[21,18],[22,7],[10,17],[-3,58],[-6,13],[-44,14],[-40,1],[-20,13],[-50,19],[-12,-34],[-25,-34],[0,-79],[-15,-78],[-43,-71],[-21,-41],[-18,-71],[16,-51],[-52,-109],[-51,10],[-67,-152],[-26,-69],[-40,-67],[-23,21],[-43,7],[-27,-6],[-43,1],[2,-28],[-16,-11],[40,-51],[10,-61],[24,-24],[3,-19],[-14,-26],[-8,-79],[-15,-15],[-52,-21],[-35,-9],[-17,-35],[6,-30],[-8,-65],[-10,-30],[7,-55],[-4,-20],[15,-16],[30,-63],[86,-123],[-4,-19],[-20,-39],[-52,25],[-97,23],[-18,-6],[-34,-31],[-49,-26],[51,-13],[7,-27],[33,-89],[17,-59],[85,-47],[12,-52],[18,-16],[14,-29],[-13,-33],[25,0],[63,-34],[5,23],[84,3],[36,-45],[10,-36],[24,-9],[-7,-22],[7,-24],[17,-14],[14,-33],[-3,-45],[-13,-51],[-20,-21],[-30,-63],[-14,-11],[-30,-52],[-18,-68],[-11,-74],[-10,-7],[-29,-77],[-15,-3],[-31,-71],[-24,-30],[-4,-30],[-32,-37],[1,-11],[-29,-31],[-25,-37],[-59,-50],[-58,-44],[-23,-26],[-6,-28],[-38,-38],[-3,-13],[-79,-71],[-25,-35],[-46,-79],[-13,-7],[12,-31],[-27,-40],[-18,-5],[-2,-52],[-45,-57],[1,-32],[19,-29],[33,-24],[32,-35],[10,-32],[-90,-33],[-40,-31],[-34,-9],[-11,-12],[-39,-17],[-16,-19],[-94,-32],[-22,-15],[-12,-33],[-36,4],[-1,21],[40,29],[-5,20],[25,9],[23,42],[-24,20],[-24,-7],[-22,-18],[-2,-23],[-38,-44],[-13,5],[-19,-24],[32,-21],[-59,-47],[10,-20],[-50,4],[-32,-12],[-34,1],[-10,-14],[-51,-11],[-97,-14],[-15,-12],[-19,-34],[-20,-18],[-17,4],[-43,-9],[-31,-22],[-39,-14],[9,33],[30,10],[20,18],[-33,9],[-33,-26],[-25,26],[-21,-11],[-14,-27],[37,-45],[-17,-10],[-22,4],[-63,-40],[-12,-13],[24,-45],[-14,-8],[-29,3],[-20,12],[-33,-13],[-16,52],[-22,-16],[-15,20],[-34,-1],[20,-40],[-38,-31],[5,-11],[50,8],[40,11],[19,-24],[-51,-11],[-7,-17],[-32,4],[-39,-9],[-61,6],[-43,-10],[-42,-26],[-47,-16],[-17,-28],[-72,3],[-32,-7],[-69,-41],[18,-33],[-17,-15],[-28,-5],[-29,3],[-27,-14],[-31,5],[-4,-13],[-42,-11],[-9,-16],[-38,-2],[-10,-13],[-52,5],[-41,-19],[-23,26],[-33,-6],[-36,-22],[-50,-65],[-5,-24],[-26,-12],[-27,-23],[4,-21],[-14,-20],[-49,-43],[-43,2],[-31,-37],[-51,-10],[-19,6],[-26,-7],[-26,4],[-26,-9],[-11,29],[-48,0],[-22,-21],[27,-16],[-15,-20],[-35,-13],[-43,-9],[-24,6],[-54,-16],[-34,-2],[-59,-33],[-32,-8],[-6,-11],[-32,-12],[-14,3],[-22,-17],[-19,-1],[-31,-21],[-34,-14],[-30,-3],[-24,-24],[-40,-3],[-40,-9],[-25,-40],[-58,-16],[-62,-5],[-31,-9],[-26,-27],[-9,-25],[6,-19],[-49,-6],[-23,4],[-30,-9],[-26,9],[-65,0],[-48,-24],[-4,-22],[10,-17],[-30,-11],[-39,5],[-34,-18],[-19,12],[-54,11],[-45,4],[-27,-6]],[[9938,46112],[-26,15],[-20,-19],[-35,-17],[-10,-28],[-20,16],[-36,7],[-15,24],[-73,-15],[-40,16],[-22,19]],[[9641,46130],[-30,-18],[-60,-17],[-31,-2],[-23,-11],[-20,-33],[-5,-27],[10,-19],[-92,10],[-26,-9],[-21,-22],[-23,46],[-45,11],[-26,-29],[46,-15],[10,-11],[44,-6],[5,-19],[-31,-1],[-69,34],[-13,-1],[-49,34],[-53,18],[-22,12],[-40,6],[-41,-7],[-38,23],[-95,39],[-44,29],[-20,7],[-32,25],[-42,13],[-25,-7],[-24,13],[19,19],[3,26],[-40,9],[-57,-37],[-22,14],[-23,-3],[-14,20],[-37,3],[-49,20],[-33,23],[-41,8],[-44,42],[37,1],[23,-16],[38,-1],[24,-18],[9,19],[-6,35],[-45,11],[-20,-21],[-20,18],[-15,-20],[-24,-2],[-30,-18],[-30,20],[-49,17],[-36,26],[-63,24],[-7,18],[-52,22],[-9,-9],[-89,51],[-15,-3],[-45,33],[-78,76],[-36,27],[-58,28],[-20,-12],[-40,21],[-35,30],[-62,32],[-30,11],[-42,36],[-92,57],[-17,19],[-69,43],[-61,61],[-43,23],[-104,84],[-27,18],[-64,57],[-40,29],[-77,74],[-37,28],[-70,61],[-14,4],[-87,78],[-86,83],[-66,72],[-61,56],[-97,106],[-76,75],[-89,100],[-35,31],[-42,51],[-90,97],[-24,30],[-101,111],[-42,50],[-70,79],[-47,47],[-287,304],[-21,26],[29,14],[-6,21],[-22,-7],[-44,10],[-46,35],[-60,54],[-61,67],[-78,76],[-35,37],[-47,42],[-62,2],[-49,35],[-99,80],[-54,50],[-48,38],[-39,37],[-76,79],[-26,20],[-58,34],[-35,35],[-33,17],[-56,54],[-57,45],[-25,26],[-37,49],[-58,50],[-37,11],[-103,77],[-110,93],[-32,21],[-131,128],[-18,8],[-48,50],[-24,18],[-68,78],[-26,18],[-221,228],[-52,50],[-53,71],[-43,42],[-23,16],[-90,87],[-97,111],[-81,82],[-63,70],[-40,58],[38,-15],[24,-34],[51,-31],[20,29],[-15,8],[-29,-13],[-22,31],[-35,16],[-17,23],[-15,-9],[-34,21],[-8,35],[19,14],[-60,116],[-17,45],[-1,20],[23,71],[23,-5],[20,15],[-1,34],[13,24],[-6,38],[32,48],[7,32],[55,79],[26,19],[47,67],[21,16],[57,31],[84,39],[55,42],[29,5],[17,-19],[-24,-28],[-7,-37],[-26,-4],[-52,-41],[-16,24],[-25,-8],[6,-44],[18,-32],[-16,-21],[-9,-41],[-18,-33],[33,-1],[20,14],[19,-13],[58,-21],[35,3],[20,13],[33,9],[19,13],[-17,16],[13,19],[26,1],[14,-18],[58,-34],[27,25],[40,-3],[20,19],[23,-8],[30,31],[26,9],[6,16],[39,4],[-17,-25],[9,-26],[28,-19],[-5,-44],[-23,0],[-43,-28],[-19,-20],[1,-33],[-24,-43],[-1,-18],[13,-37],[-14,-33],[-28,-24],[12,-37],[-7,-51],[8,-15],[-5,-26],[-14,-21],[1,-28],[-23,-25],[18,-17],[-15,-38],[-34,-41],[-16,-6],[16,-41],[-17,-30],[7,-22],[70,0],[14,23],[20,5],[2,28],[12,11],[25,-10],[10,65],[29,8],[15,-6],[3,-25],[54,-19],[6,-31],[31,5],[0,15],[54,21],[-14,41],[5,19],[-5,30],[24,28],[28,10],[19,19],[86,9],[43,17],[19,41],[51,-1],[31,15],[13,33],[28,5],[21,32],[-14,31],[54,14],[20,-25],[33,-6],[35,12],[49,-16],[111,2],[43,20],[22,26],[46,5],[37,-10],[12,10],[31,4],[31,15],[-2,33],[7,25],[29,36],[61,21],[23,-10],[45,10],[21,14],[15,-15],[33,-12],[24,-45],[33,40],[26,-17],[34,-11],[15,-37],[24,-6],[33,12],[20,26],[-11,22],[5,15],[63,-34],[46,-3],[23,8],[6,25],[-4,30],[10,10],[13,46],[38,4],[13,9],[55,-8],[22,4],[4,35],[-11,34],[23,55],[-17,5],[-20,24],[4,27],[16,33],[65,53],[38,25],[20,-25],[-4,-27],[29,-32],[-1,-26],[-14,-13],[35,-59],[9,37],[-8,25],[6,44],[49,46],[52,-26],[13,-29],[-5,-38],[-32,-39],[36,2],[30,-32],[37,-8],[34,35],[-32,57],[-5,42],[34,3],[30,23],[76,0],[60,-33],[26,26],[46,22],[39,9],[16,-6],[11,-25],[19,14],[-41,29],[-23,37],[44,3],[27,24],[48,29],[29,11],[13,-15],[20,7],[39,-24],[-9,39],[-16,38],[89,40],[42,2],[9,11],[35,9],[46,4],[22,-7],[26,16],[11,17],[31,18],[5,16],[36,-25],[38,-10],[30,10],[49,-19],[18,4],[43,-6],[63,4],[28,14],[5,32],[40,31],[32,-22],[15,8],[-9,19],[12,50],[26,0],[21,17],[16,-18],[21,3],[-13,35],[14,16],[26,0],[-11,26],[20,15],[2,20],[34,34],[-30,1],[54,64],[25,9],[22,40],[-33,26],[29,14],[-20,17],[10,41],[11,20],[-16,12],[7,20],[21,5],[36,30],[5,17],[38,42],[43,17],[22,19],[83,26],[15,48],[1,27],[15,32],[36,51],[59,101],[38,40],[37,51],[37,61],[48,59],[66,28],[39,27],[24,6],[18,-28],[3,-27],[22,-20],[-11,-38],[-25,-49],[-17,-22],[-11,-29],[5,-32],[35,-48],[-35,-29],[-1,-14],[66,17],[70,43],[20,6],[22,25],[20,35],[16,40],[4,66],[14,33],[21,24],[-6,31],[7,35],[-6,14],[-61,34],[-27,10],[-63,50],[27,5],[65,1],[33,24],[16,2],[39,-26],[11,0],[64,-22],[39,15],[53,-3],[29,119],[47,96],[36,27],[52,-22],[50,12],[-7,27],[-22,41],[11,20],[43,9],[43,-11],[24,7],[7,23],[25,39],[67,48],[105,70],[-2,35],[-13,41],[9,14],[88,34],[-3,17],[-28,41],[40,36],[8,19],[-21,83],[-35,4],[-14,-14],[-35,15],[-26,21],[-43,22],[-13,-17],[-25,-7],[-30,-26],[-37,-94],[-78,-15],[-104,-10],[-53,3],[-45,-4],[-97,3],[-69,-6],[-33,18],[-29,28],[-25,-4],[-13,18],[-40,14],[-140,27],[-51,35],[-53,-3],[-28,-7],[-25,7],[-66,1],[-11,-12],[-38,-1],[-10,-8],[-30,16],[-33,-13],[-34,10],[-39,-20],[7,-31],[-5,-18],[26,-5],[7,-17],[-8,-20],[-96,-35],[-52,-29],[-19,20],[-65,2],[17,-16],[-5,-50],[-22,-34],[-42,22],[-1,-47],[-31,-6],[-28,-43],[-3,-29],[-29,-8],[-10,-31],[-19,-12],[-24,-45],[15,-15],[-14,-22],[-26,11],[-22,-16],[-14,-37],[-27,-28],[-12,-24],[-51,-56],[-18,-32],[-27,-22],[-11,-27],[-23,-23],[-25,-38],[-154,-76],[-34,-7],[10,-30],[25,-5],[-6,-28],[81,-3],[-16,-42],[-31,2],[-81,-6],[-62,-12],[-20,-12],[-35,-5],[-18,-13],[-21,4],[-39,-11],[-36,-4],[-34,-11],[-105,-6],[-25,-8],[-64,-35],[-10,-21],[-38,-23],[-68,-1],[-77,-8],[-99,-36],[-53,-26],[-24,7],[-33,-11],[-37,-29],[-11,-18],[-42,-26],[-71,-26],[-21,6],[-20,-12],[-41,-8],[-6,-15],[-33,-12],[-86,-12],[-16,-8],[-37,1],[-19,-10],[-64,-4],[-5,46],[-18,-18],[-21,24],[-31,-11],[-25,12],[-32,-20],[-28,-3],[-31,30],[-10,-8],[-28,13],[-14,-18],[-28,11],[-36,-20],[-40,-2],[-50,-16],[-42,2],[-34,9],[-35,-27],[-51,7],[-23,-13],[-28,8],[-27,30],[-11,24],[-27,-9],[-62,-9],[11,-34],[59,-40],[20,1],[4,-29],[-38,5],[-33,25],[-23,5],[-74,51],[-60,31],[-118,27],[-42,1],[-21,15],[-59,19],[-68,4],[-51,-19],[-62,-8],[-47,15],[-24,0],[-48,13],[-19,28],[-14,-17],[-49,-2],[-51,9],[-9,23],[-38,38],[-26,-18],[-43,27],[-80,35],[-53,34],[-15,43],[-32,-13],[-104,66],[6,36],[-55,-10],[-64,40],[-57,23],[-28,17],[-14,19],[-47,11],[-49,18],[-108,55],[-20,15],[-61,32],[-13,15],[-129,64],[-77,50],[-113,57],[-19,14],[-91,52],[-50,24],[-40,14],[-49,9],[-45,32],[-23,27],[-46,36],[-90,60],[-63,38],[-51,23],[-38,23],[-45,42],[-45,28],[-1,21],[-45,21],[9,15],[-36,25],[-22,28],[-34,26],[-30,34],[-12,44],[38,17],[49,-18],[17,25],[61,35],[-20,14],[-2,34],[-10,17],[-5,33],[15,18],[35,22],[-1,14],[-51,-24],[-17,-19],[2,-28],[-9,-44],[-22,-26],[-23,-14],[-37,4],[-58,24],[-58,2],[46,-44],[-11,-21],[-32,5],[-10,13],[-31,-6],[10,34],[-28,13],[8,18],[-18,25],[-3,20],[22,29],[19,38],[60,42],[29,-26],[11,21],[29,10],[2,27],[96,-8],[-9,16],[-35,26],[-35,12],[-80,-7],[-16,11],[1,19],[17,65],[-28,-23],[-23,-5],[-42,5],[-69,26],[-15,19],[-41,-4],[-34,-19],[5,-12],[-11,-34],[-13,6],[0,26],[-17,9],[-74,17],[3,80],[-50,24],[-9,32],[6,25],[30,49],[-23,-6],[-43,-45],[-22,-1],[-6,-19],[-19,-10],[-39,17],[-28,28],[0,61],[15,18],[26,9],[5,44],[62,14],[38,24],[-13,18],[-54,-29],[-16,15],[25,25],[36,23],[32,32],[77,26],[45,34],[-9,9],[-35,-8],[-32,-16],[-15,7],[-24,31],[-5,37],[-22,3],[-16,-10],[23,-44],[-1,-40],[-46,-45],[-51,-21],[-28,5],[-268,29],[-55,272],[-38,19],[1,29],[-38,-17],[-48,23],[-20,-26],[-14,-4],[-89,17],[-24,13],[-53,-12],[-125,5],[-126,28],[-45,25],[-32,23],[-69,94],[-14,28],[-4,46],[11,27],[31,19],[63,14],[18,-18],[31,10],[62,7],[17,6],[34,31],[26,67],[18,71],[59,93],[0,102],[-14,52],[-1,76],[5,36],[31,94],[28,23],[48,11],[66,32],[30,28],[41,66],[31,23],[30,4],[104,-34],[30,0],[21,14],[15,36],[-9,72],[14,32],[17,14],[77,39],[36,1],[17,-23],[11,-30],[14,-7],[22,12],[317,1],[564,2],[325,1],[12,22],[3,81],[19,254],[11,197],[4,104],[2,122],[8,100],[5,97],[-4,49],[-12,45],[149,58],[41,-4],[20,17],[15,-18],[43,-112],[2,-59],[13,-69],[33,-83],[60,-6],[18,14],[33,70],[3,21],[24,64],[31,54],[20,14],[112,61],[67,-87],[27,-53],[40,-108],[63,-15],[33,4],[36,18],[37,32],[168,85],[39,29],[337,-124],[406,149],[49,-12],[71,-12],[65,-15],[27,-2],[102,6],[130,30],[13,0],[79,-30],[73,-11],[47,5],[103,22],[30,11],[49,6],[122,40],[346,-300],[122,-103],[353,0],[378,0],[271,1],[46,17],[41,43],[55,32],[147,316],[100,26],[91,2],[117,38],[61,23],[64,3],[58,9],[18,17],[87,33],[108,30],[35,7],[68,-1],[26,8],[49,-11],[28,16],[53,17],[21,21],[45,27],[96,27],[111,18],[71,27],[76,23],[80,17],[65,35],[51,7],[101,-46],[-12,-12],[-64,-136],[-57,-22],[-4,-18],[48,-117],[18,-37],[-8,-30],[17,-17],[1,-40],[-36,-46],[-10,-41],[51,-15],[198,-73],[81,-18],[92,1],[64,-14],[90,12],[62,-2],[57,6],[106,1],[71,20],[33,15],[52,43],[85,4],[43,24],[60,22],[7,13],[-90,33],[-25,24],[-4,46],[15,24],[120,61],[114,93],[27,2],[105,54],[60,-46],[57,-12],[100,28],[28,20],[29,46],[46,49],[16,11],[76,7],[45,20],[20,58],[-77,51],[-124,4],[-74,-7],[-26,-8],[-76,34],[-38,11],[-18,-7],[-8,72],[14,80],[5,59],[9,50],[-7,24],[-51,42],[17,68],[-9,62],[-12,42],[43,88],[27,24],[6,21],[139,44],[85,44],[38,33],[38,56]],[[10242,59145],[53,-45],[200,-65],[100,-34],[299,-98],[35,33],[22,10],[-2,18],[34,45],[116,43],[37,-100],[67,-15],[21,25],[32,-4],[16,27],[82,23],[16,26],[44,27],[35,16],[39,-8],[55,44],[74,2],[10,8],[35,-10],[55,18],[44,-30],[67,11],[41,15],[16,-6],[22,-40],[19,-8],[60,31],[14,-12],[42,-11],[18,-31],[33,-6],[3,-25],[13,-24],[39,-16],[22,15],[54,9],[46,27],[19,-1],[38,25],[98,-5],[38,16],[50,11],[32,23],[30,-2],[38,8],[37,-17],[27,-53],[-27,-82],[18,-21],[28,-15],[54,10],[26,-9],[43,-37],[15,46],[30,24],[-27,78],[2,41],[10,17],[37,33],[46,-14],[10,-18],[39,15],[27,3],[43,-22],[1,-22],[-30,-19],[13,-30],[35,-44],[61,2],[9,15],[31,13],[28,1],[51,39],[34,1],[-19,49],[4,46],[34,29],[24,-1],[2,-21],[37,7],[18,14],[37,8],[27,20],[21,3],[20,21],[34,6],[58,-14],[32,-4],[11,-21],[16,-62],[-22,-10],[12,-66],[28,-9],[37,-31],[54,-26],[12,10],[75,6],[36,-29],[14,-45],[76,-5],[26,11],[25,0],[28,13],[22,0],[34,40],[24,5],[29,-20],[22,-25],[20,-7],[29,20],[26,-1],[42,-16],[21,-20],[25,17],[29,-24],[35,8],[17,-7],[52,51],[8,-11],[35,-10],[-16,-20],[2,-37],[-18,-14],[-1,-17],[-27,-3],[-44,-17],[-34,6],[-15,32],[-27,12],[-18,-19],[-16,11],[-32,2],[-40,-10],[-31,-36],[-30,-24],[23,-37],[54,-47],[21,15],[36,0],[15,-49],[20,-13],[20,12],[74,4],[25,59],[36,-20],[43,1],[1,-23],[14,-19],[32,-10],[1,-31],[29,-45],[10,-39],[42,-7],[35,14],[37,7],[12,13],[25,-15],[61,-6],[7,-20],[-46,-94],[12,-66],[61,-59],[4,-31],[19,-25],[-4,-35],[61,-1],[86,9],[-21,110],[-3,28],[38,-2],[1,44],[37,47],[16,48],[45,11],[13,52],[14,-3],[19,-25],[99,-106],[128,-22],[146,-33],[84,9],[25,-24],[-3,-19],[-26,-28],[32,-105],[38,-52],[67,-70],[15,-23],[29,-13],[132,15],[110,-16],[38,22],[77,-3],[42,9],[69,-20],[72,-29],[67,-65],[29,23],[63,13],[43,27],[12,0],[51,38],[20,1],[10,17],[-11,31],[-50,28],[-19,1],[-16,22],[10,14],[33,11],[31,39],[8,29],[25,33],[-22,11],[1,31],[-18,13],[57,53],[4,14],[43,32],[23,-26],[-18,-21],[62,-13],[82,14],[15,18],[66,30],[14,26],[50,23],[34,-28],[-17,-50],[36,-12],[6,-51],[-17,-24],[15,-50],[-6,-20],[-49,-50],[-21,-39],[-13,-13],[35,-32],[54,2],[30,-46],[42,-19],[31,-2],[43,-33],[22,-9],[64,5],[56,51],[31,17],[33,-5],[38,-24],[7,-12],[-34,-39],[-10,-3],[-26,-64],[-29,3],[-29,35],[-18,-18],[-6,-26],[-3,-71],[-24,-31],[-88,39],[-18,-8],[-16,-65],[-19,-51],[-60,-30],[-14,-29],[-32,-28],[-3,-30],[13,-22],[-17,-26],[-47,-13],[3,-47],[-40,-34],[31,-51],[77,-66],[16,-31],[-2,-20],[24,-5],[65,-65],[27,0],[68,-43],[-5,-19],[11,-18],[82,-29],[49,-10],[56,-29],[-29,-54],[-14,-39],[-28,-28],[22,-16],[32,-8],[5,-15],[66,-24],[0,-21],[24,-11],[9,-27],[34,-3],[10,21],[21,8],[9,19],[32,11],[41,-6],[22,25],[4,23],[33,43],[24,-2],[30,21],[1,19],[26,39],[6,24],[-10,40],[2,30],[13,36],[22,-4],[1,-16],[18,-16],[34,28],[45,-8],[-5,-75],[88,-57],[48,-63],[15,-15],[-13,-33],[20,-46],[4,-30],[-16,-55],[40,-18],[4,-52],[-7,-19],[-4,-61],[6,-23],[21,-27],[-3,-19],[-37,-11],[-9,-17],[-39,8],[-26,-10],[-28,-36],[-5,-29],[-23,-16],[-8,-38],[-26,-23],[-23,-69],[12,-17],[34,-24],[1,-83],[-37,-67],[-18,-8],[14,-21],[24,-9],[2,-14],[27,-25],[0,-17],[39,13],[11,24],[28,21],[56,-9],[27,-17],[-8,-16],[53,-45],[45,-6],[17,-71],[21,1],[16,-22],[36,-25],[7,-47],[27,-3],[31,9],[57,-13],[4,-24],[-16,-129],[-24,-25],[31,-7],[-1,-27],[-40,-21],[32,-24],[11,-20],[55,-39],[29,23],[7,18],[46,21],[75,89],[73,4],[86,-6],[90,-82],[48,-20],[-23,-43],[-14,-14],[-3,-54],[12,-44],[-34,-28],[-15,-36],[7,-55],[-7,-32],[59,-33],[20,-37],[-23,-36],[-30,0],[-1,-45],[-25,-45],[3,-25],[-25,-40],[32,-1],[35,-26],[23,4],[30,21],[41,17],[25,-2],[34,16],[45,-23],[9,-19],[-6,-23],[27,-80],[27,-13],[26,42],[70,56],[25,33],[-3,14],[40,-4],[17,-48],[23,-24],[57,1],[19,18],[59,5],[32,28],[17,-37],[-10,-32],[30,-22],[23,-39],[43,-38],[26,-39],[4,-20],[23,-10],[2,-38],[23,-18],[25,-7],[15,-27],[-11,-38],[15,-8],[24,7],[60,-2],[51,10],[20,19],[-7,42],[2,36],[83,43],[15,-20],[26,-7],[21,-34],[-3,-23],[16,-9],[-8,-49],[19,-7],[58,1],[82,-14],[-13,-35],[32,-54],[26,14],[10,-11],[-24,-34],[36,-7],[80,18],[39,-9],[31,7],[36,-16],[14,1],[24,-30],[6,-33],[63,-18],[16,-10],[-9,-68],[9,-16],[-5,-37],[12,-21],[-21,-21],[5,-18],[-36,-23],[-2,-48],[-8,-17],[17,-27],[65,-10],[16,-16],[14,-40],[59,-2],[29,-13],[14,17],[-7,37],[18,33],[24,8],[25,32],[30,-1],[22,-19],[55,-14],[22,16],[21,-1],[20,-41],[56,-28],[16,-18],[11,-57],[22,-50],[31,-25],[-3,-17],[-25,-35],[-4,-22],[21,-23],[36,-9],[49,-29],[14,-13],[20,-39]],[[21252,53776],[-19,-8],[11,-59],[31,-19],[30,-8],[22,-27],[1,-30],[9,-27],[51,-85],[-9,-16],[-37,-8],[-15,-19],[-27,-16],[4,-36],[54,-43],[24,-44],[28,-14],[25,-50],[26,-8],[26,-25],[36,6],[23,44],[26,17],[51,3],[6,-14],[41,24],[46,-44],[12,-32],[-1,-32],[23,-35],[-4,-31],[7,-23],[18,-20],[-20,-45],[-20,-84],[-50,-26],[-56,-1],[14,-55],[-9,-30],[-47,-85],[-19,-8],[-6,-34],[-18,-10],[-24,-30],[-14,-56],[6,-17],[-17,-31],[2,-47],[-44,-60],[-5,-31],[12,-36],[-31,-37],[-48,-8],[-75,22],[-81,-21],[-11,9],[-67,4],[-53,26],[-17,-22],[-41,-4],[-23,-13],[2,-40],[-35,-4],[-10,-29],[-29,1],[-36,-96],[-35,-27],[-3,-33],[-68,13],[-16,-14],[15,-17],[-4,-20],[-31,-18],[-31,-2],[-27,-30],[-43,-31],[2,-25],[-56,-5],[-25,23],[-19,5],[-18,25],[-25,13],[-33,-5],[-50,21],[-34,22],[-70,-7],[-37,-18],[-17,-30],[-4,-33],[3,-35],[-28,-21],[13,-58],[25,-3],[19,33],[22,15],[1,16],[65,-1],[36,-5],[2,-41],[10,-9],[-13,-23],[-20,-3],[-8,-18],[5,-46],[36,19],[62,-18],[-12,-43],[-12,-4],[14,-49],[30,-31],[23,-5],[8,-19],[29,11],[1,40],[27,43],[24,-1],[14,22],[27,1],[-9,-38],[27,-37],[32,2],[-1,24],[53,14],[-1,28],[-15,9],[-2,24],[27,46],[22,-2],[28,-20],[4,-76],[-10,-35],[41,-14],[9,33],[19,-10],[26,0],[53,-14],[-22,-39],[29,-24],[28,22],[28,7],[2,-21],[25,-14],[-10,-25],[80,-38],[-39,2],[-16,-9],[-54,21],[-13,-6],[-4,-35],[-38,-11],[1,-21],[-66,13],[4,-32],[-10,-18],[8,-26],[-45,10],[-28,14],[-1,-51],[-16,-20],[-20,13],[1,-46],[-8,-41],[-88,14],[-28,10],[-47,0],[-14,12],[-35,6],[-8,77],[-41,4],[-4,31],[-24,16],[-32,-3],[-13,-33],[-70,2],[-23,-23],[25,-37],[-3,-24],[-23,-14],[-5,-15],[0,-67],[-32,-10],[-5,-31],[11,-13],[-3,-25],[14,-28],[31,-31],[23,2],[1,-60],[31,-1],[10,-19],[-44,-11],[-16,-18],[10,-45],[68,5],[17,-7],[31,6],[35,-13],[20,-19],[-17,-12],[15,-42],[-12,-24],[22,-75],[24,-3],[-7,-46],[3,-16],[-27,-29],[2,-27],[18,-10],[-4,-47],[-10,-40],[14,-11],[43,16],[39,21],[4,-18],[53,1],[3,-30],[29,-20],[-48,-9],[-2,-33],[-19,-9],[5,-37],[-83,-20],[-14,-21],[28,-20],[-54,-13],[-29,-21],[2,-15],[-24,-11],[-48,-10],[1,-25],[15,-29],[17,-14],[48,1],[109,-40],[-4,-39],[-31,-7],[3,-28],[19,-38]],[[17453,44077],[-21,-4],[-23,24],[-30,4],[-11,32],[0,61],[19,23],[51,-1],[29,24],[11,26],[0,27],[-50,13],[-14,15],[-59,0],[-17,16],[-18,-3],[-11,33],[-37,-33],[-16,17],[-17,-9],[-50,17],[-1,-46],[7,-24],[14,-1],[10,-23],[-20,-24],[-26,11],[-32,-20],[-11,-17],[-7,-33],[-24,19],[-25,-6],[-31,14],[-11,33],[-26,9],[-23,-60],[-42,23],[8,26],[-2,48],[-9,32],[-21,4],[-15,16],[16,17],[22,60],[14,15],[24,7],[46,-6],[9,-10],[36,8],[-2,28],[59,67],[41,10],[14,27],[40,20],[7,37],[24,18],[22,-34],[26,9],[5,19],[-11,29],[7,40],[-25,-3],[-25,28],[-75,1],[-18,-46],[-24,6],[-53,-8],[10,41],[15,28],[2,30],[-14,56],[-21,15],[-7,19],[-25,-6],[3,-45],[-20,-45],[-25,-27],[-22,6],[-13,16],[-65,-19],[-17,5],[-17,-26],[-8,-83],[-40,-5],[-27,9],[1,54],[-30,9],[14,-43],[-3,-24],[-17,-11],[-42,12],[-30,-15],[-11,-37],[-29,-21],[-35,3],[-25,29],[-2,14],[-33,14],[-12,13],[-35,8],[-9,-22],[-41,-23],[-16,-19],[-1,-22],[41,-45],[24,-41],[21,1],[58,-21],[39,-39],[-3,-44],[-10,-9]],[[11679,46688],[12,-24],[-41,-1],[29,25]],[[14494,50352],[40,17],[48,3],[67,-7],[34,-10],[36,-19],[67,-55],[30,-44],[18,-39],[6,-45],[-18,-108],[-21,-27],[-84,-78],[-29,-46],[-30,-88],[-10,-132],[-44,-41],[-50,-22],[-30,-3],[-22,11],[-64,44],[-20,20],[-37,78],[-35,128],[-13,137],[2,27],[-9,35],[-3,91],[29,51],[94,90],[48,32]],[[6567,52245],[63,-31],[3,-47],[-19,-2],[-34,-31],[-41,-25],[-32,-4],[-10,29],[-30,41],[-15,42],[21,30],[75,13],[19,-15]],[[4244,51527],[-23,-16],[-24,17],[41,23],[6,-24]],[[5259,51767],[36,-25],[9,-34],[27,-25],[-48,-39],[-21,-31],[-101,38],[-36,24],[-20,21],[1,30],[43,29],[37,11],[37,22],[13,1],[23,-22]],[[3591,51838],[12,-18],[-13,-19],[-26,-1],[-21,14],[-33,5],[-25,-4],[-28,-26],[7,-23],[-9,-25],[4,-23],[-14,-15],[-60,-8],[28,51],[-1,49],[48,18],[64,29],[53,5],[14,-9]],[[5889,51885],[-29,-17],[-6,-16],[-30,-2],[-40,23],[-15,15],[34,27],[77,25],[28,-11],[5,-27],[-24,-17]],[[6404,52158],[7,25],[24,-18],[22,-42],[46,-17],[-38,-24],[-75,-6],[-22,9],[-37,37],[-17,27],[11,19],[31,8],[25,32],[24,3],[4,-29],[-5,-24]],[[1571,54714],[4,-35],[-16,-31],[-48,-12],[-13,-24],[-21,-15],[10,-38],[-8,-26],[-25,-7],[-18,27],[32,46],[-83,36],[-8,36],[29,29],[50,31],[14,3],[56,-15],[38,6],[7,-11]],[[31556,71756],[-31,-26],[-32,-50],[-43,-22],[-46,35],[-36,8],[-47,-11],[-24,-22],[-89,-25],[-26,-26],[-9,-43],[43,-13],[24,-70],[-11,-28],[-38,-12],[-33,-23],[-98,-18],[-32,-4],[-21,11],[-34,-19],[-33,34],[4,35],[-60,38],[-25,-1],[-41,13],[-18,15],[-6,44],[-17,14],[-13,28],[5,31],[21,51],[-77,28],[2,22],[-63,22],[-31,-3],[-13,-15],[-25,-1],[-46,14],[6,14],[-56,35],[-26,4],[-37,26],[-23,3],[-21,-31],[56,-37],[-23,-20],[-47,16],[-20,-20],[-43,26],[-25,-21],[-65,-36],[-34,1],[-28,17],[-49,-2],[-38,16],[-37,-20],[-19,-23],[-40,13],[25,52],[-34,13],[-33,35],[-9,27],[-58,19],[-18,23],[0,23],[-12,32],[2,32],[19,7],[61,2],[16,17],[12,38],[21,23],[17,46],[20,30],[15,0],[45,-26],[29,28],[23,-5],[26,-28],[22,-13],[29,32],[3,16],[-28,16],[-39,40],[35,58],[71,12],[9,48],[31,46],[-66,43],[39,55],[-13,29],[9,16],[-48,36],[6,13],[33,31],[-21,32],[12,48],[-24,21],[-2,41],[17,26],[37,-11],[19,43],[45,-22],[39,56],[50,7],[58,-3],[57,-25],[17,30],[0,17],[32,55],[25,26],[25,-12],[34,16],[-5,17],[15,16],[40,-34],[55,-5],[37,-34],[38,10],[29,-3],[16,-32],[-10,-17],[1,-27],[40,-5],[41,39],[20,2],[3,25],[83,6],[43,-4]],[[67949,67464],[-5,19],[14,17],[10,40],[24,43],[14,8],[-1,73],[5,43],[20,20],[22,7],[-13,32],[24,26],[16,42],[52,37],[-19,30],[-13,36],[-34,17],[-22,31],[10,28],[8,89],[29,39],[39,25],[25,7],[1,20],[-24,19],[12,23],[-22,24],[-30,49],[-32,24],[-9,37],[-1,34],[22,27],[16,2],[19,21],[-13,14],[25,49],[-17,8],[6,26],[26,18],[1,32],[20,7],[16,19],[-15,28],[12,14],[15,39],[25,22],[47,20],[32,27],[12,65],[12,27],[-5,19],[44,40],[14,1],[24,23],[11,54],[26,43],[-23,34],[25,48],[-2,33],[16,45],[38,1],[28,18],[-3,40],[21,29],[-6,28],[47,36],[7,16],[-30,25],[-11,38],[-32,20],[1,13],[42,12],[16,26],[30,13],[2,18],[-18,12],[-4,28],[-59,16],[-49,35],[-37,12],[-15,14],[-50,15],[16,23],[-19,29],[-36,31],[-14,33],[4,14],[31,15],[8,25],[20,13],[-6,20],[-24,21],[19,8],[35,41],[32,-22],[32,1],[12,-12],[39,-15],[20,-20],[41,1],[29,11],[5,41],[21,16],[41,-14],[16,20],[28,16],[14,-45],[41,-43],[27,9],[11,27],[49,1],[25,34],[76,3],[39,37],[39,-15],[17,33],[32,4],[20,15],[38,-4],[47,5],[13,-22],[31,-15],[33,-2],[15,16],[24,1],[6,41],[9,12],[35,9],[19,20],[43,3],[44,19],[38,7],[23,56],[21,29],[30,10],[24,27],[29,-21],[17,-21],[34,8],[8,-25],[20,5],[16,-13],[42,0],[20,13],[-6,35],[8,21],[16,67],[-12,22],[57,27],[18,-15],[35,-4],[21,18],[40,0],[9,28],[48,1],[-6,66],[-31,17],[5,19],[65,-15],[24,-22],[34,-63],[22,-9],[41,-29],[7,-37],[40,-15],[9,18],[51,-3],[38,5],[38,-9],[52,-2],[77,6],[34,-19],[28,-26],[10,-26],[24,-1],[30,-18],[35,-56],[45,-36],[14,2],[53,-21],[7,-49],[20,-25],[-8,-37],[-1,-44],[6,-50],[-15,-33],[-6,-45],[53,-10],[27,5],[34,-39],[-2,-32],[11,-27],[34,-26],[-16,-39],[5,-36],[28,-34],[-21,-20],[-5,-33],[9,-21],[-8,-17],[-27,-10],[-55,-37],[18,-57],[-25,-52],[0,-83],[27,-17],[9,-32],[-29,-36],[4,-13],[-16,-41],[-43,-11],[7,-28],[17,-33],[-19,-39],[18,-18],[3,-26],[-42,-57],[-29,-22],[-41,8],[-24,-41],[-12,-36],[23,-14],[-19,-34],[5,-22],[-10,-24],[-34,-14],[-21,-20],[9,-30],[-32,-17],[-40,4],[-20,-22],[25,-21],[13,-44],[-8,-13],[14,-25],[23,-12],[24,6],[-1,-50],[-24,-50],[10,-41],[-19,-23],[10,-22],[-22,-19],[8,-23],[16,-11],[0,-34],[36,-9],[-10,-23],[16,-38],[14,-15],[23,3],[-9,-29],[5,-27],[22,-18],[28,-9],[7,-25],[23,-2],[28,-37],[29,20],[34,-3],[27,-16],[-5,-31],[45,-33],[17,1],[3,-47],[32,-23],[13,-23],[36,-11],[34,6],[16,-13],[-4,-21],[-34,-52],[15,-47],[-35,-59],[-58,-15],[-24,-22],[-45,12],[-116,-8],[-13,-16],[-85,-32],[7,-32],[-7,-18],[2,-42],[-13,-42],[-34,-45],[4,-26],[-12,-13],[-42,-1],[-31,-12],[-29,-43],[12,-40],[-11,-13],[-40,-14],[-3,-8]],[[70441,67234],[-37,-24],[-35,2],[-27,20],[-1,41],[-33,41],[-22,5],[-35,21],[-26,9],[-33,-7],[-51,-50],[-34,10],[-35,-1],[-20,32],[-31,24],[-28,8],[-25,-2],[-25,9],[-8,14],[-28,4],[-163,-25],[-28,-17],[-20,-34],[12,-40],[-5,-21],[-36,-3],[-15,-23],[-54,-31],[-7,-27],[-23,4],[-49,-9],[-31,-28],[-6,-38],[-28,-44],[-37,-16],[-28,-1],[-22,-9],[-60,22],[-54,8],[-52,19],[-86,3],[-23,14],[-28,33],[-28,-12],[-31,-2],[-10,38],[-17,29],[-50,11],[-23,-10],[-35,4],[-21,11],[-82,-22],[-21,4],[-20,-15],[-36,-7],[-34,19],[-22,24],[-18,-5],[-19,11],[-79,-2],[-28,-14],[-38,-49],[-30,-12],[-30,18],[-26,2],[-12,19],[-43,7],[-33,20],[-52,12],[-22,27],[-2,47],[-8,28],[-29,27],[-1,26],[-12,17],[0,24],[15,27],[-33,22],[-14,18],[-41,6],[-44,18],[-38,0],[-35,-14],[-13,-15]],[[80912,55237],[-38,27],[-22,-76],[24,-16],[29,-52],[39,-5],[24,-55],[-10,-26],[21,-2],[28,-58],[-15,-7],[9,-44],[3,-66],[-20,-12],[4,-48],[-18,-4],[-23,-21],[-6,-36],[-23,-22],[-24,-4],[-21,-41],[-74,-27],[-15,-22],[-46,-24],[-4,-50],[-10,-42],[22,-35],[35,-7],[-3,-12],[15,-63],[18,-24],[-3,-23],[22,-19],[5,-57],[-12,-16],[29,-29],[-2,-36],[30,-15],[-1,-44],[14,-10],[-11,-19],[24,-36],[-16,-26],[20,-18],[-7,-36],[13,-24],[2,-47],[39,-10],[22,-15],[-44,-25],[-17,-25],[2,-16],[-38,-22],[-6,-13],[-37,19],[-17,-4],[-24,13],[-26,-8],[16,-27],[-4,-17],[15,-23],[6,-38],[-14,-29],[-23,13],[-40,-9],[-22,-22],[-37,-53],[-71,-39],[-6,-21],[-31,-16],[-20,0],[-12,15],[-26,0],[-41,-36],[-19,9],[-17,-8],[-76,14],[-32,-24],[-14,-41],[-34,-20],[-10,-21],[4,-22],[-15,-12],[-48,46],[-25,8],[22,22],[0,29],[-41,5],[-15,12],[-45,-36],[-5,10],[-60,32],[-1,60],[-33,-8],[-17,18],[19,65],[-33,0],[41,63],[-68,0],[16,58],[-39,2],[3,16],[32,14],[-30,56],[16,10],[-5,19],[-32,9],[11,32],[-37,1],[10,60],[-36,16],[15,41],[-40,23],[-18,36],[12,14],[12,32],[-3,27],[20,41],[-62,-13],[-49,27],[40,7],[7,36],[-31,36],[-57,-23],[-28,20],[9,12],[59,15],[-43,60],[-41,-7],[-7,16],[38,22],[-21,15],[-59,9],[-23,-9],[-31,9],[14,35],[-15,32],[-22,8],[8,-97],[-36,1],[28,-28],[-53,-4],[24,-38],[1,-18],[-48,-7],[19,-24],[-13,-18],[-9,-75],[-9,-24],[8,-31],[-2,-63],[15,-11],[9,-43],[19,-31],[-2,-42],[22,-13],[-10,-57],[20,2],[-3,-33],[37,-19],[-14,-52],[13,-9],[-66,-22],[-91,48],[-62,88],[-16,17],[2,54],[-20,-2],[0,35],[-15,8],[-14,72],[-34,17],[6,35],[-4,118],[0,109],[-17,26],[23,5],[4,17],[-30,3],[-26,74],[-28,9],[-10,23],[27,26],[29,-11],[-5,35],[-13,28],[-52,0],[-22,18],[11,23],[13,55],[31,11],[30,-2],[-1,38],[30,6],[5,29],[-22,1],[-49,-26],[-34,-1],[14,34],[-30,10],[-1,27],[-14,22],[3,67],[-4,52],[-37,26],[22,20],[-42,32],[-21,33],[-8,28],[0,59],[-14,28],[-32,-3],[-21,19],[-1,19],[-41,-18],[-18,14],[14,40],[-57,-5],[-27,30],[26,75],[-24,25],[-26,-9],[3,53],[-27,36],[0,12],[-42,33],[4,23],[-28,-2],[-20,10],[3,18],[-13,35],[-3,30],[10,37],[-5,28],[6,43],[-12,49],[31,-15],[10,-17],[76,-9],[-4,-25],[28,1],[13,24],[32,1],[-37,26],[-2,15],[10,54],[-3,20],[-32,11],[-86,-8],[-49,2],[-4,52],[-7,17],[28,97],[26,25],[49,2],[43,8],[58,-3],[25,-28],[13,-3],[23,36],[-1,22],[12,15],[2,67],[-11,21],[23,58],[44,69],[-60,86],[-16,44],[-20,33],[7,46],[73,35],[1,20],[-15,23],[11,13],[44,-5],[46,14],[-8,41],[-30,23],[27,62],[51,68],[12,-47],[23,5],[33,63],[0,29],[45,-22],[28,13],[34,-14],[27,-28],[26,4],[20,-6],[23,14],[49,-37],[16,0],[-18,93],[59,77],[20,54],[1,21],[-64,101],[-8,87],[133,9],[50,-11],[25,-34],[50,15],[15,-15],[57,12],[28,-17],[32,11],[17,-38],[42,-2],[60,-14],[50,-23],[61,11],[34,-8],[6,16],[40,-15],[20,10],[21,31],[-18,18],[24,15],[24,-15],[65,17],[35,20],[14,35],[-2,36],[-19,44],[30,37],[8,22],[-5,46],[10,27],[39,-5],[10,26],[-10,34],[-13,1],[0,39],[-9,34],[24,28],[29,20],[9,-13],[-6,-50],[37,-59],[12,-25],[3,-36],[13,-44],[23,-16],[38,9],[11,-24],[20,-11],[33,0],[26,-31],[31,8],[19,-8],[54,9],[-28,165],[-10,68],[4,101],[35,-23],[77,-41],[35,-16],[40,1],[29,-31],[39,-3],[18,14],[19,39],[28,2],[21,-36],[-18,-16],[-13,-52],[47,-34],[30,-13],[16,-29],[5,-36],[25,-22],[4,-16],[32,-31],[51,-5],[39,-29],[24,1],[-25,31],[29,45],[-7,60],[31,135],[55,164],[-7,69],[-8,9],[-54,167],[14,14],[55,16],[8,15],[42,20],[28,1],[25,-40],[2,-26],[24,-27],[15,-7],[32,7],[4,31],[-10,31],[-34,39],[11,21],[-29,27],[-10,25],[20,10],[40,-7],[6,28],[36,5],[26,-28],[29,16],[22,-18],[30,-13],[43,-7],[120,-8],[27,10],[48,8],[31,20],[-5,19],[32,16],[39,37],[5,33],[16,23],[28,-12],[21,13],[28,-21],[20,16],[2,33],[-13,15],[4,23],[-33,60],[0,47],[-9,34],[-13,7],[16,85],[16,29],[33,6],[23,-16],[33,-6],[12,-16],[54,-30],[24,-6]],[[82264,58536],[62,-7],[6,-27],[16,-18],[-26,-43],[5,-30],[-1,-48],[28,-26],[28,-6],[26,-86],[2,-41],[12,-50],[6,-100],[-18,-21],[-53,-92],[0,-40],[-20,-30],[-49,-57],[-33,-99],[2,-24],[-30,-21],[17,-12],[52,-11],[13,20],[41,-3],[80,27],[73,12],[36,-5]],[[82539,57698],[16,-61],[24,-28],[18,-4],[24,-35],[-6,-17],[23,-11],[-5,-19],[24,-54],[-9,-42],[16,-12],[-1,-31],[10,-10],[-10,-30],[-12,-11],[2,-22],[-9,-97],[6,-20],[-2,-38],[-11,-44],[-16,-18],[4,-38],[-18,-16],[13,-20],[-14,-19],[24,-45],[-8,-29],[8,-30],[24,-33],[-20,-61],[-40,-36],[-1,-46],[8,-64],[20,-23],[8,-38],[21,-8],[-3,-30],[-25,-23],[0,-28],[-14,-16],[-7,-45],[20,-18],[-25,-28],[-33,9],[-33,28],[-16,-3],[-22,-37],[-32,-30],[-2,-17],[47,-79],[-4,-12],[-51,6],[-32,-10],[4,-33],[24,-101],[7,-12],[-6,-27],[6,-29],[-6,-29],[0,-59]],[[82447,55965],[-37,5],[-44,-24],[-9,-18],[21,-52],[-3,-12],[-28,-31],[-1,-54],[-24,-50],[-41,-2],[-24,42],[5,28],[19,33],[-23,49],[-19,24],[-56,8],[-60,-9],[-53,45],[-11,26],[-54,26],[-26,1],[-35,-15],[-4,-29],[-20,-50],[-9,-7],[-1,-37],[-34,-24],[-15,-40],[-29,7],[-25,-50],[-11,-48],[-39,-9],[-42,14],[-28,-6],[-72,56],[-30,-7],[-21,13],[-18,38],[-16,65],[-17,28],[-6,25],[-16,22],[-5,30],[-20,17],[-17,-7],[-22,21],[-27,3],[3,-40],[-18,-17],[-3,-56],[-11,-18],[-22,-7],[-22,-21],[21,-82],[-6,-12],[21,-47],[-4,-33],[-11,-9],[37,-61],[3,-47],[10,-26],[-1,-53],[11,-41],[-5,-41],[20,-56],[-29,-20],[7,-28],[30,-21],[20,-39],[8,-28],[-12,-17],[5,-29],[-47,-9],[-56,-46],[15,-96],[-2,-16],[-25,-9],[-31,0],[-26,29],[-28,-13],[-31,24],[-2,-24],[-38,-42],[-31,-14],[-50,-9],[-23,-16],[-25,80],[28,49],[-32,3],[0,20],[-31,13],[-27,23],[-12,43],[-20,12],[-9,42],[-37,32]],[[70441,67234],[63,-17],[49,-8],[68,16],[37,-44],[18,-12],[70,-22],[38,-24],[61,6],[14,-13],[-3,-19],[13,-35],[-2,-33],[5,-36],[13,-13],[-8,-79],[12,-12],[-17,-35],[-9,-82],[-8,-29],[8,-45],[-7,-28],[13,-23],[-2,-64],[31,13],[6,28],[50,40],[42,60],[31,35],[31,-33],[75,-69],[9,-44],[-12,-31],[-16,-14],[-5,-30],[116,-60],[41,32],[47,20],[29,22],[28,6],[14,-47],[10,-7],[58,-14],[8,-49],[51,1],[47,-25],[56,-16],[-15,-68],[27,-15],[18,-21],[-15,-61],[46,-52],[37,-14],[37,-43],[117,25],[29,2],[53,-25],[129,22],[37,-3],[68,-16],[11,3],[38,45],[55,18],[37,23],[35,9],[28,20],[31,-21],[40,20],[56,19],[57,27],[18,-11],[25,-58],[79,-5],[28,-15],[51,16],[32,-31],[7,-44],[49,-48],[34,5],[39,-4],[39,3],[50,38],[62,-1],[63,-7],[31,16],[35,-51],[53,-17],[44,-8],[11,-10],[56,-9],[16,-21],[37,13],[23,0],[40,-15],[11,-33],[-32,-23],[9,-32],[-73,-43],[-22,-33],[23,-16],[3,-15],[26,-3],[14,17],[43,-14],[7,-11],[35,10],[30,37],[4,22],[18,3],[32,-19],[46,10],[24,-18],[32,-6],[26,-21],[48,18],[18,0],[31,22],[22,-29],[-7,-16],[39,-59],[15,-7],[122,32],[45,-6],[124,-24],[10,-7]],[[74215,65767],[39,-53],[-6,-32],[4,-22],[-12,-31],[19,-20],[-26,-51],[-25,-19],[2,-26],[15,-17],[50,-4],[1,-38],[-12,-21],[0,-22],[26,-13],[-22,-18],[-34,-13],[17,-69],[-19,-43],[9,-31],[-26,-32],[7,-77],[-14,-29],[24,-19],[18,-52],[25,-17],[-3,-39],[-26,-19],[-25,-41],[1,-25],[-21,-14],[29,-26],[-60,-7],[-14,6],[-19,-33],[-4,-31],[34,-11],[17,13],[12,31],[30,-26],[4,-39],[-45,-2],[-7,-16],[-27,18],[-28,-11],[8,-35],[-23,-21],[12,-29],[-20,-11],[-23,18],[2,16],[26,18],[-22,14],[-51,-40],[-23,-2],[-36,-23],[-6,-22],[12,-44],[-46,-27],[-8,-17],[-25,-10],[-14,23],[-17,-12],[12,-59],[21,-34],[-30,-8],[-28,19],[-32,-7],[-41,20],[-14,-11],[63,-66],[6,-21],[-24,-36],[-38,-3],[-25,15],[7,26],[-31,-1],[-9,-39],[40,2],[14,-8],[-7,-29],[52,-24],[-20,-24],[-41,-11],[-1,-27],[-15,-13],[14,-16],[42,18],[19,-5],[10,-20],[-23,-15],[-33,1],[5,-46],[-20,-15],[-45,3],[12,-35],[34,-18],[31,16],[17,-19],[-1,-15],[-26,-2]],[[73764,64015],[-23,4],[-15,-43],[-25,-9],[-21,26],[-36,7],[-2,26],[47,0],[-36,39],[-17,35],[-23,20],[-7,25],[26,14],[-8,32],[13,25],[-16,24],[-19,-17],[-1,-31],[-25,4],[-31,-6],[-33,21],[-36,-7],[-1,-28],[13,-25],[2,-26],[24,-14],[6,-17],[-12,-17],[-23,6],[-7,23],[-20,8],[-10,-24],[7,-22],[34,-11],[15,14],[21,-11],[19,6],[11,-18],[-43,-39],[-28,12],[-3,36],[-23,3],[-59,-6],[-11,-55],[1,-23],[-29,11],[-12,-12],[-8,-47],[8,-24],[33,-26],[28,-11],[23,14],[23,-3],[-2,-32],[-41,-27],[-55,1],[-11,-32],[23,-9],[43,7],[44,34],[33,-52],[-19,-25],[14,-30],[36,-20],[-8,-17],[-61,-7],[-22,-24],[-13,22],[-24,-2],[8,-23],[-48,-28],[-13,-30],[-41,-9],[-16,-21],[9,-48],[-8,-16],[22,-24],[-3,-33],[12,-31],[-30,-7],[-5,-34],[-31,4],[-34,-14],[-26,3],[-36,15],[-3,19],[11,23],[-19,7],[7,30],[34,11],[-28,28],[-31,-7],[-37,15],[-17,-2],[-24,-20],[-37,4],[-18,9],[-42,-31],[-61,6],[-56,34],[-33,3],[-28,11],[-2,27],[21,33],[-4,23],[-23,21],[-50,-11],[-22,-21],[-5,-23],[-31,-15],[-2,-48],[-69,11],[-8,-9],[-48,-2],[-28,8],[-45,34],[-3,22],[-45,36],[-17,-4],[-63,41],[-9,-11],[-55,8],[11,52],[-28,-12],[-68,11],[9,53],[29,41],[-45,1],[-9,31],[-29,13],[-10,20],[-24,12],[-14,19],[-25,15],[-29,-7],[-25,16],[-41,-18],[-22,17],[-32,8],[-21,-4],[-27,13],[-27,24],[-17,60],[20,0],[-20,35],[-28,-3],[-12,24],[-6,36],[9,5],[6,36],[13,2],[17,33],[-21,10],[-10,52],[4,22],[-31,12],[1,21],[-42,22],[18,36],[-46,30],[-24,10],[-10,24],[7,47],[-11,22],[10,31],[16,0],[3,-29],[28,-31],[26,-2],[26,14],[-8,16],[-41,24],[27,19],[9,-19],[25,13],[1,18],[-26,7],[-45,-7],[-33,21],[-8,-12],[-34,10],[-6,13],[29,25],[-6,34],[-11,14],[4,27],[-27,18],[7,86],[-66,22],[-114,4],[-32,27],[-17,1],[-18,23],[-37,-8],[-6,26],[-44,-5],[-33,7],[1,33],[-16,17],[16,34],[-41,16],[-19,20],[-29,5],[-27,-52],[5,-32],[-17,-1],[-5,-25],[-36,21],[-26,1],[-11,-29],[9,-23],[20,-7],[-17,-25],[-38,5],[-29,-5],[11,-20],[26,8],[5,-29],[-28,-80],[11,-16],[45,-2],[14,-16],[38,-7],[26,28],[28,-27],[-23,-10],[-18,-36],[20,-9],[0,-24],[28,-13],[8,21],[-2,31],[12,13],[31,4],[13,-13],[27,6],[1,-21],[-18,-5],[18,-30],[48,-6],[-23,-33],[-25,-11],[-14,-25],[8,-29],[43,-2],[-9,-25],[18,-5],[14,43],[30,-19],[29,34],[15,-4],[-22,-57],[24,-16],[17,2],[43,-30],[4,60],[24,5],[29,-17],[-11,-16],[17,-15],[-8,-22],[8,-15],[1,-36],[-38,-12],[-23,-49],[-26,15],[-34,6],[-16,-18],[-23,8],[-115,1],[-27,32],[-32,24],[-42,9],[5,-24],[46,-11],[1,-9],[37,-22],[-47,-19],[-42,10],[-42,70],[-18,14],[-12,33],[-18,23],[-31,13],[-62,2],[-80,-7],[-32,-24],[-6,-35],[-11,-17],[0,-38],[24,-11],[13,-24],[-4,-24],[-37,-8],[-20,11],[-52,-10],[-1,20],[-37,6],[-16,44],[-35,8],[7,44],[-16,17],[10,47],[20,20],[-20,9],[-39,31],[-28,12],[-43,-23],[-60,-14],[-28,28],[-37,-2],[-22,-62],[-10,7],[-35,-13],[-15,-15],[-68,-16],[-35,-19],[-4,-18],[-41,-36],[-32,16],[-7,27],[4,28],[-9,14],[8,37],[18,9],[24,-12],[24,-31],[21,-8],[19,21],[-50,18],[-20,23],[-10,58],[46,12],[10,-24],[42,-2],[44,14],[26,-11],[22,13],[0,18],[51,-4],[9,31],[-28,-7],[12,65],[-51,-6],[-17,-16],[-37,2],[-9,-24],[-22,-18],[-14,9],[-13,42],[9,22],[-23,12],[-11,41],[20,17],[-26,11],[19,23],[31,3],[-7,17],[-24,-13],[-20,16],[-26,4],[21,42],[-71,13],[-11,21],[-23,-3],[-14,46],[-43,0],[-49,19],[19,23],[-4,27],[-11,14],[-9,58],[-55,6],[-26,-4],[-3,-60],[-21,-9],[-41,22],[-46,-1],[-7,29],[-32,35],[12,28],[-90,-16],[-23,42],[-16,18],[6,39],[-72,6],[-36,-4],[0,70],[-25,8],[6,22],[-26,9],[-46,-3],[-15,9],[-11,-35],[-16,-5],[-25,13],[-5,16],[-37,18],[-34,71],[2,49],[-10,16],[1,33],[-18,74],[7,31],[-18,8],[-38,-19],[-4,-24],[-34,-20],[12,-30],[-49,-26],[-13,-50],[-13,-20],[1,-40],[-40,-53],[0,-43],[-22,-25],[-5,-43],[-40,-32],[-23,-34],[-1,-21],[35,-25],[-3,-29],[22,-3],[24,-57],[23,10],[0,42],[12,19],[-12,34],[10,12],[33,8],[8,-15],[34,-3],[8,-14],[41,11],[16,-6],[35,-37],[40,12],[34,-24],[84,2],[56,-16],[25,-3],[-16,-31],[21,-4],[2,-17],[31,-26],[6,-35],[-16,-18],[24,-21],[-1,-20],[31,-7],[-15,-27],[34,-39],[-8,-31],[13,-20],[6,-64],[-29,4],[-24,24],[-46,0],[-2,-36],[-28,5],[-10,21],[-49,1],[-21,30],[-21,0],[-21,-18],[-15,-32],[-6,-37],[-16,-17],[-47,0],[-26,8],[-29,-28],[12,-16],[32,-7],[-12,-15],[-34,1],[-63,-13],[-7,-13],[-40,-13],[-29,-26],[-15,-33],[-30,-20],[3,-23],[-10,-24],[11,-14],[-8,-36],[7,-17],[28,-11],[-20,-43],[-2,-30],[-39,-13],[-32,-4],[-39,-44],[-39,3],[-9,-9],[-42,4],[-25,-11],[-37,-39],[-20,-2],[-91,9],[-31,-29],[-3,-23],[-50,-23],[-6,-13],[-36,-13],[-33,4],[-17,-17],[-23,-6],[-22,-19],[8,-24],[-19,-43],[15,-7],[-17,-22],[1,-20],[-31,-13],[-6,-27],[-15,-11],[18,-38],[-20,-20],[17,-9],[20,13],[16,-16],[30,-8],[-6,-14],[17,-17],[-22,-19],[-8,-22],[-28,-23],[20,-15],[-9,-27],[33,-7],[-15,-28],[-72,-2],[-21,-6],[-21,-39],[-3,-24],[-13,-10],[-33,-1],[5,-29],[-14,-19],[3,-18],[-21,-9],[11,-22],[-35,-28],[26,-30],[-14,-21],[-18,2],[-9,-37],[-43,3],[-34,-55],[26,-26],[-18,-35],[45,-27],[-31,-53],[57,-21],[-2,-26],[11,-15],[-34,-49],[18,-6],[-21,-35],[32,-19],[-13,-16],[43,-16],[-15,-28],[7,-15],[25,-7],[44,3],[22,-13],[-6,-37],[33,-22],[44,43],[28,-8],[12,24],[30,25],[25,2],[22,-26],[1,-13],[34,-10],[9,35],[67,-3],[-7,19],[34,25],[64,4],[36,-12],[9,-48],[-10,-42],[41,-17],[33,-6],[-6,-20],[35,-23],[58,-27],[-2,-23],[17,-4],[1,-24],[24,7],[33,-7],[23,-27],[48,-11],[-6,-16],[63,-20],[-15,-51],[72,-22],[-1,-31],[33,6],[14,-13],[-5,-32],[121,-13],[53,-14],[5,-31],[-5,-31],[8,-14],[-6,-45],[-22,-14],[-10,-24],[14,-34],[-17,-27],[37,7],[10,-19],[26,-10],[17,-17],[39,6],[56,-8],[-4,-34],[-18,-39],[23,-38],[33,-17],[34,-3],[-1,-23],[20,-3],[7,20],[20,-3],[-1,-33],[26,-9],[-9,-27],[22,-39],[26,38],[15,-22],[41,-1],[16,-16],[61,0],[15,-9],[27,33],[19,2],[12,-21],[35,-42],[69,7],[20,-11],[-15,-16],[7,-42],[49,9],[13,-23],[57,-1],[23,6],[41,-15],[35,31],[-8,63],[47,0],[22,12],[50,4],[13,-40],[49,0],[35,31],[-19,7],[-19,24],[0,45],[29,-1],[5,-14],[32,-15],[71,28],[38,-3],[-10,-35],[3,-44],[14,-39],[56,7],[13,-43],[14,-18],[-9,-23],[14,-20],[-4,-16],[-32,-16],[-9,-27],[24,-16],[6,-26],[-17,-37],[-40,-7],[19,-19],[1,-25],[45,2],[14,-25],[-15,-11],[12,-90],[47,-2],[4,-27],[46,-9],[-8,-33],[28,-21],[31,-35],[15,37],[62,2],[3,-36],[29,-48],[47,0],[-3,-25],[55,-11],[18,9],[27,-10],[9,16],[41,-16],[11,17],[52,-29],[61,-7],[-13,-86],[-25,1],[-36,17],[-25,-34],[-58,-28],[-23,-3],[-18,-32],[13,-24],[-8,-26],[19,-20],[2,-35],[-10,-22],[-39,1],[-31,-23],[15,-21],[25,1],[11,-43],[-21,-23],[-28,25],[-22,-17],[-25,-32],[-31,6],[0,28],[-36,9],[-42,18],[1,-21],[-47,2],[-16,41],[-23,-2],[1,31],[-50,5],[-4,26],[-38,3],[-23,-15],[-13,-47],[-40,-22],[-7,-35],[-52,-12],[-135,50],[-20,-25],[-37,27],[-25,-6],[-4,46],[-54,13],[-10,15],[-119,6],[-19,-28],[-22,-3],[-12,13],[-59,7],[-53,-11],[-43,11],[-93,-55],[-46,-38],[-66,-5],[-14,11],[15,41],[-42,12],[-24,-20],[-26,-3],[-1,35],[-66,16],[-47,1],[-1,24],[-51,6],[-33,-11],[-19,-37],[-25,-9],[-58,7],[-7,-44],[10,-10],[-8,-25],[23,-9],[12,-24],[22,-13],[-9,-19],[14,-14],[-2,-31],[-42,-39],[-20,-4],[1,-39],[20,-16],[-11,-25],[9,-65],[19,-13],[-31,-33],[-5,-22],[-25,-23],[2,-22],[13,-22],[27,-2],[17,-13],[-23,-14],[-19,-59],[-21,-27],[-23,17],[-52,-72],[-1,-26],[17,-27],[-62,-6],[-19,-39],[27,-34],[-25,-28],[-45,-8],[-33,10],[-37,22],[-64,-26],[-2,-20],[-22,-30],[3,-26],[-37,-6],[9,-38],[26,-14],[29,-4],[10,-18],[-14,-30],[-38,-43],[-31,13],[-3,28],[-28,-7],[-37,-30],[-17,44],[-19,12],[-17,-9],[-26,4],[-17,25],[-18,-18],[-5,-38],[-28,3],[16,39],[4,29],[-4,33],[-20,45],[-19,29],[-56,45],[-24,36],[-21,7],[-75,-10],[-34,-16],[-26,2],[-26,-21],[-19,11],[-43,-52],[-20,-4],[-21,13],[-25,-2],[5,-63],[47,-35],[9,-26],[44,-17],[-56,-28],[38,-25],[-16,-17],[24,-28],[-11,-18],[5,-25],[-58,-1],[-19,-28],[-1,-22],[-23,-21],[-1,-29],[6,-48],[-20,1],[-24,57],[-40,-30],[-22,-43],[1,-69],[-58,10],[-36,-41],[-20,9],[-12,-30],[19,-10],[-29,-35],[20,-22],[-30,-73],[-26,-25],[-43,-29],[-59,-57],[62,-39],[21,-18],[18,-30],[-11,-30],[28,-36],[42,-16],[21,-19],[42,-56],[13,-25],[9,-38],[36,-45],[11,-25],[0,-41],[-13,-15],[36,-81],[25,-50],[62,-37],[47,-15],[55,-22],[48,-27],[19,-36],[40,-5],[16,7],[36,-22],[53,-12],[30,-16],[111,-4],[49,-13],[27,-13],[59,-16],[44,-4],[46,-25],[46,-59],[31,-34],[63,-48],[58,-19],[58,-39],[26,-12],[57,-8],[53,-24],[58,-32],[27,-8],[14,-35],[33,-40],[36,-22],[27,-6],[54,-23],[63,-5],[39,-15],[27,60],[66,-6],[4,-32],[61,-16],[3,17],[57,1],[16,-31],[23,1],[44,15],[14,-37],[37,20],[49,48],[22,14],[64,-38],[44,-34],[38,-21],[39,-87],[-1,-29],[14,-23],[-22,-100],[5,-43],[-6,-9],[-10,-100],[2,-19],[28,-28],[22,-52],[-80,-59],[-41,-27],[-49,-8],[-7,-29],[19,-3],[0,-42],[10,-7],[39,27],[39,0],[8,-40],[-19,-70],[10,-16],[27,5],[12,-16],[-24,-9],[9,-25],[21,-17],[-4,-26],[16,-9],[-28,-42],[-12,-32],[-9,-47],[28,-9],[16,24],[34,12],[36,-10],[3,-27],[21,-43],[-16,-3],[-47,12],[-33,-3],[-16,-24],[3,-24],[-8,-45],[9,-8],[9,-50],[-18,-18],[-6,-34],[9,-25],[-37,-7],[-8,11],[-55,-1],[-24,-26],[3,-31],[-41,9],[-14,-37],[-29,-21],[-39,-5],[-3,-15],[14,-24],[-48,-12],[-56,13],[-31,-20],[-24,38],[-38,-11],[-2,-33],[-35,21],[-38,6],[-18,-29],[3,-25],[29,-14],[-15,-25],[-2,-39],[8,-12],[33,-16],[12,-20],[-32,-34],[-5,-29],[-32,-3],[4,-18],[-37,-29],[-40,8],[-2,-14],[40,-19],[24,0],[6,-48],[-27,-43],[-3,-41],[-9,-23],[-4,-44],[-10,-7],[9,-37],[3,-39],[14,-15],[7,-27],[-11,-15],[-4,-35],[-26,-14],[-14,-23],[16,-17],[-3,-28],[30,-4],[17,9],[60,6],[-5,-37],[4,-40],[-23,-7],[-18,-17],[9,-18],[39,-6],[21,14],[56,-15],[21,15],[47,14],[19,-13],[-18,-30],[42,-38],[-6,-16],[24,-60],[-5,-21],[21,-23],[23,-13],[23,11],[41,-37],[0,-16],[35,-25],[-4,-22],[32,-4],[33,-29],[33,13],[23,-34],[-4,-18],[38,-28],[10,-17],[33,-16],[29,35],[14,-25],[27,9],[-19,16],[16,30],[35,11],[12,-15],[22,18],[18,-11],[2,-57],[-18,-3],[-22,-40],[10,-30],[9,-52],[-27,1],[-22,-9],[-44,22],[-13,-37],[-3,-35],[-16,-15],[-6,-25],[23,-19],[-39,-23],[10,-36],[24,-19],[-2,-24],[23,-28],[-17,-24],[-33,2],[-25,-25],[3,-20],[-24,-9],[-16,-60],[30,1],[26,-21],[-13,-23],[-1,-22],[-20,-10],[-32,15],[-11,-29],[-43,17],[-24,-6],[-7,17],[-30,-19],[1,-33],[44,-14],[5,-36],[42,-17],[-16,-60],[19,-3],[33,-21],[39,-9],[23,-17],[52,19],[27,-23],[5,-14],[-9,-32],[15,-12],[30,4],[16,-8],[53,-2],[12,9],[-15,30],[-1,26],[13,30],[-2,19],[63,-29],[-20,-27],[13,-13],[28,23],[38,-31],[28,17],[43,-8],[29,2],[19,-12],[64,4],[17,14],[27,-6],[14,-34],[-6,-34],[28,16],[22,-22],[46,-18],[73,29],[44,30],[24,-9],[-12,-38],[21,-22],[-23,-31],[-61,-3],[-15,-32],[-40,-9],[-37,-27],[-14,-41],[4,-40],[-6,-17],[-25,8],[-12,-15],[-8,-36],[-21,2],[-46,-56],[-21,-16],[-49,-12],[-25,-12],[16,-35],[-27,-13],[-5,-21],[12,-36],[18,-10],[3,-68],[31,-14],[-16,-51],[-25,-20],[7,-26],[22,-7],[-5,-17],[-29,9],[-71,6],[8,-18],[43,-1],[11,-65],[12,-22],[-39,-21],[-11,-27],[13,-58],[28,25],[21,-9],[18,19],[51,-6],[-2,-49],[-20,-17],[9,-15],[57,-21],[0,-26],[-33,-3],[13,-27],[-12,-29],[23,-4],[18,-50],[30,-12],[16,10],[15,-24],[38,7],[12,18],[27,-12],[13,-31],[52,-75],[-14,-44],[-3,-34],[-28,-29],[15,-15],[-7,-36],[-29,5],[-21,-24],[-26,1],[0,-28],[-23,3],[-17,-11],[6,-32],[-30,-4],[-18,-36],[33,-16],[-14,-18],[-7,-28],[9,-24],[25,-14],[6,-27],[72,-43],[12,2],[28,-28],[8,-17],[-6,-25],[-21,1],[-24,-25],[-10,-48],[-12,-15],[-27,-9],[-25,-22],[18,-51],[16,-26],[19,-12],[50,-20],[9,-18],[-50,-46],[-18,-33],[3,-27],[19,-26],[-5,-36],[12,-15],[42,-15],[20,-34],[25,-92],[1,-39],[10,-25],[29,-42],[38,-30],[-5,-57],[-14,-39],[28,-27],[7,-17],[-39,-20],[-20,-22],[-36,-18],[20,-28],[45,-38],[-2,-15],[-24,-30],[5,-23],[17,-14],[-15,-33],[8,-25],[-14,-60],[18,-26],[34,7],[41,-35],[46,-52],[-8,-13],[-39,11],[-30,0],[-22,-11],[3,-33],[82,-53],[-27,-32],[12,-14],[42,26],[14,-10],[18,-50],[6,-34],[17,-28],[52,-35],[16,-25],[13,-44],[-3,-78],[11,-45],[27,-15],[31,32],[25,-4],[-3,-38],[-33,-32],[-28,-14],[-88,-66],[-29,-45],[0,-31],[27,-84],[15,-64],[68,-63],[15,-42],[5,-44],[-28,0],[-20,-109],[8,-66],[-9,-24],[-28,-16],[-37,-8],[-33,-20],[-23,1],[-77,55],[-27,11],[-3,19],[19,21],[-33,5],[-28,-41],[5,-16],[65,-39],[23,-41],[-5,-38],[-18,-21],[-44,16],[-77,50],[1,32],[-12,37],[-14,-13],[-4,-21],[-19,-13],[-53,13],[-34,31],[-7,21],[0,53],[43,66],[10,33],[-35,96],[-3,52],[8,48],[10,11],[45,15],[48,9],[27,19],[25,44],[21,75],[-22,9],[-27,-74],[-37,-32],[-49,-25],[-66,-22],[-3,-40],[12,-121],[0,-37],[-12,-42],[-28,-22],[-17,22],[2,48],[-11,74],[2,28],[40,52],[-6,18],[-24,13],[-44,10],[1,15],[19,27],[34,25],[21,27],[7,40],[-10,9],[-21,-51],[-26,-24],[-51,-35],[-13,-20],[-9,-48],[18,-9],[28,9],[10,-14],[-15,-29],[10,-39],[-2,-20],[-19,-25],[27,-14],[-10,-44],[1,-41],[-10,-25],[21,-22],[-1,-67],[-19,-65],[-57,-7],[-14,-9],[-36,19],[-5,-19],[-32,-14],[-48,14],[-64,51],[-50,9],[-46,4],[-21,9],[-10,23],[-40,-6],[-47,6],[-23,20],[-5,68],[11,6],[72,-9],[13,-31],[67,-18],[-8,16],[-41,22],[-8,32],[-16,7],[-57,1],[-15,24],[-35,-31],[-12,14],[42,48],[11,30],[-2,45],[-20,60],[22,12],[-8,16],[-32,10],[21,40],[34,40],[44,21],[15,44],[-21,11],[-15,-37],[-52,-22],[-27,-20],[-16,-27],[-15,-68],[-44,11],[-32,25],[-48,18],[-2,32],[20,19],[51,27],[34,35],[22,50],[24,39],[23,12],[18,-8],[35,17],[10,20],[-20,12],[-52,2],[-46,-9],[-15,-15],[-10,-36],[-34,-52],[-23,-18],[-35,-17],[-40,-30],[-14,-23],[-4,-55],[38,-50],[40,-25],[62,-21],[31,-27],[8,-27],[-7,-37],[-44,-31],[-20,-7],[-48,-38],[-23,-43],[-29,-11],[19,-37],[-10,-32],[-40,-28],[-58,30],[-40,-11],[-31,11],[-34,3],[-9,32],[1,29],[9,35],[2,39],[36,30],[23,29],[20,35],[5,69],[9,38],[-18,48],[-47,54],[-13,40],[-4,42],[13,43],[30,57],[13,68],[8,17],[65,58],[25,32],[5,38],[49,0],[-8,19],[-40,-2],[-48,4],[-51,-1],[-55,14],[39,40],[29,23],[6,29],[-13,9],[-28,-2],[-31,-37],[-28,-73],[100,-20],[37,-3],[3,-26],[-26,-21],[-25,-55],[-54,-33],[-5,-27],[11,-34],[-8,-24],[-60,-72],[-20,-38],[-33,-16],[1,-17],[27,4],[22,-11],[19,-41],[7,-96],[25,-21],[-2,-12],[-58,-70],[-41,23],[-18,-17],[49,-34],[-10,-30],[-44,-50],[-9,-24],[4,-45],[9,-37],[24,-42],[15,-17],[-42,-4],[15,-39],[3,-28],[-18,-37],[-27,-37],[-48,-12],[-12,52],[-31,-25],[-30,2],[-40,13],[-13,-13],[19,-41],[-7,-23],[-16,-12],[-7,-61],[-25,-20],[-43,10],[-18,26],[-53,36],[-8,21],[13,26],[41,38],[-19,8],[46,38],[18,39],[1,20],[-13,36],[-29,32],[-37,33],[10,42],[15,15],[54,10],[54,-5],[31,29],[19,75],[7,72],[-1,37],[-13,16],[-15,-103],[-13,-57],[-22,-55],[-40,11],[-45,0],[-19,-7],[-45,-48],[-3,-39],[43,-74],[-7,-44],[-19,-22],[-55,-21],[-44,-37],[-48,9],[13,84],[-21,51],[33,32],[-9,26],[-40,58],[-14,-12],[13,-27],[30,-16],[7,-15],[-31,-44],[-27,16],[0,-31],[10,-18],[4,-38],[-8,-21],[-45,-26],[-21,3],[-53,-19],[-23,-42],[-18,-3],[-24,19],[-6,22],[41,44],[1,18],[-20,47],[-8,53],[-36,34],[11,19],[35,12],[36,36],[1,31],[-12,25],[-30,24],[-23,-11],[48,-38],[-10,-30],[-47,-37],[-34,-11],[-2,-14],[37,-36],[24,-65],[6,-43],[-51,-69],[10,-33],[33,-11],[-3,-16],[-23,-36],[7,-61],[-26,-28],[10,-37],[0,-27],[15,-52],[-4,-31],[-12,-15],[-30,9],[-33,20],[0,16],[-25,61],[-4,47],[11,30],[-4,18],[30,66],[1,26],[23,58],[-1,21],[-15,32],[-52,76],[2,20],[15,25],[-2,19],[-34,39],[-8,-35],[27,-17],[-22,-23],[4,-45],[15,-35],[45,-57],[4,-24],[-9,-60],[-20,-22],[-10,-26],[-44,-9],[-40,1],[-82,-15],[-14,35],[-33,-23],[-57,-6],[-51,8],[7,39],[19,18],[25,67],[-18,67],[22,76],[-22,-11],[-13,-60],[12,-82],[-44,-76],[-13,-16],[2,-38],[87,-13],[26,5],[48,-7],[9,-10],[0,-31],[-29,-34],[-76,-30],[-38,-20],[-20,-54],[21,-51],[66,-93],[-20,-56],[1,-63],[22,-60],[24,-40],[44,-40],[-4,-58],[-11,-31],[-16,-15],[11,-23],[-25,-60],[-10,-38],[6,-35],[30,-20],[20,-25],[-9,-34],[-55,-40],[-57,-21],[-34,-1],[-50,30],[-34,44],[-13,53],[-24,18],[-10,26],[6,42],[34,38],[19,38],[-21,82],[-19,17],[-73,25],[7,25],[42,26],[10,14],[-11,31],[-20,25],[-3,19],[11,68],[-4,124],[-28,43],[-14,41],[-15,58],[1,33],[-14,38],[-37,30],[-25,41],[-23,24],[-9,23],[3,48],[15,46],[-7,24],[2,31],[-11,49],[-32,27],[-25,5],[-8,19],[63,55],[57,41],[24,24],[68,102],[19,38],[17,53],[13,62],[-4,69],[-6,29],[-25,62],[-27,52],[3,40],[-18,32],[-12,40],[-23,37],[-44,30],[-85,18],[-67,17],[-54,20],[-44,22],[-26,-9],[-98,-8],[11,38],[48,64],[0,51],[-35,5],[-21,-6],[-9,-44],[-23,-27],[-42,-34],[-39,-16],[-21,4],[-38,22],[-26,27],[-14,25],[-35,11],[3,-47],[-19,-20],[37,-32],[52,-29],[31,-6],[25,5],[35,-6],[36,-22],[20,-26],[45,-19],[97,23],[48,-4],[49,-15],[22,-2],[68,-66],[46,-53],[-12,-33],[37,-52],[31,-21],[2,-41],[-21,-33],[-45,-54],[-53,-39],[-40,-14],[-144,-111],[-61,-21],[-68,-14],[-44,28],[-28,27],[-31,49],[-9,31],[-26,43],[-23,15],[-28,3],[-40,-5],[15,-23],[40,-10],[15,-15],[17,-37],[15,-49],[22,-40],[22,-27],[28,-8],[16,-50],[-12,-8],[-67,-91],[-19,-34],[-26,-98],[-17,-35],[-34,-44],[-7,-45],[-29,-62],[-23,-28],[-58,-57],[-26,-48],[-22,-21],[-54,-32],[-60,-32],[-54,-35],[-29,0],[-45,24],[14,-54],[-14,-46],[-29,-21],[-12,-23],[-56,-57],[-45,-29],[-102,-75],[-58,-31],[-47,-16],[-52,1],[-17,7],[-30,-10],[-2,-30],[-15,-12],[-70,-31],[-91,-45],[-90,-31],[-41,-7],[-26,6],[3,41],[-45,-2],[-11,-42],[-16,-11],[-116,-23],[-64,-22],[-41,-9],[-20,20],[-21,-29],[-53,-19],[-169,-32]],[[66146,48989],[-10,40],[8,30],[-17,14],[-27,54],[-37,-3],[1,40],[21,4],[-5,48],[17,19],[3,43],[-7,26],[9,26],[-22,18],[-12,43],[-18,7],[-47,1],[1,14],[32,5],[-23,22],[-10,21],[0,51],[-43,-1],[-19,8],[-20,-8],[-44,4],[-39,-10],[-31,32],[-44,-13],[2,-25],[-18,1],[12,33],[-20,19],[-28,4],[-11,31],[-28,3],[-33,-27],[-7,32],[-21,-11],[-64,8],[-3,22],[-36,5],[-4,33],[-23,0],[-19,-24],[-31,6],[-7,40],[-37,5],[24,29],[-20,8],[1,29],[-15,7],[-10,29],[-31,13],[-8,25],[17,45],[-43,82],[12,42],[32,17],[12,29],[-46,35],[-20,21],[0,44],[-66,15],[-18,11],[-52,-18],[-64,35],[-9,24],[-38,-27],[5,-36],[-13,-16],[7,-45],[-6,-13],[-26,-4],[-56,-36],[-60,12],[-38,-13],[-21,-23],[-20,-6],[-20,-50],[29,-26],[-12,-31],[10,-53],[-40,3],[-20,-8],[-26,10],[-55,-5],[-60,5],[-36,27],[-22,57],[-43,25],[-16,33],[-12,8],[12,44],[13,70],[15,12],[16,32],[13,43],[27,33],[6,39],[-8,16],[-21,66],[16,57],[-27,13],[-12,18],[-23,0],[-59,25],[-18,20],[-54,40],[0,19],[-39,30],[-46,-8],[-31,15],[-104,6],[-152,32],[-36,4],[-19,-22],[-29,5],[-4,20],[-28,46],[-28,-7],[-39,12],[15,24],[-27,20],[-3,57],[-33,24],[-20,-13],[-63,-13],[-108,0],[-39,-11],[-19,3],[-6,62],[4,24],[-11,29],[17,27],[-5,38],[19,51]],[[63556,50991],[26,-6],[35,3],[18,-15],[23,0],[47,31],[18,-9],[3,31],[-9,13],[12,18],[30,-1],[-28,-61],[24,-9],[22,23],[36,-14],[22,59],[13,17],[-31,7],[-15,-16],[-16,18],[-7,74],[30,-2],[-10,-44],[16,-26],[23,21],[13,55],[11,-45],[11,0],[11,41],[24,-9],[64,2],[34,-19],[16,7],[80,-9],[1,52],[10,38],[-7,40],[-42,12],[-13,21],[-22,2],[-41,22],[-48,15],[-22,18],[-7,36],[3,43],[14,39],[24,42],[-7,30],[15,28],[-5,36],[-43,32],[-63,26],[-71,10],[-23,9],[-70,6],[-18,60],[5,17],[-34,21],[0,29],[-13,31],[14,27],[57,-9],[53,1],[35,-9],[24,34],[-23,25],[27,21],[-30,29],[5,21],[-27,69],[11,11],[-13,28],[-34,-1],[-26,16],[-6,15],[16,20],[-18,12],[-1,24],[-29,9],[-92,-3],[-69,18],[-91,-13],[-16,-13],[-69,2],[-20,22],[11,30],[-43,12],[-17,11],[-3,38],[-15,3],[16,48],[3,28],[-3,59],[12,22],[-22,23],[-26,9],[-27,34],[-31,7],[-9,13],[-42,18],[-38,5],[-76,50],[-31,34],[-34,17],[-28,-14],[-40,10],[-8,-13],[-26,3],[-19,-32],[-15,29],[-32,31],[-40,18],[-34,43],[-8,30],[-37,34],[-26,-2],[-39,33],[-24,4],[-23,37],[-22,16],[19,32],[-9,33],[46,61],[-1,45],[-9,34],[17,33],[44,-3],[3,36],[14,24],[-9,17],[39,30],[4,28],[-27,-1],[-36,18],[-38,48],[23,26],[34,0],[34,20],[7,26],[44,20],[1,-16],[45,-24],[29,20],[11,22],[77,-14],[19,23],[8,26],[38,25],[16,29],[-6,34],[-65,-27],[-27,-33],[-78,73],[-93,-3],[-19,-10],[-46,7],[-16,-9],[-16,17],[-56,11],[-18,13],[-11,-24],[-42,-20],[-13,-19],[-24,-2],[-18,19],[-10,31],[-49,5],[-25,11],[-76,-14],[-13,-20],[-53,21],[-42,24],[-4,14],[-42,7],[-11,11],[-73,-26],[-24,-19],[-58,-10],[-22,7],[-14,-14],[-44,-2],[-61,19],[3,26],[-75,-10],[-13,19],[-5,29],[-36,11],[4,12],[-51,20],[6,50],[-55,31],[15,60],[-28,4],[-17,24],[-19,9],[-29,-5],[-70,1],[-28,15],[-1,17],[-50,-2],[-47,24],[-41,14],[19,59],[-32,47],[2,14],[-29,15],[-47,-8],[-17,11],[-75,7],[-30,13],[-44,5],[-58,18],[-23,-29],[-36,2],[-18,-9],[-23,4],[-7,-15],[-34,-2],[-19,21],[-54,8],[-45,44],[-3,13],[8,78],[-8,15],[-57,71],[-96,-1],[10,33],[-12,24],[8,27],[-50,41],[-9,36],[34,55],[30,66],[26,7],[15,26],[28,15],[28,25],[-10,36],[32,9],[31,29],[-25,20],[-5,65],[11,15],[-26,13],[0,12],[70,25],[31,-12],[9,16],[-14,24],[-27,11],[-5,16],[-25,20],[17,16],[-8,17],[-71,5],[-7,25],[21,85],[14,39],[15,14],[112,11],[36,-21],[46,-15],[59,-8],[39,19],[55,0],[163,32],[21,-10],[17,7],[28,-4],[31,9],[8,27],[-60,9],[3,56],[-21,10],[1,16],[-20,36],[-38,46],[6,40],[21,7],[20,35],[34,12],[5,33],[39,-6],[72,-29],[-1,-22],[23,-11],[21,2],[25,-10],[15,12],[28,-5],[9,9],[36,-6],[20,12],[17,-24],[56,1],[37,-11],[-23,-37],[21,-23],[-7,-31],[-25,-24],[-2,-16],[18,-26],[25,-12],[-10,-22],[2,-30],[-25,-34],[-8,-55],[37,10],[39,-3],[16,8],[22,-7],[-6,-23],[52,-20],[36,-2],[4,-13],[74,-23],[14,62],[45,-8],[4,-11],[-36,-37],[-21,-50],[14,-29],[37,7],[-1,-29],[15,-12],[33,8],[3,17],[-27,28],[40,13],[29,-11],[14,10],[41,-4],[5,-37],[38,-18],[30,-3],[23,13],[2,38],[-39,9],[-2,15],[48,29],[45,11],[14,-21],[47,5],[14,26],[18,8],[-7,34],[22,31],[51,6],[-4,36],[-34,-4],[-11,24],[-2,36],[29,14],[8,21],[-36,32],[9,59],[38,31],[13,26],[22,10],[6,25],[-9,21],[33,15],[60,-6],[20,43],[38,13],[25,17],[23,-5],[9,13],[-8,54],[26,3],[27,37],[27,2],[37,18],[34,6],[73,-19],[51,-8],[39,10],[49,25],[37,8],[37,17],[12,16],[47,32],[25,11],[-3,27],[41,5],[39,-3],[43,9],[92,33],[73,4],[75,29],[46,7],[73,-16],[20,-48],[9,-3],[79,6],[62,23],[31,2],[21,25],[-19,13],[0,16],[31,64],[-2,20],[14,49],[39,11],[18,16],[-1,42],[-8,38],[-57,70],[-17,12],[16,56],[-29,48],[20,12],[30,-24],[-7,-33],[39,-21],[45,20],[13,13],[41,6],[27,29],[7,33],[39,10],[15,-17],[4,-43],[19,-11],[29,1],[0,29],[-20,28],[1,50],[-21,3],[7,20],[30,38],[28,11],[48,9],[51,-40],[8,-13],[-1,-34],[10,-16],[38,-20],[30,0],[24,11],[10,53],[28,12],[43,-31],[83,-23],[56,-33],[45,-18],[45,-48],[45,-21],[26,-5],[42,-19],[17,22],[16,-6],[21,-30],[33,0],[-6,-16],[32,-7],[39,1],[29,19],[19,-18],[22,1],[43,63],[10,24],[-29,21],[-16,-7],[-50,62],[-32,18],[-2,51],[14,2],[74,-16],[33,1],[32,-35],[22,-5],[24,21],[24,-10],[-25,-26],[23,-13],[10,18],[24,3],[5,19],[29,-19],[28,23],[52,-10],[-25,-30],[-24,0],[-2,-25],[-18,-27],[43,-16],[36,2],[19,14],[12,24],[21,22],[-41,48],[8,34],[-18,6],[13,39],[-7,25],[10,17],[-4,26],[25,32],[25,-24],[-10,-14],[17,-49],[-9,-12],[37,-27],[19,31],[25,7],[29,24],[-4,19],[19,7],[-14,21],[-21,103],[21,15],[-6,20],[8,30],[-41,6],[-30,21],[-29,2],[-6,12],[5,34],[15,2],[5,26],[-17,46],[-35,-23],[-17,7],[-23,43],[16,13],[-36,20],[-2,35],[22,29],[23,13],[42,-25],[22,1],[26,-14],[48,-17],[12,15],[50,-5],[34,13],[39,-10],[32,5],[8,-26],[-11,-17],[-33,-11],[-26,-33],[17,-23],[18,-6],[76,-1],[31,47],[125,-40],[62,-23],[41,-3],[5,-18],[39,-19],[32,24],[35,-15],[3,40],[-42,22],[-13,14],[26,30],[31,-11],[39,10],[9,-12],[52,18],[20,24],[43,23],[10,19],[-10,34],[-16,0],[-38,19],[14,31],[-24,25],[8,20],[31,-5],[22,32],[-22,0],[-38,12],[18,14],[15,28],[-16,35],[13,11],[39,-16],[38,5],[25,-17],[19,-39],[40,-34],[31,8],[10,-20],[43,26],[32,-1],[-20,34],[-1,44],[30,5],[6,33],[12,7],[46,2],[28,20],[-110,74],[12,24],[41,-10],[44,5],[32,16],[24,-8],[27,2],[6,-16],[30,-21],[24,3],[29,16],[26,-4],[8,-14],[29,-6],[-9,-31],[40,3],[12,27],[19,-8],[8,42],[21,43],[-12,19],[0,23],[-42,8],[-33,20],[-7,39],[-64,1],[-57,20],[24,54],[-4,14],[-31,24],[38,34],[21,-42],[30,-7],[1,27],[33,-7],[3,13],[29,1],[25,18],[6,16],[33,17],[20,-6],[12,35],[-2,27],[16,10],[-1,36],[58,-18],[24,23],[32,10],[8,22],[20,16],[23,-6],[4,40],[26,5],[-2,18],[-23,9],[2,26],[26,22],[8,22],[34,37],[12,4],[22,62],[24,-1],[-4,37],[9,22],[36,41],[-22,25],[-17,-35],[-42,20],[22,71],[30,18],[-13,12],[11,27],[69,14],[-4,38],[-41,23],[20,42],[25,-6],[16,32],[-45,-21],[-10,25],[14,6],[-14,25],[-29,1],[2,-36],[-17,-13],[-13,34],[27,40],[-15,32],[-2,44],[35,27],[-31,59],[-39,21],[-60,10],[3,30],[70,1],[18,-10],[51,-7],[21,-21],[27,-10],[5,-39],[45,4],[37,-16],[8,16],[38,-7],[12,25],[78,4],[3,52],[28,16],[26,-3],[17,39],[-10,15],[3,28],[-64,4],[-24,-12],[-32,34],[52,-15],[48,4],[1,55],[29,23],[-10,44],[15,15],[4,31],[-25,7],[-20,15],[-45,10],[-3,24],[30,19],[31,110],[-33,5],[-34,16],[-9,39],[-23,3],[-14,-27],[-49,5],[-80,39],[-25,24],[-35,2],[-5,23],[18,30],[24,-1],[8,56],[31,7],[-6,-40],[-15,-31],[25,5],[33,-23],[30,15],[27,28],[-1,47],[34,5],[10,28],[-4,20],[-19,6],[3,49],[36,4],[36,22],[10,49],[-30,35],[22,19],[61,73],[29,22],[75,42],[23,19],[30,48],[-5,23],[9,27],[-11,44],[-4,62],[-14,26],[-48,44],[-58,31],[-41,3],[-51,31],[-26,27],[-39,50],[-97,63],[-45,18],[-85,56],[-53,45],[23,49],[0,36],[-43,64],[-33,29],[10,62],[-2,58],[-13,52],[-16,33],[1,51],[15,45],[3,52],[-229,24]],[[66914,61020],[107,21],[71,2],[46,-17],[39,-4],[35,-23],[50,-14],[19,-15],[36,21],[6,21],[22,18],[25,8],[4,44],[17,12],[4,49],[-22,33],[-19,3],[-44,19],[-26,26],[-39,26],[-54,7],[-29,34],[11,39],[7,83],[-45,0],[-33,13],[-8,17],[11,52],[-3,44],[25,-17],[18,5],[-8,42],[29,42],[6,40],[53,-17],[40,-30],[33,5],[8,37],[14,4],[0,43],[29,-1],[1,21],[49,-3],[5,15],[45,-11],[-14,27],[7,68],[27,25],[29,6],[10,12],[-12,23],[23,5],[47,-46],[22,48],[28,30],[-6,18],[29,3],[7,13],[47,-12],[43,9],[47,-5],[12,-24],[28,-14],[18,2],[13,-23],[24,-14],[10,-45],[36,-13],[-20,55],[40,3],[12,-8],[4,-27],[43,-42],[52,-9],[35,8],[31,-3],[27,-19],[-6,78],[-16,12],[16,16],[-21,24],[-10,44],[-28,16],[-7,26],[-35,12],[-18,-7],[-18,11],[-9,24],[10,17],[-37,17],[35,15],[14,16],[-36,5],[-10,45],[32,36],[39,5],[-5,41],[-20,15],[1,22],[15,23],[35,92],[-3,54],[21,26],[-19,36],[-25,-6],[-34,12],[-39,-26],[-8,16],[10,30],[-31,2],[-35,18],[-4,19],[-50,11],[-9,-16],[-54,18],[1,27],[-62,48],[1,32],[-16,6],[-2,32],[-11,14],[-23,-17],[-37,27],[-68,-16],[-5,12],[24,16],[-9,15],[-6,57],[-18,14],[23,43],[-26,20],[-31,8],[8,24],[54,31],[18,22],[-38,29],[-35,17],[-22,-19],[-34,1],[-15,17],[-24,7],[-23,-9],[-13,11],[-79,9],[-20,56],[16,16],[-25,23],[11,37],[-34,-6],[-21,12],[15,19],[-10,31],[34,27],[46,-19],[22,34],[-21,19],[15,28],[-6,14],[27,11],[12,47],[-10,18],[6,44],[12,8],[20,88],[-5,34],[32,-2],[29,23],[22,-7],[45,44],[-8,26],[36,15],[18,31],[28,12],[15,-5],[21,22],[20,-3],[-4,-36],[23,-7],[-5,-17],[50,-13],[4,21],[24,22],[51,8],[32,-10],[7,18],[-13,23],[-34,17],[-21,19],[34,14],[34,5],[13,36],[-43,18],[13,41],[1,45],[23,-2],[25,17],[15,-30],[26,24],[27,8],[-18,30],[35,5],[11,15],[35,20],[9,28],[49,-7],[36,-19],[19,14],[27,-1],[19,18],[-1,21],[37,15],[9,36],[45,21],[3,16],[40,19],[17,23],[64,0],[-12,27],[2,20],[25,32],[31,2],[7,16],[35,-9],[43,12],[19,46],[53,0],[14,23],[29,-11],[9,17],[39,18],[14,22],[-4,30],[35,0],[13,29],[19,7],[8,50],[14,18],[40,1],[4,-12],[38,-6],[19,16],[-3,51],[36,21],[-28,13],[-20,57],[-16,12],[-37,6],[-49,-21],[-42,20],[-3,22],[-16,17],[34,22],[12,25],[23,11],[22,33],[8,32],[-43,14],[-17,43],[-16,19],[4,15],[-25,10],[-16,30],[-48,38],[33,-1],[11,34],[-51,-24],[-53,5],[-14,35],[-20,0],[-21,43],[27,12],[21,31],[41,10],[15,27],[77,40],[6,25],[-14,14],[-1,48],[-54,11],[-8,-24],[22,-20],[-16,-26],[-49,6],[-4,8],[-39,7],[-26,-18],[-9,-30],[-26,28],[-19,-28],[2,-31],[-39,-19],[-23,-18],[-46,-3],[-50,57],[-21,7],[-2,18],[-27,9]],[[68258,65285],[-1,30],[19,4],[5,33],[20,11],[41,-5],[-2,47],[8,16],[-6,28],[29,16],[7,56],[15,19],[33,8],[19,20],[-8,11],[17,20],[6,74],[-2,33],[12,16],[-3,52],[50,68],[15,59],[5,39],[-5,25],[6,26],[-4,29],[-15,33],[-12,74],[4,27],[-32,35],[13,25],[-15,16],[-11,41],[21,12],[-4,43],[-16,9],[-15,25],[-58,40],[-24,27],[21,51],[-2,28],[-22,37],[-49,44],[-7,15],[7,57],[34,48],[-43,11],[-33,15],[-29,34],[-41,22],[-3,21],[-32,69],[-66,-15],[-52,23],[-19,-5],[-34,51],[-43,83],[15,26],[-34,46],[-16,12],[-46,11],[-9,56],[13,32],[35,29],[14,3],[11,73],[25,25],[-18,16],[3,49],[-7,39],[6,31]],[[68632,48604],[-24,17],[-14,40],[10,57],[14,32],[16,11],[40,-6],[22,-76],[26,-27],[5,-34],[-22,-34],[-26,-11],[-47,31]],[[69037,48811],[9,45],[19,-6],[-4,-38],[-19,-38],[-15,16],[10,21]],[[68503,48790],[-16,13],[-15,66],[-25,62],[21,21],[40,-25],[36,-41],[28,-97],[1,-23],[-42,6],[-28,18]],[[69097,48869],[-5,22],[-26,21],[19,25],[18,-20],[23,-58],[-16,-9],[-13,19]],[[68140,48726],[16,-1],[-2,-41],[-38,-25],[-15,5],[35,40],[4,22]],[[68061,48877],[6,-18],[19,-13],[3,-42],[-22,-17],[-2,43],[-16,23],[-17,-10],[-2,-48],[-16,-17],[-14,47],[-15,7],[-13,-62],[-19,-37],[-51,-62],[-34,10],[26,105],[9,24],[42,71],[10,27],[0,34],[17,-5],[22,-40],[67,-20]],[[68157,48918],[23,-18],[7,-21],[-22,-12],[-10,23],[2,28]],[[67788,49066],[1,17],[-17,18],[46,84],[-11,23],[13,29],[30,7],[15,-15],[-12,-54],[15,-71],[0,-56],[-17,-36],[-32,-27],[-93,-56],[-17,23],[14,41],[65,73]],[[69099,49024],[4,-30],[-13,-25],[-18,15],[7,40],[20,0]],[[68674,49122],[-7,-47],[-31,-37],[-13,-25],[6,-50],[-22,-16],[-11,23],[-24,79],[-22,49],[-15,21],[-21,62],[-3,46],[7,14],[43,33],[33,39],[16,-9],[-40,-44],[-11,-25],[10,-18],[31,-23],[48,-9],[18,-10],[8,-53]],[[68955,49098],[19,44],[0,78],[-16,41],[-3,44],[19,2],[35,-9],[41,-19],[35,-43],[3,-51],[-13,-33],[7,-53],[-13,-42],[-18,-19],[-42,-30],[-31,-35],[-27,7],[-13,61],[17,57]],[[69333,49296],[-18,-16],[-14,-45],[9,-56],[-14,-26],[1,-27],[65,-52],[4,-33],[-40,-36],[-44,-27],[6,-40],[-29,-18],[-16,2],[-27,52],[9,35],[22,14],[-32,40],[7,38],[-18,16],[0,108],[12,23],[32,26],[23,32],[4,46],[-10,8],[-53,14],[-17,-8],[-21,20],[48,20],[26,20],[60,-55],[7,-42],[18,-33]],[[69923,48845],[-4,-31],[-22,-5],[-2,24],[28,12]],[[69721,48868],[-8,-36],[14,-41],[32,-38],[-7,-23],[-52,-11],[-24,21],[-22,-9],[-48,27],[-5,15],[-35,20],[-11,25],[0,42],[24,75],[13,15],[22,2],[36,-30],[58,-22],[13,-32]],[[69829,48835],[-58,6],[-28,77],[-30,11],[-2,20],[-27,-6],[-34,10],[11,53],[19,30],[-12,79],[20,17],[30,-27],[19,-27],[89,-39],[53,-42],[13,-35],[-2,-35],[-15,-35],[-46,-57]],[[70810,48961],[54,-18],[40,-18],[12,-24],[26,-5],[30,-33],[18,-43],[-7,-37],[-30,-27],[-65,-19],[-33,-2],[-80,44],[-35,25],[-14,21],[11,32],[-18,7],[8,29],[1,82],[28,-2],[54,-12]],[[70571,48994],[21,-22],[-16,-32],[39,4],[5,-15],[-17,-29],[-68,-30],[-29,-24],[-36,-7],[-11,18],[-33,-5],[-42,3],[-57,31],[-20,45],[-1,27],[11,29],[22,34],[2,40],[18,18],[28,4],[55,27],[85,19],[15,-12],[2,-20],[-7,-46],[14,-37],[20,-20]],[[71252,49099],[24,-31],[7,-24],[-22,-30],[-29,10],[-28,-3],[-28,16],[-19,25],[-52,30],[-2,29],[13,33],[13,9],[8,35],[22,-22],[16,-80],[18,-5],[59,8]],[[71219,49398],[-24,-17],[2,-30],[41,-36],[28,-59],[1,-36],[-16,-48],[6,-20],[34,-23],[33,-2],[23,12],[18,-33],[27,-105],[2,-25],[-16,-22],[-37,8],[-45,-4],[9,38],[-12,52],[-17,38],[-16,20],[-28,10],[-42,0],[-1,28],[-30,80],[-12,4],[-5,34],[-13,36],[-65,43],[-10,33],[21,29],[3,34],[-13,22],[-4,37],[24,-1],[29,-15],[25,-4],[31,-19],[13,-31],[16,-6],[34,5],[-14,-27]],[[69850,49062],[-43,31],[4,31],[24,18],[14,20],[-5,71],[15,16],[25,-84],[48,-52],[24,-49],[10,-40],[-19,-29],[-48,25],[-49,42]],[[70047,49170],[11,34],[27,11],[2,-23],[-22,-40],[-3,-27],[-23,8],[8,37]],[[69818,49289],[8,-43],[3,-60],[-8,-21],[-24,-14],[-14,-46],[-21,-13],[-55,50],[-6,75],[-27,79],[-1,37],[15,13],[49,-35],[11,-20],[24,-2],[33,10],[13,-10]],[[70391,49114],[-16,-12],[-31,13],[-4,30],[-24,-4],[-27,37],[-22,7],[-5,21],[-24,9],[-2,35],[14,33],[-1,44],[21,16],[14,-74],[18,-42],[19,-24],[59,-21],[58,-46],[-8,-18],[-39,-4]],[[69473,49559],[-13,-16],[-14,-58],[-2,-69],[-6,-67],[4,-22],[22,-51],[36,-44],[3,-29],[-19,-39],[-7,-37],[-22,-57],[-12,-76],[-49,-33],[-29,12],[28,45],[1,35],[-14,28],[-48,43],[-9,14],[9,46],[3,66],[9,18],[28,8],[-1,42],[-15,20],[3,50],[-14,66],[5,33],[50,88],[33,13],[40,-29]],[[69849,49464],[-3,-39],[-14,-14],[23,-41],[25,-21],[35,-16],[-12,-12],[3,-20],[18,-28],[37,-25],[7,-37],[-17,-42],[-18,-22],[-20,10],[-11,39],[-12,19],[2,35],[-62,34],[-7,28],[-53,8],[-54,35],[0,29],[-32,-19],[-13,4],[-13,45],[-24,18],[-5,40],[21,32],[-12,27],[33,57],[39,15],[36,32],[7,18],[30,-5],[31,-20],[21,-38],[-3,-42],[-30,-17],[-14,-39],[44,-5],[17,-23]],[[70044,49415],[-8,-30],[-28,-44],[-26,-31],[-35,16],[48,43],[15,30],[0,21],[-14,17],[-33,10],[-40,24],[-14,30],[3,39],[19,27],[60,3],[31,-16],[9,-18],[3,-78],[10,-43]],[[69884,49440],[-24,28],[-15,29],[5,23],[37,0],[9,-44],[38,-34],[53,-21],[5,-25],[-48,-29],[-35,-5],[-27,13],[2,65]],[[67814,49290],[32,2],[5,-17],[-34,-13],[-3,28]],[[68390,49134],[9,-28],[-10,-21],[-21,-21],[-58,-29],[-28,2],[-43,13],[-33,20],[-86,5],[-72,26],[-11,15],[2,35],[-26,13],[-4,82],[18,39],[17,24],[36,14],[2,35],[36,55],[24,23],[8,24],[-5,66],[25,28],[40,14],[41,0],[60,-37],[8,-47],[23,-10],[-7,-31],[-23,-29],[7,-41],[25,-28],[14,-37],[1,-23],[-19,-31],[-18,-10],[-3,-21],[8,-23],[38,-11],[16,-47],[9,-8]],[[67636,49319],[31,35],[29,10],[6,-13],[-41,-88],[-25,-12],[-7,29],[7,39]],[[67749,49303],[-31,-2],[9,21],[22,-19]],[[68539,49324],[33,38],[17,-24],[-5,-18],[-34,-24],[-26,-28],[-12,15],[27,41]],[[69240,49333],[-13,-32],[-56,-24],[-36,-34],[-71,62],[-1,24],[21,28],[-2,54],[-13,39],[7,29],[16,8],[49,9],[8,-9],[-19,-41],[-7,-32],[21,-57],[37,-12],[32,5],[27,-17]],[[68582,49468],[21,6],[-9,-75],[-20,-11],[-2,38],[10,42]],[[68880,49385],[-10,31],[11,55],[1,47],[12,7],[24,-57],[7,-43],[-2,-79],[-21,9],[-22,30]],[[67860,49383],[-18,-25],[-16,15],[34,10]],[[67755,49420],[14,-11],[-42,-27],[0,20],[28,18]],[[67690,49476],[37,38],[25,8],[0,-49],[-65,-42],[-20,13],[23,32]],[[67543,49521],[18,-8],[-15,-23],[-52,-54],[-17,14],[13,26],[53,45]],[[69136,49412],[31,88],[17,5],[30,-19],[-4,-50],[-15,-13],[-59,-11]],[[69165,49569],[-13,-50],[-41,-10],[-46,-21],[-13,-28],[16,-81],[-16,-20],[-34,19],[-16,-8],[13,-60],[-45,11],[-25,14],[6,68],[-26,131],[9,17],[41,8],[34,-3],[7,21],[22,25],[45,8],[75,-19],[7,-22]],[[69391,49582],[-43,-43],[-21,-34],[5,-26],[-1,-105],[-57,41],[-17,52],[-24,18],[-23,32],[-8,40],[13,17],[40,28],[80,39],[11,-32],[47,-8],[-2,-19]],[[68851,49569],[-8,-18],[-22,0],[-10,25],[40,-7]],[[70979,49106],[-40,19],[-27,48],[-5,40],[-19,43],[-31,31],[-3,20],[22,47],[24,66],[21,4],[14,-13],[41,-18],[13,-12],[25,-43],[80,-49],[6,-55],[-14,-60],[-28,-41],[-12,-35],[-5,-34],[-40,8],[-22,34]],[[70828,49459],[-47,-62],[-20,-47],[-1,-87],[30,-63],[28,-67],[2,-38],[-6,-18],[-38,-29],[-2,-19],[-24,-8],[-25,16],[-82,34],[15,40],[29,35],[12,32],[-13,45],[6,83],[-17,18],[-34,16],[-62,-13],[-52,-31],[-8,8],[39,41],[14,49],[26,13],[-13,19],[28,27],[66,8],[63,42],[36,1],[53,-11],[-3,-34]],[[70590,49177],[-28,-24],[-47,22],[-48,3],[-23,-16],[-48,37],[-9,14],[-69,56],[-10,53],[-16,29],[-9,35],[-22,36],[-6,32],[10,23],[34,36],[17,38],[10,43],[1,52],[7,15],[-21,14],[-10,28],[-26,35],[-3,21],[18,19],[-20,17],[-1,18],[29,34],[6,28],[20,36],[7,40],[28,12],[42,-27],[28,-3],[65,-61],[27,-6],[32,-24],[18,15],[20,-26],[33,13],[31,-8],[41,6],[19,-24],[-23,-76],[-10,-9],[0,-42],[-17,-28],[-65,-46],[-1,-33],[-43,-64],[-1,-25],[17,-20],[-5,-52],[-8,-12],[-35,-9],[-39,20],[-5,29],[24,42],[4,18],[-32,13],[49,69],[-8,23],[-27,-25],[-15,-23],[-30,-18],[-8,-32],[28,-25],[0,-20],[-16,-44],[7,-30],[17,-13],[46,-19],[-2,-18],[-35,-12],[-10,-26],[14,-25],[4,-34],[70,39],[64,13],[20,-23],[1,-39],[10,-54],[-13,-14],[-1,-35],[-34,-8],[-19,3],[9,36],[-9,7]],[[70582,49498],[-3,28],[39,38],[19,32],[39,47],[20,37],[16,1],[13,-30],[-3,-32],[-16,-31],[-2,-72],[-6,-18],[-40,-28],[-60,3],[-16,25]],[[70971,49457],[14,-5],[62,-2],[-2,-30],[-39,-20],[-30,15],[-14,16],[-53,29],[-29,59],[-26,31],[-104,28],[27,76],[-6,72],[9,82],[18,14],[71,-32],[20,-54],[-4,-51],[9,-17],[0,-33],[53,-57],[6,-30],[-8,-51],[9,-25],[17,-15]],[[71017,50053],[39,-19],[30,-23],[84,-41],[30,4],[12,-16],[-12,-21],[4,-48],[-7,-48],[-27,-7],[-41,-47],[-15,-43],[17,-37],[17,-9],[51,-2],[10,-28],[-18,-30],[-43,-6],[-26,-13],[-12,-22],[3,-31],[27,-27],[-6,-24],[-27,-3],[-36,8],[-47,-12],[-9,-20],[-18,-13],[-27,17],[-1,87],[-18,26],[-23,19],[-4,24],[15,20],[-17,12],[0,33],[16,10],[-32,32],[-16,33],[-19,17],[-27,6],[10,21],[-20,16],[-24,63],[-34,45],[-20,20],[-52,30],[-5,32],[23,-2],[78,-41],[25,-4],[37,9],[25,-9],[61,4],[27,29],[42,29]],[[70671,49858],[-24,-1],[0,18],[39,73],[21,3],[32,-14],[15,-21],[3,-35],[-11,-28],[-11,-6],[-42,15],[-22,-4]],[[70556,50022],[43,-6],[6,-27],[33,10],[22,-10],[6,-26],[-9,-33],[-23,-35],[-22,-18],[-21,13],[-39,-21],[-22,20],[-17,-4],[-44,36],[-8,19],[-22,15],[-20,-2],[-41,22],[-34,26],[-2,23],[15,14],[57,-17],[36,15],[49,3],[57,-17]],[[69508,49614],[-50,29],[8,20],[78,69],[31,-11],[20,-39],[1,-25],[-54,-44],[-34,1]],[[69878,49662],[-12,5],[-8,33],[10,29],[38,48],[43,-22],[4,-22],[32,-8],[9,-20],[-31,-28],[22,-58],[-13,-9],[-43,3],[-31,18],[-20,31]],[[69613,49710],[-17,14],[-8,32],[25,35],[20,5],[34,-9],[26,-34],[-14,-40],[-29,-11],[-37,8]],[[70123,49845],[4,-16],[-12,-39],[-5,-97],[-16,-42],[4,-58],[-13,-13],[-29,17],[-26,5],[-17,35],[-19,21],[-1,20],[15,20],[-6,39],[-64,63],[-3,30],[17,40],[59,66],[31,-49],[11,-38],[70,-4]],[[69744,49709],[-17,11],[-9,50],[39,20],[8,28],[-1,58],[18,-19],[13,-31],[5,-40],[-26,-63],[17,-28],[-21,-15],[-26,29]],[[69851,49798],[-26,-68],[-22,-6],[14,56],[1,35],[-20,44],[9,12],[47,1],[-8,-33],[10,-10],[-5,-31]],[[69807,49898],[9,29],[35,9],[4,-34],[-9,-11],[-39,7]],[[70137,50005],[33,-10],[5,-26],[-7,-21],[-29,-31],[-18,-45],[-45,-2],[-22,29],[-20,43],[1,25],[20,18],[7,24],[48,9],[27,-13]],[[71729,48910],[6,19],[24,-6],[-7,-19],[-23,6]],[[73352,63271],[-29,-9],[-20,24],[-15,-33],[-24,12],[5,30],[39,49],[38,-11],[10,-36],[15,-19],[-19,-7]],[[72996,63318],[26,17],[16,-21],[-12,-15],[-30,19]],[[71289,49235],[-15,73],[-13,17],[-33,26],[4,16],[61,-25],[33,-8],[12,-19],[-13,-18],[28,-13],[12,-26],[-6,-52],[-11,-38],[-23,-17],[-46,-1],[8,29],[2,56]],[[71304,49649],[28,8],[17,-17],[7,-88],[17,-39],[25,-33],[66,-45],[31,-27],[-15,-26],[13,-22],[23,-1],[12,-22],[35,-38],[-37,-38],[29,-7],[16,-29],[-16,-19],[24,-7],[23,-16],[24,-54],[1,-46],[-28,-39],[-28,-14],[-14,-32],[-35,-8],[-31,6],[-40,-8],[-22,18],[-13,68],[-25,-2],[-9,52],[37,27],[-47,4],[-6,22],[13,35],[3,36],[-12,40],[-21,17],[2,28],[-23,15],[-40,12],[-19,13],[-40,12],[16,37],[-1,19],[-46,0],[-15,30],[-24,12],[3,23],[30,22],[63,28],[30,-2],[27,-18],[9,22],[-32,17],[-3,13],[9,47],[9,14]],[[71365,49861],[29,-25],[-1,-40],[-12,-24],[19,-13],[3,-38],[-14,-28],[-32,-20],[-35,4],[-30,-7],[-56,-96],[-43,-23],[-49,23],[0,26],[70,31],[22,26],[0,27],[-34,31],[-42,0],[-17,27],[1,25],[40,41],[28,15],[16,22],[-1,44],[-7,38],[28,7],[70,-55],[47,-18]],[[71544,64464],[-21,-24],[-29,15],[3,21],[44,-4],[3,-8]],[[69564,49972],[6,-21],[-25,-20],[-21,15],[40,26]],[[69656,50069],[14,-4],[8,-30],[-7,-18],[-19,-10],[-7,25],[11,37]],[[70634,50070],[2,-23],[-36,-18],[-25,7],[-13,15],[-78,11],[-51,-12],[-47,26],[-14,40],[9,36],[-1,58],[19,7],[48,-13],[10,-9],[-1,-55],[84,-46],[43,11],[6,-17],[45,-18]],[[71073,64705],[-3,-27],[-29,22],[32,5]],[[71141,64828],[15,-16],[-19,-22],[-20,26],[28,55],[16,-11],[-20,-32]],[[71577,64537],[-1,-18],[-17,-13],[-29,6],[-24,27],[42,3],[29,-5]],[[71256,64820],[-32,-14],[-4,20],[24,16],[12,-22]],[[68392,49792],[37,-63],[33,-33],[6,-40],[-9,-44],[2,-112],[20,-88],[-48,-115],[-26,-35],[0,-39],[-43,-9],[-30,16],[40,31],[9,22],[0,26],[-17,36],[-31,43],[-2,15],[37,61],[-22,33],[-34,63],[-36,25],[-32,8],[-61,-1],[5,19],[70,156],[34,26],[16,42],[21,22],[28,-5],[33,-60]],[[68200,49882],[0,28],[11,15],[41,-13],[-5,-28],[-27,-47],[-22,20],[2,25]],[[68234,49973],[18,1],[25,-15],[-15,-20],[-38,12],[10,22]],[[68301,49971],[-22,33],[-4,19],[15,25],[25,7],[25,-12],[41,-29],[-6,-31],[-33,-36],[-30,1],[-11,23]],[[68494,49580],[24,13],[5,-34],[-25,0],[-4,21]],[[69108,49608],[-37,14],[-34,-6],[-33,-50],[-87,1],[-17,-7],[-62,45],[-21,-2],[-24,14],[5,28],[17,21],[41,22],[80,29],[18,28],[21,50],[45,20],[30,-2],[48,-19],[-7,-75],[5,-33],[28,-45],[2,-29],[-18,-4]],[[68509,49757],[-19,24],[17,9],[37,-40],[-1,-24],[-34,31]],[[69526,49752],[-42,17],[-10,-15],[15,-13],[-4,-23],[-42,-18],[-20,-27],[-3,-31],[38,-29],[-9,-9],[-58,24],[-25,-1],[-37,34],[-36,-6],[-9,-13],[-25,-4],[-2,23],[-18,43],[5,23],[0,54],[22,42],[-9,19],[6,30],[52,42],[17,34],[41,5],[39,16],[27,-23],[78,-34],[5,-24],[18,-10],[7,-38],[13,-12],[8,-39],[-3,-29],[-20,-13],[-19,5]],[[68199,50193],[4,43],[30,46],[54,36],[54,15],[19,-7],[-2,-38],[-43,-60],[-73,-49],[-34,3],[-9,11]],[[54286,52011],[8,-8],[48,7],[8,-18],[40,-15],[61,1],[24,-12],[2,-16],[36,-5],[-4,-22],[53,-33],[59,-19],[19,-23],[72,4],[28,-18],[3,-51],[-13,-27],[6,-75],[52,-60],[33,-26],[65,-32],[40,-40],[59,-1],[77,9],[47,-5],[18,-15],[45,-66],[33,-17],[38,-8],[5,-13],[69,7],[19,-9],[27,10],[19,-4],[27,11],[65,5],[28,-3],[6,17],[34,-1],[20,-13],[38,1],[21,-10],[31,15],[45,11],[25,-4],[-5,60],[32,18],[51,19],[26,-11],[56,26],[6,24],[-14,46],[20,18],[23,0],[53,21],[29,3],[45,-3],[18,18],[53,0],[7,-12],[72,21],[23,-2],[65,8],[29,-4],[66,9],[22,10],[32,-9],[97,-40],[31,3],[79,-14],[60,4],[5,7],[110,-1],[11,48],[20,42],[10,2],[109,-1],[32,4],[23,17],[24,-31],[1,-22],[62,-17],[26,15],[16,-2],[60,12],[49,30],[14,-14],[3,-27],[15,-27],[-12,-26],[81,8],[24,13],[32,28],[-15,29],[27,9],[28,-3],[23,28],[34,15],[28,-29],[27,6],[86,36],[25,5],[57,26],[37,5],[21,26],[47,2],[22,13],[31,-8],[40,-20],[-3,-46],[-43,-30],[-16,-19],[26,-29],[-4,-31],[39,-41],[15,-6],[-5,-22],[10,-12],[15,-58],[-5,-23],[-23,-38],[-10,-45],[24,-24],[-2,-12],[43,-2],[-9,-44],[-13,-39],[16,-17],[21,17],[27,6],[34,-13],[-7,-31],[3,-44],[-34,3],[-53,-22],[-27,-22],[-37,-20],[-7,-19],[26,-42],[-4,-17],[-23,-33],[8,-13],[-22,-54],[-25,-45],[2,-9],[-24,-36],[7,-34],[-10,-15],[-74,-58],[-1,-19],[17,-34],[-1,-28],[-32,-66],[-71,-30],[-68,-46],[1,-30],[22,-16],[37,10],[34,21],[11,34],[32,28],[17,0],[43,23],[47,-2],[117,-33],[34,-4],[4,-34],[43,-37],[-3,-12],[33,-27],[15,13],[62,16],[28,-3],[26,-14],[-2,-17],[26,-4],[19,18],[28,-6],[5,-25],[14,-20],[33,-7],[26,-14],[33,-8],[18,-33],[-7,-16],[14,-54],[24,-19],[36,-10],[43,57],[28,68],[11,38],[33,49],[8,28],[21,27],[67,55],[35,40],[26,5],[14,22],[72,1],[29,4],[21,-15],[27,-4],[-13,28],[4,29],[-12,12],[36,56],[20,-14],[26,-4],[33,9],[9,16],[53,-5],[176,-74],[30,-19],[13,-17],[29,-5],[32,-24],[60,-8],[51,-26],[48,-37],[20,-26],[53,17],[20,-23],[18,7],[51,-17],[37,-23],[94,10],[12,13],[33,12],[16,19],[38,-4],[8,-27],[17,-8],[10,-22],[20,-10],[6,-21],[21,-13],[-2,-22],[26,-5],[11,21],[30,4],[38,-11],[11,12],[57,9],[40,21],[25,7],[28,17],[-1,17],[37,31],[63,17],[14,17],[29,2],[3,17],[25,22],[29,-11],[24,-21],[-20,-24],[66,-25],[7,-40],[-52,-19],[-27,1],[-67,22],[-62,-83],[15,-40],[12,-12],[-7,-27],[-54,-36],[-21,-43],[16,-42],[38,-17],[24,-18],[73,15],[52,-19],[17,-26],[27,3],[17,13],[47,11],[52,-9],[55,-4],[58,11],[16,-33],[29,24],[-7,24],[8,29],[56,90],[44,-10],[30,39],[6,17],[37,50],[13,28],[26,33],[26,17],[15,38],[19,20],[52,79],[-43,49],[23,23],[6,35],[33,35],[7,34],[44,56],[6,15],[-52,47],[-46,23],[-37,39],[-22,38],[-23,13],[-17,20],[54,23],[-4,43],[27,23],[30,15],[12,29],[29,32],[35,16],[73,20],[-19,13],[-27,-4],[-14,-12],[-30,6],[-17,14],[-11,28],[50,42],[-52,20],[-28,-19],[-19,12],[-6,21],[31,20],[22,5],[12,22],[23,17],[-4,25],[14,13],[8,33],[-7,31],[-16,9],[-15,92],[-15,12],[-28,-13],[-65,32],[-17,20],[-46,31],[8,31],[-34,5],[-10,16],[15,13],[6,39],[30,32],[-4,19],[8,27],[55,36],[30,-11],[84,47],[19,-12],[18,33],[-34,35],[28,34],[45,42],[20,-17],[61,-22],[3,-18],[26,-21],[11,-20],[29,-31],[25,-39],[25,-52],[49,-47],[18,6],[91,-17],[100,-14],[60,-22],[35,4],[14,-7],[49,-61],[41,-2],[73,-25],[34,-8],[24,16],[24,2],[22,-45],[26,-34],[23,-6],[18,-25],[-4,-18],[49,-40],[1,-40],[24,-25],[43,-18],[32,-27],[27,-37],[-1,-12],[28,-16],[38,-10],[109,-69],[64,-11],[9,-32],[32,-14],[14,18],[1,63],[26,-8],[35,2],[25,34],[49,5],[14,35],[33,-5],[17,-12],[16,-27],[3,-24],[64,-14],[-9,-27],[5,-25],[22,-17],[26,20],[39,-30],[23,7],[85,-2],[19,-36],[15,-15],[6,-25],[56,17],[47,-32],[31,0],[23,-27],[31,-5],[17,-45],[-14,-27],[12,-18],[41,21],[17,-3],[9,-37],[14,-16],[35,-13],[40,-4],[19,8],[44,-7],[23,-12]],[[66146,48989],[-7,-23],[-61,-13],[-72,-36],[-69,-50],[-37,-76],[-22,-13],[-25,10],[-28,55],[-35,27],[-36,9],[-57,3],[-34,13],[-30,-14],[0,-13],[27,-12],[45,-2],[47,-17],[10,-22],[66,-46],[4,-33],[-31,0],[-56,23],[-33,6],[-112,-3],[-30,3],[-151,-9],[-28,3],[-100,-6],[-51,-7],[-63,-16],[-49,-22],[-136,-52],[-74,-43],[-55,-37],[-29,-30],[-24,-32],[-30,-20],[-50,12],[-15,-4],[-5,-52],[-8,-16],[-83,-71],[-92,-51],[-94,-49],[-67,-51],[-32,-29],[-34,-41],[-27,-45],[-55,-104],[-48,-71],[-56,-102],[-54,-53],[-39,-55],[-10,-31],[-35,-58],[-24,-71],[-8,-54],[6,-71],[12,-55],[17,-52],[5,-30],[16,-19],[15,-60],[18,-27],[20,-59],[80,-115],[23,-43],[21,-58],[50,-89],[13,-33],[16,-20],[20,-42],[26,-29],[19,-53],[34,-37],[33,-49],[20,-38],[7,-36],[-4,-88],[-20,-96],[-53,-20],[-57,16],[-46,-5],[-62,6],[-18,-6],[6,-24],[-77,6],[-43,-17],[-18,3],[-128,-56],[-7,-21],[-28,-34],[-15,15],[-21,-65],[18,-8],[34,9],[26,75],[51,39],[39,19],[48,5],[34,-4],[56,-32],[24,-5],[58,14],[59,-2],[94,4],[32,13],[111,-5],[29,-12],[26,14],[36,-17],[29,-21],[-7,-50],[16,-37],[21,-20],[19,-38],[-72,-41],[-28,-25],[-103,-69],[-63,-40],[-57,-30],[-37,-28],[-66,-43],[-146,-88],[-93,-62],[-23,-19],[-105,-72],[-52,-39],[-65,-40],[-43,-39],[-39,-61],[-13,7],[-8,31],[-24,2],[21,-73],[-12,-17],[-17,-47],[-10,-6],[-30,16],[-15,17],[-27,0],[-1,-24],[35,-30],[4,-17],[-20,-65],[1,-99],[-12,-31],[-49,-31],[23,-13],[17,-34],[16,12],[13,43],[18,5],[21,-18],[-6,-33],[21,-2],[34,32],[20,9],[35,2],[23,-19],[20,-2],[8,28],[-8,30],[16,24],[-4,17],[4,56],[23,18],[7,47],[-14,20],[15,30],[-10,18],[-6,36],[12,7],[12,-60],[16,-20],[6,-22],[-3,-43],[-18,-41],[-19,-30],[-21,-64],[14,-69],[19,45],[19,0],[8,-67],[-21,-25],[-75,-62],[-18,-11],[-5,-35],[18,6],[14,-14],[-46,-28],[-46,-39],[-44,-19],[-76,-52],[-65,-28],[-75,-36],[-41,16],[17,-53],[-37,-9],[-231,-107],[-63,-44],[-93,-57],[-58,-41],[-43,-38],[-26,-37],[-36,-76],[-36,-58],[-53,-68],[-90,-90],[-51,-57],[-9,-28],[-22,-29],[-45,-86],[-12,-48],[-54,-41],[-15,-31],[-31,-35],[18,-11],[46,34],[40,9],[-64,-51],[-124,-29],[-106,-6],[-57,-16],[-107,-46],[-63,-36],[-93,-47],[-112,-38],[-206,-61],[-162,-42],[-108,-30],[-209,-41],[-115,-18],[-62,-13],[-133,-35],[-188,-51],[-163,-47],[-78,-26],[-102,-37],[-96,-29],[-26,-12],[-119,-38],[-21,-15],[-56,-19],[-104,-47],[-43,-17],[-44,-24],[-224,-106],[-127,-63],[-166,-67],[-138,-62],[-189,-96],[-156,-90],[-129,-84],[-157,-108],[-11,-11],[-163,-107],[-101,-72],[-132,-108],[-37,-47],[-2,-25],[-16,-26],[-30,-27],[-165,-92],[-173,-104],[-105,-78],[-66,-52],[-54,-48],[-121,-100],[-105,-100],[-90,-98],[-45,-56],[-26,-46],[-24,-60],[-51,-69],[-48,-79]],[[56863,40637],[-46,18],[-24,24],[-52,33],[-78,55],[-17,6],[-18,29],[28,48],[29,40],[-13,20],[-61,7],[-29,-4],[-13,17],[-33,3],[-4,-93],[-11,-20],[-40,-8],[-37,14],[-45,-23],[-78,8],[-17,-8],[22,-85],[55,-6],[-5,-35],[17,-12],[64,38],[37,-14],[17,-14],[-1,-18],[26,-20],[-27,-6],[-10,-38],[-21,15],[-42,-1],[-15,-24],[-21,2],[-11,19],[-33,-1],[9,-33],[-25,2],[-6,-21],[-33,-59],[-4,-25],[-23,-8],[-43,26],[-12,46],[12,29],[1,66],[-18,-18],[-26,7],[-42,-43],[-46,-5],[-24,-16],[-36,-11],[-31,5],[-16,-27],[-29,-24],[-22,-6],[-28,-39],[-20,-9],[1,-38],[-16,-46],[-30,2],[-68,37],[-29,3],[-32,32],[1,-62],[39,-10],[1,-21],[28,-25],[-25,-16],[-47,-13],[5,-34],[-21,-19],[-6,-18],[23,-38],[22,-10],[4,-33],[-26,-20],[-6,-23],[-25,11],[1,-25],[-14,-26],[-29,-7],[-33,0],[-23,30],[-26,-13],[35,-24],[9,-31],[-23,-17],[-21,22],[-16,-11],[-24,16],[-27,-5],[44,-45],[-5,-23],[-25,-13],[-27,1],[-20,27],[-60,63],[-37,-45],[25,-51],[29,-21],[12,-17],[60,-29],[-18,-25],[-23,0],[-11,-36],[-51,-1],[-2,-16],[28,-26],[-19,-30],[-28,4],[-25,-42],[-56,37],[-54,19],[-8,-38],[-65,-27],[-26,-4],[-22,16],[-35,2],[-8,29],[-49,5],[-45,-27],[-18,-4],[-43,7],[-6,-33],[-13,-12],[-22,14],[-26,-7],[-23,28],[-25,1],[-15,-14],[-57,-24],[-8,-51],[-22,-3],[-32,23],[-28,-4],[-37,-21],[-33,-4],[-30,22],[-24,4],[-7,25],[-26,25],[-21,-3],[-9,23],[4,36],[-32,0],[-23,24],[4,21],[-24,12],[-18,-16],[-29,13],[-27,2],[-3,-24],[-20,9],[-23,-8],[-36,15],[-26,-9],[-42,13],[-43,-5],[-16,-23],[-39,4],[1,22],[-23,13],[-20,-8],[-18,22],[-74,16],[-18,-10],[-10,-26],[-30,48],[-52,55],[-22,17],[-43,19],[-26,55],[18,78],[-11,45],[-30,19],[-35,-12],[4,55],[-28,22],[-3,28],[10,42],[-14,37],[-24,45],[-5,22],[-49,33],[-12,24],[5,33],[-36,1],[-13,-12],[6,-20],[-36,-2],[-82,-41],[-9,-31],[10,-40],[25,-9],[-1,-30],[23,-39],[28,12],[9,-32],[22,-25],[19,-11],[1,-29],[10,-29],[-33,-15],[-30,10],[-21,43],[-27,-7],[-17,33],[-4,22],[-19,17],[-10,43],[-14,26],[-5,61],[-57,23],[-22,25],[2,16],[48,12],[11,19],[-16,18],[-30,10],[-48,2],[-22,38],[-8,34],[-21,37],[-29,22],[-5,20],[-38,18],[-12,25],[11,29],[-28,52],[-16,5],[-4,42],[18,19],[-15,12],[-20,-5],[-28,6],[-16,26],[20,41],[-13,21],[-33,11],[4,-37],[-18,-11],[-21,-34],[-27,9],[-22,-14],[-14,-52],[38,-56],[7,-22],[-60,-11],[-29,-30],[7,-52],[-7,-32],[-33,11],[-34,-9],[-9,16],[23,23],[-20,48],[-33,3],[-17,-27],[24,-48],[-30,-64],[-18,-9],[0,-38],[-12,-54],[-52,-3],[-22,14],[-47,12],[-17,35],[16,14],[25,-1],[15,-20],[17,6],[5,29],[-16,24],[9,33],[-11,10],[-13,36],[-44,-23],[-26,29],[-27,17],[5,23],[-7,29],[-28,6],[-23,-24],[26,-11],[-4,-23],[-25,8],[-14,-53],[19,-2],[0,-29],[10,-38],[42,-29],[-13,-41],[11,-22],[-14,-25],[-21,-1],[-27,15],[-41,3],[-6,-27],[16,-25],[0,-18],[37,7],[6,-8],[7,-72],[-28,-48],[-48,8],[1,25],[-24,35],[-33,13],[-10,15],[-37,17],[14,34],[-38,12],[-32,20],[-58,-25],[-39,3],[-20,13],[-4,34],[-26,9],[-34,-8],[-17,4],[-21,-40],[3,-27],[-36,15],[-56,-11],[19,-42],[5,-35],[12,-16],[43,-19],[-1,-33],[18,-6],[-7,-24],[-33,-4],[-8,-23],[6,-19],[25,-10],[11,-16],[45,4],[-16,49],[22,7],[-6,57],[19,22],[43,-17],[-9,-12],[18,-39],[-3,-12],[-31,-4],[-30,9],[7,-50],[16,-38],[33,-28],[34,2],[17,13],[33,-17],[-29,-12],[-23,-23],[13,-17],[33,-17],[2,-15],[40,-20],[37,-9],[-36,-50],[6,-47],[-19,-12],[-72,-31],[-38,43],[-18,-9],[-14,-21],[-37,-26],[-33,-9],[-34,-21],[8,-39],[-40,-4],[-33,15],[-43,-28],[-48,-16],[-24,-43],[20,-27],[-34,-34],[-30,17],[-31,-7],[-35,2],[-18,15],[-46,8],[-4,-21],[16,-26],[-9,-33],[-22,-14],[-22,-28],[-17,25],[-3,19],[-46,5],[-48,56],[-12,4],[-51,-14],[-17,6],[-13,24],[-44,31],[-58,-38],[-16,-15],[22,-29],[-5,-10],[-33,-16],[-17,-20],[-20,-46],[-23,-4],[-3,-19],[-73,-68],[8,-13],[-41,-56],[-17,-62],[-45,-22],[-69,-15],[-39,-27],[22,-35],[-64,-49],[0,-42],[49,-9],[-6,-34],[42,-20],[13,10],[57,23],[23,2],[0,-37],[-35,-2],[-34,-27],[-10,-19],[14,-18],[14,-37],[25,-42],[63,-10],[32,26],[25,2],[29,12],[19,-17],[-38,-56],[-23,-18],[-6,-36],[-37,-41],[-30,-22],[-1,-33],[-59,-56],[-24,-8],[-33,-33],[8,-21],[32,-6],[28,-24],[-11,-20],[18,-29],[15,-2],[18,26],[27,9],[23,-19],[-3,-19],[-29,-18],[21,-31],[44,-21],[-51,-47],[-25,-30],[-40,-2],[-13,13],[-23,1],[-36,27],[-51,-28],[-30,9],[-17,-22],[-22,-8],[-15,-29],[-18,-18],[-34,-12],[-23,24],[-22,-16],[-48,-2],[-47,24],[-13,24],[-38,-8],[-25,2],[-26,24],[-6,35],[18,35],[-10,70],[-19,2],[-65,-18],[-53,23],[-22,-5],[-8,30],[-33,13],[-17,15],[-59,31],[-43,-6],[-4,-9],[-44,-38],[-23,-13],[2,-27],[16,-12],[-2,-28],[43,-13],[-28,-35],[9,-32],[-30,-11],[18,-65],[-42,-40],[-25,-45],[-38,7],[-16,-32],[-41,0],[-31,-32],[-31,14],[-34,-7],[-45,-39],[-24,6],[-9,-16],[-36,-15],[-17,12],[-25,-25],[-42,-9],[-12,15],[-38,2],[-4,-19],[10,-25],[28,-25],[-14,-27],[-18,-3],[-1,-25],[17,-7],[12,-35],[-6,-18],[-36,-29],[-22,8],[-40,33],[-11,21],[-37,21],[-27,7],[-7,34],[-15,19],[10,37],[-1,22],[13,19],[-8,21],[-37,-6],[-12,19],[23,12],[19,35],[33,-11],[26,23],[-21,35],[-5,27],[41,-3],[20,34],[-43,13],[-7,56],[-20,-6],[-14,29],[-28,11],[-14,-15],[-23,27],[-22,-2],[-31,18],[-28,-10],[-40,6],[-18,25],[27,24],[-7,24],[57,62],[11,28],[-22,18],[-24,-2],[-36,-24],[-13,40],[-21,4],[-27,24],[39,20],[12,17],[-20,10],[15,18],[-2,17],[-20,14],[11,17],[-9,15],[17,12],[-20,22],[-50,9],[-25,-15],[-40,36],[-28,14],[6,12],[-22,25],[32,6],[5,19],[-31,3],[-32,-20],[-15,-21],[-36,-30],[-11,-20],[-36,-7],[-8,-36],[-13,-4],[-16,-31],[3,-17],[-21,-29],[-32,-26],[-15,-3],[-39,-34],[-23,-33],[-2,-17],[-32,-13],[-14,-37],[-63,-41],[23,-24],[13,-25],[16,-8],[7,-48],[14,-41],[-4,-38],[-30,-22],[-19,-2],[-19,-19],[-5,-28],[-79,-70],[33,-22],[50,7],[11,17],[28,17],[31,3],[26,-10],[7,-34],[-9,-21],[2,-39],[-30,-33],[-30,-23],[-32,-11],[-22,12],[-48,-3],[-15,-27],[-1,-33],[-14,-4],[-9,-27],[11,-40],[-34,-15],[-7,-17],[25,-20],[-24,-48],[-48,-21],[10,-23],[-4,-19],[10,-24],[75,-39],[54,-2],[25,-34],[40,-43],[-15,-35],[-23,-7],[-16,20],[-56,29],[-5,-21],[10,-27],[-25,-30],[5,-69],[9,-21],[28,-3],[9,-34],[-5,-29],[13,-8],[-14,-22],[-12,-41],[-32,-22],[-14,21],[-28,7],[-10,-7],[9,-33],[-50,-6],[-4,33],[-25,1],[5,43],[-30,-1],[-64,-38],[-12,-39],[-25,-14],[25,-24],[15,-50],[-25,-79],[-51,-8],[-17,2],[-31,31],[-47,-4],[-61,42],[1,16],[-57,-13],[-36,19],[20,26],[-34,44],[-19,33],[-53,-13],[-22,14],[-33,-27],[-9,49],[-33,3],[-14,15],[-24,-10],[-20,7],[-16,-10],[-24,23],[-30,5],[-37,21],[-19,-20],[-16,-41],[-16,-4],[-38,9],[-30,-4],[-16,35],[-16,5],[-13,-15],[-28,-4],[-39,-19],[-7,-41],[17,-33],[-13,-19],[-46,-7],[-6,-21],[-35,-9],[-59,-56],[-22,-11],[-33,6],[-30,-16],[-72,-2],[-31,-22],[-11,-20],[-41,-3],[-46,-27],[-55,-18],[-76,-18],[-36,4],[-41,-20],[-36,-3],[-19,-16],[-34,-44],[-16,-41],[-41,-26],[-24,-1],[-9,-19],[-61,-41],[1,-23],[-77,-44],[-53,-17],[-13,16],[-11,37],[5,18],[-13,24],[-17,-9],[-29,-45],[-38,11],[-49,-27],[-28,-44],[-6,-40],[-39,-53],[-33,-23],[-24,7],[-18,-37],[-38,9],[-44,29],[-53,11],[-20,-1],[-33,-37],[-58,-3],[-28,-10],[-30,4],[-41,-22],[-60,-2],[-9,-13],[-30,3],[-33,77],[-26,-3],[-32,-22],[-65,-14],[-15,21],[-21,-5],[-17,-27],[-29,-25],[-54,23],[-23,-6]],[[53789,67900],[32,41],[31,29],[6,28],[-30,34],[-61,33],[-17,48],[-43,19],[-24,55],[25,22],[28,37],[22,2],[30,-32],[22,-8],[38,1],[37,8],[38,-4],[45,4],[62,32],[30,-5],[27,-24],[66,18],[11,-10],[42,-1],[42,10],[66,-25],[27,22],[43,-4],[29,6],[6,13],[32,20],[-1,39],[19,7],[6,27],[40,24],[11,-4],[45,21],[21,43],[-4,44],[27,14],[39,-6],[2,-19],[38,-5],[39,19],[39,-3],[-20,-82],[11,-19],[47,-7],[33,-19],[66,-26],[17,8],[39,-14],[10,-12],[-9,-29],[-1,-34],[18,-15],[30,2],[-2,15],[37,30],[28,-15],[18,5],[42,-5],[17,-24],[-8,-16],[53,-42],[2,-22],[14,-18],[2,-36],[-9,-23],[30,-12],[21,-33],[39,19],[36,-13],[29,-19],[32,-3],[68,-20],[13,10],[29,-5],[49,6],[36,-18],[53,-1],[53,8],[59,-9],[33,-17],[30,-2],[41,-27],[52,17],[33,-11],[181,-27],[61,-4],[125,-32],[13,-6],[47,11],[39,-48],[41,-62],[75,-129],[27,-54],[56,-95],[-9,-36],[-18,-30],[1,-21],[-11,-74],[-14,-14],[20,-13],[9,-68],[-22,-35],[-6,-55],[-19,-23],[17,-21],[-6,-27],[-25,-4],[-36,-48],[-31,-12],[3,-14],[-12,-37],[9,-25],[-4,-23],[142,-51],[52,-11],[41,-30],[43,-13],[8,6],[97,-42],[26,34],[31,15],[27,-11],[16,-52],[28,-3],[15,19],[27,11],[24,37],[27,10],[115,-42],[-15,-12],[19,-21],[3,-32],[28,-16],[62,-16],[25,-20],[19,0],[47,-16],[64,3],[81,-30],[25,4],[20,-16],[35,-47],[-1,-30],[-21,-10],[0,-39],[103,-21],[1,-45],[13,-9],[60,-11],[57,-2],[46,-6],[27,-14],[-14,-13],[-89,-21],[-9,-26],[6,-26],[-21,-13],[118,-19],[71,24],[17,-8],[20,21],[0,24],[33,11],[40,3],[45,-4],[39,-12],[15,12],[43,0],[42,-8],[85,6],[10,-11],[-6,-56],[7,-40],[-5,-21],[-21,-29],[-28,-25],[-1,-18],[33,-48],[28,-31],[-11,-12],[20,-37],[25,-27],[25,-16],[71,14],[64,-11],[19,-8],[66,-8],[108,-6],[38,-10],[52,-24],[69,61],[24,9],[31,-14],[18,11],[30,42],[32,5],[24,18],[22,32],[39,-4],[28,-13],[18,13],[63,-27],[46,23],[45,14],[7,30],[53,-17],[8,52],[35,12],[48,-1],[74,72],[33,-12],[16,32],[27,-11],[21,52],[10,13],[37,-20],[-1,-25],[73,35],[58,53],[38,-4],[26,-63],[125,-32],[85,-38],[59,-39],[26,-39],[0,-20],[18,-22],[3,-58],[-23,-95],[18,-40],[-14,-6],[0,-26],[-23,-137],[7,-5],[2,-46],[37,-21],[-15,-35],[56,-48],[36,-9],[36,-22],[109,-18],[5,-30],[47,-40],[46,-5],[1,33],[68,-10],[24,-62],[-31,-41],[3,-27],[34,4],[69,46],[29,0],[11,30],[29,9],[0,12],[47,29],[42,6],[14,19],[25,0],[25,-10],[3,20],[21,18],[10,22],[-8,11],[4,40],[21,16],[32,6],[22,14],[82,-7],[39,2],[4,12],[55,22],[79,-19],[61,-10],[13,-25],[95,-44],[59,-20],[65,-3],[10,-35],[-14,-41],[66,11],[22,17],[31,6],[39,-11],[22,6],[21,-23],[1,-43],[57,-7],[21,-15],[46,14],[56,63],[16,9],[79,11],[59,-15],[48,22],[79,-1],[43,-9],[-9,-36],[53,-6],[135,-35],[-2,-28],[118,-40],[90,-18],[59,-35],[87,-49],[55,-10],[23,14],[69,-17],[33,-44],[12,-33],[22,-21],[5,-22],[25,-18],[75,-14],[66,-21],[15,1],[32,-19],[8,-13],[-11,-21],[24,-18],[154,-34],[65,-19],[0,-14],[26,-26],[56,-5],[16,-27],[20,-14],[35,9],[21,14],[7,35],[13,20],[36,18],[15,24],[123,-42],[101,-23],[30,4],[13,28],[35,2],[17,27],[34,-11],[40,17],[36,7],[4,17],[-17,50],[18,21],[118,5],[13,84],[35,2],[15,15],[44,-2],[4,12],[49,-12],[15,15],[33,-6],[89,31],[14,25],[57,71],[12,24],[5,63],[97,-3],[5,-29],[-3,-49],[1,-73],[13,-15],[20,-82],[22,-150],[11,-50],[134,-99],[56,-33],[53,-20],[34,-2],[54,7],[-13,27],[92,-2],[-3,-13],[37,-12],[25,27],[23,3],[80,-18],[22,-12],[-4,-59],[5,-48],[24,-4],[57,3],[39,-24],[37,19],[5,-14],[31,-25],[51,-29],[11,-12],[58,45],[-16,35],[10,56],[43,63],[26,-3],[42,40],[96,10],[37,0],[53,34],[72,25],[115,-15],[63,-16],[64,-32],[42,-9],[19,-42],[70,-31],[38,-9],[14,-39],[58,-2],[23,30],[51,13],[83,-2],[-6,41],[95,33],[-1,65],[51,0],[21,-24],[50,-3],[9,-19],[28,-16],[-4,-14],[38,-16],[18,32],[35,2],[17,-31],[33,5],[37,51],[13,33],[-10,11],[6,31],[22,19],[30,49],[47,-16],[41,-21],[37,-26],[-3,-32],[68,-10],[8,29],[27,8],[0,25],[17,42],[78,29],[7,31],[36,-27],[36,-67],[-34,-31],[83,-7],[6,-14],[-29,-40],[30,-11],[-2,-24],[23,-5],[56,-31],[59,-37],[88,-16],[0,-73],[19,-19],[33,-6],[42,2],[35,14],[-4,20],[17,18],[-1,36],[46,33],[7,17],[22,2],[17,21],[29,8],[1,24],[34,22],[8,27],[32,13],[29,50],[-25,48],[34,2],[19,24],[-8,28],[19,35],[-10,32],[-31,19],[2,31],[19,11],[7,36],[-24,17],[-5,18],[25,12]],[[66914,61020],[0,56],[-62,33],[10,30],[-3,42],[-11,16],[-63,5],[-3,-16],[-61,-2],[-58,24],[-25,16],[-17,-22],[-28,17],[-18,-18],[-68,32],[-26,37],[25,27],[-28,25],[-7,-22],[-24,-6],[-12,-25],[-65,-2],[-18,-57],[-12,-60],[-1,-53],[-37,-3],[-23,15],[-19,23],[-52,5],[-37,34],[-22,-24],[12,-54],[27,-12],[-7,-20],[15,-12],[-19,-23],[-48,-30],[-25,-34],[-2,-23],[13,-74],[3,-54],[-52,2],[-57,30],[-64,22],[-81,39],[-5,14],[-35,3],[-13,-16],[-21,1],[-38,-53],[-33,15],[-41,10],[-50,5],[-3,21],[-21,3],[-14,-53],[-17,-42],[9,-13],[-18,-34],[-3,-37],[16,-13],[-17,-17],[-6,-33],[-16,-9],[-39,-111],[-4,-38],[10,-8],[-10,-37],[-87,18],[-31,34],[-38,4],[-28,30],[-22,-25],[31,-22],[-14,-10],[-10,-27],[-35,-4],[-48,10],[-5,-34],[-15,5],[-22,-14],[-7,-23],[-22,-16],[-37,-1],[-33,-62],[-25,-27],[-20,-36],[-27,-6],[-14,-23],[0,-34],[12,-15],[11,-45],[4,-50],[-15,-40],[8,-9],[-7,-42],[-13,-20],[28,-31],[-10,-24],[-22,-20],[4,-29],[14,-23],[14,-2],[8,-27],[1,-38],[-61,-76],[-30,1],[-42,-29],[-30,1],[-16,-31],[-51,-66],[-43,5],[-9,-22],[10,-32],[60,-19],[-5,-30],[-16,-21],[-34,-29],[0,-30],[18,-36],[-46,-46],[25,-22],[-4,-19],[13,-16],[-22,-33],[-21,-42],[8,-21],[-17,-28],[-12,0],[-7,-41],[-19,-21],[-3,-41],[-8,-18],[5,-36],[-21,-37],[11,-14],[6,-56],[-45,28],[-7,-14],[-44,9],[3,32],[-13,15],[-32,5],[-13,-28],[-39,-8],[-9,16],[-49,49],[-84,-27],[1,32],[11,26],[-64,7],[5,-25],[18,-27],[-53,-30],[-6,-38],[-27,-29],[-1,-14],[-38,-22],[-1,-35],[18,-27],[-5,-21],[20,-41],[-8,-39],[-37,14],[0,16],[-26,18],[-29,1],[-1,19],[-39,14],[-31,-13],[-27,-36],[-28,11],[-25,0],[-13,11],[11,39],[-30,5],[-8,-11],[-37,6],[-36,-19],[-32,5],[4,26],[23,11],[-13,40],[2,17],[-67,58],[-28,3],[-87,2],[-17,-46],[6,-23],[-58,-59],[-30,14],[-60,-26],[-33,-7],[-17,11],[-13,-17],[-17,6],[-22,-17],[-25,-7],[-57,12],[-17,31],[-55,19],[-23,17],[-2,33],[-38,-4],[-5,17],[-29,-7],[-49,-43],[2,-31],[-31,-42],[-20,2],[-53,-8],[14,-32],[-36,-36],[0,-27],[-34,24],[-28,-9],[-20,12],[-40,-30],[-5,-33],[-20,-10],[-18,-34],[-15,-7],[10,-31],[-8,-36],[-24,-7],[-28,-57],[35,-46],[5,-38],[-19,-55],[-26,23],[-22,-34],[-33,1],[-5,-24],[11,-22],[9,-57],[-17,-42],[-31,-9],[-6,-20],[-37,-14],[-43,41],[-18,-10],[-49,10],[-27,25],[18,15],[-19,24],[-9,27],[-21,8],[-2,16],[-54,34],[-7,17],[-42,-17],[-25,13],[-30,57],[-51,-14],[-30,4],[-32,-5],[-15,19],[-35,0],[-24,12],[16,30],[-42,6],[-36,11],[8,28],[15,18],[22,-3],[46,89],[22,18],[-12,25],[-2,30],[-27,18],[36,47],[-24,44],[20,22],[-2,12],[40,21],[4,27],[-35,9],[-21,-18],[-34,16],[-58,-4],[-55,-28],[-16,29],[-40,2],[-2,30],[-61,44],[-32,12],[-5,-64],[-44,-23],[-41,-13],[-47,-2],[-57,13],[-26,19],[-2,30],[-47,12],[-9,-6],[-31,26],[-21,43],[11,36],[-21,28],[31,36],[7,43],[-6,14],[22,12],[-9,34],[0,42],[-17,28],[-23,20],[-6,20],[-24,23],[-3,29],[-44,32],[-99,22],[-39,-20],[-58,-16],[32,38],[26,13],[17,51],[-12,27],[-37,-11],[-24,1],[-10,-14],[-33,-19],[-73,-19],[-24,-25],[-55,-15],[-17,-13],[-17,-39],[-35,-5],[-74,11],[-61,31],[-44,47],[-33,53],[-38,31],[10,29],[-76,40],[-31,9],[-58,6],[-72,-4],[-32,-29],[-4,-17],[-67,6],[-33,10],[-7,-8],[-32,22],[-1,14],[-26,20],[-18,0],[-48,21],[-22,1],[-16,-25],[-7,-49],[-16,-2],[-7,-39],[-32,-14],[-27,-49],[-1,-47],[16,-22],[-12,-30],[11,-31],[-28,-31],[-4,-15],[-35,-49],[-25,-21],[-111,-23],[19,-36],[41,-42],[-13,-34],[16,-46],[16,-23],[12,-39],[-6,-68],[13,-20],[-29,-38],[-55,-13],[-69,10],[-19,10],[-41,-4],[-20,33],[-26,17],[-44,4],[-28,12],[-43,-31],[-6,-40],[17,-12],[3,-44],[-15,-14],[-39,0],[-39,17],[3,-47],[-14,-56],[-61,-36],[-19,17],[-33,-4],[0,44],[-34,27],[-26,5],[-68,-12],[-35,-26],[-42,1],[-56,-17],[-58,26],[-60,18],[-18,-33],[1,-12],[-66,-21],[-47,1],[-20,-7],[-58,0],[-51,-11],[-100,13],[-34,-11],[-4,-18],[14,-65],[-9,-12],[-27,5],[-25,-6],[-60,-1],[-29,-29],[3,-17],[-16,-17],[-16,3],[-27,-28],[-51,7],[-30,-19],[-69,5],[-29,-11],[-37,6],[-30,-18],[5,-28],[35,-10],[33,-76],[-29,-4],[-15,-23],[-129,-34],[-24,-37],[-46,-21],[6,-19],[-20,-17],[-33,-4],[-16,14],[-36,3],[-3,14],[15,19],[15,36],[-10,55],[6,43],[-20,7],[-25,-25],[-19,-51],[-56,6],[-15,20],[-32,2],[-48,-20],[-67,-48],[-47,-25],[-8,-21],[-24,-22],[-66,-10],[-47,16],[-14,11],[-49,-7],[-22,-14],[-43,-4],[-11,15],[25,16],[-13,46],[-40,32],[-4,31],[-32,33],[19,29],[-10,25],[9,73],[-35,13],[-15,-2],[-6,-27],[-59,27],[-16,-40],[-28,-7],[-13,22],[14,26],[-27,11],[7,46],[-2,38],[12,7],[3,50],[-45,41],[-49,-12],[-31,30],[-26,-35],[-16,-4],[-2,-38],[-11,-13],[-29,3],[-27,-9],[-48,-5],[-23,-13],[-9,-30],[-32,-33],[-33,-26],[-58,6],[-25,-26],[-59,-25],[-15,-31],[-7,-34],[-29,-25],[19,-11],[-21,-55],[-16,-55],[-61,34],[-21,-9],[-36,20],[-29,-6],[-26,-15],[-69,20],[-39,26],[-16,-9],[-37,-3],[-8,-54],[30,-12],[1,-12],[-52,-31],[-32,-10],[-9,13],[-26,-4],[-24,8],[-18,-12],[26,-33],[-3,-16],[-31,-30],[23,-42],[-30,-20],[-22,-48],[-23,-8],[2,-33],[-31,-57],[-31,-4],[-7,18],[22,27],[-16,12],[-23,-4],[14,41],[49,19],[16,17],[-26,13],[-45,-53],[-24,9],[-27,-5],[-25,20],[4,35],[-19,19],[-28,1],[-2,-15],[-93,-10],[-4,14],[10,76],[-77,20],[-19,31],[-29,24],[-5,29],[-31,-3],[-18,-14],[-32,6],[-5,10],[-72,17],[9,17],[-38,19],[-14,47],[-20,-3],[-9,18],[54,13],[-50,62],[-84,12],[-4,25],[-16,29],[39,46],[49,22],[35,2],[1,43],[-19,26],[0,27],[-34,22],[-5,41],[-36,32],[-7,46],[-29,12],[-23,-13],[-42,4],[23,-54],[-26,-2],[-5,-16],[-31,-13],[-7,-24],[-23,3],[-2,26],[-25,20],[-23,-7],[2,32],[-15,3],[-39,-11],[-1,-31],[-10,-16],[-24,2],[-2,25],[-27,9],[-9,30],[-36,2],[-14,-28],[-39,1],[-2,-22],[19,-40],[26,-26],[-23,-44],[-27,0],[-49,19],[-13,16],[34,39],[3,17],[-61,16],[-7,-19],[-30,-25],[16,-44],[5,-35],[-36,-10],[-18,-21],[-1,-33],[-25,-1],[-21,-13],[-25,14],[-52,64],[-12,44],[12,37],[2,38],[-37,14],[-8,34],[-11,13],[1,41],[-16,11],[-28,2],[11,30],[-5,21],[-51,60],[-16,46],[-29,11],[0,25],[-43,29],[-44,14],[-35,-15],[-44,-79],[-35,-76],[-17,-13],[-64,-77],[-28,-21],[-34,-34],[-86,-21],[-30,-1],[-90,-28],[-34,16],[-37,-4],[-31,-10],[-88,-12],[-53,3],[-42,-24],[-117,-44],[-32,1],[-61,-18],[-44,-1],[-31,14],[-60,18],[-127,4],[-73,-8],[-114,0],[-68,11],[-81,24],[-49,6],[-118,2]],[[20601,93503],[-1,15],[-27,27],[-32,14],[-21,17],[0,20],[21,34],[-23,19],[-27,-21],[-22,0],[-28,21],[-47,7],[-38,-14],[-60,-12],[-42,12],[-41,32],[-39,21],[-12,14],[-9,35],[-37,12],[-39,-9],[-59,-26],[-26,11],[-20,30],[-57,54],[-55,31],[-99,3],[-23,-9],[-55,1],[-25,16],[-38,46],[-120,43],[-52,10],[-64,-6],[-53,-41],[-59,-32],[-23,-1],[-21,-13],[-18,5],[-39,31],[14,80],[27,85],[-35,46],[-32,66],[-26,36],[2,116],[31,80],[15,28],[37,43],[48,78],[54,47],[62,21],[63,26],[15,18],[-15,50],[-15,73],[2,54],[-5,29],[-17,7],[-60,6],[-97,28],[-31,49],[-18,6],[-78,-13],[-86,6],[-56,23],[-71,45],[-36,-5],[-18,-18],[-44,-13],[-38,-4],[-83,-16],[-45,2],[-27,24],[-61,27],[-27,0],[-30,-16],[-45,1],[-35,23],[-35,13],[-66,-14],[-47,-6],[-91,-5],[-51,-19],[-14,7],[-43,52],[-70,73],[-90,23],[-36,1],[-64,14],[-75,27],[-66,20],[-94,67],[-101,82],[-28,7],[-71,33],[-110,73],[-51,31],[-19,24],[-3,41],[15,97],[-8,58],[11,52],[23,32],[6,61],[27,27],[-5,16],[-66,23],[-48,30],[-38,34],[-27,31],[-73,26],[-22,-11],[-16,-27],[-41,-36],[-61,-29],[-82,1],[-25,12],[-7,16],[-57,-8],[-103,-45],[-38,-6],[-59,-1],[-66,11],[-20,21],[3,32],[-11,55],[-151,-13],[-40,8],[-53,24],[-17,-41],[-33,-16],[-56,-8],[-4,-39],[-49,-20],[-21,-19],[-36,4],[-58,37],[-42,8],[-48,-16],[-77,-58],[-33,-12],[-105,54],[-50,57],[-40,-3],[-48,19],[-57,-3],[-28,17],[-85,100],[-124,38],[-13,30],[-2,48],[6,39],[25,25],[36,10],[1,19],[18,34],[-3,35],[8,22],[40,-8],[19,7],[30,38],[5,38],[42,26],[-9,43],[-24,33],[-62,16],[-62,5],[-22,28],[-18,1],[-22,22],[13,55],[-6,47],[10,37],[28,27],[26,46],[46,21],[27,26],[-20,25],[-13,37],[-43,38],[31,58],[-7,22],[17,36],[28,7],[46,40],[11,68],[29,43],[60,24],[68,17],[101,-42],[53,-1],[19,-28],[22,-18],[14,15],[-22,41],[10,30],[36,14],[50,5],[21,8],[40,40],[51,30],[35,10],[61,5],[29,31],[17,7],[23,27],[57,29],[24,51],[49,41],[52,22],[45,1],[16,20],[45,27],[23,34],[-11,56],[12,33],[-8,17],[-36,27],[15,17],[62,18],[47,23],[29,24],[33,-14],[47,3],[45,25],[35,-9],[25,2],[53,-23],[40,59],[-7,12],[-39,3],[8,54],[23,35],[-13,19],[40,9],[50,30],[62,19],[16,10],[57,13],[19,22],[23,56],[36,14],[21,19],[8,50],[67,77],[-12,19],[-39,29],[-19,34],[-4,27],[12,79],[-32,51],[1,57],[40,-31],[28,-11],[55,-2],[33,6],[49,39],[61,22],[30,5],[47,23],[5,20],[22,-1],[44,-32],[11,-31],[17,-6],[66,-2],[48,12],[15,19],[52,2],[34,-4],[55,2],[70,-8],[53,30],[66,-3],[39,3],[14,14],[14,43],[31,9],[39,-13],[85,10],[50,18],[24,15],[30,-5],[18,-21],[44,-17],[31,-2],[35,10],[40,-20],[58,-41],[43,17],[20,0],[28,-29],[20,-8],[31,6],[25,16],[31,-9],[33,-1],[44,23],[28,1],[18,-15],[-1,-38],[8,-19],[38,-16],[68,-11],[56,19],[30,-13],[69,-8],[23,-14],[33,-2],[34,19],[28,43],[22,21],[80,0],[71,-20],[47,-5],[26,7],[31,27],[31,13],[61,-9],[27,-14],[41,-8],[66,-24],[61,-2],[46,11],[11,13],[-12,32],[27,30],[0,35],[-17,45],[-77,71],[-48,56],[-51,5],[-50,-6],[-44,16],[-20,19],[-19,47],[-23,11],[-56,-7],[-51,13],[-27,23],[-29,5],[-37,23],[-60,-3],[-26,81],[-55,43],[-51,27],[-22,24],[13,34],[4,33],[13,20],[36,7],[36,-4],[59,-30],[69,-23],[37,24],[27,2],[29,-14],[28,-1],[20,-18],[29,-4],[37,10],[29,-36],[61,4],[21,38],[51,3],[74,-16],[49,-26],[34,-35],[35,-15],[33,21],[21,1],[29,-13],[69,-57],[46,-55],[97,-52],[40,11],[49,-5],[37,-23],[52,-42],[30,8],[109,98],[57,-5],[39,-16],[25,2],[49,24],[13,23],[27,116],[14,34],[24,26],[27,11],[108,-10],[69,-12],[77,-35],[46,0],[34,29],[41,25],[101,43],[73,48],[55,42],[50,45],[41,21],[53,19],[47,2],[43,18],[27,24],[8,25],[69,7],[95,0],[60,-11],[87,1],[45,-10],[32,-31],[11,-34],[27,-42],[20,-10],[63,-6],[2,47],[13,48],[-1,28],[23,141],[-31,33],[5,16],[84,23],[44,4],[76,14],[60,6],[26,11],[62,45],[30,10],[50,-1],[21,-18],[13,-31],[0,-43],[12,-36],[21,-42],[40,-32],[43,-16],[24,13],[13,32],[53,16],[49,-7],[23,-13],[64,-4],[51,7],[29,-26],[-3,-57],[16,-32],[34,-33],[20,-11],[19,-31],[70,-70],[58,-83],[31,-38],[28,-10],[19,9],[16,55],[30,30],[55,25],[12,11],[55,24],[48,33],[60,5],[20,11],[14,28],[81,-22],[22,-17],[48,-15],[82,-56],[30,0],[65,20],[42,21],[29,7],[52,32],[76,63],[26,47],[42,45],[31,23],[23,52],[29,7],[28,-5],[79,31],[55,17],[48,-17],[52,15],[131,13],[41,-13],[4,-25],[-7,-37],[4,-98],[10,-43],[23,-40],[67,-54],[42,-7],[49,29],[42,-2],[33,-22],[16,-29],[-8,-52],[-47,-48],[-10,-16],[22,-45],[-3,-37],[27,-18],[28,15],[31,0],[29,-35],[15,-46],[1,-38],[13,-30],[12,-50],[10,-18],[55,-61],[31,-8],[70,-32],[66,-23],[146,-38],[77,-35],[78,-13],[29,-43],[48,-43],[9,-19],[36,-24],[79,-87],[52,-80],[39,-48],[61,-86],[46,-79],[51,-62],[72,-50],[126,-62],[61,-19],[85,-14],[61,-34],[37,-28],[155,-76],[29,-5],[112,-37],[41,-2],[69,-16],[17,7],[82,-1],[57,-14],[91,-14],[27,-11],[61,-42],[40,-35],[62,-45],[101,-105],[63,-50],[25,-10],[62,0],[55,-38],[18,-19],[63,-48],[55,-25],[49,-2],[97,10],[91,38],[67,3],[29,-10],[94,-66],[73,-60],[38,-21],[67,-23],[15,-65],[31,-34],[15,-29],[-60,-57],[81,-35],[29,-29],[58,-70],[79,-14],[48,-27],[65,-12],[24,-9],[30,-24],[31,-41],[62,-16],[69,-8],[61,35],[62,29],[24,-3],[13,-31],[57,-55],[57,-41],[54,-32],[31,-36],[1,-37],[34,-88],[31,-28],[47,-14],[19,-14],[52,-17],[66,-28],[20,-13],[51,-12],[-5,-23],[7,-30],[25,-41],[-12,-12],[-74,-3],[-51,-26],[-48,-59],[0,-24],[-42,-39],[-44,-27],[-22,-31],[42,-35],[61,-71],[89,-74],[23,-29],[29,-90],[33,-41],[27,-18],[67,-28],[75,-12],[41,-20],[36,-37],[65,-52],[50,-27],[65,-13],[22,-11],[111,-3],[125,-27],[55,-1],[44,6],[94,28],[70,42],[63,-6],[20,9],[47,-8],[10,-31],[19,-15],[27,-2],[19,-34],[47,-17],[30,2],[6,-27],[-10,-60],[14,-19],[28,-10],[63,4],[31,-18],[65,-1],[9,-40],[12,-8],[38,0],[97,-12],[15,8],[19,30],[27,-31],[45,-10],[41,-26],[20,0],[37,62],[37,2],[68,-6],[37,-44],[6,-30],[42,-7],[34,-47],[13,-30],[24,-28],[62,1],[16,-8],[33,-44],[4,-16],[-15,-35],[12,-27],[-33,-38],[40,-28],[61,-28],[26,-45],[4,-22],[-17,-34],[0,-51],[28,-18],[51,-19],[0,-28],[-39,-22],[-36,13],[-52,-1],[-22,-22],[-32,3],[-18,16],[-64,19],[-51,53],[-46,15],[-64,-2],[-48,-10],[-79,-33],[-5,-14],[39,-26],[39,-48],[17,-54],[42,5],[21,-6],[22,-40],[14,-9],[57,-15],[41,2],[30,-6],[51,-29],[32,-8],[38,5],[49,29],[93,36],[84,19],[46,-17],[32,-7],[36,3],[35,14],[39,-9],[34,-28],[32,4],[40,-6],[37,-16],[34,8],[51,32],[13,21],[27,-3],[52,-48],[48,-6],[14,20],[38,2],[68,-7],[35,5],[4,26],[-13,46],[6,54],[15,29],[29,-3],[11,-14],[60,-55],[24,-15],[45,-10],[51,12],[51,43],[26,7],[33,-10],[48,-34],[51,-24],[22,-29],[26,-13],[38,19],[24,-3],[10,-23],[39,-32],[16,4],[50,82],[41,-16],[25,-25],[25,-11],[30,-29],[20,-9],[33,-29],[37,-8],[12,13],[-17,28],[-41,20],[-14,16],[0,56],[-17,15],[-51,18],[-39,21],[-9,16],[23,49],[41,42],[39,49],[21,50],[-4,42],[-47,64],[43,-10],[49,-38],[20,-27],[20,-8],[43,4],[70,16],[61,-2],[14,-7],[74,-73],[33,-46],[52,24],[28,-16],[34,1],[49,-34],[41,-9],[23,12],[11,24],[32,8],[-18,63],[1,23],[25,51],[25,64],[-16,44],[7,16],[53,-30],[23,6],[16,42],[23,32],[8,24],[-7,41],[31,3],[26,-22],[75,-37],[63,-12],[15,42],[33,17],[10,18],[-13,31],[11,33],[-8,29],[7,20],[-12,26],[20,36],[54,12],[48,-14],[55,-4],[66,1],[63,22],[73,18],[40,19],[24,26],[8,33],[44,32],[12,44],[24,20],[43,-3],[71,-28],[27,-6],[142,-5],[25,-6],[26,-23],[48,38],[59,30],[26,25],[50,-8],[10,11],[9,50],[32,11],[72,8],[29,11],[52,36],[23,31],[57,54],[23,12],[55,5],[35,-9],[54,16],[40,24],[86,0],[24,-5],[60,9],[20,-5],[34,-22],[68,-19],[66,0],[135,21],[36,14],[58,9],[77,22],[90,13],[30,13],[33,27],[41,-10],[17,-29],[38,-23],[12,-18],[63,-44],[66,-23],[122,-2],[61,-8],[35,-10],[88,-15],[45,-2],[30,9],[59,38],[80,66],[47,55],[13,38],[-18,41],[-16,55],[6,65],[28,47],[60,57],[17,9],[73,17],[165,10],[186,-4],[59,5],[54,17],[30,-16],[6,-41],[11,-22],[3,-54],[24,-68],[12,-51],[47,-60],[30,-18],[80,-12],[157,-13],[79,-13],[97,-54],[44,-18],[56,-14],[30,-2],[161,-43],[41,-15],[73,-13],[72,-28],[32,-6],[69,-26],[7,-19],[29,-20],[65,-17],[172,-10],[65,-11],[37,-11],[39,-3],[106,-22],[27,8],[97,91],[46,31],[103,40],[17,9],[63,12],[55,-1],[37,-9],[37,-21],[25,-25],[71,-79],[49,-114],[19,-51],[42,-30],[60,-51],[14,-43],[26,-48],[20,-48],[33,-20],[90,-26],[111,-29],[52,-10],[64,-25],[24,-3],[75,-23],[53,-31],[49,-18],[29,-18],[64,-63],[39,-98],[3,-33],[15,-28],[22,-103],[8,-60],[29,-106],[-8,-19],[-28,-11],[-70,-9],[-27,-26],[-29,-40],[1,-43],[9,-60],[-2,-72],[-29,-81],[-14,-62],[-15,-33],[-35,-55],[-27,-55],[-29,-44],[-14,-36],[-20,-82],[-4,-78],[-9,-27],[-38,-54],[-69,-70],[-38,-52],[-17,-62],[-2,-36],[20,-151],[7,-92],[-6,-75],[-22,-73],[-4,-32],[-19,-65],[-36,-59],[-32,-77],[-49,-94],[-22,-34],[-22,-51],[-14,-14],[-43,-70],[-78,-63],[-37,-67],[-21,-125],[20,-147],[-1,-43],[-12,-60],[-12,-9],[-72,-25],[-158,-33],[-11,-5],[-101,-18],[-71,-21],[-39,4],[-18,16],[-94,13],[-76,1],[-59,-9],[-37,-20],[-21,-22],[-32,-20],[-32,-29],[-15,-47],[-13,-11],[-42,-2],[-81,-41],[-29,-27],[42,-54],[28,-44],[-15,-18],[-59,-17],[-41,-53],[-1,-37],[11,-9],[45,0],[26,-25],[25,-9],[69,-34],[17,-37],[-1,-39],[-8,-38],[-22,-1],[-41,-38],[-48,-12],[-43,-4],[-81,4],[-35,-10],[-90,4],[-38,-6],[-38,3],[-40,16],[-41,-11],[-29,27],[-30,6],[-49,-2],[-70,8],[-53,29],[-44,-36],[-126,-36],[-119,-15],[3,-21],[38,-40],[23,-34],[3,-91],[53,-27],[54,5],[4,-39],[-23,-38],[22,-55],[7,-43],[-10,-85],[11,-27],[26,-24],[18,-43],[49,-59],[8,-15],[-15,-58],[-13,-84],[-17,-31],[-49,-37],[-54,-11],[-9,-19],[-31,-10],[-39,22],[-50,-6],[-13,-16],[-43,-85],[-17,-75],[-1,-27],[18,-43],[-25,-32],[-50,-49],[-39,-31],[-37,-17],[-55,-12],[-17,-11],[-30,-39],[-21,-49],[0,-24],[20,-26],[34,-15],[21,-29],[5,-20],[-14,-19],[-48,-28],[-25,4],[-22,26],[-24,12],[-79,21],[-77,12],[-161,20],[-30,0],[-43,-11],[-34,-1],[-49,29],[-42,10],[-95,5],[-44,-8],[-31,3],[-65,68],[-26,3],[-35,-21],[-32,5],[-9,-16],[-6,-56],[-12,-36],[-43,-36],[-63,-15],[-97,7],[-76,22],[-60,23],[-55,42],[-46,7],[-124,-48],[-48,-10],[-81,-29],[-27,-39],[-18,-43],[-26,-33],[-48,-43],[8,-30],[45,-32],[54,-99],[30,-11],[12,-24],[-19,-27],[31,-20],[8,-30],[-5,-14],[48,-97],[25,-33],[100,-169],[50,1],[-20,-35],[1,-15],[23,-26],[29,5],[27,15],[22,-47],[26,0],[11,36],[22,6],[3,-35],[21,-21],[5,-18],[-31,-17],[-57,-10],[-4,-42],[-31,-19],[-23,-28],[-19,-56],[29,-46],[31,-24],[54,-21],[61,3],[49,31],[17,-5],[3,-24],[-6,-74],[21,-64],[30,-50],[1,-29],[-107,26],[-30,17],[-60,3],[-60,-5],[-56,-18],[-48,-28],[-33,-4],[-64,18],[-73,14],[-75,35],[-29,7],[-17,-19],[9,-17],[-4,-66],[8,-51],[-10,-37],[43,-53],[43,-110],[8,-57],[-3,-32],[-20,-35],[-16,-49],[-2,-28],[9,-108],[23,-67],[34,-13],[12,-90],[55,-23],[9,-45],[27,-15],[30,-74],[15,-9],[46,5],[37,10],[27,-20],[60,-31],[36,-13],[27,-20],[37,-12],[84,-39],[46,-8],[80,-6],[34,8],[90,-5],[21,11],[44,-6],[64,-1],[110,18],[33,-6],[94,-39],[65,-11],[64,-25],[40,-2],[44,8],[61,22],[25,3],[207,-48],[72,-11],[25,-20],[4,-27],[-9,-26],[-9,-83],[-14,-38],[-28,-53],[-67,-98],[-45,-53],[-41,-65],[-41,-87],[-14,-44],[55,-101],[7,-33],[-6,-26],[-39,-28],[-67,-19],[-55,-7],[-38,-11],[-7,-19],[25,-14],[50,-11],[15,-22],[29,-18],[54,-6],[6,-22],[-8,-33],[24,-16],[64,9],[44,-29],[14,-19],[46,-37],[83,-81],[59,-95],[38,-45],[46,-34],[34,-38],[50,-66],[39,-44],[36,-58],[39,-36],[31,-37],[31,-5],[17,-23],[54,10],[39,-42],[42,-88],[-32,-44],[-57,-55],[-76,-95],[-39,-18],[-175,-215],[-46,-39],[-42,-28],[-30,-12],[-39,-26],[-13,-45],[-35,-67],[-26,-33],[-28,-10],[-53,-7],[-60,8],[-25,24],[-10,64],[3,19],[-9,34],[-52,13],[-43,21],[-23,3],[-70,28],[-57,4],[-16,-10],[-24,-61],[-55,-72],[-61,-53],[-41,-8],[-48,9],[-16,-29],[-16,-51],[-13,-13],[-58,-25],[-31,-22],[-56,-29],[-42,-6],[-119,0],[-36,-14],[-19,-20],[8,-40],[24,-20],[18,-32],[2,-19],[-13,-55],[-60,-23],[-9,-13],[-8,-52],[-19,-32],[-122,14],[-29,8],[-35,-1],[-93,-17],[-64,-27],[-21,-22],[-50,-83],[-29,-24],[-22,4],[-28,41],[-10,24],[-26,27],[-26,-1],[-28,19],[-79,34],[-60,33],[-96,80],[-56,77],[-42,-1],[-48,-13],[-18,8],[-14,34],[-10,44],[-45,64],[-7,28],[-22,39],[-32,112],[-25,35],[-17,39],[-2,48],[62,53],[9,31],[-6,46],[-10,20],[-45,32],[-22,43],[-34,46],[22,103],[0,35],[-27,1],[-40,-52],[-54,-47],[-37,-20],[-66,-15],[-79,6],[-43,-7],[-20,-9],[-48,-73],[-30,-72],[-18,-20],[-50,-25],[-17,5],[-19,28],[-46,14],[-24,18],[-50,6],[-63,-20],[-65,-10],[-71,-63],[-65,-28],[-27,-1],[-53,10],[-43,-12],[-55,-33],[-24,-28],[-21,-42],[-2,-50],[-10,-8],[-74,-8],[-18,-9]],[[35149,84989],[-89,-56],[-157,-121],[-15,6],[-94,99],[56,48],[15,23],[-9,159],[73,9],[47,15],[30,27],[125,72],[40,28],[-44,21],[-17,28],[-26,112],[2,44],[13,47],[35,65],[-22,48],[-7,65],[7,23],[-75,-11],[-30,14],[-82,-26],[-8,-15],[-90,-37],[23,-20],[14,-39],[-10,-23],[-37,-20],[-41,-13],[-47,0],[-77,-27],[-24,-63],[-42,0],[-48,-24],[-55,9],[-94,44],[-61,11],[-51,-7],[16,-34],[0,-56],[-70,-8],[-22,27],[-35,7],[-61,-48],[22,-39],[-1,-19],[-39,-20],[-47,21],[-39,-16],[-18,28],[-34,35],[-13,-15],[-32,-13],[-28,-32],[12,-11],[-45,-12],[-12,16],[-32,0],[-30,11],[-31,44],[-51,18],[8,20],[-27,16],[-43,4],[-33,24],[-6,26],[-42,36],[-25,12],[-9,24],[14,9],[0,35],[20,43],[21,12],[-16,57],[16,42],[-2,16],[-25,22],[-2,15],[-32,6],[-44,-6],[-66,52],[13,36],[-24,18],[4,20],[-11,28],[-30,25],[-40,15],[-37,25],[-29,12],[-23,-19],[-22,0],[-34,40],[-35,5],[-23,19],[-23,0],[-38,33],[10,56],[31,34],[34,2],[26,20],[0,25],[-36,16],[-15,23],[-27,14],[-57,51],[-18,9],[-8,25],[-41,17],[-37,49],[-34,17],[-37,-18],[-20,28],[-3,17],[-54,-9],[-26,27],[-25,2],[0,-43],[-29,-30],[-1,-18],[-60,-6],[-30,-28],[-53,-18],[-100,-8],[-22,-51],[-63,-42],[-41,-5],[-49,-40],[-14,-24],[-22,-20],[-65,-27],[-29,-6],[-38,27],[-16,-18],[-19,-2],[-36,-30],[-18,-29],[-22,-11],[-55,17],[-19,25],[-8,28],[-60,-13],[-47,27],[-21,0],[-34,-18],[-34,-50],[-20,-4],[-25,-24],[19,-32],[-21,-68],[-47,-23],[-35,-6],[-36,4],[-11,26],[-17,8],[-19,26],[11,26],[-30,30],[-63,-7],[-33,21],[-19,28],[-41,30],[-38,-32],[-29,-1],[-17,29],[-20,1],[-22,29],[18,37],[-29,2],[-50,34],[-33,3],[-35,13],[-22,29],[-15,37],[-34,-20],[-13,-30],[-15,-9],[-33,3],[12,23],[-16,64],[5,49],[-41,11],[-3,29],[6,43],[-24,9],[-28,-4],[-63,17],[-16,-31],[-54,-15],[-46,15],[-7,26],[-29,4],[-46,24],[-31,24],[-31,-3],[-22,-26],[-28,5],[-51,-9],[-71,44],[-56,-9],[-41,31],[-3,20],[-32,11],[-31,32],[-29,1],[-25,35],[-1,28],[-39,54],[-12,41],[-17,8],[11,52],[-38,14],[-17,23],[-5,29],[-20,23],[-33,-11],[-18,-16],[-51,3],[-17,13],[8,22],[-34,18],[4,25],[-47,16],[-45,56],[-11,34],[0,25],[29,19],[-10,41],[51,30],[-8,25],[-21,7],[22,49],[42,42],[-4,14],[-43,9],[-42,-41],[-39,27],[-14,29],[-35,9],[-30,-10],[-28,0],[-15,-13]],[[29598,87376],[-58,-3],[-58,41],[5,24],[-21,22],[-9,46],[-4,62],[-38,69],[-20,8],[-51,-11],[-49,29],[-40,18],[5,23],[-48,30],[-1,24],[-15,9],[-8,52],[-40,30],[-4,35],[-22,19],[17,21],[-26,27],[-1,36],[-29,16],[-27,-4],[-28,-24],[-13,2],[-26,-21],[-37,1],[-15,13],[7,31],[-11,46],[-28,40],[-37,-10],[-27,7],[-26,19],[-25,41],[-23,4],[-16,32],[-49,19],[-5,37],[-27,24],[-25,-2],[-44,33],[-27,1],[-37,19],[-8,13],[23,27],[-8,21],[-51,42],[-13,-15],[-10,-35],[-16,-23],[-37,-17],[-34,7],[-17,13],[-89,31],[-32,44],[21,37],[-48,28],[-20,25],[-5,34],[-43,5],[-36,19],[-23,-21],[-25,-7],[-16,17],[-37,7],[-22,-28],[6,-37],[28,-37],[-1,-23],[-23,-13],[-86,0],[-62,-8],[-47,-64],[-13,8],[-37,-10],[-20,7],[-55,63],[-10,23],[43,2],[20,10],[22,33],[-24,44],[22,9],[27,-2],[8,24],[-20,37],[-23,14],[5,18],[35,14],[102,27],[17,33],[17,5],[16,24],[-40,27],[-22,30],[11,20],[-17,14],[3,26],[-8,19],[1,32],[12,14],[1,25],[13,20],[-20,17],[0,36],[-48,13],[-18,18],[-42,5],[-61,0],[-17,35],[-29,17],[-19,50],[-42,35],[-46,-4],[-30,6],[-8,22],[10,28],[-17,38],[6,34],[-19,16],[-29,61],[-24,28],[-3,24],[-46,33],[-69,21],[-29,24],[-40,10],[-37,17],[-83,15],[-50,28],[49,27],[5,21],[-20,51],[-57,65],[-24,15],[-50,3],[-55,-13],[-33,1],[-46,-62],[-24,8],[-34,-2],[-23,14],[-79,12],[-36,12],[-65,6],[-66,-24],[-60,2],[-25,-27],[-15,-2],[-49,25],[-23,31],[27,34],[14,39],[34,21],[7,16],[-38,9],[-52,3],[-8,17],[-55,36],[-7,15],[-48,14],[-10,15],[-40,15],[-2,42],[-27,7],[-31,-7],[-43,8],[14,46],[-32,43],[-38,31],[-9,27],[-22,15],[-58,25],[-33,21],[17,18],[-27,20],[6,31],[-54,14],[3,13],[28,14],[20,40],[3,43],[11,14],[7,43],[-21,13],[-43,-8],[-39,10],[-27,35],[-46,-3],[-45,-32],[-21,0],[-32,-16],[-45,5],[-29,24],[-27,35],[-26,-10],[-58,1],[-54,39],[-56,18],[-27,-7],[-35,23],[-26,-2],[-4,21],[-19,22],[-27,57],[2,22],[-30,35],[-46,6],[-14,15],[-36,-18],[-65,8],[-38,-5],[-34,6],[-43,35],[-14,51],[18,18],[-34,39],[-23,48],[25,31],[-15,16],[12,28],[-36,18],[14,49],[-28,8],[-13,15],[21,47],[0,21],[-39,13],[-34,25],[-49,11],[-22,24],[11,23],[-5,18],[35,41],[26,8],[12,16],[-8,37],[-29,28],[15,20],[17,68],[23,23],[27,1],[-10,22],[1,34],[-34,35],[-25,41],[-41,22],[-55,-9],[-22,31],[-17,8],[-26,30],[-23,3],[-22,21],[-22,-1],[-35,14],[-13,14],[-41,8],[17,29],[-6,37],[-14,19],[-40,23],[-43,-18],[-65,17],[-4,24],[53,30],[26,57],[64,49],[26,8],[-19,37],[22,26],[-6,19],[18,18],[0,38],[-35,65],[-9,73],[-12,23],[2,28],[-46,52],[-26,11],[-23,24],[-64,16],[-4,7],[-83,44],[-49,0],[-24,-6],[-22,8],[-1,39],[-11,34],[10,30],[-20,10],[-37,5],[-20,12],[-58,50],[-10,28],[-25,15],[-66,10],[-24,-20],[19,-32],[17,-4],[0,-36],[-17,-10],[-19,-33],[-5,-78],[11,-37],[-34,-14],[-30,5],[-17,29],[-22,8],[-27,-3],[-31,6],[-50,-9],[-19,-44],[-56,0],[-34,-21],[-23,-48],[-42,-36],[-53,0],[-49,-48],[-61,4],[-17,64],[-14,36],[-71,18],[-56,28],[-58,10],[-44,-8],[-42,32],[-57,16],[-38,28],[-9,-23],[-41,-7],[-28,8],[-16,-19],[-29,-12],[-57,5],[-39,22],[9,37],[-15,31],[-35,-12],[-43,3],[1,21],[-18,34],[-41,-12],[-37,35],[-16,44],[-16,8],[-10,26],[-33,-20],[-31,1],[-41,24],[-49,14],[-5,10],[-44,14],[-99,-49],[-3,74],[-13,50],[0,93],[52,78],[2,66],[-15,13],[-57,9],[-105,50],[-13,32],[6,45],[20,14],[8,26],[-29,25],[-60,67],[-59,39],[-88,30],[-112,8],[-34,-17],[-35,-33],[-60,-72],[-35,-51],[-38,-26],[-59,-3],[-101,7],[-86,4],[-26,-10],[-12,-41],[-52,-24],[-45,-8],[-53,8],[-12,24],[-4,31],[4,43],[-20,20],[-57,-20],[-4,24],[8,27],[-20,12],[-45,-4],[-69,4],[-89,0],[-100,70]],[[34550,66207],[-76,-30],[-84,14],[-24,-14],[-1,-30],[35,-23],[26,-34],[-11,-37],[-97,0],[-67,35],[-65,7],[-35,-22],[-17,-51],[12,-45],[43,-13],[22,-22],[-22,-29],[-56,-16],[-27,-55],[-3,-17],[12,-65],[-1,-52],[-19,-16],[-52,-13],[-49,37],[-32,10],[-64,5],[-47,21],[-70,4],[-29,-35],[-16,-28],[-43,-25],[-62,-26],[-30,-4],[-32,7],[-70,3],[-31,-5],[-25,-14],[-5,-18],[5,-57],[-6,-50],[-23,-15],[-118,2],[-23,-4],[-44,-20],[-29,-34],[3,-22],[26,-38],[-11,-54],[-24,-30],[-43,-17],[-101,16],[-52,-15],[-34,-24],[-38,-3],[-28,-32],[-12,-51],[-19,-29],[-24,-17],[-34,-6],[-80,6],[-14,13],[-33,-3],[-53,-40],[-81,-34],[-30,-27],[-10,-27],[-32,-35],[-30,-13],[-60,-11],[-62,-34],[-28,2],[-26,-21],[-24,-42],[-32,-21],[-50,-13],[-77,4],[-45,8],[-80,-21],[-85,-2],[-14,-9],[0,-26],[37,-59],[8,-26],[-14,-20],[-27,-1],[-64,8],[-68,-9],[-27,-14],[-46,28],[-31,-5],[-40,-29],[-45,-9],[-28,-36],[-12,9],[-33,-35],[-13,-35],[-1,-36],[-64,-69],[-67,-51],[-27,-27],[-64,-25],[-74,-47],[-50,-22],[-8,-15],[-31,-14],[-39,7],[-48,21],[-26,-4],[-4,-13],[-50,-4],[-43,8],[-25,-4],[-42,-24],[-22,-19],[-12,-24],[-3,-36],[-12,-9],[-27,-44],[-35,-17],[-28,-6],[-90,3],[-79,-23],[-32,-22],[-15,-20],[-35,-23],[-24,-38],[5,-20],[-13,-18],[-73,-17],[-82,-55],[-19,-18],[-109,-15],[-49,-16],[-13,-63],[-28,-38],[-12,-45],[-28,-17],[-36,-36],[-35,6],[-59,-29],[-19,-19],[-30,-47],[-41,-28],[-28,-36],[-10,-31],[20,-18],[-11,-36],[-48,-59],[-39,-15],[-39,-1],[-58,10],[-16,-9],[6,-21],[31,-18],[3,-14],[-24,-20],[-33,-13],[-36,-23],[-53,-16],[-30,-2],[-65,24],[-56,9],[-95,-6],[-39,-27],[-27,-95],[-29,-11],[-81,25],[-46,-33],[-63,-91],[-16,-18],[-61,-44],[-22,-24],[-34,-64],[-17,-50],[8,-40],[-3,-37],[22,-49],[-10,-39],[-66,4],[-35,-25],[-33,-10],[-21,-17],[-11,-29],[13,-45],[20,-26],[56,-19],[18,-12],[0,-34],[-19,-37],[4,-46],[40,-28],[11,-82],[-28,-78],[5,-24],[31,-50],[14,-40],[-13,-58],[39,-43],[31,-13],[11,-31],[31,-43],[18,-17],[12,-37],[-10,-63],[45,-44],[49,-11],[19,-21],[36,-91],[-3,-29],[44,-16],[23,-30],[20,-11],[20,4],[24,20],[45,-39],[0,-17],[60,-37],[18,-26],[37,2],[20,12],[39,-2],[36,-18],[20,-25],[23,-10],[17,-22],[40,-4],[136,-39],[33,13],[35,0],[51,11],[17,10],[63,1],[63,21],[82,-28],[71,-2],[24,-23],[70,-45],[-7,-37],[-13,-18],[21,-12],[42,-2],[53,7],[7,41],[47,12],[22,-7],[61,0],[91,-5],[23,-7],[30,38],[19,44],[40,-11],[43,9],[18,33],[28,26],[24,-2],[61,-17],[57,-1],[34,-32],[30,-1],[35,-27],[32,-13],[58,10],[17,-9],[81,-9],[-9,69],[40,7],[17,-34],[12,24],[-4,14],[30,11],[-30,28],[8,13],[6,54],[-7,20],[22,34],[37,0],[20,29],[50,23],[34,28],[11,23],[32,33],[21,14],[62,23],[25,-12],[38,-1],[15,-13],[47,-24],[16,10],[26,-2],[32,-34],[-19,-25],[-25,-6],[-26,-55],[2,-35],[31,-8],[6,-39],[-34,-71],[-7,-22],[-25,-23],[37,-5],[14,15],[34,11],[36,-43],[12,-32],[-3,-46],[-13,-16],[-9,-41],[-40,14],[-26,-17],[2,-34],[25,-2],[23,-24],[3,-30],[41,-2],[59,-65],[41,-7],[10,-11],[13,-73],[28,-34],[-58,-17],[-32,3],[0,-58],[-17,-12],[4,-82],[-18,-50],[31,-2],[22,-26],[-13,-9],[-28,28],[-63,-31],[-1,-19],[-62,-36],[-57,6],[-8,-11],[-97,-38],[-40,19],[-2,17],[-20,17],[-11,31],[-55,19],[-8,13],[-37,-18],[-34,0],[-29,-11],[-83,6],[-44,16],[-17,-12],[-47,-7],[-35,12],[-18,-31],[7,-15],[-15,-42],[-60,6],[-27,7],[-21,-7],[-43,-66],[-58,1],[-35,-5],[-46,-24],[-37,0],[-25,16],[-71,1],[-19,9],[-28,-2],[-51,16],[-12,10],[-38,4],[-38,-8],[-58,-34],[2,-20],[-21,-14],[-44,3],[-23,-18],[-37,-5],[-35,5],[-49,-14],[-80,4],[-36,-9],[5,-51],[-10,-60],[-44,-17],[15,-40],[3,-36],[-9,-13],[-11,-47],[17,-10],[36,-53],[29,-11],[12,-17],[3,-47],[66,5],[45,-24],[-3,-23],[-25,-26],[-7,-35],[33,-27],[35,5],[4,-24],[35,-3],[4,-24],[-11,-24],[-24,-12],[-30,-27],[-28,1],[-69,-29],[-54,-5],[-40,9],[-28,-7],[-55,-1],[-16,-6],[-31,8],[-31,-8],[-37,-27],[-41,-9],[11,-34],[-2,-16],[18,-20],[61,-38],[34,-41],[33,-27],[10,-17],[6,-64],[20,-14],[63,5],[25,9],[31,1],[14,-10],[22,-32],[21,-9],[26,20],[59,24],[48,46],[27,3],[31,-10],[25,-58],[18,-14],[53,2],[16,-11],[6,-45],[52,-20],[39,7],[20,-7],[36,-40],[2,-54],[39,-67],[13,-30],[27,-35],[11,-57],[-3,-36],[4,-31],[-11,-25],[1,-22],[15,-25],[4,-39],[-9,-50],[-30,-38],[-17,-64],[-43,-5],[-44,-27],[5,-47],[-6,-21],[-54,-12],[-20,-53],[-30,-12],[-51,0],[-19,-38],[-54,1],[-39,14],[-26,-2],[-15,23],[-43,7],[-31,29],[-4,70],[17,78],[-15,39],[4,12],[-54,8],[-26,-25],[-15,-44],[-19,-11],[-39,20],[-3,15],[17,22],[-50,31],[-81,-8],[-75,-40],[-2,-25],[42,-43],[0,-31],[29,-35],[-3,-16],[37,-6],[8,-49],[15,-15],[-4,-53],[-28,-3],[-9,-31],[17,-23],[14,-34],[-17,-26],[-20,-8],[7,-26],[26,-52],[6,-21],[-19,-22],[22,-19],[-52,-38],[-14,-3],[19,-37],[0,-43],[12,-38],[35,-32],[28,-54],[10,-76],[58,-41],[-1,-17],[27,-12],[4,-24],[37,-16],[41,-6],[27,-37],[11,-5],[-1,-45],[37,-15],[43,-4],[4,-25],[-24,-15],[-12,-30],[-17,-4],[-53,14],[-6,-60],[-13,-13],[-2,-43],[-16,-25],[-15,-59],[-39,1],[-35,10],[3,15],[-87,2],[0,-6],[-61,-23],[-11,-15],[-72,2],[-35,-21],[-34,18],[-13,34],[-48,58],[-18,35],[-31,-1],[-12,29],[-27,-3],[-76,1],[0,-23],[-23,-8],[-27,16],[-37,13],[-48,60],[-36,16],[7,44],[49,99],[33,24],[-2,30],[-14,31],[-7,80],[-61,-48],[-43,-24],[-84,20],[-22,-35],[-16,8],[-43,-8],[-18,-64],[-53,19],[-41,-5],[13,-24],[26,-26],[0,-15],[-18,-19],[-22,-3],[-7,-16],[-37,-7],[-16,-29],[-6,-31],[36,-14],[10,-23],[-11,-15],[-42,-6],[-39,-34],[-20,-2],[-58,-18],[-17,1],[-26,18],[-9,19],[-13,84],[-13,30],[-83,16],[-21,46],[-13,13],[-25,-8],[-30,-43],[-12,-4],[-70,40],[-48,-3],[1,-31],[15,-8],[-21,-27],[-16,1],[-28,48],[-32,5],[-42,21],[-68,40],[-9,14],[-61,14],[-71,3],[-27,-23],[-32,-6],[-51,-25],[-4,-62],[-15,-9],[-19,13],[-23,-2],[-48,17],[-58,11],[-44,-7],[-25,-18],[-21,4],[-23,16],[6,36],[-11,45],[-4,92],[-25,12],[14,57],[19,25],[-2,19],[-24,18],[-36,64],[-48,-75],[-26,-1],[12,-33],[-16,-33],[-15,-10],[-33,7],[-24,-11],[-19,-35],[16,-12],[-7,-36],[13,-12],[18,-58],[-8,-35],[-27,-21],[-20,-31],[-49,-46],[-13,-106],[25,1],[11,-12],[1,-29],[-8,-42],[14,-17],[15,-57],[-36,-23],[23,-67],[-18,-11],[-52,-2],[-21,10],[-84,-53],[-29,-2],[-39,-16],[-44,2],[-20,-10],[-23,-35],[-25,-13],[-6,-44],[-35,-32],[-42,-16],[-70,19],[-50,-26],[-5,-13],[18,-51],[-1,-22],[61,-62],[-3,-23],[9,-21],[-9,-34],[10,-32],[-25,-16],[5,-22],[-23,1],[-20,-15],[-44,-11],[-41,-45],[1,-15],[-22,-21],[-32,8],[-54,-24],[-35,-10],[-24,2],[-25,-33],[-37,2],[-21,34],[-59,-9],[-29,-12],[-1,-25],[-14,-5],[-24,16],[-42,-20],[-7,-17],[-53,-10],[-33,5],[-6,-28],[-30,-31],[-33,-3],[-27,8],[-13,50],[10,31],[-41,40],[-43,7],[-17,30],[-29,-16],[-19,12],[-23,-12],[-29,18],[-14,-87],[25,-13],[4,-18],[59,-14],[26,10],[5,-18],[-18,-11],[-31,-57],[6,-40],[-12,-35],[-104,-1],[26,-49],[14,-39],[-7,-19],[-23,-14],[-21,-69],[-25,39],[-14,49],[-53,7],[-23,43],[-88,-6],[-21,17],[-25,1],[-23,-13],[-28,2],[-52,-9],[19,49],[-28,9],[-50,-9],[-24,29],[1,36],[10,11],[49,-10],[9,30],[-12,13],[-35,8],[1,27],[-20,20],[-25,7],[-32,34],[-41,14],[-36,30],[-58,15],[-6,22],[-31,32],[-46,17],[-48,3],[-21,28],[3,39],[18,52],[12,86],[20,28],[29,15],[33,35],[36,23],[43,42],[17,23],[56,-48],[39,-11],[65,-1],[16,-26],[21,-2],[19,-24],[35,12],[55,4],[73,0],[9,9],[67,30],[11,12],[45,23],[12,-2],[13,-33],[32,-7],[-2,-54],[31,-6],[8,-13],[11,-55],[54,2],[39,10],[6,22],[36,1],[7,24],[-4,28],[43,-6],[36,6],[11,17],[-18,40],[35,-8],[5,24],[27,23],[-3,68],[98,20],[13,9],[76,19],[-6,42],[3,64],[-4,8],[-62,-20],[-38,46],[-43,-25],[-18,22],[3,21],[-19,13],[-5,27],[-27,6],[-11,-12],[-21,20],[-10,36],[-32,52],[25,26],[16,61],[34,21],[-9,28],[4,36],[20,33],[47,-1],[12,16],[39,9],[10,27],[46,13],[23,13],[-41,17],[-22,63],[8,31],[-8,19],[6,40],[-10,36],[-29,21],[-51,-12],[-50,-7],[-20,5],[-19,55],[-41,40],[-37,26],[17,17],[-3,32],[-14,14],[7,76],[-36,2],[-6,62],[33,2],[41,13],[18,23],[3,42],[-13,23],[34,10],[25,21],[52,64],[4,35],[13,15],[44,-9],[40,-25],[1,-35],[-16,-55],[54,-24],[2,-11],[43,-30],[43,8],[82,32],[5,12],[47,31],[34,9],[7,39],[23,3],[-13,58],[21,61],[-27,20],[-2,24],[-51,9],[9,38],[37,0],[11,-15],[23,-1],[31,25],[9,42],[-25,28],[-40,12],[6,55],[21,-5],[9,25],[-28,23],[-19,0],[-23,13],[-54,12],[-21,21],[-3,55],[-28,11],[-48,3],[-26,-12],[-11,-31],[-45,50],[11,24],[47,12],[15,24],[-18,23],[24,37],[0,46],[-32,18],[-47,-4],[29,68],[10,65],[3,58],[-16,24],[-14,3],[-53,41],[-36,34],[-16,0],[-45,18],[-48,-11],[-46,10],[-58,-21],[-84,-48],[-110,-54],[-87,-101],[-40,-28],[-66,-9],[-61,-2],[-28,46],[-44,37],[-16,21],[-25,-17],[-38,0],[-51,-17],[-26,10],[-28,21],[-95,-43],[-49,-38],[-35,-11],[-88,-12],[-89,7],[-128,25],[-71,6],[-75,28],[-84,8],[-18,-2],[-49,11],[-69,10],[-59,21],[-87,-6],[-46,13],[-13,-8],[-15,-40],[-37,48],[-14,38],[-26,47],[-33,1],[-12,16],[21,18],[8,66],[30,-9],[20,35],[-8,14],[20,39],[31,19],[48,-3],[34,6],[21,16],[13,29],[0,20],[-28,22],[-47,2],[-23,9],[-2,31],[43,-4],[11,11],[58,-4],[14,-8],[38,2],[58,-29],[1,-15],[19,-30],[7,-44],[29,-19],[35,7],[26,28],[8,19],[30,15],[32,-2],[62,28],[37,11],[23,14],[59,14],[75,47],[-3,15],[23,25],[1,52],[-24,8],[-39,-5],[-34,-21],[-59,-23],[-22,-13],[-79,20],[-42,-3],[-40,7],[-28,-48],[-35,-14],[-46,5],[-15,28],[-33,9],[-21,20],[-37,0],[-4,26],[6,42],[30,29],[15,-17],[25,29],[32,-1],[-27,55],[-30,2],[8,32],[-23,5],[-21,42],[-30,14],[11,34],[82,8],[-11,-42],[23,-5],[-6,-18],[11,-28],[51,-30],[-12,-25],[24,-14],[22,-68],[18,18],[4,42],[13,13],[12,51],[23,33],[5,38],[-25,20],[-9,33],[-33,12],[-13,17],[-8,40],[22,52],[70,35],[44,1],[-4,48],[-53,25],[-31,-5],[-86,8],[-28,-11],[-51,0],[-32,13],[-46,-10],[-13,-13],[-35,-1],[-34,6],[-9,-10],[-42,3],[-34,13],[-43,-18],[-33,18],[-44,33],[-14,-4],[-1,-26],[-25,-2],[-16,-23],[-4,-38],[31,-8],[13,-18],[4,-33],[-24,-4],[-27,-41],[-33,2],[-11,-33],[-40,-41],[-45,-2],[5,-78],[-3,-22],[14,-34],[-7,-66],[-10,-18],[20,-60],[-8,-15],[-24,0],[-39,-18],[-37,-5],[3,26],[-41,6],[-34,-40],[-38,11],[16,-27],[-40,-45],[-52,-18],[-39,13],[-44,26],[-39,-8],[-40,-2],[-14,17],[-45,-8],[-33,7],[-35,21],[17,53],[-28,-6],[-43,8],[-29,-11],[-46,53],[8,25],[2,48],[-19,7],[-17,39],[-37,-1],[-12,25],[-27,-1],[-3,-23],[-34,-17],[-17,53],[-7,41],[-10,27],[-25,17],[-32,7],[-32,-30],[2,-53],[-26,-33],[-5,-36],[3,-77],[18,-43],[32,-4],[9,-21],[5,-39],[22,-58],[27,-36],[6,-112],[-78,-24],[6,-26],[32,-44],[40,10],[0,64],[65,-4],[0,-23],[51,-25],[41,-4],[12,-38],[42,5],[26,24],[21,-2],[42,-21],[21,4],[33,-12],[27,-19],[30,0],[10,16],[21,2],[38,18],[18,-10],[29,-104],[-1,-28],[-78,1],[4,-73],[-2,-56],[24,-1],[-3,-26],[-90,-16],[-43,-3],[14,-25],[-39,-62],[-33,-39],[-47,-16],[-93,11],[-26,18],[-15,-34],[-21,25],[-34,24],[-3,23],[-46,72],[-1,21],[-20,4],[-58,70],[-33,76],[-31,52],[-29,117],[-31,-6],[-3,-28],[6,-58],[11,-59],[-81,-18],[11,-55],[13,-30],[-12,-6],[0,-35],[-21,-32],[-13,-53],[4,-21],[29,-6],[48,22],[57,6],[-2,-47],[-26,-11],[-11,-47],[-39,-9],[-5,-37],[-35,-16],[11,-33],[2,-36],[10,-28],[-28,-15],[-68,-14],[-50,-18],[19,-40],[15,-19],[-4,-19],[11,-44],[-39,-8],[7,-45],[-6,-17],[-43,1],[-46,-18],[-21,-26],[-12,-46],[64,8],[14,-27],[41,-22],[3,-18],[69,-6],[43,-20],[32,38],[67,-16],[30,4],[19,-39],[-24,-66],[56,-5],[15,26],[25,-6],[33,14],[13,-17],[-1,-53],[-18,-7],[-30,-43],[-37,-25],[-17,-5],[-2,-37],[-11,-31],[-43,9],[-1,-17],[-24,-39],[-11,-28],[-25,-36],[-34,-24],[-7,-48],[16,-32],[-10,-27],[4,-52],[-44,-48],[-33,-32],[-34,-24],[-7,-17],[22,-28],[27,-12],[54,-9],[56,14],[60,4],[42,-14],[34,-1],[19,-8],[38,-2],[59,21],[50,-28],[19,-17],[31,-7],[3,-43],[41,-14],[-10,-29],[-29,-36],[-27,-7],[-28,-28],[-8,-21],[23,-25],[29,-21],[1,-19],[22,-48],[-3,-43],[24,-16],[-16,-39],[39,-22],[11,-16],[10,-67],[38,-10],[27,-14],[-8,-25],[4,-27],[33,-19],[40,-9],[4,-23],[40,3],[18,-11],[14,-35],[-22,-19],[-16,-26],[-21,-18],[-8,-29],[-3,-68],[-20,-28],[-28,-19],[-50,-14],[-16,-16],[-6,-54],[-23,-7],[-15,-17],[15,-17],[-5,-30],[-20,-17],[-9,-21],[-8,-79],[-18,-24],[1,-42],[10,-41],[20,-6],[7,-17],[-17,-18],[9,-32],[-11,-13],[-9,-41],[4,-19],[-10,-32],[70,8],[26,-41],[11,-36],[18,-28],[-21,-22],[-34,-6],[19,-19],[7,-53],[15,-16],[-29,-8],[-4,-22],[-21,-20],[-7,-24],[11,-41],[-14,-13],[-30,-10],[-16,-43],[15,-12],[46,-15],[7,-51],[16,-31],[26,-6],[1,-37],[-32,-12],[-10,-17],[-32,-6],[-37,24],[-8,-25],[-27,-28],[-40,-10],[-7,-36],[-34,-11],[12,-48],[-16,-9],[-40,-2],[-13,-11],[-8,-39],[-37,-30],[-37,3],[-24,-32],[-39,0],[-27,-28],[-30,61],[-72,-23],[-19,-28],[-18,-46],[-44,-4],[-54,0],[9,-31],[-14,-35],[-24,-16],[-19,26],[-66,2],[-45,-31],[-32,-39],[-39,0],[2,-14],[-22,-33],[-28,-20],[-44,5],[-23,-8],[-55,-5],[-11,7],[-30,-15],[20,-11],[-9,-27],[-26,-27],[-2,-30],[-17,-16],[-23,9],[-19,-17],[-23,6],[-17,-31],[10,-58],[-22,-34],[8,-32],[-39,-29],[-10,-21],[-41,12],[-15,-63],[8,-26],[-18,-23],[-72,-9],[8,-40],[23,17],[24,-4],[-8,-30],[22,-34],[17,-2],[15,-64],[44,-7],[42,56],[56,-52],[46,-9],[29,19],[43,-19],[17,-22],[7,-38],[41,-11],[34,2],[62,43],[37,8],[28,-13],[51,-9],[-10,-22],[32,-11],[18,-14],[8,-45],[-59,-35],[-22,-2],[2,-22],[34,-15],[46,16],[5,-11],[32,-3],[23,9],[27,29],[26,-10],[-28,-19],[13,-21],[-66,-35],[0,-12],[-33,-21],[-26,12],[-30,-7],[-58,5],[-35,21],[-25,-16],[-51,-66],[-59,-38],[-24,-7],[-22,-37],[-75,-41],[-39,5],[-28,-17],[-45,-8],[-70,-5],[11,-54],[-24,-35],[-53,-24],[-36,-1],[-21,-14],[-4,-21],[-56,7],[-86,-18],[-46,24],[-34,7],[0,13],[-29,32],[-32,-3],[-61,27],[-70,-4],[-96,-74],[-1,-29],[-50,-39],[-42,-22],[-16,0]],[[10242,59145],[-107,94],[-108,232],[-25,69],[-28,34],[-36,63],[-53,83],[-125,161],[-39,44],[-22,43],[-61,188],[-39,158],[-20,95],[-37,203],[-11,47],[-158,140],[-79,76],[-156,142],[-73,69],[-51,181],[-130,106],[-116,106],[25,77],[3,124],[-5,10],[8,45],[16,168],[-38,19],[7,145],[0,59],[7,59],[-4,71],[11,40],[2,103],[-48,86],[-43,35],[-132,8],[-50,-14],[-141,-61],[-77,-29],[-98,4],[-180,-9],[-210,-27],[-97,21],[-233,83],[-74,28],[-20,21],[-38,117],[-99,124],[-87,73],[-77,43],[-180,257],[-75,105],[-7,40],[-48,439],[135,166],[61,73],[93,205],[23,112],[-39,141],[53,158],[21,104],[-28,164],[11,103],[14,83],[-3,44],[-14,40],[-4,54],[-14,96],[-65,41],[-58,27],[-70,49],[-159,33],[-50,12],[-151,-25],[-264,-38],[-165,-9],[-213,34],[-109,31],[-106,85],[-110,84],[-30,17],[-148,61],[-345,142],[-221,90],[-82,180],[-6,22],[14,89],[31,116],[45,373],[10,72],[-2,27],[252,572],[45,34],[94,57],[57,46],[197,194],[41,30],[156,92],[79,71],[57,43],[50,33],[120,91],[45,30],[44,43],[51,59],[60,84],[54,85],[32,44],[111,85],[114,76],[89,54],[146,304],[57,129],[36,86],[59,132],[35,90],[31,59],[44,49],[34,27],[144,126],[30,40],[67,72],[239,116],[51,45],[208,205],[230,28],[169,47],[57,8],[54,-14],[111,-21],[120,-52],[32,-57],[118,-105],[150,-130],[6,-124],[-2,-40],[20,-145],[47,-56],[117,-168],[25,-61],[37,-27],[30,-41],[171,-24],[213,-28],[117,13],[154,64],[40,2],[67,42],[125,51],[145,54],[95,44],[136,55],[71,32],[48,16],[139,55],[51,8],[247,50],[308,65],[219,5],[116,-2],[196,9],[167,3],[268,2],[231,85],[309,108],[173,62],[80,22],[72,386],[28,141],[233,285],[69,65],[272,196],[124,85],[66,74],[152,155],[34,39],[95,279],[157,423],[31,102],[35,104],[115,127],[73,83],[167,165],[259,96],[312,162],[191,100],[360,185],[63,24],[182,67],[14,4],[467,169],[117,235],[84,178],[92,90],[182,183],[35,54],[304,501],[188,309],[11,21],[137,224],[6,29],[24,63],[88,271],[65,196],[75,243],[124,406],[9,25],[502,178],[180,63],[519,117],[137,32],[58,11],[52,62],[30,24],[163,113],[34,27],[67,43],[221,162]],[[20052,77313],[5,-31],[-7,-46],[-13,-21],[-1,-82],[10,-61],[-11,-21],[-53,-49],[-9,-27],[-67,-90],[-88,-61],[-35,-91],[-25,-34],[-1,-49],[30,-46],[2,-30],[233,-9],[287,-8],[183,-6],[137,-7],[366,-23],[460,-26],[489,-25]],[[21944,76470],[-29,-42],[-11,-47],[-19,-25],[41,-19],[74,-3],[26,-63],[33,-42],[-11,-24],[-41,-55],[-23,-17],[-31,-9],[-75,-15],[-30,-20],[-50,-42],[-19,-37],[-18,-54],[0,-61],[11,-47],[1,-29],[146,-17],[51,2],[20,27],[19,14],[55,8],[64,-11],[21,48],[46,-3],[8,-26],[44,-19],[-22,-27],[-5,-40],[5,-33],[-9,-34],[-24,-47],[4,-21],[-27,-47],[-27,-75],[4,-22],[16,-24],[-9,-29],[-22,-10],[-15,-93],[-6,-132],[65,-49],[25,-4],[42,-33],[29,-10],[-4,-28],[-48,-42],[-24,-28],[-4,-24],[-15,-17],[3,-22],[-31,-51],[-8,-27],[-34,21],[-107,10],[-18,-18],[-12,-48],[0,-41],[7,-36],[43,1],[57,-13],[26,-47],[1,-22],[13,-38],[26,-32],[59,-44],[15,-36],[-17,-45],[-6,-39],[13,-5],[70,7],[33,0],[69,11],[-8,61],[21,68],[73,-9],[33,-11],[64,3],[38,10],[40,-34],[29,-18],[77,1],[67,12],[34,25],[11,16],[39,35],[48,53],[83,8],[20,13],[55,-19],[20,-13],[17,-34],[76,4],[63,-47],[68,-29],[5,-71],[50,-24],[14,-18],[8,-31],[-43,-54],[26,-51],[20,-19],[31,-4],[42,5],[53,-33],[61,45],[24,8],[42,3],[48,-5],[36,-34],[1,-35],[34,-42],[11,-26],[-4,-22],[8,-27],[100,-17],[51,-6],[16,55],[46,-2],[66,10],[59,31],[-19,25],[43,16],[23,15],[26,-16],[17,-46],[32,-49],[27,-9],[69,-5],[13,20],[9,45],[38,6],[99,-9],[4,66],[8,14],[34,-5],[29,9],[42,30],[13,19],[41,-9],[17,-13],[0,-64],[-5,-38],[-15,-34],[-21,-17],[6,-12],[44,-12],[15,-13],[31,-7],[18,21],[0,45],[12,13],[48,32],[36,15],[45,-3],[27,-16],[4,-43],[-51,-82],[29,-12],[19,-22],[3,-53],[9,-23],[-17,-13],[-9,-35],[-39,-7],[-46,0],[-3,-54],[-21,-53],[29,-17],[64,-7],[12,-25],[-31,-24],[-15,-36],[6,-13],[-5,-43],[7,-41],[-11,-33],[66,-2],[72,-19],[34,4],[8,-33],[21,-17],[-25,-71],[10,-9],[-1,-32],[43,17],[58,2],[45,-8],[57,0],[53,-24],[6,-35],[15,-26],[2,-49],[-21,-27],[-22,-7],[-16,-23],[-4,-38],[-11,-21],[-24,-7],[-73,3],[-13,-37],[48,-67],[31,-23],[7,-85],[-5,-51],[28,-13],[8,-39],[23,2],[18,-17],[-4,-59],[-23,-41],[-10,-5],[-2,-47],[-16,-22],[27,-4],[17,-33],[16,-6],[3,-26],[28,-45],[1,-30],[25,-38],[-2,-29],[5,-76],[18,-37],[-2,-44],[-8,-32],[29,-63],[18,8],[20,-26],[3,-75],[85,-1],[12,-23],[35,-6],[63,-3],[18,-25],[-3,-22],[9,-46],[0,-32],[17,-30],[10,-39],[21,-2],[18,-15],[31,-10],[32,2],[20,-23],[5,-42],[45,-20],[20,-37],[37,-24],[32,0],[52,-10],[31,-16],[4,-52],[106,-25],[73,-26],[13,-27],[-12,-39],[-26,-2],[-4,-18],[-34,-15],[-11,-31],[12,-4],[24,-39],[28,6],[32,-9],[17,25],[35,-4],[30,13],[11,-22],[37,7],[25,-37],[18,-8],[64,-10],[8,-12],[29,7],[41,-7],[21,16],[24,-39],[28,-23],[28,3],[44,-42],[1,-42],[11,-33],[18,3],[55,-11],[8,-24],[3,-42],[50,15],[19,-30],[0,-25],[27,-28],[45,-24],[93,-37],[-36,-66],[-9,-36],[18,-29],[32,-8],[43,-36],[53,-5],[-1,-25],[-14,-54],[70,-7],[8,-14],[-1,-54],[7,-16],[66,-59],[-2,-31],[-36,-15],[-29,0],[-36,15],[14,44],[3,34],[-30,5],[-69,-4],[-32,8],[-20,-11],[-31,-47],[-32,9],[-10,-14],[-19,-86],[-25,6],[-51,1],[-32,-36],[-18,3],[-55,-24],[-25,-65],[43,-7],[47,-17],[25,9],[38,-6],[-2,-16],[20,-25],[-22,-39],[-25,-21],[60,-15],[22,36],[28,4],[9,30],[21,20],[24,41],[47,-24],[13,-15],[-24,-36],[-28,-30],[-28,-5],[5,-35],[-8,-38],[-63,8],[-15,7],[-56,-12],[-20,-51],[82,-24],[-4,-20],[-24,-17],[-32,9],[-37,-1],[-4,-52],[6,-8],[63,-10],[30,-11],[-20,-23],[-23,-10],[-14,-36],[17,-11],[-35,-61],[-50,18],[-22,32],[-50,-31],[-14,-29],[23,-22],[-17,-14],[27,-18],[23,6],[64,-2],[66,-33],[-41,-35],[31,-37],[-23,-29],[6,-27],[-24,-16],[-3,-29],[53,-34],[60,-24],[17,24],[91,-14],[16,13],[23,-20],[44,43],[49,-15],[36,3],[8,53],[72,-24],[49,-8],[15,-24],[26,-15],[-11,-48],[73,-16],[63,-48],[0,-18],[31,-7],[38,38],[24,40],[34,-16],[27,1],[27,54],[-55,23],[11,21],[-63,43],[2,59],[20,2],[4,49],[-56,21],[-57,14],[-2,24],[21,63],[11,0],[18,73],[1,33],[14,12],[-79,26],[12,31],[-32,14],[9,37],[32,30],[13,30],[26,16],[54,-20],[22,42],[39,-5],[6,29],[-44,8],[-7,-28],[-14,2],[-67,52],[6,28],[34,8],[68,-2],[-3,-12],[66,-13],[34,4],[17,49],[61,10],[78,-35],[2,-18],[32,-7],[-9,-49],[4,-28],[23,-11],[74,-22],[28,9],[46,39],[19,37],[29,85],[-44,13],[-36,18],[-13,35],[-35,4],[-60,30],[27,34],[32,-1],[61,-17],[48,38],[32,35],[-17,9],[-74,20],[-11,30],[-51,25],[-17,-15],[-43,11],[20,19],[-7,17],[-61,13],[-3,24],[24,-3],[9,29],[44,-11],[8,11],[84,-29],[41,-1],[47,-29],[-5,-58],[34,-22],[51,-12],[32,5],[31,34],[34,-7],[74,-6],[16,25],[77,-4],[22,14],[36,-11],[-13,-44],[35,-14],[33,-3],[-16,-33],[50,-4],[-9,-61],[-62,0],[-17,26],[-42,3],[-20,-9],[-20,-50],[-14,-7],[66,-33],[40,-4],[76,-58],[-22,-23],[-44,0],[-24,13],[-46,5],[-23,-54],[20,-5],[67,0],[59,8],[17,-39],[26,-5],[32,8],[34,26],[49,-20],[-15,-35],[19,-42],[-14,-28],[6,-9],[-5,-49],[-18,-17],[8,-39],[22,-13],[54,7],[10,40],[54,3],[12,43],[21,20],[40,5],[15,14],[122,-5],[63,19],[30,19],[-9,39],[-15,21],[-23,9],[15,27],[-24,62],[13,46],[6,45],[21,6],[82,-11],[-8,12],[45,68],[16,-15],[31,59],[14,8],[93,-22],[37,50],[28,21],[47,5],[25,22],[38,-8],[19,40],[-18,31],[2,35],[-11,12],[16,24],[37,-17],[17,23],[-28,13],[1,27],[12,18],[19,-7],[58,1],[24,36],[35,5],[90,-12],[-13,-37],[68,-6],[38,-19],[-12,-19],[-21,0],[1,-32],[33,-8],[3,-16],[27,-22],[28,-8],[43,-47],[65,-15],[-10,-20],[34,-1],[43,-12],[-13,-29],[-17,-63],[-1,-36],[-12,-40],[0,-33],[-12,-14],[-2,-35],[-18,-14],[-30,-48],[-6,-72],[-14,-69],[-11,-27],[9,-36],[-1,-68],[-8,-27],[-2,-41],[5,-60],[60,-11],[5,-76],[-45,1],[-1,-57],[20,-84],[-3,-36],[-22,-45],[-71,19],[-17,-65],[31,-36],[-26,-26],[7,-25],[-38,-44],[-7,-93],[-5,-30],[-22,-16],[6,-51],[36,-2],[48,-25],[19,-32],[-28,-6],[-26,-15],[-49,26],[-10,-22],[50,-28],[-26,-29],[42,-31],[-14,-21],[31,-30],[34,28],[25,-11],[32,53],[36,-19],[19,-17],[71,-31],[10,84],[10,16],[19,90],[33,85],[39,-17],[28,46],[48,-2],[9,11],[28,-17],[19,-27],[-6,-12],[38,-17],[88,39],[-25,43],[6,21],[-19,31],[-15,1],[-36,-21],[-12,11],[5,21],[-33,13],[-41,23],[-31,-8],[19,59],[24,50],[18,3],[1,29],[65,-32],[37,7],[22,-32],[93,-60],[46,23],[43,-21],[-9,-27],[11,-10],[29,35],[42,-3],[17,26],[2,33],[-17,18],[6,24],[34,-7],[39,12],[34,-27],[-14,-21],[-23,7],[-18,-33],[-15,-11],[27,-18],[21,4],[52,40],[-24,34],[35,43],[17,-28],[22,-19],[1,-24],[27,-12],[18,5],[40,-21],[-14,-22],[29,-5],[33,19],[41,46],[15,34],[51,-46]],[[44314,36419],[14,-24],[21,-54],[27,-4],[-28,-37],[-44,-30],[-44,-40],[-40,-26],[-26,3],[-22,22],[-12,23],[-44,2],[-40,-10],[-84,16],[-24,19],[-28,74],[-35,5],[-35,-22],[-31,-42],[-61,4],[-29,-16],[-10,-29],[-38,-3],[-70,-37],[18,-46],[1,-27],[13,-35],[-14,-44],[-17,-28],[39,0],[27,-13],[-25,-25],[9,-16],[33,-11],[8,-12],[-5,-65],[-37,7],[-51,-23],[-66,7],[-17,-5],[-37,-36],[0,-20],[19,-49],[95,-19],[33,15],[87,-3],[18,6],[35,-4],[32,5],[70,-7],[18,-6],[25,-36],[21,-14],[21,-34],[32,-26],[15,-46],[14,-6],[23,-41],[4,-47],[18,-7],[93,-2],[112,-15],[38,-31],[27,-4],[62,58],[24,17],[48,-36],[7,-38],[15,-32],[-9,-21],[59,-14],[-38,-68],[93,0],[-11,-48],[36,-29],[35,-16],[32,-5],[4,45],[27,-19],[115,-29],[42,-31],[37,-18],[98,-16],[55,-17],[18,-32],[13,-79],[-21,-18],[-37,-75],[-58,-60],[-34,-16],[-15,-20],[-20,9],[-77,19],[-4,-9],[-37,-9],[-40,4],[-37,14],[-71,-3],[-12,-36],[-21,-39],[-14,-48],[10,-30],[-6,-26],[21,-40],[13,-12],[-5,-21],[-35,-33],[-16,-25],[-86,-7],[-63,-14],[-62,-3],[-65,-13],[-37,-13],[-57,22],[-25,-9],[-23,-42],[-37,-45],[-22,-10],[-61,14],[-51,-13],[-55,19],[-21,13],[-53,12],[-74,53],[-69,-1],[-7,-30],[14,-39],[-7,-28],[26,-23],[-10,-57],[2,-27],[-26,-13],[-40,2],[-40,16],[-46,5],[-6,-36],[2,-49],[-30,-26],[-4,-23],[17,-20],[10,-30],[-4,-31],[-23,-39],[1,-19],[26,-12],[-16,-15],[-23,-40],[-27,-33],[-40,-25],[-19,25],[-37,17],[-63,8],[-36,18],[-67,15],[-52,4],[-48,20],[-15,17],[-33,0],[-127,20],[-16,-32],[-42,-5],[-55,-17],[-36,2],[-20,11],[24,60],[38,18],[8,20],[-50,29],[-47,20],[11,25],[-29,16],[-30,5],[-29,-6],[-9,12],[-35,11],[-18,22],[-73,38],[-54,-64],[-50,-8],[-26,-23],[-48,-18],[-47,10],[-4,-43],[-25,-35],[-5,-21],[20,-14],[-15,-63],[-27,-20],[-23,-38],[-16,3],[-50,-5],[-22,-67],[-40,15],[-50,10],[-23,57],[-50,61],[6,62],[-33,-2],[-19,-32],[-56,-35],[-5,-14],[17,-15],[10,-25],[16,-8],[-9,-20],[0,-35],[40,-34],[-2,-32],[-65,-22],[-41,-68],[-32,-24],[17,-18],[58,-21],[65,-18],[40,-5],[104,-25],[60,-31],[19,-23],[31,-21],[39,-16],[17,94],[13,5],[61,-20],[20,-11],[29,44],[36,-13],[43,-29],[76,-39],[14,-26],[45,-17],[16,-17],[-49,-53],[24,-10],[4,-50],[-65,-20],[-29,-29],[10,-25],[-3,-42],[-25,-54],[9,-19],[40,-12],[25,-34],[32,-32],[39,-18],[8,-14],[-36,-4],[-36,-33],[-33,-17],[-23,-30],[-64,23],[-85,-2],[-76,14],[-35,16],[-25,24],[-76,15],[-2,28],[8,41],[-83,47],[-24,22],[-21,3],[4,29],[-9,10],[-41,6],[-102,38],[-22,-6],[13,-22],[-6,-14],[92,-5],[-12,-56],[-16,5],[-47,-37],[-24,-12],[-17,38],[16,22],[-17,8],[2,43],[-84,22],[-29,2],[10,48],[-76,18],[11,68],[-4,20],[-28,30],[-13,4],[8,33],[-3,47],[11,24],[-39,18],[6,66],[-45,10],[-11,14],[14,46],[-37,40],[-44,-10],[-20,-22],[-30,12],[-53,4],[-40,40],[-20,-21],[-26,3],[-45,27],[-8,31],[15,39],[-26,19],[-15,-36],[2,-22],[-18,-21],[-28,-11],[-31,0],[-8,-37],[-49,4],[-24,-21],[-21,-32],[-33,6],[-34,-4],[0,-11],[-40,-2],[-17,10],[-29,1],[-5,-52],[-8,-22],[-23,6],[-100,4],[7,-24],[-17,-14],[-14,-41],[12,-19],[-5,-18],[-20,-23],[-17,-40],[-43,2],[-33,-9],[-17,-73],[-28,-42],[-10,-42],[9,-18],[45,-25],[41,-7],[61,4],[-2,-46],[5,-19],[39,-27],[37,-15],[9,-14],[-10,-27],[3,-22],[-14,-51],[-31,-45],[-14,-31],[5,-61],[-55,-48],[-28,-51],[-21,-12],[-55,-7],[-42,-30],[-56,-114],[-50,-67],[-51,-30],[-60,-15],[-61,4],[-22,9],[-47,46],[-8,18],[-22,108],[-27,32],[-63,25],[-24,4],[-25,-9],[-56,-31],[-35,-7],[-19,9],[-49,57],[-14,38],[-33,24],[-39,0],[-96,-38],[-52,-77],[-22,-18],[-25,-4],[-57,8],[-46,10],[-79,-26],[-48,-55],[-45,-29],[-46,7],[-60,30],[-17,3],[-23,-11],[-26,-35],[-30,-31],[-54,-24],[-61,-34],[-31,-6],[-33,3],[-44,14],[-56,-8],[-27,-28],[-25,-8],[-65,5],[-43,-13],[-23,-17],[-12,-26],[-13,-53],[-49,-35],[-74,-1],[-65,10],[-75,-12],[-37,10],[-27,-1],[-36,-18],[-63,-8],[-43,-36],[-27,-7],[-35,2],[-53,17],[-17,-3],[-16,-22],[-4,-30],[-21,-60],[-60,-27],[-27,-44],[-16,-85],[8,-23],[55,-59],[-4,-7],[-46,-12],[-23,-22],[-6,-74],[-6,-148],[14,-21],[-6,-58],[13,-22],[67,-45],[0,-37],[-10,-31],[-2,-106],[-16,-31],[-8,-89],[-9,-40],[-18,-27],[-31,-18],[-125,-36],[-44,-2],[-43,19],[-70,53],[-32,-1],[-37,-25],[-28,2],[-45,21],[-34,-10],[-54,30],[-92,18],[-69,-6],[-77,-95],[-47,0],[-42,-7],[-39,-18],[-39,-8],[-90,-42],[-21,-18],[-1,-27],[20,-35],[20,-59],[23,-23],[4,-28],[-10,-30],[3,-52],[-15,-19],[-40,-17],[-33,-29],[-24,-5],[-11,54],[-23,55],[-10,59],[-25,33],[-49,11],[-69,-12],[-4,-35],[16,-52],[11,-57],[1,-63],[-16,-40],[-30,-30],[-15,-25],[-26,-27],[-54,-29],[-13,-26],[-38,-25],[-66,-16],[-51,-2],[-35,-24],[-18,-1],[-41,39],[-62,21],[-20,2],[-62,26],[-30,36],[-15,29],[-43,45],[-17,12],[-1,23],[-42,18],[-36,11],[-59,-2],[-25,-8],[-22,-22],[-13,-29],[-76,-55],[-63,-32],[-33,4],[-70,33],[-78,20],[-67,24],[-45,6],[-23,8],[-61,9],[-18,-9],[-95,10],[-18,-6],[-21,-23],[-39,-3],[-39,-38],[-28,-22],[-61,2],[-32,-12],[-40,-23],[-14,-22],[-2,-43],[-19,-13],[-32,-8],[-37,7],[-50,33],[-39,13],[-26,0],[-17,-18],[-6,-28],[15,-46],[-6,-26],[-19,-31],[-4,-33],[6,-17],[-4,-36],[5,-43],[-11,-28],[-27,-17],[-54,-22],[-81,-16],[-54,-19],[-26,-32],[35,-30],[-10,-25],[-35,-30],[-4,-59],[-32,-12],[-103,1],[-19,-14],[12,-15],[2,-31],[-111,2],[-9,-4],[-53,16],[5,14],[-35,7],[-11,10],[0,38],[-53,15],[1,27],[-32,1],[-6,97],[-45,10],[-22,-16],[-36,-87],[-21,-37],[-40,5],[-74,56],[-90,5],[-35,-6],[-86,34],[-79,41],[-41,-2],[-28,-26],[-32,-42],[-32,-9],[-47,10],[-35,-15],[-81,-20],[-36,7],[-36,-1],[-44,31],[-75,-1],[-24,7],[-31,21],[-32,7],[-32,-4],[-62,-36],[-34,-1],[-29,6],[-63,3],[-68,31],[-43,45],[-41,28],[-14,0],[-35,-17],[-30,1],[-27,18],[-112,3],[-52,15],[-69,10]],[[32130,30247],[13,61],[8,72],[-11,1],[-23,43],[7,62],[8,29],[-33,11],[0,23],[-36,62],[10,35],[20,37],[14,66],[-44,27],[24,63],[27,10],[-6,15],[-28,23],[-31,-4],[6,51],[-3,83],[-15,9],[20,78],[24,37],[2,66],[10,19],[42,-5],[-2,28],[-37,1],[-29,-12],[-9,7],[2,49],[-10,37],[38,20],[13,20],[-1,27],[58,8],[38,-21],[19,-3],[8,48],[15,21],[61,33],[19,5],[45,-39],[54,4],[-15,16],[-4,23],[12,41],[-19,29],[-6,23],[24,23],[-5,14],[-70,-11],[-67,30],[-26,24],[-21,2],[-30,22],[-29,39],[-28,-4],[-66,21],[-18,12],[-67,-9],[-106,-7],[-24,-27],[-32,-18],[-41,4],[-33,13],[-76,46],[-20,1],[-58,-10],[-21,3],[-45,34],[-23,8],[-43,3],[-45,15],[-20,16],[-34,7],[-40,51],[-25,20],[-24,71],[-60,38],[-29,30],[13,11],[83,-11],[28,1],[74,13],[19,42],[-2,22],[74,-13],[10,-18],[20,-3],[86,10],[49,-1],[4,53],[9,17],[29,19],[33,2],[27,16],[18,1],[43,-13],[5,18],[3,86],[-53,7],[-12,15],[-9,30],[21,23],[28,-3],[12,-11],[29,5],[24,33],[30,27],[73,-7],[12,19],[-8,21],[20,24],[-1,18],[-33,3],[-16,18],[6,19],[31,22],[21,37],[14,40],[-41,7],[-21,-24],[-42,-25],[-56,56],[-29,7],[-1,34],[32,-2],[22,10],[27,-4],[17,31],[56,-10],[20,38],[-1,46],[15,49],[-43,8],[-14,-10],[-34,16],[-28,-30],[-20,18],[-21,37],[21,27],[25,70],[9,15],[-18,38],[-1,31],[12,10],[66,-17],[48,0],[7,24],[-8,46],[-28,11],[-10,22],[0,32],[-19,20],[22,74],[-14,79],[2,34],[-16,1],[9,29],[-7,20],[5,31],[-13,15],[53,17],[-1,29],[-17,6],[13,39],[-11,9],[4,48],[21,-6],[31,44],[5,50],[-13,29],[26,29],[16,1],[22,19],[15,1],[-5,32],[-19,26],[5,51],[-30,17],[5,13],[-21,27],[-14,42],[10,11],[-53,37],[-12,23],[6,45],[-31,12],[-33,22],[-33,-10],[-101,31],[-9,28],[-66,23],[-23,1],[1,41],[-38,6],[-15,31],[14,18],[18,43],[-8,14],[22,34],[63,-3],[6,38],[19,22],[-40,2],[-24,10],[-10,15],[85,47],[52,3],[8,44],[12,17],[31,12],[32,37],[21,-1],[26,35],[-14,21],[-56,14],[9,31],[24,21],[16,33],[1,33],[11,11],[5,44],[-19,28],[7,70],[44,-7],[32,-11],[1,-25],[26,-20],[15,13],[50,-5],[44,10],[30,14],[26,34],[3,17],[-24,6],[-3,22],[41,47],[-6,18],[-18,0],[-55,20],[-4,55],[67,38],[16,4],[53,-22],[30,2],[46,-22],[4,83],[27,-6],[68,-35],[35,7],[2,87],[79,4],[24,16],[15,69],[13,-18],[-4,-36],[62,-16],[22,1],[40,-10],[-2,45],[13,22],[1,20],[-11,31],[-19,-10],[-50,12],[-23,37],[-57,-2],[-28,11],[-31,-7],[-54,37],[-56,6],[5,57],[-11,35],[-20,-15],[-21,0],[-107,-27],[-18,42],[-27,36],[-30,0],[-41,-53],[-4,-23],[-29,-33],[-24,17],[2,29],[-10,5],[-11,35],[-55,-5],[-55,46],[-61,12],[-2,26],[9,14],[-5,42],[14,0],[8,46],[16,36],[-26,56],[3,27],[20,52],[-8,65],[41,23],[73,20],[25,3],[13,22],[42,3],[42,32],[86,8],[7,26],[25,3],[27,35],[15,4],[-8,58],[-22,-11],[-40,12],[-7,15],[-67,33],[-48,2],[-11,19],[20,52],[49,45],[-6,30],[16,9],[49,-2],[8,-30],[17,2],[23,61],[23,23],[6,20],[3,53],[45,31],[38,-16],[15,2],[5,26],[-15,2],[-34,41],[1,49],[47,-15],[18,12],[47,-12],[7,39],[2,54],[-10,24],[14,20],[33,4],[15,20],[43,-9],[1,33],[20,32],[-26,34],[13,48],[-15,16],[-25,-9],[-42,0],[-28,32],[-43,13],[3,20],[-21,11],[-29,-27],[-22,6],[-12,49],[-77,26],[-24,-1],[-6,49],[-15,18],[3,30],[29,-6],[9,28],[34,20],[22,0],[72,29],[15,63],[-9,53],[-14,28],[-2,24],[9,60],[-43,11],[-33,57],[-14,52],[-24,10],[7,29],[32,-9],[20,41],[16,19],[-18,27],[1,14],[-25,24],[2,18],[19,36],[18,20],[35,11],[21,40],[15,13],[-80,14],[-40,23],[-30,-25],[-34,23]],[[34577,19806],[27,25],[23,66],[3,45],[14,34],[6,55],[-4,93],[3,11],[46,6],[21,15],[35,-25],[104,-2],[10,29],[-6,30],[59,-3],[4,17],[20,18],[-21,9],[-9,-14],[-26,3],[9,29],[18,25],[35,4],[23,36],[11,71],[10,10],[26,-6],[61,-76],[25,-8],[11,-15],[29,6],[5,28],[35,-26],[11,-20],[56,-4],[17,8],[18,30],[23,-6],[-6,-29],[18,-15],[-6,-20],[29,-16],[28,-32],[14,5],[4,34],[-3,37],[-40,34],[-15,22],[-16,2],[-33,35],[-33,10],[-19,-29],[-16,-1],[-20,68],[5,16],[23,-2],[4,23],[26,9],[25,23],[-14,17],[10,38],[59,-14],[50,-6],[4,25],[22,29],[-39,46],[4,47],[-11,20],[3,58],[41,1],[14,36],[30,-7],[38,29],[54,2],[5,19],[-24,38],[6,45],[34,11],[43,44],[-35,18],[-14,16],[-7,35],[32,12],[18,24],[42,0],[16,24],[-25,16],[31,36],[62,-8],[2,12],[29,21],[-4,49],[-33,17],[-36,-11],[-21,4],[1,34],[36,-4],[25,9],[11,34],[18,-1],[7,21],[-41,10],[13,88],[33,23],[17,23],[9,32],[-1,31],[-29,-1],[-8,18],[4,31],[-21,27],[-22,13],[0,-39],[-19,-31],[-20,-10],[-28,16],[-20,0],[-10,-51],[-34,-14],[-23,29],[0,19],[-22,8],[2,17],[-29,2],[-30,25],[-59,9],[15,43],[-1,22],[-22,5],[-23,-9],[-12,-16],[-31,-4],[-17,-12],[-29,-7],[-14,45],[1,22],[-42,10],[-21,-10],[-10,-26],[-61,-16],[-6,17],[-24,15],[-17,21],[-35,1],[21,38],[34,-32],[48,12],[4,27],[-52,17],[6,12],[-59,29],[-43,-5],[14,38],[33,34],[10,44],[-3,73],[-12,17],[-5,65],[-10,27],[6,33],[-13,25],[27,41],[-3,69],[-12,20],[31,21],[-4,32],[41,53],[-2,37],[44,81],[-16,5],[1,29],[-30,13],[-28,3],[-118,-17],[-14,12],[-70,14],[-37,-11],[-49,-6],[-107,-7],[-35,-9],[-31,18],[-22,24],[-32,0],[3,-19],[-19,-16],[-45,14],[-12,-33],[-34,-41],[-34,-13],[-11,34],[2,49],[30,30],[16,30],[2,67],[-52,7],[-48,0],[-27,20],[7,57],[-47,14],[-34,-4],[-39,8],[-29,-12],[-38,5],[-41,-21],[-11,-27],[-41,1],[-1,27],[10,26],[-41,30],[-2,17],[-36,10],[24,37],[-13,10],[-2,23],[17,2],[40,-20],[42,-3],[51,5],[5,35],[21,40],[-30,30],[-21,34],[-49,24],[29,53],[47,17],[44,82],[-13,34],[-27,29],[0,15],[36,66],[-11,23],[5,21],[-24,22],[-6,36],[-56,-2],[-15,8],[-38,-7],[-10,24],[-3,37],[-51,18],[-7,14],[-45,17],[7,-51],[-3,-29],[-13,-32],[-17,-6],[-32,13],[-34,-1],[-18,6],[-17,21],[-38,3],[-29,-14],[-16,-48],[-30,-53],[-8,-27],[-22,-3],[-47,6],[-10,85],[-14,47],[0,52],[11,12],[51,14],[59,10],[-7,85],[-7,14],[25,92],[-17,7],[-52,9],[-19,-30],[-6,-35],[-47,-17],[-34,-59],[-33,-40],[-30,5],[-43,31],[-19,1],[-14,31],[11,15],[-11,35],[-92,-17],[-47,7],[-58,-6],[-38,28],[-42,-46],[-3,-54],[20,-47],[40,-10],[15,-54],[-27,-22],[32,-15],[-32,-16],[-18,0],[-19,-15],[-16,-37],[-12,5],[-58,-6],[-32,-16],[7,-31],[16,-12],[0,-25],[-25,-14],[-60,-6],[-55,-22],[-24,6],[-31,-16],[-8,-17],[-34,-7],[10,-21],[-12,-32],[12,-51],[-8,-42],[-17,-40],[-22,-9],[-18,95],[-28,3],[-69,-34],[23,62],[-5,25],[-35,-10],[-32,5],[-31,-4],[-15,-16],[-88,-36],[-13,-21],[5,-23],[37,-3],[43,-24],[-2,-15],[-59,-23],[-37,55],[-60,-12],[-31,-49],[-33,16],[-19,0],[-23,-40],[-20,-10],[-21,48],[-12,10],[-5,38],[-25,12],[-52,-9],[-11,-28],[31,-24],[19,-22],[-10,-85],[-19,-39],[-24,-3],[-5,13],[-25,4],[6,52],[-99,5],[9,-49],[15,-33],[-15,-10],[-46,-2],[-65,-13],[3,28],[-11,18],[-10,49],[52,0],[-6,39],[6,46],[18,70],[-18,2],[-3,32],[-13,40],[3,26],[-17,1],[15,47],[-17,16],[-36,11],[-16,-15],[-12,-32],[-49,7],[20,26],[-39,12],[36,73],[-3,28],[-38,-5],[-65,5],[-26,-6],[-33,5],[6,21],[-22,17],[-42,6],[-31,-28],[-26,-15],[-30,-28],[-39,2],[-13,46],[0,29],[-17,24],[-44,-4],[-30,-15],[-16,-30],[-34,9],[-50,-13],[-30,-2],[-2,17],[10,38],[-39,18],[3,16],[-13,32],[10,17],[2,42],[-40,0],[-20,7],[-2,-37],[-18,-30],[-17,-50],[-15,2],[5,51],[-22,-14],[-34,-55],[-65,23],[13,19],[3,63],[16,56],[-9,7],[-12,37],[-50,-15],[-27,-46],[0,-25],[23,-31],[0,-30],[9,-31],[-10,-22],[-71,13],[-40,-39],[-27,0],[14,-34],[44,0],[37,-6],[-8,-34],[41,-3],[11,-12],[-4,-28],[-17,-14],[1,-61],[18,-25],[36,-30],[-20,-65],[-51,7],[-23,7],[-35,-4],[-14,-22],[-55,12],[-10,8],[-40,11],[-53,-2],[-17,-16],[-6,-44],[6,-21],[-71,4],[-25,30],[2,25],[-23,15],[-27,42],[-64,5],[-2,-36],[-23,-40],[5,-25],[-8,-34],[-66,31],[5,24],[-14,17],[-5,35],[-26,66],[13,13],[9,32],[-7,28],[-45,15],[5,31],[17,7],[25,29],[7,37],[49,10],[26,27],[-4,37],[18,4],[-7,39],[24,38],[-1,22],[36,9],[47,4],[-11,27],[-9,62],[-15,11],[-44,10],[-34,49],[-27,5],[-43,21],[7,40],[15,48],[-32,15],[-28,24],[-59,34],[-53,12],[-21,27],[2,19],[-31,12],[-9,70],[66,-1],[23,11],[45,3],[16,24],[-10,60],[-48,27],[-38,2],[17,23],[-8,26],[-23,45],[-26,12],[-3,15],[-37,27],[-25,-27],[-16,0],[-27,16],[-53,6],[12,90],[6,16],[43,2],[43,-13],[7,17],[70,13],[8,43],[-6,31],[15,8],[34,-34],[11,-21],[23,3],[48,-12],[60,7],[22,10],[70,-31],[-19,-58],[-1,-85],[19,-4],[-13,-23],[7,-35],[-32,-41],[52,-39],[-3,-30],[-12,-43],[21,-30],[34,0],[93,-16],[25,4],[-3,-33],[68,-3],[24,9],[86,6],[15,-10],[15,-69],[19,-32],[-3,-31],[35,-11],[74,2],[-7,36],[58,-2],[59,-10],[50,17],[87,-6],[8,17],[29,16],[15,23],[32,18],[25,1],[7,-28],[-15,-49],[24,6],[35,23],[21,5],[28,35],[53,-7],[-2,-12],[21,-36],[31,-36],[-4,-21],[87,-24],[-31,-73],[6,-19],[-15,-16],[75,-18],[-12,-8],[-26,-44],[-17,-20],[-25,-49],[17,-8],[5,-31],[53,-3],[59,10],[36,0],[8,-31],[-5,-29],[23,4],[18,23],[34,10],[26,22],[23,30],[0,15],[-65,15],[-4,41],[-9,29],[63,-1],[16,8],[8,26],[-9,32],[10,34],[-13,16],[-19,-4],[-9,23],[-53,-7],[-50,-1],[-48,-24],[-7,45],[21,37],[15,51],[-18,-2],[-90,22],[-89,26],[8,42],[20,56],[66,6],[13,36],[34,13],[14,23],[12,46],[22,2],[33,36],[12,35],[-12,18],[-23,4],[-62,-26],[-37,-12],[-49,-38],[14,55],[1,35],[17,-3],[76,19],[15,27],[6,30],[14,22],[19,3],[-4,45],[53,-2],[24,9],[48,-19],[53,5],[38,-7],[34,5],[4,-22],[43,-1],[66,-17],[12,-8],[24,53],[13,12],[9,31],[-42,25],[-12,36],[7,19],[-30,46],[7,41],[16,47],[9,42],[-19,50],[-19,-3],[-19,12],[-14,30],[-14,5],[-44,-30],[-34,-11],[-27,9],[-10,42],[5,37],[-2,36],[-28,-4],[-22,-11],[-11,37],[-55,41],[-19,4],[-42,-4],[-52,-46],[-7,-50],[3,-20],[16,-8],[9,-21],[5,-36],[9,-14],[-2,-26],[36,-12],[21,3],[15,-52],[0,-63],[27,-20],[2,-55],[-60,-20],[-28,-14],[-18,4],[-14,26],[4,43],[-23,23],[-62,20],[6,46],[8,14],[-5,59],[6,19],[-84,3],[-31,10],[-54,2],[-30,10],[-55,-7],[-22,15],[17,42],[3,22],[-1,72],[-6,43],[-33,-9],[-26,-18],[-40,-6],[-13,-26],[-27,-16],[-41,2],[-18,10],[-52,-8],[-54,8],[-46,38],[-23,9],[-27,0],[-9,22],[-32,0],[-13,-9],[-50,2],[-9,-56],[-22,-58],[-49,-44],[0,-59],[-17,-18],[5,-23],[29,4],[-17,-27],[10,-33],[-9,-23],[3,-37],[-6,-11],[-48,-20],[-67,-10],[-16,29],[-27,17],[-23,5],[-5,22],[-27,31],[-56,4],[-19,-15],[-35,-4],[-49,-17],[-26,17],[-22,2],[-21,19],[-54,-13],[-37,4],[-24,-9],[-40,9],[-19,57],[-33,39],[11,18],[31,4],[35,19],[32,27],[-38,62],[-63,4],[-66,28],[-15,-1],[-38,61],[-26,21],[0,159],[48,7],[20,20],[38,55],[73,-47],[19,-22],[17,45],[-5,41],[-1,88],[48,-6],[28,37],[24,53],[-2,25],[-84,4],[-32,8],[-68,5],[-68,-5],[-39,-20],[-17,-20],[-56,-10],[-23,72],[-19,46],[-22,9],[-30,26],[-20,6],[-6,23],[-36,-6],[-33,15],[-22,-2],[-3,21],[-24,36],[-23,19],[-12,44],[-13,33],[-13,51],[-52,30],[6,53],[19,69],[7,121],[6,24],[34,42],[1,41],[56,111],[-30,31],[-16,29],[-1,40],[-22,45],[69,-1],[50,6],[5,19],[46,-1],[14,-7],[3,65],[48,-6],[10,31],[-29,13],[-2,40],[-8,12],[37,16],[2,44],[9,43],[-11,0],[-5,59],[-24,1],[7,29],[56,-1],[10,61],[2,42],[8,35],[-12,66],[4,40],[-87,-11],[-46,-33],[-35,43],[-75,-1],[-63,21],[-36,-2],[-22,49],[40,4],[9,7],[13,38],[31,15],[7,38],[-15,23],[0,31],[-18,19],[-23,54],[6,43],[23,17],[13,34],[22,0],[16,22],[17,2],[33,-28],[41,-21],[42,-3],[34,-26],[53,-31],[27,-29],[29,-58],[-3,-17],[57,21],[46,-14],[38,10],[13,-14],[36,-6],[57,3],[56,-41],[66,-9],[3,37],[44,13],[17,11],[109,-8],[46,6],[4,-26],[-22,-51],[85,-16],[46,4],[7,81],[21,-4],[10,22],[65,-7],[8,41],[15,-2],[4,27],[26,60],[6,94],[41,13],[27,23],[21,37],[4,58],[-66,10],[-11,16],[20,34],[76,-4],[7,36],[14,10],[-10,56],[-14,42],[-9,0],[-16,45],[-36,31],[-65,9],[4,45],[34,2],[26,53],[41,-1],[40,5],[-2,34],[-26,-3],[-26,25],[-1,56],[-62,1],[-51,9],[0,60],[-5,40],[-13,26],[-40,0],[-92,-25],[-36,7],[7,42],[-23,27],[-49,22],[-12,32],[0,18],[21,41],[-1,22],[-26,23],[-28,13],[-8,22],[21,51],[-11,41],[-15,14],[-57,30],[-46,96],[-16,14],[-53,25],[-11,35],[2,33],[56,-14],[70,-6],[12,-8],[48,-5],[8,18],[0,126],[-17,111],[6,41],[15,46],[-4,23],[5,32],[-9,20],[1,25],[141,40],[39,42],[66,-42],[20,-29],[44,-22],[26,115],[-53,32],[-14,19],[-52,25],[-52,20],[13,12],[16,55],[-29,3],[3,37],[-69,8],[-35,1],[1,32],[-12,1],[7,53],[22,0],[22,99],[19,-4],[5,35],[-14,25],[6,60],[-8,27],[-53,1],[-20,7],[-20,-8],[-37,26],[35,78],[59,55],[14,18],[20,44],[26,36],[49,36],[61,34],[56,17],[63,14],[20,21],[55,21],[56,2],[32,17],[72,-5],[37,9],[62,-3],[46,25],[37,-14],[80,-20],[23,0],[38,12],[41,-17],[45,-9],[78,4],[62,-13],[42,-25],[62,16],[63,-7],[38,22],[26,-4],[70,-32],[36,-12],[34,2],[77,-7],[51,-21]],[[56863,40637],[-38,-53],[-25,-43],[-175,-218],[-36,-48],[-67,-68],[-96,-81],[-113,-107],[-58,-76],[-35,-71],[-5,-25],[-42,-42],[-17,-26],[-12,-43],[1,-25],[-11,-21],[-72,-63],[-60,-41],[-64,-58],[-23,-29],[-59,-58],[-55,-70],[-40,-74],[-2,-22],[-13,-22],[-178,-155],[-57,-57],[-40,-70],[4,-25],[-9,-30],[-39,-33],[-71,-55],[-67,-47],[-166,-131],[-80,-69],[-78,-76],[-86,-75],[-118,-113],[-46,-70],[-4,-24],[-22,-38],[9,-52],[-14,-22],[-74,-46],[-82,-43],[-21,-21],[-85,-39],[-123,-52],[-176,-93],[-50,-22],[-39,-21],[-62,-11],[-50,-14],[-45,-18],[-44,-25],[-13,-19],[-41,-27],[-43,-13],[-131,-48],[-76,-31],[-125,-57],[-152,-81],[-45,-27],[-65,-44],[-35,-20],[-33,-27],[-78,-55],[-68,-38],[-86,-63],[-59,-39],[-29,-33],[3,-36],[-12,-24],[-23,-19],[-24,-41],[-38,-30],[-3,-11],[-54,-28],[-22,-22],[-125,-74],[-51,-49],[-7,-37],[-27,-24],[-14,-26],[-80,-50],[-29,-52],[19,-23],[-3,-41],[-18,-41],[-65,-51],[-19,-26],[-3,-29],[-41,-31],[-57,-32],[-21,-28],[1,-12],[-23,-27],[11,-34],[-34,-28],[-40,-16],[-67,-42],[-31,-25],[-8,-63],[-36,-30],[-7,-17],[-74,-36],[-2,-17],[-44,-23],[-25,-20],[-24,-37],[10,-28],[-54,-38],[-13,-21],[-58,-30],[-70,-29],[-26,-18],[4,-12],[-31,-20],[-124,-34],[-83,-29],[-36,-26],[-73,-19],[-155,-62],[-45,-26],[-21,-23],[-2,-21],[-34,-25],[1,-17],[-36,-16],[-109,-42],[-77,-42],[-114,-45],[-82,-36],[-26,-17],[-130,-47],[-39,-23],[-131,-53],[-173,-75],[-68,-35],[-11,-2],[-79,-42],[-154,-85],[-72,-44],[-67,-35],[-153,-91],[-176,-120],[-98,-72],[-87,-69],[-75,-64],[-82,-76],[-79,-78],[-122,-108],[-61,-59],[-58,-64],[-54,-85],[-14,-39],[-9,-46],[-12,-22],[-5,-29],[-22,-71],[12,-14],[-12,-19],[-27,-10],[-34,3],[-12,-25],[0,-85],[10,-5],[12,-56],[30,-5],[11,-42],[26,-10],[18,8],[1,19],[36,-5],[5,-14],[36,11],[21,-19],[8,-45],[12,-30],[23,23],[2,20],[37,16],[45,-22],[34,2],[12,15],[10,34],[-4,84],[6,65],[-15,79],[-23,53],[-45,29],[-15,30],[-32,32],[5,19],[45,-10],[36,-32],[22,-33],[13,-32],[7,-57],[16,-100],[-4,-65],[2,-42],[-11,-92],[-13,-88],[0,-32],[-33,-148],[-18,-72],[6,-66],[8,-38],[41,-16],[4,-21],[-32,-27],[-35,-40],[-43,-25],[-41,-50],[-2,-9],[21,-59],[14,-29],[10,-38],[-4,-60],[-18,-79],[-33,-14],[-10,-23],[8,-18],[-45,-20],[-35,-7],[-63,1],[-37,-6],[-41,-20],[-58,-18],[-128,-66],[-80,-38],[-166,-86],[-36,-11],[-188,-93],[-150,-79],[-63,-22],[-71,-38],[-46,-40],[-61,-12],[-40,0],[-81,-12],[-136,-37],[-107,-40],[-138,-70],[-113,-54],[-44,-17],[-15,-15],[-34,-14],[-49,-29],[-30,34],[-38,25],[-31,11],[-48,3],[-168,32],[-160,21],[-140,15],[-4,11],[-55,6],[-66,2],[-158,-12],[-96,-13],[-101,-22],[-27,-3],[-114,-37],[-85,-35],[-54,-25],[-94,-57],[-70,-48],[-52,-49],[-50,-54],[-54,-79],[-30,-53],[-23,-66],[8,-21],[-11,-31],[-13,-81],[-23,-104],[-28,-73],[-51,-94],[-78,-133],[-16,-47],[-6,-49],[18,-54],[-11,-27],[-19,-4],[-34,-28],[-51,-34],[-72,-67],[-47,-38],[-64,-60],[-72,-89],[-85,-76],[-35,-42],[-27,-77],[-5,-37],[24,-55],[24,3],[4,-30],[13,-23],[-19,-36],[-2,-22],[-31,-19],[-88,-44],[-39,-6],[0,-16],[-67,-32],[-22,-6],[-27,17],[-24,-9],[-167,-27],[-96,-14],[-44,0],[-50,21],[-20,26],[-4,47],[23,18],[-17,79],[-13,20],[-18,62],[-16,21],[-33,77],[-27,54],[31,-10],[9,-38],[33,-50],[2,31],[27,-11],[14,12],[-8,62],[-36,45],[-65,50],[-48,6],[-65,31],[-74,16],[-62,6],[-77,2],[-19,13],[-13,-17],[-93,-6],[-50,-11],[-102,-16],[-103,-26],[-105,-36],[-25,3],[-28,-21],[-17,-3],[-114,-40],[-143,-65],[-129,-66],[-165,-98],[-40,-30],[-81,-70],[-68,-65],[-82,-93],[-20,-37],[-68,-101],[-46,-95],[-37,-120],[-16,-87],[7,-45],[-36,-59],[-4,-22],[-32,-115],[-20,-40],[-80,-102],[-58,-60],[-73,-83],[-43,-56],[-35,-55],[-23,-44],[-16,-82],[-31,-50],[-28,-62],[-20,-81],[3,-37],[18,-57],[0,-60],[-20,-81],[-15,-36],[-30,-48],[-17,-40],[-33,-98],[-30,-134],[20,-234],[31,-162],[7,-48],[19,-73],[33,-76],[18,-63],[8,-48],[-1,-70],[7,-77],[13,-44],[6,-55],[17,-65],[45,-118],[78,-70],[28,-54],[30,-113],[40,-119],[23,-58],[13,-16],[30,-4],[20,-14],[23,-57],[-3,-30],[-28,-98],[-18,-94],[-6,-44],[-10,-167],[-7,-74],[-8,-159],[-18,-132],[-61,-132],[-19,-58],[-11,-53],[-5,-64],[-21,-51],[-11,-52],[-7,-70],[-2,-63],[1,-98],[8,-98],[14,-91],[10,-33],[14,-25],[4,-53],[16,-59],[23,-61],[9,-6],[47,-116],[43,-87],[52,-133],[70,-124],[30,-90],[40,-93],[25,-70],[27,-47],[5,-37],[-26,-55],[-20,-64],[-23,-124],[-7,-75],[3,-85],[19,-100],[11,-36],[87,-169]],[[82539,57698],[10,7],[434,8],[-11,-96],[5,-19],[-8,-26],[10,-36],[-9,-28],[36,-21],[22,-25],[-4,-16],[8,-70],[20,6],[17,-28],[31,-7],[28,-26],[24,12],[30,35],[9,41],[36,-9],[25,1],[5,23],[45,34],[28,-20],[34,29],[-11,16],[20,49],[16,19],[-1,16],[22,40],[-3,45],[13,35],[17,-1],[27,15],[32,2],[55,-10],[21,5],[37,-6],[21,16],[25,112],[-12,6],[12,80],[14,29],[-4,31],[10,7],[34,-2],[11,-15],[36,0],[8,23],[26,24],[7,17],[27,-6],[16,11],[34,4],[20,9],[6,31],[22,38],[32,41],[-3,14],[23,40],[-6,13],[38,68],[-3,14],[15,21],[49,99],[31,88],[16,23],[-7,14],[40,48],[27,-67],[85,-223],[15,-10],[3,-30],[23,-26],[31,-16],[8,-14],[33,-12],[-23,-47],[11,-32],[16,-7],[16,14],[33,4],[2,20],[54,43],[39,-13],[35,25],[20,-8],[12,-24],[20,-6],[26,37],[2,31],[52,-30],[15,-22],[25,-11],[18,28],[48,3],[14,-32],[30,16],[35,37],[42,-15],[11,-15],[26,6],[31,36]],[[84982,58230],[3,-19],[25,-16],[27,-29],[-22,-33],[11,-28],[-14,-38],[1,-41],[42,-18],[34,-3],[-22,-74],[-43,-74],[-44,-39],[1,-38],[13,-16],[-24,-25],[-3,-16],[17,-48],[39,-39],[-16,-22],[21,-24],[-23,-57],[-13,-9],[-38,1],[-4,-13],[28,-37],[-15,-33],[10,-37],[-24,-23],[-39,-23],[11,-35],[-29,-40],[-26,1],[-13,-23],[8,-19],[61,10],[66,-31],[7,-15],[49,-3],[35,-26],[51,-11],[29,8],[32,24],[29,8],[14,-40],[17,-26],[34,-27],[-1,-79],[8,-21],[51,42],[34,16],[25,35],[5,22],[23,22],[28,1],[45,-38],[15,1],[-8,-60],[19,-14],[65,8],[30,-10],[51,-7],[28,39],[9,32],[-12,26],[4,18],[61,-1],[41,-10],[37,-34],[-4,-45],[-31,-76],[21,-25],[43,22],[15,24],[28,12],[15,14],[55,18],[53,1],[27,-15]],[[86065,57032],[20,-20],[9,-23],[-14,-17],[25,-16],[3,-13],[-19,-22],[-4,-47],[16,-40],[-11,-32],[26,-31],[35,-27],[8,-48],[56,-51],[46,4],[28,-18],[5,-20],[-14,-106],[-12,-28],[-3,-26],[13,-22],[-10,-24],[-2,-34],[13,-24],[0,-51],[45,-43],[4,-48],[-18,-16],[-13,-61],[6,-19],[-15,-38],[13,-27],[28,-12],[8,-39],[17,-14],[-5,-41],[-11,-15],[12,-26],[33,-9],[5,-18],[27,-29],[26,-2],[-3,-29],[-45,-61],[-20,-62],[23,-25],[-12,-36],[1,-32],[21,-44],[7,-36],[-20,-17],[-1,-37],[-42,-30],[29,-78],[-12,-28],[-19,-24],[-1,-20],[-24,-24],[-14,1],[-11,-37],[-6,-70],[22,-19],[-18,-26],[6,-35],[-24,-16],[7,-24],[-5,-27],[7,-83],[10,-33],[27,-28],[-20,-22],[-6,-21],[-27,-7],[9,-33],[-115,-40],[8,-31],[15,-21],[28,-14],[8,-13],[-21,-21],[16,-28],[-27,-3],[17,-37],[-8,-27],[12,-13],[-10,-26],[4,-41],[26,-82],[20,-39],[-4,-15],[19,-27],[-28,-23],[-9,-26],[17,-16],[-11,-32],[13,-11],[-22,-31],[-7,-56],[-13,-46],[7,-16],[26,-3],[30,10],[-7,-35],[-29,-5],[-35,-32],[-13,-22],[-25,-1],[4,-25],[-8,-35],[-36,-34],[7,-51],[-17,-11],[10,-24],[-24,0],[-27,-40],[-3,-30],[-25,-32],[-22,-8],[2,-21],[-26,2],[-26,-23],[-14,-24],[-38,6],[-25,-15],[-17,23],[-31,-8],[-70,-7],[-15,12],[-28,4],[5,23],[-22,18],[-31,14],[9,16],[-22,22],[-2,25],[-51,24],[-20,-9],[-22,26],[-26,-18],[-23,-25],[-19,4],[-35,-13],[-3,29],[-43,4],[-44,-33],[5,-40],[-9,-22],[-8,-57],[15,-41],[16,-15],[30,-8],[-8,-22],[15,-29],[-26,-7],[5,-26],[15,-15],[-11,-25],[28,-28],[-5,-29],[13,-29],[22,-23],[27,-7],[5,-18],[-50,-6],[-24,17],[-22,-1],[-25,-38],[17,-32],[-28,-50],[-5,-29],[-21,-10],[-7,-63],[6,-11],[-23,-51],[-25,-7],[22,-23],[-19,-19],[-35,-20],[12,-50],[-8,-18],[22,-57],[-7,-14],[24,-32],[-2,-36],[-26,-48],[-1,-34],[-20,-20],[-5,-28],[22,-18],[14,-57],[-24,-2],[4,-30],[19,-19],[0,-15],[25,-13],[6,-39],[-12,-17],[9,-17],[25,-12],[17,-19],[22,-6],[-3,-21],[22,-11],[22,-71],[-9,-33],[-30,-14],[-24,-42],[-23,-10],[-20,-53],[0,-33],[11,-13],[-11,-27],[52,3],[14,-6],[-17,-47],[9,-28],[29,-27],[-1,-35],[-11,-47],[29,-47],[41,2],[39,-10],[17,-26],[34,-16],[0,-18],[25,-17],[-13,-29],[5,-27],[15,-21],[-19,-32],[14,-46],[-9,-24],[16,-30],[-4,-18],[4,-43],[-5,-24],[24,-13],[8,-26],[-24,-17],[23,-22],[-17,-20],[17,-21],[-9,-20],[21,-8],[-18,-19],[11,-29],[3,-31],[12,-14],[-7,-33],[-63,-22],[-11,-10],[-34,0],[-12,12],[-41,-8],[-10,8],[-26,-14],[4,-26],[31,-69],[5,-26],[27,-41],[-20,-50],[-16,-16],[-34,-1],[-45,-9],[-45,59],[-12,43],[-31,-16],[-45,-9],[-88,36],[-19,-20],[-34,5],[-16,-12],[-10,-40],[31,-44],[-3,-35],[-37,-63],[26,-34],[41,-40],[7,-48],[-9,-23],[-24,-3],[-82,9],[-10,-3],[-57,13],[8,-36],[14,-20],[-26,-42],[9,-13],[-18,-15],[-1,-31],[-13,-9],[-11,-42],[11,-22],[-10,-13],[34,-48],[-10,-32],[9,-42],[-3,-40],[-24,-8],[-52,4],[-10,56],[-47,43],[0,20],[-27,41],[-16,2],[-34,-33],[-8,-21],[-31,12],[-6,-21],[22,-17],[-19,-32],[-24,-7],[-12,-41],[-11,-7],[-13,-57],[1,-35],[-29,-34],[-19,105],[3,22],[-12,30],[-5,48],[-9,24],[-44,14],[-10,21],[-38,9],[-4,29],[6,63],[-7,34],[-19,14],[-56,-24],[-11,36],[-26,12],[-40,4],[-2,33],[-26,37],[-31,-5],[-43,33],[-50,8],[-36,39],[-11,22],[-19,-4],[-67,33],[-32,45],[-42,-3],[-30,10],[-15,15],[-18,-5],[7,-33],[-17,-31],[4,-43],[-6,-51],[4,-99],[-12,-10],[-5,105],[-18,-1],[1,-98],[11,-107],[-9,-59],[-11,-41],[-33,-6],[-10,12],[-49,10],[-5,-21],[-26,-25],[-6,-32],[-17,-9],[-7,-21],[-39,-4],[-12,-11],[-42,-15],[-13,25],[25,5],[5,25],[-10,22],[-36,28],[-5,18],[6,54],[-18,12],[-3,31],[23,35],[3,33],[-16,-1],[-22,28],[-2,35],[-14,5],[-13,55],[-18,24],[-4,30],[-43,43],[5,18],[39,14],[11,19],[49,-17],[-11,-21],[23,-26],[30,-2],[17,39],[-7,60],[3,36],[-18,25],[-26,10],[-5,23],[8,25],[-15,72],[-14,12],[0,30],[13,54],[-3,27],[-17,47],[-17,18],[5,37],[3,64],[-17,35],[7,31],[-12,20],[-7,53],[-9,6],[-2,52],[-13,7],[-6,33],[-13,4],[-14,63],[6,32],[-24,33],[11,40],[-7,47],[-13,20],[2,35],[-13,26],[2,44],[-13,48],[15,57],[-3,25],[-19,35],[-4,31],[-12,25],[-22,14],[3,18],[-32,27],[53,55],[-3,55],[-7,22],[-17,13],[5,26],[-14,33],[17,35],[-25,27],[-4,57],[8,48],[-22,48],[-10,55],[-9,16],[13,27],[-5,19],[-22,23],[-8,26],[-47,28],[-38,3],[-16,12],[-2,26],[-16,24],[9,23],[-21,31],[4,56],[-15,8],[2,21],[-27,24],[-11,33],[21,14],[-24,44],[13,8],[18,33],[-12,20],[-25,2],[7,24],[-22,23],[6,56],[-13,12],[-34,-37],[-34,38],[-24,47],[-40,20],[-35,2],[11,20],[-30,21],[-34,-5],[-35,25],[21,58],[-11,20],[-1,36],[19,13],[13,117],[-12,19],[14,44],[-7,13],[18,20],[15,57],[-31,51],[10,18],[-50,38],[-7,24],[-27,7],[-9,27],[13,35],[17,25],[-34,30],[11,62],[12,17],[-4,22],[-19,23],[-1,26],[-12,22],[4,35],[-3,87],[-8,30],[-13,14],[181,-1],[-19,43],[7,23],[-28,11],[17,19],[-19,52],[-25,16],[11,71],[-30,20],[-1,22],[-27,-9],[-11,19],[26,27],[11,48],[15,16],[-5,38],[-73,28],[0,46],[-11,25],[-2,39],[14,22],[-30,6],[-4,67],[-19,8],[-28,-2],[-10,40],[-9,5],[16,49],[-49,23],[20,12],[-6,52],[-17,73],[-11,28],[13,14],[-11,27],[-26,10],[13,40],[-7,8],[12,32],[-15,10],[-6,37],[8,7],[-31,54],[-39,10],[2,73],[27,13],[-25,23],[-39,10],[9,23],[-22,15],[3,15],[33,47],[4,24],[23,40],[-14,65],[-31,30],[5,25],[-37,8],[-13,14]],[[92439,66869],[28,15],[27,-21],[77,25],[22,-5],[22,-39],[25,14],[24,26],[50,19],[9,44],[47,38],[28,12],[57,42],[42,16],[87,54],[35,14],[33,-52],[29,19],[2,21],[49,12],[78,58],[56,2],[20,27],[23,-3],[28,14],[-2,20],[16,18],[-30,23],[31,17],[11,17],[-20,34],[22,18],[-21,31],[-15,38],[8,21],[18,2],[27,25],[0,15],[21,14],[5,24],[18,23],[24,13],[43,11],[12,36],[13,9],[24,-15],[24,20],[29,2],[39,-14],[33,-38],[32,-12],[37,-5],[-2,-28],[44,-39],[56,4],[52,28],[43,-10],[149,56],[15,15],[43,7],[31,-15],[64,3],[26,34],[24,2],[25,20],[19,-3],[31,10],[28,-5],[42,11],[58,37],[17,-17],[30,-6],[24,12],[28,2],[97,26],[11,-45],[49,-44],[24,-1],[16,-12],[44,3],[4,38],[30,24],[-25,20],[34,4],[2,20],[35,7],[43,30],[56,12],[40,21],[12,22],[35,35],[1,31],[19,5],[30,24],[8,35],[25,0],[38,14],[35,29],[-67,61],[-6,22],[-45,57],[-34,-1],[-11,15],[14,19],[-37,18],[-19,2],[-22,-13],[-12,24],[-22,20],[-18,-6],[-25,10],[-36,-13],[-29,3],[-33,-44],[-3,-28],[-28,-41],[-22,41],[1,66],[-31,4],[-15,-26],[-50,-26],[18,-22],[-30,-4],[-10,22],[-27,29],[23,48],[27,18],[-12,34],[12,15],[47,17],[11,48],[-3,31],[21,20],[-11,52],[9,20],[-9,92],[-49,-10],[-30,31],[-37,28],[-19,-7],[-20,13],[-24,37],[-30,-1],[-9,25],[21,48],[-43,16],[-44,-10],[-11,20],[3,25],[-41,25],[2,19],[36,4],[-4,28],[24,12],[-17,21],[-55,20],[-13,24],[16,54],[14,9],[38,9],[-18,17],[-26,8],[-31,-2],[-15,22],[14,29],[-19,42],[-28,11],[0,24],[41,3],[43,22],[-10,67],[46,28],[37,38],[15,41],[17,10],[3,22],[21,23],[34,20],[39,6],[-1,45],[57,19],[54,9],[45,44],[17,35],[25,19],[29,-2],[35,46],[7,30],[14,11],[-1,25],[25,-1],[22,26],[13,30],[50,25],[-14,14],[1,46],[19,10],[37,39],[17,32],[-258,14],[-242,15],[-293,-21],[-452,-35],[-49,-34],[-21,-25],[-36,9],[-21,-14],[-11,-20],[-4,-31],[-72,-38],[7,-23],[-18,-16],[-18,6],[-27,-25],[-13,-25],[-26,-12],[-80,-21],[-381,-112],[-242,95],[-203,-59],[-93,-30],[-44,-10],[-599,-178],[-125,-38],[-254,-74],[-238,-74],[-14,-34],[-2,-38],[-62,-36],[-30,-9],[-43,0],[-38,12],[-18,-25],[-47,-28],[-30,0],[-22,-40],[-29,-23],[-44,-2],[-36,13],[-18,16],[-15,-4],[-15,-30],[-28,-5],[-17,12],[-67,0],[8,-37],[-24,-14],[-20,7],[-39,-7],[-53,-24],[-22,-32],[-23,-13],[-34,12],[-57,-30],[-41,3],[-26,-5],[-24,-19],[-12,-23],[-18,-9],[-32,7],[-25,-14],[-33,2],[-27,-27],[-50,-5],[-2,-22],[-30,-16],[-35,-8],[-12,-17],[-70,13],[-36,-50],[-21,-19],[-18,15],[-17,39],[-40,32],[-27,31],[0,32],[-45,-10],[-58,-41],[-31,13],[-41,-26],[-15,3],[-21,-24],[-65,8],[-20,17],[-23,-3],[-18,19],[-29,-8],[-6,13],[-48,9],[-23,32],[-23,-2],[-18,-14],[-5,-23],[-40,4],[-14,41],[-55,25],[38,63],[-20,21],[-84,-12],[-50,-70],[-39,-30],[52,-13],[-8,-22],[0,-49],[41,-25],[37,2],[41,-46],[-7,-51],[12,-28],[27,-35],[-91,-26],[-70,-26],[-25,-16],[-12,-24],[-32,6],[-45,-11],[-9,-14],[-69,-35],[-27,-6],[9,-44],[-60,-48],[-37,-23],[-11,-18],[-34,-16],[-44,-52],[-52,-23],[-49,-60],[-24,-57],[-25,-20],[-69,-46],[-65,-22],[-34,-21],[-69,-33],[-85,-84],[-38,-32],[-36,-40],[-63,-61],[-56,-45],[-36,-33],[-52,-64],[-61,-65],[-99,-93],[-40,-11],[-69,-67],[1,-36],[-33,2],[2,-27],[23,11],[33,-12],[-4,-24],[33,-1],[18,-32],[2,-52],[26,-35],[3,-37],[-22,-25],[-26,3],[-35,-26],[-54,-10],[-21,-20],[-45,10],[-27,-7],[-2,-38],[-82,-41],[-33,-5],[-36,-18],[-29,-21],[-43,-44],[-29,-39],[-62,-48],[-28,-17],[-34,-10],[-102,-11],[-44,-9],[-95,-33],[-93,8],[-63,-12],[-56,-2],[-59,-15],[-62,-26],[-11,20],[-52,-18],[-28,4],[-47,43],[-233,27],[-192,3],[-90,-12],[-123,-9],[-200,-33],[-82,-21],[-127,-22],[-119,-16],[-64,-38],[-85,26],[-135,-29],[-7,1],[-127,70],[-229,93],[-6,36],[10,27],[-100,54],[-18,6],[-90,4],[-63,11],[-52,15],[-103,44],[-51,0],[-52,15],[-34,-15],[-69,0],[-35,-15],[-34,15],[-52,0],[-68,29],[-35,-15],[-54,-90],[-23,-43],[-190,-83],[-33,-9],[-86,-5],[-117,12],[-59,8],[-32,0],[-156,-15],[-74,-59],[-47,6],[-47,-60],[-106,14],[-14,19],[-136,-23],[-70,-16],[1,-51],[-92,-17],[-71,25],[-59,-13],[-147,-52],[-85,6],[-106,-8],[-64,-1],[-27,9]],[[81924,66409],[-12,5],[2,44],[28,82],[-17,56],[19,36],[-15,51],[-31,7],[-6,17],[4,82],[-21,6],[-31,24],[-28,12],[-11,64],[-43,41],[-65,-1],[-10,28],[-28,14],[9,18],[-29,28],[-1,61],[-17,36],[-1,23],[49,77],[-27,41],[-15,11],[-3,27],[7,31],[54,32],[34,10],[18,17],[3,44],[32,39],[10,29],[-13,70],[-45,23],[-9,16],[-34,17],[-1,16],[32,16],[72,19],[45,-17],[40,3],[23,-13],[28,16],[31,6],[5,39],[-11,17],[-50,29],[-84,29],[-37,26],[-28,30],[5,60],[-40,42],[-8,70],[29,68],[-42,42],[6,42],[-18,37],[-50,16],[-16,20],[-8,35],[10,33],[-3,38],[-26,7],[-75,-25],[-35,-30],[-46,6],[-37,-18],[-52,-3],[-57,36],[-47,-1],[-35,-9],[-26,16],[-64,-1],[-31,30],[-47,2],[-71,-45],[-65,12],[-71,-11],[-50,-15],[-38,6],[-21,23],[-50,1],[-29,-11],[-45,0],[-21,11],[-11,58],[-37,14],[-33,24],[-22,-1],[-31,-27],[-73,-37],[-20,6],[-11,47],[-18,15],[-62,32],[-16,30],[-22,63],[-13,7],[-38,-14],[-44,76],[-50,42],[-16,30],[51,51],[-3,28],[-44,39],[-18,44],[31,63],[78,64],[7,38],[23,11],[-7,19],[21,8],[25,-7],[21,30],[26,14],[-1,30],[19,55],[2,50],[36,36],[-2,24],[-28,21],[-10,97],[-45,34],[-55,32],[-50,-7],[-38,-20],[-26,8],[-17,21],[-15,32],[-35,52],[-6,28],[29,10],[22,-23],[19,4],[18,26],[25,4],[25,-19],[33,20],[45,-27],[49,12],[19,-7],[50,-5],[68,14],[25,-5],[35,-42],[50,-72],[52,-29],[125,-33],[40,-7],[45,0],[112,25],[22,-20],[16,2],[31,23],[12,-10],[4,-36],[15,-55],[40,-14],[20,-35],[22,-75],[10,-18],[34,-8],[28,-42],[80,18],[21,-3],[35,-37],[52,22],[38,23],[36,72],[35,3],[61,61],[56,-8],[128,-34],[37,-1],[23,7],[100,68],[50,45],[70,57],[124,87],[50,19],[100,47],[116,18],[41,3],[30,-4],[42,-27],[34,-95],[25,-58],[77,-94],[29,-3],[117,41],[48,9],[53,5],[11,68],[51,16],[54,8],[46,-36],[56,-37],[38,8],[41,39],[33,21],[54,51],[30,15],[47,-4],[98,-75],[35,2],[22,9],[53,69],[33,50],[66,68],[52,23],[106,28],[60,23],[59,64],[51,47],[43,51],[54,75],[33,58],[-39,40],[-23,49],[-39,56],[-48,49],[-49,34],[-62,14],[-6,16],[21,35],[44,131],[24,26],[59,36],[56,27],[54,22],[158,106],[57,61],[27,6],[29,-8],[11,-14],[-6,-43],[12,-34],[23,-8],[40,26],[190,83],[34,35],[26,65],[34,25],[64,20],[47,32],[31,11],[34,-7],[39,-27],[14,-56],[35,-12],[33,30],[35,41],[46,36],[-40,121],[6,11],[77,-3],[88,23],[51,-10],[28,3],[57,27],[44,38],[39,-7],[63,-21],[85,-4],[48,2],[44,18],[42,34],[12,24],[-11,68],[10,54],[32,75],[-19,25],[-121,59],[-32,22],[6,24],[85,41],[20,19],[53,65],[21,16],[64,29],[75,44],[44,127],[30,47],[26,29],[-6,35],[-20,50],[8,25],[67,24],[28,5],[16,83],[16,22],[47,-4],[37,6],[27,12],[69,16],[75,12],[61,31],[55,45],[37,-25],[34,-54],[26,5],[17,70],[15,17],[40,13],[47,-14],[31,-19],[6,-28],[15,-14],[32,-8],[93,2],[156,-12],[109,20],[104,33],[55,24],[48,2],[109,31],[53,-20],[48,-29],[47,-20],[35,10],[114,77],[57,32],[29,9],[72,-12],[133,-89],[52,-21],[51,22],[31,40],[46,51],[29,61],[-1,66],[12,27],[31,26],[43,21],[38,33],[1,29],[-56,46],[1,28],[49,43],[-17,72],[27,18],[41,14],[52,7],[48,68],[77,73],[42,32],[142,81],[55,33],[63,48],[11,63],[29,24],[21,35],[-3,53],[11,42],[34,61],[71,100],[30,49],[34,19],[72,60],[41,29],[68,61],[35,42],[33,8],[179,-1],[47,23],[13,30],[16,79],[16,14],[77,35],[49,25],[59,47],[80,-10],[82,-17],[54,-7],[131,7],[85,33],[32,40],[16,32],[7,81],[13,19],[21,6],[92,61],[28,38],[16,79],[0,30],[15,10],[46,-6],[83,-50],[38,-13],[60,-46],[55,-32],[87,-74],[40,-52],[62,-45],[37,-38],[18,-26],[28,-24],[23,-53],[-4,-48],[-13,-50],[0,-35],[17,-17],[40,7],[126,53],[86,5],[32,-9],[39,-19],[49,-31],[40,-14],[167,-9],[11,-11],[82,-51],[54,-25],[40,-9],[10,9],[-52,61],[-63,46],[-18,26],[37,-2],[25,-8],[53,-31],[66,-29],[131,-23],[69,-6],[14,-12],[37,-63],[28,-16],[83,-2],[107,-24],[65,-3],[69,3],[81,7],[35,-3],[-10,-53],[11,-27],[-4,-56],[25,-22],[31,-15],[67,15],[56,3],[53,-26],[93,-30],[96,-16],[37,-11],[87,-13],[39,23],[27,1],[31,-14],[54,-1],[17,20],[19,38],[31,38],[31,17],[21,62],[9,64],[0,48],[16,55],[24,8],[118,-41],[30,-6],[1,75],[-6,97],[-13,54],[-15,37],[2,19],[25,5],[139,8],[0,34],[7,47],[18,39],[20,25],[21,2],[89,-44],[23,2],[17,21],[104,49],[33,21],[32,30],[33,46],[45,-7],[40,14],[56,45],[7,43],[67,51],[43,39],[19,0],[27,-61],[18,-6],[21,10],[57,42],[26,12],[46,-6],[63,45],[75,79],[29,0],[157,-24],[74,-5],[30,15],[41,43],[52,33],[32,6],[41,30],[69,72],[71,51],[47,12],[38,4],[23,-6],[19,-17],[69,-96],[37,-32],[52,-33],[36,-28],[27,-54],[59,-61],[36,-67],[-10,-116],[69,-52],[23,-62],[55,-50],[27,-54],[32,-28],[24,-6],[51,11],[93,-3],[67,77],[112,27],[61,61],[40,-7],[24,-24],[18,-42],[18,-24],[-3,-34],[-14,-41],[-56,-52],[-29,-65],[-15,-55],[-42,-35],[-132,-9],[-58,-20],[-103,-7],[-39,-33],[-72,-12],[-35,-27],[-59,-107],[-50,-37],[-55,-23],[-155,-23],[-33,-10],[76,-43],[46,-38],[36,-55],[15,-54],[35,-55],[16,-14],[15,-37],[-1,-34],[-14,-31],[-86,-43],[-4,-30],[-30,-29],[60,-51],[12,-54],[28,-5],[38,25],[101,37],[43,20],[69,45],[25,54],[17,19],[73,62],[16,27],[24,22],[53,23],[42,24],[86,64],[75,9],[69,-3],[109,9],[51,2],[78,27],[27,27],[36,20],[49,19],[30,17],[62,25],[23,2],[-46,-88],[-45,-70],[-35,-69],[-38,-54],[34,-95],[20,-10],[25,4],[43,22],[27,-17],[8,-57],[40,-60],[11,-29],[-9,-79],[5,-43],[32,-32],[21,-38],[23,-24],[10,-26],[44,-58],[29,-30],[37,-21],[45,-56],[25,-65],[-1,-45],[-21,-38],[-80,-105],[-47,-23],[-42,-9],[-95,-1],[-33,-8],[-49,-26],[-33,-29],[-27,-13],[-61,-1],[-7,-12],[45,-64],[38,-71],[-3,-18],[-73,-52],[-97,-54],[-32,-30],[-24,-33],[-19,-7],[-51,32],[-25,-14],[21,-41],[1,-46],[-20,-5],[-102,6],[-55,-12],[-39,-31],[-29,-42],[-31,-15],[-5,-12],[61,-30],[64,-38],[37,-43],[4,-32],[-21,-25],[-87,-31],[-21,-24],[-87,-57],[-43,-21],[-77,-50],[-29,-23],[5,-23],[69,-5],[57,-13],[37,-54],[15,-7],[143,24],[31,2],[13,-23],[18,-77],[41,-5],[25,-60],[45,8],[35,13],[14,42],[17,93],[25,31],[26,20],[39,40],[74,18],[57,-4],[46,-18],[34,17],[47,37],[58,25],[29,36],[69,33],[65,10],[77,-6],[61,-1],[86,5],[58,-48],[84,-46],[36,-15],[58,-7],[58,-30],[22,-21],[20,-37],[14,-48],[24,-52],[28,-12],[49,0],[49,-8],[51,-3],[88,4],[35,33],[24,8],[83,17],[16,-1],[40,-48],[32,-26],[4,-37],[17,-24],[91,-17],[72,-54],[45,-5],[32,-20],[89,33],[47,41],[17,35],[36,29],[49,5],[90,33],[68,-36],[45,-9],[13,-16],[76,-57],[23,-24],[36,-82],[29,-16],[50,-10],[73,16],[35,2],[33,-63],[24,-19],[92,10],[48,-6],[82,-41],[5,-20],[18,-21],[30,1],[40,-14],[60,-45],[47,-9],[33,-20],[51,-44],[37,-39],[-1,-23],[-28,-8],[-69,31],[-28,-13],[-15,-27],[-97,-84],[-21,-48],[7,-22],[45,-57],[-4,-16],[-75,-63],[-23,-24],[-9,-53],[14,-24],[24,-10],[44,-6],[117,9],[25,7],[2,-25],[-21,-34],[31,-44],[18,4],[56,-20],[56,-34],[-12,-29],[-70,-11],[-29,-64],[-16,-21],[2,-76],[-10,-62],[41,-45],[0,-14],[-32,-28],[5,-18],[26,-30],[5,-24],[-36,-11],[-24,-20],[-23,-6],[-72,30],[-76,-15],[9,74],[-31,44],[-20,16],[-96,-34],[-83,-33],[-31,-19],[-36,-46],[-117,-84],[-70,-75],[-48,-18],[3,-22],[-29,-23],[-78,-25],[-12,-28],[-33,-26],[-74,-17],[-14,-16],[22,-44],[-13,-26],[1,-27],[-31,-51],[-12,-5],[-33,16],[-47,33],[-17,-3],[-30,-27],[-29,30],[-26,3],[0,-22],[-31,-2],[-20,-27],[8,-9],[-34,-46],[-5,-27],[-49,-39],[-9,-24],[-17,-14],[-14,-52],[-14,-21],[-26,14],[-7,-15],[-57,4],[-54,-9],[-16,-54],[-24,-20],[-7,-21],[-30,-14],[-3,-21],[-29,-28],[-35,7],[-11,-38],[8,-8],[2,-47],[-8,-28],[51,8],[14,-18],[-9,-27],[10,-32],[-10,-46],[37,-18],[31,-39],[4,-50],[-50,-77],[-29,-59],[-5,-56],[18,-18],[27,-6],[27,-30],[28,-20],[-2,-40],[46,-37],[52,-13],[-1,-22],[25,-55],[-18,-23],[55,-57],[11,-36],[32,-9],[17,-36],[8,-43],[35,-24],[21,5],[32,-23],[36,-36],[20,-43],[27,-8],[19,-17],[3,-30],[45,-27],[19,-33],[42,-25],[14,-17],[8,-46],[-8,-19],[70,-59],[38,-22],[-1,-22],[10,-29],[52,-36],[25,5],[12,-50],[44,-27],[8,-23],[-17,-20],[3,-19],[-41,-19],[-5,-33],[-34,-53],[-45,14],[-20,29],[-47,1],[-21,13],[-15,-15],[7,-24],[-30,-5],[-46,9],[-13,-27],[-25,6],[-4,23],[-35,25],[-26,7],[0,14],[-37,25],[9,13],[-18,20],[-42,14],[-34,19],[-54,0],[-30,47],[-64,12],[-4,10],[-72,9],[-40,-7],[-31,12],[-71,10],[-78,39],[-15,1],[-59,39],[3,44],[32,40],[33,9],[30,21],[-11,53],[17,9],[-10,48],[-52,-6],[-37,12],[-39,31],[11,22],[-7,40],[-32,23],[-11,18],[-42,17],[-35,47],[-27,23],[-9,30],[-19,25],[-21,-1],[-55,22],[-26,17],[-17,-12],[-36,-4],[-21,20],[-53,3],[0,8],[-43,12],[-18,15],[-30,4],[-5,-40],[-13,-5],[-127,22],[-51,-16],[-67,23],[-69,-2],[-25,-44],[-25,-18],[16,-21],[2,-23],[-26,7],[-30,-17],[-18,-22],[-35,-18],[-46,-2],[-2,-17],[-26,-15],[2,-19],[-24,-11],[-39,-34],[-23,-9],[-35,43],[-22,-1],[-36,12],[-8,-21],[-104,35],[-9,-14],[-115,-3],[-49,-46],[-19,12],[-52,-21],[-33,0],[-64,17],[-19,16],[-22,-31],[-41,2],[-79,20],[-11,7],[-44,-10],[-65,-34],[-9,-27],[-85,0],[-8,13],[-50,0],[-73,-51],[-59,-3],[-23,-37],[-110,-6],[-17,-15],[-41,-5],[-54,-32],[-32,0],[-41,-25],[-34,-12],[-39,-38],[-20,-13],[-25,3],[-24,-14],[-9,-16],[-110,-56],[-15,-34],[1,-27],[-9,-27],[-28,-45],[-29,-13],[-49,-76],[-54,-40],[-18,-24],[4,-20],[-34,-38],[-6,-31],[-25,-48],[-50,-20],[-17,-1],[-54,-28],[-21,8],[-11,-22],[-24,-22],[-27,2],[-34,-21],[-1,-16],[-60,-10],[-24,9],[-28,-2],[-40,-22],[-98,25],[0,-24],[-21,-32],[-43,-26],[-8,-41],[-40,-2],[-28,-43],[-9,-31],[4,-59],[-15,-25],[-25,-12],[-5,-33],[14,-22],[-20,-36],[-35,-13],[-39,-41],[-25,-9],[-32,9],[-41,35],[-50,11],[-16,18],[-28,6],[-25,-27],[-23,-11],[-23,-22],[-5,-26],[-44,-10],[9,-18],[-27,-21],[9,-11],[-7,-50],[-18,-32],[-30,-27],[-16,-38],[-29,-9],[-13,10],[-42,10],[-47,-3],[-16,9],[-31,39],[-44,15],[-24,-28],[-39,-14],[-6,-28],[-30,-15],[-20,-1],[-14,-47],[-51,-104],[-16,-17],[-6,-39],[-30,-21],[-23,11],[-27,-3],[-20,-32],[-40,-37],[-32,-22],[-6,-50],[-38,-17],[-55,-1],[-6,-18],[-22,-13],[-72,-4],[-25,-28],[-22,-15],[-40,6],[-13,9],[-32,-6],[-35,-28],[-38,-8],[-34,-38],[-75,16],[-26,9],[-50,-11],[-11,21],[3,47],[-27,26],[-53,-5]],[[82992,60268],[-34,15],[-46,-2],[-62,34],[-48,4],[-16,14],[-54,-4],[-22,24],[5,36],[-10,38],[-26,15],[-33,-5],[-20,-17],[-32,-13],[-38,0],[-79,31],[-103,33],[-50,19],[-68,48],[19,11],[15,22],[-67,12],[-27,31],[-26,-5],[19,-36],[-47,3],[-90,48],[-48,18],[-3,45],[-42,30],[-97,37],[-66,30],[-42,5],[-54,-18],[-38,9],[-31,-5],[-52,18],[-30,-4],[-38,-22],[-27,-31],[-29,3],[-52,28],[-42,7],[-115,-1],[-71,-8],[-71,-18],[-68,2],[-36,10],[-38,-16],[-28,1],[-53,-16],[-137,-7],[-66,15],[-10,-15],[13,-44],[-12,-17],[-60,14],[-52,17],[-22,-4],[-8,-22],[-28,-32],[-18,-8],[-58,-3],[-38,-25],[-35,4],[-29,-21],[-25,5],[-23,16],[-14,42],[-18,10],[-46,-11],[-14,12],[9,20],[-8,24],[5,45],[-79,-12],[-18,-22],[-45,-18],[-25,-22],[-88,-22],[-69,1],[-26,-26],[-24,-8],[-76,5],[-14,44],[-12,5],[-59,-4],[-48,19],[-45,47],[-16,9],[-34,-21],[-54,13],[-40,-10],[-28,20],[-40,13],[-38,-16],[-60,17],[-4,18],[-20,7],[-47,-4],[-53,10],[-3,22],[-55,37],[-33,7],[-43,-31],[-74,-1],[-60,11],[-67,-2],[-42,-13],[-48,-2],[-27,6],[-83,-14],[-32,1],[-61,9],[-45,14],[-43,6],[-61,-33],[-46,-2],[-49,-9],[-93,-25],[-114,-23],[-33,-9],[-70,-7],[-124,-24],[-74,15],[-60,-23],[-49,0],[-47,7],[-74,6],[-36,13],[-27,16],[-37,33],[-51,0],[-28,-40],[-22,-17],[-65,1],[-4,-26],[-28,-9],[-39,33],[-20,0],[-46,-15],[-42,3],[-31,29],[-17,-8],[-22,16],[-12,41],[-33,28],[-19,-39],[-44,-10],[-2,-17],[-56,-2],[-26,4],[-53,0],[-130,-11],[-41,1],[-123,-8],[-88,-28],[-15,-11],[-46,-12],[-48,-7],[-28,-23],[-66,12],[-53,28],[-110,19],[-86,41],[-69,58],[-27,-8],[-65,-8],[-46,8],[-55,29],[-51,-9],[-46,17],[-45,11],[-65,-2],[-42,23],[-49,20],[-96,24],[-70,4],[-51,-5],[-41,3],[-39,35],[-23,11],[-42,4],[-32,15],[-43,40],[-56,19],[-40,8],[-75,25],[-98,45],[-15,43],[-15,9],[-34,-4],[-112,-1],[-29,15],[-43,12],[-29,-9],[-31,-32],[-55,-27],[-18,0],[-63,18],[-54,11],[17,55],[1,19],[-17,26],[-29,24],[-22,46],[-21,74],[6,61],[12,27],[23,24],[11,55],[17,47],[26,49],[38,44],[4,14]],[[74223,61711],[31,11],[25,17],[5,34],[15,31],[-7,39],[37,1],[-4,20],[-22,19],[-31,8],[-1,28],[28,21],[4,43],[26,17],[67,16],[25,11],[85,5],[29,18],[27,2],[23,12],[42,-2],[20,44],[34,14],[24,-17],[25,2],[59,68],[-36,27],[-19,37],[-24,-14],[-49,18],[-11,35],[-90,50],[-22,27],[1,28],[-9,29],[-29,35],[-42,15],[-16,36],[-18,11],[-29,44],[-32,32],[-3,44],[17,7],[80,-29],[47,21],[-6,26],[21,10],[46,39],[14,48],[-16,20],[13,45],[-12,7],[5,23],[-26,14],[9,20],[37,-3],[9,20],[46,7],[12,23],[39,0],[36,13],[11,19],[31,19],[22,31],[5,23],[-15,20],[-17,-5],[-30,24],[28,19],[37,35],[61,-2],[15,14],[29,6],[0,14],[40,26],[65,21],[-3,18],[29,13],[-6,30],[20,-2],[24,15],[12,27],[28,24],[19,-6],[32,11],[22,-5],[46,31],[18,-29],[30,-7],[39,10],[14,-32],[19,-6],[22,29],[33,16],[24,-4],[5,-23],[122,12],[124,22],[150,37],[14,44],[30,2],[8,25],[24,28],[76,23],[94,4],[20,-11],[20,-29],[17,-9],[2,-20],[45,-9],[46,24],[43,14],[68,31],[43,-21],[28,-22],[32,-33],[11,-20],[37,-33],[39,-48],[11,-21],[-3,-35],[-46,-43],[-9,-34],[-33,-47],[22,-18],[22,8],[17,21],[38,21],[40,14],[-1,20],[67,33],[28,17],[10,48],[20,20],[48,-7],[18,-27],[66,-26],[-4,-13],[-37,-31],[-19,-35],[24,-52],[38,-4],[20,27],[-15,11],[8,26],[37,18],[113,38],[54,47],[87,10],[36,-17],[62,37],[18,-26],[-26,-35],[21,-36],[4,-32],[24,5],[20,-15],[-13,-16],[24,-10],[49,3],[10,8],[12,46],[40,51],[44,22],[57,5],[36,-16],[41,1],[90,-6],[-9,19],[44,6],[17,-39],[25,-2],[-10,-21],[37,-8],[23,-29],[12,36],[3,41],[10,4],[49,-16],[21,25],[26,-26],[28,-10],[12,-17],[11,-36],[14,-20],[8,-34],[-10,-51],[12,-11],[21,15],[72,-6],[47,-12],[25,1],[25,14],[18,-10],[-10,-55],[-47,-41],[5,-27],[-13,-8],[-4,-29],[-30,-42],[15,-13],[56,11],[35,37],[23,6],[27,39],[37,-4],[39,2],[12,-26],[-17,-11],[-30,-2],[-7,-16],[-29,-7],[46,-28],[16,16],[55,15],[125,8],[33,33],[23,0],[39,26],[44,-2],[45,-18],[22,-2],[13,22],[18,4],[22,31],[9,-42],[18,-14],[-31,-54],[-28,-31],[14,-23],[-21,-41],[-7,-51],[-13,-20],[23,-18],[14,-27],[-1,-44],[39,-48],[33,-34],[42,-10],[79,35],[65,42],[34,15],[14,21],[34,29],[4,22],[42,48],[69,114],[41,39],[5,25],[101,-3],[26,22],[28,-3],[41,6],[31,13],[72,10],[16,-6],[29,-32],[29,-11],[12,18],[71,46],[28,-6],[19,22],[104,0],[29,30],[31,6],[-3,23],[9,21],[-26,9],[-14,-24],[0,-28],[-34,-32],[-67,2],[-56,13],[10,58],[20,18],[50,10],[31,42],[43,27],[-9,9],[-39,-18],[-18,15],[6,26],[37,21],[21,23],[-7,44],[15,20],[44,10],[11,30],[44,17],[1,24],[18,25],[25,56],[27,24],[-4,33],[32,25],[29,-13],[30,-37],[9,11],[68,14],[35,-11],[15,-32],[-23,-40],[7,-35],[-13,-4],[7,-42],[42,-39],[-17,-9],[-22,-49],[-61,-7],[-6,-24],[39,-16],[16,-22],[16,-3],[37,-25],[34,-35],[49,0],[17,-8],[28,40],[27,9],[8,16],[46,49],[36,22],[24,27],[5,114],[-6,11],[6,33],[0,35],[11,20],[-6,57],[8,35],[34,19],[-6,29],[59,18],[41,28],[53,50],[25,-19],[19,4],[31,49],[19,-3],[52,60],[33,4],[33,-26],[34,-7],[60,-28],[37,-7],[-9,-72],[-12,-26],[-9,-49],[15,-55],[30,-35],[19,5],[45,-17],[43,-6],[-17,-26],[15,-21],[1,-25],[20,-3],[27,15],[19,26],[135,40],[18,16],[17,-5],[17,39],[20,3],[31,-10],[51,12],[54,-1],[47,-20],[53,4],[96,46],[55,9],[46,-22],[36,1],[7,27],[32,12],[31,36],[57,35],[24,-10],[8,-19],[55,-1],[49,6],[45,-8],[52,-15],[71,0],[9,9],[34,3],[-4,-20],[-20,-12],[21,-33],[-25,-48],[-32,-12],[-31,-37],[-57,-31],[-79,-24],[-27,-36],[-29,-19],[-25,-1],[-19,-33],[-37,-13],[-1,-38],[-39,-48],[-1,-14],[27,-16],[1,-33],[-13,-35],[20,-11],[44,-13],[36,31],[52,-28],[55,11],[19,-3],[-9,-35],[-21,-17],[-52,-19],[-39,-39],[-35,-15],[1,-70],[-12,-3],[-10,-32],[-35,-35],[-3,-34],[-30,-14],[-8,-32],[4,-39],[-12,-36],[19,-24],[-14,-10],[26,-72],[25,-24],[-3,-24],[-26,-38],[-20,2],[-14,-26],[11,-27],[25,-11],[5,-53],[14,-20],[-3,-26],[-12,-13],[26,-17],[27,6],[5,15],[52,36],[27,6],[19,23],[20,7],[29,29],[30,40],[50,-18],[52,6],[32,-11],[59,24],[39,0],[64,37],[21,-18],[19,8],[34,-2],[37,15],[36,36],[32,-7],[16,33],[14,9],[46,-21],[38,-11],[20,12],[38,-12],[-17,-17],[7,-17],[35,-1],[29,8],[10,-19],[36,-22],[13,-36],[-34,-10],[9,-45],[34,-23],[44,-14],[24,-19],[93,-169],[29,-9],[-2,-16],[97,-5],[16,-11],[48,11],[10,-15],[-4,-82],[14,-20],[-7,-27],[54,-46],[34,1],[9,-24],[32,4],[18,10],[10,25],[32,2],[37,10],[25,19],[18,37],[21,19],[40,7],[18,-43],[-5,-54],[-33,-13],[-15,-29],[-1,-45],[-37,-24],[-14,-19],[-32,-22],[-32,-11],[-121,-70],[-31,-56],[7,-34],[27,10],[16,17],[21,-19],[17,14],[23,-1],[12,-16],[-9,-49],[23,-8],[-5,-41],[13,-29],[-9,-18],[16,-24],[32,31],[34,3],[-3,34],[30,-25],[5,-26],[32,31],[18,4],[1,-40],[30,-36],[20,28],[24,-4],[11,-22],[36,-16],[19,-19],[23,-38],[32,-1],[25,-38],[14,15],[33,8],[11,-41],[18,-20],[24,-10],[10,-43],[44,-40],[24,16],[43,-18],[16,-62],[-18,-20],[7,-27],[13,-11],[2,-24],[14,-15],[-14,-33],[-30,-4],[-37,-22],[32,-28],[-9,-20],[-30,0],[-15,-18],[29,-30],[5,-25],[35,1],[26,-19],[40,-14],[5,-13],[-27,-21],[-30,-2],[-14,-20],[-24,-12],[-24,13],[-45,-5],[-41,16],[-19,-21],[-72,-15],[-26,-20],[-25,-8],[-25,-27],[-39,2],[-17,9],[-65,-35],[-1,-43],[-16,-20],[-54,-21],[-33,-30],[4,-37],[-22,-34],[-21,0],[-37,25],[-36,-4],[-24,22],[-32,7],[-35,-9],[-30,6],[-21,-9],[-15,10],[-82,16],[-6,-31],[54,-84],[-29,0],[-9,12],[-32,7],[-43,-5],[-30,16],[-17,-5],[-38,2],[-12,-25],[6,-48],[-15,-14],[-21,-53],[-17,-27],[-23,-13],[25,-36],[-15,-20],[-38,12],[-15,15],[-20,-4],[-1,-31],[-21,1],[-23,-17]],[[86501,61241],[-3,-10],[1,-1],[6,-5],[9,-5],[30,-22],[3,-4],[7,-14],[3,-4],[-23,-11],[-37,-31],[-17,-1],[-93,-47],[-18,-46],[-45,-9],[-27,-20],[-26,-41],[-19,-10],[11,-20],[-10,-37],[-19,-7],[-33,-48],[-1,-23],[-40,-37],[-21,-42],[-13,-52],[11,-68],[-18,-35],[10,-15],[-26,-35],[-16,-41],[-1,-21],[-36,-9],[-23,-21],[-42,-67],[9,-20],[-20,-29],[-17,4],[-39,-18],[-29,19],[-37,-7],[8,-16],[-26,-17],[5,-13],[-43,-56],[-19,-46],[17,-22],[35,25],[9,-9],[-28,-53],[-6,-20],[9,-19],[34,-18],[-5,-34],[-37,-11],[2,-49],[-19,3],[-19,-55],[21,4],[12,-34],[-17,-16],[-31,0],[20,-24],[-8,-15],[-22,1],[-17,-20],[5,-25],[-22,-25],[-1,-25],[-26,-19],[-14,-28],[-26,-16],[-6,-32],[-18,10],[1,-47],[-19,-38],[23,-21],[-18,-26],[-40,-5],[-3,-21],[-18,-2],[-10,20],[-30,-17],[-26,-27],[-12,21],[-33,19],[-25,29],[-49,-7],[-14,23],[-21,-11],[7,-36],[-21,-28],[-1,-36],[-16,-24],[12,-21],[-4,-26],[-14,-17],[30,-45],[-54,-50],[-4,-35],[-38,-33],[39,-51],[6,-41],[36,11],[4,-21],[-26,-31],[-8,-40],[-23,2],[-15,-12],[15,-36],[0,-28],[-39,-13],[5,-19],[22,-23],[-29,-21],[-14,-22],[35,-33],[27,8],[28,-7],[23,-19],[-12,-12],[-28,0],[-11,-25],[-25,-7],[-20,12],[-48,5],[-13,-12],[43,-44],[-20,-40],[-16,21],[-15,-1],[-23,-36],[-7,-49],[6,-31],[-26,-9],[-13,-17],[12,-26],[-28,-29],[26,-24],[18,-34],[3,-35],[-37,-23],[2,-55],[-9,-49],[33,-24],[-6,-22],[-58,-20],[-25,4],[-6,22],[-23,-10]],[[82264,58536],[40,73],[27,67],[3,80],[5,45],[18,75],[16,28],[2,43],[9,14],[10,52],[-10,19],[16,16],[18,45],[-9,15],[14,24],[23,18],[38,55],[8,20],[56,64],[3,12],[-50,19],[-4,19],[30,42],[-30,18],[27,43],[2,29],[-31,16],[-20,21],[9,54],[-27,47],[-52,8],[-7,23],[-30,3],[-9,58],[-16,19],[11,16],[28,-1],[-3,56],[-31,23],[1,37],[35,17],[63,-4],[24,-7],[33,3],[16,21],[43,10],[25,-21],[0,-22],[30,-24],[40,3],[7,-28],[34,-31],[18,7],[3,33],[17,-3],[15,-33],[21,-3],[9,-21],[37,7],[11,-36],[21,-16],[10,-23],[54,-8],[1,20],[17,14],[22,-3],[34,-18],[43,8],[13,11],[7,41],[65,7],[48,-19],[11,16],[30,-3],[14,21],[-3,45],[19,35],[-13,13],[6,33],[-24,15],[-13,33],[14,45],[-10,11],[-23,-16],[-48,-4],[-44,-10],[-10,29],[27,26],[32,6],[8,20],[-32,24],[-42,-21],[-15,8],[-67,-5],[-13,5],[11,45],[1,27],[-20,12],[28,59],[3,66]],[[74223,61711],[-21,37],[11,52],[24,42],[6,34],[-30,71],[50,24],[4,52],[29,63],[-8,23],[18,45],[11,58],[-2,33],[-35,110],[-18,3],[-14,19],[-9,31],[-42,56],[19,42],[-10,22],[-40,-1],[-15,11],[-22,49],[1,25],[32,33],[17,33],[-10,49],[-24,52],[-5,32],[-13,32],[-32,14],[37,59],[27,32],[-5,41],[6,14],[-10,37],[55,58],[-3,13],[103,107],[-5,5],[35,64],[-38,5],[-40,-9],[-54,-4],[-79,10],[1,18],[25,12],[34,-14],[15,21],[-18,44],[58,-4],[48,22],[-21,22],[-53,23],[-25,56],[-30,21],[-14,-11],[-1,-25],[18,-65],[-53,17],[-5,53],[8,28],[-21,22],[13,24],[-15,15],[-9,33],[-66,5],[-11,-7],[-47,4],[31,22],[4,32],[44,9],[-6,30],[-21,32],[12,32],[-44,2],[15,24],[-5,29],[-19,9],[-30,-11],[-20,17],[-26,-5],[-5,15],[37,45],[-9,34],[-32,9],[-2,29],[-21,32],[-18,5],[-57,-14],[-17,10],[-2,25]],[[74215,65767],[39,12],[6,22],[-10,25],[6,52],[-5,20],[120,-42],[235,-2],[142,29],[140,-7],[86,19],[223,59],[187,65],[-24,110],[46,94],[101,77],[65,1],[115,-20],[56,-16],[164,89],[8,46],[22,39],[209,11],[39,-26],[206,-137],[193,-126],[129,-42],[170,-32],[42,-58],[100,26],[59,-45],[82,-8],[85,22],[236,3],[234,17],[262,22],[8,-12],[111,22],[214,-33],[148,136],[166,-36],[158,7],[151,-5],[138,-38],[69,-44],[135,-21],[133,49],[109,147],[128,-90],[64,-34],[105,-37],[162,24],[172,22],[112,52],[219,-47],[50,21],[54,-4],[206,102],[147,70],[120,162],[88,11],[27,7],[173,-78],[70,-42],[21,-39],[45,-41],[112,-25],[136,-12],[63,25],[94,43],[-2,46],[35,35]],[[90668,61639],[-14,-9],[5,-62],[-44,-61],[-38,0],[-31,-27],[-17,-6],[-9,-24],[9,-99],[-19,-31],[-19,-15],[-17,-48],[-39,-45],[-4,-31],[-43,-68],[-28,-69],[13,-26],[-10,-29],[-3,-62],[-19,-41],[-13,-9],[44,-37],[14,-38],[15,-3],[47,-30],[31,17],[39,-42],[33,-27],[29,4],[49,-15],[19,-19],[26,-8],[10,-18],[26,24],[33,-4],[16,-31],[42,-25],[69,-13],[21,-25],[0,-18],[-15,-38],[16,-20],[-4,-37],[16,-40],[-24,-48],[22,-11],[-7,-37],[8,-12],[-19,-78],[-39,-47],[3,-16],[-15,-20],[-57,-38],[-16,-17],[-18,-44],[0,-32],[29,-27],[6,-26],[21,-22],[-9,-22],[-32,0],[-3,-25],[-19,-17],[-9,-35],[-21,-44],[-45,-57],[-50,-10],[-21,-30],[-9,-27],[-17,-19],[-45,-34],[2,-49],[-11,-21],[2,-41],[-39,-66],[12,-42],[23,-35],[0,-20],[-31,-27],[-25,-33],[-18,-35],[-6,-37],[-67,-37],[-22,13],[4,50],[-28,1],[-14,-27],[10,-33],[-20,-2],[-27,23],[-40,-6],[-15,-30],[22,-49],[-8,-58],[-34,-86],[-31,-55],[-37,-51],[-62,-67],[-61,-39],[-26,-25],[-12,4],[-47,-24],[-53,-155],[-42,-120],[-95,3],[6,-68],[-11,-24],[38,-47],[-45,-102],[-114,-49],[59,-49],[-96,-147],[-98,-21],[1,-170],[-45,-89],[-7,-29],[-17,-16],[-35,-12],[-51,-196],[-58,-27],[-27,-128],[10,-145],[-52,-98],[-22,17],[-17,-5],[32,-69],[-79,-115],[-34,-45],[-54,-90],[-3,-46],[11,-23],[-17,-30],[-34,-13],[-21,9],[-7,-87],[-37,-178],[-40,5],[-10,-29],[7,-17],[-59,-8],[-36,20],[-16,36],[3,44],[-33,28],[-11,25],[10,12],[-22,19],[-38,-8],[-5,-12],[-30,2],[-31,21],[-24,-9],[-33,2],[2,13],[-28,29],[1,27],[-13,13],[-42,10],[-21,32],[-77,-10],[-27,20],[-29,1],[-16,-13],[-46,11],[-26,15],[-16,31],[-19,14],[-48,12],[-37,5],[-58,-5],[-26,8],[-40,-35],[-37,-2],[-44,-30],[-65,1],[-24,-17],[-45,-12],[-51,15],[-18,15],[-6,48],[-61,57],[-22,9],[-7,29],[-31,50],[3,13],[-19,26],[-23,7],[-24,-16],[-76,-8],[-16,9],[-57,13],[-35,15],[-48,-9],[-35,-15],[-41,11],[2,12],[-52,5],[-38,-3],[-14,6],[-24,-14],[-15,-31],[5,-18],[-15,-27],[-7,-41],[-27,4],[-25,-40],[-23,-2],[-50,36],[-11,27],[-27,10],[-18,-33],[-12,-41],[-37,4],[-32,-21],[-17,5],[-20,-17],[-16,-27],[-50,6],[-19,31],[-51,15],[-29,21],[-33,37],[6,59],[-8,16],[-28,2],[4,38],[-14,15],[-38,2],[-32,56],[2,12],[-14,49],[-31,67],[-26,12],[-37,32],[-29,-8],[-20,14],[-39,12],[-50,3],[-29,39],[-22,-20],[37,-19],[-20,-13],[-15,13],[-31,-6],[-20,-30],[30,-44],[-5,-32],[-33,-30]],[[28439,16197],[-23,17],[-27,1],[-28,58],[12,17],[-11,39],[-19,5],[16,23],[57,20],[9,17],[-18,40],[-13,15],[-17,-9],[-7,60],[-47,-24],[-14,13],[-24,-19],[-32,-15],[-29,12],[-20,0],[-34,-33],[-44,3],[-36,30],[-35,9],[-13,19],[-14,37],[-11,56],[-20,3],[-46,31],[-28,57],[-74,-12],[-32,-18],[-37,0],[-38,9],[-29,25],[-5,23],[-26,25],[12,45],[-11,10],[-10,56],[-17,2],[-39,29],[-58,0],[-30,-12],[-25,9],[-38,-11],[-52,-46],[-37,-9],[-25,27],[7,27],[-11,69],[6,24],[-3,120],[0,156],[-78,-37],[-34,4],[-33,-5],[-40,-30],[-22,-22],[-25,-3],[-8,-15],[-29,-19],[-39,13],[-50,-16],[-15,-26],[-43,11],[-24,-7],[-24,4],[-69,27],[-54,-2],[-33,-8],[-28,17],[-31,7],[-57,-5],[-35,19],[-23,-5],[-45,25],[-27,8],[-15,15],[-4,22],[-21,39],[-34,-4],[-23,11],[-15,26],[-3,35],[-15,0],[8,34],[-28,27],[-13,25],[-33,27],[-11,48],[2,38],[18,45],[-4,9],[-57,18],[-44,-4],[-18,6],[-59,-4],[-22,-14],[-27,-3],[-28,-21],[-45,-7],[9,52],[-14,14],[-38,7],[4,51],[-26,8],[-29,-1],[-7,-16],[-28,-27],[-32,-2],[-63,39],[-5,42],[-11,10],[-4,45],[-25,35],[-18,-1],[-33,23],[-35,-11],[-15,9],[-53,-11],[-26,23],[-20,-4],[-25,49],[-36,14],[-15,19],[-8,33],[-14,-1],[-26,29],[-29,3],[26,47],[-45,31],[5,20],[-24,14],[-5,35],[-28,24],[0,24],[-19,14],[-2,20],[-25,-3],[-14,10],[-31,56],[-34,21],[-33,-22],[-49,12],[-62,1],[-22,-21],[-37,4],[-5,14],[22,12],[37,39],[-26,19],[-25,53],[-3,33],[-15,20],[30,37],[8,51],[-29,25],[-30,-3],[-22,8],[-12,20],[-27,15],[-25,-1],[-6,21],[-18,6],[-6,28],[-16,11],[18,89],[-9,13],[6,45],[16,10],[21,-9],[19,4],[20,-11],[38,1],[32,12],[8,24],[26,3],[5,26],[-15,17],[1,28],[-9,30],[-22,14],[-30,-12],[-17,19],[-21,-14],[-33,8],[-12,-20],[-34,-12],[13,-51],[-47,-42],[-45,-4],[-30,4],[15,20],[-19,26],[5,36],[-16,35],[-27,-8],[-33,1],[-6,16],[-29,3],[-6,40],[2,24],[-22,-2],[-18,12],[-38,-5],[-5,20],[-17,14],[0,22],[-14,28],[-1,33],[9,35],[20,8],[21,-6],[20,43],[31,-5],[41,-15],[50,16],[6,31],[-48,0],[-24,17],[-5,17],[-22,15],[-26,-13],[-7,28],[-45,27],[-38,-24],[5,-20],[-15,-29],[-42,-47],[-40,-24],[1,-25],[-59,-1],[-12,31],[-17,6],[-16,42],[7,31],[-11,25],[-20,6],[-7,16],[13,42],[-45,11],[-22,-1],[-33,-29],[-39,-6],[-24,10],[-36,59],[-20,9],[41,21],[6,21],[33,52],[-38,3],[-23,10],[-35,-8],[-28,19],[-9,-7],[-39,16],[-3,29],[-16,21],[-46,9],[-22,14],[-17,-16],[14,-12],[7,-71],[-45,-14],[-24,-25],[-24,24],[-39,-10],[-18,15],[-9,46],[10,24],[41,4],[-17,33],[12,25],[-10,24],[-20,9],[-36,1],[-25,-14],[-26,6],[-12,-22],[-49,7],[11,20],[24,21],[-41,12],[-24,23],[-20,-19],[-13,18],[51,64],[25,13],[5,30],[-10,24],[-4,46],[-35,-12],[-34,-29],[-46,-10],[-7,14],[-22,-6],[-6,19],[-26,-1],[-30,-14],[-49,-5],[-50,-23],[-45,-29],[-22,-1],[-37,-28],[-28,3],[-16,19]],[[23111,19806],[-16,-1],[-32,78],[-30,40],[-9,32],[-30,75],[-15,17],[-23,58],[-40,161],[-66,323],[-13,20],[-14,86],[-21,101],[-38,156],[-10,50],[-32,125],[-17,61],[-22,46],[-19,94],[-15,40],[-7,51],[-16,55],[-25,64],[-8,82],[-24,70],[-37,36],[-13,93],[5,85],[-2,58],[-9,50],[-4,95],[-12,20],[-9,126],[-25,209],[-24,132],[-30,153],[-40,43],[-23,65],[-1,25],[-24,145],[-23,108],[-5,34],[-37,154],[-32,112],[0,25],[-25,17],[-21,41],[-17,73],[-19,48],[-19,12],[-33,68],[-31,-2],[-10,18],[-22,-6],[-28,24],[-14,27],[-25,12],[-58,60],[-5,33],[-14,14],[-2,22],[-26,51],[-1,61],[-31,127],[-21,47],[7,38],[-8,15],[-6,42],[-36,156],[-12,58],[-15,37],[-40,3],[-2,22],[-20,40],[-18,16],[5,16],[-27,82],[-42,115],[-13,47],[-21,48],[0,30],[-22,89],[-6,71],[-23,107],[-12,36],[-35,3],[-9,36],[7,29],[-48,134],[-29,66],[-22,8],[3,22],[-64,34],[-35,-12],[-4,15],[-30,-3],[0,37],[-17,8],[-2,19],[14,16],[-53,121],[-16,29],[-5,26],[-20,26],[-25,19],[-7,29],[-13,18],[23,6],[12,14],[4,29],[-12,47],[-22,43],[23,23],[-9,31],[-37,66],[-32,18],[16,17],[-5,20],[-44,65],[-38,24],[-35,2],[-6,-32],[-29,-3],[-43,-27],[4,-34],[-51,29],[4,24],[-30,36],[-33,21],[-50,-1],[-6,-19],[-25,13],[17,44],[-49,54],[-47,4],[-23,-15],[-13,36],[-42,21],[-33,22],[-5,20],[30,4],[37,-7],[25,-11],[14,13],[5,39],[-3,63],[-12,18],[-33,23],[-3,31],[-22,57],[-17,19],[-3,37],[-11,18],[-34,8]],[[20438,26863],[15,8],[14,25],[25,16],[10,-10],[34,18],[18,-4],[15,27],[37,-10],[17,4],[19,-15],[56,-22],[14,14],[-12,36],[-10,5],[-18,36],[3,22],[28,40],[54,-5],[9,-26],[31,-14],[12,-16],[-10,-23],[28,-22],[14,6],[18,33],[28,25],[49,26],[4,34],[15,10],[52,-26],[9,37],[13,-1],[18,29],[-21,30],[-21,19],[5,15],[49,12],[-4,17],[19,24],[38,30],[0,28],[45,32],[-6,26],[-15,15],[-3,37],[-30,13],[-3,63],[-24,31],[12,25],[21,5],[8,25],[-4,95],[5,19],[35,8],[31,40],[33,57],[7,24],[-20,23],[-1,35],[-15,15],[-14,48],[-34,31],[-109,24],[-25,33],[-3,25],[32,4],[36,69],[16,8],[19,-10],[40,13],[10,14],[39,-18],[63,1],[34,41],[-40,47],[-25,63],[1,20],[15,28],[-19,54],[23,24],[-49,24],[-33,24],[-54,4],[-24,28],[8,47],[-14,26],[-19,18],[4,23],[24,30],[-5,46],[-37,73],[-46,67],[4,25],[27,23],[34,13],[29,24],[-2,18],[14,15],[0,22],[-17,43],[-40,37],[-8,19],[-19,-7],[-28,20],[-2,41],[39,40],[0,46],[14,31],[-36,36],[-19,-13],[-14,11],[27,93],[-45,30],[-8,17],[-27,-14],[-16,15],[-30,-21],[8,-32],[-42,-6],[-11,17],[3,23],[-54,14],[-2,22],[14,21],[-29,6],[-19,-7],[-30,-27],[-10,-61],[-24,4],[-22,-9],[-34,-3],[-19,-9],[-59,12]],[[32343,77970],[-12,30],[6,23],[41,27],[42,21],[93,22],[21,-11],[48,7],[13,43],[14,6],[57,-14],[59,11],[34,28],[35,19],[43,37],[37,1],[26,9],[94,54],[30,7],[25,20],[70,5],[51,20],[4,51],[28,25],[-27,56],[8,21],[-20,22],[-34,-22],[-54,0],[-28,18],[-36,-2],[-15,36],[-23,24],[-14,27],[-47,33],[47,29],[26,-28],[28,8],[-5,40],[54,12],[31,-3],[-12,25],[-21,12],[2,55],[-18,20],[33,46],[-34,-4],[-27,28],[-31,8],[-20,17],[-38,12],[-2,46],[31,44],[-28,18],[-6,26],[-33,15],[5,16],[-31,15],[-18,21],[-54,-1],[-17,20],[12,17],[-6,46],[59,34],[36,53],[10,42],[38,31],[8,25],[44,15],[-12,30],[-47,37],[6,15],[29,15],[10,15],[-4,35],[24,32],[42,-13],[13,-53],[24,-11],[66,-13],[-19,64],[5,71],[25,9],[21,23],[3,22],[-17,20],[2,22],[-25,1],[-60,-11],[-31,-10],[-52,7],[5,39],[-33,5],[-17,69],[17,36],[45,20],[5,11],[57,-6],[28,-11],[56,-43],[49,-17],[15,9],[-48,27],[5,38],[20,10],[7,41],[26,18],[-33,34],[10,19],[-51,4],[-10,52],[15,16],[24,4],[32,-9],[-40,65],[3,20],[41,7],[27,45],[49,5],[35,62],[-2,22],[10,32],[23,17],[62,18],[1,46],[17,3],[23,33],[-7,21],[31,12],[27,0],[31,-12],[37,16],[25,20],[29,0],[25,32],[33,5],[16,-21],[39,-30],[55,16],[46,-13],[21,-21],[34,-2],[-5,38],[13,21],[28,14],[6,18],[29,5],[50,24],[74,0],[29,-10],[26,4],[37,30],[48,20],[16,25],[47,7],[45,50],[26,-2],[65,7],[38,-31],[58,13],[16,40],[20,4],[39,-7],[21,-11],[25,13],[13,17],[21,4],[9,20],[19,9],[24,42],[24,16],[31,-20],[36,-3],[17,7],[10,32],[-8,15],[11,18],[70,-11],[27,17],[42,-7],[62,19],[47,-16],[8,-33],[33,-5],[38,-47],[-15,-26],[34,-27],[45,15],[18,28],[16,5],[24,-31],[42,-12],[22,-17],[38,-58],[24,-16],[13,-49],[81,-10],[123,8],[29,7],[45,42],[13,21],[36,21],[61,-1],[32,12],[54,-17],[9,-19],[79,-18],[5,-40],[25,-16],[15,-22],[35,26],[54,2],[25,-18],[30,-10],[49,-4],[29,6],[146,-11],[33,8],[60,25],[45,6],[21,-11],[4,-17],[-23,-31],[0,-28],[49,-27],[-7,-19],[17,-22],[11,-35],[24,-7],[18,-35],[32,-18],[42,-8],[26,-37],[38,-31],[21,-8],[35,9],[28,-3],[17,31],[24,9],[20,-7],[20,-27],[44,0],[14,-8],[34,4],[47,29],[58,1],[41,13],[15,22],[-27,55],[-26,7],[-12,19],[12,15],[-9,23],[8,20],[-16,42],[-22,16],[-23,4],[-52,22],[3,12],[-36,29],[-14,24],[10,32],[-51,0],[-33,30],[0,21],[-20,56],[-38,28],[-23,8],[-37,26],[-17,40],[-1,24]],[[36798,80903],[52,11],[9,15],[-13,26],[29,23],[17,-1],[23,23],[-2,15],[32,28],[18,40],[26,19],[14,59],[29,-3],[58,-27],[30,22],[39,-23],[-11,-22],[47,-30],[59,28],[-1,20],[-24,53],[-4,29],[27,31],[-5,85],[7,29],[24,13],[65,7],[29,-9],[31,10],[26,26],[-4,27],[20,34],[39,-33],[44,19],[29,-30],[38,-18],[79,-13],[-1,-24],[20,-40],[31,-33],[50,-25],[-1,-17],[19,-25],[-24,-32],[1,-42],[36,-9],[38,-19],[79,-9],[31,-30],[42,-25],[-40,-28],[-15,-37],[17,-12],[13,-27],[72,-34],[-13,-54],[-29,-21],[-41,-19],[18,-18],[40,-25],[26,-8],[14,-21],[29,-15],[61,3],[11,-5],[18,-36],[36,-27],[11,-32],[2,-62],[15,-56],[-14,-12],[17,-16],[-2,-19],[13,-30],[32,-40],[26,-15],[31,4],[6,-19],[38,-18],[47,6],[20,-26],[22,-6],[45,12],[49,-9],[29,-23],[14,-48],[-7,-54],[13,-11],[-1,-67],[8,-33],[31,-63],[43,3],[49,23],[58,13],[66,-13],[56,2],[10,-21],[-5,-36],[27,-10],[13,-21],[-13,-23],[27,-28],[50,-4],[25,-15],[-24,-17],[2,-18],[22,-14],[31,-44],[26,1],[26,-24],[64,-8],[40,-24],[44,16],[27,23],[51,7],[40,23],[36,8],[20,19],[-6,21],[8,26],[28,-1],[43,-23],[44,-16],[38,20],[22,-5],[63,15],[14,17],[26,55],[21,16],[31,-21],[45,-43],[53,0],[20,-27],[36,5],[37,-29],[40,5],[29,-3],[55,14],[68,-30],[26,-43],[-3,-18],[26,-100],[68,-12],[47,-63],[27,-46],[33,9],[30,-4],[47,18],[10,-16],[28,-14],[47,-5],[26,-24],[48,-7],[25,-34],[37,-26],[17,-26],[34,-10],[27,18],[14,-19],[62,-56],[31,-45],[20,-43],[32,-11],[42,-41],[53,4],[10,17],[33,3],[24,17],[19,-11],[16,18],[1,32],[63,14],[15,-11],[25,-51],[45,-47],[-18,-16],[15,-29],[26,-11],[13,-19],[24,-2],[38,24],[28,2],[6,-30],[39,-25],[-1,-79],[-51,-33],[-3,-57],[-51,-14],[-65,-3],[-14,-71],[45,-49],[41,-24],[1,-28],[-26,-25],[14,-40],[-5,-39],[-19,-50],[40,-29],[53,0],[61,-48],[22,13],[23,-3],[54,8],[64,-7],[45,-10],[9,-36],[23,-40],[32,-19],[17,-36],[26,-14],[65,24],[43,-15],[5,-14],[56,-3],[51,23],[20,-3],[0,-24],[41,-11],[10,-18],[37,-21],[8,-16],[25,-1],[46,-21],[56,-3],[23,-17],[28,11],[31,-42],[58,-27],[20,-35],[37,-22],[25,-6],[38,17],[22,33],[36,2],[32,13],[36,-1],[34,12],[25,-41],[38,10],[44,-37],[72,-25],[34,-29],[30,-16],[8,-23],[27,-8],[7,-16],[38,-5],[15,14],[35,-11],[41,-36],[25,-11],[48,-43],[8,-25],[26,-11],[49,-34],[24,-34],[23,-5],[-4,-26],[25,-27],[31,-20],[10,-28],[42,-2],[33,-27],[44,0],[16,10],[66,-11],[30,-23],[3,-15],[38,-9],[19,10],[60,4],[-3,-16],[26,-35],[43,-18],[15,-15],[-20,-17],[5,-20],[29,-15],[13,13],[57,13],[72,0],[73,-9],[33,-20],[14,-22],[38,-21],[30,-9],[-5,-31],[-13,-27],[12,-31],[36,-12],[13,-28],[-35,-31],[-116,-19],[-15,-16],[-36,-1],[-37,19],[-15,-19],[-60,-6],[-43,-21],[-40,-12],[-41,39],[2,35],[18,34],[-19,38],[-32,12],[-45,-41],[-38,-53],[3,-19],[-13,-20],[-40,-24],[-20,-20],[31,-29],[-1,-22],[23,-66],[-24,-34],[-48,-6],[-48,-20],[-6,-15],[13,-25],[-28,-17],[-55,6],[-56,-37],[-47,-49],[-21,-38],[-26,-25],[-38,-8],[-25,-22],[-8,-19],[3,-52],[-17,-35],[-21,-25],[-32,-21],[-59,3],[-23,-35],[-36,-32],[-39,-22],[-42,-49],[-26,-7],[-67,-6],[-67,30],[-27,-4],[-39,-16],[-25,1],[-34,-25],[-44,-52],[-34,-66],[2,-75],[-20,-46],[-27,-24],[10,-21],[-21,-14],[-7,-37],[-52,-15],[-3,-18],[-43,-23],[-7,-17],[-51,-15],[-23,-22],[-6,-28],[-21,-21],[3,-20],[-49,0],[-53,21],[-33,0],[-22,-9],[-43,21],[-18,-20],[-77,-16],[1,-33],[-33,-61],[-40,-29],[-4,-19],[-53,-3],[-10,-30],[14,-19],[-6,-40],[27,-10],[-9,-16],[25,-60],[11,-59],[26,-44],[31,-16],[19,3],[14,-24],[19,-10],[-4,-24],[16,-15],[2,-32],[-35,-19],[-14,-37],[13,-40],[-14,-30],[-45,-33],[-8,-27],[-32,-6],[-9,-35],[-51,9],[-9,-25],[-42,-5],[-23,-41],[25,-3],[30,-32],[-29,-25],[-4,-18],[-21,-25],[-31,3],[-18,-23],[-42,-15],[-11,-19],[7,-22],[-9,-17],[-54,15],[-9,-31],[-24,-17],[21,-32],[24,-24],[-45,-21],[-24,2],[1,22],[-36,-5],[12,-21],[-49,4],[-53,-26],[17,-35],[-9,-23],[3,-29],[-8,-15],[21,-19],[51,-31],[31,-9],[-2,-28],[21,-20],[-24,-22],[0,-30],[27,-18],[0,-28],[39,-40],[18,-39],[34,-8],[34,-24],[7,-46],[-27,-37],[-18,-10],[-2,-46],[-19,-45],[-6,-31],[8,-30],[-26,-20],[-5,-16],[18,-27],[-7,-36],[14,-19],[-20,-27],[-21,-7],[-46,44],[-30,-10],[-20,10],[-7,36],[-25,6],[-25,-63],[61,-48],[7,-41],[-10,-29],[12,-30],[31,-33],[0,-24],[-46,-9],[-8,-16],[-32,-7],[-20,-26],[-22,-9],[-31,6],[-50,-1],[-27,29],[-27,6],[-25,15],[-17,-6],[-21,-25],[-29,-1],[-17,-43],[-56,-33],[-54,-139],[30,-4],[-42,-95],[19,-5],[-22,-60],[7,-19],[-30,-80],[-59,18],[-14,-37],[-56,-83],[-33,-56],[-40,-59],[21,-260]],[[16125,44893],[2,18],[18,41],[13,84],[-7,18],[-4,50],[16,48],[29,39],[50,31]],[[9938,46112],[-26,-8],[-23,-16],[-21,-36],[34,-19],[-32,-11],[-30,-17],[-29,7],[-36,0],[-21,-11],[-31,7],[-23,15],[-32,6],[-41,-15],[-10,-27],[-48,0],[-2,14],[-37,18],[-33,2],[-5,14],[20,33],[24,11],[30,2],[60,16],[15,33]],[[20438,26863],[-16,33],[-70,0],[-14,14],[-42,9],[-6,18],[16,28],[-9,51],[19,40],[-52,126],[-25,19],[-21,28],[-31,4],[-33,13],[-18,16],[-30,-2],[6,43],[-29,62],[-33,-2],[-8,27],[-54,45],[-39,3],[-36,14],[-3,17],[-49,16],[24,10],[11,15],[-3,44],[51,35],[-8,45],[36,36],[-41,145],[-28,115],[-7,15],[-33,118],[-19,47],[-11,46],[-21,63],[-35,84],[-43,86],[-28,26],[-58,-16],[-9,-17],[-30,-3],[-19,9],[-7,20],[-44,8],[-33,19],[-15,-1],[-5,51],[-18,7],[-34,-1],[-25,65],[37,1],[31,-29],[5,-21],[38,17],[6,22],[35,-25],[21,20],[22,2],[33,-30],[52,4],[30,-19],[28,8],[33,32],[22,-14],[76,1],[62,13],[-48,25],[1,21],[34,31],[-9,18],[-20,-5],[-31,-32],[-27,-3],[-3,-18],[-18,-7],[-33,7],[-35,46],[-50,-7],[-15,-9],[-17,43],[-45,36],[-22,-15],[-34,17],[-61,9],[-33,-11],[-13,4],[30,61],[6,77],[-28,0],[-32,15],[-25,-10],[3,-14],[-56,-6],[-6,31],[-40,135],[-24,67],[-25,7],[0,22],[-15,43],[-17,25],[8,9],[-5,48],[18,0],[-3,26],[-16,4],[-17,34],[-16,9],[-33,78],[-11,39],[-16,33],[-10,40],[-18,33],[-28,64],[-47,30]],[[25366,16321],[-20,14],[-57,80],[-35,9],[-25,33],[-17,10],[-8,21],[-35,33],[-24,9],[-18,-4],[-23,19],[11,25],[-31,11],[-1,23],[-33,52],[-46,27],[-28,38],[-42,47],[-23,12],[-37,43],[-25,12],[-45,-21],[-32,23],[-8,32],[-79,93],[-21,19],[-17,2],[2,38],[-58,87],[1,29],[-18,-4],[-23,14],[-77,102],[-41,49],[-19,28],[-34,27],[-40,21],[-19,-9],[-10,-26],[-39,-3],[-19,-20],[-16,28],[-67,136],[-36,87],[-43,93],[-2,30],[-28,57],[4,29],[-22,33],[-7,38],[-33,63],[-17,58],[-21,3],[-18,32],[-10,31],[-34,81],[-14,43],[-43,101],[-35,72],[-16,41],[-30,60],[-9,27],[-37,70],[-19,48],[-11,13],[-25,-1],[-33,73],[-23,14],[-33,75],[-24,34],[-30,68],[-26,43],[-27,55],[-33,78],[-7,39],[-17,37],[-10,5],[-52,128],[28,66],[-35,-13],[-14,27],[-17,-3],[-41,105],[-34,72],[-45,101],[13,27],[-17,30],[-24,-10],[-35,93],[-22,47],[5,26]],[[30712,5070],[-68,49],[-167,134],[-43,28],[-16,0],[-48,61],[-44,16],[-46,41],[6,20],[-18,38],[-40,52],[-85,104],[-27,28],[-107,119],[-13,19],[-158,192],[-37,42],[-130,157],[-50,63],[-74,88],[-27,28],[-63,77],[-95,110],[-91,134],[-12,21],[-38,41],[-66,93],[-34,40],[-72,76],[-53,44],[-52,28],[-26,6],[-22,-10],[-18,31],[-42,43],[-18,35],[-8,63],[-10,18],[-10,45],[-16,35],[-29,114],[-1,21],[-14,48],[-59,132],[-47,102],[-46,88],[-38,85],[-171,359],[-44,97],[-38,75],[-46,98],[-24,59],[-46,89],[-29,69],[-14,39],[-38,129],[-47,180],[-26,129],[-22,148],[-1,18],[-16,117],[-27,267],[-15,131],[-18,108],[-27,142],[-4,32],[-27,124],[-5,37],[-28,111],[-43,114],[-8,35],[13,19],[-1,48],[-22,19],[-29,8],[-17,33],[-27,84],[-5,3],[-18,64],[-11,21],[-45,157],[-10,55],[-47,138],[-18,38],[-3,28],[-13,16],[-32,84],[-33,109],[-17,38],[-37,123],[-15,61],[-24,81],[-35,94],[-61,148],[-73,160],[-27,51],[-62,108],[-31,44],[-29,61],[-82,194],[-53,106],[-133,282],[-14,38],[-62,123],[-25,60],[-27,81],[-55,247],[-12,63],[-77,299],[-8,43],[-27,89],[-22,94],[-28,94],[-34,102],[-14,20],[-39,87],[-18,12],[-16,23],[-80,204],[-5,22],[-31,77],[-17,62],[-21,61],[-45,108],[-31,8],[-5,70],[-13,36],[-56,122],[-9,3],[-51,102],[-59,85],[-11,-2],[-46,41],[-63,19],[-28,-9],[-40,30],[-26,9],[2,33],[-54,137],[-84,233],[-59,145],[-49,105],[-33,61]],[[29825,79148],[-14,-16],[-2,-36],[14,-18],[28,-6],[13,-27],[-19,-14],[16,-15],[-15,-22],[-28,-14],[-25,-30],[3,-45]],[[29796,78905],[-71,-45],[-40,1],[-23,26],[-46,-17],[-43,53],[-39,-6],[-14,10],[-4,26],[-27,-9],[-1,43],[-31,3],[-1,55],[-29,22],[-28,37],[-27,5],[12,25],[-10,20],[21,17],[45,14],[13,-3],[52,16],[-1,21],[29,13],[-2,14],[31,22],[37,14],[14,-16],[24,-4],[15,-32],[-27,-5],[12,-24],[29,-7],[66,37],[26,-5],[-1,-23],[-44,-20],[34,-41],[17,27],[22,8],[39,-29]],[[87989,488],[-1,-32],[18,-48],[-4,-23],[-25,-25],[5,-33],[-2,-28],[9,-15],[30,-1],[17,-19],[-29,-48],[6,-14],[-18,-32],[-28,-7],[-3,-20],[-22,-14],[-6,25],[-49,48],[-50,2],[1,-11],[-19,-42],[9,-36],[-9,-39],[-24,-30],[-5,-32],[-10,-14],[-52,5],[-42,21],[-5,20],[24,23],[-15,31],[4,12],[28,7],[-3,14],[-27,2],[21,43],[18,7],[-24,35],[-18,-4],[-3,-24],[-14,-9],[-22,23],[-7,19],[-29,19],[-2,19],[21,33],[24,-1],[5,25],[-26,-5],[-13,14],[-35,3],[-25,32],[10,15],[-14,19],[16,12],[3,38],[-15,10],[-34,47],[2,30],[-40,-32],[-36,63],[29,7],[8,32],[-11,58],[-14,27],[-31,-13],[0,22],[-15,14],[7,22],[-26,44],[-49,12],[-17,15],[-15,45],[-57,19],[-24,-4],[-18,-46],[-18,0],[-11,20],[20,8],[1,25],[14,16],[-19,16],[14,26],[-24,12],[-6,24],[9,22],[5,35],[-20,6],[-3,17],[21,24],[-12,25],[-15,-4],[-16,26],[-1,25],[26,8],[33,37],[-28,13],[-18,-20],[-19,17],[2,40],[25,3],[10,29],[31,5],[8,40],[-16,34],[1,45],[27,23],[9,18],[21,10],[26,-12],[23,11],[35,0],[10,-14],[50,2],[40,42],[32,-10],[-10,33],[10,14],[31,5],[7,-16],[41,-7],[11,11],[38,12],[16,-9],[38,6],[4,47],[33,30],[30,7],[12,-7],[22,20],[36,-7],[2,-23],[-23,-23],[28,-38],[56,10],[29,-44],[19,-2],[-8,-31],[13,-29],[-12,-39],[30,-67],[-8,-45],[4,-31],[17,-8],[3,-21],[-17,-55],[14,-49],[24,-28],[35,-6],[16,-35],[-4,-17],[14,-13],[21,-51],[-14,-17],[17,-30],[-4,-18],[18,-8],[24,14],[23,-29],[11,-26],[26,-9],[7,-31],[-12,-20],[-38,25],[-10,30],[-26,3],[-21,-14],[-7,-40],[43,-24],[8,-13],[-4,-32],[16,-9],[10,-27],[29,-13],[-6,-25],[-17,-2],[-38,15],[-35,-35],[-2,-34],[-26,-20],[19,-48],[-23,-25],[-22,6],[-18,-14]],[[87358,1531],[13,-13],[-6,-23],[-20,3],[-2,24],[15,9]],[[87267,2105],[43,2],[16,7],[4,-34],[31,-4],[0,36],[-8,25],[-33,16],[0,23],[12,23],[-12,27],[3,37],[17,18],[12,-34],[15,-16],[6,-30],[-3,-59],[13,-18],[105,-73],[4,-23],[-8,-28],[-43,-40],[-15,-24],[-6,-35],[-18,-19],[-17,-45],[-65,-20],[-26,-31],[-40,-10],[-25,-22],[-4,-26],[-22,-29],[-6,-31],[-29,-18],[-26,-31],[-20,-5],[-29,32],[0,12],[-36,40],[18,19],[2,45],[-20,56],[-28,17],[29,14],[25,25],[5,34],[-15,14],[-9,82],[5,32],[27,12],[29,-18],[15,7],[30,34],[16,1],[14,-31],[33,17],[9,34],[25,13]],[[87273,2131],[-17,-3],[-15,31],[18,8],[14,-36]],[[86771,2542],[1,-28],[-12,-8],[-24,24],[-3,24],[38,-12]],[[86798,4200],[46,-12],[7,-28],[44,-60],[11,-39],[-10,-25],[11,-19],[-12,-22],[7,-20],[-5,-40],[3,-26],[-14,-20],[-23,1],[-55,52],[-52,33],[-6,14],[-41,19],[-24,20],[-4,14],[-28,18],[-8,31],[29,0],[26,-8],[19,42],[12,4],[-11,44],[5,16],[32,-36],[4,-19],[21,-19],[5,-22],[22,-17],[-12,65],[-12,40],[13,19]],[[86910,4509],[14,-26],[10,-62],[-2,-76],[23,-39],[12,-36],[-2,-14],[-22,-18],[-17,24],[-20,15],[-7,21],[-19,15],[-2,38],[51,-32],[-5,32],[-60,76],[31,46],[7,27],[-21,16],[-14,-6],[-10,-33],[-16,22],[31,22],[27,4],[11,-16]],[[86006,3896],[-1,24],[-19,24],[-7,34],[20,32],[26,25],[-7,42],[15,35],[25,29],[33,6],[19,16],[20,-27],[38,17],[16,22],[37,2],[61,-15],[23,-14],[4,-19],[-21,-46],[12,-31],[-7,-33],[22,-15],[17,-28],[31,1],[12,18],[19,1],[11,-33],[86,-67],[17,-45],[-4,-17],[32,-78],[-13,-30],[-32,-37],[-26,5],[-5,31],[-33,50],[-56,27],[-49,-5],[-11,-10],[-40,-3],[-15,-31],[-48,-31],[-83,27],[-27,29],[2,35],[-11,23],[39,39],[30,15],[0,45],[-11,19],[9,19],[-38,2],[-9,-21],[-18,4],[-16,-25],[6,-37],[-26,2],[-9,-38],[-27,12],[-13,24]],[[86661,4171],[-18,-12],[5,-17],[-6,-32],[-16,-5],[-26,6],[-16,40],[-6,30],[-2,77],[16,5],[34,-25],[22,7],[14,23],[29,-3],[16,39],[27,38],[-27,11],[20,14],[-62,20],[-2,-25],[-39,-36],[-16,3],[-4,-42],[-12,-12],[-20,19],[3,25],[-8,74],[18,24],[-28,10],[-9,-17],[-22,23],[-16,27],[-6,33],[-18,25],[29,13],[-11,45],[-30,12],[-2,32],[14,80],[58,15],[16,26],[28,18],[12,43],[-5,30],[12,12],[77,27],[13,11],[75,-21],[8,-14],[2,-59],[-7,-29],[-21,-15],[-10,-20],[-21,-15],[-25,-29],[-17,14],[35,24],[-10,11],[-30,-28],[-20,-40],[-14,-7],[4,-51],[-17,-8],[33,-32],[8,-26],[17,-4],[20,-32],[25,-73],[17,-5],[31,-24],[15,-27],[2,-35],[-20,-69],[14,-17],[2,-21],[-26,6],[-12,34],[-32,6],[-7,-13],[-3,-39],[-26,5],[-38,-4],[-9,-37],[21,-17]],[[85103,5562],[-33,4],[-17,11],[-13,26],[6,28],[24,32],[39,-31],[0,-41],[13,-21],[-19,-8]],[[85019,16781],[36,-22],[20,-2],[24,16],[66,11],[19,-10],[8,-20],[-30,-39],[-13,-27],[-28,-7],[-20,5],[-44,26],[-6,11],[-32,19],[-22,1],[-3,59],[25,-21]],[[84852,17437],[38,4],[21,-16],[26,-3],[22,-30],[22,-42],[-10,-45],[38,-76],[28,-47],[7,-42],[30,-14],[32,-80],[2,-38],[24,-42],[-7,-23],[-24,-26],[-21,-8],[-23,6],[-23,19],[-7,37],[-17,31],[-35,49],[-5,24],[-19,14],[-9,32],[-25,19],[-18,-22],[-39,11],[-18,26],[-10,37],[-17,43],[-19,9],[-55,8],[-18,-3],[-11,26],[-13,6],[7,36],[37,5],[23,10],[47,66],[7,47],[32,-8]],[[84970,17634],[-17,-57],[2,-67],[13,-55],[-31,-20],[-22,8],[-60,37],[-10,19],[-24,9],[-17,18],[-8,36],[15,65],[-5,31],[23,8],[25,-18],[20,3],[29,11],[39,-9],[28,-19]],[[85040,17768],[25,-59],[-17,-17],[19,-81],[33,-40],[24,-16],[5,-28],[-5,-44],[-14,-26],[-24,-3],[-20,46],[-33,35],[-28,15],[-30,5],[0,52],[6,17],[-6,58],[-14,26],[4,50],[19,35],[38,21],[16,-5],[2,-41]],[[85206,17574],[-23,20],[-10,25],[-17,14],[-11,24],[13,11],[23,58],[-32,-19],[-32,2],[-12,13],[-28,8],[5,49],[35,86],[27,73],[37,57],[27,-6],[-12,-31],[41,-17],[-11,-26],[18,-10],[9,-42],[-18,-49],[4,-13],[33,-21],[-35,-48],[14,-14],[-20,-27],[15,-18],[2,-44],[-4,-32],[-38,-23]],[[84780,17589],[-4,26],[1,60],[24,-36],[2,-15],[-22,-22],[-1,-13]],[[84922,17827],[20,-10],[1,-93],[22,-39],[-3,-18],[-53,1],[-34,-14],[-15,21],[-26,8],[-9,-11],[-28,31],[-8,42],[0,38],[19,18],[53,0],[32,10],[13,21],[16,-5]],[[84736,18032],[7,-24],[-18,-15],[-6,-24],[-25,15],[9,46],[33,2]],[[84613,18140],[34,-46],[11,-32],[-35,-30],[-43,11],[-11,-25],[-19,-7],[5,-18],[-21,-7],[-13,36],[-1,32],[-17,33],[15,32],[15,0],[5,-36],[19,3],[-1,32],[36,23],[21,-1]],[[84731,18290],[-12,-26],[11,-27],[21,-17],[-4,-22],[-35,-41],[-9,-25],[24,-12],[-17,-37],[-24,-29],[-13,14],[-4,55],[16,29],[-29,24],[1,24],[-45,3],[2,45],[39,15],[21,-13],[-1,-18],[35,-3],[2,77],[21,-16]],[[85738,4960],[31,-56],[3,-46],[-38,-11],[-18,24],[-29,23],[-16,34],[5,29],[23,19],[27,6],[12,-22]],[[85355,5275],[13,-20],[36,0],[-9,-66],[-29,-53],[5,-29],[-23,-58],[2,-33],[33,-45],[73,-67],[55,-23],[37,-20],[34,-11],[35,-37],[-14,-56],[-39,-5],[-58,24],[-22,-1],[-28,18],[-88,44],[-33,12],[-19,16],[-42,49],[-16,36],[-34,43],[-15,31],[-4,61],[7,32],[30,63],[2,47],[39,35],[20,-8],[52,21]],[[87036,5889],[13,-37],[38,-16],[-8,-19],[14,-18],[-20,-21],[17,-28],[-6,-8],[14,-37],[9,-51],[-32,13],[-18,-14],[-17,-62],[18,-34],[-3,-24],[-22,6],[5,50],[-7,24],[18,25],[-9,14],[-7,43],[26,8],[8,15],[-18,34],[6,33],[-14,58],[-19,41],[-19,21],[1,55],[11,14],[-10,23],[10,11],[20,-34],[-8,-42],[9,-43]],[[85214,16574],[6,20],[24,1],[-13,-25],[-17,4]],[[85361,17778],[10,-17],[-25,-30],[-21,34],[23,24],[13,-11]],[[85306,18091],[-15,-26],[7,-36],[-3,-47],[-30,22],[7,26],[-19,44],[-27,-32],[-35,2],[-26,12],[10,40],[20,28],[9,37],[31,-13],[-5,-52],[7,-10],[32,1],[17,26],[8,44],[12,-1],[0,-65]],[[84278,8158],[36,-32],[15,-26],[21,-68],[-4,-29],[22,-39],[-1,-31],[-11,-26],[5,-38],[-42,-12],[-17,-28],[-30,-19],[-51,-7],[-36,10],[-23,19],[-29,-11],[-24,9],[-58,-11],[-22,1],[-19,24],[0,18],[-21,28],[-5,27],[8,60],[-5,70],[2,47],[10,30],[26,7],[16,-12],[20,4],[23,-14],[14,10],[48,0],[29,49],[13,55],[12,8],[31,-24],[47,-49]],[[84491,17945],[-34,15],[-30,-10],[3,-14],[27,-5],[9,-21],[-9,-54],[1,-35],[-19,-27],[-26,-3],[1,25],[-42,31],[-22,-16],[16,-14],[-44,-63],[9,-36],[-36,-9],[21,-30],[16,-5],[-30,-36],[-31,14],[-23,-12],[27,-27],[-4,-16],[-31,-15],[5,-18],[-35,-30],[-6,14],[-32,-27],[-27,-12],[-28,38],[-39,-2],[-16,16],[-4,62],[20,44],[7,40],[12,10],[13,34],[22,29],[-7,26],[20,37],[-9,10],[28,52],[-7,37],[9,18],[-13,18],[14,24],[-4,39],[4,43],[17,13],[-26,13],[-17,-22],[-36,-22],[-18,7],[3,29],[-18,1],[21,62],[4,37],[48,-35],[26,29],[13,25],[23,22],[-25,28],[-25,8],[6,37],[51,8],[39,-25],[23,26],[27,6],[83,-45],[10,13],[27,3],[14,-8],[19,10],[52,-14],[11,-44],[24,-19],[-6,-16],[26,-27],[18,-7],[-10,-26],[-14,-1],[-23,-23],[-45,2],[-21,-17],[11,-34],[32,-35],[11,-67],[31,-9],[-4,-33],[-47,-2],[-11,13]],[[84148,17183],[-1,-42],[-65,-23],[-26,34],[62,36],[30,-5]],[[83126,12468],[-42,30],[-78,21],[-34,-4],[-40,-48],[-52,-11],[-34,22],[7,20],[33,40],[5,30],[46,54],[14,85],[24,17],[-3,30],[-29,77],[-48,75],[-40,5],[-8,34],[-6,90],[10,46],[-16,67],[0,42],[10,26],[-13,29],[0,37],[29,9],[36,-19],[40,20],[29,29],[18,26],[4,27],[14,27],[37,25],[37,44],[31,-1],[9,26],[0,30],[-12,13],[43,26],[30,11],[31,35],[13,25],[34,8],[14,-5],[16,21],[30,4],[25,-19],[10,-22],[17,-2],[65,-53],[19,-30],[-11,-47],[23,-55],[-9,-17],[5,-44],[9,-16],[24,-5],[10,-22],[38,-25],[3,-24],[-12,-69],[0,-66],[15,-25],[8,-51],[24,-38],[3,-27],[-3,-58],[-10,-10],[-28,10],[-25,-15],[-9,-15],[9,-42],[-5,-18],[-25,2],[-54,-41],[-30,-44],[-16,-41],[-4,-39],[8,-32],[81,-25],[11,-29],[-51,-66],[-24,-12],[-18,-56],[-24,-20],[-9,-36],[-65,-23],[-47,-1],[-14,11],[-45,10],[-41,32],[-17,20]],[[83616,13770],[-2,26],[32,-17],[-17,-18],[-13,9]],[[82310,13946],[-5,-18],[-25,-12],[-19,22],[22,13],[27,-5]],[[83786,13950],[5,21],[24,1],[5,-19],[-18,-12],[-16,9]],[[83886,14802],[28,72],[-11,21],[5,43],[36,17],[5,-9],[-6,-54],[3,-22],[-38,-37],[-10,-31],[-12,0]],[[83997,15038],[-42,-51],[-6,33],[18,14],[5,24],[13,9],[7,28],[16,-9],[-1,-36],[-10,-12]],[[83636,15488],[-13,24],[10,56],[15,53],[22,28],[25,46],[22,-12],[23,-1],[-10,-37],[30,-24],[31,-10],[29,2],[3,-31],[26,-29],[-7,-29],[17,-24],[2,-28],[10,-11],[3,-35],[-15,-14],[-30,-8],[11,-19],[-24,-18],[-46,-16],[35,-50],[24,7],[64,-39],[4,-30],[-7,-19],[-38,-24],[-40,-6],[-8,-17],[-54,3],[-34,-32],[-41,9],[-42,-3],[-42,-9],[-27,10],[-15,14],[-27,56],[29,15],[8,38],[-16,48],[28,-4],[76,5],[17,13],[8,47],[-9,42],[19,10],[-12,27],[-23,10],[-11,16]],[[83449,15762],[28,-23],[-6,-32],[-18,-2],[-30,47],[26,10]],[[83640,15831],[7,-44],[-34,-22],[-6,42],[11,5],[4,31],[18,-12]],[[83565,15865],[7,-6],[2,-66],[-7,-30],[-20,17],[-14,38],[16,34],[16,13]],[[82290,15962],[25,-24],[21,16],[32,0],[62,-7],[27,-17],[-9,-45],[6,-74],[14,-25],[1,-21],[-13,-40],[-32,-17],[-21,21],[-23,7],[-43,-3],[-45,16],[-22,0],[-15,20],[-15,38],[1,30],[23,55],[-27,43],[29,10],[24,17]],[[83644,15915],[4,-25],[-9,-25],[-19,2],[-2,19],[-32,-13],[4,57],[33,11],[21,-26]],[[83405,15982],[-9,-34],[42,-19],[22,26],[-8,-69],[-20,-2],[-6,-31],[-64,5],[-8,25],[10,40],[-10,30],[7,34],[17,5],[27,-10]],[[84119,17371],[-30,16],[0,19],[-26,9],[-19,-4],[7,-29],[-13,-15],[57,-14],[8,-21],[-7,-20],[23,-7],[6,18],[31,12],[1,-37],[-29,-13],[-44,-6],[6,-13],[25,-11],[-3,-15],[-24,-15],[-12,17],[-29,-20],[-9,7],[19,33],[3,27],[-35,20],[-16,-20],[-33,-10],[13,-43],[18,-8],[10,-20],[-19,-23],[-12,18],[-23,3],[10,-46],[-27,-1],[25,-35],[-4,-20],[-45,-32],[25,-13],[18,-38],[9,-43],[-15,-13],[-14,17],[-20,0],[-18,-15],[23,-26],[22,-10],[2,-24],[35,8],[7,-23],[-55,-3],[-15,-35],[32,-18],[29,29],[21,-31],[-12,-48],[-14,-7],[-22,-60],[18,-14],[16,25],[-3,13],[32,44],[12,27],[-4,51],[20,10],[5,22],[15,9],[-32,39],[3,48],[14,35],[30,-1],[14,18],[-26,8],[10,21],[45,5],[14,20],[24,0],[25,-13],[30,-34],[0,-31],[-26,-78],[39,-29],[-12,-8],[2,-25],[-11,-50],[8,-15],[-18,-16],[-1,-21],[-14,-29],[6,-18],[-13,-53],[-18,-47],[5,-44],[-14,-19],[5,-23],[-12,-15],[1,-52],[-17,-25],[-7,-49],[-13,-37],[9,-32],[-9,-25],[-24,30],[-18,-1],[10,-55],[-21,-7],[-25,24],[-32,-2],[-11,22],[-42,-11],[-15,-17],[5,-42],[-10,-29],[7,-25],[-23,-1],[-39,-20],[-37,-2],[-24,8],[-12,-17],[14,-70],[23,-38],[22,-14],[-7,-22],[50,4],[16,14],[-11,18],[8,16],[-14,18],[22,14],[8,30],[18,-19],[18,4],[-8,26],[33,4],[35,15],[0,15],[-26,2],[-20,11],[7,16],[-10,24],[13,15],[43,-5],[58,-23],[-5,-16],[30,-14],[3,-29],[-6,-27],[-26,-10],[-3,-17],[18,-23],[-2,-78],[-39,-51],[12,-12],[-8,-32],[-13,-10],[5,-20],[-31,-37],[14,-19],[-9,-35],[-25,-32],[-3,-14],[12,-38],[-15,-14],[-21,-48],[1,-14],[-17,-21],[-23,15],[-17,48],[-41,4],[-13,11],[-26,0],[-16,-24],[-27,8],[-16,28],[-12,-1],[-32,28],[-1,47],[26,37],[0,21],[-20,-1],[-13,15],[14,14],[7,27],[-26,9],[-28,20],[-17,-13],[-28,-47],[-1,45],[-7,38],[-27,20],[-16,44],[11,44],[25,3],[21,-24],[28,6],[30,-13],[19,41],[-6,51],[-28,38],[-17,-21],[7,-17],[-8,-38],[-41,13],[-35,27],[-20,31],[-33,68],[21,27],[3,42],[-21,42],[-4,28],[8,19],[-5,41],[-21,-2],[-13,14],[-33,-19],[-2,-34],[6,-22],[-6,-42],[-26,-23],[-12,9],[-26,76],[-6,61],[5,49],[-6,19],[16,54],[-10,36],[4,30],[-7,16],[-6,82],[-10,19],[11,11],[3,57],[-4,23],[-34,-50],[-31,-9],[-11,-27],[-20,-11],[-12,27],[14,24],[-27,18],[31,23],[-9,28],[8,20],[29,-2],[7,28],[-5,25],[-20,9],[5,27],[36,25],[-11,26],[21,19],[4,20],[22,-3],[23,-18],[11,24],[-15,15],[34,48],[25,-52],[21,-3],[-1,-24],[-23,12],[-13,-7],[7,-28],[37,5],[1,-38],[8,-124],[37,5],[1,47],[-7,9],[3,37],[22,-37],[-10,-30],[20,-55],[-4,-30],[13,-19],[4,-26],[24,19],[0,42],[-8,64],[7,18],[-11,21],[-3,38],[5,56],[36,37],[-14,15],[-27,-3],[11,76],[-6,16],[9,24],[-6,26],[3,58],[15,14],[-12,21],[17,72],[21,22],[-7,30],[20,16],[-19,23],[10,36],[-20,13],[1,74],[8,22],[7,49],[25,47],[-2,12],[30,96],[18,80],[12,17],[24,54],[15,0],[-24,-61],[14,-3],[26,71],[14,11],[15,37],[19,-16],[26,5],[-8,22],[14,49],[35,12],[25,-36],[3,-30],[11,-26],[-7,-39],[15,-28],[-14,-11],[-20,-43],[-8,-43],[23,1],[-1,-33],[16,-12],[4,50],[18,36],[47,26],[42,-5],[14,-10],[32,-3],[-1,-44],[-9,-13],[-8,-38],[-27,-66],[-2,-24],[-19,-25],[-12,-31],[-1,-46],[9,-33],[15,-21],[51,-20],[3,-16],[-20,-26],[35,1],[37,-27],[20,14],[16,-19],[-20,-38],[7,-23],[-16,-12],[-21,11],[-21,-20],[-19,8]],[[84003,17069],[7,-70],[-22,-20],[-10,24],[2,51],[23,15]],[[84034,18068],[-6,-37],[1,-26],[33,28],[-8,17],[6,22],[24,-17],[39,-8],[14,4],[-4,-48],[10,-50],[15,1],[-14,-53],[-35,0],[-20,-8],[-16,10],[-34,4],[-11,27],[-23,-15],[-5,29],[8,33],[-6,21],[-2,65],[28,31],[20,-12],[-14,-18]],[[84061,18206],[2,26],[25,-7],[-7,-44],[-33,-66],[3,55],[10,36]],[[84149,18180],[-22,7],[-20,26],[27,52],[24,-27],[-9,-58]],[[84483,18083],[-6,17],[11,25],[15,-7],[-20,-35]],[[84475,18403],[34,-19],[55,10],[13,-25],[23,7],[-7,-31],[-33,17],[-26,-33],[-27,15],[-31,6],[-13,37],[12,16]],[[84571,18634],[13,-30],[-34,-25],[8,-25],[-43,13],[-16,-25],[-24,13],[-2,26],[-18,0],[-40,40],[10,16],[30,11],[94,-36],[22,22]],[[83982,18274],[24,-3],[-17,-82],[-19,-62],[-5,-32],[-24,9],[-5,48],[-11,51],[13,25],[-4,28],[10,32],[38,-14]],[[83863,19080],[6,-11],[-16,-50],[-31,30],[13,34],[28,-3]],[[83579,17207],[29,-70],[7,-36],[-41,-33],[1,70],[-3,36],[-26,46],[24,2],[9,-15]],[[83960,20031],[16,-2],[-8,-32],[0,-56],[5,-44],[-6,-31],[36,-62],[10,-38],[-23,6],[-6,-51],[8,-9],[-1,-31],[-22,-7],[-15,36],[17,20],[-4,54],[-11,48],[3,15],[-17,30],[-16,12],[-19,45],[19,14],[4,33],[17,19],[13,31]],[[84026,20146],[2,-6],[-39,-88],[-19,-11],[-17,18],[28,53],[14,38],[31,-4]],[[84001,20253],[-10,-49],[1,-21],[-16,-39],[-36,-33],[-1,-27],[-38,-32],[-57,3],[26,-21],[17,-37],[-1,-13],[-44,-20],[-20,-65],[-19,16],[7,60],[-17,20],[-5,40],[-15,15],[-14,38],[-6,47],[6,21],[20,10],[27,40],[9,48],[-7,17],[20,22],[-4,30],[9,43],[12,14],[12,40],[-23,10],[-13,24],[11,37],[26,25],[10,30],[36,24],[25,-14],[34,-1],[6,-15],[24,-3],[1,-67],[-11,-45],[19,-12],[-6,-36],[3,-29],[-6,-31],[11,-44],[-3,-20]],[[84474,18661],[-5,14],[21,12],[11,-25],[-27,-1]],[[84405,18628],[-7,-20],[9,-20],[21,-6],[44,-67],[2,-26],[26,2],[16,-30],[15,10],[30,-2],[32,-59],[-30,20],[-23,-13],[10,-21],[-37,-10],[-33,23],[-24,-15],[19,-44],[-16,-4],[-28,-32],[-34,-5],[-20,-13],[-74,43],[-27,-8],[-28,-23],[-13,20],[-39,3],[-28,10],[-45,-41],[-14,-26],[-17,15],[-40,0],[-22,7],[-35,-9],[-18,47],[-13,-14],[-13,43],[6,20],[-31,5],[7,88],[-6,29],[20,16],[-21,28],[-6,32],[1,45],[7,19],[-6,58],[15,30],[-4,28],[15,26],[-14,26],[-3,36],[9,42],[16,33],[-19,21],[-12,52],[6,59],[26,59],[3,30],[-14,14],[11,37],[-13,11],[-2,25],[11,30],[-23,15],[-55,12],[6,28],[27,-18],[20,17],[15,-13],[20,29],[13,51],[25,-7],[48,28],[-11,48],[29,25],[9,23],[25,-5],[2,17],[55,-12],[32,-3],[11,-51],[20,13],[27,-6],[18,20],[-38,20],[5,18],[21,0],[1,27],[-26,41],[-17,3],[-23,-25],[-27,-40],[-22,-5],[-36,12],[-30,-10],[-36,9],[12,23],[-9,25],[-20,13],[5,15],[38,15],[-5,11],[7,63],[-10,44],[-26,20],[0,34],[-14,38],[-20,75],[3,87],[5,33],[32,15],[19,2],[11,20],[45,39],[42,-40],[2,41],[22,-20],[-2,-39],[27,-23],[14,1],[4,29],[-15,27],[-3,35],[9,33],[30,3],[0,71],[-3,19],[38,23],[65,-2],[13,-9],[12,-28],[24,5],[13,15],[10,-3],[-1,-17],[-10,-21],[17,-11],[103,19],[-13,28],[28,18],[24,-6],[36,17],[0,38],[8,24],[25,-12],[15,-34],[-1,-32],[-13,-14],[44,-4],[19,-14],[13,-63],[-8,-18],[24,-11],[17,-17],[-31,-52],[13,-48],[15,19],[-15,26],[39,-3],[-4,-24],[9,-26],[18,-20],[6,-20],[-15,-17],[-2,-25],[-18,-6],[-27,-22],[-21,-31],[36,-28],[32,9],[-2,-24],[11,-17],[31,-7],[7,-28],[19,-25],[-14,-42],[27,-42],[-23,-21],[1,-43],[-8,-32],[5,-28],[-12,-21],[4,-36],[-17,-60],[-1,-51],[-34,19],[-14,-10],[16,-34],[6,-36],[21,-13],[3,-31],[16,-30],[-6,-22],[37,-60],[15,-52],[-4,-40],[-20,-28],[-11,-27],[-29,-26],[-6,-14],[42,-5],[8,-12],[-24,-35],[-58,38],[-11,-41],[-10,-12],[-29,-8],[2,-16],[42,-25],[17,25],[25,2],[6,-27],[-23,-6],[-16,-15],[-14,-34],[-15,-10],[-19,6],[-13,-14],[-26,-2],[-5,-24],[3,-46],[-15,-39],[1,-15],[-31,2],[10,42],[-47,36],[-13,19],[-35,24],[-3,16],[-39,-9],[-26,24],[-46,22],[85,-66],[15,4],[40,-27],[29,-47],[-37,9],[-42,-14],[-31,29],[-28,-11],[-36,2],[-30,24],[-25,-8],[-6,-15],[20,-44],[20,-23]],[[84204,20073],[14,-31],[-2,-23],[-33,14],[-6,15],[7,25],[-25,34],[8,22],[23,18],[10,-8],[4,-66]],[[84152,20084],[-29,3],[4,40],[26,-27],[-1,-16]],[[84218,20208],[-12,5],[2,28],[32,-4],[-22,-29]],[[84248,20302],[23,-44],[-28,-18],[-32,9],[20,23],[-30,0],[-20,13],[21,15],[28,7],[18,-5]],[[83996,20912],[-38,-22],[-33,-56],[-14,63],[2,16],[27,-4],[56,3]],[[84497,20367],[20,-38],[-21,-1],[-27,29],[9,18],[19,-8]],[[84418,22027],[6,-9],[-48,-40],[-31,7],[-8,18],[18,40],[32,-7],[26,17],[5,-26]],[[84671,18460],[-27,-47],[-7,12],[8,34],[26,1]],[[84799,18724],[-2,-16],[16,-19],[-27,-42],[-24,-11],[-7,-17],[-2,-61],[-20,-19],[-14,-54],[-38,33],[-8,21],[28,32],[-8,26],[3,33],[24,48],[17,11],[25,-8],[15,33],[22,10]],[[84834,20421],[-4,-11],[-35,-4],[12,21],[27,-6]],[[84962,20572],[-37,-22],[-21,-36],[-38,-39],[15,-18],[0,-50],[8,-25],[-32,3],[-4,63],[-47,3],[-14,18],[37,6],[3,19],[-15,20],[-32,17],[33,26],[15,-18],[-12,-14],[15,-31],[17,-9],[16,26],[18,6],[23,26],[-11,25],[24,-1],[25,11],[14,-6]],[[84720,20675],[14,7],[18,-24],[-10,-33],[14,-38],[-24,-5],[-15,20],[-17,-7],[-23,12],[-16,37],[23,23],[8,25],[28,-17]],[[84688,22361],[29,11],[32,-7],[26,-14],[18,36],[16,-5],[27,7],[22,-27],[0,-21],[44,-5],[13,16],[-18,23],[3,19],[-12,15],[13,23],[-4,17],[19,13],[48,-35],[18,-45],[23,6],[-5,39],[12,36],[27,30],[23,-36],[17,-46],[12,-58],[10,-24],[-8,-15],[2,-52],[-12,-20],[0,-43],[-16,-6],[-7,-65],[0,-50],[9,-20],[-10,-37],[-18,6],[-25,-8],[-21,11],[-25,-9],[8,-23],[25,4],[1,18],[46,-13],[17,-35],[30,-20],[0,-22],[19,-4],[30,30],[2,-49],[25,25],[8,-24],[-16,-20],[-39,-8],[-9,-33],[-26,-14],[-3,-24],[-24,-19],[21,-14],[0,-23],[-44,-15],[-28,16],[-51,10],[-49,-40],[-5,-25],[-16,-18],[-27,48],[-1,19],[-15,11],[-9,25],[-18,-11],[0,-16],[-21,-32],[1,-25],[49,-35],[24,2],[25,-23],[42,-10],[-11,-45],[23,-4],[23,10],[31,-31],[-6,-23],[-18,-17],[51,-17],[14,16],[7,-44],[25,10],[-18,16],[23,16],[23,-7],[-23,-33],[17,-32],[26,12],[18,-9],[-3,-39],[-7,-12],[4,-36],[-18,-19],[-29,-15],[9,-43],[-12,-10],[-16,-37],[-17,-60],[16,-18],[-9,-24],[10,-80],[-21,-38],[1,-47],[12,-51],[-1,-58],[-28,-17],[12,-32],[-25,-41],[-31,-15],[-25,-61],[-36,15],[-35,-31],[-47,11],[-18,-14],[7,-25],[-26,-8],[-19,11],[-11,34],[-37,18],[-15,16],[-8,28],[29,20],[-1,29],[-14,22],[-15,-30],[-45,-6],[-21,53],[-16,-59],[20,-16],[-20,-62],[-23,-35],[17,-51],[-7,-16],[22,-41],[31,-21],[25,-7],[31,-20],[-13,-26],[-23,-29],[-31,7],[-19,-44],[-13,7],[0,30],[-10,73],[-8,17],[-19,5],[-6,26],[-44,-54],[-7,-31],[-24,-18],[9,-20],[-13,-16],[14,-29],[-21,-32],[-38,0],[-11,-26],[10,-30],[-9,-41],[12,-11],[34,24],[16,-2],[-20,-62],[11,-22],[-54,-14],[-45,-6],[-6,16],[8,10],[0,17],[-20,7],[-34,-15],[-5,24],[-51,16],[-34,1],[-30,93],[18,5],[9,52],[-33,25],[5,49],[18,13],[-12,15],[-1,29],[22,21],[21,-29],[41,16],[-19,13],[-13,21],[48,18],[2,32],[-65,-17],[-43,16],[-10,20],[14,27],[-4,35],[12,37],[-11,14],[14,56],[3,34],[-9,32],[20,6],[15,-56],[22,5],[1,15],[-22,20],[7,39],[19,14],[22,-2],[9,30],[-19,10],[-21,38],[29,5],[3,17],[35,-11],[5,-12],[28,4],[13,11],[-13,20],[23,16],[-10,14],[-23,3],[-19,15],[-34,-20],[-27,28],[-1,32],[12,24],[25,13],[34,-14],[5,17],[-57,30],[18,31],[-6,24],[38,43],[-29,11],[16,16],[-6,46],[29,20],[22,-16],[23,5],[15,58],[-13,21],[-39,-5],[-11,36],[-28,-10],[-16,34],[8,28],[41,-8],[-5,27],[24,25],[-8,19],[-22,-7],[-18,10],[9,29],[-12,7],[-2,33],[27,30],[2,27],[-8,19],[9,16],[1,33],[17,34],[25,-23],[21,26],[35,17],[-45,20],[-31,7],[-1,23],[12,34],[13,9],[33,-12],[22,-25],[15,17],[31,-29],[13,2],[-4,30],[-13,24],[-28,8],[11,19],[40,32],[-13,46],[-25,4],[9,43],[-17,16],[4,25],[47,17],[33,-8],[15,7],[12,26],[7,40],[36,10],[43,-31],[18,27],[-29,49],[8,24],[-48,19],[7,22],[25,6]],[[84974,21616],[22,-22],[-57,10],[22,38],[13,-26]],[[85029,21673],[-8,-19],[-6,-46],[-16,4],[6,58],[24,3]],[[85148,21831],[13,-46],[32,-46],[26,-18],[25,7],[11,-24],[-43,-16],[-20,-27],[-7,-55],[-19,12],[-10,22],[4,21],[-10,24],[-16,-4],[-23,-23],[-27,2],[7,49],[17,35],[-24,40],[6,29],[25,13],[18,29],[15,-24]],[[84621,22574],[-13,-24],[-46,-34],[22,47],[18,16],[19,-5]],[[85171,22735],[-25,-8],[-11,-34],[-25,-42],[-14,45],[51,47],[24,-8]],[[85025,22812],[-4,-11],[13,-49],[1,-22],[23,-44],[-11,-18],[-18,-3],[-14,15],[-21,50],[-32,17],[-14,-1],[-12,-23],[-35,-7],[-13,23],[8,44],[39,5],[30,-3],[38,-16],[22,43]],[[32376,77911],[-16,-6],[-86,41],[-14,29],[-28,24],[-38,47],[-12,35],[2,18],[-20,22],[-17,0],[-43,-56],[-3,-59],[-9,-12],[-26,1],[-17,18],[-47,-18],[-28,-17],[-15,6],[-39,-5],[-30,-16],[-23,26],[-45,1],[-3,20],[21,3],[12,17],[37,6],[34,51],[21,0],[-1,29],[15,24],[-32,23],[-15,-33],[-21,-11],[-31,-38],[-46,-25],[-23,-22],[-38,-16],[-17,14],[25,26],[-8,17],[-41,2],[-6,27],[-86,10],[-33,56],[-39,-2],[-45,-14],[-23,-24],[-41,18],[-20,21],[-67,24],[-26,-4],[-4,36],[-20,21],[-24,1],[-24,-14],[-44,-5],[-58,16],[-21,-11],[-28,-41],[-15,32],[-3,103],[-48,66],[-26,3],[-56,31],[-59,3],[-22,6],[-33,22],[-38,65],[41,16],[15,32],[23,-5],[32,23],[20,31],[33,22],[-3,87],[19,28],[-22,12],[-20,23],[-6,28],[13,18],[7,30],[-27,39],[11,15],[-10,16],[-22,5],[-23,23],[-20,0],[-15,22],[-30,15],[-20,35],[-25,5],[-63,51],[-61,8],[-37,-9],[-14,14],[-24,-1],[-23,24],[-24,-10],[8,-29],[-34,-1],[-21,-11],[-32,21],[2,28],[-8,53],[-30,8],[-16,18],[36,13],[7,33],[-17,7],[-5,73],[-30,-14],[-14,18],[-57,7],[-58,38],[-23,-7],[-31,3],[-17,44],[25,42],[-24,15],[-2,14],[-34,51],[-30,-4],[-9,23],[-25,30],[7,37],[-35,-24],[-26,-3],[-13,-18],[-66,-21],[8,-17],[-30,-8],[-63,55],[-34,6],[-24,42],[-25,27],[9,13],[-16,35],[-46,-10],[-44,-29],[-39,-7],[-34,-30]],[[29617,79641],[-19,11],[-18,44],[-23,19],[-34,4],[-32,25],[-13,36],[-47,49],[-18,-5],[-30,35],[-35,2],[-49,-10],[-35,3],[-2,18],[-24,22],[-23,2],[-25,21],[-46,8],[-15,19],[-31,9],[12,85],[-40,20],[-19,50],[40,31],[-16,50],[0,26],[17,4],[12,44],[31,28],[10,22],[-8,28],[-65,-1],[-13,20],[-38,5],[-2,16],[31,40],[6,25],[-36,16],[8,47],[17,20],[-8,14],[28,41],[35,25],[69,38],[-32,29],[9,15],[-38,13],[-46,-28],[-26,-4],[-46,-16],[-15,37],[23,13],[-2,23],[12,18],[42,15],[4,19],[-53,38],[-29,43],[-29,-11],[-47,-30],[-14,-27],[-42,-3],[-19,20],[23,36],[4,29],[-29,11],[-18,-37],[5,-33],[-29,-14],[-26,12],[25,36],[-10,20],[-21,10],[-51,-41],[-25,7],[-13,39],[7,14],[-20,17],[-18,43],[-22,14],[-16,-21],[-39,-28],[-16,-27],[-65,-21],[4,29],[60,25],[16,25],[-29,29],[-58,33],[-20,17],[-23,42],[5,16],[-24,16],[-40,55],[-13,40],[-38,38],[36,24],[-22,35],[-29,5],[5,25],[-36,39],[-14,28],[-17,-29],[9,-15],[-2,-50],[-15,-15],[-29,-2],[-22,-15],[-74,8],[-5,-74],[41,-2],[-3,-48],[18,-30],[2,-36],[-31,-11],[-21,21],[-82,-13],[21,-44],[31,-25],[-39,-7],[-43,-27],[-81,-35],[-25,33],[-37,0],[-23,-10],[-31,3],[-92,-30],[-78,2],[-16,7],[-19,27],[2,77],[-9,22],[-67,10],[-33,32],[-7,37],[3,54],[52,33],[21,27],[-11,22],[7,13],[-29,19],[9,19],[-34,41],[-20,0],[-19,23],[-9,28],[-14,5],[1,36],[-13,7],[-9,35],[-39,29],[13,21],[-5,30],[-21,5],[-40,75],[-10,45],[-34,38],[-29,20],[-23,31],[-4,21],[-44,38],[-4,47],[-10,33],[-32,-6],[-16,22],[-44,31],[-35,41],[10,22],[-9,35],[-30,10],[-11,31],[-5,43],[-15,42],[-19,22],[-19,44],[-1,17],[-20,20],[-26,78],[-14,22],[-2,25],[-36,80],[-25,9],[2,15],[-55,86],[35,-5],[30,10],[29,24],[16,2],[31,-36],[29,1],[-4,21],[-23,12],[-45,50],[-16,54],[-55,95],[-22,25],[-5,22],[-46,73],[-23,29],[-18,37],[-3,29],[-63,43],[-62,25],[-59,15],[-20,27],[-92,4],[-44,15],[-70,39],[-37,16],[-49,49],[-50,60],[-28,6],[-62,-21],[-46,28],[-10,26],[-16,17],[-42,22],[-48,10],[-6,19],[-71,25],[-24,-15],[-36,-6],[-17,10],[-39,-6],[-62,-22],[-20,10],[-6,34],[22,46],[34,0],[32,16],[21,27],[9,50],[50,17],[60,34],[40,73],[-23,18],[3,44],[-28,-1],[3,32],[11,15],[-38,17],[-49,-30],[-44,7],[9,56],[-3,29],[18,1],[24,18],[-9,34],[-33,2],[-29,15],[38,19],[49,32],[47,-4],[28,8],[64,27],[66,20],[33,16],[108,14],[96,44],[5,19],[28,47],[67,59],[44,8],[-25,37],[11,22],[54,7],[17,16],[46,7],[4,49],[34,41],[60,36],[44,1],[23,-9],[74,12],[23,-15],[34,22],[-44,43],[-6,15],[10,41],[-37,18],[-13,16],[-15,45],[-38,15],[-38,42],[-15,2],[-22,24],[-37,19],[-35,43],[-7,32],[-22,20],[-15,-3]],[[26402,84943],[24,11],[0,28],[49,15],[7,32],[63,41],[0,16],[-24,27],[35,18],[11,29],[-6,29],[13,12],[34,-1],[25,10],[20,29],[9,27],[18,11],[8,29],[-8,15],[10,22],[34,13],[17,18],[-55,10],[3,28],[-32,17],[-42,-32],[-24,15],[21,19],[-2,21],[18,14],[1,57],[10,25],[-9,11],[31,53],[41,50],[-1,18],[14,34],[-57,66],[-23,15],[-40,42],[-7,67],[-17,30],[-41,8],[-5,22],[-46,47],[-32,10],[-9,19],[-36,10],[-37,21],[-7,20],[-19,6],[-15,53],[-34,26],[55,29],[16,20],[7,27],[19,14],[25,38],[18,16],[26,2],[21,-12],[47,-7],[27,3],[21,-18],[60,-20],[24,1],[54,-25],[38,-60],[62,-49],[51,31],[41,16],[17,29],[73,21],[23,23],[62,23],[20,19],[4,33],[22,18],[70,13],[25,37],[51,12],[-4,19],[34,6],[22,27],[27,51],[-9,14],[11,47],[69,5],[31,7],[84,-10],[26,9],[31,36],[13,2],[65,-15],[43,3],[26,20],[73,-7],[18,26],[51,24],[32,1],[12,15],[4,32],[47,21],[-2,36],[-19,14],[-3,42],[20,47],[-8,11],[53,37],[6,15],[39,23],[39,7],[61,52],[62,33],[22,1],[31,42],[49,29],[42,36],[34,-3],[21,9],[27,-19],[91,-8],[45,8],[46,-9],[81,41],[16,14],[53,1],[27,11],[50,-2],[45,35],[22,-8],[55,-1],[52,-11],[-6,-36],[48,-19],[3,-43],[40,-24],[55,-16],[54,9],[27,22],[33,0],[41,9],[51,-1],[29,24],[40,3],[25,-15],[43,5],[11,41],[27,14],[30,50],[31,31],[10,63],[-17,6],[-9,27]],[[35149,84989],[56,-11],[8,-27],[27,-20],[56,0],[21,-6],[45,-41],[13,-26],[-11,-26],[-28,-37],[-7,-28],[9,-20],[82,-28],[22,-19],[33,-54],[83,1],[30,-8],[25,-17],[-7,-20],[-50,-40],[-21,-32],[-7,-44],[-38,-38],[-51,-26],[-17,-28],[-6,-41],[12,-54],[8,-95],[-10,-47],[-20,-28],[-57,-57],[-8,-18],[85,-2],[63,-9],[64,8],[15,7],[61,9],[66,-6],[105,-57],[65,-42],[7,-24],[-13,-25],[10,-51],[-2,-20],[-17,-36],[-39,-21],[-10,-21],[48,-38],[20,-38],[7,-41],[33,-19],[77,-9],[37,-9],[29,-17],[6,-27],[23,-30],[11,8],[33,-4],[-9,-18],[27,-32],[53,-16],[2,-28],[21,-37],[33,-25],[-4,-32],[25,-45],[20,-10],[1,-28],[20,-11],[28,8],[56,-2],[25,-23],[30,-10],[-18,-17],[-7,-44],[26,-28],[-49,-21],[-3,-33],[16,-23],[2,-43],[-34,-23],[-30,-30],[-12,-24],[-25,-17],[20,-28],[-22,-24],[30,-37],[-28,-39],[10,-24],[3,-38],[-11,-27],[-26,-4],[-57,-34],[-52,-53],[8,-25],[-5,-21],[12,-31],[-5,-34],[36,-19],[33,-32],[13,-84],[32,-43],[13,-6],[7,-42],[31,-33],[-12,-46],[46,-22],[85,11],[33,14],[9,-15],[-9,-22],[1,-42],[9,-33],[28,-33],[25,1],[48,-48],[30,-2],[12,-14],[12,-37],[-17,-24],[-40,-24],[-42,-54],[-38,1],[-4,-26],[-27,-23],[-61,-22],[-16,-40],[-19,1],[-28,17],[-14,-23],[-47,-4],[-44,-29],[-12,-49],[-22,-33],[23,-57],[-7,-15],[58,-15],[21,11],[35,-6],[19,-26],[17,-8],[16,-49],[22,-24],[27,-4],[32,-17],[-8,-25],[-18,-4],[-24,-21],[-12,-23],[-21,-17],[-16,-35],[-27,-16],[2,-13],[-29,-38],[15,-28],[-2,-16],[-22,-10],[3,-19],[57,-38],[-13,-26],[34,-36],[-21,-13],[7,-17],[28,-15],[-1,-19],[47,-30],[71,9],[13,-23],[38,-13],[38,-5],[16,7],[30,-6],[16,18],[-16,14],[3,26],[24,11],[55,-42],[21,-54]],[[26402,84943],[-2,-21],[-22,-3],[-13,-31],[-32,-21],[-42,-11],[-43,-29],[-39,-36],[-23,-12],[-39,-5],[-15,-14],[-87,-11],[-8,-24],[8,-22],[19,0],[28,-20],[-21,-11],[-33,-2],[15,-20],[-29,-42],[-3,-16],[-38,19],[-35,-38],[-48,-30],[-28,-3],[-16,13],[-90,-20],[-40,-22],[-40,-8],[-71,-6],[-23,4],[-126,-68],[-31,-26],[-39,-43],[-8,-34],[18,-14],[1,-53],[-11,-18],[-1,-29],[-19,-45],[-43,-2],[-9,14],[-30,8],[-21,26],[30,54],[-102,41],[12,12],[-19,34],[24,17],[-63,-2],[10,-17],[-20,-23],[-60,-1],[-24,-27],[-32,-4],[-43,9],[-28,29],[-54,-4],[-68,34],[-40,-14],[-27,12],[-21,26],[-27,3],[-33,-63]],[[24688,84333],[-17,3],[-16,55],[-48,-2],[-31,9],[-4,25],[-33,5],[-6,51],[-47,17],[-25,-15],[-37,22],[7,36],[-17,5],[-22,-21],[-35,12],[-40,22],[4,9],[-39,16],[-13,-25],[-54,21],[27,63],[-31,6],[-16,16],[-30,-17],[-35,5],[-30,-16],[-19,8],[-75,-40],[1,22],[-19,6],[1,22],[25,13],[-55,51],[7,37],[-42,18],[7,16],[-7,29],[-30,13],[-28,-28],[-70,35],[-54,6],[-43,17],[-51,32],[-38,-59],[12,-35],[-38,-16],[-54,-39],[-27,-4],[-48,31],[-15,-4],[-63,-36],[-25,58],[-28,21],[-36,-22],[-18,0],[-28,24],[-25,-16],[-81,35],[25,42],[-24,9],[-27,-23],[-32,21],[-38,-12],[-37,18],[-58,9],[-9,-7],[-20,-50],[-39,8],[-12,-18],[-44,5],[-47,13],[-53,0],[-33,-12],[-57,7],[-4,-17],[-55,9],[9,31],[-12,16],[-77,-21],[-25,19],[16,27],[2,21],[-15,12],[28,43],[0,38],[-68,19],[-28,19],[-1,27],[38,-5],[1,51],[-30,-12],[-30,0],[-13,18],[11,37],[-18,4],[1,49],[-37,21],[-1,37],[41,-2],[17,6],[-3,27],[21,37],[31,10],[7,24],[30,22],[28,-3],[22,30],[1,17],[-47,23],[-53,9],[-45,71],[16,44],[-1,21],[18,24],[-27,14],[22,25],[16,35],[35,44],[4,36],[63,111],[7,21],[24,34],[-1,68],[-72,-17],[-63,-40],[-31,27],[-52,-44],[-24,-32],[23,-36],[63,-37],[-16,-22],[-50,5],[-27,-23],[-4,-29],[28,-26],[-4,-23],[-18,-1],[-43,31],[-22,-9],[-67,-6],[-10,-16],[-49,15],[-20,13],[-55,-3],[-21,-21],[-48,-26],[-29,9],[-29,-11],[-24,9],[18,32],[-29,32],[-75,-3],[1,8],[-33,30],[-39,-2],[-15,41],[-57,-30],[-34,-1],[-61,15],[-44,-14],[-20,-45],[-31,8],[-15,-36],[-44,4],[-55,14],[-50,35],[-28,7],[-22,16],[-21,37],[-24,-2],[-34,44],[10,35],[-18,30],[-53,18],[-67,1],[-32,25],[-37,15],[-63,3],[-29,6],[-15,45],[-22,10],[-14,29],[-51,9],[-32,32],[-49,4],[-39,18],[-30,1],[-73,21],[-30,-3],[-51,21],[-57,14],[-40,1],[-50,18],[-8,14],[-2,48],[-37,5],[-28,-9],[-65,1],[-88,20],[-1,12],[28,29],[9,24],[-6,15],[-98,30],[-35,59],[-57,5],[-27,-11],[-27,3],[-33,26],[-79,29],[-91,-1],[-84,17],[-64,-6],[-15,-18],[-9,-54],[-31,-42],[-22,-2],[-29,-17],[-18,1],[-23,29],[36,62],[-5,17],[-27,31],[-32,19],[-53,49],[-25,14],[-28,35],[1,39],[-18,37],[-35,10],[-76,42],[-49,20],[-57,3],[-46,-13],[-50,10],[-40,-6],[-13,11],[-9,34],[1,39],[16,53],[-18,21],[10,26],[39,7],[29,64],[29,18],[-2,29],[11,22],[-9,33],[6,34],[-17,27],[-27,13],[-12,30],[-19,-1],[-7,-31],[-19,-3],[-11,24],[7,28],[-7,18],[-35,21],[-32,28],[-1,30],[-22,37],[-3,35],[19,35],[-1,12],[-47,27],[-6,41],[-16,39],[28,17],[-16,21],[-43,-21],[-28,26],[5,31],[14,14],[-31,22],[-13,19],[31,98],[20,10],[-1,18],[31,26],[29,39],[-22,1],[18,57],[29,1],[47,26],[21,-1],[23,19],[-1,26],[-32,21],[-3,22],[-43,-1],[-4,31],[-15,16],[2,26],[12,15],[32,-14],[-14,45],[6,18],[23,3],[38,28],[24,0],[-4,29],[-32,12],[-11,14],[11,81],[-7,23],[-63,52],[15,39],[-60,1],[-17,22],[-32,21],[-34,-3],[-7,13],[23,50],[0,39],[-22,52],[5,39],[39,37],[29,16],[30,26],[19,54],[0,39],[-12,28],[-9,58],[-12,14],[-29,6],[-44,29],[-28,48],[10,61],[22,71],[10,13],[8,60],[20,19],[13,35],[11,8],[1,42],[13,23],[-13,50],[-24,37],[-15,5],[-85,63],[-43,68],[-31,73],[-20,37],[-25,70],[-2,66],[-20,51],[3,31],[-18,81],[-18,15],[-8,41],[8,48],[-20,42],[8,45],[-21,36],[11,39],[-12,64],[-2,41],[4,56],[13,48],[-12,22],[-40,27],[-11,35],[-16,21],[1,41],[31,63],[-12,39],[-28,3],[-20,-46],[-27,-13],[0,59],[-14,29],[-18,14],[-18,60],[-51,40],[7,33],[-61,17],[-28,16],[-10,32],[-22,18],[11,21],[50,17],[11,45],[28,59],[18,81],[-11,93],[42,68],[10,44],[-24,48],[1,23],[36,41],[5,89],[17,29],[43,14],[31,-15],[47,5],[60,17],[35,-17],[41,-3],[42,10],[62,51],[91,-17],[43,7],[52,-11],[37,-3],[33,-37],[37,-28],[39,7],[23,33],[11,36],[-11,33],[9,37],[102,110],[21,34],[-7,12],[-38,8],[-55,20],[-12,16],[23,62],[19,1],[19,18],[17,46],[18,24],[34,12],[17,16],[57,108],[28,44],[22,8],[41,44],[41,12],[40,20],[42,-10],[46,12],[39,-7],[35,2],[42,25],[35,41],[35,5],[26,-18],[19,-2],[28,23],[31,-4],[44,15],[39,-18],[31,-6],[33,21],[27,42],[66,6],[38,31],[23,63],[91,16],[60,23],[45,6],[29,51],[12,5],[-14,29],[5,39],[14,22],[75,28],[29,36],[-23,44],[-13,49],[9,45],[-21,28],[17,24],[39,0],[17,18],[32,6],[13,16],[31,12],[15,25],[-36,40],[-61,21],[-46,26],[27,48],[17,17],[16,36],[38,60],[56,15],[14,9],[49,3],[15,8]],[[20052,77313],[-16,88],[-2,34],[-17,93],[-20,42],[-35,48],[-32,51],[-17,41],[-58,52],[-42,48],[-77,36],[19,23],[64,27],[41,34],[22,43],[44,10],[35,42],[29,20],[35,15],[12,51],[-28,2],[-35,-13],[-44,-1],[-35,8],[37,20],[1,23],[-33,45],[13,5],[-3,29],[12,47],[45,-21],[-6,-52],[3,-14],[25,-19],[34,-6],[19,72],[-20,22],[41,31],[21,32],[37,34],[93,0],[-31,23],[3,41],[41,-25],[24,3],[24,16],[4,35],[37,-17],[5,-32],[20,-29],[51,14],[24,29],[39,58],[-37,-4],[-22,21],[97,81],[-19,27],[8,11],[-12,35],[21,6],[13,53],[44,-37],[10,48],[20,5],[6,28],[31,-17],[39,14],[48,55],[21,1],[42,42],[40,13],[41,36],[23,38],[24,19],[14,53],[13,31],[19,19],[43,-6],[13,10],[37,-9],[19,6],[33,39],[21,-20],[18,16],[-42,28],[-2,31],[-44,54],[22,23],[22,-11],[81,12],[20,15],[-23,50],[9,26],[34,42],[36,33],[8,36],[-6,27],[15,10],[80,18],[24,-22],[28,-4],[21,34],[43,10],[-72,43],[20,42],[-4,22],[30,9],[29,-1],[49,46],[42,1],[44,-6],[6,27],[-2,45],[-34,0],[14,27],[37,15],[36,-1],[9,32],[33,13],[41,9],[-23,19],[78,33],[5,-12],[36,13],[21,-33],[37,9],[25,40],[103,43],[-23,54],[29,78],[38,23],[7,31],[23,20],[22,7],[54,-23],[22,-41],[56,24],[24,-2],[87,18],[40,1],[47,12],[83,68],[-17,24],[23,10],[17,23],[-14,40],[0,29],[-29,19],[-2,32],[-54,-14],[-23,2],[-25,32],[-43,-23],[-21,-24],[-28,6],[-5,37],[-58,-4],[-14,7],[-30,-5],[-14,-20],[30,-38],[15,-9],[2,-42],[-34,-37],[-92,-7],[-8,-15],[-45,7],[-23,10],[-10,118],[-33,1],[-47,22],[-50,9],[11,24],[6,43],[-16,19],[8,21],[-10,30],[6,30],[25,3],[8,24],[0,40],[16,30],[-5,27],[-26,22],[6,22],[32,22],[15,32],[-29,37],[-12,26],[36,51],[5,18],[28,53],[-22,-3],[-27,22],[29,6],[9,24],[-13,14],[33,32],[27,62],[1,36],[108,48],[9,19],[4,44],[23,31],[9,29],[42,24],[36,-12],[10,34],[31,-15],[8,-23],[33,-9],[15,24],[21,15],[-50,42],[2,23],[39,15],[6,10],[-18,34],[-32,24],[-7,17],[-26,-5],[11,34],[-42,-5],[-18,13],[-16,35],[-19,-3],[-32,9],[-4,-18],[-33,2],[11,25],[-21,8],[11,47],[40,17],[27,-7],[31,11],[0,53],[11,47],[-31,21],[9,16],[-27,13],[-33,4],[-36,41],[-2,26],[-21,12],[2,20],[-28,10],[-40,3],[-15,32],[2,21],[-14,26],[0,36],[-9,18],[-25,16],[9,22],[-36,32],[18,27],[-36,31],[-26,5],[-49,22],[3,24],[-14,23],[-43,18],[26,35],[30,9],[7,38],[30,0],[62,27],[52,4],[0,9],[41,19],[8,18],[-35,51],[14,42],[40,16],[-32,28],[24,11],[28,26],[-6,10],[-2,59],[43,50],[25,-11],[5,31],[14,26],[35,8],[12,33],[-7,38],[27,-2],[47,-24],[24,7],[49,60],[23,-2],[2,28],[36,30],[23,5],[5,18],[64,1],[40,-12],[39,3],[-18,27],[29,36],[30,-7],[11,15],[30,-19],[45,14],[-3,39],[45,-27],[44,27],[45,8],[26,-1],[12,17],[45,-14],[42,73],[-9,57],[35,34],[27,0],[21,16],[-16,23],[37,4],[59,42],[-14,24],[10,31],[14,10],[35,4],[51,-16],[27,12],[21,28],[30,13],[59,-9],[99,-34],[14,-20],[-21,-16],[38,-7],[8,7],[54,-4],[38,-18],[22,37],[47,14],[28,-28],[38,28],[23,5],[35,36],[22,-15],[30,3],[40,28],[21,-30],[24,18],[14,23],[33,32],[67,-4],[52,5],[29,-34],[27,-13],[18,29],[33,20],[23,4],[7,49],[21,-6],[5,40],[-9,35],[44,6],[16,-45],[51,-14],[-20,-33],[37,-8],[16,29],[55,6],[17,17],[-12,18],[49,11],[15,24],[7,30],[-21,17],[28,49],[48,5],[25,52],[24,10],[15,51],[-28,28],[34,27],[39,50],[36,-8],[80,9],[21,16],[9,55],[-14,3],[1,52],[12,26],[26,10],[-34,36],[-95,-3],[21,32],[-18,10],[-81,19],[8,14],[37,33],[9,37],[-17,13]],[[29617,79641],[2,-24],[24,-63],[20,-26],[38,-13],[11,-18],[34,-26],[-2,-32],[31,5],[10,-12],[70,-23],[8,-65],[-12,-23],[39,-41],[-9,-24],[-43,-43],[-13,-65]],[[29796,78905],[11,-59],[45,18],[4,-39],[51,23],[22,32],[20,2],[-10,-105],[33,11],[17,-5],[36,-27],[-12,-16],[33,-22],[25,6],[6,-43],[49,-10],[4,-21],[-24,-34],[-30,-4],[28,-23],[-15,-10],[9,-19],[-30,-38],[21,-10],[4,-25],[-39,-37],[-61,27],[6,-20],[26,-24],[35,-3],[21,-11],[9,-26],[20,2],[36,-14],[-11,-48],[8,-22],[-38,-35],[-31,13],[-41,-18],[-6,-25],[35,-22],[17,-29],[-32,-38],[-23,-48],[-19,5],[-14,-38],[29,-8],[8,23],[31,2],[-27,-30],[55,-2],[-12,-19],[16,-15],[7,-27],[-23,-22],[68,3],[29,-20],[-6,-23],[-16,-20],[-41,-23],[-19,-31],[-47,-10],[-14,-10],[-24,43],[25,32],[-41,40],[-12,21],[3,27],[-30,3],[-21,14],[-42,13],[-17,58],[-14,9],[-36,-28],[10,-11],[-36,-38],[-18,-10],[-42,15],[-25,-12],[-30,20],[-16,-13],[-44,33],[35,29],[-38,26],[-27,-35],[-25,-9],[-43,4],[-26,-10],[-21,-24],[17,-26],[-40,-35],[-20,-5],[-24,13],[-6,-49],[22,-31],[38,3],[-25,-25],[-13,-26],[19,-8],[41,29],[29,-11],[9,-14],[-1,-34],[-34,-21],[-20,7],[-35,-50],[-20,9],[-19,-33],[-37,7],[-16,-21],[-25,17],[-24,-28],[17,-12],[-30,-22],[-23,12],[-70,-69],[-39,-21],[-22,-2],[-2,-25],[-20,-16],[-7,-22],[-33,25],[-18,-14],[-25,8],[-28,-28],[-31,27],[-30,-27],[-11,11],[-52,-10],[5,-41],[13,-27],[-21,-48],[24,-4],[9,20],[68,44],[22,3],[-4,24],[19,7],[23,-13],[2,-46],[69,-32],[3,-31],[-33,-25],[19,-18],[50,-4],[12,6],[50,-17],[-12,-33],[21,-19],[-14,-27],[-55,-28],[-5,18],[-20,15],[56,34],[-29,26],[-66,14],[-47,-26],[-10,-30],[75,-54],[37,-2],[22,-55],[-64,-43],[-28,-35],[-33,-27],[-12,-20],[-77,-8],[-37,13],[-44,26],[-15,-2],[-32,-43],[21,-8],[10,20],[33,-6],[57,-28],[-18,-15],[-31,-12],[-8,-27],[-38,-29],[-39,-4],[-13,11],[-53,-18],[-12,8],[0,35],[-32,28],[-41,0],[-32,10],[-31,0],[-35,11],[-21,48],[12,46],[-31,9],[-33,-4],[-12,16],[0,21],[-31,29],[27,17],[14,32],[-19,32],[-2,25],[-43,31],[-53,-7],[-11,-27],[-23,-8],[-31,-30],[27,-42],[48,-37],[-27,-24],[-35,-15],[25,-47],[1,-15],[-33,-9],[-72,14],[-18,21],[-12,54],[-29,22],[-20,-14],[-37,-2],[-1,-13],[29,-39],[34,-15],[8,-16],[-49,-60],[-20,4],[-53,-9],[-33,34],[-42,23],[-18,-21],[-21,-7],[-36,29],[-23,-1],[-49,23],[7,15],[-42,21],[-54,40],[-61,33],[-8,-33],[28,-17],[-2,-13],[28,-28],[-22,-10],[11,-26],[30,-29],[43,-18],[26,-32],[0,-23],[-43,-58],[-34,-29],[7,-19],[-22,-18],[2,-35],[-30,-17],[1,-30],[58,-22],[-22,-25],[-50,-11],[-11,-37],[14,-19],[-30,-11],[14,-14],[-2,-22],[-34,-26],[-17,-35],[-42,-43],[0,-29],[-21,-24],[33,-9],[23,-21],[3,-28],[-13,-53],[27,-23],[33,-5],[20,5],[33,-7],[39,6],[57,-36],[-10,-18],[0,-54],[-39,4],[-65,-37],[-60,-1],[-37,-64],[-44,-18],[-82,8],[-22,-14],[-6,-22],[-22,-15],[-14,-24],[-33,-16],[3,26],[-52,39],[-24,-4],[-29,-32],[-16,-1],[-7,-42],[6,-11],[-27,-32],[-34,-4],[-57,-68],[-23,-34],[-42,16],[-1,23],[-48,-38],[-76,-14],[-34,-39],[-115,16],[-41,-4],[-56,23],[-24,17],[0,14],[-30,23],[-26,-26],[-44,-2],[-5,13],[-48,-1],[-1,30],[-11,27],[-54,22],[7,16],[-25,14],[-7,25],[-23,15],[-6,66],[-66,-34],[-32,2],[-61,22],[-19,31],[-14,5],[-54,-36],[-18,-19],[-37,6],[-31,22],[-57,-4],[-24,-36],[7,-41],[-20,-29],[7,-22],[-26,-33],[14,-28],[-21,-11],[-36,11],[-29,34],[-18,34],[-59,2],[-88,-15],[-3,-56],[-16,-18],[-44,-18],[-54,17],[-38,-6],[-33,-27],[-27,13],[-8,44],[-30,46],[-55,0],[-14,10],[-28,-10],[-19,-30],[-28,46],[-55,8],[-11,16],[-48,29],[-20,4],[-61,49],[-30,-19],[18,-24],[-14,-42],[-21,6],[-32,-12],[-36,-30],[-26,7],[-21,-10],[-31,-41],[-1,-62],[-28,2],[-5,-20],[-24,-18],[17,-23],[-31,-29],[-28,6],[-20,-10],[3,-21],[-40,3],[-2,-19],[-43,-12],[29,-70],[19,-22],[-5,-24],[-33,19],[-26,28],[-28,-8],[-4,-32],[-33,-38],[5,-30],[-24,-39],[-37,-20],[-34,2],[-3,-31],[-16,-28],[45,-15],[7,-22],[29,-22],[-12,-44],[-3,-50],[-47,-7],[-50,9],[-2,-25],[-32,-15],[-45,-1],[-54,-10],[-26,78],[-14,23],[-29,12],[19,23],[27,49],[-45,27],[-10,18],[-42,20],[-32,-9],[-51,34],[1,28],[16,46],[-44,12],[-23,38],[40,25],[26,4],[3,18],[36,-4],[28,25],[1,47],[-32,5],[-3,42],[13,34],[25,37],[26,2],[36,-31],[41,37],[11,48],[-20,17],[-38,69],[6,28],[-34,-5],[-26,18],[3,80],[15,22],[-12,29],[-66,28],[-52,-44],[-40,-13],[-13,-37],[-4,-38],[26,-43],[-6,-19],[-48,-23],[-37,36],[-11,64],[-35,3],[-26,-13],[-62,13],[-1,42],[15,16],[47,21],[-26,37],[-28,0],[-41,35],[9,18],[47,34],[26,34],[-15,46],[0,30],[-39,31],[-35,20],[-23,-33],[-3,-16],[-20,-20],[-3,-47],[-15,-16],[-47,3],[-27,24],[-52,-18],[-36,-45],[-56,9],[-27,-9],[-26,6],[-45,65],[5,21],[-29,12],[-63,16],[-53,79],[0,8],[-46,76],[-13,-17],[-47,-23],[-27,-2],[20,41],[-52,51],[-42,-32],[-41,8],[-25,-11],[-39,23],[-22,25],[-46,12],[-2,36],[-28,21],[-33,0],[-92,-66],[-56,4],[-33,-18],[-45,2],[-30,-23],[-99,35],[-30,-17],[-15,-26],[-10,-32],[-14,-20],[-23,-4],[-58,-32],[-33,-39],[-6,-53],[-60,2],[-24,8],[-87,16],[-49,40],[-61,11],[-77,41],[-35,30],[-15,-22]]],"transform":{"scale":[0.0002931768282214604,0.00030322394773351025],"translate":[68.09381543953333,6.755100526960127]},"objects":{"gb_IND_ADM1":{"type":"GeometryCollection","geometries":[{"arcs":[[[0,1]],[[2]],[[3]],[[4]],[[5,6]],[[7,8],[9]],[[10]],[[11]],[[12]],[[13]],[[14]],[[15]],[[16,17]],[[18,19]],[[20]]],"type":"MultiPolygon","properties":{"id":"IN-PY","name":"Puducherry","pcode":"IN-PY"}},{"arcs":[[[21,22,23,24,25,26,27,28,29]],[[30]]],"type":"MultiPolygon","properties":{"id":"IN-MH","name":"Mahārāshtra","pcode":"IN-MH"}},{"arcs":[[31,32,33,34]],"type":"Polygon","properties":{"id":"IN-NL","name":"Nāgāland","pcode":"IN-NL"}},{"arcs":[[[35]],[[36]],[[37]],[[38]],[[39]],[[40]],[[41]],[[42]],[[43]],[[44]]],"type":"MultiPolygon","properties":{"id":"IN-LD","name":"Lakshadweep","pcode":"IN-LD"}},{"arcs":[[[45]],[[46]],[[47,48,49,50,51,52,53,54,55,56,57]]],"type":"MultiPolygon","properties":{"id":"IN-UP","name":"Uttar Pradesh","pcode":"IN-UP"}},{"arcs":[[[-6,58,-17,59,60,61,62,63,-19,64,-8,65],[-4],[-5],[-11],[-12],[-13],[-14],[-15],[-16]],[[-10]],[[66]],[[67]],[[68]],[[69]],[[70]],[[71]]],"type":"MultiPolygon","properties":{"id":"IN-TN","name":"Tamil Nādu","pcode":"IN-TN"}},{"arcs":[[-30,72,-52,73,74,75,76]],"type":"Polygon","properties":{"id":"IN-CT","name":"Chhattīsgarh","pcode":"IN-CT"}},{"arcs":[[[-26,77,78,79,80,81,82,83,-28,84],[-31]],[[85]],[[86]],[[87]],[[88]],[[89]],[[90]],[[91]],[[92]],[[93]]],"type":"MultiPolygon","properties":{"id":"IN-GJ","name":"Gujarāt","pcode":"IN-GJ"}},{"arcs":[[-56,94]],"type":"Polygon","properties":{"id":"IN-DL","name":"Delhi","pcode":"IN-DL"}},{"arcs":[[95,96]],"type":"Polygon","properties":{"id":"IN-SK","name":"Sikkim","pcode":"IN-SK"}},{"arcs":[[97,98,99,100]],"type":"Polygon","properties":{"id":"IN-TR","name":"Tripura","pcode":"IN-TR"}},{"arcs":[[[-97,101,102,103,104,105,106,107]],[[108]],[[109]],[[110]],[[111]],[[112]],[[113]],[[114]],[[115]],[[116]],[[117]],[[118]],[[119]],[[120]],[[121]],[[122]],[[123]],[[124]],[[125]],[[126]],[[127]],[[128]],[[129]],[[130]],[[131]],[[132]],[[133]],[[134]],[[135]],[[136]],[[137]],[[138]],[[139]],[[140]],[[141]],[[142]],[[143]],[[144]],[[145]],[[146]],[[147]],[[148]],[[149]],[[150]],[[151]],[[152]],[[153]],[[154]],[[155]],[[156]],[[157]],[[158]],[[159]],[[160]],[[161]],[[162]],[[163]],[[164]],[[165]],[[166]],[[167]],[[168]],[[169]],[[170]],[[171]],[[172]],[[173]],[[174]],[[175]],[[176]],[[177]],[[178]],[[179]],[[180]],[[181]],[[182]],[[183]],[[184]],[[185]],[[186]],[[187]],[[188]],[[189]]],"type":"MultiPolygon","properties":{"id":"IN-WB","name":"West Bengal","pcode":"IN-WB"}},{"arcs":[[-75,190,-105,191,192]],"type":"Polygon","properties":{"id":"IN-OR","name":"Odisha","pcode":"IN-OR"}},{"arcs":[[-50,193,-107,194]],"type":"Polygon","properties":{"id":"IN-BR","name":"Bihār","pcode":"IN-BR"}},{"arcs":[[195,196,197]],"type":"Polygon","properties":{"id":"IN-LA","name":"Ladākh","pcode":"IN-LA"}},{"arcs":[[-54,198,-83,199,200,201]],"type":"Polygon","properties":{"id":"IN-RJ","name":"Rājasthān","pcode":"IN-RJ"}},{"arcs":[[-22,-77,202,203]],"type":"Polygon","properties":{"id":"IN-TG","name":"Telangāna","pcode":"IN-TG"}},{"arcs":[[-63,204,-203,-76,-193,205],[-21]],"type":"Polygon","properties":{"id":"IN-AP","name":"Andhra Pradesh","pcode":"IN-AP"}},{"arcs":[[-100,206,207,208]],"type":"Polygon","properties":{"id":"IN-MZ","name":"Mizoram","pcode":"IN-MZ"}},{"arcs":[[-35,209,210]],"type":"Polygon","properties":{"id":"IN-AR","name":"Arunāchal Pradesh","pcode":"IN-AR"}},{"arcs":[[211,212]],"type":"Polygon","properties":{"id":"IN-ML","name":"Meghālaya","pcode":"IN-ML"}},{"arcs":[[-51,-195,-106,-191,-74]],"type":"Polygon","properties":{"id":"IN-JH","name":"Jhārkhand","pcode":"IN-JH"}},{"arcs":[[-34,213,-207,-99,214,-213,215,-103,216,-210]],"type":"Polygon","properties":{"id":"IN-AS","name":"Assam","pcode":"IN-AS"}},{"arcs":[[-33,217,-208,-214]],"type":"Polygon","properties":{"id":"IN-MN","name":"Manipur","pcode":"IN-MN"}},{"arcs":[[-23,-204,-205,-62,218,219,220]],"type":"Polygon","properties":{"id":"IN-KA","name":"Karnātaka","pcode":"IN-KA"}},{"arcs":[[-48,221,222]],"type":"Polygon","properties":{"id":"IN-UT","name":"Uttarākhand","pcode":"IN-UT"}},{"arcs":[[[-27,-85]],[[-79,223]],[[-81,224]]],"type":"MultiPolygon","properties":{"id":"IN-DH","name":"Dādra and Nagar Haveli and Damān and Diu","pcode":"IN-DH"}},{"arcs":[[-29,-84,-199,-53,-73],[-46],[-47]],"type":"Polygon","properties":{"id":"IN-MP","name":"Madhya Pradesh","pcode":"IN-MP"}},{"arcs":[[-24,-221,225]],"type":"Polygon","properties":{"id":"IN-GA","name":"Goa","pcode":"IN-GA"}},{"arcs":[[-1,226,-219,-61,227],[-3]],"type":"Polygon","properties":{"id":"IN-KL","name":"Kerala","pcode":"IN-KL"}},{"arcs":[[228,229]],"type":"Polygon","properties":{"id":"IN-CH","name":"Chandīgarh","pcode":"IN-CH"}},{"arcs":[[[230]],[[231]],[[232]],[[233]],[[234]],[[235]],[[236]],[[237]],[[238]],[[239]],[[240]],[[241]],[[242]],[[243]],[[244]],[[245]],[[246]],[[247]],[[248]],[[249]],[[250]],[[251]],[[252]],[[253]],[[254]],[[255]],[[256]],[[257]],[[258]],[[259]],[[260]],[[261]],[[262]],[[263]],[[264]],[[265]],[[266]],[[267]],[[268]],[[269]],[[270]],[[271]],[[272]],[[273]],[[274]],[[275]],[[276]],[[277]],[[278]],[[279]],[[280]],[[281]],[[282]],[[283]],[[284]],[[285]],[[286]],[[287]],[[288]],[[289]],[[290]],[[291]],[[292]],[[293]],[[294]],[[295]],[[296]],[[297]],[[298]],[[299]],[[300]],[[301]],[[302]],[[303]],[[304]],[[305]],[[306]]],"type":"MultiPolygon","properties":{"id":"IN-AN","name":"Andaman and Nicobar Islands","pcode":"IN-AN"}},{"arcs":[[-58,307,308,309,-197,310,-222]],"type":"Polygon","properties":{"id":"IN-HP","name":"Himāchal Pradesh","pcode":"IN-HP"}},{"arcs":[[-198,-310,311,312]],"type":"Polygon","properties":{"id":"IN-JK","name":"Jammu and Kashmīr","pcode":"IN-JK"}},{"arcs":[[-201,313,-312,-309,314,-230,315]],"type":"Polygon","properties":{"id":"IN-PB","name":"Punjab","pcode":"IN-PB"}},{"arcs":[[-55,-202,-316,-229,-315,-308,-57,-95]],"type":"Polygon","properties":{"id":"IN-HR","name":"Haryāna","pcode":"IN-HR"}}]}}}