{"type":"Topology","arcs":[[[25254,52013],[3,-8],[11,-9],[0,-5],[-11,11],[-3,11]],[[25180,52045],[10,4],[4,8],[11,-12],[6,-11],[17,-9],[-1,-5],[-14,9],[-4,0],[-14,17],[-10,-6],[-5,5]],[[25082,52032],[12,-2],[0,-12],[-3,-6],[-6,0],[-3,20]],[[24512,55266],[1,18],[7,11],[4,11],[1,19],[-1,11],[-7,20],[-6,8],[-3,12],[-6,13],[0,18],[5,19],[7,0],[3,-12],[5,-2],[8,3],[4,15],[1,42],[-2,47],[2,1],[10,34],[1,27],[-1,10],[-5,5],[-3,-4],[-2,-12],[-2,-19],[-2,-22],[-3,9],[-2,19],[-3,7],[1,14],[-5,22],[0,34],[0,24],[6,17],[5,28],[8,22],[4,26],[1,20],[-3,11],[-6,-4],[-3,-23],[1,-17],[-1,-11],[-4,-17],[-8,-15],[-7,-1],[-7,12],[-5,16],[3,17],[6,-2],[8,12],[5,4],[4,27],[-2,23],[-11,28],[-4,-13],[2,-39],[-5,-16],[-5,-6],[-8,6],[1,21],[6,14],[4,23],[4,12],[-2,14],[-7,22],[-5,27],[1,14],[7,7],[8,14],[6,0],[6,19],[0,14],[-2,17],[-9,26],[-4,6],[-9,10],[-3,11],[0,14],[2,11],[4,10],[9,2],[4,5],[8,-38],[8,-16],[5,-4],[14,18],[1,10],[-4,29],[-6,12],[-6,-11],[-8,-2],[-2,4],[-6,21],[0,11],[1,27],[-1,9],[3,18],[3,-1],[5,-13],[6,7],[9,2],[7,-17],[8,6],[3,18],[-3,18],[-6,5],[-7,13],[-6,29],[-2,20],[1,11],[4,19],[8,29],[5,21],[-3,13],[-7,12],[-9,8],[-3,8],[0,17],[5,10],[6,1],[8,21],[6,-43],[6,-7],[4,9],[0,14],[-5,24],[-2,22],[5,3],[5,-5],[8,7],[7,0],[3,7],[0,34],[5,28],[-2,12],[-5,6],[-7,-5],[-7,18],[-4,25],[1,9],[13,32],[4,-6],[8,-23],[5,-5],[7,9],[4,20],[0,17],[-2,8],[-11,5],[-9,-6],[-8,17],[-5,21],[-1,26],[4,11],[4,-2],[2,-18],[6,-16],[7,-5],[2,-6],[2,23],[0,12],[2,37],[2,10],[6,7],[11,-2],[3,10],[4,20],[-2,29],[-5,13],[-1,21],[4,8],[12,-4],[9,8],[-1,-21],[-2,-16],[-1,-19],[4,-11],[5,2],[1,14],[-3,34],[4,18],[-1,5],[7,13],[5,4],[9,23],[4,23],[-2,26],[-2,8],[-2,30],[2,33],[4,14],[6,15],[1,15],[-1,15],[-7,28],[-4,33],[-1,13],[2,18],[-2,33],[6,26],[3,6],[5,-18],[0,-14],[-4,-13],[0,-16],[2,-17],[3,-4],[5,4],[11,33],[3,17],[1,12],[-1,13],[-5,7],[-10,-6],[-7,7],[-5,22],[-1,14],[2,9],[7,11],[-3,27],[0,13],[3,16],[6,4],[4,-37],[-6,-19],[0,-26],[5,-9],[9,4],[4,7],[1,17],[-5,38],[-1,15],[1,14],[3,11],[1,10],[-8,44],[0,19],[5,16],[4,0],[5,-10],[1,-13],[1,-35],[4,-11],[9,16],[8,9],[3,8],[5,-16],[3,-3],[3,18],[-3,14],[3,10],[6,12],[9,20],[1,16],[0,19],[-1,16],[-13,29],[-4,23]],[[24751,57589],[48,-1],[50,0],[45,-1],[15,1],[64,0],[22,-1],[60,1],[17,-1],[36,1],[29,0],[67,1],[61,0],[23,0],[51,0]],[[25339,57589],[3,-24],[3,-15],[6,-46],[5,-18],[11,-18],[-6,-196],[-4,-118],[-6,-186],[-3,-94],[-6,-189],[0,-19],[-3,-103],[-3,-101],[-7,-213],[-5,-149],[-5,-171],[-2,-70],[-10,-340],[-5,-173],[-6,-231],[-4,-148],[-2,-42],[-2,-99],[-6,-208],[-3,-87],[-4,-145],[-3,-90],[-9,-325],[2,-229],[1,-89],[3,-189],[3,-248],[4,-290],[2,-154],[2,-158],[2,-219],[2,-202]],[[25284,52193],[-1,-11],[2,-13],[-2,-6],[-6,11],[-4,5],[-4,-6],[1,-18],[-2,-9],[-7,-13],[-7,2],[-1,8],[-5,18],[-15,2],[-1,14],[-3,6],[-5,-7],[0,19],[-2,1],[-5,-15],[-8,3],[-10,-21],[-8,-2],[-5,6],[-13,42],[0,10],[-4,3],[-9,17],[-1,13],[-4,11],[-3,-7],[0,-17],[3,-3],[0,-22],[-3,4],[-14,3],[-14,-4],[-8,-4],[-17,-15],[-7,-8],[-28,-42],[-10,-10],[-14,-20],[-5,-3],[-1,29],[6,7],[1,8],[-8,31],[-2,-2],[-3,12],[-6,-2],[-5,-6],[-3,-19],[9,-17],[3,-22],[-2,-19],[-4,-11],[-6,-10],[-5,-20],[-10,-16],[-2,-10],[2,-19],[-3,-7],[-5,-25],[1,-16],[-3,-8],[-4,15],[-5,-3],[-3,-12],[-4,4],[-3,-5]],[[24970,51972],[-3,17],[-4,-2],[-2,-9],[-4,-6],[-3,7],[-6,35],[-4,13],[0,23],[-4,11],[0,27],[-5,13],[3,19],[3,8],[-1,29],[-7,20],[-2,18],[-6,40],[2,10],[-2,29],[0,15],[-9,30],[-2,16],[-5,7],[-7,20],[-1,15],[-2,20],[-4,4],[1,26],[-5,-3],[-2,36],[-2,7],[0,33],[-1,19],[-6,24],[3,24],[0,11],[-3,9],[5,20],[-2,4],[3,16],[-2,26],[5,35],[8,39],[-2,5],[2,25],[4,2],[1,13],[-3,10],[2,9],[-1,17],[5,5],[3,21],[-3,28],[6,27],[2,31],[-1,14],[-6,-4],[-29,1],[-18,-1],[-68,-1],[-57,-1],[-3,0],[-52,0],[-46,-1],[-45,1],[-48,-1],[-50,0],[-49,0],[-57,0],[0,7],[10,14],[3,8],[4,18],[2,17],[-3,19],[-7,25],[-6,15],[-3,14],[1,24],[7,31],[2,17],[0,18],[-3,17],[-7,21],[-5,10],[-2,9],[-1,15],[5,14],[4,0],[14,-7],[5,2],[10,14],[3,19],[-1,30],[-6,17],[-4,18],[-1,34],[-1,12],[-4,-10],[-3,25],[1,13],[3,15],[5,11],[3,-11],[-1,-11],[2,-28],[5,-23],[3,-6],[7,0],[2,7],[0,29],[-8,29],[-3,27],[-2,46],[1,31],[-2,14],[2,10],[7,4],[3,-4],[8,11],[10,26],[2,8],[1,24],[-5,9],[-10,-12],[-8,-1],[-4,11],[-4,19],[0,18],[5,21],[5,-19],[4,-10],[8,-9],[4,-2],[6,11],[1,27],[-1,52],[1,27],[7,37],[2,6],[7,2],[18,-5],[3,10],[0,15],[-6,6],[-11,-13],[-8,-4],[-3,5],[1,44],[4,50],[2,10],[12,11],[2,-16],[0,-21],[3,-20],[5,-3],[4,15],[0,13],[-6,21],[0,13],[9,17],[10,38],[5,8],[-1,20],[-2,3],[1,29],[7,25],[13,5],[4,4],[3,12],[4,19],[-2,17],[-3,7],[-14,11],[-3,7],[-1,18],[3,14],[6,-4],[4,-21],[4,-12],[6,2],[-1,34],[12,22],[2,12],[0,14],[5,13],[2,17],[1,19],[-6,0],[-5,14],[-5,8],[0,-12],[3,-16],[-1,-39],[-8,12],[-6,-3],[-2,-8],[-6,2],[-9,7],[-3,26],[1,25],[2,24],[8,20],[5,-8],[9,23],[4,-1],[2,-8],[5,26],[3,0],[9,-21],[0,-32],[2,-4],[3,21],[1,39],[3,10],[-4,21],[0,11],[2,19],[4,1],[4,-16],[9,24],[3,14],[1,17],[5,32],[2,17],[-4,-2],[-2,-19],[-4,-17],[-9,7],[-3,0],[-9,7],[-3,7],[-2,12],[3,23],[0,19],[6,9],[2,11],[0,15],[-3,15],[-5,4],[-10,-20],[-6,6],[-8,14],[-4,10],[-6,28],[0,20],[4,30],[2,27],[6,-18],[6,-39],[4,-11],[9,-10],[4,7],[1,15],[-2,9],[-7,14],[-9,12],[-6,18],[-2,12],[13,27],[6,22],[2,13],[1,15],[-3,21],[-4,7],[-3,-12],[-3,-34],[-9,-8],[-10,-18],[-5,8],[-3,14],[-2,26],[0,17],[4,12],[6,27],[5,13],[5,7],[5,14],[2,22],[-1,6],[-9,10],[-9,8],[-7,-1],[-4,11],[0,12],[2,22],[-2,6],[1,31],[4,36],[5,14],[6,4],[10,35],[2,15],[0,29],[-5,20],[0,23],[-2,15],[-5,15],[-8,-11],[-1,-9],[2,-9],[-2,-13],[2,-27],[-1,-14],[-3,-14],[-4,-7],[-6,2],[-4,6],[-5,18],[0,17],[4,18],[-1,11],[8,29],[2,21]],[[28814,58686],[2,4],[8,-3],[9,-20],[-1,-15],[5,-1],[4,-27],[3,-31],[0,-10],[1,-37],[-3,-8],[-4,11],[-8,6],[-2,7],[4,10],[0,28],[-3,23],[-3,2],[-4,21],[-1,16],[-6,12],[-1,12]],[[28806,57815],[10,14],[5,11],[4,24],[3,-14],[2,-1],[8,12],[6,21],[6,12],[0,14],[5,-7],[11,11],[4,-3],[3,36],[0,25],[-1,17],[1,23],[4,18],[1,20],[0,11],[1,18],[1,37],[2,56],[-2,20],[2,22],[2,5],[2,61],[-1,9],[0,32],[-3,19],[-4,41],[-1,29],[-2,11],[-3,43],[-3,32],[3,-3],[4,-29],[5,-53],[3,-43],[4,-81],[0,-41],[-5,-86],[-2,-96],[-6,-89],[-3,-79],[-2,-16],[-1,-26],[-4,11],[-10,6],[-7,-4],[-13,-11],[-17,-24],[-11,-17],[-1,2]],[[28733,57676],[5,12],[4,20],[-1,22],[3,5],[5,-6],[24,43],[1,-6],[-14,-26],[-13,-30],[-10,-31],[-4,-3]],[[28646,57417],[9,28],[1,16],[5,0],[13,46],[9,39],[9,30],[8,30],[6,15],[1,10],[6,16],[4,29],[6,1],[4,-16],[-10,-21],[-6,-18],[-25,-79],[-16,-57],[-16,-48],[-7,-25],[-1,4]],[[28585,57256],[8,-4],[-1,-9],[-6,3],[-1,10]],[[28583,57154],[2,-11],[4,-3],[10,65],[7,52],[3,13],[6,14],[0,28],[2,8],[5,0],[0,16],[4,15],[5,4],[3,18],[5,11],[-13,-54],[-9,-46],[-15,-74],[-4,-23],[-6,-41],[-4,-28],[-3,19],[-2,17]],[[28574,57260],[7,-4],[2,-16],[5,-1],[3,-12],[-15,16],[-2,17]],[[28552,57232],[10,-7],[7,-11],[8,-12],[13,-24],[-2,-14],[-3,17],[-6,14],[-14,18],[-9,8],[-4,11]],[[28432,57182],[2,11],[8,9],[13,14],[3,-5],[8,6],[19,10],[2,6],[4,-1],[5,5],[6,2],[5,9],[10,1],[7,-5],[6,4],[4,-3],[10,12],[3,-14],[-3,-6],[-13,4],[-20,-4],[-23,-11],[-20,-13],[-13,-10],[-11,-11],[-11,-13],[-1,3]],[[27156,59447],[21,-2],[22,-7],[13,0],[9,-5],[19,-2],[19,0],[38,-4],[31,-5],[16,-4],[16,0],[30,-5],[37,3],[22,-4],[52,-9],[40,-8],[48,-1],[61,-1],[5,1],[61,-1],[44,-2],[18,1],[54,0],[76,1],[51,-1],[37,1],[16,-1],[26,0],[11,1],[63,3],[31,-1],[72,1],[35,1],[77,-1],[75,0],[10,3],[5,-4],[16,1],[49,-1],[1,10],[30,-2],[64,0],[73,0],[54,0],[71,0]],[[28775,59403],[3,-59],[6,-90],[4,-76],[6,-79],[7,-71],[4,-29],[6,-58],[5,-48],[6,-42],[11,-67],[25,-183],[4,-48],[6,-40],[-1,-15],[-3,7],[0,11],[-5,10],[-3,28],[1,6],[-5,20],[-3,34],[-6,21],[3,15],[-1,25],[-8,44],[-7,8],[0,10],[-4,19],[-4,-2],[-4,10],[-4,1],[0,21],[4,4],[1,16],[-2,11],[-6,-9],[-1,18],[0,22],[-3,55],[2,11],[-1,15],[-3,26],[0,13],[-4,46],[-4,0],[-3,16],[-1,13],[-3,8],[2,22],[-1,20],[-1,8],[-6,2],[-3,14],[-2,22],[2,10],[6,-12],[0,28],[-3,11],[1,11],[-5,15],[2,22],[-2,3],[1,23],[-3,6],[-3,15],[-3,-2],[-3,7],[-1,23],[-2,4],[0,20],[-2,4],[-6,-3],[-2,9],[-11,5],[-4,-1],[2,20],[-1,17],[-5,13],[-8,2],[1,-26],[-4,-7],[3,-33],[5,-40],[6,-13],[5,1],[5,-43],[5,26],[4,3],[0,-30],[2,-13],[-2,-24],[5,-40],[3,-17],[2,-30],[2,-10],[7,-3],[-1,-30],[-2,-13],[2,-27],[4,-3],[4,-27],[-3,-3],[0,-20],[5,-16],[0,-20],[3,-13],[4,-20],[-1,-23],[3,-22],[-3,-8],[-13,35],[-5,30],[1,37],[-4,28],[-9,33],[-4,37],[-7,16],[-4,-4],[4,-21],[1,-16],[-3,-28],[5,-20],[6,-10],[2,-10],[-8,2],[-16,14],[-6,10],[-3,18],[-4,11],[-2,23],[-9,8],[-1,12],[-5,12],[-1,16],[-6,15],[-10,8],[-3,11],[-5,-4],[1,-19],[5,-21],[4,1],[6,-14],[5,-45],[10,-17],[3,-36],[3,-22],[-3,-11],[-15,-11],[-6,-1],[-6,-7],[-6,2],[-5,14],[-3,15],[-3,9],[-2,16],[-3,4],[-1,11],[-8,7],[0,-12],[5,-18],[4,-7],[3,-15],[0,-10],[5,-23],[5,-10],[-4,-15],[-12,12],[-8,9],[-1,6],[-6,6],[-3,12],[-10,6],[-4,-2],[-5,28],[-13,34],[-5,1],[-1,-8],[17,-54],[7,-25],[7,4],[2,-14],[7,-10],[-2,-18],[-7,4],[-16,-12],[-14,-52],[-2,-11],[-8,-8],[-7,-13],[-8,4],[-10,1],[-6,29],[-1,22],[-3,0],[-5,-20],[-5,-2],[-7,9],[-4,27],[1,15],[-1,14],[1,18],[-5,4],[-1,29],[-3,15],[-1,14],[1,48],[3,26],[4,16],[1,12],[5,29],[-7,15],[0,-16],[-3,-19],[-3,-11],[-1,-17],[-5,-2],[-2,-21],[-1,-74],[5,-51],[2,-9],[-1,-25],[4,-31],[3,-7],[1,-37],[5,-5],[1,-20],[-5,-18],[-6,-11],[-2,-25],[6,2],[6,-5],[6,-10],[6,6],[9,0],[1,3],[9,3],[5,-2],[13,11],[5,12],[5,1],[4,8],[16,17],[5,-13],[2,-19],[1,-24],[7,9],[6,-4],[3,12],[9,22],[16,16],[5,7],[7,1],[3,7],[6,0],[5,-6],[8,3],[7,-3],[4,2],[11,-25],[2,-19],[-1,-24],[2,-13],[-4,-13],[-4,-18],[-1,-29],[-5,-19],[0,-35],[4,-20],[-2,-54],[2,-27],[-3,-24],[1,-16],[4,-3],[2,-14],[-3,-19],[-1,-22],[5,-8],[3,9],[2,19],[4,28],[-1,36],[3,20],[2,35],[0,18],[-3,29],[5,30],[-3,27],[2,10],[-1,22],[2,10],[4,5],[4,22],[5,7],[3,11],[-8,28],[11,16],[11,6],[9,-10],[8,-13],[1,-15],[6,-15],[0,-16],[6,-36],[3,-6],[-1,-14],[2,-11],[-1,-13],[5,-16],[1,-37],[-2,-8],[0,-22],[-2,-6],[2,-13],[0,-17],[3,-12],[-1,-10],[1,-18],[2,-7],[0,-18],[-4,-14],[-3,21],[-7,7],[-3,-24],[4,-11],[-1,-13],[5,-18],[2,2],[3,-25],[-3,-9],[-2,-17],[-9,-13],[2,-19],[-13,-11],[-4,1],[-6,18],[-1,15],[-2,6],[-6,-3],[-1,-7],[3,-15],[-6,-21],[-4,-4],[2,-20],[-5,-8],[-4,-2],[-3,-11],[-2,-13],[-4,-3],[4,-14],[0,-8],[-7,-10],[-2,-25],[-6,-26],[1,-24],[-4,-12],[-4,23],[-5,4],[0,-24],[-3,-5],[1,-13],[-5,-8],[4,-24],[-6,-1],[-1,-10],[-5,-7],[-5,3],[-3,-3],[2,-13],[-6,-7],[-5,11],[-4,-6],[-9,-2],[-3,22],[-3,9],[-5,-2],[2,-18],[-4,-11],[-10,17],[-1,17],[-4,3],[-1,17],[-5,7],[-4,-10],[4,-32],[1,-17],[-11,-1],[1,20],[-4,2],[-1,-9],[-5,-7],[0,18],[-4,4],[4,12],[8,-9],[4,-8],[2,15],[-2,10],[-3,4],[-5,18],[3,16],[-3,20],[-6,-8],[0,-8],[-5,-23],[-5,-9],[-1,11],[-6,5],[3,-36],[-4,1],[-4,8],[-4,19],[-1,-4],[-5,8],[-2,11],[2,25],[-5,6],[-4,14],[6,14],[-5,16],[0,19],[-5,11],[-2,10],[14,0],[6,-6],[7,0],[6,18],[0,23],[3,11],[-2,11],[-3,-4],[-2,-17],[-4,-8],[-3,4],[-5,-5],[-10,3],[-5,7],[-5,-1],[-4,-9],[-7,-23],[3,-7],[3,-22],[5,-7],[-2,-31],[0,-14],[4,-8],[0,-23],[3,-11],[1,-23],[-20,19],[-5,19],[-4,-5],[-8,15],[-10,-2],[-4,-9],[-3,9],[-11,16],[-2,13],[-4,-4],[-4,2],[-10,11],[-7,0],[-8,18],[-3,0],[-3,9],[-6,1],[-3,11],[-5,17],[-1,7],[-9,27],[0,-14],[6,-21],[-6,1],[2,-17],[9,-20],[5,-4],[3,-16],[2,-29],[12,18],[5,-16],[8,-13],[9,-1],[6,-18],[1,-9],[6,-11],[7,0],[1,-9],[9,-10],[5,1],[5,-14],[2,-1],[4,-15],[8,-11],[2,3],[8,0],[3,-16],[8,2],[9,-5],[6,-8],[11,-7],[-4,-9],[1,-17],[-1,-14],[5,0],[2,-12],[-4,-4],[1,-19],[-6,-10],[3,-18],[-3,-3],[-7,10],[-7,3],[-1,-12],[5,-6],[6,-19],[-2,-20],[-3,8],[-3,-3],[-7,13],[-8,-4],[-3,-20],[-6,-7],[0,-16],[6,3],[3,-10],[4,0],[2,23],[4,-9],[7,-24],[-5,-24],[-3,-31],[-5,-3],[-3,-26],[-9,-14],[-8,-21],[-4,-16],[-3,0],[-5,-13],[-3,-17],[-5,-3],[-7,-11],[-4,-18],[-8,-10],[-6,3],[-6,20],[-7,16],[-2,1],[-7,26],[-7,5],[-2,15],[-4,4],[-2,14],[-5,-1],[-7,23],[-4,29],[-5,37],[-7,17],[-2,-8],[2,-16],[5,-18],[0,-14],[3,-19],[3,-3],[0,-14],[7,-29],[3,-40],[2,-14],[6,-12],[4,-16],[11,-18],[2,-11],[6,-1],[5,-13],[6,5],[5,-2],[14,-27],[4,7],[0,10],[5,-3],[6,31],[8,5],[0,12],[6,16],[7,7],[7,-5],[7,-10],[0,16],[4,10],[15,8],[1,-10],[3,-13],[4,3],[-4,24],[3,8],[-2,9],[2,20],[6,8],[-1,13],[0,20],[2,1],[4,-21],[3,0],[2,-35],[-3,-16],[1,-16],[3,1],[1,-29],[-2,-10],[2,-20],[5,14],[2,-21],[3,7],[2,22],[9,2],[6,-13],[1,17],[-5,26],[-3,21],[-5,18],[1,7],[13,-19],[7,-13],[12,-10],[2,-5],[-2,-18],[-3,-7],[-8,25],[-4,-6],[4,-27],[3,-9],[0,-22],[-5,-8],[0,-13],[-5,4],[-5,10],[-2,-3],[1,-27],[6,-4],[-5,-25],[-4,-14],[-6,0],[-4,-19],[-4,10],[2,15],[-3,10],[-3,-30],[0,-34],[-6,-4],[-1,-11],[-4,-13],[-6,-45],[-3,-10],[-9,-8],[3,-11],[2,-15],[-4,-13],[-11,6],[-7,-5],[-1,12],[1,9],[-3,20],[3,5],[-1,14],[-4,-1],[-3,21],[-3,-2],[0,-13],[0,-28],[-2,-8],[0,-21],[-1,-10],[3,-11],[-1,-7],[-14,8],[-5,-1],[-1,7],[-6,-1],[-6,7],[-16,5],[-4,-1],[-10,5],[-14,-4],[-21,-22],[-1,3],[-9,-20],[-6,-5],[-4,2],[-6,-12],[-9,-7],[-4,5],[-3,11],[-5,-8],[0,-12],[-12,-30],[-7,-13],[-2,-11],[-9,-30],[3,-7],[-7,-17],[-8,-23],[-10,-27],[-24,-44],[-23,-47],[-18,-46],[-7,-19],[-20,-65],[-4,-8],[-6,-21],[-7,-29],[-7,-27],[-10,-45],[-15,-83],[-12,-92],[-12,-130],[-9,-70],[-2,-19],[-2,-61],[-9,13],[-4,15],[3,15],[-6,8],[-14,17],[-11,9],[-19,6],[-15,-3],[-2,4],[-21,-7],[-14,-8],[-4,1],[-36,-44],[-10,-16]],[[28029,56255],[-20,74],[-13,46],[-59,209],[-55,193],[-50,175],[-30,112],[-28,97],[-48,163],[-12,42],[-28,2],[-27,-1],[-101,9],[-46,2],[-28,3],[-83,3],[4,135],[-11,51],[-17,86],[-14,63],[-7,-17],[-23,-56],[-4,21],[0,28],[1,11],[4,8],[1,13],[-1,14],[-3,6],[1,22],[-18,5],[-37,7],[-94,15],[-38,7],[-58,7],[-21,4],[-25,2],[-24,4],[-28,7],[-11,-11],[-2,-6],[-6,9],[-5,-2],[-2,-11],[-3,9],[1,10],[-4,20],[-3,-12],[-5,-7],[-3,-30],[-2,-8],[-6,14],[-8,-7],[-2,-9],[-6,-1],[-5,-10],[-2,8],[-8,-19],[-11,-8],[-7,-10],[-8,-14],[-6,8],[-2,-12],[2,-8],[-8,-18],[-4,2],[-3,-17],[-3,0],[-2,-14],[-6,-4],[1,20],[-2,5],[-61,-65],[-30,-34]],[[26757,57595],[-23,-2],[-36,-4],[-64,-4],[-19,0],[0,-7],[-36,2],[-23,-1],[-83,0],[-54,2]],[[26419,57581],[5,155],[3,71],[1,50],[8,19],[10,32],[4,-4],[3,-26],[3,-4],[5,7],[8,1],[3,-6],[2,9],[5,2],[3,-5],[4,17],[7,8],[10,39],[-4,19],[2,18],[-3,17],[4,7],[5,21],[0,21],[-3,11],[1,15],[4,16],[2,14],[5,13],[4,17],[3,-3],[3,12],[7,5],[3,24],[6,24],[2,5],[7,-2],[6,5],[7,21],[6,10],[2,14],[7,-1],[3,5],[4,-5],[4,8],[14,1],[4,-4],[4,2],[8,13],[5,-19],[5,4],[12,0],[7,-3],[3,6],[4,26],[4,9],[3,16],[4,-2],[11,17],[1,10],[6,6],[4,25],[5,6],[4,-3],[2,-9],[5,3],[2,20],[5,8],[4,17],[0,24],[4,12],[12,-2],[4,5],[2,17],[2,2],[3,22],[9,4],[2,-2],[6,11],[5,16],[5,-3],[7,1],[13,-16],[5,15],[2,4],[1,12],[5,28],[3,14],[5,6],[-2,11],[1,20],[5,5],[1,9],[-4,51],[4,7],[1,18],[5,8],[7,-4],[7,-22],[1,-10],[5,10],[0,9],[5,17],[1,15],[-1,26],[3,15],[7,7],[10,26],[7,12],[2,8],[14,23],[4,-13],[4,-21],[0,-14],[-3,-28],[3,-15],[-2,-23],[9,-4],[6,-12],[2,12],[5,9],[7,7],[13,35],[14,88],[5,16],[3,2],[7,19],[5,0],[5,7],[8,17],[3,-8],[9,2],[6,23],[1,8],[5,0],[8,-18],[1,5],[7,4],[3,-24],[0,-11],[2,-15],[4,-2],[10,2],[5,7],[2,16],[6,-7],[20,126],[6,32],[9,54],[5,8],[9,30],[7,15],[5,4],[4,8],[2,-2],[8,-20],[5,-1],[3,6],[8,-9],[-3,14],[-3,25],[-2,12],[1,7],[-2,11],[-1,21],[6,11],[2,17],[-1,24],[6,12],[-1,43],[-3,37],[3,4],[3,19],[-1,15],[4,2],[0,21]],[[21215,59927],[4,-2],[49,2],[19,-3],[12,-3],[96,0],[41,-1],[46,-1]],[[21482,59919],[60,1],[54,1],[61,1],[37,1],[75,2],[19,0],[58,1],[51,2],[79,1],[43,1],[33,-1],[34,0],[61,-2],[2,0],[54,-1],[22,1],[27,0],[64,-1],[6,1],[87,-1],[48,0],[53,-1],[67,0],[66,0],[75,0],[40,1],[45,0],[76,0],[81,0],[66,-1],[30,1],[54,0],[55,0],[26,0],[59,0],[81,0],[39,0],[75,0],[72,-1],[34,1]],[[23551,59926],[-1,-177],[1,-274],[0,-132]],[[23551,59343],[4,-113],[4,-120],[7,-172],[11,-254],[7,-160],[10,-250],[3,-101],[6,-121],[-2,-8],[2,-19],[-3,-201],[1,-12],[-3,-339],[-3,-305],[-1,-200],[-1,-130],[-2,-290],[-2,-294],[-1,-219],[-1,-30]],[[23587,56005],[-1,-15],[-6,-2],[-4,-9],[-2,10],[4,14],[-5,2],[-4,-12],[-5,0],[1,13],[6,9],[0,13],[-6,-2],[-5,-15],[-2,7],[4,10],[-1,24],[-3,-1],[-1,-14],[-2,-2],[-3,14],[-4,7],[-3,-20],[-4,-5],[-4,3],[1,15],[4,7],[-5,16],[-5,-13],[-6,5],[1,18],[-7,14],[-1,-10],[4,-11],[-1,-10],[-4,3],[-2,11],[-3,5],[5,12],[1,9],[-6,13],[-5,-10],[-5,12],[4,12],[4,0],[0,14],[-3,3],[-3,-19],[-5,-13],[-5,6],[2,9],[-2,25],[-4,-12],[2,-12],[-2,-9],[-5,0],[-5,7],[-3,8],[3,11],[-2,6],[-6,2],[-4,11],[-3,15],[1,20],[2,5],[-1,14],[-3,-2],[0,-17],[-4,-3],[-4,12],[3,15],[-6,9],[-1,28],[-4,-10],[-3,0],[-2,13],[-3,-6],[-10,5],[-1,18],[-2,11],[-1,17],[-5,1],[0,-24],[-3,-1],[-2,11],[0,11],[5,9],[-3,7],[-7,-12],[-5,15],[3,17],[-10,8],[-4,10],[-7,9],[-4,9],[-5,-2],[-1,-12],[-5,-13],[1,-22],[-1,-30],[-4,2],[0,16],[-3,1],[-1,-38],[-2,-5],[-5,2],[-7,12],[-1,-10],[-8,-12],[-6,2],[-5,-5],[-7,7],[-4,-4],[-5,6],[-3,10],[-7,-7],[-3,3],[0,21],[-1,3],[-6,-19],[-4,-1],[-1,15],[0,18],[-1,23],[-3,5],[-5,1],[-4,10],[-2,-15],[-4,-2],[-2,-23],[-4,-3],[-6,6],[-2,-5],[-5,-18],[-7,-7],[-6,13],[-7,-4],[-1,-21],[3,-15],[-2,-13],[-4,-6],[-8,19],[-6,-6],[1,-14],[-3,-10],[-4,4],[-3,12],[-3,2],[-17,39],[-2,-2],[-2,-25],[-16,-12],[-6,-12],[0,15],[-3,3],[-2,-18],[-3,-5],[-10,12],[-4,1],[0,-20],[-7,11],[-7,-3],[0,-21],[-4,-2],[-4,-8],[1,-10],[4,4],[-1,-20],[-2,-22],[-2,-11],[-6,-10],[-8,-4],[-10,22],[-7,5],[-2,-7],[-3,-36],[-1,-28],[-3,-18],[-5,-8],[-5,-1],[-1,5],[-2,29],[-10,35],[-3,13],[-2,21],[-7,6],[-3,-7],[-12,-3],[-4,18],[0,18],[-3,21],[-13,-2],[-4,10],[-10,16],[-2,12],[5,20],[4,7],[3,16],[-2,8],[-9,-2],[-9,26],[-4,-5],[-2,-19],[-1,-26],[-2,-27],[-2,-13],[-4,-9],[-14,-8],[-2,3],[-2,17],[-1,19],[-4,13],[-10,7],[-2,-8],[-1,-18],[-2,-7],[-5,7],[-4,18],[-4,33],[-1,43],[-2,16],[-4,14],[-14,-27],[-2,6],[0,16],[-5,-9],[0,-18],[3,-31],[0,-22],[-11,-49],[-6,-6],[-3,19],[-3,6],[-5,-8],[1,-16],[7,-4],[2,-8],[1,-14],[-9,-6],[-4,-16],[2,-39],[0,-25],[-3,-19],[-5,-10],[-3,-3],[-7,6],[-6,18],[-3,22],[-3,6],[2,10],[-1,14],[-4,25],[0,22],[3,11],[3,0],[4,10],[1,8],[-4,53],[-2,10],[-7,18],[-4,-2],[-6,-17],[0,-29],[-3,-14],[-3,-6],[-5,12],[-5,21],[-3,-23],[-4,-13],[-1,10],[3,17],[-4,1],[-1,-20],[-5,-38],[-4,-12],[-15,0],[-7,11],[-3,15],[3,34],[0,24],[-2,15],[-8,15],[-4,3],[-6,-9],[-8,-16],[-8,2],[-2,4],[-2,20],[1,12],[-1,9],[2,15],[-3,6],[-3,13],[-7,16],[-6,9],[-4,2],[-5,-5],[-2,-11],[-2,-16],[-4,-18],[-4,-13],[-9,-3],[1,-18],[-7,-7],[2,-9],[-6,-13],[-1,-16],[-4,-1],[0,-11],[-4,-14],[-9,-10],[-3,1],[-6,9],[-11,25],[-9,3],[-4,22],[7,16],[2,17],[-1,10],[-5,-1],[0,9],[3,8],[4,43],[-3,3],[-4,17],[-4,-7],[-9,-7],[-6,0],[-12,10],[0,10],[-4,15],[4,21],[-4,8],[-5,16],[-1,12],[0,14],[4,16],[4,28],[0,11],[-3,4],[0,14],[-2,8],[-4,1],[-4,-11],[-5,-26],[-4,-10],[-8,3],[-7,9],[-2,11],[-7,-5],[-12,6],[-7,19],[-11,7],[-5,-9],[-4,-21],[-1,-31],[-3,-5],[0,-15],[-3,-6],[-6,1],[-2,-12],[-4,1],[-3,-11],[-3,-2],[-5,11],[-7,26],[-2,15],[-7,19],[0,11],[-4,18],[-7,14],[-6,-4],[-7,8],[-12,-36],[-3,3],[-9,0],[-2,-10],[-5,-3],[-2,14],[-11,20],[-7,10],[-2,-7],[-9,10],[-14,22],[-8,32],[-3,3],[-2,-15],[-2,3],[-2,16],[-5,0],[-4,-16],[-6,4],[-2,-10],[-4,3],[-3,9],[-3,3],[-11,-11],[-3,3],[0,17],[-3,0],[-2,-11],[-4,-1],[-8,7],[0,15],[-2,20],[1,14],[-1,7],[0,22],[-3,3],[-2,31],[2,7],[-1,24],[-7,19],[0,15],[-4,11],[-6,7],[2,7],[1,18],[-5,-4],[-2,15],[-2,3],[-7,-7],[-3,15],[-8,23],[1,12],[-4,8],[-3,-2],[-4,-18],[-1,-26],[3,-9],[-3,-19],[0,-19],[-3,-8],[-6,10],[-2,-11],[-4,19],[-4,9],[-6,3],[-4,13],[-4,6],[-4,-3],[-5,1],[-4,5],[-5,0],[-1,-30],[-4,-19],[-7,-2],[-7,11],[-4,-11],[-4,8],[-5,-2],[-5,15],[-1,13],[-10,22],[-4,11],[0,8],[-7,19],[-6,26],[-2,26],[-3,2],[-6,13],[-9,44],[-10,25],[0,5],[-7,5],[-7,-20],[-8,-2],[0,217],[0,331],[0,178],[0,287],[0,144],[0,226],[0,346],[0,270],[0,263],[-93,0],[-52,0],[-92,0],[-65,0],[-79,0],[-60,0],[-68,0],[-29,1],[-64,0],[-62,0],[-52,0],[-62,0],[-58,0]],[[21215,59344],[0,204],[0,274],[0,105]],[[27156,59447],[8,27],[-25,1],[-51,4],[-4,-25],[-66,0],[-11,2],[-24,-1],[-47,-1],[-6,2],[-34,-2],[-19,-1],[-58,0],[-39,0],[-65,0],[-5,5],[-27,-1],[-51,0],[-18,1],[-15,3]],[[26599,59461],[7,19],[1,7],[6,3],[3,10],[6,8],[5,1],[4,11],[5,6],[3,10],[11,6],[3,-4],[8,-2],[8,3],[8,11],[3,11],[7,9],[5,9],[10,11],[5,3],[19,21],[7,9],[9,1],[7,3],[3,9],[-1,16],[-1,22],[4,8],[6,28],[-1,18],[7,13],[1,16],[7,-3],[6,4],[6,-8],[2,10],[8,1],[5,10],[4,1],[16,26],[3,14],[-2,8],[4,20],[0,16],[2,16],[-4,15],[0,10],[4,13],[3,-2],[6,24],[11,5],[7,22],[3,-3],[1,19],[5,1],[1,19],[-2,17],[2,14],[0,41],[10,18],[2,-1],[7,20],[6,3],[2,10],[9,23],[12,26],[8,9],[6,17],[14,20],[5,3],[13,16],[9,8],[4,14],[4,4],[2,14],[32,94],[21,60],[18,51],[3,12],[23,67]],[[27075,60555],[3,-4],[4,-16],[0,-15],[-10,-28],[-5,-9],[1,-18],[5,-6],[2,-11],[5,-1],[4,-11],[-1,-8],[2,-17],[1,-25],[-2,-17],[5,-34],[5,-10],[2,-13],[4,-1],[5,-16],[2,-10],[0,-22],[4,-2],[5,-8],[5,8],[5,-4],[3,-9],[3,1],[6,-26],[1,-18],[4,3],[2,-14],[8,-18],[3,-14],[32,6],[5,17],[10,13],[1,24],[7,-2],[5,10],[0,7],[7,10],[6,-1],[5,43],[3,12],[3,-2],[4,22],[11,-45],[27,-75],[6,10],[10,23],[15,18],[8,7],[13,7],[16,14],[0,-11],[9,3],[13,22],[9,28],[6,10],[-10,43],[6,32],[1,18],[6,-3],[9,-24],[1,-9],[5,-2],[4,-26],[18,26],[14,29],[6,15],[9,16],[4,13],[9,19],[5,1],[7,9],[5,-28],[-1,-26],[6,-15],[9,18],[5,14],[17,35],[-1,6],[10,10],[9,17],[5,29],[-3,4],[-5,-11],[-6,11],[5,11],[-4,21],[19,37],[5,13],[6,24],[-5,12],[-8,10],[-4,13],[-4,40],[2,5],[10,39],[-3,10],[2,21],[2,1],[5,25],[4,4],[-4,12],[3,21],[9,32],[1,11],[6,33],[4,14],[2,-5],[11,42],[1,-1],[6,28],[8,18],[13,41],[6,41],[5,42],[2,19],[8,32],[-4,5],[-1,23],[4,10],[4,27],[-2,20],[2,9],[5,6],[1,13],[4,8],[9,33],[7,10],[9,29],[-2,20],[-4,17],[4,22],[6,14],[3,24],[6,-3],[5,12],[-2,11],[1,16],[6,33],[5,19],[0,22],[-3,29],[1,22],[4,8],[0,11],[5,6],[-3,15],[2,11],[-1,14],[2,24],[4,25],[22,-34],[4,-3],[5,-11],[5,-20],[12,-89],[30,-35],[16,-18],[9,14],[-1,9],[4,8],[4,20],[3,-2],[1,19],[4,7],[4,20],[0,16],[2,20],[11,69],[3,33],[6,48],[3,9],[4,-5],[4,4],[2,31],[-2,19],[2,21],[4,31],[4,15],[1,15],[0,15],[2,8],[5,0],[2,30],[4,7],[2,25],[2,5],[34,-101],[6,37],[8,42],[3,29],[6,34],[8,18],[2,18],[4,13],[4,5],[1,-25],[1,-6],[8,23],[2,1],[6,26],[3,24],[3,-2],[2,17],[3,2],[5,-21],[6,30],[8,32],[-6,16],[9,34],[5,12],[2,12],[5,20],[5,13],[5,4],[6,22],[3,24],[7,17],[-4,12],[-6,24],[9,39],[2,15],[-5,15],[7,30],[2,12],[7,29],[6,41],[-8,7],[7,35],[-4,18],[-1,9],[4,18],[0,45],[16,-44],[7,-17],[29,-82],[35,-93],[57,-154],[2,18],[5,31],[3,42],[6,31],[5,48],[2,20],[3,20],[5,11]],[[28259,62635],[6,-3],[6,6],[7,-15],[9,-10],[8,-1],[6,5],[2,-23],[5,-23],[9,-16],[6,-6],[9,-26],[-5,-20],[0,-16],[-3,-10],[-6,-5],[-3,-13],[-3,-28],[1,-22],[2,-11],[9,-10],[2,-11],[4,-28],[11,-11],[14,-6],[9,1],[7,-12],[6,-7],[6,-14],[5,-5],[3,-12],[-3,-20],[3,-23],[6,-13],[7,-6],[9,2],[5,-5],[6,-28],[2,-7]],[[28426,62183],[4,-25],[3,-8],[7,-8],[1,-12],[4,-21],[3,1],[2,-24],[-2,-22],[0,-47]],[[28448,62017],[-1,-59],[1,-18],[-4,-18],[-7,-1],[-7,-15],[-5,-12],[-3,-14],[-1,-28],[2,-18]],[[28423,61834],[-8,2],[-3,-13],[-9,-9],[-4,24],[3,2],[3,13],[-5,6],[-7,4],[4,-16],[-2,-9],[-5,-3],[1,-17],[-3,-26],[2,-10],[-5,-12],[2,-22],[-5,-16],[-2,-25],[-3,-22],[-4,-12],[-4,-35],[-1,-27],[5,-54],[-2,-16],[6,-16],[4,-36],[4,-8],[7,-1],[10,11],[7,0],[5,6],[7,26],[9,2],[5,-2],[4,11],[5,25],[4,1],[6,-21],[1,-32],[0,-25],[-4,-25],[8,-35],[0,-8],[5,-1],[6,-20],[1,-23],[-3,-11],[2,-16],[7,-13],[7,-7],[10,-29],[4,-1],[6,-9],[11,7],[11,-3],[6,-22],[0,-16],[3,-3],[7,21],[0,12],[4,0],[6,-14],[3,-15],[4,-15],[2,6],[-3,24],[4,6],[5,-6],[2,-21],[1,-23],[6,-18],[6,-10],[7,-15],[0,-9],[4,-23],[-6,-8],[-3,2],[-1,-19],[5,-4],[6,6],[10,-13],[5,-21],[0,-12],[6,-3],[7,-20],[8,-12],[12,-11],[22,-42],[4,-18],[4,-6],[-4,-45],[0,-20],[-4,-20],[-5,-4],[-1,9],[-6,0],[0,-25],[-2,-9],[1,-21],[1,-40],[-4,-3],[0,-21],[5,-21],[0,-13],[-8,-7],[2,-12],[-4,-22],[2,-12],[0,-18],[4,-4],[1,18],[6,-7],[4,-21],[-4,-4],[-5,12],[-6,0],[-6,-5],[-2,-12],[-6,19],[-5,1],[-4,13],[-4,3],[-3,13],[-3,-4],[-5,25],[4,8],[-4,22],[-5,-12],[1,-13],[-5,-36],[-3,1],[-6,19],[-1,9],[1,22],[-2,24],[-4,10],[-4,21],[-1,14],[-4,29],[-4,1],[-5,13],[-2,20],[-9,7],[-3,6],[-3,16],[-6,-3],[-6,16],[-2,15],[-3,7],[1,11],[-3,13],[-5,4],[-1,23],[-2,14],[-6,16],[-3,-1],[-3,11],[-3,-2],[-5,23],[-1,25],[-5,15],[-6,1],[-2,14],[-5,0],[-3,-20],[3,-9],[7,1],[4,-5],[-1,-23],[6,-20],[4,-20],[4,0],[3,-16],[7,-9],[0,-11],[4,-26],[3,-10],[2,-23],[3,-13],[5,-29],[5,-15],[8,-1],[2,-6],[-1,-17],[2,-11],[4,-5],[6,-1],[6,-7],[0,-16],[6,-16],[1,-21],[4,-31],[-3,-8],[5,-11],[-1,-8],[5,-19],[3,-14],[6,-12],[10,2],[4,-2],[5,2],[8,-2],[0,-27],[13,-17],[7,0],[7,-4],[6,-9],[2,-13],[-2,-6],[-14,-13],[1,-25],[1,-10],[5,-1],[3,-21],[3,3],[7,30],[5,-29],[-3,-5],[-7,11],[0,-7],[8,-16],[-1,-11],[7,-15],[1,-19],[2,-67],[-4,-19],[-4,-15],[1,-24],[-1,-18],[-6,16],[-3,2],[-4,17],[-7,32],[-2,-2],[-5,13],[-4,4],[-3,21],[0,17],[-4,2],[-1,-11],[0,-47],[-4,15],[-10,-2],[-1,-15],[3,-9],[4,9],[6,-27],[5,-6],[-3,-11],[1,-8],[-7,0],[-1,-10],[6,-7],[5,7],[1,-12],[4,-12],[2,-15],[6,-2],[-2,-12],[-8,-6],[-8,2],[-1,-12],[-3,3],[-9,-8],[-5,5],[-6,-11],[-1,-7],[4,-16],[6,-11],[10,4],[14,8],[-4,-23],[3,-16],[-1,-21],[-4,0],[-1,-16],[8,-6],[6,15],[5,-7],[3,-21],[6,-7],[4,-16],[-1,-13],[6,-15],[2,-16],[-6,-61],[-3,-39],[-3,9],[-7,7],[-2,-10],[-8,-11],[-6,-18],[-4,-22],[-4,4],[-7,37],[1,11],[-5,23],[-17,41],[0,19],[-5,12],[-2,-9],[-4,3],[-9,32],[-6,9],[-1,27],[5,18],[-4,40],[-3,17],[-5,17],[-12,3],[-3,-8],[-8,-5],[-3,-23],[-4,-1],[-7,20],[-3,26],[-8,14],[-8,-3],[-6,2],[0,24],[-4,-12],[-3,-3],[-6,-19],[-6,4],[-2,-11],[12,-33],[3,0],[7,11],[14,-4],[4,-9],[6,-23],[5,-12],[4,-20],[5,-6],[4,3],[5,30],[2,25],[1,2],[5,-16],[2,-11],[-2,-18],[0,-19],[2,-11],[2,-24],[-1,-18],[-2,-24],[-1,-19],[3,-20],[4,-8],[9,0],[7,-8],[3,-16],[-2,-10],[1,-9],[5,5],[6,-18],[4,-5],[4,-18],[4,-4],[3,-10],[0,-21],[-4,-10],[6,-18],[-1,-21],[-3,-5],[1,-13],[10,4],[2,22],[5,2],[6,-9],[6,3],[0,28],[9,-1],[1,-32],[8,-11],[2,19],[-3,2],[-1,44],[1,25],[3,-9],[4,1],[1,15],[8,-5],[13,-29],[11,-12],[12,-8],[13,-18],[9,11],[5,15],[4,3],[6,-4],[3,-8],[1,-19],[5,-74],[2,-35],[5,-60],[7,-80],[9,-72],[5,-54],[2,-39]],[[28738,60895],[0,18],[7,-14],[-6,-24],[-1,20]],[[28836,61055],[6,32],[63,22],[44,16]],[[28949,61125],[-16,-82],[-14,-93],[-8,-27],[-2,-3],[-4,22],[3,8],[5,-12],[6,15],[-1,12],[-8,4],[-1,7],[-7,-3],[-4,-20],[0,-11],[-8,-8],[-10,-36],[-10,-51],[-7,-47],[-4,-14],[-4,-47],[-2,-7],[-1,-26],[-3,-36],[-4,-32],[1,-38],[3,-6],[-6,-36],[-13,-66],[-4,4],[-2,-17],[2,-12],[6,0],[1,-19],[-5,-17],[-14,-84],[-2,-18],[-7,-36],[-6,-19],[-5,-1],[1,-49],[-3,-25],[-1,-16],[-3,-8],[1,-22],[-4,-12],[-1,-10],[-6,-19],[-6,-27],[-6,-20],[-8,14],[-5,-9],[-6,-5],[1,-12],[6,-11],[0,-10],[-5,-8],[-5,5],[-1,10],[3,16],[0,17],[-2,35],[-6,40],[-4,20],[1,33],[-1,3],[-4,24],[1,14],[3,12],[-2,25],[2,38],[3,16],[5,31],[0,10],[3,4],[2,16],[-4,6],[-1,13],[1,26],[6,37],[-1,7],[1,28],[3,26],[5,33],[-3,16],[3,18],[4,7],[-3,13],[5,30],[3,-17],[5,-1],[-1,29],[-2,7],[1,18],[5,18],[4,-5],[3,6],[-2,19],[4,28],[8,9],[4,11],[-2,7],[-7,-6],[-1,8],[5,17],[5,2],[2,7],[-5,29],[-3,9],[6,17],[7,1],[7,-22],[7,8],[0,32],[4,34],[4,-15],[5,17],[-5,10],[-1,9],[4,9],[0,15],[-5,16],[-6,0],[-7,12],[4,11],[3,15],[7,-5],[4,15],[4,-7],[6,-1],[2,23],[-3,13]],[[28725,61039],[14,0]],[[28739,61039],[-8,-11],[-1,8],[-5,3]],[[27075,60555],[-1,10],[-10,-15],[-6,4],[-10,-1],[-2,21],[-8,-2],[-1,8],[-8,-8],[-1,13],[3,14],[-2,20],[-7,0],[-2,17],[-5,23],[3,4],[-1,21],[-4,-6],[1,-18],[-7,-4],[-2,10],[-2,23],[-4,10],[-5,-6],[-4,8],[-3,14],[-3,-6],[0,18],[-6,42],[-1,13],[-4,12],[4,16],[-4,9],[-2,25],[-10,19],[-1,10],[-5,12],[0,10],[-4,16],[-3,24],[1,10],[-1,16],[-8,26],[-10,13],[-4,15],[9,31],[-4,5],[1,11],[3,0],[1,14],[-5,-1],[-1,17],[-7,1],[-3,23],[0,8],[-4,13],[-4,39],[-9,23],[0,19],[-6,16],[-4,3],[0,10],[-5,9],[0,37],[8,1],[3,30],[0,23],[-3,7],[-1,13],[2,13],[6,0],[3,21],[-2,43],[3,15],[-2,17],[-6,20],[2,41],[-2,10],[1,11],[1,28]],[[26901,61586],[1,-11],[5,-9],[6,-2],[5,2],[12,15],[15,14],[8,11],[4,-6],[14,8],[5,10],[3,22],[2,32],[1,32],[2,18],[1,47],[5,17],[8,6],[6,-9],[9,5],[4,10],[1,26],[-4,39],[-1,24],[2,33],[-4,57],[-5,13],[-2,22],[2,10],[7,22],[8,11],[5,19],[1,29],[-1,21],[0,17],[4,14],[5,26],[1,16],[5,35],[11,21],[4,37],[8,5],[3,-9],[5,-35],[8,4],[5,-9],[9,-59],[0,-14],[-8,-28],[0,-11],[5,-15],[6,-6],[8,19],[3,13],[1,32],[4,17],[5,3],[8,-23],[7,-1],[1,9],[-6,27],[-1,10],[5,59],[-3,13],[-8,25],[-2,14],[-1,22],[2,6],[9,-7],[6,14],[2,9],[1,22],[-1,37],[-3,34],[6,22],[3,24],[6,5],[3,8],[-1,34],[5,19],[6,5],[10,-5],[3,3],[7,-8],[4,-2],[1,10],[0,21],[2,52],[5,17],[10,23],[9,32],[5,10],[7,-4],[6,-20],[3,-38],[4,-14],[2,-2],[8,4],[14,34],[7,13],[8,5],[5,-5],[3,6],[1,15],[7,31],[4,10],[10,7],[6,25],[4,24],[8,34],[13,42],[8,22],[7,22],[10,29],[5,5],[7,-3],[3,5],[4,37],[0,40],[1,8],[8,12],[1,18],[-4,22],[-6,18],[-1,12],[2,13],[10,28],[1,15],[-1,35],[3,13],[6,13],[0,22],[-4,24],[1,18],[6,-2],[4,-9],[4,8],[-3,35],[2,15],[5,13],[0,41],[3,51],[-3,31],[3,12],[5,16],[1,13],[-1,32],[2,19],[5,31],[5,21],[2,36],[5,25],[6,12],[2,12],[0,23],[3,18],[1,12],[-3,35],[1,26],[-3,14],[-3,3],[0,13],[5,10],[0,39],[4,24],[1,15],[-2,13],[-5,23],[-3,40],[-7,31],[-4,13],[2,21],[3,7],[7,26],[7,6],[7,-13],[4,11],[12,18]],[[27479,64172],[0,-193],[0,-13],[0,-110],[0,-30],[0,-213],[0,-260],[0,-54],[0,-197],[58,-1],[65,0],[62,0],[68,0],[37,0]],[[27769,63101],[0,-90],[0,-2],[-1,-129],[-1,0],[0,-218],[-1,-75],[0,-18],[0,-69],[5,-2],[2,9],[6,6],[5,13],[8,39],[4,12],[7,7],[3,18],[8,13],[7,-6],[2,28],[8,19],[1,19],[5,10],[5,-1],[5,29],[3,-4],[7,8],[-2,11],[5,15],[6,4],[0,14],[7,25],[6,24],[4,4],[3,-4],[3,14],[3,-18],[5,-1],[2,-7],[9,-15],[3,-12],[3,3],[1,16],[5,37],[5,1],[4,21],[3,9],[0,14],[5,-2],[6,36],[4,16],[5,-8],[2,8],[-4,11],[0,14],[4,10],[1,12],[4,-1],[-2,24],[3,13],[5,-2],[-1,-18],[4,-3],[4,9],[4,-15],[-10,-6],[-2,-8],[3,-17],[6,-9],[3,8],[2,-26],[9,-13],[1,-8],[10,-13],[9,5],[8,-9],[8,-14],[12,6],[5,-7],[10,-2],[5,25],[9,13],[-2,11],[-8,18],[-1,15],[4,5],[10,-15],[3,14],[-7,15],[-3,17],[3,7],[12,-19],[-1,17],[2,9],[3,-5],[3,17],[13,-13],[7,-10],[4,-2],[4,25],[8,26],[-1,16],[7,0],[6,22],[3,0],[17,-15],[5,-12],[4,-4],[11,-38],[7,-37],[3,-5],[7,0],[4,10],[3,-5],[0,-14],[3,-6],[2,36],[3,-15],[10,-9],[1,3],[-1,18],[9,-10],[5,-1],[2,-18],[-1,-23],[-3,-8],[-10,-1],[-2,-13],[4,-9],[2,-11],[0,-20],[7,1],[0,12],[4,0],[0,-14],[-5,-13],[-1,-8],[11,-10],[3,-1],[4,11],[3,-11],[-7,-9],[1,-23],[-1,-7],[3,-10],[-4,-8],[2,-12],[8,-2],[3,-6],[4,-25],[1,-17],[-5,-11],[3,-15],[-1,-14],[-3,-9],[1,-13],[10,-15]],[[24970,51972],[-10,-1],[-3,-8],[-1,-14],[-4,-12],[-10,8],[-2,-15],[-3,-7],[-4,-23],[-7,-16],[-1,-35],[-4,-5],[-6,-3],[-3,-18],[4,-28],[-5,-8],[-4,16],[-5,12],[-14,0],[-8,-29],[-3,-19],[1,-31],[4,-38],[6,-14],[8,-1],[12,15],[5,14],[4,-12],[-9,-19],[0,-27],[7,-21],[4,-18],[5,-8],[6,-5],[9,0],[6,8],[5,11],[1,11],[0,33],[3,14],[0,19],[3,19],[0,16],[-3,17],[1,7],[5,3],[7,20],[12,25],[-2,27],[2,12],[3,4],[7,-18],[3,3],[4,-11],[-3,-6],[3,-15],[4,12],[7,9],[4,-5],[-2,-15],[-6,-7],[1,-23],[-2,1],[-1,16],[-3,-8],[-2,14],[-4,-6],[-4,-30],[4,0],[3,-8],[0,-19],[3,-13],[8,0],[-1,-10],[5,-16],[1,-41],[2,-16],[3,-2],[2,14],[-1,10],[6,-5],[2,13],[2,4],[10,60],[2,5],[0,15],[8,3],[-1,-13],[1,-9],[6,-8],[-5,-42],[-10,-4],[-5,-10],[-5,-19],[-3,-16],[-4,-7],[1,-12],[7,10],[6,-2],[14,7],[0,-8],[-7,-14],[-3,-21],[-3,2],[-2,15],[-6,-12],[3,-11],[-4,-7],[2,-13],[-4,-4],[-3,16],[-1,15],[-12,-11],[1,-21],[5,5],[3,-6],[-2,-13],[0,-12],[4,-2],[2,-15],[5,-2],[4,15],[3,3],[1,-37],[-4,-10],[-3,5],[-5,20],[-6,4],[-4,-7],[-2,13],[-5,2],[-2,-5],[0,-19],[-8,-34],[0,-33],[7,-21],[2,2],[3,-19],[-5,2],[-5,19],[-5,-18],[-1,-13],[3,-17],[-3,-5],[-6,-1],[-1,25],[2,8],[-1,23],[-5,24],[-4,-2],[-4,11],[-3,-1],[1,-29],[-1,-31],[-2,-10],[5,-12],[3,-20],[-5,1],[-2,13],[-7,3],[-4,6],[-5,-5],[-3,-13],[-7,-9],[-3,10],[-9,2],[1,-11],[7,-18],[7,-28],[0,-13],[-6,13],[-2,-1],[0,18],[-3,15],[-7,2],[-2,-11],[2,-9],[1,-25],[6,-1],[2,-13],[-6,-14],[-6,-1],[0,-16],[2,-14],[6,-6],[0,-11],[4,-23],[4,-1],[5,-15],[5,6],[6,-1],[-1,-22],[6,-23],[5,-5],[-1,-10],[1,-23],[3,-10],[1,-13],[-7,2],[-2,6],[-3,-17],[7,-10],[7,-5],[12,22],[3,-9],[6,-6],[8,-3],[7,3],[6,-10],[7,2],[-3,-19],[2,-11],[5,-1],[3,8],[-2,19],[2,12],[3,-21],[2,-3],[10,-36],[1,-16],[5,-22],[3,11],[2,13],[5,23],[5,-8],[3,-16],[2,-24],[7,-14],[3,-30],[4,-15],[-4,-24],[1,-13],[3,-10],[-2,-12],[5,-3],[2,-14],[2,9],[5,-2],[4,5],[3,10],[6,10],[5,-34],[-3,-11],[-8,9],[-1,-16],[-9,1],[-8,-13],[1,-16],[3,-9],[9,-6],[7,2],[-8,-52],[-3,22],[-4,9],[-3,-1],[-1,-27],[-3,-22],[-8,-4],[-1,-18],[1,-17],[-3,-23],[2,-10],[2,-25],[-3,-4],[-1,10],[-17,30],[-1,7],[2,20],[-2,22],[-5,24],[-3,-2],[-1,-21],[-1,-8],[-7,-6],[-9,-41],[-5,-16],[-9,-38],[0,-8],[-4,-10],[-7,-29],[-4,2],[5,26],[0,19],[4,16],[5,18],[5,33],[0,17],[3,3],[-1,13],[7,0],[2,16],[0,19],[2,1],[1,38],[1,15],[5,5],[-1,26],[2,16],[-5,29],[-7,3],[-3,-13],[1,-15],[-2,-34],[-5,-22],[-14,-7],[-7,25],[-6,43],[-7,30],[-3,9],[-15,25],[-19,20],[-2,17],[-3,1],[-4,25],[-9,-2],[-16,18],[-24,12],[-8,5],[2,15],[0,12],[3,15],[6,-2],[1,-12],[3,-17],[5,9],[3,17],[10,9],[10,1],[6,7],[6,13],[2,-4],[4,-31],[8,11],[-4,37],[-8,11],[-9,-8],[-7,3],[-6,-5],[-3,2],[-11,-1],[-1,10],[-6,15],[-6,-12],[-3,18],[-5,7],[2,36],[5,9],[-5,17],[-5,1],[-3,-6],[0,-18],[-5,-24],[-2,12],[-8,4],[-4,-10],[-3,22],[-4,-2],[-3,7],[-7,-14],[3,-15],[3,-7],[-4,-23],[0,-8],[-4,-2],[0,-13],[-2,-16],[-6,-4],[-4,-9],[1,-13],[3,3],[4,-6],[2,15],[3,4],[6,-20],[-2,-14],[-7,2],[-3,9],[-4,-7],[-1,-14],[0,-34],[6,-3],[-1,-16],[-4,-6],[-4,4],[-3,11],[-5,1],[-4,-13],[-5,-23],[2,-30],[5,-12],[3,-21],[7,-1],[2,-5],[5,17],[2,14],[2,2],[2,17],[4,15],[10,2],[-2,-14],[-18,-41],[-8,-32],[-12,-30],[-6,-17],[-15,-39],[-5,-14],[-10,-18],[-7,11],[1,16],[3,0],[0,21],[-6,18],[-1,25],[-2,14],[2,9],[0,17],[-5,13],[-3,17],[-1,17],[-5,36],[-4,3],[-6,19],[0,10],[-2,8],[-7,-14],[0,-21],[1,-12],[-6,-9],[-1,33],[2,13],[-2,16],[-7,22],[-1,19],[-3,5],[-6,-14],[2,-19],[-4,-15],[0,-9],[-3,-10],[-4,2],[-4,13],[-7,-2],[-6,-21],[-4,22],[-3,10],[-5,-11],[-1,-17],[3,-20],[-1,-30],[7,-9],[-2,-10],[-6,12],[-5,-4],[2,-14],[-1,-11],[-7,-1],[-2,-20],[-2,-30],[-7,3],[-3,-10],[1,-11],[-3,-36],[-5,-10],[-3,23],[-4,-2],[-2,-20],[-6,1],[-2,-12],[-4,0],[-2,-15],[-2,-1],[-1,-31],[-9,-2],[-4,10],[-5,37],[-5,19],[-3,24],[-5,6],[-7,21],[-5,23],[-7,-14],[-7,2],[-5,14],[0,16],[-3,10],[-2,-4],[-2,-16],[-3,-10],[-4,9],[-5,1],[-5,20],[-5,13],[-2,-4],[-5,6],[-6,0],[-10,5],[-15,23],[-6,10],[-4,14],[-3,18],[-6,23],[6,2],[5,6],[2,12],[4,15],[0,11],[3,22],[6,10],[1,-16],[6,-36],[5,-23],[6,19],[4,-4],[-1,-11],[-1,-34],[1,-30],[-1,-18],[7,16],[5,-5],[3,12],[-1,16],[-3,11],[3,29],[-2,19],[0,13],[-1,9],[-5,4],[0,10],[-3,9],[-5,3],[-6,14],[0,17],[-6,8],[3,28],[-3,18],[-6,-6],[-3,12],[-3,-13],[-2,-19],[-4,-13],[-5,12],[-8,-25],[-1,26],[2,15],[-6,-5],[1,26],[-1,18],[5,3],[-2,21],[0,13],[-3,6],[-2,18],[-6,0],[-8,-29],[-4,1],[-11,-22],[-4,28],[-3,6],[0,27],[-4,8],[-9,4],[2,16],[-1,15],[-2,8],[0,22],[-1,15],[-4,45],[-6,4],[-14,-12],[-3,14],[4,35],[-1,14],[3,43],[-2,18],[-1,7],[-6,5],[-7,1],[-7,-5],[-4,-6],[-7,15],[-10,-5],[-17,-30],[-5,-14],[-7,9],[6,17],[-1,18],[-5,3],[0,10],[6,26],[6,-4],[2,8],[1,21],[-2,33],[-9,-3],[-5,11],[-7,-6],[-2,-13],[-5,3],[-2,-6],[-6,11],[-2,10],[-5,-18],[2,-19],[-1,-8],[-5,-3],[-10,-14],[-13,-26],[-9,-23],[-8,-27],[-2,11],[6,13],[2,19],[-3,14],[-3,3],[-1,-12],[-3,-6],[-2,12],[-3,-4],[1,-23],[-9,16],[-1,-9],[2,-23],[4,-11],[5,-19],[5,-6],[4,5],[9,0],[0,-7],[-9,-26],[0,-10],[7,-52],[2,-7],[6,13],[4,-4],[6,5],[2,8],[3,-8],[-8,-17],[-4,-11],[1,-9],[7,0],[0,-9],[-10,-1],[-7,5],[-12,-3],[-6,-7],[-9,-14],[-15,-32],[-8,-7],[-11,-3],[-16,13],[-10,7],[-4,6],[-10,10],[-18,10],[-7,6],[-3,16],[-2,-9],[-7,0],[-7,6],[-3,11],[-5,-3],[-11,17],[-14,16],[-6,14],[-4,3],[-16,31],[-4,5],[-24,43],[-8,14],[-28,34],[-3,2],[-28,27],[-10,6],[-10,2],[-10,-3],[-17,-14],[-12,4],[-23,3],[-11,-2],[-22,-12],[-13,-5],[-13,-7],[-16,-13],[-11,-14],[-9,-18],[-7,-20]],[[23768,51401],[-9,52],[-5,8],[-2,13],[1,10],[-2,11],[-7,16],[-1,14],[1,25],[6,21],[8,18],[5,14],[7,35],[4,31],[2,40],[6,42],[4,6],[5,22],[4,11],[1,15],[5,18],[6,8],[-5,11],[-2,17],[0,12],[3,18],[3,4],[0,30],[1,15],[-6,67],[0,12],[4,24],[-1,30],[1,29],[-5,6],[-6,10],[-5,47],[2,36],[0,19],[3,6],[4,20],[3,15],[6,13],[0,24],[-5,28],[0,14],[2,20],[-1,8],[-6,15],[3,33],[-1,17],[4,16],[5,8],[4,0],[-2,36],[1,18],[7,25],[1,9],[5,4],[5,24],[-2,8],[4,20],[1,35],[-2,10],[6,8],[0,10],[3,11],[2,23],[4,8],[-1,11],[3,7],[0,11],[-4,12],[3,11],[-5,37],[3,12],[4,3],[-2,19],[7,13],[2,15],[-2,24],[-10,21],[1,14],[-4,14],[4,15],[7,-5],[2,12],[3,2],[4,10],[-4,8],[1,11],[-4,7],[4,12],[-4,15],[-5,5],[-3,22],[3,3],[3,15],[0,18],[-3,23],[4,12],[-2,15],[3,3],[0,12],[-5,3],[-5,-11],[-3,-12],[-3,-2],[-3,13],[0,27],[-2,7],[2,22],[-5,10],[1,33],[-2,12],[-6,0],[-2,15],[-2,-3],[-3,18],[-4,5],[0,20],[4,22],[1,19],[5,4],[2,18],[-7,-9],[-2,38],[-6,14],[-3,11],[3,25],[-3,0],[0,14],[-5,1],[-7,18],[2,17],[4,6],[4,31],[-6,-2],[-3,16],[-4,-4],[-6,2],[-5,10],[0,9],[-6,19],[-1,13],[-3,20],[-1,15],[2,17],[3,3],[1,19],[-1,25],[-2,15],[6,22],[3,19],[-6,8],[1,20],[-7,26],[3,16],[1,15],[-3,10],[-1,20],[-4,6],[-6,19],[0,22],[-3,7],[1,18],[-6,21],[1,16],[-9,-1],[2,11],[-2,11],[-6,-2],[-2,14],[-4,-1],[-2,22],[-3,13],[-7,44],[-7,12],[0,140],[0,175],[0,253],[0,183],[0,58],[0,208],[0,172]],[[23711,55283],[89,1],[65,-1],[70,-1],[47,0],[63,-2],[13,-2],[82,-3],[78,-3],[75,-2],[22,0],[33,-1],[6,1],[30,-1],[35,0],[18,-1],[75,-2]],[[25152,51819],[4,-17],[6,-42],[3,-33],[2,-42],[-1,-53],[-4,-76],[-3,-29],[-6,-43],[1,37],[6,38],[1,34],[-2,10],[4,17],[1,49],[-3,28],[0,21],[1,13],[-4,46],[-6,36],[0,6]],[[25020,51831],[7,7],[4,30],[11,23],[9,20],[9,23],[0,-4],[-5,-25],[-3,-4],[-4,-22],[4,-2],[2,-32],[8,-5],[5,-8],[0,-20],[-2,-12],[-6,2],[-3,-9],[1,-20],[3,-10],[-4,-9],[-4,8],[1,8],[-1,16],[-3,15],[0,22],[-4,9],[-2,-13],[-4,-14],[-3,4],[-6,-1],[-4,9],[-3,-15],[-2,12],[-1,17]],[[24993,51919],[0,11],[6,-1],[-3,-17],[-3,7]],[[24941,51219],[7,5],[3,9],[5,4],[2,-5],[-7,-26],[-2,-19],[-4,11],[-4,21]],[[24865,50964],[2,7],[6,-1],[3,-11],[-6,-6],[-5,11]],[[24684,50703],[8,-12],[14,-18],[12,-3],[-4,-10],[-9,4],[-15,22],[-6,17]],[[24626,50650],[10,10],[1,-6],[-10,-6],[-1,2]],[[24595,50662],[7,-9],[7,9],[1,-11],[-5,-3],[-10,14]],[[24271,51269],[3,0],[1,15],[3,3],[0,12],[7,13],[5,-8],[7,3],[3,10],[1,12],[6,10],[3,-11],[7,2],[7,-17],[5,-15],[5,-3],[1,-13],[5,6],[4,-23],[8,0],[1,-14],[7,-8],[-6,-18],[-9,-18],[-2,-23],[2,-17],[-5,-8],[-5,5],[-5,-16],[-3,7],[-4,-1],[-2,18],[-3,10],[-4,1],[-5,8],[-3,9],[-2,0],[-11,23],[-3,-3],[-2,9],[-6,9],[-10,21],[-1,10]],[[26572,70485],[3,15],[3,1],[5,-13],[-3,-15],[-4,-3],[-4,15]],[[26557,70544],[4,8],[5,-1],[3,-11],[-12,4]],[[26541,70397],[5,37],[2,0],[4,22],[6,-12],[-3,-7],[3,-14],[5,-16],[3,14],[4,3],[4,30],[8,-1],[3,13],[15,24],[-1,21],[-7,2],[-9,14],[4,16],[5,4],[11,-5],[4,4],[6,-1],[9,-16],[3,1],[3,-23],[4,-11],[3,-15],[2,-31],[2,-17],[4,3],[3,-16],[5,5],[5,-18],[-3,-14],[-5,-14],[1,-12],[-4,-14],[0,-13],[-5,-10],[-6,-1],[-3,6],[-6,-3],[-6,6],[-3,10],[-1,13],[-11,1],[-8,-12],[-9,-1],[-1,12],[-5,-9],[-3,5],[-1,16],[-6,-7],[-3,-19],[-8,20],[-8,4],[0,8],[-7,3],[-4,15]],[[26506,70532],[4,4],[4,-21],[-4,-1],[-4,18]],[[26346,70382],[6,1],[-1,-13],[-5,12]],[[26344,70207],[5,8],[10,-14],[8,4],[10,-14],[11,-14],[6,15],[2,-14],[14,-20],[-4,-17],[0,-8],[-6,-12],[-1,-13],[-7,-9],[-4,9],[-5,-2],[-14,13],[-2,20],[-5,14],[-6,28],[-9,14],[-3,12]],[[26330,70394],[3,8],[6,-14],[-6,-15],[-3,21]],[[26327,70265],[2,25],[6,-7],[6,-30],[-5,-8],[-5,9],[-4,11]],[[26209,70152],[14,3],[-4,-8],[-10,1],[0,4]],[[26112,70170],[8,-3],[5,15],[0,26],[5,5],[3,-17],[-3,-25],[-4,-15],[-7,10],[-7,4]],[[26081,70192],[4,6],[-2,16],[0,11],[8,-7],[8,-18],[0,-9],[5,-5],[-3,-12],[2,-10],[-11,-4],[-3,7],[0,20],[-8,5]],[[26055,69961],[3,26],[4,18],[-2,29],[2,20],[4,19],[5,16],[0,19],[3,9],[-2,27],[3,1],[4,-10],[5,-1],[5,6],[3,-11],[-5,-11],[4,-12],[2,-32],[-4,-20],[2,-20],[3,-14],[1,-36],[-2,-16],[-5,-13],[-5,-6],[-4,-19],[-5,-4],[-7,9],[-3,-1],[-7,6],[-2,21]],[[26035,70120],[5,11],[8,-8],[1,-21],[-1,-8],[-7,-23],[-5,2],[3,26],[-4,21]],[[26010,69828],[6,-2],[1,-12],[-3,-10],[-4,24]],[[25984,69778],[9,-9],[5,-20],[2,-17],[-1,-25],[-3,8],[-10,40],[-2,23]],[[25934,69422],[1,15],[4,8],[11,-4],[5,-6],[3,-15],[-2,-59],[2,-29],[-6,-10],[-12,42],[-5,13],[0,16],[-1,29]],[[25908,69276],[5,33],[6,7],[9,-11],[-5,-19],[2,-20],[-6,-8],[-5,-3],[-5,7],[-1,14]],[[25768,69934],[4,6],[2,-12],[3,-1],[1,-15],[-1,-12],[-6,-6],[-2,14],[-1,26]],[[25756,69966],[3,13],[6,-10],[-6,-15],[-3,12]],[[25754,71061],[3,12],[6,7],[3,-5],[4,5],[7,-31],[-1,-20],[-5,-35],[6,-11],[5,18],[1,-21],[-5,-22],[-5,-3],[-5,19],[-4,-23],[-4,7],[1,50],[-5,14],[-2,39]],[[25733,69845],[3,10],[5,-8],[-1,-29],[-6,11],[-1,16]],[[25722,65480],[13,28],[17,41],[9,24],[4,18],[13,42],[7,31],[4,28],[9,75],[10,63],[7,52],[1,15],[6,19],[17,73],[5,24],[8,43],[10,66],[7,55],[5,65],[5,35],[4,55],[2,57],[1,33],[3,31],[-1,50],[3,26],[2,30],[1,28],[0,44],[-1,34],[0,97],[-2,70],[-2,80],[-2,32],[-3,40],[-2,12],[-1,27],[-8,62],[-4,35],[-8,51],[-5,25],[-1,13],[-14,86],[-7,59],[-7,76],[-5,61],[-4,36],[-11,72],[-5,47],[-1,19],[1,29],[2,23],[5,24],[14,56],[5,29],[3,35],[1,30],[-1,33],[-3,40],[-1,33],[-2,26],[-2,9],[0,27],[-6,35],[-5,24],[-4,30],[0,12],[4,21],[15,35],[5,16],[4,22],[8,54],[7,27],[5,49],[4,15],[8,53],[9,43],[5,89],[-1,35],[1,37],[3,22],[1,26],[3,29],[1,29],[-1,24],[-5,38],[-5,43],[1,27],[2,14],[5,8],[14,15],[8,15],[9,-4],[4,3],[5,13],[4,33],[-1,28],[3,30],[0,17],[-2,59],[2,24],[6,11],[7,-14],[8,-4],[3,7],[4,28],[4,13],[6,33],[4,-1],[7,-12],[3,-17],[3,-5],[9,1],[8,11],[6,25],[2,14],[1,21],[-1,10],[5,15],[2,22],[4,17],[8,12],[4,10],[4,21],[2,27],[5,35],[11,48],[3,-10],[6,2],[6,15],[4,21],[3,0],[3,-25],[-1,-14],[-11,-26],[-8,-7],[-4,-25],[3,-23],[2,-10],[-1,-9],[5,-24],[5,-14],[-1,-18],[-5,14],[-3,-14],[-1,-26],[-6,-20],[-2,-2],[-5,-36],[5,-6],[5,19],[2,-10],[0,-42],[1,-16],[-7,-4],[-1,-17],[-5,-27],[-2,-40],[1,-20],[5,-37],[-2,-29],[3,-10],[8,-1],[6,60],[3,9],[5,44],[5,12],[0,32],[-8,-2],[6,21],[3,22],[0,13],[2,16],[0,16],[6,8],[3,11],[4,1],[3,-31],[-4,-3],[-4,-41],[1,-30],[-3,-34],[0,-19],[-11,-25],[-5,-19],[-1,-36],[-4,-32],[6,-13],[7,-2],[6,22],[-1,25],[3,20],[8,14],[5,34],[0,10],[5,16],[3,16],[0,15],[4,12],[4,31],[4,54],[-1,13],[3,17],[-2,17],[0,33],[4,26],[-1,7],[2,43],[-3,17],[-1,30],[-1,34],[-2,12],[0,22],[1,33],[4,38],[5,16],[4,7],[3,14],[4,4],[3,15],[3,-6],[5,2],[5,12],[2,16],[3,-1],[9,27],[4,-2],[12,10],[3,6],[8,-8],[15,-3],[3,-3],[9,11],[5,-4],[22,30],[0,19],[-2,14],[-16,9],[-6,-3],[-10,9],[-7,19],[-9,36],[-1,21],[-3,22],[-2,24],[-1,35],[2,19],[5,17],[4,20],[1,14],[4,12],[13,14],[4,11],[2,22],[4,2],[10,32],[0,23],[-5,19],[-9,15],[14,1],[5,-2],[5,-11],[8,10],[11,-13],[5,9],[3,-7],[6,7],[2,10],[-3,24],[6,9],[5,-8],[8,5],[0,-22],[12,-15],[1,-7],[8,-8],[5,-11],[16,-26],[5,-2],[1,-13],[4,-12],[11,-17],[2,-11],[8,-12],[6,2],[3,-12],[3,12],[-4,11],[6,6],[10,-16],[13,10],[12,-14],[5,-9],[15,-12],[5,-15],[8,-34],[9,-23],[3,-19],[-1,-16],[2,-28],[2,-12],[7,-16],[9,-6],[6,10],[13,-8],[5,5],[9,-3],[8,-8],[8,-21],[6,-25],[5,-13],[4,-4],[5,-13],[7,-8],[4,-8],[3,6],[5,-10],[1,9],[6,4],[5,-22],[9,-14],[10,-22],[7,-6],[2,-9],[8,-6],[8,13],[5,-13],[13,-17],[9,-30],[3,-3],[3,-16],[4,-3],[7,-22],[-3,-20],[-6,4],[1,-18],[5,-31],[3,-11],[4,-23],[0,-14],[5,-13],[4,-21],[4,-11],[0,-15],[5,-30],[1,-15],[3,-14],[-1,-12],[-4,-12],[8,-5],[3,-26],[-6,4],[-4,8],[-10,9],[-5,10],[-6,31],[-6,-7],[-9,-15],[-4,-16],[-2,-22],[5,-15],[-5,-15],[2,-21],[1,-34],[1,-13],[4,-16],[6,-10],[3,-18],[5,-4],[3,-11],[14,-11],[-2,-26],[2,-19],[4,-16],[2,-24],[-1,-24],[1,-26],[-2,-12],[1,-21],[6,-27],[0,-25],[-4,-41],[-5,-32],[-2,-40],[0,-41],[2,-21],[-3,-32],[0,-34],[-3,-48],[0,-18],[2,-26],[-4,-40],[1,-37],[-2,-11],[-7,1],[-3,-5],[-8,-30],[-3,-9],[-3,-26],[-5,-2],[-3,7],[-7,4],[-8,-7],[-8,-30],[-4,-24],[-1,-44],[-4,-40],[0,-59],[-6,-23],[0,-18],[3,-24],[-9,8],[-11,-4],[-8,-19],[-1,-29],[1,-20],[-2,-7],[-9,6],[-3,9],[-7,-18],[-6,-1],[-16,4],[-4,-11],[-2,-16],[-6,-8],[-1,-18],[-3,-25],[-5,-7],[-1,-54],[-1,-29],[0,-39],[-2,-12],[-2,-30],[-2,-14],[-4,-3],[4,-53],[7,-44],[9,-22],[8,-15],[4,10],[6,-19],[6,-3],[16,-19],[10,-21],[1,-14],[4,-5],[4,7],[12,38],[12,49],[3,10],[6,28],[7,22],[7,-7],[4,4],[5,18],[7,38],[6,55],[-2,10],[-8,-9],[-2,3],[5,33],[-1,16],[1,8],[5,-3],[-1,-15],[8,-6],[5,16],[6,4],[6,16],[3,26],[-3,12],[-10,6],[-1,4],[15,3],[5,5],[6,17],[5,25],[2,23],[18,9],[4,-2],[4,6],[5,1],[11,20],[9,-4],[6,6],[4,15],[5,31],[10,3],[6,20],[6,-4],[5,8],[10,-13],[5,-15],[17,-15],[6,-10],[3,-17],[4,0],[8,-23],[4,-18],[2,-21],[2,-9],[3,-25],[4,-18],[2,-32],[7,-17],[3,-20],[-1,-11],[4,-13],[1,-27],[2,-13],[-1,-11],[3,-10],[-1,-38],[3,-43],[-1,-13],[2,-30],[-1,-13],[2,-58],[4,-79],[3,-18],[2,-42],[3,-16],[1,-18],[4,-36],[0,-41],[2,-16],[-2,-36],[2,-18],[0,-37],[2,-64],[0,-30],[4,-34],[2,-40],[2,-21],[3,-48],[4,-18],[2,-21],[11,-72],[0,-17],[3,-19],[-4,-29],[-6,-17],[-2,-12],[-4,-46],[1,-33],[-2,-26],[-2,-33],[2,-27],[2,-28],[-5,-33],[0,-18],[-3,-20],[-4,-42],[0,-32],[-2,-27],[-2,-10],[-7,-16],[-2,-11],[-6,-20],[-3,-17],[-6,-2],[-4,9],[-6,3],[-4,11],[-6,-16],[-2,13],[4,15],[4,3],[1,11],[-6,7],[-6,-13],[-4,14],[4,10],[4,0],[3,11],[-2,8],[5,11],[3,21],[4,-12],[2,3],[2,16],[0,11],[-3,12],[-7,3],[-4,10],[-7,3],[-3,-7],[-4,-1],[-3,-12],[-3,0],[-4,-10],[0,-9],[-5,-5],[-4,4],[-6,-17],[-1,-17],[2,-18],[6,-8],[2,-35],[-14,-7],[-5,-14],[-7,-38],[-2,-26],[1,-26],[3,-29],[-6,-68],[-4,-16],[-3,-4],[-4,-22],[2,-9],[-6,-5],[-4,-9],[-8,-9],[-11,-4],[-10,-14],[-5,-12],[-5,-23],[-4,-31],[-4,-25],[-2,-75],[3,-43],[1,-14],[-4,-44],[-6,-3],[-4,-14],[-6,-10],[1,-24],[-4,-11],[3,-10],[3,1],[2,-15],[-6,-19],[-5,-11],[-4,-1],[-6,-17],[-2,-16],[1,-17],[-5,-6],[-7,6],[-7,-14],[-3,-22],[-1,-28],[-2,-12],[-4,-6],[-4,3],[-3,-7],[-4,-23],[-4,-24],[-2,-11],[-5,-3],[-2,-12],[0,-32],[4,-35],[-1,-7],[-6,-5],[0,-9]],[[26661,65448],[-39,-4],[-47,-7],[-27,-3],[-39,-5],[-38,-4],[-63,-8],[-59,-5],[-49,-5],[-16,-2]],[[26284,65405],[0,75],[-46,-1],[-19,1],[-37,-1],[-38,1],[-83,-2],[-51,0],[-94,2],[-38,0],[-71,-1],[-85,1]],[[25492,72079],[7,10],[8,-5],[-1,-16],[-5,0],[-2,7],[-7,4]],[[25043,72607],[2,7],[8,5],[-1,10],[2,26],[12,28],[23,38],[25,34],[3,6],[28,31],[0,7],[17,26],[5,0],[11,13],[3,20],[16,23],[9,18],[3,18],[14,22],[10,9],[9,14],[6,-11],[7,4],[5,13],[10,4],[7,9],[0,-23],[-7,-19],[-34,-71],[-2,-10],[0,-26],[-3,-10],[-23,-50],[-14,-19],[-20,-19],[-12,-17],[-5,1],[-11,-16],[-2,2],[-7,-12],[0,-7],[-22,-33],[1,-21],[6,5],[8,-5],[14,14],[-4,-13],[-18,-21],[-13,-18],[-6,-3],[-17,-23],[-5,-8],[-10,-6],[-9,11],[-1,17],[-11,4],[3,30],[-9,-10],[-1,2]],[[24721,71086],[9,19],[15,31],[7,-7],[11,18],[8,7],[20,24],[18,12],[16,15],[4,7],[9,22],[5,16],[6,12],[9,22],[21,70],[5,9],[12,17],[19,14],[13,3],[10,-10],[2,-7],[5,1],[5,8],[23,18],[11,-5],[10,3],[6,5],[18,22],[5,12],[14,19],[15,27],[8,22],[8,38],[4,6],[4,18],[7,11],[3,-9],[8,-1],[4,4],[10,14],[3,-8],[8,4],[11,19],[4,20],[6,33],[0,17],[7,31],[9,16],[3,1],[6,26],[9,16],[4,-1],[4,8],[9,34],[8,22],[13,24],[4,1],[7,13],[10,8],[8,21],[14,36],[6,24],[5,30],[7,20],[3,14],[3,4],[12,23],[4,2],[9,12],[11,22],[11,6],[5,8],[4,18],[9,9],[24,11],[4,4],[9,-1],[2,7],[17,4],[12,1],[10,-4],[6,-10],[8,0],[1,7],[13,-1],[12,-15],[12,-24],[-1,-21],[2,-24],[-9,5],[-4,-3],[-3,-10],[-9,-3],[-4,-8],[-12,12],[-7,0],[-21,-9],[-2,-15],[1,-14],[4,-8],[3,-16],[-3,-9],[-6,-2],[-13,-31],[-11,-9],[-5,-14],[-7,-29],[-5,-7],[-6,-24],[-5,-10],[-3,-13],[-8,-7],[-5,0],[-4,-12],[-3,-15],[-1,-32],[3,-15],[-5,-11],[-2,10],[-7,-8],[-2,-10],[0,-17],[-3,-19],[-14,-26],[-1,-25],[-4,-32],[0,-10],[-5,-17],[-7,-31],[-9,-6],[-3,-57],[-6,-44],[-2,-70],[3,-25],[3,-17],[-3,-11],[-3,2],[-5,-27],[5,-11],[4,3],[5,13],[5,35],[5,21],[9,32],[-2,15],[0,18],[6,-11],[4,-1],[12,38],[14,30],[4,17],[13,17],[3,9],[12,17],[-1,-27],[-11,-29],[-7,-11],[-6,-17],[-2,-11],[-5,-38],[-3,-17],[4,1],[4,26],[3,13],[6,14],[-2,8],[9,16],[6,0],[10,6],[13,12],[4,-2],[9,-11],[5,2],[5,-6],[12,4],[16,0],[6,-19],[8,-10],[8,8],[4,-11],[6,-2],[2,-15],[5,-8],[5,6],[1,-33],[2,-11],[7,-3],[8,14],[2,-23],[10,-6],[7,-28],[4,-8],[-1,-8],[4,-51],[2,-12],[14,-35],[0,-17],[6,-33],[10,-14],[1,-24],[6,-14],[3,-15],[5,2],[7,-11],[-1,-14],[4,-28],[-4,-5],[-1,-11],[4,-18],[6,-16],[13,-14],[15,-4],[16,3],[6,6],[2,9],[11,-11],[5,1],[10,24],[10,6],[5,6],[1,10],[8,-9],[4,0],[4,-12],[6,-43],[0,-12],[4,-6],[5,3],[6,-9],[1,-17],[3,-8],[10,-4],[6,4],[4,34],[4,13],[9,2],[7,-9],[0,-7],[8,-31],[5,0],[4,7],[4,-3],[1,-13],[-3,-11],[3,-12],[4,0],[15,65],[4,11],[5,22],[5,5],[5,19],[6,10],[3,21],[4,11],[7,-6],[15,18],[11,18],[8,15],[37,73],[8,18],[6,4],[5,-18],[9,-2],[14,14],[12,7],[4,-4],[9,7],[11,13],[9,4],[10,-2],[13,-9],[12,-4],[10,-1],[13,4],[12,-2],[11,-5],[21,2],[8,5],[33,42],[15,25],[15,18],[11,4],[16,10],[21,-8],[13,3],[11,12],[7,3],[5,-7],[-9,-26],[-6,-20],[-5,-36],[-1,-26],[-2,-58],[0,-51],[2,-26],[1,-19],[-8,-12],[0,-21],[1,-13],[5,-19],[5,-9],[14,-3],[5,12],[3,-1],[4,-19],[8,-6],[9,6],[6,-28],[6,-2],[14,10],[12,18],[13,22],[7,-6],[6,3],[3,-8],[3,-25],[3,-6],[-2,-20],[3,-22],[3,-2],[12,9],[12,30],[5,-17],[5,10],[2,25],[-2,6],[5,25],[7,14],[7,-2],[6,11],[9,-1],[4,-9],[9,-9],[8,2],[3,8],[8,38],[9,8],[4,-16],[11,6],[3,-2],[5,-30],[-10,-100],[2,-54],[6,-41],[3,-18],[-4,-8],[2,-55],[5,-13],[-7,-33],[-4,4],[-5,-12],[-3,18],[-6,-6],[-1,12],[-5,4],[-2,-16],[-3,0],[-3,-14],[-6,-2],[-4,-20],[6,-29],[8,-15],[7,3],[8,18],[1,-9],[5,6],[9,-18],[7,-20],[8,0],[9,-14],[-7,-17],[-4,-18],[-1,-13],[7,-21],[5,-25],[7,-9],[6,-22],[12,4],[1,-12],[7,-10],[4,-29],[-3,-8],[-1,-25],[-4,10],[-5,-2],[-10,4],[-5,-8],[-1,-12],[-5,9],[-10,8],[-4,1],[-11,12],[-3,7],[-7,-4],[-2,-8],[-7,8],[-6,-9],[-7,15],[-3,-10],[-11,14],[4,-25],[-2,-14],[-3,5],[-5,-6],[-4,11],[-3,-8],[-10,1],[3,-14],[-7,-6],[-5,8],[-4,-5],[-6,18],[0,16],[5,12],[-5,23],[-4,5],[-9,-7],[3,-22],[-4,-12],[-2,7],[-2,21],[-5,3],[-2,-6],[0,-25],[-5,-2],[0,25],[-1,21],[-3,16],[-5,11],[-7,-7],[-5,3],[-14,28],[-5,-8],[-4,-13],[-1,-21],[2,-13],[-3,-23],[2,-17],[-5,2],[-7,-14],[-2,-18],[1,-13],[5,-8],[1,-13],[-5,-1],[-1,-22],[3,-5],[3,-31],[3,-15],[-1,-5],[-8,-2],[-4,-8],[-12,22],[-3,13],[-5,-2],[-5,15],[0,19],[-5,5],[-6,14],[-3,12],[-7,2],[-8,41],[-8,29],[-9,24],[-14,19],[-11,5],[-10,22],[-6,6],[-4,-4],[-5,15],[-2,-15],[-11,14],[-9,6],[-13,19],[-4,11],[-9,2],[-7,-19],[-3,21],[-6,9],[-4,0],[-8,-13],[-7,7],[-5,1],[-6,-7],[-12,-36],[-3,-16],[-3,-6],[-6,-22],[-3,-20],[-5,-19],[-3,-7],[-2,-17],[-8,-3],[-2,-10],[-6,7],[-7,-1],[-8,7],[-7,10],[-6,3],[-4,-4],[-4,-13],[-6,3],[-9,-1],[-8,-22],[-1,-19],[-5,-3],[-3,10],[-12,15],[-18,16],[-9,3],[-8,-3],[-11,-12],[-9,11],[-7,-6],[-3,-13],[-6,3],[-6,-7],[-3,-21],[-6,-5],[-5,-18],[0,-22],[-3,-21],[2,-17],[-3,-9],[-3,-17],[1,-13],[-2,-19],[1,-6],[-6,-14],[-5,9],[-5,0],[-5,-7],[-3,-33],[-5,-7],[-5,11],[-4,-21],[-4,7],[-9,-7],[-1,-45],[-3,6],[-7,3],[-4,-21],[1,-15],[-2,-6],[0,-17],[-6,5],[-4,-11],[3,-50],[-10,-1],[-10,21],[-2,23],[-5,4],[-2,20],[1,11],[4,8],[7,1],[3,12],[-1,22],[5,8],[7,31],[-3,12],[2,14],[12,2],[4,-7],[4,3],[-6,17],[1,13],[4,4],[2,32],[4,7],[4,18],[-1,26],[-1,12],[-7,16],[-7,-4],[-4,-23],[-4,0],[-6,-19],[0,-19],[-3,-1],[-5,-10],[-10,11],[-5,-2],[-4,8],[-3,19],[-5,3],[-6,-9],[0,-22],[2,-35],[-3,-19],[-5,-1],[-1,-20],[-4,-7],[0,-17],[-3,-6],[-4,-17],[1,-20],[-7,-11],[-10,-1],[-5,-14],[-6,6],[-3,-20],[-4,-8],[-1,16],[-3,4],[-1,12],[2,27],[1,32],[-3,25],[1,9],[-2,30],[-3,8],[-2,13],[5,9],[2,12],[9,35],[0,24],[-8,9],[0,-13],[-3,-5],[-5,-24],[-4,-11],[6,-14],[-5,-10],[-6,-6],[-5,-25],[-2,-63],[3,-12],[-1,-14],[-4,-21],[3,-12],[-10,-8],[-1,-16],[-8,-7],[-4,-10],[-6,-9],[-3,-18],[-6,-14],[-2,-16],[-10,-56],[-3,-10],[-3,-18],[-1,-14],[-5,-32],[-1,-14],[-5,-21],[-1,-14],[-4,-9],[-3,-18],[2,-20],[-3,-18],[-6,-12],[-1,-15],[-3,-14],[-5,-12],[-1,-23],[-4,-9],[0,-11],[-4,-8],[-4,-24],[0,-13],[-6,-19],[-3,-14],[-8,-32],[-4,-21],[-5,-16],[-2,-15],[-7,-11],[-6,-30],[-4,-10],[1,-13],[-3,-4],[-1,-25],[5,-23]],[[25508,69369],[-11,14],[-8,2],[-5,27],[-2,15],[-6,12],[-8,27],[-2,24],[5,13],[0,28],[4,8],[1,30],[5,38],[8,27],[3,21],[1,13],[-4,22],[-4,14],[-5,10],[-7,-15],[-6,-24],[-4,-8],[-8,0],[-2,4],[-12,-1],[-1,-8],[-14,20],[4,13],[0,11],[4,6],[0,12],[2,13],[-3,16],[0,13],[8,25],[6,9],[5,42],[-2,15],[-1,30],[-8,25],[1,10],[9,-7],[2,4],[1,18],[2,8],[1,16],[-2,15],[-3,2],[-5,26],[-4,10],[1,18],[11,12],[-1,17],[-6,15],[-1,13],[-7,6],[-5,12],[-2,21],[-5,11],[-6,-1],[-8,8],[-5,-4],[-11,15],[2,8],[-4,22],[-9,-7],[-4,0],[-3,-10],[-5,-1],[-7,6],[-4,21],[-6,7],[-1,16],[16,48],[2,12],[-9,11],[-1,19],[3,18],[-2,7],[-7,0],[-6,19],[-7,4],[-7,14],[-1,-6],[-9,-1],[-2,4],[-1,14],[-13,-14],[-8,11],[-17,37],[-2,-10],[-8,-9],[-2,10],[-7,7],[-2,11],[-8,-10],[-3,5],[-4,28],[-6,2],[-2,-8],[-7,2],[-7,-13],[-4,13],[-3,-33],[-13,0],[-5,30],[-17,16],[-5,-8],[-6,-4],[-2,14],[-5,-8],[-9,10],[-3,11],[-68,115],[-9,7],[-103,84],[-40,32],[-78,63],[-56,45],[0,27],[-4,14],[-4,32],[-3,12],[-1,29],[-4,7],[0,18],[-4,4],[-1,16],[-2,4],[-4,30],[-8,3],[-6,-1],[-5,18],[-8,-3],[1,27],[-6,16],[-4,-2],[-1,-13],[-5,1],[-7,-10],[-7,39]],[[30344,64926],[6,-11],[5,5],[2,17],[18,-1],[11,6],[6,11],[4,15],[5,21],[3,34],[16,-105],[-1,-27],[-3,-10],[-11,-10],[-11,7],[-8,1],[-5,-5],[-5,2],[-14,17],[-14,23],[-4,10]],[[30332,64956],[9,-6],[1,-12],[-2,-8],[-6,15],[-2,11]],[[30184,65128],[7,23],[8,15],[2,10],[5,4],[5,18],[6,-16],[-5,-4],[-1,-13],[-6,-4],[-10,-34],[-2,0],[-4,-13],[-3,-1],[-2,15]],[[30177,64896],[5,3],[4,-5],[-1,-10],[-6,3],[-2,9]],[[30176,64998],[1,7],[6,3],[8,-9],[4,6],[3,16],[5,19],[2,17],[6,13],[3,29],[4,9],[4,1],[4,21],[4,2],[11,24],[3,-31],[5,14],[3,1],[3,-19],[0,-25],[2,-18],[5,-12],[6,-6],[2,-17],[3,-2],[5,14],[0,15],[2,12],[4,2],[1,-29],[-1,-18],[0,-31],[-4,-8],[-9,0],[-23,3],[-31,-6],[-12,-10],[-9,-20],[-1,-18],[-2,-3],[-7,16],[-5,15],[-5,23]],[[30175,65121],[6,7],[3,-11],[-6,-9],[-3,13]],[[30157,65092],[1,8],[6,-2],[5,11],[4,-11],[-6,-13],[-9,-1],[-1,8]],[[30145,65078],[5,11],[0,-12],[-5,1]],[[29500,66630],[34,-3],[93,-8],[97,-12]],[[29724,66607],[48,-6],[45,-4],[40,-5],[66,-7],[50,-5],[76,-7],[7,33],[6,20],[6,5],[12,-11],[-1,62],[6,21],[9,15],[19,-18],[5,50],[4,12],[18,11],[10,18],[8,3],[4,-5],[11,-25],[9,13]],[[30182,66777],[-1,-25],[3,-42],[1,-39],[3,-40],[6,-42],[-1,-23],[9,-12],[5,-18],[10,-12],[13,40],[4,4],[2,-19],[0,-19],[5,-2],[2,-8],[1,-20],[-3,0],[-8,-21],[-1,-19],[-5,-21],[-3,2],[2,16],[-2,13],[-3,-2],[-1,-16],[-5,-19],[-4,-6],[-8,3],[-5,-5],[-1,-10],[-4,-3],[-5,6],[-8,-15],[-13,-4],[1,-25],[-3,-4],[-3,-17],[4,-5],[3,16],[5,-1],[1,-10],[-2,-17],[-9,-18],[-4,-21],[-4,7],[-4,0],[-3,-10],[-1,-21],[5,-19],[-5,-7],[-2,46],[-4,-13],[0,-7],[-4,-10],[-5,-29],[5,-25],[0,-18],[-3,-14],[-5,-4],[-4,-28],[-4,-2],[-1,-14],[-2,-16],[8,0],[3,-9],[-5,-10],[1,-8],[7,-16],[5,-4],[7,11],[-2,-21],[4,-2],[4,8],[3,15],[2,-12],[7,-18],[2,12],[-2,13],[4,21],[5,-21],[6,-1],[12,-15],[7,-4],[1,-18],[8,-28],[5,-8],[-2,-23],[1,-19],[3,-6],[5,-35],[6,-29],[7,-23],[-2,-14],[1,-36],[-7,-10],[-1,-19],[1,-10],[-3,-8],[-5,9],[-4,-7],[3,-11],[1,-13],[4,-8],[8,-32],[6,-4],[-4,27],[1,3],[6,-37],[4,-3],[7,11],[5,-16],[6,-12],[-1,-22],[4,-20],[1,-28],[1,-8],[-2,-21],[-3,-11],[1,-18],[6,-29],[7,-15],[0,-5],[6,-15],[16,-20],[11,-6],[23,-5],[9,-24],[12,34],[21,20],[5,-2],[14,17],[2,0],[11,16],[6,25],[0,35],[-1,45],[2,12],[-6,11],[3,11],[-9,28],[-5,-8],[-1,-28],[-2,1],[0,45],[-1,5],[0,50],[-2,31],[-3,24],[-8,22],[-9,12],[-4,-3],[-5,-11],[-2,-16],[-4,-7],[-3,18],[-7,21],[5,17],[11,5],[8,-5],[12,-13],[9,-15],[7,-16],[7,-27],[6,-32],[7,-47],[5,-45],[7,-77],[2,-42],[2,-79],[0,-39],[-1,-34],[-3,-17],[-4,-40],[-3,-21],[-4,-4],[-1,-17],[0,-46],[-5,-16],[-2,12],[4,17],[2,27],[-1,17],[7,49],[-2,10],[-6,15],[-5,6],[-4,-5],[-17,-6],[-14,-14],[-8,2],[-7,-5],[-7,-14],[-7,-9],[-6,-20],[-2,25],[-5,3],[-7,-11],[-6,12],[-6,-6],[-3,-18],[-8,-11],[-11,-1],[-6,-39],[-4,-16],[-5,-7],[-10,-6],[-5,5],[-24,-15],[-3,-7],[-4,-21],[-8,18],[5,4],[4,19],[0,18],[3,9],[0,12],[-2,26],[3,23],[-4,16],[1,9],[6,4],[-7,20],[2,16],[0,15],[6,6],[0,17],[-4,5],[-7,-2],[-4,14],[-2,-5],[-9,14],[-3,-15],[4,-24],[-1,-14],[-3,-2],[-4,11],[-3,-4],[2,-16],[-5,-4],[2,-12],[-3,-30],[-2,11],[-5,0],[-4,9],[-4,-11],[5,-9],[1,-11],[-2,-8],[-13,-4],[3,-29],[-3,-15],[-5,51],[-4,6],[-2,-10],[-5,-6],[2,-10],[-1,-17],[-4,22],[-2,-2],[1,-22],[-2,-16],[-4,-2],[3,-16],[1,-19],[-4,-22],[-5,2],[-4,-5],[-1,-21],[-5,3],[-11,-17],[-8,14],[-14,-14]],[[30097,65173],[0,29],[-3,82],[-2,15],[0,22],[1,5],[1,37],[-12,9],[-6,8]],[[30076,65380],[-8,42]],[[30068,65422],[-10,49],[-19,32],[-5,50],[3,15],[-2,10],[3,21],[-2,22],[0,20],[-12,-6],[0,146],[-33,-1],[-7,-3],[-67,-6],[-9,-2]],[[29908,65769],[0,18],[-25,1],[-27,3],[-22,0],[-20,4],[-50,2],[-39,2],[-20,0],[-13,-4],[-2,-7],[-7,1],[0,6],[-25,7],[-16,0],[1,-7],[-5,-32],[-13,-6],[0,45],[-14,1],[-37,2],[-65,7],[-56,7],[-15,-2]],[[29438,65817],[-3,0],[-3,43],[18,207],[17,193],[21,237],[12,133]],[[17338,70420],[-2,27],[-2,6],[0,19],[-2,6],[-1,19],[-4,16],[-6,6],[-1,13],[6,9],[2,14],[1,14],[4,15],[0,21],[3,8],[-5,28],[-6,17],[-1,12],[3,19],[-1,19],[-3,22],[-6,18],[2,19],[-10,26],[-1,24],[-9,12],[-2,23],[5,16],[3,45],[-1,9],[0,320],[0,135],[0,272],[0,245],[0,255],[-1,113],[0,309],[0,148],[0,185],[1,97],[1,190],[0,151],[1,291],[0,146],[0,145]],[[17306,73924],[76,1],[61,0],[46,1],[91,0]],[[17580,73926],[0,-244],[0,-201],[0,-161],[0,-257],[0,-332],[5,-4],[6,-26],[1,-9],[6,-31],[5,-7],[-1,-13],[4,-6],[5,-17],[5,-26],[5,-17],[5,8],[3,-17],[6,-11],[2,-12],[-1,-35],[6,-38],[6,6],[7,-18],[-1,-15],[2,-14],[5,2],[7,-16],[3,-13],[-1,-25],[-3,-21],[2,-15],[6,-9],[4,-12],[-1,-24],[2,-9],[-9,-23],[-9,-27],[1,-13],[15,-17],[-4,-5],[3,-24],[3,-2],[1,-18],[5,4],[2,-13],[7,5],[1,-10],[-2,-16],[-10,-8],[-5,5],[-7,-5],[-8,-13],[-3,-21],[10,3],[3,-12],[5,-1],[10,-17],[4,-27],[7,6],[6,-12],[5,-5],[1,-14],[7,-10],[0,-16],[3,-5],[3,-23],[0,-12],[10,-11],[2,-9],[5,6],[3,-10],[8,2],[4,-18],[8,3],[7,-9],[5,4],[5,-8],[0,-12],[2,-15],[5,-9],[2,-18],[-3,-19],[4,-12],[7,-2],[2,-21],[3,-15],[6,-2],[7,-11],[3,-12],[4,-26],[8,-6],[1,-26],[3,-13],[7,-25],[5,-2],[1,-18],[3,-5],[0,-14],[1,-22],[5,-16],[1,-13],[5,7],[8,-5],[5,-26],[6,-22],[10,-14],[-3,-25],[1,-24],[-5,-18],[6,-7],[2,-33],[7,-11],[3,-9],[5,6],[5,-22],[6,-15],[6,-1],[11,-28],[-1,-27],[-3,-10],[-2,-17],[10,-17],[4,17],[8,6],[3,19],[10,7],[4,-10],[1,-9],[6,-13],[0,-24],[-5,-14],[2,-23],[4,-2],[2,-12],[0,-10],[8,-7],[4,12],[6,1],[2,6],[5,-11],[16,-10],[4,21],[7,13],[4,-4],[5,9],[10,4],[7,-9],[3,-15],[0,-42],[-6,-26],[3,-20],[-4,-23],[1,-13],[-2,-14],[2,-13],[-2,-12],[-7,-7],[-7,0],[0,-27],[6,-21],[-1,-17],[3,-4],[-4,-18],[0,-19],[-10,-28],[3,-26],[-1,-34],[-5,-34],[2,-27],[-3,-8],[-9,-12],[1,-22],[4,-8],[2,-44],[-1,-34],[-8,-15],[-4,8],[-7,-2],[0,-14],[-3,-9],[2,-13],[0,-12],[8,-13],[4,-1],[4,-17],[0,-23],[-3,-2],[1,-17],[-7,-11],[-4,-24],[8,-2],[2,-20],[-4,-11],[4,-14],[4,6],[3,-11],[5,-1],[5,-10],[3,-24],[-9,-25],[5,-17],[1,-12],[5,-12],[1,-22],[-4,-12],[-1,-23],[-8,12],[-9,-13],[-8,-1],[-3,-6],[-2,-21],[-4,-9],[0,-11],[-4,-14],[-6,-29],[6,-17],[-1,-18],[6,-18],[6,-7],[3,-22],[-2,-11],[0,-28],[-2,-15],[-4,-9],[-5,2],[-5,-12],[-1,-9],[3,-16],[4,-13],[-6,-27],[2,-9],[-2,-13],[2,-10],[7,16],[8,-18],[3,7],[6,-1],[0,-18],[4,-4],[6,-14],[0,-14],[3,-9],[9,-9],[6,-13],[1,-15],[5,-22],[2,-1],[10,17],[6,8],[5,19],[1,17],[3,17],[-1,23],[6,1],[7,-12],[3,1],[3,16],[13,8],[1,17],[3,15],[6,2],[5,12],[0,17],[4,19],[4,6],[5,18],[4,0],[1,18],[-3,14],[4,9],[-2,11],[6,5],[1,7],[7,0],[0,-12],[3,-3],[6,7],[2,-30],[3,-15],[7,-17],[-2,-6],[-1,-19],[5,-5],[7,7],[5,-13],[6,0],[4,-11],[3,-24],[-6,-19],[1,-6],[-4,-28],[-1,-19],[9,3],[10,-2],[-2,-8],[4,-39],[-5,-12],[-2,-17],[2,-10],[0,-15],[4,-8],[-4,-13],[1,-12],[7,-4],[4,-12],[0,-23],[-2,-6],[3,-14],[-3,-14],[1,-18],[5,-15],[2,-17],[9,-25],[-4,-19],[4,-16],[6,-9],[6,-34],[12,-33],[0,-20],[1,-13],[3,-9],[4,0],[-3,-20],[7,-21],[10,4],[2,-9],[-4,-19],[2,-9],[8,-12],[0,-13],[7,1],[2,-6],[2,-30],[-1,-15],[3,-15],[-2,-10],[1,-46],[-6,-14],[-5,3],[-5,-10],[2,-20],[6,-18],[-2,-16],[5,-10],[1,-25],[8,-13],[2,-20],[3,4],[7,-4],[8,-20],[3,-23],[-2,-11],[4,-7],[10,17],[6,15],[10,12],[2,-10],[8,-6],[5,-11],[3,-14],[14,-17],[-2,-15],[4,-15],[3,-16],[3,-5],[0,-27],[6,-26],[3,-6],[1,-34],[4,-15],[-2,-21],[-5,-5],[-3,-17],[7,-15],[-1,-9],[8,-16],[-3,-20],[6,-12],[6,-21],[-3,-4],[0,-15],[-3,-9],[2,-14],[3,-14],[1,-21],[7,-24],[8,-19],[6,-4],[7,-17],[4,8],[2,-31],[10,-25],[9,22],[1,13],[-3,23],[-5,19],[3,19],[9,25],[5,27],[11,7],[1,10],[5,6],[8,-7],[7,-14],[9,5],[1,-9],[7,9],[5,-11],[10,4],[10,-12],[0,-9],[8,5],[3,9],[16,-30],[2,5],[6,-11],[5,21],[4,32],[-1,41],[1,8],[10,4],[2,17],[7,18],[6,-3],[2,6],[8,-8],[0,-18],[2,-7],[11,-12],[5,10],[4,-5],[4,3],[3,-13],[7,-9],[2,11],[6,8],[5,-1],[6,-9],[0,21],[7,-9],[8,-3],[8,23],[14,2],[3,8],[5,-1],[2,-14],[4,-14],[2,-16],[6,-20],[2,3],[2,14],[6,0],[7,11],[4,9],[8,3],[3,19],[20,-7],[6,-5],[7,16],[9,-9],[2,2],[7,-10],[2,-13],[10,6],[3,-3],[0,21],[-4,-2],[-7,7],[2,12],[-5,12],[-2,26],[3,18],[3,8],[-3,20],[5,0],[7,26],[-1,18],[-4,22],[7,15],[9,8],[5,-11],[5,15],[-1,12],[2,21],[2,3],[5,-15],[4,-17],[4,7],[4,-6],[1,-11],[7,-20],[0,-12],[4,-10],[4,-21],[-2,-10],[2,-11],[4,5],[9,-34],[-5,-8],[3,-44],[7,-2],[6,-8],[0,-16],[6,-10],[3,-13],[5,-3],[-2,-19],[2,-19],[8,-15],[14,-10]],[[18972,68651],[1,-6],[0,-140],[0,-267],[0,-122],[0,-24],[1,-106],[-1,-108],[1,-183],[0,-185],[0,-350],[0,-263],[0,-117],[0,-178],[0,-163],[-1,-90],[0,-262],[0,-161],[0,-165]],[[18973,65761],[-75,0],[-45,-2],[-76,0],[-26,-1],[-47,0],[-39,-2],[-5,5],[-54,0],[-114,-2],[-89,-3],[-55,-2],[-65,-3],[-67,-4],[-28,-1],[-10,0],[-25,5],[-14,1]],[[18139,65752],[-67,1],[-52,1],[-8,-1],[-28,0],[-34,4],[-24,5],[-19,-1],[-44,-6],[-78,0],[-72,1],[-15,0],[-68,0],[-5,1],[-28,1],[-14,-1],[-82,-1],[-10,-1],[-36,2],[-36,0],[-96,1],[-11,-1],[-4,2]],[[17308,65759],[0,195],[0,222],[-1,25],[0,287],[1,213],[-1,254],[0,339],[0,269],[0,306],[2,13],[-3,12],[2,13],[5,6],[-4,15],[11,14],[-1,11],[2,17],[0,24],[4,2],[1,16],[-2,4],[2,34],[-5,13],[5,10],[6,1],[-1,22],[2,21],[-2,17],[-8,15],[-2,43],[3,7],[7,3],[4,16],[1,13],[3,10],[5,38],[-2,23],[-6,14],[-7,0],[-6,7],[0,23],[-1,30],[-12,3],[-4,4],[-7,-21],[-3,15],[-6,17],[-4,25],[-5,-3],[-5,-21],[-9,-1],[-7,18],[-6,17],[-1,11],[1,11],[4,7],[4,27],[-2,12],[-11,32],[-2,26],[5,11],[3,25],[0,24],[-3,37],[5,7],[4,17],[3,27],[6,2],[5,24],[-1,27],[6,18],[1,35],[6,31],[1,28],[4,10],[1,22],[5,17],[-1,24],[4,6],[2,15],[8,13],[4,0],[9,22],[9,10],[0,17],[8,42],[3,25],[3,3],[5,14],[4,20],[4,42],[1,20],[-5,20],[7,29],[-2,3],[-4,-16],[-2,15],[3,20],[-1,24],[2,10],[5,8],[7,26],[4,20],[0,22],[3,11],[5,10],[3,22],[4,8],[2,37],[4,37],[0,16],[1,27],[4,28],[5,14],[0,15],[0,38],[15,89],[6,17],[3,36],[6,20],[3,3],[-1,21],[1,17],[-1,12],[4,10],[6,38],[5,23],[6,12],[0,13],[5,17],[0,15],[-2,11],[-4,29],[-12,37],[-2,12],[0,27],[0,22],[-3,20],[-3,5],[-10,27],[-11,8],[-4,-6],[-5,2],[-4,14],[-5,31],[-4,7],[-7,0],[-7,-11],[-6,10],[-3,38],[-5,23],[-9,17],[-6,29],[-3,43],[-4,7],[0,19],[-7,22]],[[27551,46349],[1,24],[2,17],[9,13],[-4,-22],[0,-5],[-3,-32],[-2,-13],[-3,18]],[[27417,45758],[2,13],[3,-2],[-4,-16],[-1,5]],[[27387,45701],[4,7],[7,27],[4,-25],[-8,0],[-7,-9]],[[27310,45588],[10,11],[3,-1],[8,25],[3,6],[3,-11],[9,13],[9,23],[7,4],[-15,-40],[-9,-19],[-3,12],[-9,-14],[-4,-27],[-7,-4],[-5,22]],[[27266,45527],[6,23],[4,-7],[-10,-16]],[[27253,45614],[3,11],[2,-14],[-5,3]],[[27245,46750],[5,10],[1,-5],[-1,-18],[-4,0],[-1,13]],[[27117,45419],[4,3],[2,12],[8,12],[4,-7],[8,31],[-1,13],[-11,18],[3,25],[3,6],[12,21],[8,26],[5,4],[3,11],[17,28],[4,23],[9,11],[4,8],[7,23],[6,8],[9,16],[12,-25],[8,-15],[2,-11],[0,-31],[2,-16],[4,-26],[7,-5],[0,-6],[3,-38],[3,-11],[-5,-9],[-4,-3],[-5,-11],[-4,-3],[-9,-14],[-2,3],[-2,22],[-11,13],[-10,-7],[-6,8],[-1,-9],[-1,-25],[-2,-8],[-4,-1],[-7,-9],[-2,-7],[-7,-12],[-4,-9],[-11,-13],[-6,-2],[-5,-17],[-8,-2],[-6,0],[-14,-12],[-8,-1],[1,13],[-2,7]],[[27026,45451],[5,8],[7,-14],[0,-12],[-5,-6],[-1,14],[-6,10]],[[27004,47799],[2,0],[3,-23],[2,-35],[2,-11],[1,-24],[3,-24],[3,-15],[4,-14],[5,1],[12,-27],[4,12],[4,5],[8,-20],[5,-1],[-14,-31],[-3,-4],[-6,3],[-8,14],[-6,22],[-7,14],[-4,25],[-3,67],[-2,25],[-5,19],[0,22]],[[26993,47893],[2,24],[2,2],[1,-23],[3,-11],[-1,-17],[2,-21],[-2,-7],[-3,27],[-4,19],[0,7]],[[26944,49273],[1,21],[3,-1],[0,-18],[-4,-2]],[[26855,50363],[4,3],[5,-15],[-3,-20],[-3,11],[-1,17],[-2,4]],[[26321,51512],[3,-5],[5,9],[6,1],[6,25],[3,5],[3,13],[2,-15],[-3,-10],[-11,-20],[-10,-11],[-4,8]],[[26203,51326],[2,0],[6,-20],[12,-15],[3,8],[9,6],[10,16],[6,26],[6,5],[5,9],[7,19],[2,-1],[14,14],[2,22],[4,-12],[1,17],[4,-9],[-10,-21],[-15,-20],[-9,-14],[-20,-45],[-22,-29],[-2,-2],[-7,21],[-7,19],[-1,6]],[[26168,51388],[6,3],[9,0],[4,-3],[6,8],[5,2],[6,-4],[4,-12],[-1,-11],[-2,-17],[-2,-20],[-6,-4],[-6,5],[-4,16],[-9,21],[-10,16]],[[26230,52929],[-1,-32],[6,-9],[1,-13],[-1,-20],[3,-11],[1,-12],[9,-38],[0,-36],[2,-14],[-2,-25],[2,-21],[1,-15],[2,-14],[-1,-14],[2,-14],[5,-4],[4,-21],[4,-12],[1,-12],[8,-1],[53,-11],[30,-6],[18,-4],[27,-4],[35,-6],[54,-11],[49,-11],[75,-17],[31,-6],[91,-23],[12,-3],[71,-17],[49,-13],[36,-8],[55,-14],[44,-12],[-5,-14],[-2,-22],[3,-13],[0,-11],[8,-37],[0,-13],[-2,-16],[1,-19],[-2,-23],[2,-27],[7,-38],[3,-12],[18,11],[3,-9],[7,-1],[6,4],[2,8],[1,18],[-1,14],[0,20],[2,9],[-1,14],[2,15],[1,24],[2,9],[1,44],[-1,13],[1,30],[3,16],[-2,35],[-4,15],[-1,18],[-3,18],[-1,14],[-2,7],[0,24],[4,36],[-2,27],[1,21],[6,9],[2,9],[-4,23],[5,12],[8,-20],[4,24],[1,28],[3,8],[5,-8],[6,-6],[2,17],[6,-34],[4,-10],[4,2],[4,-8],[9,3],[4,-4],[2,-16],[6,4],[8,-29],[4,-8],[7,5],[2,-9],[4,-2],[6,4],[0,-12],[4,1],[4,-10],[5,-6],[2,9],[7,-6],[3,-12],[4,7],[4,-7],[1,14],[4,-2],[7,5],[4,-14],[9,-6]],[[27221,52589],[5,-10],[-1,-35],[-3,-81],[-1,-36],[2,-52],[-2,-32],[3,-12],[5,3],[1,-21],[1,-41],[0,-18],[2,-22],[2,-7],[-1,-21],[0,-28],[2,-59],[3,-56],[7,-110],[8,-152],[5,-73],[2,-34],[3,-29],[3,-13],[3,-51],[2,-63],[2,-35],[4,-43],[3,-29],[5,-56],[13,-130],[11,-94],[22,-195],[22,-186],[6,-44],[4,-22],[6,-24],[4,-40],[5,-29],[25,-159],[13,-86],[9,-53],[17,-92],[8,-50],[12,-58],[2,-26],[2,-37],[2,-20],[8,-63],[-1,-12],[-10,-16],[-4,-15],[-3,-18],[-3,-46],[-2,-34],[0,-50],[1,-51],[3,-66],[6,-98],[2,-30],[5,-43],[10,-92],[18,-126],[0,-3],[17,-140],[6,-64],[5,-80],[4,-22],[2,-33],[3,-51],[6,-61],[0,-8],[8,-84],[8,-62],[2,-21],[9,-86],[9,-66],[3,-27],[-2,-8],[7,-71],[5,-34],[6,-63],[8,-110],[5,-76],[5,-73],[-1,-27],[-1,-8],[1,-61],[-1,-80],[0,-50],[-1,-67],[-3,-42],[-3,-89],[-2,-113],[-2,-21],[-1,-70],[-2,-20],[-4,-124],[-1,-46],[-1,-6],[-2,-121],[-2,-103],[1,-61],[0,-38],[-3,-57],[-4,-16],[0,-11],[-4,-10],[3,-8],[-2,-32],[1,-31],[-3,3],[-4,14],[3,17],[-3,10],[6,15],[-6,26],[-9,1],[-8,-22],[-3,-16],[1,-17],[-6,-46],[-2,-23],[-4,-23],[-3,2],[-3,-20],[1,-21],[1,-17],[-3,-41],[-5,-10],[0,-12],[-2,-20],[-1,-36],[4,-37],[1,-32],[-1,-16],[4,-10],[1,-18],[-5,-18],[-4,-30],[0,-10],[-5,6],[-3,-6],[-2,-24],[1,-18],[-3,5],[-4,-17],[0,-18],[1,-16],[-1,-11],[-4,-3],[0,-11],[-2,-17],[1,-15],[4,-8],[4,7],[4,1],[1,9],[5,1],[4,23],[1,16],[1,26],[-3,2],[-1,14],[-3,8],[5,9],[4,-3],[9,31],[3,16],[2,21],[2,6],[4,-14],[-2,-18],[-3,-5],[-2,-17],[-3,-25],[-6,-33],[-2,-20],[-5,-27],[-2,-24],[-5,-21],[2,-8],[-2,-20],[-3,-4],[-2,-23],[-6,-25],[-3,-7],[-4,2],[-2,-17],[-3,-16],[-5,-7],[-9,-37],[1,-10],[-3,-13],[-3,-5],[-2,-12],[-4,-7],[-5,-31],[-5,-20],[-8,-8],[-10,-39],[-7,-20],[-1,8],[3,11],[3,2],[5,22],[3,23],[5,17],[6,-6],[4,10],[3,31],[1,18],[4,5],[4,-4],[5,38],[3,7],[15,64],[-3,17],[-5,12],[1,10],[-1,22],[2,21],[3,8],[-2,15],[-4,16],[-4,2],[-7,-12],[-3,20],[-4,-7],[-15,-4],[0,-11],[-6,-13],[-1,15],[-9,-14],[-3,2],[-4,-19],[5,-4],[-2,-21],[0,-11],[-5,-2],[5,24],[-8,12],[-4,-13],[0,-10],[-4,-4],[-3,9],[-5,3],[-1,-23],[-3,19],[-2,5],[-4,-3],[-2,7],[-5,-4],[2,20],[-6,3],[2,-16],[-5,-9],[-2,13],[-4,6],[-6,-2],[-4,-12],[-5,-4],[0,-26],[-4,2],[-8,-8],[-7,-1],[-8,-11],[-7,6],[-7,-1],[-10,-14],[-2,2],[-1,15],[-5,17],[-4,11],[-4,2],[0,31],[-4,29],[-4,16],[1,56],[2,6],[0,27],[2,9],[0,22],[4,19],[5,-3],[1,19],[-2,7],[0,21],[-5,3],[-2,7],[1,20],[-3,35],[-3,19],[0,22],[-6,13],[-6,30],[0,12],[2,20],[-2,17],[-4,12],[-2,12],[-3,27],[0,17],[-8,9],[-1,12],[0,16],[-4,18],[0,39],[-6,18],[-5,9],[-7,21],[-2,15],[-6,9],[0,31],[-9,10],[-2,11],[-5,6],[-5,-1],[-3,6],[1,9],[-4,12],[-3,1],[-1,10],[-8,12],[-3,18],[-4,-8],[-1,10],[-6,9],[-3,13],[-6,18],[-9,-4],[-2,10],[-8,-18],[1,-18],[-2,-19],[-3,3],[-8,64],[-4,2],[0,26],[-7,30],[3,15],[-1,25],[-4,17],[-3,31],[-3,25],[-5,43],[-2,71],[-1,25],[-1,39],[-1,35],[-3,67],[-4,39],[-6,59],[-5,23],[-3,6],[-4,28],[-8,21],[-5,8],[-3,15],[0,13],[-13,13],[2,21],[-1,18],[-4,11],[-4,-6],[-1,9],[-4,18],[-3,-15],[0,-25],[3,-23],[-8,-5],[-3,-7],[-3,9],[2,22],[0,11],[-3,9],[-1,15],[-2,17],[-1,32],[-2,32],[-2,3],[-2,26],[1,11],[-6,29],[-5,15],[0,15],[3,13],[4,2],[9,-9],[4,-21],[2,-32],[1,-10],[5,9],[-2,15],[1,42],[5,47],[2,37],[0,17],[2,16],[-1,42],[0,39],[-2,5],[-7,11],[-1,7],[-1,25],[3,17],[5,0],[4,14],[-3,17],[-4,4],[-4,-4],[-6,10],[0,-14],[-3,-6],[-4,-27],[-2,-4],[-7,26],[-3,-7],[1,-17],[3,-26],[4,-52],[3,-76],[-8,-22],[-7,3],[-2,-10],[-7,8],[-6,-9],[-2,-41],[-3,66],[-4,23],[0,13],[-5,30],[-7,42],[-4,20],[-8,52],[-3,22],[-6,32],[-2,22],[-10,66],[-6,58],[-1,4],[-2,32],[-6,46],[-6,56],[-4,19],[-3,19],[-5,10],[-2,11],[3,18],[-3,4],[-4,25],[-1,10],[-10,40],[-5,32],[-5,26],[-8,26],[0,11],[-5,51],[-5,30],[-5,21],[0,9],[10,-18],[-1,-26],[7,-5],[0,13],[3,13],[9,7],[-1,9],[3,7],[1,15],[6,22],[0,17],[4,10],[5,6],[3,19],[1,26],[1,1],[6,40],[6,29],[1,9],[5,16],[5,6],[0,26],[6,7],[6,14],[0,13],[9,43],[2,29],[-2,27],[0,26],[-4,20],[-4,-1],[-4,13],[-5,-2],[1,34],[-8,-21],[0,-29],[2,-9],[-2,-18],[0,-10],[5,-23],[-1,-24],[-4,0],[-6,6],[-12,23],[0,17],[4,3],[2,15],[-3,8],[3,23],[-1,16],[0,17],[-3,29],[-2,11],[-4,0],[-5,14],[-4,1],[-11,32],[-1,11],[-3,0],[-1,-21],[-2,3],[-1,17],[1,14],[-4,6],[-3,-6],[4,-26],[-5,-25],[0,-15],[-2,-13],[-6,-6],[0,-22],[5,-14],[5,-9],[12,-8],[2,-7],[-1,-12],[6,-14],[5,-28],[3,-31],[-5,-44],[-4,-6],[-1,-32],[-2,-7],[2,-32],[-4,-27],[-4,-4],[-5,7],[-5,-8],[-3,10],[-3,-3],[-2,-16],[-1,-32],[3,-26],[4,-4],[-2,-15],[-9,-16],[-3,49],[0,18],[2,17],[0,27],[-2,27],[-4,17],[-3,25],[-5,29],[-9,26],[-2,10],[-5,38],[-1,37],[2,55],[3,36],[1,65],[3,33],[1,-20],[0,-22],[2,-7],[-3,-11],[4,-36],[3,47],[1,32],[1,17],[-10,7],[-3,11],[-2,18],[4,4],[0,-22],[4,-2],[3,-11],[5,0],[-1,15],[2,37],[-1,11],[0,24],[-2,29],[-3,10],[-1,18],[2,14],[3,6],[1,18],[3,-1],[4,24],[-1,17],[3,3],[2,26],[0,12],[3,16],[-1,10],[1,29],[5,24],[0,16],[3,24],[-1,25],[4,25],[4,13],[2,17],[-4,19],[4,6],[2,22],[-1,6],[0,40],[4,11],[-3,15],[4,7],[-2,21],[2,9],[-4,24],[1,18],[-4,18],[2,16],[-3,8],[7,24],[-4,10],[-2,17],[-4,4],[-4,15],[-5,-1],[2,16],[5,24],[0,31],[1,17],[-1,9],[-5,3],[-7,30],[1,13],[2,4],[-1,15],[1,22],[8,8],[3,9],[0,23],[-3,16],[1,13],[-3,6],[-5,21],[0,10],[-5,9],[0,10],[-4,9],[-2,16],[3,31],[-3,33],[-3,3],[-2,14],[-5,7],[-4,-3],[0,34],[4,17],[-2,11],[1,24],[-3,19],[-5,-9],[-7,8],[-5,-3],[-9,6],[-4,6],[-6,-2],[-15,7],[-1,-19],[-3,-4],[-2,-17],[-4,-7],[-2,5],[-4,-9],[-4,27],[1,30],[-6,36],[0,17],[4,27],[-4,22],[-6,3],[-11,24],[-4,-5],[-2,6],[-2,26],[4,13],[-3,9],[1,13],[-3,6],[-4,26],[-2,15],[0,13],[-4,31],[-7,14],[-8,-1],[-6,6],[-4,26],[0,11],[-5,9],[-2,-1],[-5,16],[-2,12],[-6,4],[-2,12],[-4,4],[1,11],[-2,20],[1,8],[-2,24],[0,21],[2,28],[0,24],[-2,20],[-2,15],[-6,16],[-3,-2],[-10,15],[-3,28],[-3,2],[-11,16],[-5,18],[-1,21],[-4,8],[-3,18],[2,10],[-2,16],[1,15],[-9,28],[-5,51],[-5,10],[-5,17],[-2,14],[-13,23],[-5,19],[-2,-2],[-4,14],[-6,11],[-6,-1],[-3,9],[-2,-1],[-5,17],[-22,43],[-2,11],[-8,24],[-6,10],[-6,14],[1,7],[-7,14],[-11,-2],[-5,-11],[-3,2],[-6,-10],[-3,6],[-9,-21],[-6,1],[-2,5],[3,16],[-5,8],[-2,17],[-2,-6],[3,-23],[-2,-4],[-9,1],[-3,19],[-4,3],[-3,-14],[0,-28],[-1,-9],[-6,-3],[-10,-24],[-5,-28],[-4,-5],[1,-25],[4,-22],[-13,16],[-7,1],[-5,6],[1,-14],[-2,-10],[1,-9],[5,6],[4,-6],[7,1],[2,-10],[3,2],[7,-13],[1,-22],[-3,-29],[-10,-6],[-7,8],[-5,3],[-5,11],[-3,19],[-5,-5],[-6,-18],[-5,8],[-7,-7],[-9,-22],[-10,-18],[-3,-9],[-11,-29],[-14,-22],[-9,-23],[-6,-19],[-1,0],[-18,-35],[-3,-3],[-9,-16],[-4,-10],[-2,-13],[-4,15],[5,35],[4,19],[0,18],[-3,-1],[-1,-14],[-5,2],[-3,-3],[-4,-26],[-5,-19],[-5,-6],[-1,-15],[-2,-7],[-11,-13],[-16,11],[-8,0],[-6,-4],[-18,-19],[-9,-12],[-3,-13],[-3,-1],[-10,7],[-11,-2],[-10,-17],[-3,12],[-7,45],[-3,32],[-4,66],[-1,34],[2,36],[3,16],[0,-27],[-3,-23],[1,-13],[-1,-20],[6,-70],[0,-14],[3,-24],[2,-9],[2,-24],[3,-2],[11,15],[1,22],[1,23],[0,32],[1,47],[-3,18],[0,21],[-3,15],[-2,1],[-3,14],[-2,22],[-4,26],[-6,25],[-6,21],[-4,10],[-10,11],[-7,1],[-7,17],[-8,37],[-5,9],[-12,46],[-6,13],[-23,43],[-8,23],[-13,44],[-10,26],[-18,43],[-20,39],[-14,25],[-25,39],[-28,35],[-21,25],[-14,13],[-14,9],[-22,11],[-17,-1],[-4,5],[-30,11],[-8,1],[-23,-5],[-27,-11],[-33,-21],[-27,-20],[-29,-24],[-14,-7],[-18,-6],[-9,13],[-4,-7],[-31,-30],[-7,-4],[-18,-14]],[[25529,52089],[0,4],[18,19],[-2,9],[-7,-4],[-5,3],[-1,20],[4,8],[7,2],[4,16],[0,24],[4,16],[-1,12],[3,18],[8,4],[9,24],[0,19],[-8,4],[-5,8],[-5,27],[1,18],[-4,14],[0,22],[3,26],[4,15],[3,25],[1,19],[2,7],[1,30],[-1,27],[-2,24],[-8,16],[-5,13],[-1,-3],[-5,11],[-2,11],[-6,6],[-3,14],[-5,12],[-2,22],[-2,11],[-2,17],[-5,16],[-3,14],[-5,10],[-2,12],[-3,4],[-3,16],[1,7],[-3,14],[2,16],[2,6],[4,46],[4,31],[1,16],[-3,38],[48,1],[48,0],[5,-2],[27,4],[59,-3],[57,-1],[5,-2],[40,1],[12,-3],[42,2],[22,-1],[14,1],[34,-2],[33,0],[29,0],[40,3],[70,2],[71,4],[68,0]],[[20922,66927],[17,1],[19,-1],[31,1],[54,-1],[60,0],[75,0],[95,-1],[85,-1],[113,0],[65,0],[38,-3],[24,0],[35,1],[75,1],[64,-1],[37,1],[66,0],[44,1],[35,0],[62,-1],[58,0],[61,0],[63,0],[77,0],[83,0],[111,0],[3,-24],[6,-35],[8,-23],[5,5],[4,-8],[18,-29],[5,-16],[12,-14],[6,-1],[11,-24],[14,-19],[6,3],[5,-22],[6,-12],[4,-13],[9,-21],[1,-10],[7,-10],[9,-1],[7,8],[7,-1],[5,10],[8,24],[4,22],[4,35],[0,13],[8,11],[5,1],[3,-8],[12,-14],[15,-3],[10,-6],[11,6],[7,11],[5,2],[11,-13],[9,3],[7,10],[6,-10],[12,-4],[7,23],[11,-1],[5,-12],[5,1],[10,14],[4,-15],[6,-3],[6,3],[8,-11],[0,-19],[2,-23],[3,-5],[10,-5],[4,-6],[5,-28],[6,-3],[11,3],[5,-2],[8,-9],[12,-2],[4,-8],[2,-16],[-1,-23],[4,-1],[7,12],[5,4],[5,-10],[8,-5],[5,-10],[10,-9],[1,-6],[0,-31],[3,-8],[8,-4],[10,5],[8,-9],[3,-7],[-5,-32],[-2,-20],[2,-10],[6,-25],[7,-14],[6,-17],[2,-32],[1,-12],[6,-11],[6,4],[7,15],[6,-3],[3,-9],[3,-19],[4,-13],[7,-4],[8,13]],[[23041,66332],[10,-4],[4,-4],[3,-11],[1,-33],[-1,-16],[-7,-25],[-1,-21],[2,-20],[-3,-20],[3,-25],[7,-13],[3,-18],[1,-22],[3,-18],[7,-20],[1,-22],[1,-12],[-3,-13],[-6,-4],[0,-9],[3,-15],[0,-33],[8,-23],[2,-17],[9,-10],[3,-16],[0,-16],[-3,-26],[0,-16],[2,-18],[4,-8],[5,3],[4,-6],[0,-15],[-4,-12],[-1,-15],[4,-6],[4,14],[7,0],[1,-8],[-2,-18],[2,-9],[8,4],[7,-10],[-3,-40],[1,-11],[-1,-14],[-5,-6],[-1,-10],[5,-20],[0,-15],[3,-10],[5,-10],[2,-17],[1,-23],[10,-20],[1,-17],[-3,-13],[0,-19],[-2,-9],[-6,-11],[1,-19],[6,-12],[1,-19],[-4,-4],[-4,2],[-3,-6],[-1,-19],[6,-20],[1,-16],[-1,-14],[-4,-13],[-1,-16],[2,-16],[7,-16],[1,-10],[-4,-19],[0,-15],[1,-13],[11,-29],[4,0],[3,36],[2,6],[6,-7],[2,-32],[-8,-29],[4,-17],[6,-3],[5,-7],[9,0],[4,-14],[0,-9],[-4,-17],[1,-27],[-2,-12],[2,-25],[0,-12],[-7,-18],[1,-11],[7,-20],[11,-4],[2,-7],[2,-20],[-3,-17],[-5,-9],[-3,7],[2,25],[-6,-3],[-1,-20],[5,-11],[-3,-15],[3,-24],[-1,-18],[-3,-14],[0,-18],[5,-13],[12,5],[4,-4],[3,-12],[-3,-11],[-6,3],[-3,-15],[0,-13],[5,-30],[1,-35],[-4,-22],[-1,-19],[5,-16],[1,-16],[-3,-19],[2,-14],[8,-17],[1,-12],[-3,-38],[1,-21],[6,-22],[1,-22],[-10,-23],[0,-12],[3,-22],[-2,-21],[0,-16],[2,-15],[0,-17],[-4,-12],[-5,-7],[-4,-14],[-1,-19],[1,-16],[7,-12],[3,-16],[1,-19],[6,-12],[9,-9],[5,-24],[1,-17],[5,-18],[-1,-19],[-3,-9]],[[23231,64109],[-2,-8],[2,-35],[-1,-13],[3,-13],[6,-2],[4,5],[4,-8],[3,8],[1,33],[6,7],[5,-29],[-2,-24],[-11,-14],[2,-14],[0,-28],[6,-15],[4,-17],[0,-15],[-1,-15],[5,-34],[0,-20],[4,-20],[2,-14],[-3,-13],[-6,-8],[-1,-14],[3,-6],[10,10],[8,-17],[4,-1],[4,-9],[-1,-24],[4,-11],[7,-14],[7,1],[4,-8],[2,-18],[-1,-16],[-2,-15],[1,-22],[5,-15],[7,-12],[1,-24],[3,-9],[6,-5],[2,-18],[-5,-23],[0,-20],[-3,-18],[2,-24],[3,-9],[5,-4],[6,5],[5,-4],[2,-10],[7,-12],[1,-10]],[[23358,63427],[-69,0],[-91,0],[-75,0],[-42,0],[-89,1],[-50,0],[-69,0],[-58,0],[-71,1],[-91,0],[-72,0],[-27,1],[-55,-1],[-89,0],[-62,0],[-66,0],[-65,0],[-62,0],[-52,-1],[-49,0],[-58,0],[-75,1],[-60,0],[-71,0],[-34,0],[-74,1],[-24,-1],[-60,1],[-60,0],[-58,0]],[[21480,63430],[-1,170],[1,221],[0,233],[0,271],[0,271],[-67,0],[-74,0],[-61,0],[-25,-1],[-59,1],[-80,-1],[-9,1],[-28,-1],[-71,0],[-43,0],[-41,0]],[[20922,64595],[0,181],[0,138],[0,166],[0,240],[0,306],[0,279],[0,159],[0,279],[0,175],[0,122],[0,287]],[[17338,70420],[-19,2],[-98,2],[-5,-3],[-10,3],[-24,-1],[-67,2],[-78,1],[-36,0],[-103,0],[-39,1],[-85,-1],[-13,-1],[-6,-24],[-5,-12],[-9,-12],[-9,-18],[-10,-12],[-12,-6],[-7,0],[-17,14],[-18,-7],[-12,-14],[-24,-5],[-10,-13],[-11,3],[-13,20],[-8,-7],[-6,-17],[-13,-57],[-29,-13],[-8,3],[-29,-23],[-16,-4],[-10,-15],[-20,-31],[-19,-14],[-8,-13],[-12,-42],[-20,-6],[-13,-12],[-21,-13],[-21,-6],[-7,7],[-4,11],[-11,33],[-9,10],[-12,-1],[-9,-18],[-6,-17],[-10,-11],[-18,-24],[-18,-17],[-11,-33],[-5,-3],[-9,19],[-11,-10],[-7,6],[-7,-3],[-9,2],[-5,-5],[-10,-29],[-3,-16],[-15,-4],[-3,12],[0,15],[-1,24],[-5,25],[-20,18],[-7,15],[-7,6],[-9,-2],[-9,-12],[-6,1],[-11,9],[-10,23],[-9,6],[-27,-25],[-11,0],[-11,-12],[-7,0],[-22,14],[-15,-15],[-10,-27],[-2,-19],[-7,-12],[-6,0],[-2,-13],[-11,-20],[-5,0],[-7,-7],[-16,-30],[-2,-3],[-8,4],[-12,-8],[-5,-16],[-14,-19],[-4,-5],[-8,0],[-11,5],[-5,25],[-8,8],[-9,-10],[-7,-5],[-5,5],[-5,13],[-21,21],[-15,13],[-12,2],[-8,10],[-11,23],[-7,7],[-7,16],[-3,27],[1,22],[3,41],[0,29],[-3,25],[-7,34],[0,17],[3,23],[0,27],[-4,20],[-3,33],[1,23],[-2,33],[-7,23],[-5,39],[-6,20],[-2,34],[-5,27],[-16,25],[-12,34],[-10,14],[-3,9],[-15,28],[-3,9],[-14,4],[-13,-19],[-19,-33],[-25,2],[-6,10],[-11,31],[1,56],[-5,24],[-9,22],[-6,3],[-13,-14]],[[15491,70728],[-5,2],[-14,-1],[-6,6],[-9,2],[-3,6],[0,28],[-6,10],[-7,-4],[-1,-15],[-6,4],[-2,-20],[-5,0],[-5,11],[-5,-5],[-2,-12],[-4,-1],[-4,-10],[-8,-24],[-9,7],[-11,30],[-6,33],[-4,11],[-10,8],[-4,-15],[-3,-4],[1,-28],[-5,4],[-5,-4],[0,24],[4,36],[1,69],[1,125],[-2,73],[-1,53],[-1,53],[5,-4],[5,-17],[-4,-7],[3,-28],[4,-19],[-1,-59],[1,-23],[-2,-19],[4,-93],[0,-44],[3,-8],[8,9],[6,-1],[2,37],[-5,-2],[-1,36],[-6,11],[-1,23],[2,33],[4,-12],[1,-13],[8,-12],[0,27],[5,15],[8,15],[0,42],[-4,4],[-4,20],[-2,21],[-7,19],[-1,10],[0,27],[2,0],[8,16],[2,33],[3,1],[11,22],[10,8],[-1,15],[-12,15],[-3,23],[-7,-5],[-2,-9],[2,-14],[-10,-1],[-6,12],[-3,-13],[2,-25],[-7,3],[-5,15],[-4,-1],[-9,18],[-5,2],[-4,13],[0,44],[-4,61],[-6,70],[6,19],[5,-13],[-1,-22],[2,-17],[4,-8],[5,11],[2,24],[4,9],[6,6],[1,10],[7,11],[7,-1],[6,9],[19,17],[5,10],[2,10],[-4,8],[-18,5],[-7,-4],[-3,16],[-9,-2],[-6,6],[-1,9],[3,13],[-6,30],[-11,13],[-15,1],[-6,-8],[-3,-16],[4,-26],[0,-33],[3,-30],[6,-1],[-1,-13],[-7,12],[-5,-13],[-6,-6],[1,79],[-1,83],[-1,31],[-5,95],[-4,51],[-7,81],[-6,20],[-6,2],[-6,49],[-5,9],[-3,52],[-2,5],[0,33],[-3,65],[-5,109],[-3,25],[-2,34],[-4,38],[-4,30],[-2,40],[-3,24],[-5,11],[-1,9],[-5,6],[-4,24],[0,23],[-4,17],[-4,-1],[-3,12],[-5,2],[0,9],[-5,14],[0,11],[-6,13],[-8,6],[-6,15],[-3,18],[1,13],[-2,19],[-5,13],[0,20],[-3,1],[1,21],[-2,11],[0,20],[-2,14],[0,33],[-3,23],[0,21],[2,6],[-1,19],[-11,72],[7,17],[4,32],[0,14],[-4,18],[6,18],[1,26],[-2,12],[6,14],[2,37],[-3,12],[-5,-3],[-6,18],[-1,14],[-4,5],[-1,12],[4,10],[16,1],[5,-6],[3,-15],[6,-7],[5,8],[7,-6],[7,-21],[4,-1],[19,-35],[6,-15],[6,-7],[5,-14],[4,-4],[6,3],[6,-14],[11,-9],[1,-10],[9,-5],[7,9],[27,-41],[3,-8],[8,-5],[-1,-19],[10,-12],[5,-14],[22,-16],[8,3],[3,-7],[13,0],[6,-7],[7,1],[4,6],[3,-6],[10,0],[20,14],[10,-6],[8,-10],[2,-13],[13,-9],[11,19],[4,-7],[4,-11],[4,-5],[12,4],[1,-6],[10,-14],[14,-4],[6,4],[4,-5],[7,0],[7,9],[5,-6],[9,2],[6,11],[7,19],[7,26],[6,12],[3,-2],[-2,-20],[8,-10],[7,-25],[6,-8],[5,-27],[2,-19],[17,17],[9,3],[8,-3],[-3,-34],[3,-10],[11,-13],[3,-10],[3,-25],[-4,-27],[6,3],[4,15],[2,44],[-7,11],[-1,11],[-6,12],[-2,36],[15,32],[13,10],[7,1],[-1,-15],[4,-16],[-8,-13],[-6,-21],[3,-11],[4,-21],[3,-23],[4,-12],[4,5],[-2,17],[1,23],[-3,4],[5,22],[9,14],[4,-34],[1,-37],[3,-12],[0,-17],[-5,-11],[-9,18],[-2,-5],[3,-25],[0,-12],[5,-17],[4,-1],[2,-16],[-2,-17],[3,-29],[3,14],[3,-12],[-1,-18],[5,-18],[5,0],[-4,-25],[-4,-5],[-12,4],[3,-28],[-2,-15],[-4,-6],[-4,-16],[-8,-9],[-1,-42],[-2,-12],[-1,-14],[-3,-6],[-3,-18],[0,-25],[2,-16],[-10,-10],[-5,9],[1,25],[3,6],[2,19],[-1,18],[3,12],[3,54],[-2,7],[0,18],[-4,17],[-3,-3],[-1,-18],[3,-17],[-2,-22],[-6,-11],[-3,1],[0,28],[-4,-6],[1,-36],[4,-9],[-1,-17],[-5,-3],[-3,-14],[-2,-30],[3,-18],[-5,-13],[-3,-16],[1,-23],[-9,-1],[-2,-15],[-8,-21],[-8,-34],[-6,-33],[-2,-19],[-5,-13],[-3,-33],[-5,-15],[-7,-30],[-3,-4],[-1,-22],[-7,-43],[-2,-32],[-3,-6],[2,-24],[3,-3],[6,15],[4,3],[10,-15],[11,1],[13,28],[16,17],[4,0],[6,21],[3,4],[3,13],[-6,3],[-14,-25],[-11,-8],[-2,-9],[-7,-11],[-4,-21],[-5,-3],[-4,12],[-8,7],[-5,-3],[-4,23],[10,62],[6,29],[8,28],[0,20],[7,25],[10,45],[2,17],[8,5],[4,9],[2,14],[-1,13],[6,6],[10,15],[2,10],[6,9],[0,-18],[13,24],[9,12],[2,27],[-1,27],[3,23],[4,14],[3,23],[6,12],[2,23],[9,28],[8,16],[4,24],[10,1],[0,20],[-6,53],[-6,6],[0,16],[4,2],[3,-21],[12,-4],[6,-8],[0,-14],[4,-21],[-1,-19],[3,-20],[0,-20],[6,-19],[0,-13],[-5,-16],[5,-10],[3,-19],[0,-18],[-4,-8],[-14,4],[-4,-5],[-1,-19],[3,-18],[4,-7],[5,5],[3,-17],[-2,-28],[2,-13],[-4,-6],[2,-12],[6,-12],[-4,-18],[1,-10],[-1,-21],[4,-12],[-9,-8],[-7,-21],[1,-15],[0,-22],[6,-1],[5,-7],[2,-9],[-10,-48],[-1,-23],[1,-22],[-5,-26],[-1,-16],[4,-22],[-3,-11],[-2,-22],[-3,-15],[-2,-19],[7,-38],[-5,-23],[-5,-14],[-13,27],[-11,11],[-3,-7],[-4,4],[2,28],[3,18],[2,21],[3,13],[6,12],[3,15],[0,8],[-16,-20],[-1,-12],[-5,-12],[-7,-9],[1,-20],[-6,-32],[-1,-24],[2,-13],[7,-19],[0,-27],[-8,-26],[1,-11],[-2,-20],[-5,-6],[-2,21],[-3,3],[-5,27],[0,13],[-5,10],[-2,15],[4,37],[5,14],[3,15],[-2,25],[2,25],[0,22],[-5,-4],[-3,23],[1,16],[-3,6],[-2,-24],[2,-8],[-1,-14],[2,-18],[-6,-34],[-3,-4],[2,-15],[-6,-19],[1,-10],[-1,-24],[4,-34],[4,-14],[-3,-31],[-4,-15],[5,-9],[3,-51],[2,7],[0,42],[2,18],[8,-28],[2,-30],[6,-8],[3,-8],[9,-17],[6,6],[6,-1],[5,28],[9,17],[4,33],[6,7],[2,19],[1,21],[4,14],[1,25],[8,38],[1,20],[-5,27],[4,0],[7,-13],[3,-12],[7,-21],[6,-5],[3,-12],[5,9],[4,22],[-7,22],[1,14],[8,3],[3,7],[15,15],[3,8],[0,46],[-3,24],[-3,9],[-2,30],[-8,10],[4,11],[0,15],[2,11],[-2,12],[-5,12],[-3,18],[1,8],[-1,30],[-7,30],[6,9],[4,14],[3,-12],[4,-2],[5,9],[0,20],[-7,19],[-4,2],[-9,15],[-4,23],[6,20],[1,25],[5,8],[4,29],[-3,21],[1,13],[-4,16],[1,23],[-1,17],[4,8],[7,32],[4,7],[3,26],[-1,13],[3,38],[3,14],[1,28],[8,9],[8,3],[6,14],[-1,44],[4,13],[-3,13],[-3,-1],[-10,21],[-1,17],[-12,21],[-1,14],[-5,5],[-4,24],[-3,20],[1,19],[-1,16],[3,20],[-3,10],[0,28],[-2,11],[-4,7],[-7,-4],[-4,11],[-7,-9],[4,-22],[-4,-15],[-7,-10],[1,-25],[7,-28],[3,-14],[5,-10],[12,-41],[6,-35],[-5,1],[-3,8],[-2,16],[-6,17],[-2,12],[-6,4],[-6,27],[-6,-10],[-7,15],[0,17],[-7,41],[0,22],[2,55],[9,8],[3,-7],[4,5],[2,17],[4,-4],[13,-17],[2,2],[3,28],[-1,32],[-4,22],[-5,12],[-6,5],[-5,16],[-12,9],[-1,6],[-7,14],[-1,24],[-3,3],[-3,31],[3,22],[-8,0],[-2,-23],[-6,-3],[-2,-11],[-12,-7],[-5,20],[0,14],[5,20],[0,22],[-3,16],[-10,6],[5,20],[4,-6],[15,21],[3,-12],[2,-23],[4,-30],[4,0],[-2,32],[5,7],[6,-38],[7,-5],[10,7],[2,10],[-4,18],[0,30],[-1,21],[-2,4],[-3,29],[-5,3],[-5,11],[13,-1],[3,-19],[8,7],[6,19],[2,21],[-6,27],[-5,3],[-12,45],[5,8],[-2,31],[-4,8],[-2,15],[8,29],[0,11],[-6,7],[-6,22],[-8,3],[-7,-7],[-6,-12],[0,-7],[-8,-24],[-3,-21],[-3,3],[-4,20],[7,42],[1,13],[-6,9],[-4,12],[-7,-1],[-2,35],[-3,24],[-6,10],[-11,28],[0,11],[4,12],[5,7],[2,23],[-7,14],[-5,-13],[-8,9],[0,20],[6,22],[11,32],[97,-1],[86,0],[97,-5],[99,3],[14,1],[25,-1],[7,1],[29,1],[41,-2],[73,0],[95,1],[105,-2],[35,1],[48,0],[76,0],[83,0],[82,0],[93,0],[85,0],[90,1],[75,0],[85,-1],[49,-1],[26,0]],[[15741,73589],[7,-6],[4,8],[1,-16],[-3,-7],[-4,3],[-5,18]],[[15740,73399],[2,14],[-2,26],[4,1],[2,-14],[9,-21],[6,-7],[0,-22],[-6,9],[-6,-9],[-6,-4],[-3,14],[0,13]],[[15735,71912],[6,1],[17,-44],[-1,-11],[-3,-12],[-3,4],[-3,16],[-12,41],[-1,5]],[[15727,73483],[7,10],[3,-11],[-1,-14],[-9,15]],[[15721,73612],[1,17],[4,-3],[5,-20],[1,-12],[4,-9],[0,-13],[6,-7],[8,-24],[2,-24],[-7,2],[-11,34],[-5,35],[-7,7],[-1,17]],[[15719,71834],[7,27],[6,1],[1,-6],[8,-13],[2,-17],[-4,-8],[-6,-3],[-10,9],[-4,10]],[[15716,73441],[3,5],[1,16],[4,7],[5,-16],[-1,-9],[7,-21],[-5,-15],[2,-13],[-11,-6],[-1,28],[-4,11],[0,13]],[[15715,71773],[4,6],[1,19],[5,13],[3,1],[6,-16],[0,-38],[-6,2],[0,-21],[-5,2],[-8,32]],[[15707,73024],[5,38],[6,22],[2,29],[5,13],[2,14],[7,32],[3,24],[0,31],[5,4],[6,-5],[4,13],[7,-20],[1,-27],[-5,-16],[13,-18],[13,-38],[-1,-19],[-6,-13],[-8,-1],[-4,15],[-7,4],[-5,-4],[-3,-27],[-3,-1],[-5,15],[-2,-11],[3,-10],[-2,-24],[-5,-7],[-7,-1],[-7,-6],[-1,-8],[3,-14],[8,10],[18,0],[6,-19],[0,-5],[6,-23],[1,-26],[4,-13],[0,-19],[2,-17],[-4,-18],[5,-29],[3,-2],[-1,-26],[3,-4],[0,-28],[6,-4],[2,20],[-2,16],[1,25],[-4,25],[10,-3],[6,-20],[6,-26],[5,-11],[7,-10],[8,-2],[2,-46],[4,-13],[1,-36],[-2,-19],[-5,-16],[0,-15],[-4,-6],[-4,20],[-2,-11],[-5,5],[-4,15],[1,25],[-2,13],[-9,32],[-6,-4],[-5,-16],[-8,-7],[-1,12],[3,18],[-5,16],[-6,5],[-4,17],[0,36],[-5,19],[4,44],[-1,29],[-3,24],[-3,7],[-6,3],[-9,-12],[-2,24],[-7,22],[-7,8],[-3,11],[-5,7],[-2,14]],[[15690,73426],[2,13],[4,6],[5,-10],[6,-20],[0,-12],[-7,-21],[-3,-4],[-6,27],[-1,21]],[[15664,73640],[5,6],[4,-2],[4,-9],[-5,-6],[-8,11]],[[15658,73316],[2,23],[2,23],[5,6],[-2,19],[0,14],[4,-1],[5,10],[5,-5],[4,-14],[-3,-36],[-1,-6],[6,-33],[-3,-21],[9,1],[-2,10],[0,18],[-1,21],[3,24],[10,2],[2,-17],[-4,-19],[-5,-8],[1,-17],[-1,-15],[2,-9],[2,-26],[-6,-11],[-4,13],[-4,-14],[-5,-2],[-2,10],[5,15],[-4,7],[-8,1],[-6,17],[-5,-3],[-1,23]],[[15638,73447],[3,-5],[8,8],[11,-8],[6,1],[4,-13],[-5,-16],[-6,-8],[0,-8],[-6,1],[-6,9],[2,13],[-6,14],[-4,-1],[-1,13]],[[15635,73493],[4,15],[1,14],[8,24],[6,10],[5,21],[-1,9],[8,5],[11,-1],[3,-8],[9,-7],[11,-25],[15,-19],[-3,-15],[-12,-23],[-5,-28],[-5,-5],[0,17],[-5,7],[-3,20],[-4,8],[-2,17],[0,29],[-3,11],[-8,-10],[4,-18],[-1,-20],[8,-18],[2,-18],[4,-12],[-3,-21],[-4,-7],[-5,5],[-6,-2],[-6,7],[-3,25],[-7,27],[-3,-8],[6,-30],[-1,-12],[-4,6],[-3,13],[-8,-5],[0,22]],[[15624,73575],[16,26],[2,-33],[-7,-18],[-2,13],[-9,12]],[[15618,73927],[15,0],[3,-21],[-4,-8],[-12,-6],[-2,35]],[[15587,73453],[6,31],[7,-6],[14,7],[2,-13],[-1,-15],[7,-8],[11,-33],[6,-2],[6,-31],[7,1],[-1,-19],[-6,-6],[-6,4],[-1,-27],[3,-13],[1,-15],[5,-10],[7,1],[0,-14],[-22,12],[-7,13],[-1,8],[-7,2],[-2,8],[-9,12],[-5,17],[-3,20],[0,21],[-4,16],[2,16],[-4,11],[-5,3],[0,9]],[[15577,73557],[6,6],[9,-6],[10,-18],[-12,-10],[-8,12],[-5,16]],[[15781,72229],[7,-5],[-1,-12],[-4,0],[-2,17]],[[15775,72011],[3,21],[-3,18],[3,25],[1,41],[4,31],[4,9],[2,32],[7,-9],[-2,-19],[7,-24],[-3,-15],[1,-18],[3,-17],[-3,-8],[4,-17],[9,-3],[6,-13],[-8,-8],[-10,-19],[-5,-26],[-6,9],[4,28],[3,-3],[3,15],[0,22],[-5,-3],[4,-14],[-2,-7],[-6,5],[-3,-9],[-3,-58],[-7,4],[-2,14],[0,16]],[[21215,59344],[-11,0],[0,-212],[0,-307],[0,-254],[0,-251],[0,-265],[0,-247],[-1,-267],[0,-331],[0,-340],[0,-243],[0,-195],[0,-119],[-2,-268],[-1,-331],[-1,-197],[-2,-256],[0,-201],[0,-169],[0,-188],[0,-218],[0,-221],[0,-169],[-73,0],[-110,0],[-43,0],[-41,0],[-85,0],[-56,0],[-32,0],[-76,0],[-66,0],[-89,0],[-72,1],[-5,1],[-38,0],[-66,1],[-21,-1],[-54,-1],[-63,-1],[-6,-23],[5,-23],[0,-42],[3,-6],[-8,-18],[-1,-11],[4,-13],[-2,-20],[6,-23],[4,-9],[-1,-13],[5,-7],[3,-14],[8,-3],[6,-21],[-1,-7]],[[20232,53842],[-1,1],[-61,-1],[-69,0],[-83,0],[-35,0],[-60,0],[-63,0],[-96,0],[0,-198],[0,-133],[0,-194],[-139,0],[-22,-1],[-73,0]],[[19530,53316],[0,172],[0,183],[0,186],[0,87],[0,255],[0,393],[0,257],[1,153],[-1,232],[1,135],[-1,184],[1,134],[0,52],[0,251],[0,134],[0,158],[0,146],[0,194],[0,257],[0,224],[0,224],[0,220],[0,339],[0,132],[0,169],[0,253],[0,180],[0,277],[0,76],[0,171],[0,232],[0,282],[0,268]],[[19531,59926],[25,0],[86,0],[75,0],[36,0],[69,1],[80,0],[57,0],[87,0],[89,0],[2,-9],[33,0],[38,1],[76,1],[39,0],[58,2],[102,0],[51,0],[90,0],[26,-3],[8,0],[99,0],[6,1],[29,0],[50,-1],[25,2],[68,2],[76,2],[73,1],[88,1],[43,0]],[[31706,38171],[9,-23],[1,10],[4,-8],[1,5],[4,-3],[7,-16],[2,-17],[-4,-17],[-3,8],[-2,-7],[-2,-16],[-3,13],[-6,25],[0,9],[-4,14],[-4,23]],[[31642,37890],[-1,13],[10,1],[9,15],[7,5],[5,7],[6,4],[3,14],[11,4],[8,-5],[7,-9],[11,-9],[3,6],[5,-15],[-12,-13],[-3,2],[-3,-12],[-5,-3],[0,15],[-4,-2],[-3,-21],[-2,8],[-6,-8],[-5,-14],[-7,-9],[-6,1],[-1,11],[-7,-4],[-6,-12],[-5,-2],[-5,6],[-5,19],[1,7]],[[31635,38063],[4,0],[2,-12],[-6,3],[0,9]],[[31170,38191],[2,5],[10,10],[9,16],[1,9],[7,14],[3,14],[-2,35],[-2,10],[0,14],[2,17],[2,2],[5,19],[5,6],[8,3],[7,-3],[4,2],[7,-7],[2,3],[9,-16],[9,-10],[3,3],[11,-9],[10,9],[11,-5],[1,5],[10,2],[15,-22],[9,1],[1,9],[4,-2],[3,10],[8,-1],[1,4],[9,-1],[9,-8],[4,7],[8,-10],[2,3],[4,-6],[13,-12],[5,2],[2,16],[3,4],[7,1],[2,4],[5,-9],[12,2],[5,-12],[5,2],[4,-6],[5,9],[7,-13],[6,-4],[9,3],[7,-18],[3,2],[3,12],[1,11],[12,-9],[2,2],[5,-12],[10,-9],[4,-7],[7,7],[1,13],[3,-1],[12,-15],[6,-3],[3,9],[7,-15],[13,-11],[5,-24],[4,3],[3,-7],[4,9],[1,-15],[9,-24],[3,3],[0,13],[3,-3],[1,-18],[4,-8],[5,-1],[3,-6],[4,1],[4,17],[2,-11],[2,8],[1,12],[3,-3],[-1,-20],[-4,-23],[2,-18],[-1,-24],[1,-8],[-2,-15],[3,-22],[-2,-12],[2,-8],[3,6],[3,-23],[0,-14],[-3,-12],[-4,16],[-2,-1],[-1,-14],[2,-14],[-1,-8],[-5,-1],[-2,5],[-9,-13],[-1,-17],[-7,13],[-5,-14],[-1,-16],[-7,-17],[-4,-34],[1,-6],[-5,-33],[0,-18],[-2,-16],[-5,6],[-4,-23],[1,-27],[-4,-5],[-4,-12],[-3,2],[-4,-22],[-5,0],[-3,-11],[-7,-8],[-6,-1],[-3,3],[-3,-7],[-4,13],[-6,1],[-3,-9],[-2,-12],[-3,-11],[-6,16],[-6,-1],[-7,-18],[-5,-4],[-6,-19],[-6,7],[-5,2],[-1,-9],[-8,-20],[-4,0],[-4,9],[2,12],[-5,16],[-4,4],[-3,-5],[-6,29],[-1,12],[-6,-3],[-5,-12],[-9,-33],[-8,26],[-3,-1],[-5,23],[-6,14],[-4,-5],[-5,4],[-23,-33],[-4,10],[-3,-2],[-6,17],[-8,-8],[-5,-11],[-2,8],[-5,5],[-4,11],[-4,5],[-7,-6],[-3,22],[-6,-11],[0,-18],[-1,-10],[-5,-7],[-4,-14],[-6,-5],[-4,8],[-2,-13],[-6,8],[-13,-11],[4,-10],[-2,-9],[-6,8],[-3,-2],[-3,18],[-4,6],[0,17],[-9,0],[-6,6],[-2,-4],[-5,5],[-3,-3],[-5,-22],[-3,-6],[-8,1],[-3,8],[-5,0],[-3,14],[-5,-5],[-1,-16],[-6,5],[-1,41],[2,13],[10,15],[0,16],[-10,12],[3,16],[-1,9],[1,11],[-1,13],[0,16],[5,15],[0,11],[-1,27],[2,9],[0,28],[7,35],[-1,22],[-4,11],[0,21],[-5,24],[0,20],[-3,12],[-6,5],[-4,5],[-4,35],[-1,9],[-4,19],[0,13]],[[30982,37862],[2,7],[1,27],[6,7],[7,-8],[3,2],[4,9],[4,-13],[1,-30],[-3,-7],[-4,-21],[-4,-7],[-4,-2],[-2,7],[-6,8],[-5,21]],[[20922,66927],[0,278],[-1,184],[0,322],[0,202],[0,216],[1,112],[-1,222],[0,225],[0,143],[0,282],[0,143]],[[20921,69256],[5,1],[0,250],[0,188],[-1,215],[0,224],[0,138],[-1,90]],[[20924,70362],[84,0],[52,-1],[76,0],[101,0],[103,0],[105,0],[56,0],[70,-1],[85,0],[41,0],[47,0],[46,0],[86,0],[55,0],[73,-2],[57,0],[60,-1],[45,0],[27,-1],[65,0],[46,0],[85,-2],[45,-1],[59,-2],[64,0],[113,-1],[83,0],[35,0],[59,0],[11,1],[83,-1],[4,1],[64,-1]],[[23009,70350],[-1,-18],[-1,-9],[-2,-81],[-1,-20],[-9,-36],[-4,-8],[-7,-48],[-6,-17],[-11,-17],[-10,-22],[-3,-13],[-11,-22],[-12,-27],[-4,-46],[15,-59],[2,-6],[8,-34],[6,-38],[4,-37],[11,-46],[3,-8],[17,-3],[11,-18],[9,-14],[7,-6],[9,-22],[10,-68],[1,-104],[0,-288],[0,-183],[0,-119],[0,-283],[-1,-308],[0,-255],[0,-116],[0,-221],[0,-220]],[[23039,67510],[-40,0],[3,-11],[1,-28],[-5,-12],[0,-9],[2,-18],[5,-2],[1,-15],[10,-28],[4,-1],[0,-23],[-1,-8],[0,-24],[-2,-13],[2,-28],[-1,-14],[-3,-5],[-13,1],[2,-9],[1,-24],[7,-12],[0,-13],[-6,-9],[5,-14],[8,-4],[2,-7],[9,7],[3,-2],[1,-20],[0,-22],[2,-5],[0,-37],[6,-19],[1,-23],[-6,-22],[2,-23],[-2,-13],[-4,-2],[-4,-14],[-6,-1],[0,-29],[6,-18],[-2,-13],[-3,-2],[-3,-22],[4,-7],[1,-14],[-2,-17],[-9,-24],[1,-22],[3,-18],[-4,-1],[1,-13],[-4,-18],[2,-15],[-2,-11],[-9,-8],[2,-7],[-4,-23],[-1,-17],[-3,-12],[-4,1],[-4,-18],[1,-13],[-3,-24],[5,-26],[-2,-10],[9,-20],[6,-7],[6,-21],[5,-11],[0,-10],[6,-19],[0,-18],[2,-3],[6,-45],[-3,-15],[6,-6],[-1,-37],[-3,-5],[5,-19],[-1,-16],[8,1]],[[23587,56005],[11,-4],[-2,-22],[-4,-10],[0,-9],[4,-8],[7,-1],[5,-26],[2,-1],[5,16],[1,-17],[-5,-9],[3,-15],[10,-4],[2,10],[-1,10],[3,8],[2,-16],[4,-6],[3,4],[3,28],[4,-4],[-2,-16],[4,0],[5,28],[3,7],[2,-14],[-3,-14],[0,-9],[7,-5],[3,12],[1,23],[4,-1],[4,15],[6,-7],[3,-27],[4,4],[1,-19],[3,0],[0,16],[11,10],[4,-7],[-1,-18],[3,-5],[5,3],[0,-225],[0,-232],[0,-165]],[[23768,51401],[0,-14],[-7,0],[-25,5],[-14,-2],[-15,-12],[-11,-12],[-25,-38],[-30,-50],[-55,-87],[-20,-34],[-19,-35],[-14,-32],[-8,-25],[-7,-43],[-3,8],[-9,-13],[0,16],[3,18],[-2,10],[5,19],[3,-8],[7,25],[5,7],[3,28],[3,13],[4,7],[6,-4],[5,2],[7,12],[2,25],[6,24],[3,3],[9,-16],[4,2],[2,-8],[4,2],[0,14],[5,23],[2,13],[-7,-8],[-1,-5],[-7,-5],[-2,18],[-4,18],[-5,3],[-11,-17],[-10,-11],[-5,-3],[-9,-11],[-4,1],[-11,-14],[-6,-3],[-4,7],[-3,19],[3,3],[2,-11],[3,2],[3,14],[-1,9],[5,16],[6,41],[3,34],[2,49],[2,14],[-1,36],[-3,20],[0,15],[-5,14],[-3,-9],[-3,7],[-4,19],[-16,-26],[-10,-43],[-4,-31],[-2,-28],[-10,-18],[-4,2],[-6,47],[-9,6],[-1,7],[-6,0],[0,-14],[5,-23],[-5,-14],[-3,-18],[-1,-20],[2,-10],[5,-17],[2,-9],[-8,-39],[-2,-16],[1,-17],[6,-24],[5,-10],[18,-17],[0,-5],[-5,-14],[-3,0],[-3,-15],[4,-14],[12,-25],[2,-54],[1,-11],[4,-4],[0,-8],[-7,-14],[-2,-25],[2,-10],[-1,-24],[-4,-14],[-3,-13],[-4,3],[-10,-5],[-5,-17],[-4,-28],[-6,-16],[-2,-18],[-7,-18],[-4,-3],[-8,-24],[-3,25],[-6,-4],[-7,4],[2,-19],[-1,-8],[0,-24],[-3,-36],[1,-22],[3,-5],[4,-19],[4,-12],[-19,-54],[-17,-53],[-10,-37],[-2,-12],[-13,-34],[-10,-35],[-2,-10],[-9,-12],[-14,-16],[-5,-11],[-22,-47],[-19,-40],[-8,-12],[0,-6],[-31,-69],[-17,-37],[-16,-28],[-24,-40],[-3,-4],[-27,-45],[-17,-33],[-17,-34],[-18,-42],[-7,-20],[-7,-24],[-2,2],[-4,-8],[-13,-43],[0,-8],[-6,-38],[-9,-29],[-2,-6],[-19,-33],[-12,-23],[-20,-48],[-17,-47],[-16,-49],[-17,-54],[-11,-38],[-9,-37],[-12,-45],[-9,-42],[-13,-61],[-5,-28],[-4,-24],[-2,-23],[-2,10],[3,32],[-1,19],[2,3],[2,22],[3,3],[5,15],[0,14],[4,10],[1,17],[0,24],[5,39],[6,32],[3,13],[1,19],[2,19],[5,14],[7,6],[-2,12],[4,20],[6,-15],[3,-14],[4,5],[5,16],[2,21],[-4,-3],[0,20],[-1,8],[6,23],[3,5],[12,-1],[8,6],[5,9],[-1,16],[8,11],[3,9],[2,16],[14,44],[0,10],[6,10],[7,0],[3,5],[2,13],[4,7],[16,12],[8,12],[-1,11],[3,13],[-6,19],[2,14],[7,14],[1,15],[-10,2],[-16,-41],[-11,-17],[-9,-21],[-12,-41],[-8,2],[-3,-9],[-5,5],[-1,16],[-5,24],[1,14],[1,24],[-2,14],[0,14],[-5,5],[-7,0],[-1,28],[-2,9],[-7,17],[-2,12],[0,17],[-2,2],[-8,-19],[5,-12],[4,3],[7,-34],[1,-19],[-6,-12],[-9,28],[-5,7],[-5,-15],[0,-13],[3,-10],[5,-24],[8,-17],[2,-8],[-1,-11],[1,-30],[0,-12],[-5,-26],[3,-17],[4,-37],[0,-17],[-8,-13],[-3,-22],[-6,-23],[-5,-8],[-7,-21],[0,-8],[-7,-12],[-5,-16],[-8,-1],[1,10],[3,20],[0,9],[1,17],[2,4],[3,29],[-4,28],[3,14],[0,9],[4,24],[-4,-2],[-1,-10],[-5,-10],[0,-11],[-5,-18],[6,-27],[-1,-12],[-6,-19],[0,-18],[-3,-35],[-4,13],[-3,-1],[-5,16],[3,6],[-2,11],[1,24],[3,8],[-2,14],[-4,-16],[-13,-17],[-11,-21],[-4,-12],[-5,-6],[-11,-31],[-6,-20],[-4,-23],[12,-22],[0,-17],[5,5],[2,-18],[4,-7],[8,7],[0,11],[-5,-1],[5,21],[0,11],[3,11],[4,1],[9,16],[2,11],[-1,17],[7,-4],[1,-10],[-3,-12],[-1,-22],[1,-25],[2,-26],[-5,-5],[-5,-37],[-2,-36],[-5,7],[-10,-56],[-3,-8],[0,-16],[-2,-19],[-2,0],[-4,-21],[-8,-52],[-6,-3],[-3,4],[0,16],[-4,14],[-4,30],[-6,7],[-7,-6],[-14,-18],[5,14],[-2,12],[-6,-3],[-1,-6],[-11,0],[-4,-6],[-11,1],[-2,-10],[-5,-4],[0,11],[-4,14],[-6,-11],[-1,-13],[1,-11],[5,-2],[3,-8],[2,-18],[5,-4],[5,10],[3,0],[5,-12],[2,13],[7,8],[1,-9],[-3,-21],[-1,-37],[4,-22],[1,-17],[4,-17],[5,-12],[8,-14],[10,-9],[7,-15],[-4,-19],[-8,-72],[0,-9],[1,-16],[-8,-27],[-3,-43],[-3,-22],[-2,-37],[-4,-45],[-1,-38],[-9,-79],[-1,-15],[-3,-10],[-5,-9],[-5,0],[-9,-18],[-7,-27],[-6,4],[4,31],[3,0],[2,7],[-1,13],[6,21],[-2,14],[3,23],[-3,18],[-3,-6],[0,-12],[-8,-26],[-2,-11],[-9,-26],[-5,-10],[-6,-26],[-4,2],[-4,11],[2,13],[-1,18],[-6,0],[-4,24],[2,14],[-4,9],[-1,13],[-9,11],[0,-10],[4,-22],[2,-20],[-1,-9],[5,-25],[6,-8],[-2,-19],[-11,-16],[-3,3],[-4,-10],[4,-7],[18,15],[2,-6],[0,-20],[2,-13],[10,1],[6,-5],[5,-8],[7,-4],[6,8],[3,10],[9,11],[4,10],[4,2],[4,-7],[-3,-65],[-2,-45],[3,-3],[-1,-19],[-1,-80],[-1,-53],[-1,-51],[-2,-81],[-1,-41],[12,-5],[0,-8],[-12,4],[-1,-2],[0,-30],[3,-16],[10,-16],[-1,-6],[-7,11],[-7,0],[0,-17],[-3,-3],[2,-77],[0,-25],[1,-30],[6,-70],[0,-29],[3,-23],[3,-39],[2,-4],[-1,-20],[1,-19],[3,-23],[-2,-21],[2,-3],[7,2],[7,-67],[2,-18],[7,-64],[7,-66],[5,-18],[-2,-15],[5,-62],[0,-2],[-6,68],[-5,20],[-3,-11],[5,-8],[1,-13],[-3,-37],[-2,-6],[3,-25],[3,-12],[-2,-25],[2,-18],[-1,-9],[3,-23],[1,-15],[-2,-12],[3,-15],[3,-7],[6,-7],[11,-1],[3,-15],[0,-23],[9,20],[4,-4],[-1,-25],[2,-80],[0,-20],[-7,13],[-4,-11],[-5,4],[-6,1],[-6,-13],[-8,5],[-2,-3],[2,-17],[-8,1],[-6,-14],[-6,8],[-1,-9],[-6,-20],[2,-4],[0,-21],[2,-15],[-3,-16],[-1,-21],[-7,-1],[-8,4],[-4,6],[-2,13],[1,10],[-4,20],[-3,5],[-3,-10],[-5,0],[1,18],[-7,-11],[-4,31],[-3,13],[0,12],[-4,-2],[-6,6],[0,27],[-6,-4],[-2,10],[0,12],[-10,36],[2,9],[-2,15],[-6,-10],[-2,8],[-8,6],[-21,-2],[-5,13],[1,14],[-2,8],[-14,-9],[-5,6],[-5,11],[-2,-7],[-10,-5],[-6,7],[-5,-12],[-3,9],[-4,0],[-2,6],[-6,-6],[-2,7],[-3,-28],[-6,6],[-2,6],[-2,19],[-4,-10],[-4,9],[-9,-6],[-2,-15],[-4,18],[-3,-2],[-2,14],[-4,-25],[-4,15],[-4,12],[-8,-5],[-5,24],[-5,11],[4,6],[0,8],[-6,7],[-5,-6],[-3,3],[-4,23],[-1,16],[1,17],[-3,-2],[-1,-13],[-4,7],[-6,-3],[-5,20],[0,11],[-4,2],[-7,17],[1,24],[-5,-2],[-2,9],[-10,-19],[0,15],[-4,6],[-2,-7],[-7,15],[-5,-9],[-1,17],[-3,-7],[-2,26],[-7,-6],[-3,7],[-3,-16],[-6,-10],[-4,0],[-3,11],[-1,22],[-10,8],[5,17],[-5,2],[-2,13],[-4,-5],[1,19],[-5,24],[-4,-7],[-6,7],[-2,34],[-3,11],[-5,-1],[-4,-12],[-7,8],[-8,-14],[-2,22],[-4,1],[-5,17],[0,-16],[-3,-5],[-3,9],[1,17],[-6,11],[-3,-10],[-8,-1],[-2,18],[-5,7],[-7,-19],[-5,-1],[-2,14],[-6,21],[-1,10],[3,9],[1,22],[2,18],[-4,27],[-6,29],[-4,3],[-7,10],[-1,16],[1,12],[-3,70],[-6,42],[-3,44],[1,36],[-9,25],[-1,49],[-5,32],[-2,32],[-3,18],[-4,8],[-7,1],[-3,16],[2,31],[-1,11],[-3,8],[-9,7],[-5,18],[-2,23],[5,12],[-8,27],[-3,23],[-5,-6],[-4,13],[1,24],[-2,22],[5,19],[1,19],[-3,12],[3,25],[-2,32],[2,6],[1,20],[-2,41],[-3,14],[1,31],[-3,16],[-3,5],[-5,-10],[-5,14],[3,18],[-2,19],[-10,3],[-2,14],[5,8],[4,18],[-1,16],[5,31],[0,14],[1,23],[-2,31],[0,15],[4,31],[0,12],[-5,13],[-8,-1],[1,53],[3,24],[-5,18],[-3,30],[-5,3],[-6,-7],[1,19],[-4,11],[-1,12],[-2,4],[-10,-18],[-8,11],[2,14],[-3,14],[-5,2],[-5,-8],[-4,13],[-5,31],[-5,22],[-4,24],[-6,0],[-3,11],[-3,38],[-6,-13],[-2,7],[-2,29],[-6,1],[-2,7],[1,18],[0,26],[-2,14],[-5,16],[-1,18],[3,16],[-2,22],[-5,7],[-2,20],[-3,6],[-1,16],[2,16],[0,15],[-8,3],[-8,11],[-5,33],[-3,51],[-3,10],[-7,13],[0,20],[-7,32],[-1,18],[-2,5],[-8,8],[-6,15],[-5,-1],[-4,14],[-11,20],[-1,35],[-2,10],[-6,-1],[-4,7],[-10,51],[2,29],[0,9],[-7,34],[-1,13],[-7,33],[-2,20],[3,32],[-1,23],[-7,29],[8,20],[1,10],[-15,16],[-2,17],[-3,9],[-1,18],[3,28],[0,13],[-9,13],[-1,10],[-3,3],[0,37],[-5,1],[-4,16],[-6,5],[-3,36],[-1,20],[2,11],[0,28],[-4,19],[-3,0],[0,16],[-1,8],[1,15],[-1,18],[-3,8],[0,15],[-8,3],[0,23],[-5,17],[1,11],[-4,19],[1,14],[-4,1],[-3,10],[-2,-8],[-2,15],[0,14],[-3,16],[1,18],[-1,24],[1,10],[-3,36],[-2,36],[0,31],[-3,29],[-5,19],[-5,5],[-5,11],[-2,11],[-1,14],[-5,6],[-5,20],[3,15],[-3,16],[0,12],[-3,22],[-3,-1],[0,22],[-5,8],[1,10],[-6,-1],[-6,17],[-7,6],[-2,31],[-5,5],[-4,14],[-6,11],[-2,16],[-5,0],[-2,9],[-9,12],[-2,11],[-1,15],[-6,22],[-2,28],[-3,12],[-1,21],[-8,13],[-8,-1],[-4,11],[-2,-6],[-4,5],[-5,31],[-1,12],[-5,7],[-10,2],[-2,3],[-5,-5],[-2,19],[3,27],[2,7],[-3,45],[1,23],[-5,7],[-4,-18],[1,-28],[-4,-22],[-5,16],[-1,30],[4,34],[-1,14],[-3,8],[-9,4],[-3,-16],[-2,4],[0,17],[-2,16],[-1,25],[-6,17],[-1,25],[-4,10],[0,7],[4,9],[-3,12],[-7,-21],[-4,1],[-1,21],[0,13],[-2,8],[-4,-4],[-3,-13],[-5,-12],[-10,-3],[1,42],[-1,15],[-8,-14],[-1,-12],[0,-18],[-1,-5],[-9,6],[-6,-6],[-1,-12],[-4,-5],[-4,20],[-5,-12],[-3,12],[-6,-10],[-2,14],[-3,-4],[-3,8],[-4,-1],[-4,12],[-4,1],[-1,-11],[-6,5],[-1,10],[3,13],[-4,10],[-2,-4],[1,-21],[-1,-4],[-4,9],[-4,15],[-4,-12],[-4,-4],[-3,5],[-6,-3],[-3,-13],[-3,15],[-3,5],[-4,-4],[-2,18],[-4,2],[-1,-19],[-3,9],[-5,-11],[-3,7],[-5,-4],[0,-12],[-9,-3],[-3,9],[-6,-3],[-4,12],[-6,1],[-5,13],[-2,14],[-3,-1],[0,17],[-3,8],[-3,-11],[-3,8],[-3,-4],[-11,16],[0,11],[-4,-1],[-7,17],[-5,1],[-2,-18],[-4,7],[-4,-20],[-3,-8],[1,-14],[-4,-39],[0,-11],[-4,-9],[1,-20],[-3,4],[-3,-5],[-7,14],[-7,-2],[-2,10],[-4,-9],[-2,13],[-6,-16],[-1,-9],[-10,-24],[-5,31],[-1,-17],[-5,-9],[-7,-1],[-3,-14],[-4,-3],[-6,3],[-4,10],[-2,-19],[-3,-8],[1,-20],[-2,-7],[-1,-16],[2,-10],[-3,-6],[-3,-15],[-6,-19],[-2,-11],[1,-12],[0,-27],[-1,-7],[-5,6],[-2,-4],[2,-18],[-5,-21],[1,-17],[-4,-4],[-1,-13],[-4,-12],[0,-33],[-2,-26],[-5,-32],[0,-13],[2,-18],[-2,-8],[2,-16],[-3,-21],[-3,-6],[2,-17],[-6,-9],[-5,4],[-1,-8],[1,-11],[-1,-21],[-3,-13],[1,-20],[-4,-18],[-1,-17],[6,-19],[4,-5],[1,-22],[-3,-9],[-9,-10],[-2,-10],[-7,-8],[-3,-15],[-5,9],[-5,-3],[-2,-9],[1,-17],[-4,-15],[-8,-58],[-5,2],[-3,-10],[-4,-6],[1,-12],[-7,-18],[-1,-27],[2,-12],[-5,-32],[0,-17],[-5,-2],[-6,-14],[-4,10],[-16,11],[-3,-9],[-3,-2],[-5,18],[-4,-22],[-1,27],[-5,9],[-1,13],[-7,-3],[-1,13],[2,14],[-5,7],[-2,-27],[-2,-4],[-8,7],[0,11],[-4,-2],[-3,6],[-10,32],[0,9],[-7,-2],[1,17],[-4,10],[-4,25],[-7,6],[0,18],[-7,23],[-5,-1],[-3,-6],[-4,0],[-5,18],[-8,-5],[-2,-5],[-3,14],[-13,19],[-4,-4],[-2,13],[-4,18],[-1,16],[-5,13],[-2,-16],[-4,10],[1,19],[1,4],[-2,21],[-6,-6],[-2,16],[-4,-6],[-3,11],[-7,1],[-10,9],[-6,-2],[-1,9],[-4,0],[-7,6],[-3,-3],[-5,10],[-8,9],[-10,22],[0,8],[-4,10],[-3,0],[-8,32],[-3,-3],[-4,15],[-4,2],[-5,13],[0,13],[-3,4],[-1,13],[-3,22],[-5,10],[-1,14],[1,22],[-2,4],[-4,-6],[0,16],[-8,24],[-9,7],[-1,5],[-11,-4],[-10,28],[-2,-3],[-4,17],[-2,19],[-14,36],[-4,7],[-3,22],[-3,1],[-3,12],[-5,1],[0,14],[-3,18],[-4,13],[3,15],[-4,5],[0,23],[-2,9],[1,20],[-6,14],[1,21],[-3,20],[-4,12],[-5,35],[-1,21],[-5,8],[-1,21],[-7,24],[0,12],[-4,10],[-2,30],[-1,23],[1,25],[-3,34],[1,10],[-4,11],[2,15],[-3,16],[6,37],[-3,22],[1,12],[-1,26],[2,10],[-1,8],[1,34],[-3,23],[-1,17],[-2,13],[-1,16],[-6,27],[-5,3],[-2,10],[1,12],[-1,21],[-5,11],[-5,24],[-4,4],[-1,23],[1,11],[-5,12],[-3,1],[-6,19],[1,22],[2,10],[-3,10],[1,13],[-3,7],[0,25],[-1,17],[1,15],[-2,3],[1,19],[-3,11],[0,13],[-5,45],[-3,17],[-2,1],[-3,16],[-6,5],[-3,8],[-3,-1],[-3,30],[-1,32],[-4,11],[-2,16],[-7,-6],[-2,9],[-2,-10],[-6,26],[-2,-1],[-6,17],[-4,20],[-2,19],[-12,5],[2,18],[-4,8],[-2,-9],[-3,19],[-2,9],[-5,-12],[-2,8],[3,10],[-3,10],[-6,-5],[-5,-8],[-3,17],[-5,10],[-1,9],[-7,-17],[-1,19],[-5,7],[0,8],[-11,10],[-5,0],[0,32],[-2,4],[-3,23],[-4,1],[-4,10],[-3,18],[-4,1],[-1,10],[-5,11],[-3,26],[-4,1],[-5,21],[-7,5],[-4,23],[1,8],[-4,13],[1,10],[-2,25],[-3,10],[-3,23],[-6,16],[-4,1],[-2,19],[-17,24],[-2,15],[-6,18],[-9,3],[-4,37],[-2,4],[-7,33],[-5,19],[-5,30],[-4,19],[-8,5],[-3,23],[-7,0],[-1,7],[-3,25],[1,15],[-3,14],[-4,1],[-10,31],[-19,6],[-3,4],[-8,26],[-5,2],[-8,16],[-6,21],[-6,8],[-5,21],[-1,23],[-4,15],[-2,29],[-2,10],[-8,17],[-2,29],[-3,26],[-2,24],[-8,40],[-4,38],[-7,21],[-2,20],[-10,23],[-5,4],[-4,11],[-5,-6],[-1,-10],[-5,-3],[-4,14],[-7,27]],[[23493,50973],[1,25],[3,8],[8,-23],[0,-10],[-5,-13],[-6,0],[-1,13]],[[23464,51276],[3,5],[3,-17],[-3,-7],[-3,19]],[[23450,51393],[7,-8],[3,-28],[-2,-23],[-2,3],[-3,36],[-3,20]],[[23410,50699],[3,10],[4,25],[9,21],[7,20],[3,3],[3,22],[4,11],[4,6],[-1,12],[5,1],[4,21],[4,2],[3,13],[4,25],[8,20],[5,22],[4,7],[6,5],[5,11],[6,-1],[7,15],[2,19],[6,-3],[4,2],[1,-6],[-11,-30],[-8,-25],[-27,-65],[-38,-96],[-16,-45],[-6,-22],[-4,0]],[[22852,49243],[7,49],[3,-9],[2,22],[5,14],[3,-4],[1,-28],[-1,-12],[-3,-28],[-17,-7],[0,3]],[[22818,49058],[3,5],[6,-4],[-4,-11],[-1,10],[-4,0]],[[22782,47747],[16,4],[14,0],[1,-25],[6,-73],[7,-106],[7,-113],[4,-83],[3,-82],[2,-67],[2,-28],[-3,6],[-1,24],[-1,25],[-1,17],[-2,21],[1,40],[-3,60],[-1,13],[-1,40],[-4,68],[-4,31],[2,8],[-5,40],[-2,6],[0,27],[-3,46],[-3,35],[-6,55],[-5,10],[-20,-2],[0,3]],[[22776,48108],[2,19],[-1,36],[1,41],[1,8],[-2,17],[1,53],[0,33],[1,39],[0,7],[-2,46],[1,6],[1,53],[2,22],[-3,13],[3,6],[-1,42],[4,4],[2,27],[-2,10],[0,21],[4,11],[-3,26],[1,33],[4,34],[3,17],[2,22],[0,15],[6,54],[3,13],[-2,18],[7,53],[4,32],[7,62],[5,0],[2,13],[3,-3],[2,16],[0,33],[4,14],[6,49],[1,17],[3,23],[6,8],[1,7],[1,29],[-3,21],[12,9],[8,7],[3,-8],[-3,-11],[-9,-46],[-5,-27],[-13,-77],[-13,-87],[-21,-171],[-8,-78],[-4,-46],[-5,-68],[-6,-82],[-2,-48],[-1,-40],[-2,-73],[-1,-65],[0,-43],[1,-58],[2,-58],[2,-52],[3,-71],[4,-61],[7,-101],[8,-95],[2,-23],[-9,1],[4,11],[-4,33],[-1,14],[-5,36],[-2,26],[-6,66],[-2,36],[-3,20],[-1,30],[-3,20],[1,27],[-3,33]],[[16868,55819],[5,-5],[12,0],[9,-22],[3,-14],[5,6],[10,-23],[6,-2],[12,-20],[3,-1],[0,-15],[5,-26],[6,-18],[6,-27],[1,-29],[-5,-13],[-5,7],[-3,9],[-6,8],[-10,2],[-4,-4],[-5,1],[-6,8],[-7,29],[0,11],[2,12],[0,22],[-2,36],[-6,11],[-6,0],[-1,6],[-8,0],[-11,51]],[[16866,55299],[5,-2],[4,4],[3,-11],[1,-21],[3,-5],[1,-15],[9,-36],[0,-5],[8,-36],[5,-9],[4,-17],[23,-73],[6,-21],[-4,0],[-7,6],[-4,-6],[-1,-9],[-4,-4],[-2,-10],[-2,17],[-4,6],[-7,23],[-8,15],[-2,18],[1,12],[-4,9],[-3,23],[-3,6],[-3,26],[0,15],[-6,32],[-4,45],[-5,4],[0,19]],[[16743,55804],[5,26],[1,-12],[0,-10],[-6,-4]],[[16597,55586],[4,-9],[9,17],[11,-23],[8,-11],[7,-29],[-1,-13],[-8,-6],[-12,9],[-2,7],[-8,4],[-5,17],[-3,13],[0,24]],[[16499,56497],[3,21],[7,-5],[10,-2],[9,-14],[2,-8],[6,5],[7,-2],[3,4],[7,-15],[6,-3],[6,-16],[1,-11],[5,-4],[4,4],[5,-8],[5,4],[4,17],[-1,7],[4,14],[9,7],[2,-8],[7,-8],[3,-8],[-5,-12],[-3,-22],[-4,-12],[-4,1],[-4,-7],[-20,-5],[-3,-9],[-9,-12],[-2,-7],[-10,2],[-11,-5],[-4,6],[-4,-5],[-4,10],[-5,-1],[-7,15],[-3,33],[2,17],[0,10],[-3,12],[-8,19],[-3,1]],[[16410,56430],[3,8],[4,2],[7,-7],[8,4],[9,21],[6,-7],[7,0],[5,5],[5,16],[3,-3],[-2,-26],[1,-15],[6,-17],[6,-7],[7,2],[1,-46],[-7,-1],[-5,-6],[-6,-13],[-3,-12],[-11,-6],[-4,-6],[-2,-10],[-3,0],[-11,23],[-5,15],[-3,23],[-2,5],[-3,23],[-4,18],[-5,6],[-2,11]],[[16354,56467],[2,4],[7,21],[7,-4],[8,25],[2,-16],[-1,-11],[3,-4],[5,3],[6,-23],[-2,-12],[-5,2],[-7,-7],[-14,20],[-5,-8],[-6,10]],[[15817,60896],[2,1],[3,-20],[-2,-8],[-3,27]],[[15797,60931],[5,13],[3,-12],[-4,-9],[-4,8]],[[15306,65758],[25,-2],[34,-1],[46,0],[6,-1],[23,2],[20,-2],[9,5],[16,1],[34,0],[28,-1],[45,7],[11,4],[28,-7],[92,1],[22,1],[24,3],[37,1],[10,2],[33,-3],[27,0],[58,-4],[5,0],[97,-5],[68,-4],[14,1],[34,0],[42,-4],[40,0],[55,0],[18,-1],[36,1],[45,-1],[39,2],[52,1]],[[16479,65754],[0,-140],[0,-146],[1,-153],[-1,-139],[0,-368],[0,-201],[0,-162],[0,-144],[1,-33],[0,-258],[0,-277],[0,-159],[0,-198],[-1,-123],[0,-150],[0,-214],[-1,-192],[-1,-174],[2,-263],[62,-179],[54,-156],[37,-108],[21,-62],[12,-34],[15,-44],[51,-149],[26,-80],[15,-41],[25,-75],[24,-73],[16,-46],[26,-79],[14,-41],[40,-121],[49,-148],[77,-233],[20,-62],[8,-22],[45,-143],[9,-25],[28,-87],[23,-68],[34,-109],[31,-96],[6,-17],[49,-156],[19,-57],[31,-98],[50,-159],[61,-196],[30,-98],[2,-3],[35,-111],[42,-139],[57,-184],[11,-36],[29,-94],[23,-73],[47,-155],[24,-80],[2,-7],[37,-124],[31,-103],[33,-108],[28,-95],[39,-129],[47,-161]],[[17974,57596],[1,-24],[-1,-26],[1,-16],[-1,-28],[1,-16],[-2,-25],[2,-23],[7,-19],[5,-17],[3,-23],[2,-25],[5,-32],[6,-19],[4,-16],[6,-10],[3,-14],[3,-4],[2,-25],[4,-31],[-2,-10],[4,-11],[1,-30],[4,-12],[0,-10],[-3,-6],[4,-19],[5,-13],[7,-47],[0,-26],[-1,-13],[0,-21],[-1,-23],[4,-13],[8,5],[5,-16],[7,-13],[4,-25],[6,-4],[8,-29],[3,-13],[7,-5],[6,-14],[6,-37],[5,-17],[0,-30],[2,-17],[-8,-7],[-2,-8],[-16,-56],[-1,-17],[-7,-16],[-4,-4],[-5,0],[-7,-30],[-4,-9],[-6,-3],[-5,-18],[-7,-10],[-7,-3],[-5,-24],[-2,-34],[1,-23],[0,-18],[-8,-22],[2,-4],[-6,-22],[-6,-23],[-6,-7],[-4,-25],[1,-10],[6,-17],[1,-12],[-4,-9],[5,-19],[1,-10],[-4,-11],[-2,-1],[-2,-12],[3,-26],[-2,-12],[5,-55],[1,-20],[-2,-19],[4,-18],[0,-26],[-7,-13],[-3,-19],[4,-16],[-4,-9],[3,-16],[-2,-12],[2,-15],[-5,-23],[1,-26],[4,-20],[-10,-24],[-1,-17],[-2,-9],[-6,-11],[-2,-18],[-7,-32],[0,-11],[-2,-23],[-4,-13],[-4,-4],[-4,6],[-4,0],[-4,-12],[-5,0],[-1,-11],[4,-17],[3,-27],[-1,-28],[-2,-19],[-6,-21],[2,-17],[8,-10],[5,-11],[1,-17],[-4,-12],[4,-23],[-1,-26],[1,-17],[-1,-30],[-3,-24],[-2,-13],[-4,-39],[1,-11],[5,-5],[0,-15],[4,-16],[1,-23],[3,-4],[3,15],[2,-2],[4,-17],[7,-6],[5,3],[3,10],[15,-8],[4,-15],[1,-15],[2,-28],[1,-12],[6,3],[0,-19],[-3,-24],[1,-14],[3,-12],[1,-13],[-2,-67],[-7,-25],[-4,-8],[-6,-30],[-1,-16],[2,-23],[-4,-9],[-7,0],[0,-9],[-4,0],[0,-8],[-9,-1],[-2,-7],[-19,11],[-4,9],[-5,-31]],[[17950,54933],[-78,-22],[-92,-27],[-38,-11],[-63,-20],[-42,-13],[-57,-18],[-22,-8],[-23,-7],[-92,-31],[-24,-9],[-64,-22],[-20,-8],[-5,-1],[-23,-9],[-27,-9],[-2,30],[0,43],[-2,35],[-6,39],[-2,13],[-5,14],[-8,5],[-3,-6],[-5,-21],[-3,41],[-1,31],[1,31],[0,40],[-2,18],[-5,23],[-1,20],[3,14],[2,-3],[2,12],[2,17],[-3,67],[-5,94],[-5,39],[-5,56],[-4,33],[-9,55],[-8,40],[-4,7],[0,11],[-11,58],[-7,33],[-10,43],[-12,37],[-7,18],[-6,7],[-2,15],[-6,26],[-5,20],[-11,27],[-4,-7],[-5,5],[-4,27],[-1,2],[-7,32],[-8,34],[-10,15],[-5,22],[-10,22],[-7,9],[-8,8],[-3,15],[-17,40],[-11,37],[-7,29],[-7,24],[-12,26],[-9,11],[-4,-4],[-3,-12],[2,-30],[-6,0],[-16,-22],[-6,5],[-1,-4],[-15,24],[-5,13],[-6,7],[-5,-8],[-3,7],[-5,38],[6,30],[3,4],[1,37],[-2,9],[0,12],[-4,35],[-10,84],[-10,48],[-5,22],[-5,14],[-6,12],[-7,4],[-12,-6],[-7,0],[-9,3],[-4,-10],[-7,-1],[-7,4],[-5,-3],[-10,-13],[-2,-14],[-3,-8],[-5,16],[-7,20],[-3,5],[-22,9],[-17,26],[-3,1],[-8,20],[-6,2],[-7,16],[-7,-4],[-5,6],[-17,45],[-8,8],[-5,35],[-8,60],[-2,30],[-2,16],[-3,9],[-4,-2],[-9,21],[-4,16],[-6,17],[-5,-1],[-4,18],[-7,25],[-4,1],[-5,21],[-3,2],[-14,20],[-4,3],[-8,23],[-3,-3],[-4,6],[-7,4],[-6,-7],[-10,1],[-4,-4],[-1,-11],[-5,-9],[-6,0],[-17,26],[-9,-1],[-8,-11],[-7,-1],[-4,15],[-6,13],[-6,6],[-6,-1],[-8,18],[-6,12],[-5,-3],[-4,6],[-14,-4],[-8,12],[-9,4],[-5,-5],[-16,1],[-3,-2],[-13,0],[-14,-7],[-2,-4],[-18,-4],[-6,-7],[-4,2],[-3,-5],[-5,1],[-1,23],[-2,16],[-4,16],[-4,33],[-9,19],[-3,3],[-8,17],[-11,-3],[-5,11],[-2,16],[2,33],[4,34],[6,69],[1,13],[-4,30],[-3,9],[-3,33],[3,31],[4,58],[0,18],[-2,10],[-6,16],[-2,24],[-6,0],[1,40],[7,79],[2,35],[1,33],[-1,47],[-1,25],[-4,28],[-7,7],[-7,21],[-10,8],[-5,-4],[-2,-18],[-5,11],[-2,10],[-19,34],[-7,29],[-5,19],[3,41],[2,13],[3,39],[2,39],[-2,49],[-4,32],[-7,22],[-9,-3],[-3,2],[-5,14],[-7,4],[-3,-4],[-6,28],[-3,6],[-4,21],[-2,3],[-12,45],[-7,52],[-5,15],[-6,34],[-6,9],[-3,-7],[-7,18],[-4,0],[-6,14],[-7,1],[-1,28],[-7,28],[0,10],[-1,27],[-2,15],[0,13],[-2,17],[-7,24],[-9,23],[-7,37],[-7,13],[-7,25],[0,19],[-3,18],[0,23],[-3,36],[-5,35],[-2,7],[-18,22],[-4,26],[-1,20],[-4,9],[-3,15],[-1,17],[-3,21],[-12,49],[-7,20],[-4,21],[-14,30],[-9,16],[-4,0],[-4,9],[-7,42],[-6,13],[-4,16],[-3,5],[2,39],[-4,18],[0,20],[1,10],[-1,19],[-3,6],[1,26],[-5,33],[1,6],[-3,16],[-2,21],[2,18],[-4,14],[7,8],[-1,41],[-5,9],[-1,-8],[-5,10],[-1,9],[2,11],[2,26],[5,11],[1,18],[2,4],[3,-11],[5,-7],[4,-23],[5,3],[3,7],[5,22],[5,32],[3,30],[2,37],[0,42],[5,62],[-1,13],[-10,75],[-10,61],[-5,22],[-7,22],[-7,11],[-6,-8],[-6,-20],[-3,5],[-8,5],[-3,-1],[-1,-13],[-4,2],[-7,-5],[-11,9],[-13,24],[-3,13],[-5,12],[-12,32],[-1,15],[-6,24],[-3,16],[-7,34],[-5,17],[-7,-4],[-3,9],[1,18],[-2,9],[-5,7],[-1,27],[-4,9],[-4,1],[-3,16],[-1,28],[-2,16],[-1,18],[2,20],[3,83],[0,26],[-6,39],[-6,51],[0,29],[-4,37],[-4,9],[-6,-10],[-6,34],[-1,19],[2,17],[-2,18],[1,27],[4,11],[1,10],[1,41],[-1,50],[-2,43],[-3,67],[3,9],[5,2],[3,24],[4,-7],[10,7],[5,1],[6,-25],[2,-41],[6,-30],[-1,-12],[-9,-14],[2,-33],[4,-20],[-2,-31],[4,-8],[-1,-30],[2,-12],[13,-1],[3,-19],[6,0],[3,-5],[3,3],[5,-18],[9,-21],[5,-9],[-2,-7],[11,-30],[7,8],[2,-9],[3,-38],[4,-5],[4,-12],[9,-7],[3,3],[2,15],[-4,13],[-1,26],[-7,7],[-6,-5],[-2,4],[0,33],[-5,37],[-2,3],[-3,29],[0,23],[-1,15],[-1,23],[-3,32],[-6,27],[-2,4],[-3,20],[-3,-15],[-10,31],[-3,21],[5,10],[-8,11],[-2,8],[-7,5],[-8,11],[0,17],[-2,9],[5,7],[2,20],[5,1],[-1,32],[-7,22],[4,6],[-3,31],[-11,3],[-2,-6],[-6,7],[1,13],[-6,14],[-2,15],[-4,23],[5,-2],[8,10],[4,7],[2,14],[-2,21],[4,1],[6,-9],[5,12],[4,-1],[5,14],[6,34],[-6,36],[-5,24],[-5,10],[-12,25],[-9,12],[-13,-31],[-12,-4],[-1,-14],[1,-35],[-2,-18],[-2,-28],[0,-15],[5,-14],[5,-5],[4,-22],[-2,-5],[-5,2],[-1,-12],[-4,-8],[1,-20],[-1,-12],[-3,-10],[4,-8],[8,-32],[3,-1],[3,-14],[-4,-11],[-5,-4],[-2,21],[-4,10],[-3,-2],[2,-31],[5,-8],[1,-27],[-2,-13],[-5,-6],[-7,5],[-7,13],[-4,19],[-5,6],[-6,21],[-6,7],[-5,19],[-5,8],[-5,3],[-7,-15],[-7,12],[-2,25],[-13,26],[-4,33],[-4,10],[-3,14],[-10,23],[-7,10],[-11,4],[-5,4],[-5,-4],[-4,-10],[-3,-13],[0,-14],[-11,-2],[3,10],[5,44],[9,83],[3,30],[0,30],[-1,16],[-3,11],[-1,18],[-3,15],[0,16],[3,27],[-2,18],[-8,34],[-6,16],[-4,3],[-7,-13],[-3,24],[2,15],[0,28],[-3,21],[-2,15],[-2,5],[-3,24],[-5,17],[-2,24],[-9,21],[-1,8],[-10,22],[-14,19],[-5,17],[0,6],[-10,22],[-1,8],[-9,19],[1,13],[-3,16],[-5,7],[-6,38],[-6,22],[-3,24],[-6,29],[-7,23],[-5,9],[-2,11],[-6,6],[-8,41],[-10,30],[-5,6],[-2,17],[-10,25],[-2,2],[-4,31],[-5,12],[-3,13],[-4,10],[-2,15],[-5,5],[1,20],[-4,23],[3,0],[5,25],[6,51],[0,34],[-4,26],[-2,29],[1,5],[-3,24],[0,14],[-5,6],[0,27],[-5,15],[-2,19],[-3,3],[-1,50],[-4,38],[-2,2],[-2,21],[2,14],[-3,32],[-5,22],[1,15],[0,12],[0,42],[2,12],[0,32],[3,33],[1,16],[5,26],[5,51],[-3,36],[-4,19],[2,25],[-1,21],[0,24],[-2,8],[0,27],[-4,24],[-5,9],[-3,40],[0,27],[-1,23],[-4,45],[-7,13],[-8,21],[-6,54],[-7,15],[-7,47],[-4,12],[-11,47],[-6,13],[-5,-2],[-2,11],[0,40],[-2,14],[-6,30],[-8,14],[-14,17],[-7,35],[-6,17],[-6,10],[-4,15],[-5,7],[-9,28],[-2,12],[-4,8],[-6,20],[0,18],[5,45],[-2,19],[-2,13],[-1,38],[-2,21],[-5,16],[-4,18],[-1,24],[3,23],[3,32],[0,18],[1,16],[3,15],[12,99],[11,73],[11,65],[6,40],[7,42],[7,45],[5,37],[6,58],[6,74],[1,44],[-3,26],[-6,10],[-4,19],[2,16],[-2,13],[0,27],[-1,9],[1,16],[5,2],[5,52],[5,47],[0,13],[4,55],[5,101],[3,76],[-1,36],[-3,36],[-1,11],[0,43],[-3,7],[-3,18],[1,19],[-2,10],[1,10],[-3,16],[-2,28],[-4,20],[-2,34],[0,26],[-3,23],[-3,13],[-4,7],[-4,-11],[-2,10],[-15,39],[4,30],[5,49],[4,49],[1,62],[-2,11],[2,38],[-2,18]],[[25339,57589],[-1,14],[56,-2],[42,0],[52,-3],[66,-1],[36,-2],[80,-7],[41,-3],[52,0],[41,-2],[37,1],[93,-2],[67,-2],[61,-4]],[[26062,57576],[2,-70],[10,-203],[7,-146],[7,-125],[11,-222],[12,-237],[0,-12],[6,-133],[8,-168],[6,-124],[14,-312],[7,-139],[13,-298],[14,-277],[0,-11],[8,-16],[-4,-21],[0,-21],[5,-20],[8,-24],[-4,-5],[-1,-10],[2,-19],[4,-4],[2,-10],[-2,-11],[1,-36],[1,-10],[5,-16],[2,-14],[-5,-15],[1,-9],[5,-4],[-2,-10],[2,-11],[1,-14],[3,-28],[8,-28],[2,-12],[3,-3],[2,-20],[4,-13],[2,-33],[-1,-29],[1,-13],[6,-9],[2,-24],[-4,-12],[-2,-62],[-5,-16],[-1,-10],[2,-17],[3,-3],[16,-25],[3,-15],[9,-28],[-3,-4],[-8,-45],[-12,-1],[-2,-12],[3,-4],[1,-11],[-12,-15],[-5,-19],[-5,-26],[-5,-13],[5,-53],[-3,-7],[-1,-40],[1,-12],[0,-30],[-2,-8],[-3,-26],[2,-12],[-6,-16],[2,-20],[-5,-16],[-3,-22],[-2,-17],[-5,0],[1,-20],[-3,-20],[0,-23],[2,-12],[0,-43],[-2,-12],[4,-15],[-1,-12],[3,-30],[-2,-19],[0,-25],[3,-10],[2,-11],[4,-20],[4,-6],[-2,-13],[4,-17],[4,-12],[1,-16],[-1,-40],[5,-35],[-2,-14],[1,-9],[-6,-43],[-2,-19],[2,-44],[-3,-6],[0,-26],[-2,-21],[-2,-24],[1,-16],[-1,-19],[2,-7],[-2,-39],[-2,-12],[-4,-3],[0,-21],[4,-45],[0,-16],[-3,-10],[0,-19],[3,-8],[-1,-17],[7,-10],[3,-17],[3,-25],[5,-15],[3,-28],[-1,-11],[5,-24],[1,-25],[2,-22],[0,-15]],[[25529,52089],[-12,-11],[-6,-2],[-21,-23],[-22,-11],[-18,-13],[-11,-2],[-24,3],[-10,-1],[-18,-7],[1,8],[16,6],[5,25],[3,6],[6,-16],[6,-10],[9,1],[12,16],[9,0],[5,10],[4,20],[0,13],[-5,24],[-10,25],[-6,24],[-2,27],[-8,8],[-12,30],[-3,72],[-5,14],[3,16],[2,19],[4,29],[1,15],[-1,18],[-3,23],[1,35],[-3,13],[1,11],[-2,15],[-3,9],[-5,2],[-9,22],[-6,5],[-3,-7],[-1,-19],[-4,-14],[-7,-5],[2,-11],[-1,-9],[1,-16],[-1,-5],[-2,-23],[-5,-18],[0,-11],[1,-20],[-1,-21],[-5,-22],[0,-19],[1,-26],[-2,-21],[0,-30],[0,-58],[-3,-24],[-4,-26],[-3,-25],[-4,16],[-5,-3],[-5,-9],[-1,24],[2,9],[0,21],[-6,-3],[-2,8],[-5,5],[-7,13],[-11,3],[-4,-10],[0,17],[-7,16],[-5,1],[-2,-21],[-3,-3],[-6,-18]],[[25380,52353],[5,17],[2,-6],[0,-30],[-7,19]],[[25303,52030],[8,2],[21,16],[6,7],[3,-1],[14,5],[3,8],[2,25],[10,-27],[4,-13],[-8,-8],[-6,7],[-12,2],[-9,-2],[-30,-23],[-6,2]],[[26757,57595],[2,-14],[-5,-24],[-2,-23],[4,-15],[-8,-13],[-5,4],[-14,-56],[-9,-3],[-1,-26],[-3,-13],[-3,6],[-1,-17],[1,-15],[-5,2],[-4,-9],[0,-14],[-4,-4],[-3,-12],[1,-19],[0,-18],[-9,-34],[0,-15],[4,-34],[5,-11],[1,-10],[4,1],[3,-18],[6,-13],[4,-7],[4,-15],[3,-15],[5,-1],[5,-8],[4,5],[4,-20],[3,-2],[-1,-12],[4,-6],[1,-13],[6,-12],[4,-13],[1,-11],[5,-1],[2,-25],[2,-9],[5,-5],[5,-16],[1,0],[8,-14],[2,8],[14,8],[5,-4],[7,5],[4,-6],[2,-14],[4,-10],[3,-20],[2,-37],[3,-34],[0,-19],[12,-31],[2,-34],[4,-30],[5,-10],[2,-12],[2,-54],[-1,-11],[3,-20],[0,-15],[4,-35],[4,-11],[7,-11],[5,-33],[3,-5],[3,-15],[-2,-12],[2,-10],[5,-10],[3,-22],[4,-11],[0,-17],[2,-18],[4,-8],[-1,-16],[2,-11],[4,-29],[4,-5],[5,2],[3,-7],[6,-32],[10,-32],[9,-21],[4,3],[7,-14],[4,-14],[6,-10],[7,-16],[6,-23],[1,-17],[12,-31],[2,-8],[2,-21],[2,-40],[4,-16],[2,-19],[3,-10],[0,-17],[1,-19],[6,-21],[5,-4],[3,-13],[4,-9],[5,7],[2,-1],[4,-15],[6,-6],[4,-13],[3,-3],[8,-34],[2,-5],[6,-35],[1,-16],[5,-7],[12,-21],[3,-25],[-1,-10],[-4,-10],[2,-15],[-3,-16],[1,-21],[-4,-18],[3,-10],[-1,-13],[4,1],[2,-15],[3,-10],[10,-13],[5,-3],[1,-14],[-3,0],[-1,-11],[5,-6],[3,-20],[-5,-17],[2,-12],[5,-15],[5,-7],[1,-13],[4,-4],[7,9],[3,-21],[-3,-12],[0,-21],[1,-12],[5,-21],[11,-29],[2,0],[11,-16],[5,-11],[7,2],[2,-14],[6,-14],[7,-29],[6,-7],[8,-17],[6,-22],[-2,-19],[1,-13],[-2,-18],[-3,3],[3,-32],[5,-20],[2,-52],[6,-4],[1,-6],[-2,-23],[3,1],[2,-11],[5,-6],[1,-25],[-2,-5],[-1,-26],[4,-10],[-1,-14],[2,-7],[-1,-15],[3,-6],[-4,-14],[-1,-22],[-1,-12],[4,-9],[3,-16],[-1,-14],[3,-22],[-3,-8],[-2,-28],[8,-34],[8,-13],[0,-8],[9,-14],[6,4],[1,-8],[6,-12],[-1,-10],[7,-22],[5,-2],[1,-21],[9,-36],[3,-2],[-5,-21],[0,-28],[8,-38],[-1,-13],[4,-15],[2,-20],[5,-1],[4,-14],[-1,-28],[3,-9],[0,-21],[-4,-18],[-6,-30],[6,-39],[3,-14],[1,-28],[0,-18],[1,-18],[-1,-14],[3,-26],[5,-1],[1,-8],[6,-16],[5,-6],[5,0],[7,19],[3,-8],[5,-20],[6,-10],[6,-25],[5,-12],[9,-3]],[[27377,54135],[2,-21],[6,10],[4,-2],[0,-14],[-2,-28],[-3,-4],[-1,-17],[-5,-15],[-11,-21],[-2,0],[-2,27],[-4,-5],[-10,-30],[4,-19],[8,-3],[3,-6],[-11,-35],[-6,-23],[-2,-2],[-4,13],[-4,1],[-4,9],[-7,1],[2,-22],[-1,-16],[-4,-10],[1,-8],[6,-12],[4,5],[1,-15],[-3,-11],[-7,-34],[-7,-26],[-10,-31],[-2,-2],[-6,8],[-4,0],[-5,6],[-3,-16],[5,-21],[7,-11],[2,8],[6,-3],[-1,-15],[0,-49],[2,-11],[-6,-45],[-3,-27],[-3,-13],[-4,11],[-5,2],[-4,-14],[-6,-7],[-4,5],[-3,-28],[2,-4],[12,-1],[4,11],[4,-9],[2,-17],[-3,-13],[-4,-36],[-12,-59],[-6,-46],[-7,-17],[2,-22],[1,-27],[-1,-19],[2,-45],[2,-7],[-3,-25],[-2,-31],[-4,-1],[-8,-23],[-6,-35],[-3,-22],[-6,-16],[-4,0],[-2,-16],[1,-16],[1,-40],[-4,-54],[-2,-11],[-8,-2],[-3,-19],[-8,-16],[-1,-9],[5,-14],[3,6],[5,-6],[0,-10],[6,-1],[2,21],[3,4],[1,-23],[0,-63],[-2,-21],[-5,-58],[-5,-30],[-2,-23],[-2,-24],[1,-33],[4,-38]],[[26062,57576],[38,-2],[23,0],[30,3],[65,2],[29,1],[37,0],[52,0],[31,0],[52,1]],[[27479,64172],[0,329],[0,175],[0,207],[0,107],[0,111],[0,273],[0,210],[0,149]],[[27479,65733],[27,38],[5,5],[11,16],[9,10],[18,28],[7,18],[7,8],[14,27],[3,10],[5,41],[6,18],[4,8],[6,-10],[5,-22],[21,40],[15,33],[9,11],[8,18],[8,4],[18,35],[5,5]],[[27690,66074],[0,-292],[0,-24],[25,1],[55,-2],[62,1],[20,1],[55,-1],[30,-1],[35,0],[42,2],[91,-1],[41,2],[35,-2],[46,0],[91,2],[49,-1],[57,0],[57,3],[48,-1],[80,-3],[33,0],[61,0],[71,0],[35,-1],[37,1],[70,1],[5,-8],[0,-21],[4,-8],[5,-22],[4,7],[2,-14],[3,-5],[0,-19],[3,-18],[-1,-23],[3,-4],[-1,-15],[1,-10],[4,5],[6,-11],[2,12],[5,1],[4,-9],[4,7],[2,-20],[6,3],[3,-8],[4,-2],[1,-24],[7,-13],[4,2],[-1,-18],[-5,-2],[-2,-10],[-1,-16],[3,-7],[5,4],[4,-8],[2,-14],[0,-20],[1,-24],[-5,-8],[5,-23],[-2,-16],[2,-14],[1,-36],[1,-16],[-5,-3],[-4,-11],[5,-18],[3,-9],[2,-15],[4,-8],[2,-13],[-2,-14],[6,-19],[1,-19],[5,-1],[-1,-24],[1,-7],[7,-4],[3,8],[4,-1],[7,-12],[0,-13],[4,-4],[1,-23],[9,7],[6,-15],[8,13],[3,-21],[7,2],[4,-3],[4,9],[2,-10],[-2,-13],[2,-15],[6,-10],[2,-13],[4,-14],[-1,-11]],[[29101,65010],[-7,-12],[-9,-1],[-5,-25],[-6,-3],[0,-14],[-8,-19],[-5,-20],[-3,-30],[-2,-3],[-3,-24],[2,-9],[-4,-25],[-2,-21],[-5,-17],[-1,-12],[-5,-21],[-6,-10],[-6,-18],[-5,-7],[-2,-18],[6,4],[-1,-13],[-11,-21],[-4,-32],[-14,-26],[-9,-15],[-6,-15],[-1,-17],[3,-8],[1,-20],[7,-33],[4,-12],[1,-22],[6,-25],[1,-12],[-3,-17],[-8,0],[-2,-10],[4,-19],[-5,-19],[-2,-20],[-4,-5],[-3,-15],[-11,5],[-1,-16],[-5,-15],[3,-25],[-3,-19],[-3,-26],[2,-12],[6,-4],[-7,-36],[3,-13],[1,-13],[-4,-12],[3,-13],[-1,-31],[5,-13],[5,0],[6,12],[10,-9],[9,-30],[1,-19],[1,-52],[-2,-31],[3,-43],[9,-17],[8,8],[9,-17],[5,-36],[1,-26],[10,-30],[6,-8],[5,-17],[7,-52],[7,-14],[6,-11],[7,-16],[4,-34],[6,-14],[4,-16],[-1,-17],[-4,-12],[-6,-2],[-6,-16],[-9,9],[-3,-5],[-4,-27],[-4,-9],[-2,-9],[-13,-18],[-7,-1],[-9,-19],[-13,-37],[-6,-7],[-6,-12],[-3,-22],[-3,-9],[-7,-7],[-8,-16],[-2,-13],[1,-23],[2,-18],[-3,-26],[-3,-7],[-10,-2],[-10,-24],[-4,-6],[-11,-9],[-16,0],[-6,-10],[-11,-29],[-6,-16]],[[28901,63195],[-3,6]],[[28898,63201],[-8,16],[-13,15],[-11,6],[-9,1],[-13,-6],[-12,-15],[-11,-22],[-7,-21],[-8,-31],[-5,-42],[-4,0]],[[28797,63102],[-59,0],[-4,0],[-61,-1],[-52,0],[-83,0],[-76,-1],[-85,0],[-49,0],[-71,1],[-42,1],[-62,1],[-65,0],[-57,0],[-52,0],[-58,0],[-32,0],[-45,-1],[-75,-1]],[[23551,59926],[0,221],[0,259],[0,129],[0,188],[0,106],[1,200],[0,239],[0,79],[0,217],[0,253],[1,242],[0,180],[1,98],[-1,61],[5,24],[1,13],[-6,13],[-8,-9],[-4,1],[-2,10],[0,13],[-3,9],[-5,2],[-7,-15],[-6,-2],[-8,13],[-3,24],[-4,8],[-6,-1],[-4,4],[-3,16],[3,21],[-2,17],[-4,14],[-9,15],[-6,22],[-2,28],[-1,28],[2,14],[4,5],[3,13],[-2,17],[-4,3],[-6,-9],[-7,10],[0,14],[-8,25],[-1,11],[-3,11],[-7,8],[-5,10],[-4,16],[-1,23],[-2,13],[-5,9],[-7,23],[-3,24],[1,23],[5,9],[4,-5],[5,4],[3,25],[-2,23],[1,19],[6,32],[6,12],[7,3],[4,17],[-1,46],[5,16],[4,-5],[6,-15],[4,-5],[8,7],[3,15],[1,23],[-2,10],[-4,0],[-5,-12],[-5,0],[-5,14],[3,19],[9,2],[2,3],[3,15],[-1,20],[-2,11],[-9,3],[-7,24],[3,19],[1,16],[-4,14],[-4,4],[-9,-6],[-4,4],[-4,-3],[-2,-13],[-1,-17],[-2,-7],[-13,-5],[-13,15],[-3,8],[-1,24],[-4,6],[-6,-8],[-4,1],[-3,9],[1,30],[-5,12],[-6,0],[-5,12],[-3,17],[-9,17],[-2,19]],[[23231,64109],[34,-1],[33,-2],[46,-3],[38,-1],[64,-4],[101,-5],[39,-1],[57,1],[57,2],[51,3],[58,3],[40,3],[29,-1],[51,1],[35,2],[54,6],[51,1],[49,4],[27,3],[29,2],[23,3],[56,4],[42,4],[22,3],[38,6],[5,-21],[7,-14],[1,-8],[-2,-19],[3,-8],[15,-12],[2,-5],[-1,-25],[2,-15],[6,-11],[4,-28],[4,-12],[10,-2],[2,-12],[-3,-9],[4,-11],[-2,-14],[0,-10],[8,-11],[5,-23],[4,4],[4,-11],[3,12],[6,-9]],[[24442,63868],[-7,-18],[-5,-24],[-3,-29],[-6,-46],[1,-22],[-5,-27],[1,-44],[-2,-20],[1,-28],[-1,-12],[0,-22],[5,-67],[1,-15],[-1,-25],[13,-90],[7,-31],[0,-21],[-6,-25],[-1,-18],[3,-38],[2,-9],[14,-31],[3,-12],[2,-18],[-2,-61],[4,-21],[22,-57],[9,-42],[7,-17],[9,-12],[3,-14],[2,-33],[5,-22],[14,-9],[7,-41],[3,-10],[1,-30],[6,-24],[12,-30],[13,-18],[4,-18],[7,-13],[4,-15],[15,-32],[7,-23],[6,-13],[5,-19],[2,-15],[5,-17],[3,-4],[4,-13],[2,-43],[0,-20],[2,-24],[1,-25],[2,-23],[4,-21],[1,-20],[0,-14],[-8,-36],[0,-12],[9,-64],[1,-35],[4,-43],[6,-20],[4,-23],[12,-23],[4,0],[7,7],[7,28],[3,5],[6,27],[1,21],[3,17],[6,10],[12,-6],[6,-8],[21,-36],[7,-1],[9,-5],[8,-14],[7,-23],[9,-13],[4,-11],[11,-21],[1,-14],[-3,-37],[-1,-9],[-12,-29],[-5,-30],[-6,-17],[-2,-24],[1,-11],[4,-17],[3,-26],[2,-27],[-1,-16],[-3,-35],[-3,-12],[-6,-16],[-10,-54],[-6,-65],[-1,-34],[-3,-20],[-15,-57],[-5,-44],[-2,-19],[0,-49],[3,-53],[3,-26],[5,-28],[3,-10],[9,-13],[5,-15],[8,-52],[7,-21],[13,-29],[4,6],[8,-15],[1,-25],[4,-17],[5,-10],[10,-4],[2,-12],[5,-10],[7,-29],[3,-8],[5,-1],[10,9],[5,-19],[-6,-16],[-4,0],[-4,-16],[0,-9],[6,-42],[9,-14],[6,-1],[5,11],[5,20],[5,10],[13,-30],[1,-23],[9,-9],[3,-7],[4,1],[3,-14],[7,-21],[9,-20],[3,-16],[-2,-31],[0,-9],[5,-7],[9,5],[0,-9],[6,-11],[3,-23],[5,-7],[11,-10],[4,-15],[-1,-21],[0,-31],[3,-19],[8,-30],[0,-16],[-5,-6],[-6,5],[-1,-7],[-1,-21],[2,-29],[4,-27],[3,-22],[6,-32],[5,-19],[5,-27],[3,-35],[0,-19],[-1,-29],[-3,-13],[-5,-6],[-5,-1],[-5,-8],[-6,-24],[-2,-30],[2,-10],[6,-30],[8,-1],[1,-12],[-2,-21],[1,-26],[7,-45],[1,-11],[5,-31],[9,-26],[2,-20],[-3,-33],[2,-21],[5,-11],[9,-12],[3,-8],[7,-24],[4,-4],[4,9],[2,22],[-1,9],[-5,15],[-6,11],[-3,15],[1,13],[13,-6],[2,9],[6,-40],[8,-21],[2,-9],[1,-37],[6,-12],[11,14]],[[25079,59906],[4,0],[5,-20],[0,-24],[-3,-28],[-2,-38],[-6,-47],[-4,-1],[-6,-8],[-1,-10],[0,-28],[2,-10],[4,-11],[8,-2],[3,-14],[0,-18],[-2,-10],[-12,10],[-5,-7],[-3,-17],[-1,-27],[9,-32],[0,-20],[2,-6],[-8,-30],[-2,-14],[-2,-32],[-3,-25],[-4,-12],[-8,-5],[-3,4],[-7,29],[-6,31],[-3,14],[-9,-4],[-5,-15],[-2,-38],[-4,-28],[0,-20],[-5,-50]],[[25000,59343],[-6,-29],[-4,-15],[-4,-5],[-6,5],[-2,20],[3,22]],[[24981,59341],[3,19],[2,19],[-2,35],[-3,14],[-12,10],[-7,-4],[-4,-15],[-1,-20],[3,-26],[6,-32]],[[24966,59341],[4,-19],[1,-17],[-2,-18],[-5,-19],[1,-17],[8,-41],[1,-14],[-3,-29],[-3,-11],[-8,-1],[-6,5],[-8,-2],[-3,-21],[2,-16],[10,-24],[6,-12],[3,3],[3,-12],[0,-21],[-3,-6],[-4,4],[-8,-13],[-6,0],[-12,13],[-7,-3],[-5,5],[-3,-19],[4,-13],[15,-42],[9,-21],[4,-24],[-1,-27],[-2,-9],[-7,-15],[-11,-13],[-4,-15],[-2,-57],[-1,-16],[-4,-22],[-7,-1]],[[24912,58761],[-47,-1],[-63,-2],[-70,-2],[7,34],[1,19],[3,7],[1,23],[4,5],[0,18],[6,13],[2,19],[5,4],[4,11],[3,3],[5,20],[-1,14],[4,30],[4,3],[5,21],[7,12],[6,14],[2,-1],[1,16],[3,15],[1,14],[9,8],[2,19],[3,17],[-1,12],[-4,10],[2,14],[0,17],[3,13],[0,26],[-4,22],[-8,4],[-7,11],[0,27],[-2,31],[-5,19],[1,20],[-21,1],[-79,1],[-55,0],[-69,0],[-47,-1],[-77,-1],[-37,3],[-38,0],[-87,-1],[-38,0],[-64,-1],[-46,1],[-13,0],[-58,-1],[-83,1],[-16,-1],[-84,1],[-83,1],[-50,-1],[-57,0],[-70,1],[-44,0],[-27,0]],[[19531,59926],[0,132],[0,76],[0,230],[1,146],[0,36],[0,158],[0,281],[0,78],[0,223],[-5,129],[0,262],[0,116],[0,140],[2,181],[0,146],[0,147],[1,281],[-1,153],[0,189],[1,251],[0,214],[-1,191],[0,259],[1,112],[0,92],[0,111],[0,130],[0,204]],[[19530,64594],[46,-1],[107,0],[69,0],[57,2],[36,0],[82,0],[72,2],[35,-1],[67,1],[40,-1],[112,-1],[37,-3],[29,-2],[43,0],[94,-1],[87,1],[44,1],[111,0],[8,1],[42,2],[50,1],[8,0],[71,0],[45,0]],[[21480,63430],[0,-179],[0,-237],[0,-125],[0,-135],[0,-140],[1,-299],[0,-273],[0,-167],[0,-252],[1,-238],[-1,-238],[1,-283],[0,-143],[0,-170],[0,-187],[0,-26],[0,-246],[0,-173]],[[18973,65761],[1,-258],[0,-234],[-1,-255],[0,-239],[0,-184],[83,-2],[10,0],[49,0],[11,-2],[34,0],[35,1],[4,0],[32,2],[41,1],[33,-1],[50,1],[40,0],[9,1],[70,2],[5,1],[16,-1],[35,0]],[[19531,59926],[-38,0],[-87,0],[-37,-1],[-69,0],[-35,0],[-6,0],[-71,0],[-54,0],[-8,7],[-28,-1],[-42,0],[-88,-1],[-19,-2],[-34,0],[-6,0],[-36,1],[-63,0],[-65,0],[-137,-1],[-51,0],[-51,0],[-67,-1],[-86,0],[-97,0],[-96,0],[-23,0]],[[18137,59927],[-1,103],[0,170],[0,215],[0,15],[0,189],[0,178],[1,75],[0,16],[0,205],[0,174],[0,118],[0,17],[0,275],[0,267],[0,24],[0,146],[0,5],[0,147],[1,577],[-1,50],[0,253],[1,171],[0,106],[0,125],[0,149],[0,194],[0,126],[1,310],[0,266],[0,257],[0,317],[0,9],[1,146],[0,150],[-1,113],[1,40],[-1,127]],[[24751,57589],[0,16],[3,33],[2,5],[7,-2],[3,-7],[13,-9],[4,13],[0,28],[4,35],[2,31],[5,15],[4,3],[11,-20],[5,6],[5,17],[-1,20],[-7,4],[-7,36],[1,13],[5,-5],[3,21],[4,-1],[-2,19],[-6,27],[-4,5],[-7,-4],[-5,12],[-3,23],[2,16],[3,9],[3,-5],[5,6],[4,1],[1,32],[-1,12],[7,30],[2,18],[-6,13],[-5,19],[-4,3],[-4,-9],[0,-22],[2,-13],[-8,-2],[-4,12],[3,43],[11,24],[3,27],[3,13],[7,3],[4,-15],[-1,-38],[3,-22],[-2,-8],[4,-21],[3,9],[-4,7],[5,22],[2,6],[4,43],[-5,19],[-3,27],[0,21],[2,30],[2,7],[7,7],[5,0],[9,-21],[0,-17],[4,-9],[7,-7],[3,11],[1,13],[-3,18],[-7,8],[-4,23],[-1,17],[3,13],[10,18],[5,-2],[5,13],[5,9],[2,19],[-1,14],[-3,9],[-4,-6],[-2,-13],[-8,-1],[-5,8],[-6,36],[-1,38],[2,17],[13,24],[9,-20],[7,17],[4,-1],[5,6],[4,18],[1,20],[4,14],[7,6],[4,-5],[5,4],[5,11],[1,14],[-2,10],[-5,10],[-10,12],[-2,8],[-1,13],[2,18],[7,18],[8,-1],[7,-11],[3,-13],[3,-3],[5,13],[1,12],[-3,25],[-9,26],[-7,17],[-2,27],[-3,17]],[[24966,59341],[15,0]],[[25000,59343],[7,0],[25,9],[51,-4],[43,-2],[36,1],[81,-1],[15,-1],[44,-1],[57,-2],[21,-2],[4,20],[1,31],[-3,73],[-4,47],[-3,19],[0,22],[16,-2],[39,-14],[6,-1],[-1,-36],[31,4],[28,2],[64,3],[83,2],[29,2],[29,2],[54,4],[34,4],[7,-23],[16,23],[49,-5],[11,-4],[27,-7],[32,-6],[13,-4],[21,-3],[35,-7],[9,1],[34,-5],[53,-4],[16,5],[37,6],[2,2],[27,-1],[27,-3],[20,-4],[23,-8],[28,-9],[61,-6],[23,-4],[27,0],[48,-5],[40,-1],[39,-2],[26,-3],[30,-3],[27,-2],[4,21]],[[18972,68651],[0,219],[-1,226],[0,164],[74,0],[24,-10],[60,1],[12,1],[11,6],[22,1],[12,-3],[28,-1],[22,8],[78,0],[18,-2],[45,1],[83,3],[55,1],[6,-8],[32,1],[79,0],[41,0],[6,0],[68,0],[74,1],[106,0],[39,1],[99,-2],[12,-4],[55,-1],[88,-1],[86,-1],[50,-1],[44,0],[4,8],[79,0],[72,0],[56,0],[78,0],[72,-1],[35,-1],[67,0],[58,-1]],[[29438,65817],[-1,-57],[-6,-282],[-1,-83],[-2,-79],[-2,-108],[-2,-109],[-3,-125],[-1,-36],[19,-97],[-44,-83],[-24,-48],[20,-103],[-1,-13],[0,-18]],[[29390,64576],[0,-20],[-5,-6],[-2,-16],[-10,-10],[-1,-10],[-3,-13],[-6,-10],[-3,-18],[-4,-14],[-1,-16],[-2,-9],[3,-19],[-9,-1],[0,-25],[4,-11],[11,-54],[2,15],[0,20],[-4,13],[3,12],[0,15],[14,-21],[0,16],[-2,10],[-4,-6],[-3,19],[7,24],[10,-15],[4,-26],[4,21],[-2,13],[0,17],[4,21],[11,8],[10,15],[5,-9],[6,10],[1,-9],[-7,-6],[0,-21],[2,-11],[5,-3],[5,2],[-2,14],[5,8],[2,-20],[5,-13],[-1,31],[-5,27],[-2,8],[1,22],[2,5],[6,-10],[8,-3],[2,-16],[-1,-14],[5,-6],[5,6],[4,-8],[8,12],[0,13],[-4,7],[-3,-5],[-6,3],[-1,17],[3,15],[5,-21],[6,-13],[6,4],[10,-6],[8,-11],[11,-11],[22,27],[1,31],[-1,12],[5,4],[4,10],[4,-10],[6,5],[9,-11],[15,3],[11,0],[11,-5],[8,1],[15,8],[16,-5],[8,3],[11,11],[10,1],[10,4],[14,18],[19,50],[11,14],[5,16],[4,23],[8,3],[5,9],[5,22],[3,6],[4,23],[9,-1],[3,11],[9,12],[3,-5],[7,8],[2,-2],[-5,-30],[-7,-13],[-8,20],[-5,-9],[-3,-20],[1,-9],[4,-8],[1,-14],[4,-7],[6,-2],[-1,-15],[3,-19],[4,-11],[5,3],[7,-5],[2,-7],[5,-2],[8,24],[2,-2],[5,-14],[0,-18],[3,-10],[3,-18],[6,-10],[3,6],[2,15],[4,2],[2,13],[8,-2],[7,22],[2,11],[6,-9],[4,8],[-1,27],[12,11],[4,6],[2,-10],[7,-2],[4,-6],[-7,-25],[-21,-26],[-20,-31],[-24,-33],[-34,-52],[-29,-47],[-15,-24],[-21,-27],[-29,-35],[-25,-29],[-29,-31],[-26,-33],[-17,-23],[-25,-40],[-12,-15],[-8,-9],[-35,-33],[-15,-10],[-12,-1],[-5,14],[-7,-3],[-19,-23],[-9,-9],[-18,-13],[-9,-8],[-6,-1],[-12,4],[-8,-6],[-18,1],[-10,4],[-4,5],[-5,0],[-17,-16],[-12,-18],[-11,-11],[-7,-11],[3,38],[-17,-6],[-3,13],[0,16],[-8,11],[-3,23],[3,26],[4,14],[-1,23],[4,10],[2,15],[-5,2],[-2,9]],[[29288,64254],[3,55],[14,82],[3,25],[7,48],[3,41],[6,67],[-2,18],[-78,145],[-14,25],[-19,34],[-22,43],[-22,46],[-41,81],[-25,46]],[[27690,66074],[6,8],[16,26],[19,39],[4,13],[8,9],[16,37],[11,25],[6,8],[7,24],[2,24],[4,1],[12,32],[1,13],[8,-2],[3,14],[7,9],[4,2],[2,9],[5,9],[15,21],[11,10],[3,0],[3,13],[3,30],[2,5],[3,22],[7,21],[2,10],[4,6],[0,23],[5,31],[11,15],[4,1],[13,31],[8,6],[14,41],[4,14],[0,12],[-5,33],[0,13],[3,9],[-3,12],[-6,29],[0,10],[-4,17],[0,28],[-4,27],[-3,10],[-8,3],[-4,13],[-10,19],[-3,11],[-1,25],[4,15],[3,31],[-2,12],[-19,14],[5,34],[-3,15],[3,8],[4,20],[-3,35],[1,30],[-2,13],[1,13],[-1,37],[-4,10],[14,13],[9,5],[16,18],[22,22],[4,7],[18,11],[12,13],[12,6],[15,16],[10,5],[14,9],[16,6],[5,-4],[28,6],[10,-4],[23,-1],[5,-3],[7,3],[9,-2],[5,5],[15,1],[20,-10],[8,1],[2,-3],[9,3],[12,-13],[5,0],[8,-8],[22,-12],[10,2],[1,-4],[12,-17],[2,-14],[7,-16],[8,-21],[7,-10],[14,-32],[8,-9],[5,0],[9,17],[3,0],[5,8],[8,7],[5,8],[3,-1],[8,7],[12,6],[21,-3],[14,7],[12,-3],[6,9],[4,-4],[8,5],[9,-10],[2,3],[7,-15],[12,1],[7,3],[6,-5],[16,30],[5,-3],[6,6],[4,8],[4,-1],[11,8],[9,17],[7,21],[10,3],[7,24],[8,40],[3,14],[2,1],[7,12],[10,28],[21,31],[5,24],[13,24],[3,8],[12,3],[6,-14],[16,0],[3,8],[12,10],[4,12],[5,42],[1,29],[1,74],[-1,39],[-4,66],[-4,59],[-2,14],[-8,23],[-4,6],[-6,-3],[1,20],[3,15],[7,16],[9,5],[2,-8],[-1,-16],[6,-1],[14,30],[2,-2],[5,10],[1,18],[-2,23],[-2,9],[6,10],[5,20],[5,13],[4,-8],[2,18],[-7,11],[-11,-30],[-10,-12],[-4,6],[0,11],[-7,-7],[-2,9],[1,16],[4,13],[11,9],[6,14],[2,21],[-5,0],[-3,-9],[-5,5],[6,23],[-3,12],[-5,-1],[-8,-11],[-5,14],[-6,-6],[-6,-10],[-4,-23],[1,-19],[13,15],[7,0],[1,-5],[-6,-27],[0,-10],[-4,-18],[-5,-14],[-8,-8],[0,9],[5,32],[-7,20],[-4,2],[1,42],[1,11],[-5,0],[-5,6],[-7,15],[4,11],[-7,22],[6,22],[-2,13],[12,75],[7,5],[11,0],[11,13],[4,8],[8,21],[1,48],[8,19],[4,-3],[6,6],[14,37],[12,19],[9,-6],[6,8],[10,22],[11,31],[15,44],[3,46],[12,51],[11,32],[8,29],[10,28],[12,32],[31,100],[8,18],[15,42],[3,19],[5,1],[7,17],[7,24],[3,-3],[9,24],[-1,12],[18,35],[4,1],[2,11],[5,0],[10,19],[7,3],[2,22],[5,7],[3,-2],[2,9],[9,3],[2,6],[9,14],[6,13],[3,23],[6,7],[18,0],[6,19],[5,1],[12,17],[7,-1],[2,-12],[8,2],[1,-13],[8,-5],[3,9],[5,6],[5,-4],[38,-2],[25,-1],[35,-6],[52,-1],[76,11],[31,3],[34,0],[57,7],[26,2]],[[29478,69272],[-3,-28],[4,-25],[0,-49],[-1,-11],[-4,-11],[-3,-45],[-3,-11],[-1,-14],[5,-21],[8,-26],[1,-18],[-4,-19],[-2,-20],[-3,-16],[0,-52],[-2,-33],[-4,-38],[-1,-23],[3,-20],[-1,-12],[2,-16],[5,-21],[4,-7],[6,-44],[4,-16],[2,-28],[0,-25],[2,-17],[-1,-14],[-4,-30],[-1,-16],[-5,-19],[-1,-18],[3,-27],[0,-28],[4,-42],[-4,-35],[-2,0],[-5,-16],[-3,-25],[-8,-23],[-4,-50],[-3,-16],[1,-23],[-5,-39],[-2,-40],[7,-21],[1,-18],[-1,-37],[1,-15],[0,-40],[3,-35],[4,-14],[2,-19],[-2,-18],[3,-16],[-5,-15],[-1,-12],[5,-27],[5,-15],[2,-17],[-6,-32],[0,-22],[-9,-38],[-1,-27],[-6,-41],[3,-13],[-3,-46],[9,-18],[3,8],[0,19],[4,17],[-1,8],[5,14],[11,3],[4,-4],[1,-16],[2,-9],[0,-28],[2,1],[7,-17],[3,-13],[0,-12],[2,-10],[-1,-11],[-3,-311],[-1,-34],[-1,-156],[-2,-70],[-1,-109],[-1,-127],[-2,-16],[-2,-21],[4,-65],[4,0]],[[29842,64884],[4,31],[5,-11],[4,17],[6,4],[11,0],[-7,-11],[-4,-2],[-10,-24],[-4,3],[-5,-7]],[[29812,64707],[4,12],[4,3],[10,-12],[-2,-17],[1,-16],[-1,-16],[-3,-4],[0,24],[-2,13],[-4,8],[-6,-1],[-1,6]],[[29793,64802],[6,11],[1,-9],[-3,-19],[-4,17]],[[29224,64019],[3,15],[-1,26],[5,14],[5,7],[2,33],[2,15],[-1,34],[6,17],[7,-8],[9,4],[10,7],[4,-9],[1,-20],[4,-23],[-4,-23],[-12,-44],[-7,-19],[-4,5],[-3,-9],[-6,-7],[-10,-21],[-8,-8],[-2,14]],[[28638,67950],[3,19],[4,10],[5,3],[-3,-28],[-9,-4]],[[28631,68136],[4,17],[7,2],[-1,-17],[-4,-7],[-6,5]],[[28613,67964],[6,22],[5,15],[5,0],[0,-16],[-11,-21],[-5,0]],[[99917,77404],[15,3],[9,30],[4,7],[10,10],[8,1],[4,-4],[11,-21],[20,-40],[1,-10],[-5,-18],[-3,-26],[-4,-19],[-24,-40],[-10,-2],[-25,29],[-11,29],[-2,18],[2,53]],[[99678,77001],[5,24],[9,2],[4,-17],[13,-14],[19,3],[27,-24],[5,-11],[0,-22],[23,-40],[21,-63],[6,-15],[12,-18],[13,-8],[8,-28],[3,-30],[10,-9],[34,-1],[4,-5],[17,-28],[-3,-13],[-15,-7],[-9,15],[-29,-17],[-11,22],[-1,13],[-34,62],[-10,17],[-13,49],[-13,40],[-4,12],[-30,43],[-4,2],[-13,-10],[-22,25],[-20,36],[-2,15]],[[99628,77399],[5,11],[4,0],[20,-16],[5,-7],[6,-18],[0,-8],[-14,-49],[-10,-5],[-5,12],[-5,26],[-6,54]],[[99570,77224],[19,-8],[8,-17],[10,-38],[-15,-2],[-4,6],[-16,46],[-2,13]],[[99530,77463],[7,22],[6,-1],[11,-21],[3,-34],[-5,-14],[-12,-6],[-7,13],[-3,41]],[[99282,77304],[8,15],[11,12],[5,-1],[14,42],[1,9],[19,20],[20,6],[3,10],[3,26],[0,27],[11,72],[5,25],[11,18],[16,-29],[4,-24],[-4,-27],[-8,-5],[-8,-56],[-7,-14],[-11,-30],[-2,-11],[3,-16],[10,-6],[9,0],[-1,-30],[-13,-10],[-42,17],[-10,-13],[-7,-18],[-6,-36],[2,-8],[0,-26],[-3,-19],[-3,-3],[-5,14],[0,9],[-6,14],[-10,19],[-9,8],[0,19]],[[98911,77857],[9,6],[13,-9],[4,-10],[-6,-27],[-9,-2],[-6,11],[-5,20],[0,11]],[[98408,78282],[8,10],[14,-18],[3,-26],[-13,3],[-11,11],[-1,20]],[[98376,78301],[14,-8],[5,-17],[-5,-12],[-9,11],[-5,26]],[[98352,78329],[9,-4],[9,-16],[-2,-7],[-8,-2],[-6,13],[-2,16]],[[98210,77897],[6,31],[19,27],[8,-15],[7,-1],[8,10],[6,20],[1,15],[9,-3],[10,35],[16,7],[25,-1],[-4,-19],[-5,-3],[-8,-19],[-5,-36],[6,-29],[2,-28],[2,-48],[-21,0],[-12,26],[-5,26],[-9,0],[-4,-10],[-9,-8],[-13,-1],[-3,6],[-16,15],[-11,3]],[[97960,78506],[47,86],[4,5],[29,6],[100,-20],[7,-7],[8,-15],[4,-16],[10,-25],[12,6],[12,-20],[35,-95],[2,-18],[-4,-3],[-31,-5],[-5,5],[-16,33],[-6,-8],[-5,-21],[-6,-42],[-9,-13],[-4,0],[-34,15],[-26,-41],[-27,32],[-12,40],[0,46],[-3,17],[-32,56],[-15,-5],[-20,-19],[-12,7],[-3,19]],[[13419,81351],[3,16],[7,3],[5,-49],[-1,-9],[-8,-20],[-2,0],[1,24],[-4,10],[-1,25]],[[13346,81011],[0,14],[5,7],[5,23],[5,-5],[5,-25],[-6,-18],[2,-20],[-2,-13],[-12,22],[-2,15]],[[13334,80939],[3,15],[9,-1],[-2,-15],[-10,1]],[[13287,81234],[5,-8],[9,-6],[3,-17],[-9,-1],[-8,32]],[[13276,80848],[8,39],[14,-6],[4,15],[10,0],[4,10],[6,-5],[-1,17],[9,-5],[6,9],[10,6],[3,-13],[-1,-12],[-5,-7],[7,-32],[-4,-18],[13,-12],[2,-10],[-10,-26],[1,-11],[-9,-7],[1,-12],[-3,-7],[-10,1],[1,17],[-7,-6],[-6,-17],[-8,13],[-5,3],[-3,23],[-12,17],[-1,17],[-5,-6],[-9,25]],[[13264,80927],[8,-6],[4,-7],[-1,-29],[-5,8],[-6,34]],[[13242,80863],[7,10],[1,16],[16,-18],[-11,-10],[1,-9],[-6,-9],[-7,13],[-1,7]],[[13234,80978],[4,3],[6,20],[-1,8],[7,18],[0,8],[-7,8],[4,28],[7,6],[9,-13],[3,20],[-1,12],[-9,9],[-1,14],[-6,2],[-4,8],[7,10],[0,11],[-4,21],[-2,27],[-2,4],[5,21],[1,20],[6,-6],[11,2],[1,-9],[13,-11],[-3,-9],[12,-32],[8,-1],[6,-9],[5,-21],[14,-25],[0,-5],[-10,-3],[3,-52],[-1,-20],[-4,-15],[4,-7],[2,-13],[-2,-36],[-5,-14],[0,-13],[-4,-7],[-11,-1],[-8,3],[-10,-1],[-4,17],[0,20],[-5,22],[-4,-6],[2,-26],[-8,-19],[-5,-5],[-8,-24],[-10,20],[-2,29],[1,12]],[[13231,81311],[3,3],[6,-9],[6,-18],[-11,8],[-4,16]],[[13215,81924],[4,6],[3,15],[0,17],[6,18],[8,9],[5,-12],[9,-32],[0,-26],[-16,6],[-10,0],[-4,-7],[-5,6]],[[13211,81565],[3,16],[4,-1],[-3,-19],[-4,4]],[[13177,81537],[9,6],[2,11],[9,0],[7,4],[-1,-33],[-3,-2],[-4,-15],[-15,-10],[1,21],[-4,5],[-1,13]],[[13117,82133],[1,23],[4,14],[4,31],[7,-20],[8,-62],[-1,-21],[-5,-6],[-2,-22],[-6,-9],[-5,11],[2,17],[-8,26],[1,18]],[[13095,81443],[4,6],[6,-6],[-4,-10],[-6,10]],[[13029,81511],[5,4],[7,-4],[3,-19],[-10,8],[-5,11]],[[13003,82697],[0,23],[8,5],[3,-23],[-8,-14],[-3,9]],[[13001,82755],[9,31],[13,12],[-1,-25],[-6,-14],[-8,-12],[-7,8]],[[12979,82550],[7,31],[9,20],[4,3],[16,-25],[8,-16],[0,-15],[-4,-8],[-5,5],[-3,-18],[-11,-8],[-2,-15],[-8,-1],[-7,10],[-3,13],[-1,24]],[[12978,82709],[9,37],[4,-26],[-4,-12],[-1,-19],[-3,-3],[-5,23]],[[12964,82681],[1,6],[9,2],[3,-7],[-1,-24],[-5,1],[-6,7],[-1,15]],[[12954,82652],[6,10],[11,-18],[4,-16],[-4,-14],[-4,5],[-11,19],[-2,14]],[[12905,80832],[3,-4],[7,7],[2,10],[12,3],[5,5],[3,-8],[-4,-12],[9,0],[3,-15],[9,-1],[8,-34],[-5,-4],[-5,-17],[8,-13],[-5,-11],[-3,9],[-4,-7],[3,-14],[-2,-9],[9,-7],[3,-14],[0,-13],[5,-20],[-4,-11],[-3,-20],[-7,5],[-5,14],[-1,18],[-4,14],[-3,26],[-8,18],[-1,10],[-14,20],[-6,32],[1,18],[-6,25]],[[12888,80894],[9,21],[9,-15],[-3,-20],[3,-16],[-11,-6],[-4,11],[-4,19],[1,6]],[[12875,81004],[0,13],[6,-2],[-1,14],[6,8],[2,-34],[-4,-11],[-5,-2],[-4,14]],[[12874,82241],[5,23],[5,-2],[7,-10],[8,-34],[-8,6],[-4,-8],[-8,3],[-5,22]],[[12856,82321],[11,1],[15,-30],[3,-10],[-4,-6],[-4,7],[-5,-1],[-9,29],[-7,10]],[[12856,82391],[3,23],[5,2],[4,-7],[0,-17],[-3,-11],[-6,-2],[-3,12]],[[12855,82352],[3,7],[-3,15],[14,-4],[7,-9],[2,-18],[-4,-13],[-8,0],[-9,11],[-2,11]],[[12854,82308],[6,-6],[4,-26],[-7,-5],[-1,21],[-2,16]],[[12853,81114],[13,15],[0,-12],[-8,-10],[-5,7]],[[12838,82505],[6,19],[1,10],[4,13],[3,21],[3,8],[1,15],[6,-1],[1,15],[7,1],[0,13],[7,6],[16,-2],[12,-17],[5,-2],[5,11],[12,10],[9,-2],[13,-17],[11,-28],[0,-23],[2,-11],[-7,-10],[-8,-35],[0,-15],[5,-18],[2,-30],[-3,-11],[2,-10],[-4,-9],[-16,-17],[-20,-8],[-20,-20],[-3,19],[-4,10],[-12,19],[-3,19],[-11,19],[-21,29],[-1,29]],[[12834,82199],[0,7],[12,21],[5,-1],[3,8],[6,-14],[-3,-12],[6,-22],[-1,-24],[-18,4],[-4,-8],[-4,17],[-2,24]],[[12822,82630],[7,1],[7,12],[5,-10],[-2,-10],[-8,0],[-9,7]],[[12767,81412],[7,31],[12,6],[6,-8],[0,-16],[-6,-28],[-5,3],[-9,-9],[-5,8],[0,13]],[[12730,81545],[4,16],[-3,10],[7,6],[3,10],[6,-6],[7,13],[6,-12],[9,-2],[8,-16],[-1,-11],[3,-17],[-3,-29],[-4,-22],[-11,-15],[-4,-22],[-9,27],[-4,9],[-4,29],[-8,15],[-2,17]],[[12711,81959],[5,7],[5,-13],[-9,-5],[-1,11]],[[12705,83539],[4,7],[6,-35],[-2,-7],[-8,35]],[[12703,80745],[5,-5],[5,-30],[-1,-11],[3,-17],[-3,-30],[-7,16],[1,35],[-2,9],[0,15],[-1,18]],[[12684,81449],[6,21],[9,8],[4,17],[4,5],[-1,26],[4,15],[8,-14],[9,-9],[8,-21],[3,-36],[0,-11],[-7,-18],[-29,-9],[-4,19],[-12,3],[-2,4]],[[12676,84152],[11,-8],[-4,-8],[-7,16]],[[12674,81654],[8,-16],[8,6],[2,11],[-9,22],[1,9],[7,14],[-6,10],[2,17],[9,-5],[10,-19],[-3,-19],[2,-8],[-9,-22],[-2,-22],[-6,-23],[-4,-6],[-11,46],[1,5]],[[12671,81415],[6,20],[8,-6],[-14,-14]],[[12665,81282],[0,13],[5,11],[4,2],[4,25],[5,15],[-12,10],[5,24],[5,1],[7,11],[-2,18],[5,14],[6,0],[3,-20],[7,-1],[14,9],[4,-9],[6,9],[9,6],[2,-7],[1,-19],[-2,-20],[-4,-7],[-8,-1],[-9,-15],[-3,2],[-3,-16],[-8,-22],[-7,10],[-2,-34],[-5,-25],[-1,-23],[-4,-25],[-4,-12],[-3,11],[-2,22],[-7,7],[0,35],[-6,1]],[[12660,81960],[4,4],[6,-15],[0,-18],[-2,-14],[-5,12],[1,12],[-4,19]],[[12658,81700],[1,11],[12,9],[3,-4],[-3,-32],[-14,10],[1,6]],[[12654,81623],[6,7],[4,-18],[-1,-11],[-5,1],[-4,21]],[[12630,82037],[2,13],[5,5],[4,25],[9,38],[12,30],[0,20],[11,21],[17,-2],[6,-11],[5,13],[4,-8],[12,-2],[-1,14],[-3,7],[-18,4],[-12,10],[-5,11],[5,39],[4,-12],[8,-11],[7,16],[4,0],[2,15],[-4,3],[0,16],[-10,7],[-7,30],[-11,-7],[-4,22],[4,9],[5,-6],[1,32],[-5,18],[-3,22],[3,17],[-5,18],[4,21],[5,-8],[5,10],[-7,18],[4,15],[9,-8],[4,2],[26,-16],[6,-9],[3,3],[9,-8],[5,10],[16,0],[7,-3],[3,-12],[7,3],[3,11],[5,-1],[6,-13],[9,15],[7,-9],[5,-16],[2,-12],[6,-26],[3,-9],[1,-30],[12,-4],[1,-24],[6,-21],[-3,-18],[4,-6],[1,-13],[-2,-29],[-6,-1],[2,-14],[-4,-7],[0,-16],[-9,-25],[-4,23],[-4,-13],[4,-13],[2,-19],[6,-19],[-1,-14],[9,-8],[6,3],[8,13],[5,-10],[4,4],[4,12],[10,-1],[2,-15],[0,-28],[9,2],[2,9],[9,-2],[3,3],[6,-24],[4,-2],[10,-23],[10,-9],[5,-29],[18,-37],[10,-22],[1,-14],[9,-20],[6,-27],[8,-19],[14,-59],[3,-7],[-6,-17],[-1,-11],[4,-17],[8,-20],[2,-10],[-1,-18],[-3,-3],[1,-25],[4,-11],[-1,-21],[1,-11],[-4,-18],[6,3],[2,16],[3,8],[-1,20],[8,3],[5,-11],[5,-21],[4,-51],[4,-8],[-1,-20],[7,-19],[2,-24],[6,3],[5,-9],[16,-22],[9,-25],[3,-22],[2,1],[2,-24],[-9,-5],[-3,12],[-8,11],[-4,17],[-20,27],[-6,5],[-7,13],[-11,12],[-10,7],[-11,19],[-7,30],[-4,-6],[-6,7],[-10,-3],[-6,-9],[13,-13],[1,-12],[-13,-38],[0,-6],[-6,-22],[-4,0],[-1,-16],[-7,-4],[-3,-16],[-5,-6],[4,-13],[8,26],[7,8],[10,0],[2,35],[12,10],[9,-12],[13,11],[6,3],[2,-11],[0,-17],[3,-20],[6,7],[9,-8],[6,7],[2,-14],[6,-11],[4,-17],[-6,-8],[-18,-9],[-8,6],[-6,-16],[10,-33],[5,-1],[0,19],[3,7],[6,-1],[8,7],[10,-2],[2,-11],[7,-16],[1,-14],[8,-17],[10,3],[-3,-14],[6,-14],[2,-31],[4,-20],[6,-22],[4,-1],[0,-19],[-5,-16],[-7,-2],[2,-12],[-7,-5],[-15,8],[-8,-18],[-4,-1],[-4,-19],[1,-9],[9,10],[1,9],[7,-3],[4,8],[16,-21],[4,-10],[4,2],[9,39],[-2,15],[9,34],[7,5],[8,-22],[0,-24],[3,-14],[1,-17],[-3,-4],[3,-21],[1,-16],[-10,-30],[-3,2],[-3,-15],[3,-9],[-4,-9],[11,-8],[1,-10],[-16,-31],[-5,2],[-6,-7],[0,-8],[-4,-14],[4,-7],[1,-14],[-7,-10],[-6,-6],[-2,-9],[-14,-11],[-4,-9],[-7,-2],[1,-13],[9,-3],[2,9],[5,-2],[1,-12],[6,5],[7,14],[1,10],[9,1],[4,16],[5,-3],[4,20],[5,-7],[7,9],[3,-2],[-2,-30],[3,-2],[-1,-27],[2,-30],[2,-1],[-1,-39],[-2,-9],[1,-18],[-1,-14],[2,-19],[-4,-10],[-11,22],[0,16],[-8,-5],[3,-21],[10,-14],[3,-12],[6,-6],[3,-18],[3,-37],[-1,-15],[-4,-9],[-5,0],[-3,-20],[-3,-8],[3,-12],[1,-20],[-6,-24],[1,-22],[-12,11],[-9,0],[-6,-19],[-2,7],[-14,1],[1,16],[-9,2],[-1,21],[-9,-9],[-3,11],[-5,2],[-5,-19],[-5,-1],[-6,9],[2,12],[-3,17],[-12,5],[-3,9],[3,17],[-2,15],[-7,-10],[-9,13],[-7,-3],[-9,-9],[-5,0],[1,14],[11,8],[-1,17],[2,15],[5,9],[9,-13],[1,10],[12,-10],[10,22],[-5,5],[-3,25],[-14,13],[-5,26],[-12,5],[-11,-8],[-5,3],[-5,24],[4,6],[-1,12],[-9,2],[-5,10],[-5,20],[-5,13],[1,24],[3,13],[7,-5],[1,20],[-6,2],[-1,15],[3,11],[6,6],[4,18],[-4,7],[5,36],[5,5],[0,17],[-8,-9],[0,18],[-5,3],[-3,-10],[-6,-34],[-5,-41],[-2,1],[-1,29],[3,25],[0,12],[8,51],[4,15],[-3,7],[-4,28],[-11,31],[-2,11],[-5,5],[0,-17],[4,-11],[8,-47],[-1,-19],[-6,-18],[-9,2],[-10,10],[-13,29],[-8,6],[0,12],[-4,9],[-5,0],[6,-31],[6,-3],[5,-20],[9,-19],[7,2],[4,-13],[1,-23],[-4,-2],[-1,-15],[6,-17],[-2,-14],[4,-23],[0,-22],[-3,-10],[-12,-18],[-3,-10],[-4,1],[-5,14],[-8,-2],[-7,15],[-11,5],[-5,15],[3,21],[4,14],[2,33],[-5,6],[-2,18],[2,13],[-10,-2],[-1,18],[6,20],[-1,20],[-5,-7],[-8,7],[-1,10],[5,11],[-2,20],[-13,5],[-8,-13],[-7,5],[-2,15],[3,20],[7,3],[1,10],[-10,-1],[1,17],[-8,5],[-1,-15],[-8,8],[-5,-6],[4,-14],[6,-6],[-4,-11],[1,-26],[-3,-22],[8,4],[5,-33],[-8,-1],[-1,-10],[14,-23],[3,6],[5,-19],[-1,-9],[2,-20],[0,-15],[5,-6],[0,-18],[-10,24],[-10,-6],[7,-11],[1,-8],[7,-13],[-2,-9],[8,-19],[9,-15],[-2,-32],[2,-16],[13,-34],[3,-19],[-5,-10],[7,-24],[9,-3],[2,-15],[9,-26],[-2,-14],[7,-4],[7,-13],[2,-13],[5,-5],[1,-20],[4,-26],[4,-13],[-2,-16],[-1,-25],[12,-6],[-6,-22],[2,-14],[-6,-6],[13,-20],[-5,-15],[-4,10],[-6,-9],[-7,21],[-2,14],[-8,-11],[-3,4],[-3,14],[-3,-11],[-8,2],[-7,15],[4,8],[-6,25],[3,19],[-9,31],[-11,7],[-3,12],[-5,8],[-1,12],[-7,15],[-9,35],[0,17],[-3,20],[-4,7],[-4,18],[-1,14],[-11,3],[-4,15],[-5,5],[-5,20],[3,5],[-4,31],[5,10],[-5,20],[1,16],[-9,7],[-4,16],[0,18],[10,-11],[1,10],[-7,5],[-9,19],[-3,9],[1,17],[8,5],[12,-8],[5,12],[-11,2],[-11,11],[7,18],[-5,10],[-2,17],[7,3],[-1,12],[-9,9],[0,18],[4,24],[0,25],[2,8],[9,6],[4,-3],[5,7],[8,20],[-15,-7],[-8,11],[-8,-8],[-1,-21],[-5,-33],[-9,-8],[-6,0],[-3,-8],[-6,-2],[-4,22],[-8,5],[-3,-4],[-6,-19],[-7,3],[-5,17],[-2,26],[1,30],[11,-3],[-1,14],[-7,6],[-3,36],[7,10],[5,1],[9,-6],[1,16],[8,11],[8,-2],[8,-49],[-4,-8],[-2,-16],[4,-4],[4,16],[7,-2],[4,-16],[7,0],[-4,15],[1,23],[-10,23],[-2,15],[13,14],[-9,3],[3,15],[3,-1],[5,16],[10,0],[9,-20],[3,26],[-4,7],[10,8],[10,-1],[3,13],[0,12],[-7,6],[-4,10],[-1,29],[-5,-2],[-1,16],[-11,14],[0,15],[3,9],[4,-15],[5,-3],[2,10],[0,17],[-3,8],[-6,0],[2,19],[-6,2],[-3,19],[3,11],[6,1],[1,12],[-12,17],[-5,-15],[-9,6],[-16,-7],[1,18],[-8,7],[-13,25],[-11,11],[-4,17],[3,14],[-2,8],[-6,-4],[1,15],[14,-6],[1,19],[-3,20],[-5,20],[2,10],[13,3],[7,25],[-7,13],[-7,-14],[-9,-8],[-8,12],[-3,-2],[-8,14],[-4,15],[-3,-14],[5,-32],[3,-2],[-2,-31],[-7,-7],[-2,-8],[-15,14],[-6,13],[-3,2],[-8,13],[-9,33],[1,10],[-8,21],[13,15],[-3,10],[2,21],[10,7],[3,-16],[8,26],[8,-2],[3,-10],[15,-17],[-3,-19],[3,-8],[13,-1],[10,6],[8,1],[2,16],[11,-2],[2,8],[-2,17],[-4,2],[-5,18],[7,-1],[2,15],[-6,31],[-12,-7],[-8,15],[5,6],[-16,14],[3,10],[4,1],[4,15],[-12,3],[-11,22],[6,29],[6,20],[-4,18],[-5,6],[-12,-39],[-9,-7],[-6,-9],[-3,-20],[-4,-21],[-6,-14],[-6,2],[-3,-9],[-7,-3],[-1,-14],[-6,-3],[0,23],[-5,2],[-4,-8],[-4,18],[-9,-8],[-4,24],[0,16]],[[12628,81442],[1,11],[11,18],[-1,18],[4,18],[14,18],[1,8],[-13,13],[3,17],[4,7],[20,5],[11,-23],[1,20],[7,-9],[3,-13],[-1,-26],[1,-13],[-3,-6],[-10,-9],[0,-16],[-3,-11],[1,-10],[-8,-24],[-6,15],[-8,6],[-3,16],[-16,-13],[-7,-21],[-3,4]],[[12625,82583],[8,-2],[2,-11],[5,-10],[-8,-9],[-4,9],[-3,23]],[[12623,82667],[7,0],[7,-17],[4,-18],[-4,-10],[-3,12],[-5,3],[-6,25],[0,5]],[[12613,83572],[1,19],[5,28],[6,-1],[2,8],[9,-21],[-7,-12],[-6,-6],[-10,-15]],[[12594,81975],[0,18],[10,12],[3,12],[5,2],[7,-9],[4,-45],[-2,-27],[-7,-30],[-5,0],[-5,9],[-6,19],[0,16],[-4,23]],[[12593,83126],[6,-17],[-2,-6],[-4,23]],[[12540,82034],[5,2],[1,-10],[-2,-20],[-4,8],[0,20]],[[12537,84546],[5,1],[7,-9],[-1,-18],[-10,11],[-1,15]],[[12517,84299],[8,-2],[1,-16],[8,-24],[-1,-8],[10,-35],[6,-25],[1,-25],[-3,-8],[-5,9],[0,13],[-16,52],[-2,15],[6,-1],[-8,32],[-5,23]],[[12499,84372],[11,-1],[7,-18],[6,0],[6,-24],[-2,-12],[-6,-5],[-8,0],[-6,17],[-6,22],[-2,21]],[[12476,81986],[9,21],[10,-12],[5,11],[5,-2],[0,-39],[4,-3],[6,6],[0,12],[11,5],[3,10],[8,5],[8,-6],[-3,-22],[-11,-9],[-2,-8],[-14,-22],[-2,-14],[-5,-10],[-6,-2],[1,-17],[-6,4],[-6,-6],[-8,15],[-1,15],[8,19],[-10,26],[-4,23]],[[12461,83067],[3,22],[8,10],[8,22],[-1,10],[10,18],[8,-1],[19,-38],[10,-15],[8,-17],[7,4],[-5,13],[2,17],[-4,14],[-3,-2],[-13,18],[4,8],[-8,17],[-6,-2],[-6,12],[4,8],[14,-9],[6,-13],[8,-5],[-1,12],[8,31],[6,-14],[15,-12],[4,-11],[0,-18],[3,-7],[7,-47],[3,-40],[9,-2],[0,-20],[6,-4],[2,-12],[5,-50],[-6,-16],[7,-17],[5,-19],[6,20],[0,22],[3,14],[-2,8],[1,26],[-7,26],[6,8],[6,-9],[10,-2],[0,-14],[12,-2],[-1,25],[-4,6],[-2,13],[-10,20],[4,13],[-15,7],[-7,30],[0,15],[6,3],[0,20],[-7,10],[-8,16],[9,0],[-1,16],[-13,26],[-11,29],[-7,2],[0,11],[-7,11],[6,22],[-5,18],[6,18],[10,8],[6,-2],[3,9],[18,18],[20,-17],[19,-8],[3,1],[8,-17],[17,-8],[10,2],[10,-18],[7,0],[3,-10],[11,0],[4,-12],[7,-1],[5,-13],[7,-6],[14,1],[2,4],[9,-2],[3,6],[13,-9],[10,0],[9,4],[20,-12],[5,1],[8,-13],[7,-24],[5,-21],[10,-14],[5,-23],[4,-39],[4,-13],[3,-39],[-1,-18],[4,-9],[4,-17],[12,-9],[13,-4],[11,-37],[6,-7],[2,-20],[4,-15],[1,-15],[9,-14],[6,-2],[-1,-14],[19,-22],[-2,-26],[5,-12],[3,-22],[7,-3],[4,-10],[4,-1],[1,-24],[-14,-26],[-8,-12],[-8,2],[-7,-18],[1,-10],[-9,-1],[-6,-20],[-4,-7],[-8,1],[-2,-9],[-12,-5],[-15,17],[-8,-9],[-14,10],[-3,32],[-7,-6],[2,-18],[-4,-7],[-13,9],[-5,18],[-8,-5],[3,-19],[-7,1],[-4,-19],[-3,-24],[-8,-20],[-14,-14],[-14,34],[-7,-8],[-5,11],[-8,-15],[-9,8],[0,17],[-4,7],[-9,-1],[-9,5],[0,-11],[7,-17],[0,-15],[-6,-11],[-4,7],[-4,-9],[-9,-2],[-3,-13],[-8,2],[-19,-4],[-11,6],[-5,7],[-3,47],[1,23],[-5,10],[3,9],[0,14],[3,22],[-8,11],[-4,-19],[-3,15],[2,19],[6,4],[9,15],[-6,21],[-7,-24],[-5,-8],[-2,-21],[-3,-6],[-12,3],[-4,21],[-11,19],[-1,14],[-10,-3],[-2,-14],[9,-11],[3,-18],[-5,-12],[-4,-44],[-5,-14],[-10,7],[-2,-6],[3,-16],[6,-4],[2,-10],[9,-8],[3,-34],[5,-21],[-9,-2],[-5,18],[-7,-6],[9,-54],[-11,-9],[2,-21],[16,-20],[5,-31],[-8,-22],[3,-20],[-7,-13],[-4,9],[-1,18],[-4,4],[-12,51],[-9,-4],[3,-22],[-1,-9],[11,-15],[2,-28],[4,-6],[2,-18],[2,-4],[6,-37],[-6,-24],[-6,11],[-9,-8],[1,-20],[5,-27],[-1,-35],[-6,-3],[1,-40],[-1,-8],[-11,-11],[-5,5],[-8,36],[5,36],[1,19],[-3,12],[0,21],[-7,29],[0,25],[5,17],[-2,48],[-7,26],[-2,-8],[2,-11],[0,-24],[-2,-14],[2,-14],[0,-17],[-7,-12],[1,-61],[-6,-17],[-7,-1],[-8,8],[0,-10],[-5,-11],[6,-7],[11,-5],[4,4],[3,-11],[-3,-26],[0,-12],[7,-10],[-6,-17],[-6,-3],[-1,-14],[7,-19],[-3,-35],[-5,-12],[-11,16],[0,23],[6,4],[-3,11],[-5,0],[-10,9],[-4,7],[2,24],[5,17],[-7,12],[-7,5],[0,14],[6,13],[3,-2],[5,17],[-3,10],[-12,0],[2,14],[0,29],[-1,13],[1,13],[-6,35],[1,15],[12,12],[4,10],[3,16],[-1,12],[6,2],[4,12],[-5,8],[-13,-20],[2,-11],[-5,-14],[-7,-1],[-5,12],[-1,13],[6,7],[0,15],[-5,16],[0,14],[9,19],[7,45],[-4,8],[3,18],[-4,13],[2,16],[6,9],[3,15],[8,-32],[4,-33],[6,-42],[4,25],[-3,13],[-1,16],[-2,7],[4,18],[5,6],[-1,14],[-7,27],[-4,7],[-2,19],[-4,1],[-4,30],[-11,16],[-13,5],[-8,-9],[0,16],[7,13],[0,9],[-4,13],[3,15],[-1,14],[5,1],[-5,32],[-9,-1],[-3,29],[-7,2],[-1,18],[-5,22],[-3,21],[0,20],[3,19],[-3,27],[-3,20],[-3,43]],[[12321,84981],[5,5],[5,-23],[8,-26],[15,-77],[-8,-3],[-2,5],[-8,38],[-7,32],[0,20],[-6,14],[-2,15]],[[12318,85097],[2,-1],[9,-25],[-4,-2],[-7,28]],[[12309,84856],[1,5],[2,41],[3,-6],[7,-25],[6,-41],[1,-18],[3,-14],[4,0],[-3,36],[8,-13],[4,2],[10,-24],[0,-28],[5,-9],[2,-11],[7,-12],[3,-28],[4,-17],[5,-4],[0,-43],[2,-5],[2,-31],[16,3],[20,18],[-2,14],[5,4],[5,-14],[10,-12],[15,2],[7,-4],[13,-23],[6,0],[9,-8],[4,9],[9,-2],[3,10],[9,-1],[7,11],[9,-9],[-2,-19],[4,-18],[-10,-15],[6,-25],[-2,-11],[5,-19],[11,-30],[6,-22],[2,-2],[4,-27],[-4,-12],[4,-14],[15,-43],[12,-31],[1,-12],[-5,-9],[8,-29],[0,-12],[7,-9],[8,-27],[6,-25],[-1,-17],[0,-29],[4,-32],[4,-8],[-5,-20],[0,-37],[11,-38],[12,-27],[3,-51],[-2,-17],[-8,8],[-5,27],[0,23],[-10,28],[-5,23],[-7,9],[-10,29],[-9,51],[1,14],[-6,18],[1,28],[-5,33],[-2,-1],[-17,37],[-5,20],[-1,18],[-6,0],[-6,55],[4,11],[-2,21],[-9,26],[0,10],[-9,30],[-11,7],[-6,11],[-9,4],[21,-55],[2,-22],[-5,3],[-5,11],[-7,7],[-9,17],[-3,-15],[5,-12],[3,-29],[8,-40],[0,-31],[-6,-50],[-1,-20],[6,8],[0,20],[10,23],[5,-11],[4,-19],[1,-12],[15,-64],[2,-16],[9,-41],[5,-2],[0,-16],[11,-27],[5,-25],[-11,-3],[-3,-15],[2,-11],[5,9],[16,-1],[11,-20],[9,-24],[2,-12],[-3,-47],[1,-21],[4,-17],[11,-34],[6,-29],[3,-24],[-1,-5],[5,-21],[-3,-3],[-6,33],[-8,24],[-8,-23],[6,-22],[3,0],[6,-28],[-3,-21],[7,-44],[-5,-18],[-10,-11],[-5,-9],[-8,-33],[-5,-2],[-6,11],[-3,12],[-12,9],[-2,11],[-7,20],[0,-32],[-6,-11],[-3,18],[-1,18],[-4,18],[-5,5],[-4,20],[-6,0],[-1,-9],[6,-19],[4,-4],[1,-22],[2,-14],[6,-12],[-2,-16],[11,-31],[-1,-21],[-7,-14],[-8,-6],[1,-16],[-2,-30],[-16,-37],[-13,9],[-7,-35],[2,-12],[-7,-7],[-9,6],[2,-20],[-9,0],[-4,9],[-5,-4],[-4,-18],[1,-8],[9,-10],[-1,-6],[-14,-29],[-13,-15],[-3,-7],[2,-26],[-10,1],[-10,-5],[-4,5],[-1,12],[-14,-6],[2,15],[-3,25],[1,7],[-4,19],[1,12],[-3,9],[1,19],[-1,15],[4,16],[5,9],[-7,20],[-4,16],[0,17],[-2,13],[0,20],[4,18],[4,-14],[5,-2],[3,-10],[7,-4],[7,19],[-10,6],[-10,22],[-1,13],[8,7],[8,34],[15,12],[-1,13],[-7,11],[-8,-1],[-4,8],[3,39],[-3,27],[8,6],[7,0],[-1,-20],[7,-6],[5,-12],[15,-4],[6,5],[-4,13],[-6,-4],[-6,3],[1,10],[-6,12],[-1,9],[-15,50],[0,16],[-10,6],[1,12],[-4,23],[-3,44],[-3,27],[-11,37],[-7,20],[1,7],[-5,47],[0,12],[-4,15],[1,19],[-7,20],[-2,31],[7,51],[-3,10],[4,43],[-5,16],[2,11],[-4,38],[-4,15],[-1,17],[0,29],[-4,19],[-3,24],[4,3],[-2,23],[-10,36],[-2,19],[3,29],[8,21],[-9,20],[-3,17],[-2,25],[-8,27],[-2,14],[-8,9],[-4,12],[-1,15],[-4,20],[6,12],[4,18],[-3,7],[-8,-12],[-6,31],[-4,45],[2,27],[-5,32],[0,11]],[[12288,85047],[5,-18],[8,-19],[6,-1],[2,-18],[7,-9],[-4,-10],[-11,12],[-10,37],[-3,26]],[[12202,85608],[7,-8],[8,-53],[-2,-35],[2,-13],[-4,-5],[-5,23],[-5,46],[-1,45]],[[12198,83290],[10,12],[4,-6],[-5,-12],[-6,-3],[-3,9]],[[12176,83183],[7,7],[6,-11],[-3,-28],[-3,18],[-7,14]],[[12162,83371],[3,4],[2,16],[8,-1],[4,-17],[-1,-16],[-3,-3],[-5,11],[-8,6]],[[12156,83523],[5,7],[5,21],[10,-11],[9,6],[4,-16],[0,-18],[-6,-29],[-8,-13],[-4,6],[-8,28],[-4,6],[-3,13]],[[12140,83097],[2,8],[10,-11],[6,1],[5,-10],[-12,-19],[-7,9],[-4,22]],[[12107,83679],[2,12],[16,1],[4,-4],[17,-9],[8,0],[0,14],[-12,8],[-4,9],[-12,-1],[-2,13],[12,17],[7,24],[0,16],[8,2],[1,12],[-1,30],[-4,22],[8,8],[20,55],[19,-1],[10,-17],[6,-5],[4,-23],[5,-10],[-5,-18],[-16,-18],[-14,-24],[3,-22],[4,15],[8,10],[4,14],[6,2],[9,10],[4,-4],[9,2],[7,8],[10,-11],[1,-14],[6,-6],[-1,-9],[-8,-5],[-1,-14],[9,8],[15,-13],[13,-14],[2,-14],[7,-2],[3,9],[5,-3],[4,11],[5,1],[10,8],[12,-7],[12,-16],[5,-10],[-2,-16],[4,-19],[2,-24],[4,-13],[-3,-24],[2,-13],[-2,-14],[-5,-4],[-3,18],[-6,7],[-11,32],[-9,-6],[-4,7],[-8,-9],[8,-9],[-2,-23],[5,-12],[1,-15],[-3,-17],[8,-13],[4,14],[-3,22],[3,7],[7,-7],[1,-10],[9,-39],[-1,-24],[-4,-16],[13,-34],[4,-25],[-5,-5],[1,-17],[5,-12],[6,-64],[6,-54],[-3,-12],[7,-20],[-1,-27],[-5,-13],[6,-5],[-1,-16],[4,-5],[3,-31],[6,-27],[-2,-24],[1,-26],[-1,-23],[8,-19],[2,-14],[1,-38],[3,-27],[4,-15],[2,-17],[1,-30],[-1,-8],[3,-30],[-1,-19],[2,-17],[-2,-11],[1,-30],[-2,-15],[0,-35],[-1,-13],[-5,-2],[-3,47],[-4,-24],[1,-29],[4,-41],[-1,-14],[5,-18],[-1,-22],[1,-21],[-1,-15],[3,-30],[-2,-12],[3,-18],[-1,-20],[-4,-17],[-13,-26],[1,-5],[12,14],[3,-2],[0,-28],[-7,-24],[-4,-5],[2,-20],[12,3],[1,-12],[-4,-7],[-4,-19],[-3,-27],[3,-10],[-4,-39],[-6,9],[-5,-1],[0,16],[5,13],[-5,25],[-4,7],[-4,-16],[-11,6],[-10,26],[5,13],[-6,4],[-4,14],[2,14],[-6,5],[1,16],[-9,15],[-7,6],[-1,36],[-6,19],[1,11],[-7,5],[-1,16],[2,20],[-10,23],[2,8],[-6,11],[-1,21],[-5,11],[-4,18],[-3,37],[-6,10],[-1,15],[4,8],[-4,27],[4,18],[4,10],[11,12],[7,-2],[4,15],[-9,22],[-12,3],[-2,-16],[-16,-29],[-14,-1],[4,23],[-2,21],[1,14],[-6,2],[2,24],[3,20],[-3,6],[-8,-9],[-1,-19],[-9,-4],[-7,20],[4,16],[5,4],[4,18],[-7,6],[-3,-18],[-7,-7],[-8,4],[-5,14],[3,6],[-8,11],[-1,24],[13,16],[-2,11],[-10,16],[-4,-4],[0,-16],[-6,-19],[-3,10],[-2,27],[-8,-7],[-13,8],[-5,-9],[-4,10],[-7,5],[3,29],[-1,21],[16,9],[2,16],[5,-10],[2,-18],[7,3],[-4,13],[2,26],[3,7],[-1,19],[6,9],[-8,15],[10,4],[9,-17],[-9,45],[-13,15],[4,7],[2,42],[7,-6],[12,-3],[-1,12],[-14,6],[-1,16],[10,-10],[3,9],[8,5],[9,-2],[9,25],[14,-26],[5,0],[-13,35],[-6,8],[-8,-18],[-7,0],[-5,17],[-6,-5],[-2,7],[-12,-9],[-4,1],[8,21],[-3,6],[-4,21],[-6,26],[3,23],[6,8],[-2,17],[11,18],[15,1],[1,12],[-7,5],[-11,-7],[-9,-14],[-5,-20],[-5,9],[-3,22],[6,21],[7,15],[2,12],[-1,25],[4,3],[4,15],[-4,9],[-4,-4],[-12,2],[-8,-6],[-7,8],[-9,-1],[-8,-18],[-7,-3],[-7,40],[-5,13],[8,10],[-10,13],[-9,15],[0,9],[-10,18],[-5,29]],[[12095,84852],[7,12],[3,-1],[12,10],[12,-10],[21,-38],[-4,-19],[-7,-3],[-13,4],[-7,-3],[-9,6],[-7,18],[-8,24]],[[12056,83520],[4,7],[8,25],[-3,20],[2,10],[-1,18],[3,17],[-8,15],[3,20],[4,2],[13,-6],[5,16],[27,-38],[8,-16],[4,-1],[9,-33],[7,-30],[0,-24],[-7,1],[-9,20],[-7,-1],[8,-17],[0,-17],[6,-22],[-1,-16],[0,-22],[12,17],[4,12],[0,24],[5,21],[9,-20],[8,-27],[4,-8],[6,-24],[-1,-15],[-8,8],[3,8],[-5,11],[-7,-16],[-4,-19],[-8,9],[-1,9],[-6,0],[1,-24],[-2,-10],[-2,-19],[2,-23],[-7,-14],[-2,-12],[0,-14],[-2,-16],[-7,-23],[-1,-15],[-5,6],[-7,0],[-10,-13],[-14,-2],[-2,-5],[-10,-3],[-3,-6],[-9,4],[-1,19],[3,8],[0,22],[1,37],[-2,4],[2,18],[5,7],[7,20],[11,6],[2,18],[-2,11],[7,11],[-3,19],[-12,12],[-6,-11],[-5,2],[-2,9],[5,35],[-1,18],[5,17],[-1,16],[-5,-6],[-3,-21],[-9,-7],[-2,7]],[[12014,85021],[8,13],[3,-6],[-5,-14],[-6,7]],[[11979,85119],[3,15],[9,-1],[3,-18],[3,-31],[-4,-8],[-14,43]],[[11977,84751],[10,19],[1,8],[7,-3],[9,14],[7,7],[1,-24],[-1,-30],[-6,2],[-5,-17],[-7,-4],[-8,7],[-8,21]],[[11952,85198],[4,15],[6,-10],[-1,-15],[4,-22],[-3,-4],[-6,12],[-4,24]],[[11940,84092],[6,1],[5,13],[4,-13],[2,-14],[-3,-10],[-6,-8],[0,14],[-8,17]],[[11909,84739],[7,-1],[3,-7],[6,9],[8,2],[10,-15],[-1,-16],[-6,-17],[-14,7],[-5,-7],[0,19],[-8,26]],[[11861,84461],[4,5],[1,15],[-3,19],[5,25],[4,12],[12,4],[7,-2],[6,15],[-1,10],[11,20],[4,-1],[8,15],[9,-16],[3,-15],[10,-13],[1,11],[-5,13],[0,11],[-4,14],[-2,17],[-9,29],[-2,18],[2,16],[12,-13],[5,14],[6,-9],[0,-17],[8,-16],[1,-22],[2,-13],[7,-3],[5,9],[-3,20],[4,13],[7,16],[0,19],[5,5],[21,-12],[8,4],[6,-16],[0,-15],[7,-4],[4,6],[2,19],[9,14],[3,15],[9,16],[7,3],[11,21],[2,16],[8,6],[5,-4],[3,-21],[4,1],[1,-15],[5,-19],[15,-15],[9,8],[7,-24],[15,-16],[8,-15],[3,3],[9,-19],[-4,-19],[-4,-6],[1,-35],[-5,-14],[0,-8],[-12,-22],[-12,-38],[-12,7],[0,-10],[-6,-6],[3,-12],[8,-9],[7,-2],[-3,-26],[1,-15],[10,4],[9,32],[1,20],[8,32],[5,3],[5,27],[7,-4],[-1,17],[7,3],[-4,22],[1,16],[8,1],[3,10],[8,-4],[4,-10],[11,-14],[-1,-16],[6,0],[7,-19],[5,9],[28,-13],[4,5],[6,-4],[7,5],[8,-12],[-2,-20],[20,-13],[13,-5],[7,-11],[5,-27],[1,-22],[4,-23],[-6,-5],[-1,-21],[5,-10],[0,-27],[-11,-14],[1,-6],[-12,-19],[-8,10],[-3,-4],[-12,19],[-9,7],[-11,14],[-3,9],[-8,9],[-1,-13],[7,-20],[3,-14],[8,-21],[18,-14],[3,-11],[5,-1],[3,-28],[9,0],[-4,-12],[7,-4],[8,-14],[0,-11],[-6,-3],[-9,-18],[-16,-15],[-7,13],[-7,-9],[3,-20],[4,-10],[5,-2],[8,5],[7,-12],[11,19],[12,2],[3,-6],[2,-39],[0,-15],[5,-21],[-8,-31],[9,-14],[3,-11],[8,-45],[3,-30],[-1,-27],[-2,-14],[1,-17],[5,-32],[1,-25],[-3,-5],[-7,27],[-7,1],[-1,-13],[7,-21],[1,-9],[-6,-6],[-11,-1],[-11,5],[-15,-9],[-9,10],[-9,1],[-4,11],[-6,26],[-9,11],[-10,23],[-6,3],[-9,23],[-7,8],[-13,22],[-3,3],[-5,15],[-6,0],[-12,25],[-18,24],[-10,23],[-7,5],[0,7],[-8,11],[-6,-13],[-9,-25],[-10,-8],[2,-9],[12,-15],[8,9],[14,-14],[4,-11],[-15,-17],[-4,-15],[-6,4],[-3,-13],[13,-17],[1,-9],[-5,-22],[9,-48],[-1,-28],[-12,-15],[3,-9],[-2,-9],[-8,-8],[-4,-16],[-11,0],[0,-22],[-9,-22],[-11,2],[-5,5],[-4,16],[-8,-3],[-12,11],[-3,37],[-3,-8],[-11,29],[-9,19],[-6,2],[-4,28],[-6,13],[-5,1],[-9,18],[1,15],[-7,16],[-6,24],[1,11],[10,12],[-2,10],[-7,10],[-6,-11],[-3,1],[-1,18],[-4,2],[-2,-39],[-6,0],[-18,25],[2,10],[6,-4],[5,12],[-2,13],[-5,-5],[-6,8],[1,13],[-5,16],[-4,36],[9,19],[7,-3],[0,27],[8,6],[-3,15],[-8,8],[3,21],[-8,-8],[-7,16],[0,-21],[-3,-19],[-7,-3],[-3,19],[-5,8],[4,14],[1,13],[-6,4],[-3,22],[-8,9],[1,16],[-2,11],[-6,4],[-2,-16],[-7,0],[-4,28],[-5,0],[-3,13],[-6,6],[-3,13],[7,20],[-4,11],[-10,5],[-9,11],[-4,-4],[-2,30],[5,7],[-4,20],[3,17],[0,21],[4,-1],[4,12],[-3,9],[-6,0],[-3,31]],[[11781,85518],[3,12],[12,-8],[-1,-16],[7,-19],[-3,-7],[-6,5],[-11,22],[-1,11]],[[11019,86427],[4,17],[5,8],[4,-11],[10,-14],[-2,-7],[-10,-8],[-10,7],[-1,8]],[[10961,86274],[9,18],[7,26],[7,6],[-3,-38],[5,-10],[-5,-13],[-9,8],[1,-12],[-6,-19],[-6,34]],[[9683,86816],[5,-13],[-1,-8],[3,-35],[-2,-15],[-5,4],[3,23],[-3,22],[0,22]],[[9672,86938],[8,0],[19,-15],[3,-21],[-1,-23],[-6,-16],[-7,28],[-14,32],[-2,15]],[[9624,86514],[3,22],[4,17],[4,31],[13,34],[21,46],[-1,8],[4,15],[4,-5],[6,7],[8,21],[6,12],[0,13],[7,13],[2,-7],[27,22],[7,-4],[-10,-19],[-19,-32],[-22,-46],[-11,-18],[-11,-38],[-9,-11],[-11,-26],[-11,-36],[-11,-19]],[[9488,87133],[5,34],[8,21],[2,-13],[-13,-42],[-2,0]],[[9327,87180],[2,6],[12,-4],[5,3],[11,-9],[7,-27],[6,-7],[0,-18],[-14,-16],[-11,8],[-4,18],[-12,26],[-2,20]],[[9232,87219],[16,13],[17,-12],[9,2],[12,-14],[11,4],[8,-2],[2,-14],[-3,-20],[-7,-8],[-15,-3],[-10,8],[-6,19],[-10,7],[-22,13],[-2,7]],[[9141,87297],[5,17],[0,20],[8,25],[19,2],[7,8],[11,3],[4,-7],[8,14],[5,3],[7,11],[15,10],[6,18],[6,-10],[5,9],[1,15],[12,1],[2,8],[15,-3],[15,12],[7,19],[2,-4],[-8,-20],[7,-9],[-11,-29],[-22,-25],[-10,-15],[-8,-5],[-7,-9],[-15,-16],[-17,-27],[-16,-12],[-18,-17],[-6,-2],[-23,3],[-6,12]],[[9031,87201],[6,7],[1,29],[7,16],[10,42],[9,25],[10,-1],[11,5],[7,-18],[13,2],[7,-6],[14,18],[12,-18],[-4,-23],[0,-25],[2,-9],[-2,-13],[6,-2],[10,11],[19,5],[15,10],[14,5],[3,-22],[9,-2],[1,-37],[2,-19],[-10,4],[-9,0],[-12,-9],[-2,-13],[-6,-2],[-9,-15],[-6,10],[-18,-6],[-11,-10],[-16,-19],[-14,-22],[-11,-21],[-6,-16],[-10,-14],[-8,-17],[-12,2],[-2,19],[-7,1],[-4,18],[0,10],[12,26],[5,-3],[4,14],[16,14],[1,14],[9,0],[0,13],[3,17],[-12,-11],[-14,3],[0,-10],[-5,-14],[-6,-5],[-4,11],[-7,10],[-8,-5],[-2,19],[2,11],[-3,16]],[[9008,87710],[0,27],[8,31],[9,-18],[2,32],[13,-36],[-5,-14],[1,-17],[-3,-12],[-19,-7],[-6,14]],[[8883,98670],[11,21],[9,-12],[-13,-10],[-7,1]],[[8866,87779],[17,14],[1,11],[9,13],[5,-1],[12,-13],[14,2],[12,-1],[-1,-18],[-3,-12],[-13,-22],[-15,6],[2,16],[-6,0],[-7,-9],[-6,8],[-13,0],[-8,6]],[[8840,87574],[16,16],[2,-14],[-6,-22],[-11,14],[-1,6]],[[8828,87782],[4,4],[7,-8],[-3,-15],[-8,19]],[[8822,87607],[13,0],[7,3],[2,13],[6,-7],[-8,-23],[-7,0],[-11,6],[-2,8]],[[8817,87520],[11,7],[2,17],[-7,2],[0,10],[7,6],[5,-7],[8,4],[8,-42],[4,0],[1,16],[16,-5],[-5,-9],[-7,-30],[-6,-3],[-12,23],[-3,-19],[-10,-13],[-2,11],[8,25],[-15,-6],[-3,13]],[[8816,87057],[2,7],[9,2],[9,26],[10,17],[4,-12],[7,14],[4,1],[1,-33],[-5,-12],[-14,-13],[-19,-33],[-7,9],[3,11],[-4,16]],[[8698,86507],[8,11],[0,23],[-4,25],[7,30],[8,11],[22,2],[7,10],[0,7],[-12,1],[-4,23],[2,14],[13,16],[-2,5],[7,19],[8,-4],[8,3],[5,16],[-5,15],[-6,2],[5,16],[20,20],[12,23],[5,22],[6,4],[8,16],[19,30],[2,10],[7,11],[1,15],[4,2],[3,15],[0,23],[9,12],[3,16],[5,8],[-1,12],[5,8],[-3,19],[9,4],[8,-4],[1,13],[6,9],[4,-4],[6,15],[-6,4],[-1,13],[7,5],[-4,10],[-7,7],[3,24],[12,1],[0,14],[-11,9],[1,24],[13,15],[3,12],[9,8],[7,1],[2,-17],[-15,-29],[9,-2],[6,6],[4,-4],[12,6],[8,0],[-4,-25],[-19,-37],[-7,-26],[5,-6],[8,7],[8,12],[2,11],[7,11],[8,0],[6,13],[10,-4],[0,-18],[-8,-24],[-6,-26],[-6,-5],[-3,-12],[-23,-39],[-1,-8],[-14,-15],[-18,-34],[-4,-14],[-9,-24],[-5,-19],[-11,-24],[-6,-20],[-9,-23],[-4,-26],[-3,-22],[4,-12],[-3,-10],[0,-13],[7,-15],[-5,-10],[-14,16],[-10,-15],[-2,-8],[-9,-9],[0,-23],[3,-13],[12,-6],[-2,-27],[3,-10],[-8,-17],[-7,-6],[-4,-11],[-6,-3],[-12,15],[-12,-2],[-11,-24],[-1,-17],[-8,-18],[-3,6],[-12,-4],[-9,-12],[-8,-7],[-8,-18],[-13,-7],[-9,9],[-5,17]],[[8687,87048],[3,11],[5,2],[2,29],[4,13],[7,-5],[4,7],[14,2],[9,6],[6,16],[8,7],[-4,18],[-13,-21],[-11,-10],[-9,4],[-4,-3],[-3,25],[8,8],[2,13],[-4,8],[7,17],[0,15],[4,17],[6,48],[7,19],[0,16],[8,1],[-5,-35],[15,-1],[1,31],[2,43],[8,4],[1,-18],[5,-1],[7,15],[-5,20],[-2,20],[8,-1],[6,15],[13,10],[-4,10],[6,11],[4,-12],[1,-22],[-8,-13],[-2,-30],[2,-27],[-7,11],[-10,-15],[4,-30],[-6,-8],[-1,-11],[9,-14],[1,-12],[-10,-18],[-3,4],[-8,-7],[-2,-10],[6,-16],[5,6],[8,1],[3,-28],[-7,-21],[0,-13],[-7,-8],[1,-17],[-9,-20],[-2,-14],[-7,-10],[1,-17],[-6,-8],[3,-23],[10,8],[-6,-46],[-6,-10],[-5,-46],[-8,6],[-4,27],[-5,-6],[-6,14],[8,35],[-24,5],[-8,5],[-7,-1],[1,17],[-5,8]],[[8672,87601],[9,5],[4,-14],[0,-16],[5,-3],[-6,46],[8,7],[1,-27],[8,-12],[-5,29],[9,-3],[16,-50],[-6,-24],[-17,10],[1,-9],[-3,-19],[-10,21],[-1,14],[-7,1],[1,29],[-7,15]],[[8665,86944],[7,27],[5,-9],[0,-12],[-8,-22],[-4,16]],[[8662,86698],[14,47],[5,4],[3,15],[5,12],[5,4],[3,24],[5,8],[9,25],[8,12],[2,-12],[6,0],[2,-11],[-8,-44],[-4,-9],[-2,-23],[-9,-22],[-5,-8],[-24,-26],[-8,-10],[-7,14]],[[8635,87121],[2,19],[7,5],[8,11],[-2,14],[7,11],[6,15],[8,-5],[4,14],[7,-16],[-2,-26],[-4,-19],[-3,-21],[-1,-40],[-5,-5],[-10,-3],[-15,8],[2,13],[-8,4],[-1,21]],[[8635,86754],[7,7],[-3,14],[3,7],[4,34],[5,15],[6,32],[9,11],[1,12],[13,10],[-2,11],[6,18],[5,2],[-1,-24],[7,6],[4,-8],[4,8],[6,-17],[0,-15],[-5,-12],[-8,-9],[-1,-7],[-13,-23],[-1,-15],[-11,-3],[-5,-16],[-5,0],[-8,-24],[-1,-9],[-7,-19],[-4,0],[-5,14]],[[8608,86685],[10,0],[5,25],[-2,13],[3,12],[5,-5],[9,0],[7,-13],[4,10],[11,36],[15,38],[5,-12],[-5,-13],[-8,-32],[-9,-21],[-6,-19],[-15,-20],[-22,-8],[-7,9]],[[8298,86645],[8,6],[-6,17],[7,25],[3,-14],[-3,-32],[-3,-9],[-6,7]],[[8285,86583],[3,3],[1,17],[4,1],[5,-13],[-3,-17],[-4,11],[-6,-2]],[[8214,86367],[2,7],[-2,23],[3,3],[3,-38],[-2,-12],[7,0],[7,-10],[-6,-9],[-1,13],[-9,2],[-2,21]],[[8164,86378],[11,-24],[7,-27],[4,-29],[-19,56],[-3,24]],[[8041,88071],[8,3],[4,9],[5,36],[16,9],[3,-5],[-3,-20],[-8,-19],[-12,-18],[-13,5]],[[7998,86023],[4,8],[7,-1],[7,6],[2,-12],[-5,-35],[-9,10],[2,9],[8,-3],[-3,15],[-13,3]],[[7905,85962],[1,25],[6,-4],[3,30],[8,8],[2,17],[-1,22],[3,18],[7,-9],[9,-4],[7,-16],[-3,-11],[4,-20],[-3,-18],[-6,-5],[-5,-16],[-1,-14],[-5,-20],[-11,-19],[-2,27],[-6,-9],[-7,4],[0,14]],[[7698,86200],[6,11],[4,-7],[-2,-17],[-8,13]],[[7695,85762],[8,0],[14,-17],[4,1],[1,-19],[-3,-12],[-9,8],[-6,14],[-8,6],[-1,19]],[[7640,85725],[6,17],[5,-1],[4,-10],[7,-4],[2,-8],[-6,-17],[-6,5],[-9,1],[-3,17]],[[7596,85772],[11,14],[6,12],[6,-1],[3,-16],[-1,-20],[-4,-14],[-9,11],[-10,3],[-2,11]],[[7593,84654],[0,20],[7,16],[-3,19],[3,11],[7,6],[1,9],[8,-5],[4,-7],[2,-17],[-2,-21],[1,-16],[-4,-28],[-15,-25],[-4,7],[0,13],[-5,8],[0,10]],[[7557,85491],[12,12],[6,-13],[-14,-7],[-4,8]],[[7542,85500],[3,3],[1,21],[6,7],[4,-14],[-7,-14],[-1,-19],[-6,6],[0,10]],[[7540,87158],[2,21],[11,0],[7,11],[2,23],[-4,11],[11,14],[4,23],[3,35],[-4,16],[1,12],[5,17],[-1,13],[7,3],[5,-8],[15,-16],[5,-10],[-16,-25],[-2,-7],[4,-14],[-3,-9],[-13,-12],[-5,-26],[-5,-14],[7,-27],[-9,-14],[-25,-22],[-2,5]],[[7477,84137],[3,12],[8,13],[4,16],[5,4],[2,-14],[-1,-9],[-16,-23],[-5,1]],[[7475,83681],[4,17],[6,15],[5,0],[3,-12],[-10,-19],[-8,-1]],[[7464,85492],[9,-3],[4,10],[-1,13],[5,11],[1,14],[17,-21],[9,2],[5,9],[6,-14],[-7,-6],[-7,4],[-9,-24],[-15,-8],[-10,2],[-7,11]],[[7464,84169],[8,22],[5,-22],[-4,-17],[-8,-7],[-1,24]],[[7385,86949],[5,18],[11,-9],[6,-35],[0,-16],[3,-14],[-1,-20],[-10,16],[-12,42],[-2,18]],[[7323,84373],[4,16],[15,10],[13,-3],[2,10],[5,1],[-4,-46],[0,-6],[-6,-19],[-6,-5],[-10,10],[0,6],[-9,8],[-4,18]],[[7168,84494],[6,24],[8,7],[2,9],[7,6],[0,23],[5,7],[0,13],[6,11],[11,-2],[17,-49],[8,-15],[13,2],[3,5],[5,-6],[11,25],[-19,1],[-7,-8],[-4,5],[-2,20],[-5,9],[-9,28],[2,23],[-2,7],[2,19],[10,18],[7,-10],[18,-8],[8,-8],[7,9],[7,-2],[0,25],[-10,13],[-7,4],[-9,23],[-1,6],[10,20],[1,15],[5,8],[0,9],[16,-12],[2,-10],[8,-1],[5,-8],[5,5],[3,-14],[8,4],[0,15],[18,1],[-3,9],[-6,5],[-17,7],[-4,9],[-4,23],[4,8],[9,2],[4,-10],[15,-6],[5,-9],[2,-15],[6,11],[-3,16],[-7,14],[7,8],[1,20],[-8,-1],[-5,17],[-7,0],[-10,29],[8,-3],[14,1],[9,19],[2,20],[6,4],[2,21],[9,6],[10,-1],[3,20],[3,2],[6,-10],[7,-5],[8,0],[9,-12],[8,10],[-14,12],[-3,10],[-11,8],[-11,16],[3,15],[0,13],[-6,9],[3,30],[5,11],[-1,16],[9,22],[5,-3],[5,19],[8,-11],[-1,-11],[12,-5],[0,10],[7,5],[7,27],[11,-28],[4,21],[17,13],[5,-6],[-5,-13],[-4,-29],[5,-11],[-3,-16],[-7,-13],[-3,-21],[6,-14],[-11,-20],[-2,-25],[-8,-14],[-5,-2],[-7,-13],[0,-12],[-6,-18],[-3,-20],[-6,-17],[8,1],[10,-15],[-3,-19],[-4,-12],[2,-24],[9,0],[3,6],[-2,16],[4,2],[7,-28],[5,-10],[4,6],[-4,11],[7,4],[0,24],[7,16],[-5,27],[9,-7],[2,10],[-4,9],[2,10],[12,-13],[4,-15],[6,-7],[3,-13],[6,-15],[-6,-14],[7,-20],[8,6],[4,20],[6,8],[6,14],[3,-24],[8,1],[-6,-54],[-8,-40],[-2,-31],[1,-49],[4,5],[5,35],[1,23],[7,34],[7,3],[-4,-44],[10,18],[10,64],[5,3],[5,-16],[-2,-20],[1,-65],[-3,-4],[-3,-18],[4,-9],[-3,-19],[-4,-11],[-9,1],[-7,-13],[3,-14],[-2,-12],[-9,-24],[-8,-6],[-2,13],[-4,-3],[-2,23],[-5,3],[-7,-9],[-5,6],[0,13],[-5,6],[-1,14],[5,9],[-4,9],[0,12],[-9,17],[-3,-7],[-13,2],[0,-33],[6,-12],[2,-22],[-2,-8],[-12,15],[2,-32],[7,-15],[3,-1],[7,-16],[-3,-12],[-4,3],[-15,-19],[-1,16],[-10,4],[-3,-10],[-4,8],[-6,2],[-2,11],[-5,-1],[-2,-12],[-6,4],[-1,-9],[-10,-7],[-3,-33],[-7,-2],[0,16],[-3,20],[3,24],[-1,47],[-2,12],[-7,-1],[0,-19],[-3,-20],[0,-36],[-7,-43],[-8,-28],[-21,-13],[-8,7],[-2,23],[-4,-2],[2,-25],[6,-32],[-7,-38],[-5,-5],[-6,8],[-2,-5],[-7,2],[-8,-14],[-3,-14],[-7,9],[-18,2],[-7,8],[-11,2],[-11,13],[-12,23],[-22,17],[-5,20],[-4,-6],[-16,7],[-19,-14],[-4,16],[-11,10]],[[7124,85121],[7,16],[1,-17],[-8,1]],[[7125,86028],[4,18],[17,1],[8,7],[1,9],[13,10],[8,-4],[3,-21],[9,-22],[2,-20],[-6,-22],[-16,-12],[-26,-9],[-11,18],[3,26],[-3,12],[-6,9]],[[7113,83140],[4,9],[12,8],[1,-17],[-9,-15],[-4,0],[-4,15]],[[7034,82939],[7,13],[2,-7],[-9,-6]],[[6963,82888],[5,25],[5,8],[7,-7],[7,14],[7,5],[7,-6],[-1,-11],[1,-18],[-2,-8],[-7,-2],[-3,6],[-17,7],[-6,-15],[-3,2]],[[6905,82723],[5,23],[9,28],[7,13],[19,23],[7,-11],[14,3],[14,11],[5,-16],[0,-17],[4,-18],[5,-19],[6,-8],[13,3],[2,7],[8,-3],[9,7],[10,-2],[2,-14],[-5,-23],[-7,-9],[-8,-7],[-4,-14],[-12,-4],[-2,5],[-10,-1],[-7,-5],[-12,0],[-15,10],[-12,-8],[-8,-11],[-12,13],[-18,4],[-6,21],[-1,19]],[[6863,84499],[4,7],[10,-8],[0,-10],[-10,-7],[-4,18]],[[6785,82594],[8,38],[11,42],[10,31],[14,23],[23,47],[12,16],[11,1],[21,-17],[3,-19],[-1,-19],[-20,-33],[-1,-14],[-24,-20],[-13,-15],[-10,-18],[-14,-38],[-4,-18],[-7,-17],[-9,-4],[-9,19],[-1,15]],[[6785,83663],[4,21],[5,-9],[7,0],[5,13],[5,26],[2,21],[-1,11],[-6,5],[1,8],[8,22],[6,8],[5,37],[5,24],[5,10],[8,4],[6,13],[8,12],[4,18],[1,12],[4,12],[4,-6],[7,-2],[10,12],[8,26],[13,22],[3,18],[10,-2],[12,7],[2,11],[7,12],[36,-13],[12,3],[7,9],[1,-10],[7,6],[6,-10],[-3,-21],[3,-12],[-1,-41],[4,-21],[-4,-27],[9,-5],[7,-8],[2,-31],[13,9],[1,22],[-2,14],[8,20],[0,14],[7,5],[4,9],[-6,18],[-10,22],[-4,14],[4,20],[12,-2],[22,3],[6,-9],[6,11],[2,-13],[9,0],[4,12],[-8,21],[-8,5],[-17,17],[-4,-4],[-5,13],[-7,-2],[-12,13],[-15,-6],[-5,38],[3,21],[-2,26],[0,41],[10,17],[0,10],[9,7],[4,15],[-1,15],[18,6],[4,10],[6,4],[0,9],[6,5],[6,-8],[14,-8],[4,6],[8,-3],[-4,-23],[3,-22],[7,1],[7,-14],[4,-32],[4,-8],[3,-27],[-5,-18],[-1,-26],[0,-17],[9,-13],[4,29],[5,47],[7,-13],[7,4],[-1,19],[-10,34],[-2,25],[4,8],[17,-12],[7,-13],[9,-12],[15,-9],[7,9],[1,10],[-13,6],[-4,31],[-13,4],[-4,4],[-5,16],[-12,8],[-7,20],[-3,3],[-13,34],[4,21],[1,18],[11,11],[5,-2],[11,-23],[7,-2],[7,-15],[7,-4],[1,-8],[9,-18],[7,-3],[3,-16],[5,-8],[5,11],[7,-3],[5,-9],[8,-8],[3,-12],[7,-11],[9,-19],[3,14],[-2,17],[-5,6],[-6,22],[-8,19],[-2,11],[-7,9],[-2,15],[-7,3],[-12,18],[-8,24],[-2,16],[7,11],[8,-3],[14,-32],[13,-5],[10,-20],[9,13],[8,2],[15,-17],[12,-3],[8,5],[8,-15],[15,-6],[7,-14],[6,-6],[3,-11],[-6,-13],[-13,-18],[4,-12],[-6,-8],[-10,-37],[-1,-21],[4,-15],[-3,-23],[-3,-4],[2,-22],[10,-24],[7,1],[-1,21],[-1,34],[2,49],[4,19],[10,15],[11,-12],[3,-30],[5,0],[3,44],[4,16],[8,13],[3,-1],[6,16],[1,25],[8,8],[12,-25],[8,6],[15,43],[-2,25],[9,-10],[7,19],[6,-2],[1,-12],[-3,-27],[6,-10],[11,-1],[10,-13],[-3,-12],[-5,-10],[-3,-15],[-12,3],[-5,17],[-7,2],[-6,-14],[4,-23],[9,-5],[5,-23],[-4,-9],[-6,-2],[1,-12],[5,-13],[7,12],[14,9],[6,-13],[-5,-16],[-11,-18],[2,-9],[-3,-15],[-10,-1],[-4,12],[-10,-18],[-3,-27],[-4,-8],[1,-18],[7,12],[5,0],[2,-10],[-9,-14],[2,-11],[-2,-18],[0,-16],[-10,-17],[6,-14],[5,15],[11,18],[4,12],[5,4],[7,-11],[-7,-16],[-6,-17],[-3,-18],[-6,-25],[-5,-15],[3,-8],[9,0],[5,18],[5,6],[2,13],[5,4],[0,14],[6,15],[8,-21],[-3,-11],[3,-8],[13,12],[6,-17],[11,5],[3,7],[6,-3],[3,-12],[0,-18],[2,-6],[-14,-35],[-15,-40],[-9,-13],[-6,-33],[-3,-23],[0,-33],[3,-10],[-7,-11],[-6,7],[-13,10],[-8,1],[-11,-18],[-3,6],[8,19],[2,17],[-10,11],[-8,-40],[-7,18],[-14,6],[-4,11],[1,10],[-6,5],[-8,-14],[-9,2],[-6,17],[-3,-3],[-2,18],[-4,13],[-10,-1],[-8,-11],[-5,1],[-7,14],[-10,4],[-4,-20],[2,-10],[-7,-7],[4,-14],[5,4],[10,0],[6,-5],[2,6],[9,-12],[7,-3],[8,-25],[2,-18],[8,-8],[5,0],[3,-9],[11,-1],[1,-16],[6,-10],[-1,-9],[0,-22],[-7,-13],[-2,-14],[1,-17],[-11,-27],[-6,-19],[-5,14],[1,12],[-4,9],[-6,3],[-10,-30],[-2,-11],[-6,-13],[-9,10],[1,26],[-5,9],[-5,-16],[-11,22],[0,15],[7,12],[-1,13],[-13,-16],[-11,1],[-2,11],[-19,-13],[-13,-14],[-12,4],[-8,-12],[0,-7],[6,-7],[10,-1],[5,-13],[8,9],[9,-1],[6,8],[11,-19],[4,-17],[6,-12],[-3,-13],[-8,-13],[-12,-8],[-7,-14],[-7,-7],[-24,2],[-3,8],[-9,1],[-4,-10],[2,-15],[11,-4],[2,-11],[-1,-17],[-3,-9],[4,-8],[9,14],[4,10],[15,13],[-3,-18],[15,-6],[3,14],[11,9],[6,-1],[2,-15],[6,-11],[8,4],[3,-4],[3,-18],[-4,-12],[-9,-17],[-3,3],[-8,-10],[-9,0],[-10,4],[-6,-5],[-4,-11],[-9,-2],[0,-13],[-9,-7],[-3,11],[-6,1],[-10,-14],[-4,-11],[-3,-22],[3,-4],[2,-20],[-7,-25],[-3,-18],[-8,0],[-12,-14],[-3,10],[-6,3],[-2,11],[7,17],[0,19],[-11,11],[8,18],[-3,13],[-16,-18],[-1,21],[13,22],[-4,10],[-2,16],[12,28],[9,33],[4,5],[0,39],[-9,-22],[-6,-5],[-7,10],[0,-25],[-9,-25],[-7,-34],[-7,-16],[-5,5],[-4,26],[-7,6],[-2,-18],[6,-26],[2,-20],[-1,-16],[-3,-12],[-6,12],[-8,8],[-7,13],[-9,-8],[-17,0],[0,-15],[-9,-19],[11,-5],[7,7],[8,-7],[4,3],[4,-20],[-8,-21],[1,-8],[8,-3],[10,-12],[-4,-36],[-12,-17],[-3,-25],[-16,-3],[-11,11],[4,-28],[-4,-17],[-8,-15],[-9,-10],[-3,-15],[5,-10],[4,13],[7,8],[11,-3],[-7,-25],[-9,-6],[-14,-19],[-3,19],[-10,-11],[-4,-15],[2,-7],[-9,-24],[-6,-11],[-2,-25],[-8,-8],[-12,-20],[-12,0],[-5,23],[-6,0],[-8,-15],[-13,-9],[-3,8],[4,40],[7,17],[0,16],[11,42],[6,9],[5,-3],[4,7],[4,24],[4,7],[0,12],[10,21],[8,2],[4,11],[8,1],[8,20],[2,13],[-1,12],[-6,13],[-5,0],[-2,-14],[-8,-8],[-16,2],[3,37],[-1,6],[5,24],[5,21],[4,23],[-2,8],[14,32],[7,2],[13,27],[3,18],[3,5],[-1,27],[-6,2],[-4,-19],[-1,-16],[-5,-8],[-11,-4],[-7,-24],[-6,-9],[-4,-13],[-9,-17],[-1,-10],[-9,-30],[-2,-13],[-7,-17],[-2,-16],[-8,-24],[-11,-2],[-3,-17],[-10,-40],[-13,-12],[-6,-25],[1,-15],[-6,-9],[-7,-16],[-7,-2],[0,41],[-2,27],[-6,21],[-10,14],[-3,15],[-8,15],[-17,20],[-17,14],[3,38],[0,57],[-2,48],[0,46],[-2,30],[-5,28],[-5,18],[-2,21],[-5,19],[-9,17],[-17,-5],[3,10],[-5,13],[-10,-10],[-15,5],[8,12],[-1,16],[4,12],[-3,15],[-7,5],[-5,17]],[[6518,81884],[16,20],[5,8],[7,22],[5,40],[5,11],[6,5],[9,-7],[1,-15],[-7,-49],[6,-46],[0,-26],[-3,-12],[-3,-21],[-8,-6],[-9,18],[-7,4],[-7,-5],[-8,3],[-3,20],[3,14],[-5,9],[-3,13]],[[6306,83293],[5,13],[6,-21],[-11,8]],[[6240,82134],[7,-1],[3,26],[-6,18],[2,12],[9,-17],[6,20],[5,-6],[5,-13],[2,-27],[-13,-9],[2,-10],[-3,-12],[3,-29],[-3,-2],[-7,19],[1,11],[-10,5],[-3,15]],[[6225,82286],[1,13],[-2,22],[7,13],[9,-20],[-4,-20],[0,-26],[-6,-1],[-5,6],[0,13]],[[6079,82718],[4,6],[4,20],[8,22],[8,5],[3,-7],[7,0],[11,8],[10,-5],[10,4],[5,-3],[11,-19],[12,-15],[6,-16],[-4,-6],[-5,5],[-3,13],[-14,4],[-9,-3],[-6,4],[-6,-12],[-2,-17],[-10,5],[-3,-6],[-13,7],[-7,-5],[-10,4],[-6,-7],[-1,14]],[[5919,82494],[7,7],[2,9],[11,8],[7,-12],[-4,-13],[6,-27],[-5,0],[-3,-14],[-7,10],[-3,18],[-8,4],[-3,10]],[[5848,82259],[10,4],[2,-17],[-12,13]],[[5642,81888],[6,37],[-3,8],[5,16],[7,-1],[7,13],[5,5],[15,-20],[-1,-11],[1,-19],[8,-1],[5,-11],[-4,-17],[-5,2],[1,16],[-9,-6],[-4,13],[-5,-4],[-3,7],[3,17],[-15,-9],[-4,-15],[-1,-20],[-3,-4],[5,-18],[-8,2],[-3,20]],[[5562,81907],[9,26],[1,14],[10,-15],[4,-11],[1,-25],[-6,-10],[-7,3],[-6,14],[-6,4]],[[5520,80997],[10,-3],[1,-13],[-6,5],[-5,11]],[[5518,80808],[5,10],[5,0],[2,14],[-4,13],[9,21],[4,-10],[0,-17],[7,-6],[6,10],[4,-3],[2,-20],[-4,-22],[-6,-17],[-11,-16],[-7,0],[-3,6],[-4,27],[-5,10]],[[5512,81849],[3,15],[11,11],[0,-10],[6,-10],[-1,-19],[6,-9],[-3,-16],[-7,-14],[0,22],[-4,9],[-4,19],[-7,2]],[[5502,81762],[4,10],[4,53],[10,-2],[0,-14],[-14,-41],[-4,-6]],[[5479,80947],[4,2],[3,15],[1,14],[5,1],[-1,15],[8,-7],[4,7],[6,3],[8,-5],[2,-18],[-5,-5],[-7,8],[-4,-24],[5,-1],[5,-12],[-2,-8],[7,-7],[4,-27],[-6,-8],[-4,2],[-6,-21],[-8,-5],[-4,-10],[-8,0],[5,16],[-4,19],[5,14],[10,-8],[0,22],[-6,9],[1,41],[-6,-7],[-6,-19],[-6,4]],[[5445,80708],[3,11],[7,-2],[8,-25],[8,-16],[-1,-27],[-2,-7],[-14,-4],[-7,10],[5,12],[-3,28],[-3,6],[-1,14]],[[5430,81068],[3,13],[9,-9],[7,-20],[8,-12],[2,13],[-10,19],[3,22],[10,-5],[-2,16],[-5,8],[1,16],[-6,42],[4,7],[3,-15],[4,3],[4,20],[0,9],[3,13],[5,-9],[-3,-34],[-7,-17],[1,-19],[9,1],[3,-23],[-8,-4],[8,-19],[-6,-16],[-4,-20],[1,-14],[-2,-12],[4,-15],[9,-20],[-7,-14],[-2,12],[-5,3],[-4,29],[-3,8],[-5,-6],[3,-42],[-7,-1],[-5,9],[-11,-6],[-1,22],[5,22],[9,-1],[2,13],[-9,10],[-2,15],[-6,8]],[[5403,81034],[1,10],[7,29],[4,1],[1,-13],[-1,-26],[-4,-8],[-8,7]],[[5384,80710],[6,1],[4,9],[4,-3],[4,15],[5,8],[13,-9],[-6,-11],[1,-10],[-9,2],[-3,-16],[-5,-3],[1,-10],[-8,1],[-7,26]],[[5383,81009],[3,18],[3,6],[10,-10],[1,-17],[-10,-11],[-7,14]],[[5374,80975],[3,14],[6,-20],[4,-26],[-5,-6],[-4,15],[0,11],[-4,12]],[[5336,85139],[8,-3],[2,-12],[-5,-10],[-5,25]],[[5303,81313],[8,11],[6,0],[5,-14],[5,-8],[-3,-20],[-9,1],[-9,7],[-3,23]],[[5270,85414],[14,-21],[-5,-7],[-2,15],[-7,4],[0,9]],[[5263,80811],[3,9],[0,21],[5,12],[5,0],[5,-9],[5,19],[-4,21],[8,10],[7,43],[9,14],[6,20],[-4,14],[-11,-10],[-10,9],[-1,19],[10,8],[6,-13],[1,18],[-3,11],[-17,16],[-2,10],[4,13],[6,-1],[13,-20],[7,-3],[-8,34],[-4,20],[6,15],[9,-16],[6,-28],[14,-18],[3,13],[-5,9],[3,9],[-5,12],[0,15],[-5,10],[-4,23],[1,9],[5,13],[6,-8],[3,-12],[7,-12],[1,-18],[6,10],[-2,7],[-4,43],[7,-7],[6,7],[-5,34],[5,7],[5,20],[3,27],[4,2],[8,-26],[2,-26],[-3,-18],[-13,-1],[-2,-7],[4,-30],[-2,-24],[0,-19],[-2,-19],[5,2],[3,-19],[5,25],[0,28],[8,3],[5,-20],[-4,-38],[-9,1],[4,-23],[-6,-16],[-9,14],[-10,26],[-4,-5],[1,-20],[-1,-9],[-7,0],[4,-17],[5,5],[2,-20],[-2,-8],[-9,1],[-8,10],[-2,-14],[6,-18],[-10,-27],[-4,6],[-3,-29],[-6,-5],[-3,-10],[-7,-6],[-5,-24],[1,-21],[-9,-6],[-9,-14],[2,-33],[-7,-18],[2,-15],[-5,-4],[-5,4],[-1,17],[-4,6],[-2,10]],[[5246,85228],[4,17],[-1,12],[3,14],[6,-21],[-1,-31],[6,-5],[3,-11],[-2,-22],[-5,-2],[0,15],[-13,26],[0,8]],[[5238,81420],[7,23],[17,22],[7,-8],[10,-21],[7,1],[6,9],[5,0],[-4,-18],[-2,-19],[4,-16],[0,-18],[-3,-11],[-14,17],[-8,24],[-10,0],[-4,-21],[-11,-1],[-7,29],[0,8]],[[5212,85227],[4,15],[1,33],[5,23],[5,-24],[1,-29],[-11,-29],[-5,11]],[[5188,81298],[5,2],[3,12],[-1,19],[4,9],[5,0],[3,-11],[11,-11],[14,24],[10,1],[2,-10],[-7,-15],[8,-6],[2,-26],[2,-8],[-6,-51],[-3,-6],[-11,9],[1,9],[-4,20],[-11,0],[-3,13],[-9,-11],[-12,24],[-3,13]],[[5094,81299],[7,6],[0,17],[11,46],[4,9],[8,4],[8,18],[6,-9],[4,3],[8,-6],[4,-11],[-1,-23],[2,-12],[-2,-15],[-7,-20],[-5,-6],[3,-20],[5,-4],[12,25],[1,9],[7,2],[-6,20],[14,48],[4,-2],[9,-14],[0,-23],[-4,-17],[-9,-14],[-4,-30],[3,-23],[0,-12],[6,-15],[5,-6],[-1,-21],[-6,3],[-3,-14],[16,-1],[4,-6],[-1,-13],[3,-21],[8,-8],[-1,-7],[-13,0],[-3,7],[-6,-2],[13,-23],[-8,-40],[-4,30],[-8,-3],[-6,-10],[-2,12],[-5,-11],[-5,20],[-5,-3],[-7,11],[-3,26],[-7,6],[-13,-5],[-2,-18],[-6,-22],[-3,-32],[-6,-10],[1,23],[2,14],[-3,37],[-6,19],[-3,15],[4,28],[0,18],[-6,17],[6,32],[-4,20],[-4,7]],[[5074,81970],[6,12],[13,3],[6,11],[4,17],[2,18],[4,-38],[-3,-8],[-7,1],[-23,-17],[-2,1]],[[5050,82099],[9,18],[14,1],[-1,-7],[-14,-3],[-7,-16],[-1,7]],[[5033,85113],[3,17],[0,27],[-2,8],[6,44],[1,29],[9,12],[6,15],[23,28],[13,0],[9,8],[7,17],[6,9],[7,0],[7,28],[7,2],[4,-12],[-9,-38],[-9,-37],[-9,-53],[-14,-58],[-9,-59],[-10,-20],[-8,-6],[-5,-8],[-5,6],[-16,2],[-9,-13],[-3,9],[3,22],[-3,21]],[[4933,81159],[5,17],[7,9],[7,-10],[6,9],[3,-9],[-1,-13],[5,-17],[0,-18],[-5,-18],[-19,25],[1,8],[-7,6],[-2,11]],[[4886,81008],[5,21],[-2,25],[7,-12],[7,-22],[0,-18],[-9,-10],[-8,16]],[[4862,81168],[4,27],[7,14],[14,-5],[6,10],[6,2],[8,10],[2,-10],[-5,-16],[-2,-22],[-3,-15],[-6,9],[-8,-11],[-4,-11],[-12,11],[-4,-5],[-3,12]],[[4805,81091],[3,20],[8,5],[2,12],[8,8],[10,-14],[8,-1],[3,-13],[3,0],[3,-19],[3,0],[14,-15],[8,-5],[2,-22],[-12,-12],[-2,-11],[-6,-5],[-3,-18],[-12,-12],[-5,18],[-4,6],[-2,16],[2,12],[7,15],[3,19],[-2,22],[-5,16],[-9,-6],[6,-13],[-1,-17],[-4,-25],[-16,21],[-6,-1],[-4,19]],[[4802,80947],[7,-3],[7,-22],[-3,-14],[-6,15],[-5,24]],[[4798,81053],[6,7],[4,-12],[4,3],[4,-9],[-2,-14],[-4,-4],[-12,29]],[[4787,81015],[4,-5],[0,-15],[4,-8],[3,-14],[-4,-6],[-6,27],[-1,21]],[[4672,80496],[0,14],[5,0],[0,-18],[-5,4]],[[4656,80841],[11,7],[4,9],[5,20],[0,7],[11,21],[18,-8],[3,-5],[4,-19],[1,-16],[-2,-19],[2,-12],[0,-32],[-5,-9],[-6,-27],[-1,-18],[-11,-16],[-9,10],[-2,18],[-5,10],[-4,2],[-3,16],[-5,2],[0,19],[-3,7],[1,25],[-4,8]],[[4643,80240],[3,6],[8,-5],[9,-16],[2,-18],[7,4],[4,-9],[-5,-13],[-5,7],[-9,-6],[-6,13],[-8,37]],[[4634,80193],[9,1],[-3,-12],[-6,11]],[[4577,90934],[7,-2],[1,14],[11,10],[8,25],[3,-13],[6,-1],[-1,15],[10,12],[8,-1],[4,-8],[10,-5],[9,2],[4,16],[7,-4],[8,-9],[0,-21],[10,-19],[-6,-10],[-2,-18],[6,-22],[-8,-8],[-1,13],[-7,6],[-6,-16],[-15,4],[-3,-8],[-15,7],[-6,-9],[-5,5],[-10,-3],[-5,17],[-11,-1],[-4,7],[3,14],[-10,11]],[[4539,80253],[6,18],[1,23],[6,6],[-7,15],[10,16],[26,-26],[2,-8],[9,-4],[10,-17],[4,13],[5,-5],[-2,-11],[12,-16],[1,-14],[6,4],[6,-14],[-12,2],[1,-16],[4,-11],[-1,-8],[-7,11],[-4,-2],[-6,14],[-3,-8],[-9,2],[0,-17],[-5,5],[-4,13],[-4,-8],[-7,15],[-3,0],[-12,-20],[-3,-1],[-7,12],[-6,23],[-7,14]],[[4534,81331],[24,41],[22,32],[-12,-25],[-10,-11],[-10,-16],[-12,-21],[-2,0]],[[4504,81225],[19,66],[-8,-42],[-8,-21],[-3,-3]],[[4450,81410],[2,16],[8,6],[7,-15],[-1,-24],[-6,-8],[-6,9],[-4,16]],[[4213,86418],[17,-25],[7,-2],[0,-12],[-7,3],[-11,15],[-6,21]],[[4049,90308],[7,14],[10,-8],[-1,-12],[-6,-6],[-7,3],[-3,9]],[[4043,90353],[1,10],[8,19],[4,-6],[1,-19],[-8,-14],[-6,10]],[[3974,79990],[5,9],[4,-2],[15,21],[9,1],[1,-16],[-8,4],[-6,-5],[-3,-11],[-11,-10],[-6,9]],[[3958,89856],[6,19],[5,-12],[10,3],[7,-12],[5,-39],[2,-22],[-7,-6],[-10,-3],[-10,10],[-7,21],[-1,41]],[[3957,80431],[5,24],[6,9],[6,0],[8,18],[14,19],[6,5],[5,-3],[9,10],[6,11],[10,44],[9,46],[8,52],[7,26],[9,57],[0,22],[2,22],[8,12],[7,20],[7,9],[3,-3],[8,13],[10,-10],[16,-32],[19,14],[10,11],[10,17],[10,27],[6,6],[3,9],[6,-8],[8,-2],[12,10],[10,14],[12,22],[17,44],[13,-2],[20,20],[10,-9],[22,-4],[28,6],[6,6],[0,-29],[3,-11],[12,-23],[13,-33],[4,-20],[4,-37],[3,-10],[2,-19],[-3,-10],[1,-50],[8,-30],[-1,-28],[2,-9],[12,-40],[8,-2],[11,3],[3,7],[5,-4],[7,10],[6,12],[3,-11],[7,-1],[9,-31],[4,-8],[1,-27],[0,-18],[2,-6],[7,0],[5,-17],[-4,-12],[-7,1],[-8,7],[-11,-2],[2,9],[10,22],[-15,7],[-9,0],[-7,-8],[-10,4],[4,13],[-3,6],[-10,-13],[-9,23],[-3,32],[-10,2],[-7,-8],[-8,-27],[4,-32],[-1,-24],[-2,-16],[-23,-6],[-2,-16],[-3,-7],[-15,-6],[-4,-18],[-17,13],[-11,6],[-34,9],[-7,-6],[-5,1],[-28,0],[-26,-7],[-12,-6],[-17,-14],[-15,-16],[-12,-18],[-9,-17],[-11,-25],[-6,-26],[5,-19],[-4,-8],[1,-17],[-2,-13],[-8,-16],[-1,-8],[-7,-8],[-3,-12],[-9,-10],[-2,-7],[-11,-7],[-7,1],[-24,-14],[-1,-6],[-12,-10],[-6,8],[-10,5],[-9,-7],[-15,9],[-5,9],[-10,11],[-2,23],[-5,5],[-2,25],[-2,12],[-4,-1],[-4,10],[4,14],[-2,18],[-7,14],[-2,17],[1,26],[-3,21]],[[3934,87731],[6,47],[20,-17],[10,-18],[2,-10],[-15,-15],[-15,-9],[-6,6],[-2,16]],[[3933,89804],[5,30],[4,-5],[8,-25],[4,-3],[3,-15],[-4,-10],[-11,-4],[-4,3],[-5,29]],[[3921,89768],[9,16],[7,-14],[-14,-8],[-2,6]],[[3881,79875],[7,18],[4,3],[7,-7],[4,21],[6,-2],[3,-8],[8,8],[10,-16],[5,10],[14,-7],[2,16],[10,5],[4,-28],[-5,-12],[-2,-18],[-4,-15],[-8,5],[-7,-3],[-8,-11],[-6,7],[-6,-4],[-14,20],[-7,-7],[-8,10],[-8,2],[-1,13]],[[3808,79844],[13,8],[10,-1],[9,12],[12,-3],[10,7],[7,-4],[6,-17],[2,-14],[-4,-11],[-3,11],[-6,-1],[-2,-29],[-8,10],[-5,27],[-24,5],[-4,-6],[-10,0],[-3,6]],[[3782,79806],[3,1],[10,25],[4,-15],[8,-10],[-1,-7],[-11,-7],[-8,-8],[-1,13],[-4,8]],[[3751,80043],[3,26],[5,10],[6,2],[2,8],[-4,10],[3,7],[7,-5],[2,-10],[6,-7],[9,17],[9,6],[11,-8],[-2,-13],[-8,2],[-3,-20],[-10,-12],[0,-21],[5,-10],[-2,-14],[6,3],[7,-12],[8,3],[11,-8],[6,9],[7,-19],[-5,-26],[-4,6],[-18,0],[-3,-13],[0,-10],[-5,-6],[0,-12],[-8,5],[-5,-5],[-1,-12],[6,-6],[-3,-19],[-7,-5],[-7,10],[-4,-1],[-2,14],[-7,16],[6,3],[7,23],[1,11],[-7,8],[-4,20],[2,9],[12,23],[0,10],[-8,13],[-8,-19],[-8,0],[-4,19]],[[3639,79757],[8,1],[4,-10],[-5,-9],[-7,18]],[[3632,79901],[4,5],[0,26],[6,6],[-2,26],[9,15],[7,1],[5,11],[2,14],[6,11],[9,-3],[5,-6],[6,-2],[4,7],[6,-6],[2,-15],[-4,-24],[5,-16],[8,-5],[6,18],[11,-14],[7,-5],[2,-19],[-6,-11],[-14,1],[-3,-11],[8,-2],[16,-14],[9,5],[11,13],[1,-12],[-4,-8],[1,-13],[-2,-10],[-10,-4],[-10,-13],[-6,-13],[-5,10],[-9,0],[-1,10],[-7,-6],[0,-26],[-5,-9],[-4,-16],[-5,5],[1,23],[-9,9],[-7,-8],[-3,13],[-4,1],[-3,-16],[-9,-11],[-7,-4],[-2,23],[1,11],[-5,18],[-6,8],[-6,32]],[[3608,79742],[4,-4],[4,7],[2,12],[5,-7],[11,-5],[2,-11],[7,-12],[-4,-10],[-7,-5],[-17,0],[-6,3],[-1,32]],[[3599,91996],[11,0],[-3,-20],[-3,-2],[-5,22]],[[3577,79510],[2,13],[8,-18],[1,21],[8,9],[1,-37],[5,13],[3,26],[-1,21],[4,9],[11,9],[14,2],[6,-4],[-14,-27],[-1,-19],[7,-9],[-5,-12],[5,-12],[-5,-8],[-8,-1],[-5,8],[-5,-7],[11,-25],[-7,-20],[-11,2],[-2,-26],[-5,7],[-4,24],[-8,3],[-2,16],[-1,32],[-2,10]],[[3257,87003],[13,-14],[7,7],[5,15],[9,6],[4,8],[7,3],[8,-6],[4,-9],[7,15],[16,-2],[12,-7],[7,11],[3,-12],[14,-12],[15,7],[13,3],[0,-22],[10,-2],[9,13],[6,-12],[9,24],[3,-1],[1,26],[-1,16],[-6,10],[5,18],[6,12],[5,3],[3,12],[7,7],[6,-11],[3,18],[12,0],[0,13],[15,-14],[5,-10],[6,16],[-4,35],[13,12],[11,27],[6,-2],[17,-16],[2,-9],[7,-11],[8,13],[11,9],[3,9],[29,14],[6,-13],[6,-3],[6,14],[-6,37],[6,1],[3,-18],[-3,-8],[4,-16],[-1,-11],[6,-12],[-1,-10],[10,-22],[-5,-10],[3,-9],[20,-11],[22,7],[3,23],[9,5],[20,-22],[9,0],[3,-15],[7,-5],[16,-18],[-3,-14],[6,-14],[-5,-8],[-1,-11],[-9,-6],[2,-21],[8,-5],[-1,-16],[3,-14],[-7,-20],[-4,-23],[3,-11],[10,3],[2,-10],[-5,-9],[7,-27],[-3,-10],[2,-13],[-8,-17],[-4,-15],[2,-13],[5,-2],[0,-25],[14,-19],[-5,-36],[13,-26],[3,14],[4,2],[7,-9],[-2,-15],[-5,1],[-3,-20],[7,-18],[-4,-21],[-10,1],[-5,-11],[-9,-1],[-15,-10],[-3,14],[-9,1],[-3,-10],[-5,3],[-5,-7],[-6,2],[-12,-23],[-8,-5],[-2,9],[-10,0],[-15,-10],[-11,-13],[-19,-34],[-10,-6],[9,-23],[-1,-11],[9,-22],[-2,-16],[-6,-8],[-8,0],[-4,-6],[-10,2],[-6,15],[2,6],[-4,16],[-9,23],[-12,21],[-8,8],[-5,0],[-6,14],[-9,12],[-10,7],[-13,-4],[-8,-8],[-13,5],[-8,-3],[-9,2],[-9,19],[0,6],[-8,12],[-13,11],[-10,3],[-8,22],[-14,27],[-19,30],[-13,10],[-5,10],[-13,7],[-9,12],[-4,-6],[-12,1],[-10,18],[-7,8],[-16,35],[-5,18],[-7,5],[-11,0],[-8,11],[2,21],[-3,21],[-1,24],[-15,50],[-4,21],[-11,17],[-2,11]],[[3147,78954],[5,7],[5,-2],[2,11],[16,27],[0,9],[16,36],[4,3],[2,-13],[5,14],[9,-8],[8,4],[6,20],[6,-1],[2,-15],[4,4],[5,-4],[4,5],[-4,21],[7,8],[3,16],[0,12],[4,3],[7,-11],[5,-4],[5,-23],[4,3],[-1,25],[11,-17],[5,-20],[3,17],[-6,22],[-1,14],[3,9],[11,-28],[0,20],[8,-2],[-9,22],[4,12],[24,-20],[2,12],[5,2],[5,-8],[-1,49],[-8,13],[1,5],[19,-10],[13,-11],[5,12],[-6,11],[-5,-1],[-1,17],[-8,5],[-4,8],[-2,37],[-5,21],[4,25],[12,14],[5,-3],[6,-18],[6,-9],[2,6],[-1,23],[10,-14],[0,24],[-9,17],[-8,8],[-1,24],[5,19],[5,9],[9,8],[9,-4],[2,5],[12,-2],[7,3],[0,-17],[7,-14],[3,-20],[-2,-14],[3,-20],[3,-1],[4,18],[6,-16],[6,-6],[-2,20],[-4,11],[-1,18],[-4,6],[1,14],[3,11],[6,-14],[8,-6],[4,12],[-8,2],[-2,8],[4,14],[9,-8],[10,-1],[-3,16],[-5,-1],[-12,11],[-6,-1],[-17,11],[-3,9],[-5,6],[-12,3],[-10,20],[-4,-3],[-3,-13],[-6,-10],[-5,2],[-2,12],[-11,23],[-5,5],[3,14],[-4,19],[-8,8],[-8,3],[-2,21],[1,14],[4,9],[5,-4],[6,18],[4,26],[-1,11],[5,17],[11,10],[2,21],[6,10],[8,-4],[13,16],[7,14],[6,8],[5,-11],[9,0],[4,15],[10,7],[10,18],[6,-17],[6,-1],[4,15],[6,6],[12,-12],[6,-25],[2,-20],[-2,-15],[-6,-5],[-2,-17],[-4,-16],[7,-36],[-5,-17],[6,-10],[6,18],[6,-5],[-3,-10],[-2,-24],[-4,-8],[5,-14],[3,19],[8,14],[-4,21],[5,11],[-1,25],[5,16],[6,4],[2,-14],[-9,-19],[2,-11],[-3,-11],[4,-7],[4,15],[11,21],[6,-2],[4,26],[-3,10],[1,22],[7,-8],[2,46],[8,13],[4,15],[3,-18],[-3,-27],[-4,-10],[1,-16],[7,2],[4,-3],[15,41],[6,-12],[4,-35],[-2,-21],[4,-6],[3,20],[4,-10],[1,-20],[-8,-13],[1,-19],[-6,-11],[-7,-5],[-13,4],[-2,14],[-3,2],[-2,-34],[-9,-17],[-3,-16],[-8,1],[4,-25],[-11,-12],[-6,-10],[-10,5],[-3,-4],[6,-34],[-21,-19],[1,-13],[6,-6],[-9,-17],[2,-10],[6,5],[7,-19],[3,19],[-1,12],[4,10],[8,-7],[3,8],[0,14],[3,10],[12,16],[4,-17],[-1,-16],[7,2],[1,12],[0,31],[7,15],[3,-1],[5,-25],[3,-34],[7,-3],[4,-15],[2,-18],[-6,-5],[-1,-19],[-10,-6],[-7,3],[1,-12],[-6,-4],[-2,22],[-4,-13],[-7,-1],[4,-16],[-8,-3],[-4,-13],[-2,-13],[-7,12],[-4,-4],[-6,11],[2,-24],[-9,8],[0,-13],[-5,-3],[5,-29],[-7,8],[-2,-25],[1,-11],[-3,-22],[-6,8],[-2,-22],[-6,13],[-1,24],[-8,19],[-2,-16],[5,-20],[3,-23],[0,-20],[-7,0],[-4,10],[-7,5],[-4,-4],[13,-19],[6,-13],[-3,-24],[-6,1],[-5,21],[-4,-8],[-8,11],[-1,18],[-5,8],[-4,28],[-6,5],[0,-14],[5,-23],[-1,-15],[4,-4],[-2,-17],[8,-11],[1,-26],[-5,-7],[4,-17],[-5,0],[-9,15],[-5,-1],[-2,-19],[-5,10],[-6,17],[-3,-37],[-3,23],[-3,0],[-1,-18],[-9,8],[2,24],[-9,2],[-3,-39],[-4,-7],[-5,5],[4,23],[-9,5],[-10,-5],[0,-13],[-2,-11],[-7,-7],[-11,5],[-4,-1],[-8,-25],[-11,-10],[-4,-15],[-4,3],[-3,-10],[-8,-1],[-6,-7],[0,-12],[-3,-29],[-2,-2],[-16,3],[-3,10],[-7,-15],[-13,-12],[1,-13],[-7,-26],[-5,-11],[2,-18],[-5,-4],[-9,23],[-6,-4],[-4,9],[-8,4],[-4,-10],[-3,-30],[-8,-8],[-4,17],[-10,10],[-15,7],[-1,9],[-8,-6],[-2,18],[-4,8],[-4,-2],[-7,16]],[[3080,92552],[5,14],[8,-5],[-1,-18],[-9,0],[-3,9]],[[3072,93345],[5,35],[5,12],[28,42],[32,31],[44,35],[46,42],[6,1],[6,13],[36,43],[28,39],[5,2],[9,19],[32,46],[81,107],[10,15],[52,65],[29,35],[25,27],[45,46],[20,8],[9,25],[17,22],[10,4],[7,13],[25,30],[61,64],[25,25],[64,58],[65,53],[83,57],[26,18],[39,24],[62,33],[13,-1],[55,11],[17,2],[39,2],[26,-1],[32,-7],[22,-13],[18,-21],[-13,-4],[-39,23],[-14,3],[-9,-11],[-4,5],[-12,-1],[3,-13],[19,5],[15,-13],[12,0],[1,-30],[5,-6],[2,-15],[-1,-21],[-9,-42],[-25,-47],[-6,-31],[2,-26],[-1,-39],[-3,-16],[12,-17],[0,-21],[3,-10],[-4,-21],[-7,-9],[-18,-40],[-16,-3],[-12,-6],[0,-27],[5,-9],[12,8],[2,-16],[10,10],[-2,15],[8,3],[3,-8],[9,-57],[5,-21],[21,-50],[13,-12],[10,-2],[4,-6],[14,-6],[9,13],[14,1],[13,17],[21,-4],[5,5],[8,-4],[12,5],[1,-9],[14,-13],[25,-4],[10,-5],[27,10],[16,11],[11,15],[8,1],[16,-10],[30,16],[6,-17],[14,-12],[3,-16],[14,-24],[4,4],[27,7],[16,13],[8,-8],[5,-20],[11,-6],[9,2],[19,12],[16,15],[21,29],[7,-14],[14,-1],[6,6],[4,-8],[12,-11],[3,-8],[14,-15],[-2,-6],[13,-13],[3,-14],[-2,-20],[-6,-16],[7,-6],[12,-2],[14,8],[-2,15],[-5,-1],[-6,16],[7,20],[-6,27],[2,8],[11,15],[2,8],[23,50],[11,34],[6,26],[2,19],[5,11],[9,32],[4,29],[9,8],[8,16],[12,0],[10,-4],[18,2],[4,-24],[6,-20],[25,-13],[13,1],[17,15],[7,10],[9,-3],[-6,-17],[0,-27],[-4,-9],[14,-3],[10,14],[-1,22],[5,6],[2,20],[-10,31],[-10,22],[-6,31],[-8,25],[-8,12],[-24,12],[-15,15],[-23,17],[-13,1],[-18,15],[-18,9],[-17,-3],[-14,4],[-14,-3],[-23,-27],[-17,-14],[-5,1],[-14,-12],[5,-14],[-6,-21],[11,-19],[0,-20],[9,-5],[2,-21],[-7,-3],[-12,4],[1,25],[-1,27],[-4,11],[-6,2],[13,76],[5,45],[2,45],[0,27],[-4,32],[-5,17],[-20,44],[-11,18],[-20,24],[-4,8],[-7,48],[-12,36],[-8,16],[-17,20],[-23,13],[-24,7],[-14,0],[-8,7],[1,16],[-5,38],[-13,45],[-10,21],[-6,22],[0,19],[6,28],[5,7],[9,-3],[12,8],[3,13],[2,28],[7,9],[6,-31],[12,-5],[17,19],[9,3],[6,-13],[1,-14],[15,-58],[9,-16],[5,-16],[6,-9],[11,-38],[14,-19],[15,-2],[1,-21],[-9,-48],[-9,-21],[-1,-16],[3,-12],[-2,-16],[1,-24],[10,-12],[4,-15],[10,-19],[8,-22],[8,-38],[5,-12],[17,-21],[15,-26],[21,-26],[11,-6],[8,-18],[8,-13],[13,-12],[16,3],[12,12],[18,11],[9,13],[14,6],[5,16],[8,16],[-4,19],[-26,2],[-9,9],[-9,-9],[-9,2],[-7,23],[-8,5],[-4,16],[6,18],[-4,7],[-13,4],[-10,22],[-8,5],[-13,18],[-7,25],[-9,8],[-4,14],[-16,22],[-3,11],[-7,11],[-4,16],[5,19],[5,32],[-4,18],[-1,30],[3,9],[11,13],[10,37],[-3,37],[8,18],[8,8],[4,12],[1,19],[9,14],[9,-1],[2,11],[10,-5],[10,-14],[24,3],[2,14],[-3,21],[-12,20],[-6,3],[-10,-8],[-10,31],[-10,3],[-11,14],[1,-14],[-7,-16],[-4,18],[-6,18],[-10,16],[-8,6],[-12,1],[-13,-10],[-15,0],[-22,-12],[-22,-10],[-12,-9],[-18,-22],[-23,-3],[-13,1],[-13,-11],[-26,-9],[-34,18],[0,9],[-11,12],[-3,12],[-9,15],[-9,-5],[-6,21],[-20,-14],[-4,7],[-14,-8],[-5,6],[-7,-7],[0,-17],[17,-12],[8,0],[9,-11],[-7,-10],[-31,34],[-26,18],[-20,7],[-27,15],[-27,10],[-24,15],[-19,9],[-35,11],[-21,9],[-16,19],[-6,15],[1,24],[1,39],[-5,76],[-8,59],[-3,5],[-10,70],[-9,49],[-10,43],[-31,116],[-12,36],[-11,27],[-25,43],[-16,19],[-16,16],[-36,40],[-11,14],[-19,18],[-26,45],[-15,23],[-10,18],[-42,69],[-14,15],[-50,78],[-19,22],[-18,38],[-29,41],[-23,25],[-16,13],[-51,35],[-19,10],[-18,5],[-22,13],[-26,30],[-5,9],[-6,35],[-11,31],[-13,28],[-13,21],[-28,36],[-17,17],[-31,25],[-29,18],[-20,11],[-29,10],[-23,2],[-17,-5],[7,14],[18,14],[36,24],[28,17],[20,14],[20,17],[10,15],[2,15],[6,15],[-2,24],[5,23],[-2,12],[7,17],[11,36],[3,26],[-3,15],[5,58],[-4,7],[7,26],[3,20],[-2,26],[2,26],[0,23],[2,42],[-4,26],[-6,73],[3,7],[46,-12],[52,-11],[18,-2],[37,-8],[28,-3],[10,3],[43,3],[25,5],[44,13],[3,4],[22,4],[47,17],[15,2],[29,9],[28,16],[35,0],[34,7],[28,8],[14,7],[21,16],[17,22],[29,21],[16,15],[9,15],[16,30],[40,45],[23,44],[12,18],[13,33],[11,38],[32,61],[25,57],[11,34],[14,64],[8,51],[-1,77],[2,54],[-2,86],[2,39],[10,44],[4,38],[19,107],[14,39],[36,76],[5,5],[8,24],[29,62],[25,70],[8,29],[15,30],[13,43],[40,81],[17,24],[46,54],[16,22],[31,34],[16,24],[24,-8],[47,-19],[34,-10],[16,-3],[21,2],[13,-3],[10,3],[38,25],[22,12],[5,0],[78,66],[28,30],[37,43],[16,21],[44,64],[33,52],[16,32],[5,15],[8,6],[1,11],[15,19],[29,53],[14,23],[26,35],[19,32],[23,43],[28,25],[94,62],[-1,-6],[-29,-17],[2,-7],[15,0],[16,4],[7,12],[6,-22],[10,-25],[-20,0],[-28,-7],[-16,-8],[0,-27],[7,-6],[6,-21],[9,6],[2,13],[17,-17],[9,2],[12,-4],[14,8],[23,-1],[7,5],[4,21],[-6,7],[-26,12],[0,16],[32,-23],[22,-6],[57,-7],[21,5],[7,7],[15,-3],[17,15],[2,-9],[13,0],[10,19],[-2,7],[22,-4],[21,0],[38,10],[14,6],[41,26],[32,26],[14,15],[60,70],[22,33],[38,64],[20,43],[32,80],[9,19],[29,68],[43,87],[10,15],[35,45],[22,17],[2,-43],[8,-23],[19,-12],[6,6],[12,-27],[8,-7],[18,-2],[4,5],[31,-11],[7,-10],[21,-9],[-3,-19],[11,-10],[6,-13],[-5,-21],[-12,-7],[6,-12],[16,5],[7,11],[9,5],[3,29],[6,-2],[9,-27],[10,0],[13,9],[11,-6],[6,5],[11,-17],[16,3],[23,-22],[-1,-30],[15,-47],[1,-16],[-9,-25],[-10,-7],[-5,-17],[-10,2],[-8,-24],[-8,1],[-6,-15],[0,-18],[-5,-13],[-16,0],[-5,-18],[-16,3],[-18,-5],[-17,-1],[-7,-6],[4,-12],[8,-47],[-10,-6],[0,-9],[14,0],[6,-21],[3,-25],[-5,-16],[2,-8],[17,-8],[14,0],[5,5],[10,-5],[18,6],[4,10],[8,1],[4,-20],[11,-3],[4,31],[5,-8],[10,3],[8,12],[6,-1],[3,29],[-3,33],[-6,39],[12,2],[8,10],[18,33],[3,16],[31,24],[12,-42],[12,4],[3,24],[-7,32],[-16,31],[-7,7],[2,14],[11,17],[19,19],[9,-39],[12,-3],[3,17],[-1,22],[-4,18],[-8,9],[9,7],[-5,15],[7,8],[43,-42],[44,-55],[37,-57],[17,-36],[-12,-20],[-2,-34],[2,-21],[-2,-27],[4,-36],[0,-17],[5,-29],[5,-12],[6,6],[13,1],[3,-5],[22,8],[17,0],[10,-9],[15,-8],[9,-14],[1,-12],[-8,-18],[19,-12],[12,6],[17,19],[14,26],[7,8],[17,52],[-1,16],[18,7],[35,7],[14,0],[13,-7],[7,3],[23,-2],[22,2],[18,7],[24,16],[18,16],[15,2],[23,-4],[21,-7],[3,-12],[8,-7],[22,-5],[4,-6],[3,-22],[9,-18],[15,-4],[9,39],[11,-3],[8,3],[12,-4],[25,4],[25,-18],[25,-10],[10,-13],[13,-6],[10,-9],[15,-8],[8,-15],[1,-15],[-17,-8],[-13,-16],[-17,-58],[-8,4],[3,-22],[-9,-12],[-4,-14],[-14,-2],[3,-32],[1,-32],[4,-3],[7,-27],[10,-3],[11,-13],[9,7],[13,-9],[25,-11],[15,6],[14,-7],[4,-10],[-2,-13],[-19,7],[-21,14],[-11,-14],[-10,5],[-9,-4],[-6,5],[-19,-4],[-29,11],[-13,-21],[2,-11],[10,-18],[17,6],[6,10],[25,-2],[10,-6],[24,-7],[8,10],[20,3],[20,-7],[6,18],[13,5],[18,-12],[8,4],[19,-12],[16,3],[12,7],[-3,-16],[-18,-45],[5,-20],[-14,-1],[-11,-8],[-13,-4],[-10,-20],[3,-14],[8,-4],[10,-14],[8,4],[23,2],[17,-6],[11,6],[12,-3],[14,7],[13,-6],[6,-9],[45,-21],[12,-9],[15,-33],[27,6],[4,16],[13,13],[11,29],[8,7],[9,19],[10,11],[13,2],[14,-11],[8,3],[11,11],[12,-3],[12,-15],[10,18],[1,16],[11,5],[28,2],[7,-14],[22,-14],[11,-24],[-3,-12],[7,-22],[16,7],[17,15],[15,8],[14,-1],[8,-6],[18,21],[51,74],[10,-19],[14,-9],[5,10],[12,11],[3,-5],[15,5],[19,-10],[15,5],[17,19],[11,-19],[2,-11],[10,-4],[14,16],[6,-10],[9,-5],[13,2],[22,-8],[6,-13],[21,-10],[9,-12],[4,-11],[9,-10],[6,-13],[16,5],[17,-11],[2,-12],[13,-8],[19,12],[4,-7],[16,0],[6,-15],[10,8],[11,-23],[6,0],[14,-22],[5,-26],[-7,-22],[0,-14],[11,1],[13,-8],[12,0],[22,27],[9,16],[4,-10],[1,-32],[13,-5],[14,31],[0,14],[24,-17],[7,-17],[23,-10],[11,-21],[22,-7],[7,-19],[-4,-17],[-14,-8],[22,-26],[9,5],[8,-14],[13,-5],[23,0],[9,-5],[5,6],[42,-23],[12,1],[5,6],[11,-11],[0,15],[7,9],[6,-13],[2,-24],[9,-2],[7,-18],[12,6],[8,-5],[32,-1],[4,-3],[17,20],[10,0],[8,16],[11,-5],[11,3],[11,-6],[19,0],[12,7],[11,-3],[15,9],[12,-6],[13,3],[7,-6],[33,-1],[11,-4],[7,-12],[26,-4],[10,-18],[10,1],[19,-10],[7,7],[10,-13],[6,6],[11,-8],[0,19],[5,19],[25,-42],[6,-4],[15,-23],[7,-4],[11,-18],[13,-6],[28,-23],[11,-29],[16,-7],[19,-14],[12,-4],[7,14],[7,-8],[-2,-18],[12,-14],[35,-12],[9,0],[11,-10],[5,-14],[15,2],[14,13],[7,10],[13,-3],[19,-13],[24,-2],[17,15],[24,45],[10,20],[19,7],[26,-1],[11,21],[22,6],[9,16],[20,12],[13,2],[20,13],[12,23],[8,0],[15,-14],[14,4],[1,16],[24,10],[16,0],[7,13],[15,0],[29,-23],[19,4],[14,17],[14,12],[7,-1],[8,-18],[18,-12],[6,-10],[28,-25],[11,-14],[25,-16],[14,-12],[24,-16],[39,-40],[23,-34],[14,-14],[-3,-20],[19,-21],[7,-1],[9,-14],[-3,-16],[26,2],[44,-55],[30,-24],[21,-24],[22,-8],[37,-27],[34,-32],[13,-17],[35,-57],[-6,-5],[11,-24],[2,-22],[10,-21],[7,-10],[33,-2],[3,22],[7,18],[4,21],[22,-11],[33,-31],[0,-420],[0,-397],[0,-74],[0,-402],[0,-46],[0,-358],[0,-306],[0,-450],[0,-1201],[0,-638],[0,-155],[0,-586],[0,-405],[0,-1141],[0,-1066],[0,-328],[0,-338],[0,-328],[0,-281],[0,-115],[0,-339],[0,-438],[0,-492],[0,-492],[0,-99],[20,-15],[45,-39],[69,-47],[17,103],[69,-77],[64,-70],[80,178],[173,21],[0,-39],[-35,-270],[41,-109],[71,-82],[25,-21],[8,-71],[3,-42],[12,-48],[42,-91],[68,-143],[62,-133],[57,-125],[55,-120],[18,-161],[11,-140],[-7,-92],[22,3],[51,109],[112,158],[10,24],[68,7],[26,110],[-2,19],[8,10],[-3,108],[0,104],[30,-19],[18,18],[19,69],[0,41],[-32,48],[45,46],[67,26],[131,159],[34,-71],[30,-46],[5,-2],[4,-39],[17,-43],[11,-3],[25,-70],[0,-103],[-14,-27],[-6,-28],[31,-48],[-12,-47],[20,-76],[72,-38],[6,-66],[32,-71],[23,0],[10,-49],[18,-59],[-7,-69],[26,-20],[-6,-45],[22,-73],[79,-110],[37,-44],[37,-136],[42,-104],[50,-108],[-23,-50],[32,-130],[21,-58],[27,-85],[-1,-4],[28,-176],[58,-183],[31,-161],[27,-100],[2,-14],[27,-129],[46,-153],[8,-27],[32,-153],[-34,-139],[90,-55],[-22,-200],[70,-78],[-8,-61],[12,-60],[7,-121],[70,16],[31,-70],[83,-120],[24,-51],[85,-46],[44,-116],[23,-23],[21,-5],[11,-118],[21,-16],[29,-37],[40,31],[28,-134],[-4,-112],[4,-6],[-22,-100],[-12,-18],[-7,-46],[1,-60],[10,-38],[-5,-118],[11,-97],[13,-54],[6,-133],[12,-44],[1,-21],[-36,-104],[-12,-58],[-2,-22],[-7,-39],[-2,-33],[-24,-103],[-20,-65],[-22,-53],[-10,-29],[-30,-66],[-17,-11],[-9,-23],[9,-27],[-5,-3],[-2,-15],[-8,9],[-2,-4],[-8,10],[-6,14],[-3,31],[4,8],[-2,11],[1,18],[-2,8],[-5,-4],[-6,14],[-1,-41],[-7,-16],[-12,-12],[-5,12],[-4,4],[-12,27],[-4,34],[3,23],[-4,7],[-2,33],[0,22],[-5,22],[2,13],[6,0],[0,18],[-5,16],[-4,22],[-5,17],[-5,5],[3,18],[0,27],[4,7],[0,28],[7,7],[15,12],[11,17],[4,19],[9,2],[1,-26],[4,-19],[4,-6],[6,3],[5,10],[9,11],[4,36],[-3,10],[-4,-2],[-3,-35],[-8,-10],[-7,12],[-1,21],[-4,28],[-6,-13],[-10,-9],[-1,-10],[-6,-16],[-8,-9],[-19,-13],[-9,9],[-2,18],[-11,18],[-1,24],[-3,22],[-1,35],[17,37],[6,20],[6,8],[8,29],[2,17],[7,15],[5,0],[7,-8],[6,1],[3,9],[-6,13],[-2,20],[1,20],[-2,16],[2,26],[-2,20],[-6,0],[-4,52],[2,17],[3,7],[3,19],[5,24],[-2,22],[4,24],[12,0],[-2,8],[-13,10],[-2,29],[1,16],[-3,45],[-2,10],[0,17],[-2,33],[3,20],[-13,59],[-8,35],[6,11],[-2,11],[-10,-7],[-4,10],[-14,66],[-3,7],[-7,31],[-5,5],[-9,33],[-4,5],[-7,18],[-9,49],[9,18],[7,7],[15,29],[-1,25],[-7,-3],[-7,-22],[-5,-3],[-15,-33],[-16,-10],[-7,-6],[-2,-10],[-7,-17],[3,-13],[14,17],[8,0],[4,-25],[10,-27],[10,-21],[3,-15],[23,-76],[7,-40],[1,-16],[-2,-12],[3,-6],[3,-20],[9,-31],[7,-21],[2,-20],[-2,-10],[7,-34],[-1,-13],[3,-24],[-4,-17],[-1,-18],[7,-4],[1,-14],[-5,-23],[-10,14],[0,-25],[-1,-12],[2,-18],[-1,-35],[-3,-19],[2,-12],[5,-79],[-6,-19],[-3,11],[-2,20],[-6,4],[-2,-10],[3,-33],[-2,-39],[-5,-14],[1,-25],[-3,-12],[-1,-40],[-4,-10],[-7,-8],[-5,-25],[-4,1],[-7,-31],[-3,4],[-4,-11],[-6,-2],[-8,7],[-9,15],[-2,16],[-5,5],[-5,16],[2,12],[7,10],[10,33],[7,44],[2,22],[4,18],[-1,38],[-7,5],[-19,-18],[2,-11],[-1,-15],[7,-15],[3,-16],[-1,-13],[-4,-6],[-4,-31],[-4,-14],[-9,-7],[-7,-14],[-6,7],[-7,-4],[-16,18],[-6,21],[8,30],[3,0],[8,15],[6,6],[3,12],[-13,-3],[-6,-10],[-4,-2],[-5,-11],[-6,8],[-5,-9],[1,-9],[-4,-28],[-5,-1],[-4,14],[-9,10],[-11,28],[-8,11],[-6,-3],[20,-59],[-1,-11],[-8,1],[-6,19],[-7,3],[2,-25],[4,-28],[-3,-5],[0,-31],[-2,-5],[-10,8],[-5,22],[-4,-3],[5,-20],[-2,-12],[10,-30],[-3,-27],[-5,-16],[6,-8],[-1,-12],[-7,-13],[-5,0],[-7,28],[-5,28],[-3,4],[-3,20],[1,7],[-4,33],[0,22],[-1,23],[-5,18],[-2,38],[1,24],[3,15],[-7,26],[1,10],[12,0],[-3,10],[-3,36],[6,2],[8,-12],[-1,-7],[11,-18],[3,-11],[6,-1],[0,13],[-11,34],[-6,15],[-9,15],[0,23],[4,8],[6,-1],[5,7],[16,45],[4,15],[0,14],[5,25],[-4,6],[8,19],[7,-6],[-1,14],[2,13],[-7,3],[-9,9],[-6,24],[4,32],[1,29],[2,5],[-3,18],[-7,25],[3,5],[-1,14],[7,15],[3,-6],[5,22],[8,1],[7,-10],[10,21],[4,-7],[6,-1],[9,12],[5,9],[-11,15],[-4,-16],[-9,4],[-9,-12],[-4,-1],[-8,14],[-5,4],[-8,-11],[0,27],[-2,27],[15,4],[6,-4],[28,-1],[7,7],[2,7],[-12,1],[-4,5],[1,17],[-12,39],[2,12],[7,3],[-2,19],[-8,-10],[-3,22],[-18,-25],[-10,-24],[-12,-23],[-11,6],[-4,-8],[-4,5],[-6,-8],[-19,-11],[7,-23],[14,0],[6,-8],[6,-2],[5,-15],[3,1],[0,-35],[-5,-29],[-4,-2],[-4,-48],[-3,-10],[-11,5],[13,-62],[-8,-16],[-2,-27],[-5,2],[-5,-21],[-6,-5],[-6,8],[-8,19],[-5,23],[-6,3],[9,-33],[3,-29],[6,-14],[-1,-50],[1,-16],[-6,-5],[-1,-32],[-5,-5],[-7,15],[-5,5],[-6,21],[-8,6],[-8,11],[-5,1],[-8,15],[-4,20],[-6,10],[-3,21],[-2,25],[1,8],[-4,30],[-1,21],[-3,25],[-10,43],[-4,12],[-2,17],[6,3],[8,-23],[7,-11],[5,6],[2,21],[-1,39],[1,14],[10,0],[5,9],[16,-1],[4,4],[-1,16],[-7,7],[-2,20],[7,26],[6,11],[-1,32],[-5,17],[2,25],[6,5],[0,12],[21,10],[-1,13],[1,19],[3,3],[-4,41],[-2,12],[-1,21],[1,40],[2,33],[-1,56],[17,11],[6,0],[1,18],[5,7],[7,-6],[6,-9],[6,5],[9,12],[11,-12],[6,-10],[7,8],[10,-11],[0,18],[-5,3],[-8,15],[-11,0],[-7,10],[-5,1],[-8,-9],[-8,2],[-11,14],[-6,-6],[-7,10],[2,-20],[-2,-15],[-6,-12],[-14,1],[-7,-14],[1,-13],[-4,-44],[-8,1],[-2,-16],[-3,-5],[-6,20],[-1,16],[-7,22],[-7,-11],[-1,12],[-6,6],[-2,-16],[6,-14],[3,-15],[9,-15],[5,-20],[-6,-16],[-7,10],[-3,-18],[3,-10],[-12,2],[-1,13],[-9,-8],[1,-15],[4,-2],[8,-14],[-4,-7],[10,-46],[-3,-20],[4,-8],[6,-27],[-1,-22],[-9,-28],[-6,17],[-4,31],[-6,-34],[-4,-2],[-10,9],[-1,-13],[-9,-7],[5,-11],[-7,-25],[-6,3],[0,-13],[6,-6],[3,-14],[-8,-10],[-10,-4],[-3,25],[-5,14],[3,11],[-2,14],[5,2],[4,25],[-4,5],[-7,21],[-8,-4],[-3,7],[3,20],[-8,4],[7,17],[-6,12],[15,6],[5,10],[-15,8],[-9,-3],[-3,20],[2,18],[5,23],[-10,-6],[-6,11],[-6,-4],[-4,-16],[-9,25],[-8,-17],[0,-23],[5,-13],[-1,-19],[-6,10],[0,13],[-6,-4],[-3,19],[-4,13],[-3,22],[-8,34],[1,11],[-6,31],[8,27],[0,13],[-3,20],[5,13],[-8,10],[6,22],[6,8],[7,-9],[5,7],[8,0],[8,68],[7,13],[0,21],[5,14],[9,-2],[18,19],[4,-6],[5,-15],[3,-19],[3,-11],[0,-12],[-4,-17],[0,-10],[3,-17],[-4,-27],[12,-23],[5,-19],[5,-12],[5,3],[9,-4],[7,14],[-9,5],[-15,34],[-5,41],[-5,14],[4,25],[3,43],[-4,6],[0,11],[-3,21],[4,19],[4,7],[-1,19],[-6,12],[-6,25],[-3,46],[1,7],[8,-6],[8,-18],[7,-7],[8,-2],[7,-14],[6,-40],[-2,-21],[8,-26],[6,-10],[5,2],[-3,20],[1,16],[-5,17],[-4,50],[-14,35],[-8,-3],[-6,24],[-5,8],[-8,19],[-2,15],[0,63],[4,6],[9,44],[-6,4],[-12,-17],[-11,-20],[-16,-7],[-12,12],[-12,18],[-1,16],[4,14],[-5,23],[8,1],[3,26],[-7,21],[1,11],[8,28],[-23,26],[-3,9],[-7,3],[-15,31],[-12,22],[-13,19],[-4,24],[1,15],[-5,17],[-11,17],[-8,18],[-5,40],[-6,20],[-7,10],[-1,14],[17,0],[4,8],[7,5],[-1,14],[5,3],[5,-19],[-2,-13],[5,-24],[6,5],[-3,26],[3,11],[-5,15],[-8,48],[6,18],[0,21],[-5,11],[-4,-24],[-8,-18],[3,-26],[-2,-17],[-6,-8],[-12,25],[-13,9],[-2,-15],[-8,19],[-10,11],[-7,20],[-5,-2],[-5,8],[-14,-3],[-6,5],[-6,31],[5,13],[-2,12],[-9,1],[-9,-4],[-3,-23],[-6,-10],[-6,-1],[-13,17],[-1,9],[-15,11],[-1,8],[-11,6],[-2,11],[-7,6],[-2,10],[-18,19],[12,7],[4,7],[3,28],[-4,25],[-6,16],[3,21],[11,5],[-4,23],[7,6],[7,-9],[2,-12],[4,-5],[8,4],[10,-5],[4,13],[5,4],[6,-10],[9,-1],[8,4],[5,15],[4,-2],[7,8],[-2,22],[-11,-10],[-13,15],[-6,2],[-5,-4],[-9,0],[-18,15],[-9,10],[-5,17],[-1,14],[5,18],[10,9],[-1,12],[-12,9],[-4,20],[-6,17],[-6,26],[-1,19],[1,24],[3,8],[-1,28],[8,9],[1,18],[6,17],[-4,4],[-23,-27],[-8,7],[-8,12],[-1,14],[-5,17],[-7,11],[-3,17],[0,34],[5,11],[2,31],[-1,17],[13,5],[12,2],[15,-39],[7,-6],[4,2],[24,-23],[14,-26],[11,-11],[6,-12],[14,-16],[8,-18],[6,-6],[16,-57],[12,-26],[4,-2],[0,19],[-14,27],[-12,48],[-11,29],[-12,21],[-6,22],[-7,12],[-13,2],[-16,34],[-11,36],[-13,10],[-8,14],[-7,21],[-17,0],[3,14],[5,9],[0,25],[-2,7],[-4,29],[3,32],[-1,34],[-3,20],[2,12],[-4,11],[-4,-20],[1,-15],[-2,-20],[2,-18],[-4,-4],[-6,15],[-4,-10],[7,-32],[-3,-15],[1,-40],[-12,-5],[-10,11],[-4,11],[-6,30],[1,13],[-7,18],[-4,25],[-13,47],[-5,17],[-2,22],[6,10],[0,7],[20,33],[10,-54],[8,-6],[2,17],[-5,22],[2,8],[-8,35],[-7,11],[-2,32],[-3,6],[-6,-10],[-3,-11],[-1,-18],[6,-15],[-3,-7],[-15,-15],[-10,-21],[-11,13],[-14,37],[-11,34],[-3,16],[-7,3],[0,13],[-5,28],[0,22],[-3,7],[5,16],[-4,10],[0,25],[-3,7],[0,18],[2,20],[-1,11],[8,15],[-1,43],[-6,20],[22,18],[4,18],[6,8],[-11,30],[3,23],[-4,15],[-4,36],[-5,-6],[0,-16],[-3,-23],[-2,-41],[-10,-13],[-9,-19],[-6,-28],[1,-11],[6,-9],[6,-23],[0,-11],[-8,-4],[-3,-14],[-2,-23],[-10,9],[-20,-12],[-6,-8],[-21,11],[-14,22],[-6,0],[-10,12],[-6,0],[-7,-15],[-9,8],[-14,8],[-12,27],[-10,30],[-6,26],[11,20],[13,8],[-2,20],[-11,-3],[2,29],[0,24],[-16,-9],[-11,-1],[-10,19],[8,3],[-5,15],[1,12],[-5,48],[-2,10],[-3,37],[-5,7],[-6,15],[3,11],[-8,16],[-8,34],[-2,6],[-10,36],[-5,11],[-12,69],[2,6],[8,-5],[9,4],[-7,25],[0,27],[4,7],[-2,13],[2,12],[-1,34],[-6,8],[-9,29],[8,17],[-9,0],[-3,-21],[-2,-37],[-4,-11],[3,-10],[-5,-12],[-5,1],[-4,14],[-5,32],[-11,36],[-4,10],[-5,31],[4,21],[-2,29],[-7,34],[-1,82],[-6,22],[-2,15],[1,28],[-2,26],[-4,18],[-3,34],[-5,32],[-6,21],[-5,41],[-9,-4],[-3,17],[2,19],[-4,10],[-9,36],[2,14],[-1,38],[4,35],[-2,9],[1,26],[4,18],[1,42],[3,20],[-2,19],[-4,7],[1,17],[-5,2],[0,-15],[1,-23],[-4,-42],[0,-35],[-6,-53],[-1,-26],[3,-20],[-4,-9],[-23,17],[-12,24],[-4,-16],[21,-32],[7,-6],[1,-17],[5,-22],[-4,-19],[14,-11],[7,-21],[9,-56],[-5,-9],[7,-18],[-1,-8],[9,-38],[-7,5],[-14,21],[-3,19],[-1,35],[-3,7],[-4,28],[-10,20],[-2,13],[-11,22],[-14,15],[-6,13],[-15,8],[3,-11],[11,-16],[6,-14],[0,-11],[17,-42],[4,-14],[-1,-14],[2,-21],[6,-21],[1,-15],[11,-4],[5,-10],[2,-10],[-1,-25],[-4,-18],[-1,-21],[6,-9],[0,-10],[-7,-13],[1,-17],[2,-15],[-3,-11],[8,-35],[0,-23],[9,-3],[5,-7],[-1,-22],[-4,-8],[7,-33],[9,-49],[3,-7],[9,-36],[1,-45],[-1,-20],[13,-39],[3,-31],[4,-9],[2,-18],[5,-26],[-1,-14],[2,-7],[1,-26],[-5,4],[-1,27],[-7,7],[-2,10],[-7,-4],[8,-20],[-2,-7],[3,-27],[5,-11],[0,-25],[4,-7],[6,-30],[2,-21],[-4,-8],[4,-28],[8,-30],[1,-17],[3,-27],[1,-29],[6,-28],[2,-53],[-6,0],[-9,-10],[3,-22],[-5,-12],[4,-36],[8,-42],[-2,-9],[-8,6],[-10,21],[-8,-6],[-6,14],[-8,10],[-3,8],[-13,-5],[-6,5],[-6,11],[-9,33],[-6,38],[-8,21],[-3,21],[-7,69],[-5,31],[0,28],[-6,35],[-7,24],[-4,-9],[8,-23],[2,-12],[-7,-16],[9,-42],[3,-9],[-3,-30],[-7,-7],[-9,21],[-9,17],[-5,-2],[-11,22],[-16,-33],[-12,-6],[-6,4],[-12,-1],[-14,-11],[-9,0],[-14,-8],[-2,9],[4,14],[2,23],[-1,10],[2,27],[6,10],[-7,10],[-12,-19],[-15,22],[-1,14],[12,25],[6,-5],[2,21],[-7,5],[-1,17],[-4,6],[1,17],[-2,18],[-5,15],[5,8],[2,-13],[9,18],[9,-23],[4,10],[6,1],[6,13],[-11,8],[-7,17],[-4,16],[2,13],[-4,8],[-6,29],[-3,28],[-7,2],[-7,19],[1,20],[-1,14],[-5,18],[-3,23],[-12,36],[2,22],[7,11],[11,6],[1,13],[-13,-1],[2,9],[-4,16],[-1,13],[2,25],[3,4],[-2,19],[-6,8],[-2,14],[-8,14],[0,21],[-11,3],[-1,-20],[2,-21],[7,-10],[2,-17],[-5,-21],[6,-13],[-1,-12],[4,-21],[-2,-29],[-4,-28],[-6,-14],[1,-25],[-4,-5],[1,-32],[-10,6],[-6,-6],[-10,3],[-8,22],[-12,10],[-13,24],[-9,22],[0,12],[-8,-14],[-2,11],[-9,1],[-6,12],[-6,29],[1,17],[-7,53],[2,3],[-1,26],[-8,14],[-4,-2],[-1,-20],[1,-17],[-4,-21],[-4,8],[-4,25],[-6,12],[-6,34],[-11,31],[-4,-1],[15,-70],[8,-26],[2,-23],[-2,-12],[-8,8],[-7,2],[-2,13],[-18,27],[-10,5],[-2,9],[-11,13],[-11,9],[-7,27],[-6,12],[-7,7],[-7,22],[0,8],[-10,16],[-5,20],[-9,0],[-2,-16],[3,-6],[3,-22],[5,-9],[4,6],[9,-41],[10,-12],[6,-23],[2,-23],[-6,-19],[-6,8],[-16,-1],[-8,-11],[-9,-49],[-13,-31],[4,-15],[21,53],[5,30],[14,-5],[5,-7],[7,8],[9,-16],[5,2],[10,-9],[5,-12],[6,8],[5,-3],[10,3],[10,-14],[2,-9],[9,-4],[2,-13],[12,3],[9,-6],[8,-11],[3,-11],[16,-33],[-5,-11],[6,-11],[4,10],[5,-6],[2,-11],[-9,-11],[-13,16],[-2,-9],[7,-8],[10,-20],[4,-1],[10,-16],[9,-9],[11,-37],[-13,-39],[-17,-23],[-7,-18],[-2,-12],[-12,-10],[8,-10],[10,0],[1,18],[5,12],[9,7],[6,-5],[3,16],[10,18],[5,-9],[-1,30],[5,6],[13,-26],[3,-15],[14,-25],[3,-22],[-8,9],[5,-28],[6,-18],[6,5],[5,-14],[2,-20],[6,-27],[5,-3],[-1,-19],[3,-26],[6,-9],[-4,-14],[-1,-10],[7,-14],[3,-32],[-1,-14],[5,-14],[0,-13],[-10,-6],[-9,-27],[-5,-3],[-9,5],[-8,-8],[-6,-1],[-3,-11],[-19,-15],[-5,10],[1,22],[4,14],[2,13],[-9,14],[-6,-10],[-10,1],[-4,-5],[5,-19],[1,-25],[-2,-29],[-6,-7],[-6,16],[-9,5],[-3,-14],[-6,5],[-8,-5],[-10,17],[-6,0],[-4,30],[-3,7],[-14,-13],[3,-18],[6,-10],[4,-14],[0,-16],[5,-9],[2,-22],[-1,-20],[-6,-11],[2,-11],[-3,-9],[-7,-10],[-13,-2],[-6,3],[-10,40],[-3,30],[8,13],[6,0],[-1,17],[-5,-1],[-8,-11],[-1,18],[-3,2],[-3,-21],[-9,8],[-1,26],[7,16],[-13,7],[4,-14],[-6,-18],[-5,7],[-3,11],[3,25],[0,19],[-6,8],[-3,-24],[-9,-5],[0,28],[4,19],[-6,5],[-2,13],[-8,-3],[-4,7],[-14,10],[-17,-13],[0,-15],[-5,-5],[-5,15],[-14,35],[-22,34],[-11,7],[-9,22],[-26,38],[-15,38],[-25,40],[-5,10],[-11,16],[-11,5],[-9,20],[1,29],[-3,19],[-18,43],[-13,29],[-11,22],[-11,17],[-15,31],[-4,12],[0,20],[4,9],[1,26],[-4,25],[-1,21],[-17,47],[-19,44],[-18,34],[-10,18],[-4,15],[-14,25],[-18,24],[-10,10],[-56,50],[-20,15],[-20,32],[-33,64],[-24,37],[-19,24],[-25,27],[-61,61],[-16,16],[-41,56],[-36,53],[-10,16],[-10,20],[-22,32],[-25,35],[-8,16],[8,20],[16,-19],[12,4],[-4,12],[4,18],[7,0],[3,22],[-6,12],[8,23],[6,-11],[0,-21],[-2,-9],[2,-18],[12,18],[1,12],[12,13],[-6,8],[3,12],[4,24],[5,7],[2,15],[7,13],[6,22],[5,2],[2,15],[-5,8],[-13,30],[-5,29],[-5,10],[-4,31],[1,19],[-9,34],[-3,32],[3,34],[6,3],[16,26],[7,26],[0,16],[5,16],[-1,9],[5,12],[-9,29],[-2,24],[-7,6],[0,-16],[-9,-32],[-7,-15],[1,-28],[-3,-26],[-7,-3],[-5,-11],[-9,-6],[-7,-11],[-8,-33],[-8,-24],[0,-15],[2,-18],[-3,-18],[-9,-13],[-27,-24],[-12,-7],[-30,-32],[-20,-16],[-13,-14],[-4,-16],[-8,-15],[-15,-13],[-11,-6],[-21,7],[-48,11],[-10,4],[-10,-2],[-12,5],[-44,22],[-15,10],[-26,33],[-29,29],[-55,58],[-24,23],[-21,25],[-6,15],[-5,28],[4,7],[3,-13],[0,-16],[5,-19],[4,18],[9,10],[2,16],[8,9],[7,-3],[14,11],[-3,10],[3,11],[-2,12],[7,15],[2,20],[-6,21],[-2,21],[-11,28],[10,0],[5,25],[10,12],[5,19],[3,-1],[7,11],[3,-4],[5,12],[4,35],[-4,24],[-5,-3],[4,-16],[-7,-36],[-13,-14],[-11,-18],[-9,-8],[-10,0],[-5,7],[-5,16],[2,43],[-6,16],[-4,-6],[-8,-27],[-5,3],[-11,15],[-9,24],[-8,2],[-1,-20],[6,-14],[1,-16],[9,-8],[7,-14],[5,-28],[0,-17],[10,-6],[13,-37],[-8,-30],[-17,-14],[-12,-6],[-9,-16],[-2,-9],[-15,-8],[-24,-2],[-15,2],[-12,11],[-28,33],[-31,22],[-30,10],[-29,20],[-26,14],[-24,8],[-14,0],[-4,10],[-25,14],[-15,5],[-30,6],[-31,2],[-28,-5],[-23,-13],[-38,-16],[-18,-4],[-61,-12],[-30,-7],[-28,-8],[-21,-14],[-32,-28],[-11,-15],[-13,-5],[-18,14],[-7,18],[-6,4],[-17,4],[-15,-6],[-8,1],[-9,7],[-20,2],[4,12],[7,7],[19,3],[10,-7],[6,10],[8,-7],[6,5],[-7,33],[-11,21],[-1,11],[-8,-1],[-4,10],[-12,8],[-5,15],[-11,4],[-12,14],[3,17],[-8,8],[8,10],[-6,8],[-18,-13],[-13,-1],[-4,3],[-12,-5],[-15,21],[-5,0],[-4,-12],[-17,22],[-17,16],[-17,9],[-22,4],[-24,5],[-5,12],[8,11],[9,7],[17,4],[17,12],[-2,9],[-8,15],[-10,-2],[-18,13],[-8,-12],[-13,9],[-3,25],[5,20],[13,42],[0,10],[6,17],[-1,8],[15,59],[7,22],[-11,1],[-12,-8],[-7,-16],[-2,-19],[-11,-1],[-1,-5],[-15,-9],[-10,-15],[-8,-26],[-8,-48],[0,-38],[-8,-10],[-8,13],[-9,1],[-5,-7],[-13,16],[-10,16],[-3,10],[-15,10],[-23,41],[-11,6],[-6,13],[4,23],[-14,10],[-14,25],[-15,8],[-9,0],[-3,6],[-11,-3],[-8,8],[-5,-10],[-10,-2],[-18,-9],[-14,13],[-5,-1],[-5,13],[10,16],[4,16],[6,-6],[6,9],[7,16],[14,14],[6,30],[8,22],[9,16],[4,14],[2,17],[3,9],[3,21],[13,21],[-1,17],[-6,3],[-4,-13],[-29,-33],[-10,-7],[-13,-13],[-12,-1],[1,11],[8,5],[9,14],[-4,11],[-9,-11],[0,14],[-5,6],[7,13],[7,29],[-8,-5],[-7,-13],[3,-9],[-11,-20],[-3,-28],[-18,-11],[-3,7],[2,24],[7,19],[14,49],[-10,-10],[-7,-13],[-7,-7],[-3,-11],[-5,-3],[-22,-23],[-7,-13],[-12,-9],[-2,5],[-17,-3],[-3,27],[9,9],[12,33],[19,34],[7,4],[12,22],[-6,9],[12,13],[-5,9],[3,12],[0,16],[-5,1],[-3,-17],[-9,-24],[-6,-24],[-3,14],[-7,-23],[-11,12],[0,11],[-7,0],[-2,-29],[-6,-7],[-12,0],[-5,11],[1,27],[3,26],[-6,-4],[-2,-23],[-8,-32],[-7,-8],[2,-9],[-15,-22],[-18,-5],[-11,12],[-3,-3],[-15,7],[-6,-15],[-9,5],[-3,9],[1,22],[-10,25],[0,12],[7,-3],[5,-15],[9,-3],[-2,15],[6,26],[8,-8],[-2,-19],[14,13],[5,9],[-8,9],[8,10],[17,-1],[4,7],[7,1],[16,10],[7,0],[23,36],[4,27],[18,7],[19,-15],[-3,16],[-7,0],[-2,10],[-6,7],[-7,15],[-4,-8],[-9,14],[-8,-20],[1,-9],[-19,-39],[-20,-12],[0,12],[6,16],[-3,6],[-6,-9],[-10,-23],[-6,-4],[-7,4],[-7,-3],[-10,9],[-3,11],[5,12],[-9,17],[-5,-13],[-5,-26],[-5,-2],[2,31],[3,6],[2,18],[-7,14],[-7,-9],[-3,-11],[-6,16],[-3,18],[3,3],[-11,20],[2,4],[-2,18],[-7,24],[2,16],[7,-11],[1,-13],[7,-13],[11,10],[9,-17],[7,-3],[4,6],[-6,24],[-7,7],[-7,-8],[-6,0],[-10,23],[-1,14],[6,0],[1,26],[2,7],[5,30],[7,-10],[13,1],[9,-7],[2,6],[-4,15],[-7,7],[-15,7],[-2,17],[11,23],[12,0],[2,-5],[15,5],[8,-4],[15,2],[17,10],[11,-8],[19,6],[1,22],[-9,23],[-29,-3],[-4,12],[-15,-2],[-8,-10],[-23,-3],[3,14],[-4,10],[-8,-26],[-10,-14],[-8,-29],[-6,-32],[-5,0],[-6,-10],[-10,-3],[-1,20],[-6,-5],[-1,-10],[2,-21],[-6,-10],[-3,-14],[-7,-20],[-3,-22],[-6,-16],[-12,-22],[-14,-14],[-2,7],[-18,6],[-2,5],[18,27],[4,21],[-1,12],[-9,-9],[-3,-18],[-10,-23],[-1,22],[5,18],[4,5],[7,24],[4,26],[-5,18],[0,13],[-6,27],[-5,9],[2,10],[-6,20],[11,11],[5,11],[2,13],[-23,8],[-6,-5],[-6,-12],[4,-28],[4,-5],[-4,-16],[-6,-11],[7,-14],[4,-35],[-4,-9],[5,-10],[1,-16],[-10,-24],[-4,-19],[-4,-5],[2,-43],[-6,0],[-5,-10],[-11,24],[0,38],[-2,11],[-7,-20],[-8,-4],[1,-15],[7,-37],[-2,-7],[-16,-7],[-3,-12],[0,-11],[-10,-14],[-12,10],[-13,2],[3,20],[-3,12],[16,46],[-3,6],[-11,-29],[-3,0],[-4,17],[3,6],[2,34],[5,13],[7,0],[-2,11],[-7,-4],[-7,-19],[-4,-32],[-5,-15],[-1,-46],[-4,-22],[-6,10],[-2,15],[4,13],[-1,35],[-3,31],[1,12],[6,5],[1,18],[-4,7],[2,13],[-1,33],[10,8],[-5,20],[1,16],[-4,5],[1,16],[-7,26],[6,8],[-2,11],[-8,-8],[-3,-17],[4,-16],[-1,-12],[2,-16],[-5,-22],[0,-12],[-9,-40],[5,-14],[-7,-45],[-5,-17],[9,-11],[1,-15],[-6,-28],[4,-5],[1,-14],[-5,-19],[6,-3],[-2,-15],[-1,-23],[-9,-5],[-9,-9],[1,15],[-4,5],[0,24],[-13,7],[-4,14],[6,46],[-7,5],[-4,-9],[1,-15],[-9,-2],[5,-13],[-6,-37],[-7,-5],[20,-30],[-6,-18],[-2,-19],[-4,-1],[-8,11],[-3,9],[-9,-7],[-6,7],[-9,28],[0,19],[-3,26],[-6,-5],[4,-12],[-5,-27],[6,-14],[3,-17],[-1,-17],[-12,-10],[-6,11],[-2,-23],[-12,-11],[-10,7],[-9,-4],[-8,5],[-4,9],[1,13],[-3,12],[7,34],[-1,16],[3,15],[6,20],[-3,11],[1,13],[6,10],[10,35],[9,15],[9,39],[3,0],[7,22],[-1,16],[3,17],[8,29],[-11,3],[16,33],[9,24],[2,10],[23,55],[2,11],[17,14],[18,25],[-14,8],[-20,-16],[5,15],[1,9],[5,11],[6,28],[-9,9],[-18,-47],[-10,-45],[-3,-1],[-8,-22],[-4,-19],[-5,-9],[-14,-37],[-6,-12],[-2,-13],[-5,-13],[0,-38],[-8,-25],[-11,-26],[-6,-6],[-3,34],[-4,4],[-2,36],[-9,36],[5,17],[-12,1],[-3,-34],[-4,-3],[-7,8],[-17,-10],[-10,-19],[-2,-10],[-18,1],[-1,-13],[12,-7],[-5,-34],[-7,-17],[-11,-15],[3,-14],[3,-2],[11,15],[14,45],[5,17],[15,22],[8,3],[16,15],[2,-6],[-2,-37],[-3,-28],[0,-24],[-4,-6],[-2,-20],[-10,-13],[0,-21],[-8,7],[-9,14],[-4,-10],[6,-8],[1,-23],[7,-7],[-4,-22],[-8,-34],[5,-4],[-4,-33],[-8,13],[-13,16],[-6,-16],[9,-14],[10,-21],[0,-8],[-6,-8],[-9,2],[-2,9],[-9,20],[-9,3],[-12,-1],[-12,-12],[-7,6],[-10,0],[-17,-29],[-14,-17],[1,-12],[14,3],[15,17],[11,16],[5,-1],[5,-9],[12,11],[11,-3],[0,-16],[-4,-10],[-8,-3],[-10,4],[-16,-20],[-9,-17],[-11,-35],[-4,-6],[-3,-36],[8,9],[1,15],[5,15],[3,-12],[-7,-25],[-5,-3],[-5,-19],[7,-6],[16,40],[9,48],[9,10],[4,20],[5,5],[10,-8],[6,-11],[2,18],[13,13],[9,-15],[-4,-10],[3,-12],[0,-16],[-9,-15],[3,-42],[-2,-15],[-5,-12],[-10,-11],[7,-18],[4,-1],[7,21],[9,2],[-3,11],[4,30],[3,5],[3,17],[7,16],[1,10],[8,30],[9,6],[6,-8],[5,5],[14,-3],[2,-9],[7,-2],[3,-13],[1,-26],[-3,-9],[4,-10],[0,-14],[3,-11],[-1,-18],[-5,-16],[-6,-11],[-2,-17],[-5,-9],[-10,-7],[-15,-25],[-6,-4],[-3,-17],[-10,-29],[-3,-24],[-4,8],[-6,2],[-14,14],[-3,13],[-8,14],[-8,4],[-13,-10],[-10,-21],[-6,-8],[-19,-42],[-5,-20],[-13,-31],[7,-22],[6,7],[0,10],[8,6],[7,20],[9,18],[5,18],[8,3],[24,41],[6,-17],[-3,-18],[9,6],[6,-2],[3,-19],[7,2],[4,-14],[-7,-12],[7,-10],[8,12],[11,1],[1,-27],[-6,-36],[11,17],[3,20],[0,27],[-4,5],[0,33],[12,28],[6,-8],[1,-40],[4,1],[-1,46],[2,26],[4,22],[8,-3],[1,17],[9,2],[6,-32],[7,-10],[-12,-17],[3,-22],[5,14],[5,9],[7,-11],[-2,-24],[10,3],[4,-22],[-6,-30],[-6,-6],[-1,-9],[9,-13],[2,15],[4,-1],[6,-29],[-6,-20],[-8,-4],[-7,-19],[-6,-11],[-13,-2],[-3,-17],[-8,4],[-6,16],[-4,-12],[9,-26],[-3,-14],[-10,-12],[-15,5],[3,-17],[-1,-7],[2,-20],[-26,-51],[-7,1],[-4,17],[-9,11],[-11,-21],[10,-7],[4,-10],[5,-28],[-14,-31],[7,5],[4,-14],[6,27],[4,0],[8,20],[4,17],[19,12],[7,-11],[-2,-13],[-11,-4],[1,-12],[5,-7],[6,-20],[-4,-33],[-5,-16],[4,-17],[6,23],[5,45],[3,3],[1,35],[6,1],[2,-14],[8,-6],[2,-7],[-8,-24],[-3,-24],[-3,-13],[7,-10],[-3,-19],[9,1],[3,38],[-1,25],[9,11],[3,-15],[-2,-11],[-9,-53],[-6,-19],[4,-8],[-6,-32],[-2,-1],[-8,-31],[1,-12],[-8,-22],[-16,-15],[-13,5],[-11,10],[33,10],[2,6],[-18,5],[-5,-5],[-7,5],[-1,11],[4,7],[9,6],[8,-5],[6,4],[2,19],[-9,-2],[-12,9],[-7,9],[1,20],[-4,8],[4,19],[0,26],[-7,11],[-9,-1],[-3,-18],[3,-15],[-6,-8],[-5,-33],[6,-15],[-4,-31],[-5,-4],[0,-22],[-3,-14],[-9,-6],[12,-15],[-3,-22],[2,-9],[-2,-16],[-4,-6],[-1,-19],[-12,6],[-3,11],[2,10],[-5,8],[-1,26],[-4,2],[-9,33],[-4,-2],[3,-20],[1,-31],[-1,-19],[-4,-23],[-16,-33],[-10,-4],[-6,6],[1,21],[-5,5],[-5,-7],[-11,21],[-5,3],[-10,-8],[-6,-25],[-10,-8],[-7,6],[1,9],[-6,11],[-4,15],[-1,14],[-11,2],[-9,-22],[-8,-6],[-2,17],[-6,5],[-5,-15],[-10,3],[-6,8],[0,21],[17,49],[5,6],[2,18],[-7,12],[-9,-13],[-8,1],[-5,-16],[-7,-3],[0,-11],[-4,-19],[-8,-6],[2,-11],[-3,-20],[-3,-5],[0,-22],[-4,-23],[-9,-19],[4,-6],[0,-12],[-6,-20],[-5,4],[2,24],[-4,17],[2,29],[-2,7],[2,25],[-8,3],[2,28],[8,12],[-7,5],[-5,-5],[-3,83],[-7,17],[2,26],[-3,7],[-16,-7],[-5,-22],[1,-22],[2,-11],[-2,-14],[1,-11],[-2,-15],[16,-45],[1,-14],[-7,4],[-5,-9],[-5,-42],[-5,-29],[-5,15],[-7,0],[-7,-10],[-10,-26],[4,-10],[0,-15],[-7,-1],[-1,-19],[-2,-19],[-7,-14],[-3,-21],[8,-9],[3,-32],[-1,-16],[7,4],[5,-9],[2,-21],[-3,-12],[-6,-4],[-2,19],[1,16],[-9,5],[-3,23],[-5,-26],[-5,18],[6,2],[7,18],[-5,7],[-6,-8],[-5,10],[0,14],[5,5],[2,16],[-8,4],[2,22],[13,25],[-12,6],[1,14],[4,2],[-7,17],[0,21],[-6,27],[-10,5],[-6,-13],[4,-25],[3,-25],[-1,-25],[-5,-2],[-3,-16],[2,-13],[1,-29],[-7,-3],[-2,13],[-9,18],[-10,-2],[-3,-5],[10,-15],[2,-18],[5,-14],[8,-11],[-7,-9],[0,-8],[6,-9],[-5,-12],[8,-10],[-2,-16],[4,-21],[5,-5],[-5,-13],[0,-16],[-4,-5],[5,-29],[-5,-8],[-9,-1],[4,25],[-7,1],[3,20],[4,-5],[4,13],[-21,28],[-1,13],[-12,1],[-3,10],[1,12],[-6,14],[-13,-1],[-5,6],[-8,21],[-12,0],[3,29],[-8,18],[3,-30],[-5,-23],[3,-14],[7,-3],[6,-12],[13,-13],[4,-14],[-3,-27],[8,7],[6,-7],[0,-30],[-4,-26],[-5,-9],[-11,-4],[-2,-18],[-8,-32],[-5,9],[-2,11],[2,20],[-6,14],[-4,4],[-4,13],[-5,-6],[2,-16],[6,-7],[-3,-23],[-1,-23],[-4,-10],[-7,24],[-4,-17],[10,-23],[9,-10],[-9,-14],[-12,-9],[-7,11],[2,17],[-8,-6],[3,-32],[6,-16],[-9,-21],[0,16],[-8,-9],[-6,1],[6,-34],[-6,-16],[-4,15],[-7,-1],[3,-13],[-8,-4],[0,-34],[3,-24],[-11,3],[0,-21],[-7,7],[-5,-4],[3,-18],[-5,-6],[-3,-12],[-8,10],[6,31],[3,3],[3,18],[8,9],[3,14],[-15,-1],[4,18],[12,-4],[2,14],[-6,8],[7,18],[-9,10],[7,21],[0,10],[6,9],[-1,16],[10,20],[-8,14],[2,8],[13,34],[-6,14],[9,23],[2,17],[0,19],[6,16],[2,19],[-3,22],[-8,-37],[-6,-20],[-1,-14],[-7,-27],[-4,-34],[-10,-32],[-3,-25],[-4,-12],[-7,-10],[-6,-36],[0,-16],[-6,-21],[-3,-25],[-6,-18],[-11,7],[1,19],[9,6],[-3,13],[-7,-3],[-9,10],[1,16],[-5,15],[8,17],[1,11],[6,10],[2,14],[0,27],[-4,9],[-4,-15],[-10,-18],[-4,-14],[-2,-21],[-6,-11],[-5,10],[-8,-8],[6,-15],[8,-11],[1,-14],[8,-16],[0,-28],[-17,0],[-1,-8],[15,-9],[3,-10],[-7,-25],[-7,0],[-8,-9],[-10,19],[-12,-10],[-2,-24],[-7,-33],[-9,-16],[-11,-4],[-3,-24],[-7,-23],[-7,-1],[-6,-10],[9,-22],[0,-14],[3,-12],[-15,-38],[-11,3],[-9,-9],[-4,11],[2,15],[5,7],[0,16],[-7,-1],[-1,19],[-5,8],[-7,-1],[0,-10],[-5,-16],[-9,14],[-11,4],[-15,24],[-6,-7],[-9,11],[-11,3],[0,-7],[13,-14],[5,-12],[5,3],[9,-8],[10,-14],[1,-5],[14,-10],[0,-29],[-6,-17],[-12,-15],[-15,18],[-3,-12],[-5,-6],[-4,29],[-6,4],[-1,-14],[-4,-11],[-11,16],[-10,25],[-15,10],[-9,-15],[-14,-18],[-1,-9],[7,-4],[4,3],[5,-7],[-2,-9],[-8,3],[-7,-11],[-15,11],[-3,-14],[-12,-4],[15,-19],[-5,-13],[-6,3],[-24,-1],[-7,-10],[-7,7],[-4,19],[2,26],[-1,14],[13,0],[0,9],[-6,5],[-8,-1],[-10,-16],[-17,1],[-16,22],[4,10],[8,1],[-2,13],[-13,6],[-8,-8],[-5,7],[0,30],[-4,39],[7,11],[1,26],[8,7],[3,10],[13,2],[11,-9],[6,-14],[9,-3],[-5,22],[-18,16],[1,8],[-8,6],[-2,21],[5,25],[20,15],[10,14],[8,4],[2,-6],[-2,-20],[3,-13],[12,-26],[2,6],[-8,22],[-3,25],[5,35],[11,6],[4,10],[13,-10],[8,3],[1,-11],[15,4],[4,13],[16,-20],[-7,34],[0,9],[8,27],[1,18],[15,1],[10,29],[7,3],[6,11],[6,-9],[4,11],[-3,9],[6,8],[11,5],[0,-10],[16,3],[-8,17],[-5,38],[3,7],[11,9],[1,8],[12,15],[-1,27],[4,13],[5,7],[3,16],[7,-5],[-1,19],[8,7],[1,16],[4,7],[6,0],[3,11],[-6,25],[-13,-2],[-15,-11],[-19,-32],[-12,-28],[-12,-21],[-27,-38],[-10,-3],[-13,-13],[-5,-10],[0,-10],[-5,-12],[-9,-11],[-10,0],[-5,6],[-27,12],[-10,12],[-35,57],[-5,12],[-9,34],[-5,29],[5,26],[6,23],[7,50],[2,29],[11,34],[6,37],[6,77],[4,27],[9,16],[15,57],[20,40],[8,18],[8,27],[19,53],[4,18],[3,24],[4,56],[-1,34],[2,42],[3,12],[8,6],[12,17],[2,49],[2,59],[0,32],[3,43],[-9,14],[-10,31],[-4,54],[-3,23],[-6,24],[-6,28],[-1,26],[13,17],[17,9],[9,10],[3,24],[11,9],[31,4],[12,5],[11,10],[4,15],[32,53],[9,20],[11,15],[20,43],[11,16],[10,27],[13,10],[16,22],[16,16],[1,6],[19,17],[13,22],[6,1],[10,-17],[6,-33],[8,-35],[13,-35],[14,-40],[15,0],[6,-4],[7,-14],[8,6],[12,-8],[0,-23],[4,-3],[5,10],[0,27],[11,6],[13,48],[8,24],[6,8],[24,1],[27,-27],[6,-25],[10,1],[13,12],[11,-13],[15,-7],[5,-13],[6,-5],[6,7],[7,-12],[10,-4],[25,0],[7,-7],[18,-2],[5,-11],[9,1],[5,-11],[7,-4],[20,-40],[2,10],[-3,17],[-6,14],[-4,20],[-14,34],[-10,7],[-19,30],[-7,-5],[-24,-7],[-15,-9],[0,11],[-5,12],[-8,7],[-24,36],[-6,4],[-5,-4],[-21,3],[-8,16],[-15,8],[-13,15],[-11,20],[-7,27],[-5,11],[-8,22],[-14,13],[-8,15],[-11,24],[-26,22],[-1,17],[11,20],[1,19],[4,5],[7,-5],[16,9],[7,17],[7,44],[5,13],[13,53],[11,14],[9,0],[7,11],[1,27],[-3,14],[6,12],[9,7],[8,-1],[18,23],[9,-1],[6,8],[4,14],[9,8],[15,26],[-3,16],[-13,0],[-12,15],[-2,15],[-16,-3],[-4,4],[-12,-9],[-10,-18],[-22,-29],[-5,-27],[-11,-32],[-14,-7],[-4,-9],[-3,-29],[-5,-21],[-2,-24],[2,-18],[-3,-23],[1,-19],[-3,-9],[-7,-8],[-9,-18],[-25,19],[-16,5],[-20,2],[-19,-5],[-4,2],[-28,-13],[-23,-2],[-7,8],[-9,19],[-7,32],[-9,-3],[-3,-15],[-7,-2],[-5,16],[-5,2],[-4,-22],[-6,-16],[-17,-22],[-23,-20],[-5,-10],[-8,-8],[-14,-3],[-9,-17],[-10,-9],[-9,-16],[-10,-30],[-3,-17],[-7,-32],[-9,-43],[-8,-23],[-7,-4],[-18,-4],[-15,-9],[-9,-24],[-6,-2],[-17,5],[-18,-2],[-13,-21],[-11,-21],[-13,-21],[-5,-19],[-15,-28],[-6,-2],[-2,-18],[-13,-28],[-9,-26],[1,-20],[6,-36],[7,-23],[13,-63],[-1,-20],[-2,-6],[-10,4],[-3,11],[-14,9],[-3,13],[-6,14],[-8,7],[-9,23],[-3,-11],[2,-9],[14,-19],[3,-12],[-19,-21],[-23,-41],[-11,-26],[-11,-39],[-6,-38],[-10,-19],[-10,-1],[-25,-44],[-13,-38],[-7,-39],[1,-36],[6,-30],[9,-10],[10,-19],[-19,-28],[0,-8],[-13,-5],[-5,-7],[-5,-27],[-1,-29],[-7,-18],[-14,-9],[-9,-13],[-10,-25],[-3,-21],[-5,-7],[-12,-2],[-9,9],[-5,15],[-5,2],[-3,-10],[-9,8],[-8,-20],[-2,5],[-9,-3],[-16,11],[-6,10],[-5,-3],[9,-27],[14,-23],[11,-5],[6,-14],[2,-10],[11,-12],[5,-10],[-3,-18],[8,-22],[17,-23],[7,-27],[-1,-33],[-7,-25],[0,-14],[-19,-51],[-4,-11],[-3,-45],[-4,-14],[-11,-12],[-12,-9],[-5,-20],[-7,2],[-9,-6],[-6,10],[-14,-9],[-6,9],[-11,4],[-10,-4],[-10,-13],[-20,-14],[-4,6],[-11,-15],[-11,-29],[12,-3],[13,-19],[11,8],[5,21],[8,-3],[11,4],[5,-6],[3,-22],[-2,-33],[-4,-20],[-2,-23],[-7,-45],[-1,-13],[-5,-1],[-7,-13],[-15,-13],[-2,-19],[-18,-24],[-6,-2],[-6,7],[-5,36],[-11,-8],[4,-15],[1,-22],[-11,-12],[-13,20],[-8,-1],[-2,15],[10,16],[0,16],[4,25],[-2,18],[4,2],[7,12],[-5,11],[-6,-5],[-7,20],[-4,5],[0,14],[-4,11],[-5,-3],[-3,-10],[3,-25],[-1,-11],[3,-19],[0,-22],[-5,-23],[-1,-31],[-7,-17],[-11,-4],[-8,-12],[-2,16],[-9,20],[-2,31],[-6,-15],[0,-26],[-7,-6],[-13,0],[0,-18],[6,-4],[9,9],[7,2],[6,-23],[11,-6],[1,-20],[-8,-41],[-2,-3],[-16,5],[-12,-7],[-8,2],[-13,-14],[-2,-17],[5,-16],[7,-6],[8,-49],[-11,-17],[4,-16],[-9,-5],[-17,-16],[-13,8],[-9,-8],[-14,-39],[-2,16],[-6,1],[-1,-13],[-12,-12],[-5,14],[-9,-18],[-7,-8],[-5,7],[-5,-7],[6,-12],[1,-12],[5,-3],[10,5],[3,6],[13,0],[4,-5],[-9,-21],[-16,-17],[-9,-16],[-7,-39],[-1,-42],[-2,-8],[3,-17],[4,-4],[-3,-15],[-5,5],[-9,-11],[4,-14],[-9,-13],[-8,2],[-3,-16],[-7,-16],[1,-16],[4,-3],[13,1],[7,-6],[1,-23],[-7,-9],[3,-21],[-5,-16],[2,-13],[8,-26],[7,-8],[6,12],[12,40],[4,8],[12,1],[20,-7],[8,-9],[7,1],[11,-8],[4,3],[8,19],[7,7],[7,-4],[3,-11],[7,3],[6,8],[10,-31],[5,-23],[11,-27],[16,-22],[9,-4],[10,18],[12,-30],[10,0],[2,-26],[4,-8],[6,-22],[9,0],[2,-14],[-3,-6],[3,-29],[4,-8],[-9,-12],[9,-15],[12,14],[4,-16],[-11,-15],[-6,2],[-7,10],[-4,-7],[-4,-18],[-4,-60],[-4,-31],[-7,-22],[-3,-17],[-7,-10],[-6,6],[-5,-7],[-4,-18],[-9,-1],[-4,-6],[-7,-26],[-3,-34],[-11,-3],[-8,-20],[-21,-5],[-9,-7],[-9,2],[-11,8],[-15,-6],[-3,-26],[5,-13],[-3,-6],[-5,-27],[-2,-25],[4,-9],[-6,-25],[-8,-7],[-9,-1],[-3,5],[-9,-7],[-8,0],[-4,-16],[2,-40],[5,-30],[6,-12],[5,1],[8,-12],[-5,-11],[0,-10],[-8,-4],[-4,-19],[-8,-1],[-5,5],[-4,-10],[-6,-6],[-7,15],[-7,1],[-8,-10],[11,-7],[1,-10],[-17,-5],[-26,-36],[-8,-14],[-1,-10],[6,-22],[9,7],[3,-8],[8,14],[-3,25],[13,9],[5,-7],[3,13],[-5,5],[2,11],[10,0],[4,-5],[4,-29],[11,-15],[-8,-14],[-7,1],[-11,-7],[-3,-9],[16,-26],[-2,-9],[2,-13],[-9,-1],[4,-17],[-17,-15],[-7,4],[-3,-10],[-7,1],[4,-20],[8,-9],[7,-14],[0,-12],[-15,-4],[-6,7],[-1,12],[-12,14],[2,-23],[-2,-16],[6,-14],[2,-28],[-4,-9],[-5,4],[1,12],[-5,5],[-10,30],[-5,6],[-7,21],[0,29],[-9,21],[0,-15],[3,-35],[-3,-3],[4,-26],[2,-31],[-5,-20],[-8,4],[-11,-6],[-2,-27],[-5,-15],[-2,-20],[-12,3],[-9,6],[-3,18],[0,18],[-8,2],[-12,-16],[-4,-44],[-8,-10],[-12,-6],[-3,5],[-3,16],[-16,10],[-7,-5],[-10,-23],[-9,-1],[-8,-8],[-3,10],[-4,-23],[2,-11],[-4,-21],[-9,-1],[-6,-9],[-6,-1],[1,-13],[4,-15],[10,-19],[1,-9],[-6,-29],[-11,-8],[-8,-9],[-8,1],[-4,-9],[-9,16],[-5,3],[0,-13],[6,-9],[2,-14],[-6,-11],[-12,-6],[-15,8],[1,-34],[-7,-10],[6,-12],[3,-19],[7,-17],[-1,-30],[-13,-1],[-12,-21],[-1,19],[-3,20],[-8,7],[-11,6],[-10,13],[-9,20],[-1,11],[-7,3],[-8,-8],[-4,-9],[-2,-24],[2,-8],[-5,-25],[-1,-26],[7,-21],[6,1],[3,-10],[-5,-23],[-13,-5],[-14,-12],[-5,-11],[-9,-3],[4,-15],[0,-12],[-4,-10],[5,-26],[-3,-12],[0,-29],[-14,3],[-8,18],[-1,17],[-4,0],[-5,-10],[-3,-17],[-14,-11],[1,-11],[-7,0],[-11,11],[-9,27],[-3,4],[-8,-7],[2,-27],[3,-23],[-4,-1],[0,-33],[1,-27],[7,-21],[-3,-20],[-20,5],[-10,35],[-10,7],[-4,9],[-8,-12],[-3,-31],[-10,-6],[-7,-12],[-3,2],[-9,-8],[-5,-12],[-3,-15],[-4,-5],[-10,-29],[-9,-6],[-6,-26],[-7,-6],[-2,-10],[-6,5],[-8,-11],[-3,-23],[1,-16],[3,-12],[6,9],[21,20],[5,1],[8,12],[5,-1],[6,8],[7,-12],[-5,-6],[1,-10],[7,-8],[-3,-34],[-3,-17],[-11,-3],[-5,-9],[-2,-21],[4,-9],[2,-17],[7,-10],[8,-4],[-7,-36],[-4,-15],[-8,-7],[-4,-18],[-6,5],[-10,-1],[-1,-15],[7,-3],[1,-32],[-9,-6],[-3,-15],[-8,-19],[-19,-5],[-2,-8],[5,-11],[6,-32],[-3,-22],[-9,6],[-16,19],[-7,3],[-7,30],[-5,9],[-6,-4],[-3,-9],[-7,7],[-2,-9],[5,-19],[5,-13],[-11,-33],[-1,-33],[-4,-43],[-6,-9],[-4,4],[-2,30],[-9,21],[-2,24],[-9,-1],[-4,-11],[-3,-34],[-2,-15],[-8,0],[-5,-6],[-8,-19],[-14,-65],[-17,-2],[-4,-21],[4,-9],[-3,-14],[2,-7],[-7,-20],[-8,-5],[-8,6],[-1,9],[-7,13],[-10,12],[-1,14],[-5,8],[-6,19],[-14,28],[-6,2],[-9,-6],[-7,-15],[-3,-14],[3,-28],[3,-9],[9,-3],[0,-17],[5,-14],[-10,-7],[-8,-15],[-3,12],[-9,1],[-8,-20],[-7,-49],[3,-29],[8,-6],[3,-11],[9,6],[2,-18],[6,-18],[-2,-16],[-9,-11],[-13,-6],[-2,7],[-17,2],[-8,-12],[-5,4],[-6,-3],[-3,11],[-5,6],[-4,17],[-6,41],[-4,5],[-10,-4],[-13,-21],[-3,-14],[-10,4],[-13,-12],[-4,-9],[-4,-25],[-6,-6],[-13,-2],[-13,-32],[-8,-9],[-6,-17],[-1,-28],[13,12],[22,16],[6,2],[4,12],[17,5],[9,-9],[9,5],[6,-21],[-5,-12],[3,-24],[-2,-22],[-7,-12],[-1,-15],[-7,-2],[-10,15],[-11,2],[-4,14],[-7,-3],[-7,15],[-7,-3],[-14,6],[-2,7],[-9,3],[-4,-17],[2,-11],[5,1],[4,-10],[-3,-33],[-10,6],[-5,-12],[-6,7],[-13,3],[-11,18],[-11,3],[-3,-4],[-10,-24],[-10,-8],[-6,-31],[-9,-33],[-3,-1],[-9,-26],[2,-25],[3,-11],[4,-3],[10,3],[1,-11],[9,-8],[-2,-20],[2,-17],[6,5],[2,17],[12,12],[4,-11],[6,1],[3,-15],[9,0],[3,-11],[12,-5],[-6,-24],[-9,-9],[-1,-9],[-8,-5],[-8,-15],[-11,-7],[-5,10],[-10,0],[8,-14],[12,-15],[10,-2],[-9,-41],[10,6],[5,12],[4,1],[14,25],[10,25],[5,-9],[-1,-13],[-6,-11],[-1,-19],[-8,1],[-5,-9],[-5,0],[-3,-21],[-5,5],[-7,-6],[-12,-19],[2,-5],[1,-16],[-3,-9],[-7,14],[-1,44],[-4,-5],[-4,-21],[0,-22],[-9,9],[7,-37],[5,-23],[-2,-31],[-7,9],[1,16],[-5,14],[2,9],[-2,11],[-7,-9],[-6,-1],[7,-29],[1,-12],[-9,-22],[3,-3],[8,-24],[3,10],[-5,15],[2,8],[7,-12],[5,-2],[-3,-29],[1,-17],[-8,-7],[-2,18],[-10,28],[-4,1],[0,-22],[2,-14],[-1,-31],[-4,2],[-5,24],[-3,8],[-5,26],[13,18],[-3,9],[-13,-13],[-7,-2],[1,31],[11,8],[-1,9],[-11,0],[2,20],[0,17],[6,9],[3,-5],[3,34],[2,11],[8,5],[5,9],[-7,12],[0,21],[-12,-8],[-8,2],[-6,9],[-1,-13],[8,-13],[10,-2],[-1,-7],[-9,-17],[0,-16],[-7,-22],[-9,-12],[-3,10],[4,18],[-4,14],[-10,6],[5,-16],[1,-16],[-3,-5],[-1,-17],[9,-22],[-4,-8],[2,-10],[-1,-15],[-7,-13],[-11,0],[3,-19],[8,-2],[6,5],[7,-19],[1,-15],[-2,-18],[-14,-10],[11,-23],[-4,-14],[-3,0],[-5,19],[-5,-2],[-3,-13],[-7,8],[2,16],[7,3],[-4,21],[3,12],[-3,11],[-4,-7],[-8,10],[1,-19],[-5,-18],[-7,5],[-3,14],[0,15],[-6,-1],[-3,-10],[0,-14],[-8,-29],[-8,-47],[-9,7],[-9,-1],[-6,-6],[-3,-10],[3,-13],[-1,-21],[-8,3],[-10,36],[-5,0],[-12,-17],[-5,0],[-5,-11],[-1,-11],[-10,10],[-8,-1],[-13,-11],[-2,-26],[-7,-11],[-1,17],[-8,8],[-8,-9],[-3,-12],[-4,-5],[-1,-25],[-2,-12],[2,-30],[-5,-14],[-4,8],[-3,20],[-5,9],[-3,28],[4,22],[-3,14],[5,26],[-11,5],[-11,-16],[-4,-24],[4,-20],[6,-8],[2,-25],[0,-22],[2,-18],[0,-29],[-2,-16],[-5,-16],[-3,-3],[-6,-24],[6,-15],[-2,-27],[0,-27],[-7,-15],[-4,5],[-5,-18],[-1,-12],[-6,-32],[-9,-12],[-4,5],[-5,-13],[-12,-3],[3,26],[6,9],[-2,10],[-9,-10],[2,16],[20,5],[7,-11],[-1,19],[6,11],[-1,14],[-5,-2],[-2,10],[-9,5],[-5,-4],[-4,5],[6,13],[4,22],[5,4],[8,17],[-7,9],[-8,30],[6,29],[3,7],[1,14],[5,24],[1,14],[-5,15],[-24,26],[-16,1],[-10,6],[-11,-14],[4,-16],[-2,-12],[2,-18],[-4,-20],[-4,-5],[-7,3],[-3,9],[-14,30],[-4,-8],[3,-19],[-2,-26],[-7,24],[-8,-4],[-6,-20],[-1,-16],[8,-15],[2,-14],[-1,-19],[-3,-1],[-17,11],[-1,-7],[3,-16],[-9,2],[-1,14],[-4,3],[-3,-24],[5,-36],[-1,-10],[-15,-5],[-9,-6],[-6,13],[-5,-7],[-1,-12],[-6,-13],[-20,9],[-17,21],[-5,-17],[-1,-12],[13,-13],[8,-19],[-2,-10],[-6,3],[-9,-31],[-7,-6],[0,-27],[-6,-28],[2,-16],[-3,-23],[-6,-8],[-3,-12],[-10,4],[-5,51],[-8,30],[1,17],[-5,16],[3,18],[-5,5],[-4,-13],[3,-9],[-11,-34],[-5,-5],[-14,15],[-11,-7],[-4,-7],[1,-20],[8,-6],[7,3],[6,-8],[8,0],[4,-18],[0,-24],[-4,-22],[-7,-8],[-19,-1],[-5,-5],[-6,4],[-12,19],[-1,25],[5,13],[-3,14],[-5,8],[-13,2],[-4,-3],[-9,-18],[-3,-25],[-8,-24],[1,-10],[-4,-20],[-15,-20],[-10,-20],[-10,-12],[-17,-14],[-5,-15],[-11,-17],[-14,-1],[-7,6],[-1,21],[-5,6],[-6,0],[-13,-10],[-5,-12],[-8,-8],[-14,4],[-4,14],[1,18],[5,10],[2,18],[4,55],[-1,36],[15,43],[2,17],[6,25],[6,10],[3,22],[0,29],[-7,13],[-19,8],[-10,0],[-14,-6],[-14,-11],[-6,-14],[1,-16],[-4,-6],[-4,-16],[1,-12],[-4,-6],[-7,-24],[1,-11],[-7,-10],[3,-17],[-2,-21],[1,-13],[-3,-58],[3,-27],[-16,-58],[-4,-7],[-14,-48],[-3,-16],[-11,-26],[-3,-21],[-2,-34],[-5,-7],[-2,-15],[-8,9],[-6,16],[-6,11],[-9,3],[-5,-2],[-3,-18],[6,-6],[1,-13],[4,-29],[-5,-11],[12,-8],[3,-6],[0,-25],[5,-13],[-4,-23],[-8,-13],[-9,-5],[-9,-22],[-8,20],[-12,18],[-4,9],[3,10],[5,5],[-3,11],[3,16],[-10,9],[-9,-3],[-2,-16],[-10,-26],[-2,-15],[6,-22],[0,-12],[4,-10],[0,-11],[-8,-34],[-9,-12],[-7,4],[-7,20],[-2,23],[-5,-5],[-1,-17],[-3,-3],[-11,5],[-9,-7],[-10,12],[-12,25],[-5,22],[1,7],[-4,28],[15,10],[7,-7],[2,-14],[12,-10],[11,7],[0,9],[-6,7],[-7,-2],[-8,21],[-5,21],[-10,9],[-5,31],[-1,44],[-2,31],[-21,25],[5,33],[-11,0],[-9,5],[-6,-8],[-4,-22],[-9,-30],[-4,-31],[1,-18],[4,-5],[4,-14],[12,3],[3,-17],[6,-14],[1,-19],[7,-15],[-4,-20],[-4,5],[-3,-16],[0,-17],[7,-15],[1,-37],[8,-43],[0,-52],[5,-12],[-3,-10],[-7,7],[-1,17],[-8,18],[-11,8],[-6,-1],[-10,-17],[3,-17],[-4,-19],[-4,2],[-5,-17],[-8,-5],[-6,9],[-6,-4],[-3,-12],[-13,6],[-5,16],[-4,5],[-2,22],[-9,16],[-4,19],[1,17],[5,12],[-9,26],[-8,38],[-17,31],[-11,-1],[-10,-14],[-11,4],[1,-14],[-4,-7],[-7,-45],[1,-15],[6,-12],[7,-7],[6,2],[7,-15],[20,-35],[5,-31],[-8,-22],[-10,-11],[-13,-24],[0,-8],[-9,-21],[-6,-2],[-5,-17],[-1,-15],[-8,-10],[-15,-4],[-4,-25],[-12,3],[-3,32],[-5,23],[4,2],[14,19],[-1,16],[3,21],[-8,22],[2,33],[8,-10],[3,-10],[5,6],[9,-4],[4,-10],[4,4],[-5,15],[-6,6],[-9,16],[-2,10],[4,20],[1,25],[-1,45],[-9,36],[4,15],[1,15],[-7,-7],[-5,-18],[-15,-21],[-5,-11],[-2,10],[18,23],[19,40],[24,46],[15,17],[9,2],[11,24],[11,31],[7,-9],[-9,-11],[-5,-19],[-6,-11],[3,-14],[11,-2],[11,12],[5,-3],[5,-12],[6,-4],[1,17],[11,7],[6,-4],[2,14],[2,30],[3,6],[-1,23],[-5,6],[-5,-11],[-7,14],[11,27],[5,9],[4,-18],[4,16],[0,8],[5,12],[2,18],[9,4],[3,-7],[6,-1],[10,29],[5,23],[4,7],[3,22],[4,-11],[11,-7],[7,-16],[11,12],[7,18],[3,19],[-1,25],[-3,3],[-1,16],[4,20],[-1,16],[-10,0],[-9,-12],[-4,5],[21,51],[12,38],[11,33],[14,38],[21,72],[11,40],[15,32],[19,23],[16,41],[7,21],[3,5],[16,9],[17,25],[16,34],[19,50],[18,14],[14,7],[20,17],[12,16],[19,13],[19,9],[17,12],[25,20],[17,18],[15,13],[1,-6],[-28,-25],[-3,-15],[1,-15],[10,-1],[5,-6],[11,10],[13,-9],[11,13],[0,-14],[7,-11],[8,1],[7,21],[10,10],[5,-1],[6,20],[7,-2],[13,17],[3,-7],[1,-15],[-1,-30],[5,-16],[-5,-12],[-8,26],[-15,-7],[-9,-12],[-10,-26],[-2,-21],[5,-26],[13,-9],[1,-16],[0,-32],[4,-16],[6,-10],[4,1],[15,-49],[5,-8],[2,-13],[7,-18],[6,0],[-2,13],[2,14],[9,-2],[7,-8],[5,-11],[1,-21],[4,-23],[4,1],[5,49],[-12,19],[3,8],[-9,14],[-4,-1],[-9,15],[3,22],[-4,58],[-8,25],[1,11],[10,-5],[9,-15],[7,-7],[13,-6],[25,3],[8,12],[7,-11],[4,4],[9,-38],[-3,-14],[0,-29],[6,-12],[5,9],[0,12],[4,6],[6,0],[4,-18],[0,-11],[8,-8],[9,6],[6,-13],[8,-5],[6,3],[2,14],[-7,5],[-6,14],[0,11],[-8,14],[7,7],[20,12],[-6,11],[-3,17],[-11,-6],[-3,12],[-7,6],[-17,27],[-8,21],[-16,11],[-1,7],[-7,13],[-3,14],[-7,-3],[5,37],[-4,13],[-4,4],[-9,-6],[4,20],[6,15],[14,54],[10,48],[3,23],[1,19],[11,74],[7,52],[9,41],[10,22],[11,17],[13,29],[9,36],[13,28],[11,13],[6,1],[8,10],[15,29],[18,36],[17,41],[9,27],[9,19],[18,18],[4,7],[18,19],[35,42],[19,31],[6,15],[19,35],[9,3],[16,24],[5,2],[16,22],[11,21],[42,65],[25,58],[15,27],[-2,-12],[-4,-2],[-10,-19],[-1,-12],[11,-34],[15,-19],[12,-10],[11,-3],[7,10],[19,7],[5,-4],[4,7],[-3,12],[1,27],[2,9],[-6,18],[-1,21],[-5,12],[3,41],[-4,17],[2,42],[7,47],[11,44],[15,50],[8,36],[23,74],[14,44],[8,23],[20,51],[6,10],[5,3],[11,21],[13,20],[8,6],[10,11],[10,8],[0,16],[8,19],[5,5],[10,18],[12,45],[8,33],[16,23],[23,56],[11,17],[10,4],[3,6],[5,-4],[1,-28],[8,-30],[0,-16],[10,-11],[5,0],[8,38],[-4,48],[-1,23],[-4,32],[-6,5],[-21,-1],[-4,29],[2,85],[3,28],[5,30],[5,45],[5,94],[2,20],[2,74],[4,71],[7,102],[3,23],[7,36],[6,7],[4,-5],[10,1],[13,5],[8,13],[4,33],[-15,2],[-13,36],[-13,39],[-1,10],[3,10],[-4,13],[-1,40],[4,64],[3,26],[5,36],[3,9],[3,31],[9,34],[4,0],[8,21],[8,0],[12,28],[7,26],[6,26],[8,29],[11,26],[4,4],[10,30],[11,22],[7,6],[7,18],[8,5],[2,10],[-5,12],[0,45],[2,11],[6,7],[5,23],[7,20],[1,35],[-8,20],[2,17],[8,21],[2,54],[4,21],[8,4],[-4,16],[-7,0],[-13,-18],[-8,-29],[2,-10],[-1,-23],[-8,-18],[-3,-28],[-14,-14],[-8,-2],[-3,-7],[-26,-21],[-9,0],[-9,-4],[-4,-10],[-16,-19],[-8,-19],[-12,-7],[-17,-16],[-6,-19],[-42,-31],[-25,-36],[-6,-11],[-13,-15],[-28,-27],[-32,-33],[-17,-12],[-9,-2],[-12,3],[-16,20],[-13,25],[-3,10],[-1,28],[-3,41],[-10,35],[-7,15],[-10,12],[-23,15],[-6,6],[-5,13],[0,10],[3,9],[-1,13],[1,15],[4,-3],[9,14],[-1,10],[4,98],[3,12],[-2,17],[3,32],[-7,2],[-7,-4],[-19,-73],[-4,-24],[-11,-19],[-9,-12],[-10,-18],[-15,6],[2,-14],[-3,-33],[-4,-27],[0,-13],[5,-35],[-3,-24],[-5,-19],[-6,-10],[-7,-3],[-8,4],[-2,-8],[2,-21],[6,-18],[3,-32],[2,-10],[3,-35],[2,-7],[6,-39],[5,8],[2,-11],[0,-26],[3,-44],[3,-13],[14,-16],[1,-10],[-5,-11],[-6,-28],[-17,-52],[-9,-11],[-19,-7],[-12,4],[-28,25],[-6,7],[-16,77],[-18,76],[-20,93],[-23,97],[-19,63],[-15,39],[-10,19],[-16,16],[-7,4],[-4,-10],[-11,19],[2,12],[12,44],[-2,21],[-6,22],[-10,7],[-15,-10],[-11,-4],[5,-14],[-4,-25],[-8,-24],[7,-18],[-2,-15],[-5,-9],[-2,17],[-6,1],[-4,-10],[4,-18],[1,-25],[-8,-11],[-9,-4],[0,-12],[-13,-11],[-14,40],[-5,25],[-6,6],[3,19],[0,15],[-7,19],[-10,5],[-12,-7],[-2,-20],[-9,5],[-10,-3],[-1,7],[4,22],[-2,17],[-4,11],[-6,2],[-9,-11],[-1,-15],[-6,-1],[1,37],[-6,31],[-9,2],[-7,-9],[4,23],[7,18],[7,-2],[1,22],[-7,38],[-15,30],[8,6],[-3,13],[-10,5],[-9,-23],[-24,-30],[-12,-18],[-7,-23],[-8,-8],[-8,-15],[-10,-14],[-14,-26],[-12,-27],[-7,-11],[-7,-20],[-4,-19],[-8,-48],[-2,25],[-8,25],[-6,10],[-8,1],[-2,-10],[-13,0],[-8,-24],[-16,-23],[-9,-21],[-9,-6],[-5,-13],[-7,2],[-6,-8],[-1,-14],[-10,0],[-12,-6],[-8,-8],[-3,-18],[-8,-15],[-9,-24],[-4,-23],[-1,-29],[4,-18],[-16,-11],[-15,-12],[-15,-16],[-5,-10],[0,-12],[-4,-9],[-9,3],[-10,-7],[-13,-23],[-3,-22],[-13,-4],[-7,-8],[1,32],[-5,28],[-7,21],[-7,11],[-22,0],[-3,7],[-6,-3],[-6,-11],[-7,10],[-5,-5],[-13,-1],[-8,-6],[-8,12],[-14,8],[-6,13],[3,6],[10,4],[3,12],[9,-1],[2,-9],[6,5],[2,8],[7,-1],[7,13],[7,-5],[1,-10],[7,-3],[0,-19],[8,0],[7,6],[11,21],[3,23],[-7,17],[0,7],[6,13],[11,15],[4,22],[5,13],[5,46],[-1,31],[-7,59],[-1,19],[0,38],[1,13],[-2,33],[-5,30],[-6,21],[-3,16],[2,15],[3,10],[-16,20],[-19,60],[-9,34],[-9,51],[-12,85],[0,7],[7,20],[6,39],[5,20],[10,16],[0,31],[10,12],[11,8],[5,31],[5,12],[7,-2],[4,33],[5,9],[13,1],[8,13],[3,22],[-12,38],[-2,14],[-6,20],[-12,33],[-4,23],[-11,36],[-2,22],[0,20],[-4,17],[3,15],[-14,42],[1,13],[-7,33],[-5,13],[0,12],[-14,39],[-11,31],[-7,28],[-7,47],[2,11],[-1,21],[-4,17],[-7,4],[-8,24],[-10,47],[-1,16],[-3,20],[-10,3],[-2,7],[-2,22],[-13,29],[-2,12],[-9,32],[-3,22],[-22,6],[-3,-16],[-8,-18],[-3,-20],[2,-30],[0,-38],[4,-47],[-6,-20],[-3,-18],[-9,-18],[-24,-9],[-13,9],[-12,12],[-6,-9],[1,-18],[-7,-22],[-13,-19],[-7,-7],[-13,-5],[-10,-9],[-3,-9],[-19,-26],[-14,-13],[-11,-16],[-16,-15],[-14,-10],[-18,-7],[-14,-12],[-18,-10],[-20,-8],[-33,-9],[-39,-6],[-33,0],[-17,5],[-22,10],[-6,6],[-19,9],[-18,17],[-6,9],[-8,23],[-6,42],[-7,32],[-2,21],[13,25],[7,-3],[8,8],[-2,9],[2,13],[-8,10],[-9,24],[-7,13],[-8,5],[-5,9],[-19,20],[-6,-1],[-7,25],[-5,-3],[-12,45],[-4,11],[-14,48],[2,19],[-9,21],[-11,9],[-15,27],[-9,19],[-3,26],[2,14],[-5,6],[-1,25],[-5,0],[-7,-18],[-10,0],[-24,10],[-15,13],[-14,21],[-22,40],[-9,20],[-14,36],[-8,25],[-3,20],[7,-3],[5,8],[12,5],[11,14],[3,11],[5,29],[5,4],[2,22],[-3,14],[-25,5],[-5,-13],[-7,-1],[-5,-14],[-11,-7],[-2,-11],[-8,-9],[-8,1],[-13,-6],[-9,12],[-21,9],[-4,25],[-4,3],[-3,24],[7,8],[3,18],[8,3],[17,-7],[4,3],[7,14],[-1,16],[7,17],[11,-1],[7,15],[5,24],[14,5],[3,22],[7,18],[10,-2],[5,5],[10,24],[1,17],[-11,22],[-6,26],[2,10],[-3,13],[11,0],[9,8],[6,13],[15,17],[5,16],[2,13],[-4,13],[-15,21],[-7,19],[0,15],[5,25],[5,7],[-2,22],[-8,-1],[-6,-17],[-8,-13],[-5,-13],[-14,0],[-13,8],[-10,13],[-7,23],[-3,21],[0,19],[15,32],[6,6],[9,1],[5,-5],[13,-2],[6,4],[14,15],[1,22],[-2,28],[-8,3],[-9,-22],[-15,9],[-15,21],[-5,26],[-5,5],[-8,16],[4,28],[-10,8],[-9,1],[-8,21],[-9,14],[-9,-13],[1,-11],[-8,-39],[-3,-37],[0,-14],[-7,-5],[-8,0],[-6,6],[-11,-1],[-16,7],[-12,13],[-4,10],[-5,49],[-3,19],[3,34],[-4,13],[-3,24],[1,15],[8,13],[4,24],[-1,20],[-3,3],[-8,-14],[-2,15],[-14,0],[-25,23],[-15,-5],[-5,7],[-6,16],[-6,43],[-6,29],[-1,24],[1,10],[11,9],[19,25],[12,10],[5,26],[-3,22],[-6,12],[-9,26],[-9,-1],[-17,22],[-9,7],[-12,-6],[-4,-12],[-23,-11],[-7,-22],[9,-11],[-7,-10],[-13,22],[0,7],[-9,63],[-2,24],[4,51],[8,-5],[7,4],[18,3],[11,9],[30,19],[23,9],[14,8],[2,10],[-10,4],[-10,-1],[-7,14],[-14,-2],[-13,16],[1,13],[-13,-5],[-3,16],[-9,27],[-1,11],[-13,36],[0,23],[8,-4],[8,8],[33,12],[10,-2],[4,-6],[19,6],[7,-16],[10,22],[2,10],[8,4],[15,3],[8,-3],[2,10],[-18,48],[-1,12],[-10,30],[-10,64],[-1,20],[0,43],[8,59],[5,7],[4,32],[4,4],[7,40],[8,7],[7,23],[7,16],[20,63],[23,57],[15,51],[5,12],[9,4],[4,38],[6,25],[10,32],[14,35],[14,26],[14,30],[11,18],[6,5],[18,28],[12,5],[14,-1],[8,3],[6,10],[17,15],[-1,20],[-7,5],[-6,30],[-3,36],[-4,11],[1,25],[-3,0],[-5,20],[-1,19],[5,16],[-4,47],[14,15],[-11,18],[2,25],[6,31],[6,60],[6,34],[6,13],[1,14],[15,48],[15,24],[3,-3],[23,-1],[8,6],[0,22],[-13,24],[6,12],[-8,51],[4,18],[12,19],[16,37],[17,32],[12,19],[13,12],[15,4],[20,9],[4,5],[36,5],[17,-12],[22,-22],[12,-16],[8,3],[7,-13],[7,7],[16,-6],[0,-17],[8,-12],[12,-30],[12,-25],[5,-8],[5,16],[6,-12],[8,-2],[3,-14],[-6,-12],[1,-8],[15,7],[0,-13],[18,-19],[14,-32],[0,-20],[6,-12],[15,13],[14,1],[7,4],[31,7],[13,8],[5,6],[20,55],[16,16],[18,36],[2,9],[0,28],[6,24],[14,13],[12,-7],[17,16],[17,44],[6,12],[13,45],[14,38],[9,31],[4,6],[5,23],[-1,10],[14,42],[8,17],[21,36],[-2,23],[-4,2],[0,17],[-5,21],[14,2],[8,-5],[2,-15],[5,-3],[7,11],[7,-4],[-1,-11],[14,-8],[9,1],[5,-22],[11,-15],[-8,-5],[-5,-11],[-5,-2],[2,-15],[-4,-11],[-7,-1],[-9,-14],[14,0],[13,7],[6,-2],[2,15],[6,1],[9,-18],[4,21],[8,-9],[13,9],[12,-4],[7,-9],[5,9],[12,11],[6,-2],[9,11],[16,-3],[15,-14],[8,-2],[9,6],[5,19],[7,-4],[10,-12],[4,1],[13,16],[12,4],[9,-4],[20,18],[12,5],[9,15],[6,-1],[1,30],[10,11],[-2,18],[13,14],[6,18],[8,50],[7,-10],[6,8],[15,38],[11,42],[8,20],[12,35],[8,38],[2,22],[-1,55],[-9,49],[-4,39],[-9,45],[-10,37],[-4,10],[-6,43],[-5,30],[-5,43],[2,36],[-3,36],[2,66],[-6,27],[-8,23],[-34,72],[-16,40],[-14,29],[-2,11],[-7,8],[-1,12],[-7,-3],[-13,10],[-14,14],[0,8],[-19,-2],[-18,-28],[-3,21],[7,9],[6,13],[3,18],[1,25],[-3,18],[5,9],[-2,14],[11,7],[10,23],[7,2],[7,-17],[35,-25],[16,-3],[25,-1],[17,11],[1,16],[-13,14],[-5,-2],[-5,16],[22,-2],[14,5],[10,13],[-1,7],[10,25],[10,10],[10,16],[8,16],[2,17],[-2,36],[3,19],[-2,24],[2,21],[-16,47],[0,11],[-8,18],[-5,33],[-5,13],[-5,-3],[-18,15],[-3,16],[-5,-1],[-17,26],[-15,31],[-6,22],[0,20],[-10,-6],[-4,-22],[1,-16],[-6,-15],[-15,-23],[-7,-13],[-10,-27],[0,-10],[-6,-8],[-3,-13],[0,-24],[-4,-9],[-9,-3],[-4,-11],[-7,2],[-18,-9],[-4,-18],[-5,7],[2,14],[-9,10],[-19,12],[-7,16],[-5,-10],[-10,-9],[-31,-18],[-10,-20],[-6,-4],[-9,-14],[-1,-8],[14,-9],[-9,-8],[-51,-13],[-10,-4],[-15,-12],[-2,-14],[-8,-11],[-1,-21],[-6,-25],[-8,-10],[-11,-5],[-6,-7],[-8,-16],[-13,-12],[-2,-7],[-11,-10],[-13,-24],[-12,-9],[-8,-28],[-5,-28],[-6,-13],[3,-26],[-3,-14],[-1,-20],[-6,-13],[2,-28],[-30,-33],[-2,-12],[-9,-22],[-7,6],[-2,27],[3,23],[-1,31],[-8,41],[-8,14],[2,10],[-3,14],[9,12],[-6,22],[-10,10],[-9,14],[-5,26],[-11,5],[-15,-5],[5,12],[-1,20],[-6,18],[-12,18],[-7,1],[-9,11],[-1,25],[5,12],[-9,5],[-9,-1],[-7,-8],[-33,-65],[-1,-13],[8,-7],[14,-28],[23,-6],[5,-29],[8,-8],[7,2],[6,9],[9,-8],[6,0],[-4,-22],[4,-13],[-17,-16],[-4,-18],[3,-4],[-1,-22],[-3,-21],[-12,-12],[-7,1],[-4,8],[-1,14],[-8,9],[0,10],[-8,24],[-1,17],[-14,24],[-10,2],[-1,13],[-11,16],[-19,21],[-17,16],[-24,18],[-19,6],[-1,-3],[-19,0],[-16,10],[-22,-2],[-8,-16],[-10,5],[-10,-14],[-23,11],[-31,5],[-25,-2],[-13,-3],[-25,-12],[-16,-14],[-24,-23],[-53,-55],[-9,-13],[-21,-18],[-21,-6],[-20,1],[-7,-8],[-48,36],[-61,36],[-29,13],[-45,25],[-20,8],[-17,5],[-13,0],[-54,28],[-12,4],[-37,16],[-12,13],[-19,31],[-17,24],[-5,12],[-10,45],[-10,55],[3,30],[-2,41],[13,12],[6,22],[0,39],[-4,24],[-9,27],[-12,26],[-13,20],[-41,50],[-4,13],[6,29],[-5,22],[-11,20],[-24,27],[-9,14],[-21,60],[-5,26],[6,37],[2,24],[5,32],[11,37],[7,-19],[-2,-18],[-16,-20],[-10,-56],[0,-10],[7,-21],[-1,-8],[24,-23],[1,-8],[12,-3],[22,-11],[17,3],[21,15],[8,-4],[-2,21],[3,7],[9,9],[12,28],[0,22],[-4,33],[7,16],[19,20],[10,26],[-3,14],[-16,30],[-13,15],[-15,10],[-10,3],[-11,-2],[-8,-11],[-19,2],[-38,18],[-26,26],[-24,17],[-11,6],[-18,4],[-9,-1],[-18,9],[-18,0],[-37,7],[-18,15],[-19,27],[-19,19],[-3,14],[-25,39],[-35,29],[-4,18],[-20,15],[-16,9],[-3,-3],[-23,22],[-7,21],[2,9],[-8,28],[-2,25]],[[2970,78568],[5,14],[4,-9],[-4,-11],[-5,6]],[[2840,93473],[6,9],[9,4],[2,-30],[-4,-5],[-10,7],[-3,15]],[[2795,78383],[2,11],[12,6],[1,16],[3,6],[-4,12],[21,8],[6,8],[4,24],[0,10],[-5,6],[4,27],[9,-2],[3,-7],[11,17],[4,-4],[2,16],[-2,15],[-3,44],[20,29],[8,41],[2,20],[-1,10],[-10,17],[-1,15],[4,15],[-3,11],[3,15],[7,18],[0,11],[11,29],[5,3],[5,15],[1,13],[7,0],[7,17],[5,18],[2,16],[7,-2],[4,-12],[11,-12],[6,4],[8,13],[0,12],[9,-2],[4,-23],[15,10],[5,-12],[6,13],[-1,16],[4,6],[-2,15],[-7,-2],[-1,28],[-17,9],[-1,12],[6,5],[2,9],[6,41],[-1,12],[-5,5],[-1,30],[5,8],[13,49],[16,23],[14,34],[1,9],[16,12],[5,10],[4,-4],[6,11],[6,0],[4,8],[7,-8],[7,3],[8,13],[8,-5],[5,-13],[-2,-7],[3,-14],[5,-7],[9,-6],[12,-3],[20,2],[2,-24],[-1,-15],[-4,-14],[-14,-33],[-2,-10],[2,-15],[3,-17],[-1,-11],[1,-19],[-8,-16],[-8,-7],[-3,-13],[-10,-9],[-9,-13],[-7,-18],[-15,-23],[-10,-7],[-5,-7],[-2,-15],[-22,-17],[-20,-23],[-7,-21],[-11,-23],[4,-11],[-7,-12],[1,-16],[-2,-19],[-4,17],[-4,-5],[3,-12],[-2,-12],[3,-11],[-3,-11],[-6,-1],[-6,-20],[-10,-37],[-2,-25],[-7,-8],[-8,-1],[-3,-11],[-18,-11],[-13,-47],[-7,-13],[-16,-16],[0,-15],[-2,-6],[-12,14],[-5,-8],[-1,-13],[2,-10],[7,-12],[0,-14],[-8,-3],[-5,22],[-4,0],[-4,-12],[-7,0],[-4,-15],[-24,-39],[-5,1],[-2,-9],[-12,1],[-7,-19],[0,-16],[-10,-1],[-8,-10]],[[2755,78315],[12,22],[3,7],[9,14],[6,-2],[-13,-26],[-11,-13],[-6,-2]],[[2615,78570],[4,23],[0,22],[2,9],[4,-7],[5,12],[7,3],[4,-13],[0,-21],[2,-6],[-6,-11],[-4,-25],[0,-15],[-7,-13],[-6,7],[-4,17],[-1,18]],[[2608,82807],[8,1],[6,-6],[7,1],[16,-9],[12,3],[7,-5],[14,2],[3,5],[8,-2],[9,-14],[-5,-19],[-4,-9],[-11,-7],[-6,-28],[-5,-9],[-17,7],[-9,17],[1,16],[-3,11],[-11,11],[-9,2],[-4,17],[-7,15]],[[2605,78657],[3,4],[1,17],[5,9],[4,-8],[3,-17],[-2,-17],[-14,12]],[[2546,78394],[3,20],[3,10],[11,6],[17,-14],[6,5],[1,8],[-2,16],[5,8],[8,-3],[10,4],[0,10],[12,-1],[11,-7],[3,-17],[6,0],[0,-28],[-5,-17],[5,-12],[-9,-15],[-2,-9],[3,-25],[-10,-5],[-3,13],[0,12],[-9,16],[-6,-4],[-5,12],[-4,-2],[-7,15],[-4,-4],[-1,-12],[-13,-29],[-5,5],[-2,-7],[-7,9],[-7,17],[0,18],[-3,7]],[[2515,78474],[6,8],[3,19],[9,0],[12,-9],[5,-13],[-3,-33],[-7,-14],[-5,-4],[-11,11],[-9,35]],[[2498,78269],[2,9],[-1,24],[4,25],[-2,10],[16,7],[4,-13],[13,-9],[-1,-32],[-6,-25],[-13,-4],[-2,4],[-14,4]],[[2431,83446],[2,35],[8,18],[6,-5],[17,18],[5,-9],[15,0],[22,16],[7,10],[1,16],[8,-1],[-4,-16],[-6,-7],[-8,-39],[0,-21],[-4,-15],[-6,-5],[-5,-13],[-5,0],[-6,-7],[-1,-13],[-5,-18],[-3,9],[0,26],[-4,11],[-10,-3],[-24,13]],[[2314,78079],[3,39],[0,9],[3,11],[-1,16],[1,11],[13,7],[6,9],[3,28],[4,11],[10,-3],[5,21],[3,4],[6,-8],[4,3],[8,-7],[10,-19],[-1,-17],[1,-21],[-4,-8],[-9,-39],[-14,-6],[-7,6],[-6,-5],[-8,-15],[-3,-14],[-6,-11],[-2,-12],[-6,-11],[-7,17],[-6,4]],[[2221,78080],[2,0],[3,20],[5,8],[6,-5],[-1,-28],[-5,-1],[-10,6]],[[2182,77987],[1,20],[5,19],[12,17],[10,-29],[6,-13],[-5,-26],[-8,-23],[-8,-1],[-4,9],[-6,-1],[-3,28]],[[2034,90824],[3,7],[-1,18],[3,8],[-3,44],[3,31],[11,39],[3,24],[8,12],[4,22],[-5,28],[2,21],[7,27],[-1,24],[-4,41],[13,-2],[4,5],[11,-20],[2,-21],[-4,-12],[1,-16],[-2,-21],[4,-20],[10,-17],[15,-15],[49,-40],[19,-10],[14,-11],[10,-3],[34,-24],[15,-9],[26,-11],[12,1],[5,11],[12,11],[6,13],[7,5],[4,11],[10,12],[4,14],[9,13],[10,7],[4,13],[16,-6],[13,5],[2,18],[17,18],[16,-11],[20,-3],[16,3],[12,-28],[11,-11],[2,-19],[12,-22],[13,-4],[9,-34],[2,-26],[4,-14],[-3,-11],[8,-25],[-6,-16],[1,-12],[7,-18],[15,-13],[3,3],[22,-22],[7,-14],[13,-6],[19,-5],[27,-4],[6,-12],[17,-22],[0,-16],[6,-17],[17,-13],[23,-8],[8,2],[18,-4],[13,-9],[25,-6],[25,-1],[9,4],[32,-8],[4,-9],[11,4],[4,-8],[16,-16],[14,-7],[6,1],[12,-5],[2,-7],[-8,-26],[-2,-50],[-6,-12],[-10,-41],[-13,-29],[-9,-15],[-5,-2],[-19,17],[-5,8],[-16,9],[-24,5],[-16,-1],[-15,-4],[-25,-13],[-19,-16],[-4,-25],[-9,-9],[1,-7],[-8,-15],[-10,-6],[-15,-26],[-8,-32],[-3,-17],[6,-32],[7,-30],[-19,-7],[-8,-17],[-4,-24],[-18,17],[-13,6],[-3,8],[6,16],[0,8],[-9,24],[0,20],[-4,26],[-10,37],[-12,30],[-16,25],[-10,22],[-12,2],[-8,18],[-1,10],[-11,11],[-15,8],[-7,-6],[-15,3],[-12,9],[-11,-3],[4,12],[0,14],[-4,22],[-17,61],[-9,20],[-13,24],[-18,27],[-20,23],[-19,12],[-51,41],[-13,9],[-18,8],[-19,4],[-16,0],[-13,-4],[-6,-6],[-10,-17],[-22,-10],[-13,-15],[2,-25],[-9,-13],[-2,-13],[-10,-2],[-23,-31],[-8,3],[-2,9],[-11,10],[-9,-10],[-4,4],[-1,18],[-9,-1],[-3,9],[-10,5],[-6,10],[-7,1],[-3,9],[-10,0],[-5,28],[-5,16],[-5,5],[-2,13],[-7,21],[1,24],[-8,35]],[[1815,77741],[4,34],[6,13],[3,23],[4,10],[0,10],[6,5],[17,21],[4,16],[11,8],[3,-6],[5,6],[0,-16],[8,-12],[15,-2],[5,-13],[1,-24],[-4,-20],[-6,-6],[-15,-22],[-1,-11],[-4,-9],[-9,9],[-9,-21],[-11,-2],[-6,-20],[-4,11],[-7,-3],[-12,3],[-4,18]],[[1695,87343],[5,5],[-2,15],[4,32],[0,17],[9,6],[3,11],[7,9],[6,25],[10,-1],[1,-19],[-6,-31],[7,-31],[2,-19],[5,-20],[11,-21],[9,-13],[9,-25],[23,-33],[20,-22],[3,-8],[22,-17],[8,-2],[16,2],[4,11],[14,-9],[0,-6],[12,-27],[23,-39],[11,-12],[-10,-18],[-11,-2],[-9,38],[-11,6],[-13,3],[-6,-3],[-7,3],[-12,-1],[-11,-12],[-16,-9],[-6,8],[-3,13],[-14,17],[-14,14],[-11,34],[-7,13],[-16,36],[-12,21],[-10,30],[-7,7],[-8,-1],[-8,13],[-11,2],[-3,10]],[[1679,87528],[8,41],[8,-1],[-1,-14],[2,-15],[0,-29],[5,-16],[-2,-9],[-7,9],[-4,15],[-9,19]],[[1419,77577],[5,6],[4,-7],[13,-4],[9,1],[16,13],[0,-11],[-4,-20],[13,1],[6,4],[4,-12],[8,7],[5,23],[9,1],[7,-5],[1,6],[20,14],[3,7],[9,1],[3,-10],[7,-3],[8,21],[5,-8],[-1,-11],[-8,-26],[8,-4],[0,-16],[6,0],[5,17],[5,-6],[1,-10],[8,1],[5,-4],[6,3],[9,-7],[15,4],[8,9],[6,-4],[5,-13],[5,3],[8,14],[5,1],[4,-8],[-1,-20],[5,3],[1,11],[4,13],[3,-9],[11,-6],[12,3],[8,-5],[10,0],[1,-9],[-11,0],[-6,-13],[-16,-1],[-6,3],[-14,-21],[-14,-1],[-5,8],[-6,-9],[-10,1],[-6,-7],[-7,3],[-6,-4],[-8,-15],[-29,7],[-4,-12],[-1,-16],[-5,11],[-6,1],[-4,-7],[-5,10],[-2,13],[-7,10],[-5,-7],[-11,13],[-5,-9],[-7,10],[-9,-6],[-5,-7],[-9,4],[-15,-13],[-11,16],[-4,-9],[-4,12],[-9,-2],[-3,22],[-4,6],[0,10],[-6,22],[-5,-10],[-4,3],[-11,35]],[[1296,77440],[2,20],[4,-17],[-6,-3]],[[1252,77621],[5,12],[1,-12],[-6,0]],[[1060,77452],[5,4],[7,-9],[12,27],[3,-10],[8,-1],[8,25],[7,-2],[2,6],[8,1],[5,-15],[-2,-14],[7,3],[12,24],[4,14],[1,12],[7,-1],[5,-21],[6,13],[1,12],[5,3],[5,13],[0,16],[7,7],[1,-37],[4,4],[0,16],[7,2],[5,-13],[8,6],[9,-6],[9,5],[3,10],[-3,17],[8,3],[6,-15],[6,-2],[13,9],[8,-8],[-4,17],[4,1],[-1,20],[3,4],[8,-11],[14,3],[2,13],[-10,0],[-6,32],[3,6],[8,-10],[4,0],[7,13],[14,-7],[6,-10],[-1,18],[-11,20],[-1,19],[8,-4],[10,6],[10,-8],[2,-16],[3,-2],[3,17],[5,-7],[5,23],[3,-12],[4,11],[2,16],[7,4],[3,14],[-1,18],[-3,9],[-6,-4],[-9,4],[-6,11],[-10,-8],[-7,4],[1,12],[-5,3],[-7,-5],[-8,13],[-4,19],[6,10],[8,-7],[10,1],[3,-10],[5,6],[5,13],[2,12],[-3,39],[4,8],[8,-3],[4,5],[0,16],[9,7],[6,-1],[3,12],[7,6],[5,-3],[3,8],[4,-15],[6,-8],[12,-10],[4,-7],[1,-17],[7,-11],[6,-2],[0,-23],[4,-14],[2,-21],[-1,-25],[-4,-5],[-3,-17],[-6,-8],[0,-25],[-6,-21],[-8,-1],[-3,6],[-11,1],[-5,-6],[-4,12],[-4,-4],[-6,-20],[6,-22],[3,6],[5,-9],[2,-26],[18,-37],[2,-21],[-5,-25],[-3,18],[-10,13],[-7,-10],[-5,-2],[-9,-17],[1,-9],[-10,6],[-6,-2],[-2,21],[-6,-4],[-2,12],[-6,0],[-3,-13],[-8,-2],[-1,-19],[-6,-3],[0,-32],[-3,-6],[-2,-33],[-6,11],[-6,29],[-9,12],[-5,-3],[-3,14],[-6,4],[5,-26],[-6,-4],[-6,13],[-2,-5],[5,-17],[4,-8],[-2,-9],[-4,0],[-4,14],[-6,-2],[-8,-21],[-6,-7],[-3,12],[-9,5],[-5,-6],[4,-11],[-5,-18],[-7,-2],[-15,29],[-10,-2],[-19,19],[-9,-15],[-11,5],[-2,-19],[-8,6],[-4,8],[-2,-12],[3,-10],[-3,-10],[-4,5],[-7,-3],[-6,3],[-2,-12],[-5,7],[-9,3],[-8,0],[-2,5],[-9,-9],[-17,14],[-8,-3],[-2,-9],[-10,19]],[[1017,77399],[9,5],[4,9],[5,-15],[-9,1],[-6,-4],[-3,4]],[[1008,77633],[5,7],[6,-13],[-4,-16],[-4,4],[-3,18]],[[948,77368],[1,17],[3,10],[5,-1],[8,-10],[4,9],[5,-14],[-16,-11],[-1,-14],[-3,-9],[-4,8],[-2,15]],[[912,77359],[4,11],[17,7],[5,-40],[-4,-6],[-7,2],[-5,20],[-10,6]],[[888,77406],[4,8],[10,5],[21,-5],[2,-8],[-6,-9],[-8,7],[-1,-21],[-14,10],[-3,-1],[-5,14]],[[872,77379],[7,-1],[-5,-14],[-2,15]],[[862,77347],[1,16],[5,9],[2,-25],[-7,-5],[-1,5]],[[845,77294],[7,1],[7,16],[11,8],[10,3],[-2,-26],[7,0],[6,-6],[-4,-14],[2,-15],[-2,-16],[-9,15],[-8,8],[-9,-4],[-2,14],[-5,2],[-9,14]],[[818,77496],[1,15],[7,15],[0,16],[5,1],[6,15],[7,-5],[8,0],[4,-7],[6,1],[6,-30],[8,-12],[-2,-21],[8,-27],[-11,-3],[-8,-8],[1,-14],[7,-28],[-3,-11],[-9,-7],[-5,4],[-1,21],[-5,11],[-4,-6],[-5,9],[-4,-5],[-8,5],[0,18],[-6,23],[0,15],[-3,15]],[[812,77225],[9,23],[-5,17],[0,14],[3,7],[10,-1],[4,-17],[7,-12],[-2,-18],[8,-2],[0,16],[2,3],[10,-2],[11,-11],[1,-21],[-15,-5],[-9,9],[2,-21],[-1,-14],[-7,4],[-1,-11],[-4,-12],[-2,-16],[-4,6],[-4,17],[5,14],[-7,10],[-6,4],[-5,19]],[[601,76992],[5,7],[-3,24],[4,25],[4,3],[5,11],[10,9],[5,21],[5,7],[-3,25],[5,2],[-3,13],[-10,18],[-1,16],[-4,7],[2,17],[5,13],[5,1],[4,11],[5,-24],[6,-1],[11,16],[-3,12],[3,16],[7,26],[0,20],[-10,30],[-3,25],[3,14],[2,18],[5,10],[14,4],[15,-19],[3,0],[8,13],[0,15],[11,29],[7,-4],[2,-6],[1,-26],[-3,-25],[1,-13],[4,-12],[-1,-12],[-8,-4],[-11,-15],[-3,-19],[1,-18],[-4,-18],[11,0],[1,-16],[4,-3],[6,8],[5,-10],[7,3],[6,15],[9,-1],[3,-13],[15,33],[4,-2],[6,7],[6,-10],[9,13],[5,-1],[3,-15],[-3,-28],[-6,-4],[2,-20],[6,10],[4,-14],[0,-15],[-3,-14],[4,-5],[-8,-17],[-7,-40],[-4,0],[-4,-10],[-4,9],[-10,2],[-1,61],[-7,-3],[-2,-19],[4,-8],[0,-13],[-2,-15],[-8,-5],[-5,14],[-17,-37],[5,-5],[-4,-13],[-5,10],[-6,-16],[-5,-4],[-5,-23],[-7,-2],[0,-13],[-7,-3],[5,22],[7,3],[3,12],[-1,8],[-10,-8],[-5,3],[-7,-16],[-5,9],[-6,-4],[-2,-28],[4,-8],[-2,-29],[-9,16],[-6,-12],[-3,-10],[-5,-11],[-4,18],[3,26],[-7,39],[0,10],[4,7],[-2,29],[-3,-3],[-1,-16],[-6,-24],[-1,-20],[-5,-9],[-1,-15],[-4,-8],[-4,-34],[-6,-22],[-8,7],[-4,8],[-2,30]],[[468,77312],[1,12],[6,8],[5,-5],[1,-17],[-9,-14],[-4,16]],[[402,77083],[4,10],[5,2],[9,22],[12,-12],[5,2],[7,-8],[11,5],[1,20],[8,-3],[10,22],[3,-5],[7,0],[5,10],[12,11],[1,6],[8,-1],[8,6],[7,14],[6,3],[9,24],[-1,22],[3,7],[-1,25],[2,23],[0,56],[5,14],[6,1],[8,-4],[5,-9],[7,-3],[9,-25],[2,-16],[-7,-13],[2,-29],[-15,-23],[-3,-10],[-1,-29],[5,-25],[-3,-28],[1,-36],[-6,-28],[-8,3],[-9,-6],[-13,7],[2,-23],[-9,-12],[-6,7],[0,9],[-5,9],[-3,15],[-2,3],[-8,20],[-3,-5],[-13,-1],[-6,-3],[-8,-18],[-9,-13],[-5,4],[-5,-4],[-10,4],[-4,-5],[-5,8],[-6,-9],[-3,-11],[1,-33],[-10,-1],[-1,33],[-4,2],[0,19],[-4,3]],[[257,77282],[9,35],[11,6],[8,7],[13,-3],[7,-5],[11,2],[3,-5],[7,9],[7,-3],[0,-14],[14,-31],[-6,-22],[7,-13],[11,-1],[0,-19],[4,-3],[6,4],[3,9],[7,7],[5,-6],[3,-12],[7,-3],[10,16],[2,5],[16,6],[3,-19],[-7,-10],[-1,-8],[-8,-4],[-9,2],[-20,-25],[-9,-5],[5,-20],[-12,-47],[4,-23],[-1,-22],[-5,-13],[-5,-6],[-5,8],[-9,-14],[-3,-29],[4,-18],[4,-35],[-10,-6],[0,12],[-5,5],[-2,15],[2,20],[-3,7],[-13,1],[-6,5],[-3,22],[-12,-13],[-8,11],[-2,8],[4,16],[-1,22],[9,-7],[1,6],[8,-5],[7,8],[2,9],[6,-4],[5,8],[4,-1],[3,16],[-1,30],[-2,14],[-9,8],[-6,13],[-5,1],[-1,-13],[-6,0],[-3,17],[-6,8],[-3,19],[-5,4],[-3,10],[-4,1],[-9,19],[-10,8],[-4,13],[0,15]],[[233,76819],[8,3],[-1,-14],[-7,11]],[[129,76961],[0,7],[12,7],[10,-14],[7,6],[4,-11],[-2,-15],[-6,-4],[-10,10],[-11,-1],[-4,15]],[[80,76930],[10,-3],[2,-7],[9,-9],[7,3],[5,-7],[2,-15],[-14,0],[-10,-4],[-3,10],[0,16],[-8,16]],[[77,77174],[3,40],[7,17],[4,4],[7,-4],[14,-29],[3,-32],[-4,-20],[-1,-11],[-5,-9],[-12,-1],[-6,20],[-6,9],[-4,16]],[[41,76707],[9,18],[4,-13],[8,-7],[1,-16],[4,-10],[-2,-26],[-12,9],[1,-16],[-4,-18],[-6,-1],[0,32],[2,15],[0,13],[-5,20]],[[25,76942],[5,-2],[2,-19],[-6,4],[-1,17]],[[0,76573],[2,16],[8,19],[5,0],[4,-10],[3,-41],[-5,-19],[-2,-13],[-7,-10],[-5,4],[-2,13],[3,23],[-4,18]],[[18137,59927],[0,-49],[0,-134],[0,-180],[1,-225],[1,-31],[0,-105],[-1,-124],[0,-30],[0,-63],[-3,-5],[-3,-13],[-8,-64],[-6,-11],[-1,-11],[2,-11],[-6,-44],[-1,-22],[-4,-17],[-4,5],[-13,-14],[-7,-1],[-7,16],[-2,20],[-5,5],[-6,19],[1,19],[-6,27],[-8,26],[-4,17],[-12,3],[-8,-23],[-4,15],[-3,1],[-4,-11],[-4,-4],[-1,17],[-2,10],[-6,-2],[-3,5],[-8,-1],[-8,-11],[-5,-14],[-4,15],[-8,-22],[-1,-9],[-6,-8],[-14,-6],[-3,-8],[-3,-15],[6,-30],[-2,-15],[5,-22],[-5,-16],[0,-44],[8,-51],[1,-23],[3,-12],[10,-33],[-2,-10],[-3,-2],[-7,-17],[3,-19],[-2,-21],[-3,-10],[4,-18],[-1,-25],[2,-15],[-1,-26],[-2,-26],[1,-12],[5,-14],[1,-13],[-3,-16],[1,-15],[3,-11],[3,-24],[4,-12],[-2,-28],[-3,-4],[2,-23],[0,-22],[2,-13],[-6,-24],[0,-28],[3,-26],[1,-21],[3,-23],[7,-23],[6,-65],[3,-34],[-1,-33],[3,-40],[2,-61],[2,-11],[1,-20],[-1,-52],[-2,-12],[-5,-9],[-6,1],[-3,-4],[-4,-14],[1,-11],[5,-9],[5,-17],[0,-18],[-6,-17],[-3,-19],[1,-31]],[[16479,65754],[35,2],[24,1],[17,-2],[79,-1],[66,-2],[57,0],[85,-2],[55,4],[84,2],[90,2],[69,-1],[51,2],[11,0],[52,0],[6,1],[48,-1]],[[24442,63868],[2,4],[6,4],[4,8],[0,30],[-2,20],[1,25],[4,32],[0,19],[-1,14],[-6,24],[-5,12],[2,19],[6,18],[5,32],[3,9],[12,19],[17,14],[16,-1],[18,37],[3,33],[-1,32],[2,30],[4,19],[1,15],[-1,37],[1,15],[10,28],[3,23],[7,19],[3,19],[3,9],[8,13],[2,6],[3,39],[-2,25],[4,32],[1,32],[-2,45],[0,28],[-5,26],[-7,43],[-5,12],[-5,-3],[-4,3],[-7,39],[-13,49],[0,10],[3,20],[3,23],[4,17],[1,14],[1,30],[1,35],[4,18],[1,30],[6,15],[6,3],[9,9],[7,-11],[5,-3],[8,11],[12,25],[6,3],[17,-5],[11,-1],[10,5],[7,8],[5,1],[7,19],[7,19],[3,19],[15,18],[12,-10],[11,7],[13,48],[4,9],[10,8],[6,10],[1,12],[-1,57],[2,38],[6,18],[-1,27],[0,19],[4,18],[7,20],[4,6],[11,24],[10,12],[2,10],[-1,25],[3,28],[1,22],[4,36],[1,28],[-3,16],[0,19],[4,24],[2,25],[-3,32],[-4,14],[-1,39],[2,14],[0,34],[-2,10],[-5,0],[-4,6],[-2,26],[-11,22],[-9,8],[-10,18],[-3,8],[-8,5],[-10,24],[-2,16],[-6,17],[-3,28],[4,52],[-7,38],[-6,16],[-4,17],[-6,14],[-15,24],[-2,19],[-3,11],[-10,11],[-5,9],[-8,23],[-1,15],[4,20]],[[24658,66353],[24,-2],[42,0],[93,1],[33,-3],[80,0],[40,-4],[45,-2],[31,-3],[50,-2],[22,0],[57,-5],[41,4],[63,-1],[40,1],[6,1],[37,0],[88,-4]],[[25450,66334],[1,-24],[-2,-47],[0,-48],[-4,-34],[-2,-7],[-2,-31],[1,-19],[-2,-13],[2,-37],[8,-69],[18,-105],[7,-29],[8,-23],[3,-20],[1,-35],[3,-25],[1,-21],[4,-27],[-1,-14],[3,-14],[2,-47],[3,-10],[-1,-28],[3,-3],[-1,-25],[3,-22],[5,-26],[2,-29],[6,-22],[3,-4],[3,-10],[2,-29],[0,-18]],[[25527,65419],[0,-143],[0,-120],[-1,-215],[0,-320],[1,-253],[-1,-171],[0,-194],[0,-234],[-1,-170],[-1,-322],[1,-275],[0,-230],[0,-106],[-4,5],[-4,-16],[-4,3],[-4,-9],[-5,-26],[2,-21],[-3,-8],[2,-16],[-1,-12],[4,-17],[3,9],[2,-43],[-3,-22],[-5,-10],[-5,-22],[-4,-4],[-5,-21],[-2,-17],[5,-9],[2,-12],[-4,-2],[-1,-11],[10,-3],[0,-26],[5,-1],[7,-28],[-2,-18],[3,-22],[-2,-42],[13,-18],[5,-18],[-2,-19],[1,-8],[-3,-14],[0,-14],[-5,-24],[1,-26],[-3,-7],[7,-13],[2,-26],[-2,-10],[5,-26],[4,-12],[-2,-14],[2,-10],[-2,-18],[2,-9],[-3,-8],[-4,-29],[0,-12],[-3,-19],[-4,-7],[-9,-6],[-5,-8],[-3,-24],[-4,-10],[1,-11],[-3,-25],[1,-23],[-4,5],[0,-19],[-3,-5],[0,-16],[-4,-7],[-1,-10],[6,-36],[-3,-10],[-4,6],[-4,-18],[-8,-14],[-8,-3],[-4,-25],[7,-6],[-2,-15],[-2,-33],[-6,-33],[-4,-14],[-7,-7],[-4,-20],[-3,-22],[1,-32],[-4,-25],[-4,-2],[-2,16],[1,15],[-3,11],[-2,-8],[-2,-24],[-6,-18],[-2,12],[2,15],[-2,8],[-5,-4],[-2,-15],[-3,-8],[-1,-27],[-2,-19],[-5,4],[-1,-14],[0,-23],[4,-20],[8,-19],[2,-13],[3,11],[3,-8],[-1,-10],[-4,-8],[-4,-29],[-3,8],[-4,-3],[-2,-24],[-6,-2],[-5,-13],[3,-16],[12,18],[1,-15],[-2,-22],[-10,-18],[-9,0],[-2,-6],[2,-17],[4,3],[1,-12],[-3,-20],[4,-35],[-2,-21],[-5,-3],[2,-31],[-3,-7],[-4,11],[-4,-13],[5,-8],[9,-3],[2,-21],[-12,-4],[-5,5],[-4,12],[-2,-14],[5,-17],[2,-25],[3,-11],[7,-8],[2,-11],[-2,-9],[-7,-3],[-5,10],[-2,-1],[-2,-15],[4,-14],[5,-4],[6,10],[3,-13]],[[25387,60859],[-3,-8],[-1,-29],[-6,-33],[-17,-37],[-3,-18],[-3,-11],[-4,-21],[0,-28],[5,-43],[0,-20],[2,-14],[8,-21],[5,-25],[5,-11],[2,-11],[0,-23],[-5,-27],[-15,-2],[-11,-9],[-14,-7],[-9,-1],[-7,-5],[-9,-14],[-5,-16],[-5,-19],[-3,-9],[-10,22],[-3,4],[-9,-10],[-5,-9],[-5,-26],[-3,-55],[-7,-48],[-1,-17],[2,-25],[6,-25],[4,-24],[7,-20],[4,-50],[2,-9],[-5,-51],[0,-12],[-4,-29],[-5,-6],[-13,-3],[-6,5],[-8,11],[-1,12],[-10,27],[-5,9],[-4,2],[-12,20],[-4,3],[-5,-2],[-4,4],[-12,29],[-8,23],[-8,9],[-10,16],[-13,17],[-9,0],[-7,6],[-7,-6],[-9,-16],[-12,-42],[-5,-21],[-5,-44],[-12,-35],[-6,-32],[-2,-28],[1,-20],[3,-20],[10,-25]],[[29478,69272],[72,5],[32,-2],[34,3],[48,-1],[24,-3],[9,-5],[21,0],[37,-3],[11,-3],[41,3],[16,0],[44,3],[9,-1],[41,4],[21,0],[53,3]],[[29991,69275],[10,0],[-6,-15],[-6,9],[-6,-10],[-2,-18],[6,-30],[0,-37],[6,-21],[-5,-17],[0,-5],[-6,-24],[-3,-4],[-3,-20],[1,-13],[-7,-29],[1,-21],[-12,-46],[-2,-14],[6,-50],[2,-20],[3,-10],[-1,-18],[6,-7],[4,-28],[-1,-15],[2,-23],[4,-11],[-7,-26],[-3,-3],[-6,3],[-2,-12],[7,-22],[-4,-25],[1,-14],[-4,-19],[-5,-1],[-2,-12],[-4,3],[-5,-28],[-2,-16],[-4,-13],[-9,-20],[-7,-2],[-2,-9],[-6,5],[-8,-8],[-6,-21],[0,-27],[-11,-21],[-5,-4],[-9,12],[-4,-1],[-3,-11],[-15,0],[-2,-9],[-6,-9],[-6,-2],[-1,-26],[-6,-14],[-3,-17],[6,-38],[-2,-26],[-3,-31],[3,-26],[4,-16],[-1,-20],[3,-6],[-5,-14],[-1,-11],[2,-15],[3,-10],[-7,-43],[-4,-9],[0,-11],[-8,-26],[0,-11],[-3,-10],[1,-11],[-1,-18],[5,-2],[-2,-20],[-4,-5],[-1,-32],[-8,-20],[-2,-16],[-4,-10],[1,-12],[-4,-5],[-1,-10],[1,-26],[-1,-15],[1,-19],[-6,-22],[0,-17],[-3,-6],[-5,-21],[-9,-17],[-1,0],[-9,-36],[-1,-43],[-2,-12],[-1,-17],[-3,-5],[-2,-26],[0,-18],[-4,-13],[-7,-10],[-3,-20],[1,-25],[-4,-16],[-1,-16],[5,-23],[0,-16],[-3,-18],[0,-16],[-1,-14],[-2,-55],[-4,-18],[1,-16],[6,-9],[-5,-27],[4,-22],[-4,-35],[-3,-23],[-4,-5],[-1,-17],[1,-13],[-2,-16],[1,-20],[-3,-11],[1,-12],[-2,-12],[0,-20],[-1,-10],[6,-31],[-2,-22],[2,-17],[-3,-18],[-6,-22],[2,-14],[-1,-14],[2,-13],[3,-8],[-4,-12],[-1,-20],[-3,-13],[-12,-10],[-5,-15],[2,-12],[1,-25],[-2,-24],[-6,-15],[-1,-37],[2,-13],[3,-44],[6,-16],[2,-13],[-1,-19],[6,11],[4,-18],[1,-13],[4,-23]],[[17580,73926],[23,0],[129,0],[82,-2],[42,1],[92,1],[98,1],[35,-1],[19,-1],[34,-1],[42,0],[60,-2],[33,1],[61,0],[45,1],[52,-1],[179,1],[102,0],[66,-2],[73,-1],[64,1],[74,0],[115,2],[17,-1],[26,1],[74,0],[98,1],[122,0],[106,-1],[54,0],[89,0],[70,0],[74,1],[75,0],[73,-1],[22,1],[51,0],[97,0],[98,-1],[119,0],[122,1],[72,-1],[83,0],[51,0],[63,0],[96,1],[71,0]],[[20923,73925],[0,-178],[0,-259],[0,-31],[1,-262],[0,-137],[0,-333],[1,-127],[0,-135],[-1,-260],[0,-210],[0,-149],[0,-103],[0,-346],[0,-128],[0,-247],[0,-147],[0,-20],[0,-282],[0,-145],[0,-64]],[[23039,67510],[84,0],[49,-1],[66,0],[63,0],[100,1],[39,0],[28,0],[99,0],[51,0],[79,0],[34,-1],[49,0],[83,0],[63,-1],[69,1],[65,0],[107,1],[63,0],[64,0],[83,0],[45,0],[64,0],[12,0]],[[24498,67510],[1,-19],[-2,-15],[-3,-13],[1,-17],[7,-30],[2,-29],[-3,-24],[-2,-10],[3,-20],[6,-3],[15,-23],[6,-15],[6,-26],[4,-23],[-1,-11],[4,-10],[-1,-12],[-4,-18],[-12,-32],[-1,-15],[-4,-21],[-1,-16],[-4,-15],[-6,-17],[1,-29],[-1,-42],[1,-34],[5,-55],[0,-15],[3,-18],[-1,-27],[1,-16],[0,-19],[8,-17],[5,-14],[0,-27],[2,-12],[-1,-18],[5,-8],[0,-25],[3,-57],[4,-24],[5,1],[1,-13],[4,-8],[6,-7],[4,-17],[8,-14],[4,-4],[5,2],[5,-11],[14,-13],[23,-16],[14,-12],[4,-12],[3,-19],[2,-26],[7,-28],[2,-21],[2,-7],[3,-29],[-2,-12]],[[28029,56255],[-11,-9],[-25,-31],[-11,-21],[-17,-36],[-11,-30],[-14,-44],[-21,-77],[-19,-85],[-6,-39],[-2,-10],[-14,-48],[-4,-26],[-10,-67],[-3,-30],[-3,-49],[-3,-14],[2,-18],[-3,-15],[-2,-48],[0,-19],[1,-32],[-2,-23],[-3,-25],[-8,-23],[-7,-28],[-6,-7],[-13,-24],[-4,-15],[-3,-38],[-5,-40],[-1,-12],[-15,-3],[0,11],[-19,-8],[-6,27],[-7,3],[-11,-25],[-3,-8],[-1,-12],[-6,-28],[0,-8],[-3,-15],[0,-9],[3,-22],[9,2],[-2,-25],[-14,-21],[-4,-15],[-3,0],[-12,-28],[-1,-18],[-5,-12],[1,-10],[-3,-13],[-8,-11],[-9,-14],[-7,-17],[-3,-9],[-7,-10],[-5,14],[1,6],[-4,17],[-2,3],[-10,-7],[-2,-15],[0,-18],[9,-5],[5,1],[2,-9],[0,-15],[-4,-33],[0,-22],[-8,-21],[-15,-28],[-5,-17],[-2,-18],[-2,-6],[-4,6],[-6,-1],[-11,-8],[-13,-15],[-8,-18],[-4,-17],[-8,0],[-7,-11],[-7,-17],[-9,-23],[-15,-45],[-2,1],[-2,18],[-5,2],[-7,-15],[-1,-9],[-6,-5],[-1,22],[-4,13],[-3,5],[-8,-10],[-4,-42],[2,-17],[2,-14],[4,-28],[6,3],[2,-8],[0,-19],[-5,-40],[-2,-19],[0,-19],[-19,-27],[-7,-18],[-6,-9],[-5,-1],[-1,8],[-5,-12],[-5,-16],[-6,3],[1,36],[-13,13],[-5,24],[-4,1],[-3,-6],[-3,-18],[-3,3],[-3,-16],[0,-8],[6,-26],[5,8],[11,-31],[4,-17],[0,-18],[-4,-12],[-8,-42],[-5,-19],[-4,-11],[-12,-23],[-6,-14],[-3,-2],[-5,11],[-9,-41],[-3,-3],[-6,-37],[3,-4],[3,-12]],[[29991,69275],[0,15],[3,18],[-2,15],[0,17],[3,11],[5,6],[1,10],[5,14],[0,9],[5,13],[-2,19],[5,36],[6,38],[-2,14],[-4,20],[5,12],[5,-9],[2,12],[4,3],[1,11],[-1,11],[7,7],[1,9],[7,8],[2,11],[5,6],[5,-10],[0,-18],[8,-20],[2,-13],[7,6],[7,-15],[4,10],[4,-9],[4,2],[4,21],[3,26],[3,20],[4,4]],[[30107,69615],[2,-68],[5,-282],[4,-187],[2,-104],[2,-117],[1,-113],[2,-99],[2,-155],[3,-289],[3,-206],[1,-145],[1,-46],[1,-60],[1,-89],[1,-64],[5,-12],[1,-10],[-3,-19],[3,-19],[-2,-23],[-3,-15],[3,-23],[-2,-19],[2,-14],[-8,-28],[1,-44],[2,-11],[3,-27],[3,-11],[5,4],[6,-20],[4,-26],[2,-15],[4,-15],[5,-9],[1,-9],[4,-3],[2,-14],[5,-5],[3,-16],[-2,-12],[-1,-26],[-2,-6],[1,-14],[-3,-33],[2,-23],[12,-30],[4,-9],[4,-16],[5,-7],[8,2],[1,-18]],[[30213,66996],[-2,-19],[-5,-19],[-6,-42],[-2,0],[-5,-40],[-5,-20],[-1,-22],[-4,-17],[0,-17],[-1,-23]],[[19530,53316],[-64,2],[-60,0],[-43,0],[-50,0],[-48,-1],[-39,1],[-89,-2],[-45,1],[-49,0],[-57,-1],[-20,0],[-15,19],[-67,90],[-54,72],[-58,78],[-58,77],[-75,98],[-42,55],[-58,75],[-73,93],[-72,90],[-25,34],[-77,101],[-72,94],[-9,11],[-50,65],[-80,104],[-70,89],[-87,110],[-1,15],[3,2],[-2,18],[3,14],[-1,11],[3,6],[1,13],[-6,-3],[3,16],[1,24],[-2,11],[-1,16],[3,10],[2,-4],[8,24],[0,8],[4,17],[1,17],[7,47]],[[28426,62183],[22,71],[36,-119],[-36,-118]],[[2683,178],[3,10],[2,-6],[9,2],[4,5],[4,-3],[3,3],[3,-8],[-1,-43],[-5,0],[-2,7],[-4,1],[-6,-22],[-3,-4],[-3,30],[-2,6],[-2,22]],[[2651,239],[7,13],[0,-26],[-1,-13],[-6,26]],[[2637,247],[11,-7],[-5,-17],[-2,-4],[-2,9],[-2,19]],[[2313,62],[10,30],[3,6],[7,-4],[2,5],[7,-3],[11,41],[8,19],[1,-12],[7,-6],[3,9],[2,-13],[3,5],[8,0],[3,10],[4,0],[0,-14],[-1,-15],[-10,-15],[-1,16],[-4,-2],[-6,-17],[-6,-4],[-1,22],[-3,4],[-2,-5],[2,-31],[-11,-23],[2,-9],[-9,-46],[-2,7],[-3,-17],[-3,12],[-4,7],[-1,27],[-5,4],[-4,0],[-7,12]],[[2245,3874],[5,7],[2,-11],[-3,-9],[-4,13]],[[31859,38150],[5,25],[3,4],[3,-4],[7,13],[7,2],[3,-4],[10,-21],[-4,-4],[-8,17],[-2,-22],[3,-7],[0,-32],[-9,14],[-4,10],[-3,-8],[-5,5],[-2,-12],[-3,7],[-1,17]],[[31829,37391],[5,25],[0,21],[-2,27],[1,21],[5,11],[9,-10],[5,5],[4,13],[7,7],[6,-3],[3,3],[4,-19],[8,-24],[6,9],[1,7],[6,-1],[1,5],[5,-6],[7,4],[3,-9],[5,6],[6,-4],[-4,-12],[-7,-1],[-2,-9],[-8,-17],[-3,1],[-4,-11],[-8,-10],[-4,-1],[-3,-6],[-4,6],[-9,-8],[-1,-10],[-5,9],[-11,-12],[-17,-1],[-5,-6]],[[31825,38236],[5,-9],[-2,-11],[-3,20]],[[31791,38176],[4,10],[9,-1],[1,12],[11,-3],[7,-12],[1,10],[5,-2],[10,-21],[7,-21],[3,-5],[-3,-14],[-4,7],[-6,-13],[-3,6],[-2,-4],[-7,15],[-2,21],[-3,-7],[-7,0],[-2,-5],[-2,17],[-5,7],[-3,-8],[-6,-2],[-3,13]],[[29288,64254],[-2,1],[-5,-17],[-6,-41],[-6,-14],[-10,-5],[-8,0],[-1,2],[-6,2],[-5,-19],[-2,-45],[-2,-32],[-5,-4],[-6,-16],[1,-29],[-6,-41],[3,-27],[7,-8],[12,-20],[4,20],[4,-11],[4,-1],[3,11],[9,-16],[9,-12],[8,-17],[11,-9],[3,10],[1,27],[-3,10],[-1,15],[4,6],[3,-31],[0,-22],[2,-21],[1,-60],[-2,-64],[-4,-72],[-10,-134],[-10,-168],[-1,-42],[-2,-37],[-4,-130],[-2,-37],[1,-12],[-6,-21],[-8,-59],[-13,-75],[-14,-82],[-2,-8],[-13,-54],[-5,8],[-3,-10],[3,-19],[0,-11],[-5,-23],[0,-17],[-10,-44],[-11,-34],[-1,-9],[-4,-11],[-10,-13],[-9,-17],[-12,-32],[-5,-3],[0,-16],[-2,-10],[-6,-8],[-9,-31],[-9,-42],[-2,-11],[-5,-22],[-7,-37],[-5,-39],[2,-14],[-9,-33],[-11,-60],[-4,-12],[2,-15],[-2,-9],[-8,-21],[-8,-23],[-4,-16],[-5,2],[-7,-12],[-7,-4],[-10,5],[-1,8],[3,26],[-1,8],[3,37],[4,40],[10,61],[3,30],[2,53],[-4,17],[-17,22],[-12,-1],[-6,3],[0,23],[-5,9],[-1,-7],[-13,-4],[-4,8],[-3,-7],[-2,-26],[-4,-4],[-7,19],[1,13],[-2,24],[-4,13],[-2,0],[-4,19],[-10,14],[-3,30],[-9,6],[-1,-16],[-8,22],[-5,41],[-13,11],[-4,10],[-2,21],[-7,7],[-4,17],[-6,43],[-2,-2],[-8,14],[-2,12],[-8,1],[-2,12],[0,30],[4,2],[0,43],[-1,7],[6,32],[0,10],[-12,29],[-1,5]],[[28861,62967],[-1,28]],[[28860,62995],[5,19],[2,1],[6,25],[2,33],[4,17],[4,3],[1,25],[4,35],[6,22],[9,14],[-2,6]],[[28836,61055],[-3,-9],[-5,10],[-4,-1],[-7,13],[-6,-17],[-1,24],[-4,-10],[1,-8],[-9,5],[-6,-20],[-2,4],[-2,-15],[-4,-18],[-8,-15],[-8,-1],[-1,26],[1,17],[4,-5],[4,6],[-2,26],[-3,-9],[-3,9],[2,22],[5,34],[-1,11],[3,5],[4,-13],[11,29],[2,1],[5,13],[-3,9],[-3,-12],[-9,6],[-3,6],[-3,-4],[-1,-10],[-3,-1],[-2,24],[3,9],[3,20],[5,10],[0,15],[3,8],[5,0],[6,5],[0,10],[-6,-7],[-8,12],[-1,-7],[-5,-5],[-6,9],[-7,-6],[-7,0],[3,-13],[-5,-9],[-5,8],[-1,8],[3,39],[-1,8],[3,11],[5,3],[10,16],[3,-6],[4,3],[9,18],[3,11],[-10,12],[9,19],[-6,6],[-2,-11],[-9,-4],[-1,-18],[-2,-1],[-6,41],[4,26],[-2,7],[3,11],[4,32],[4,16],[4,8],[2,18],[-7,-11],[-11,-14],[0,-19],[-4,-7],[-4,-32],[0,-26],[-4,-9],[2,-30],[-4,4],[0,12],[-5,15],[0,5],[-6,31],[-2,20],[8,3],[4,9],[1,24],[-3,26],[-5,5],[-5,-7],[-2,-36],[-8,-17],[-1,-17],[6,-26],[-5,-47],[3,-13],[-7,-2],[-5,31],[0,14],[-5,14],[-2,15],[-3,10],[-4,-3],[0,-17],[-6,2],[5,20],[-1,9],[-8,7],[1,17],[-3,6],[0,12],[-3,16],[-4,5],[-5,17],[-4,3],[-1,-18],[3,-27],[3,-5],[-3,-29],[4,-15],[2,-10],[4,3],[2,-5],[-1,-23],[5,-25],[5,1],[5,-8],[-3,-13],[-6,16],[-3,3],[-4,18],[-1,16],[-5,25],[-6,18],[-1,36],[-5,22],[-8,22],[-1,39],[-3,11],[-4,26],[-4,16],[-3,24],[3,13],[6,9],[7,-7],[3,3],[5,31],[7,9],[0,9],[-6,-3],[-7,6],[-6,31],[7,20],[-4,30],[11,18],[0,-12],[7,-9],[3,2],[7,20],[4,-15],[-1,-15],[4,-7],[3,11],[3,-12],[5,-14],[7,11],[1,-8],[7,-19],[5,-9],[4,6],[-1,17],[-6,15],[0,11],[-8,13],[-2,13],[-7,-6],[-6,21],[-3,-3],[-3,25],[-6,21],[1,13],[-3,9],[-4,-21],[-4,6],[0,12],[-4,7],[-3,17],[0,28],[3,3],[4,-13],[2,13],[-5,14],[0,11],[-5,-1],[-3,-13],[0,-14],[-5,-14],[-3,-5],[-4,4],[-1,30],[-3,-4],[-2,-20],[-4,-18],[0,-12],[3,-16],[-1,-14],[-4,-2],[-2,19],[2,35],[-1,31],[2,28],[3,8],[4,20],[1,19],[3,18],[2,-1],[2,12],[5,11],[6,-35],[4,5],[5,-19],[-2,-6],[0,-16],[8,-22],[2,-13],[3,-3],[2,15],[-5,12],[-2,17],[-3,13],[2,31],[-4,28],[3,49],[-2,1],[0,40],[-1,16],[-4,4],[-4,-6],[-2,27],[-3,-1],[1,-29],[-3,-8],[-3,10],[-9,-23],[-4,1],[-6,-13],[0,-22],[2,-33],[-2,-10],[-3,2],[-4,-9],[-3,6],[3,22],[0,39],[1,37],[2,21],[8,45],[1,32],[3,14],[4,-19],[1,-17],[4,-25],[10,-3],[1,-8],[6,-3],[4,3],[11,30],[0,13],[-4,25],[1,32],[4,7],[5,27],[-1,5],[-11,4],[-5,-12],[-2,-19],[0,-13],[-1,-20],[4,-32],[-3,-6],[-6,12],[-3,12],[1,12],[2,7],[0,44],[-1,20],[-3,21],[0,14],[-5,16],[-3,3],[0,22],[2,18],[5,21],[2,26],[3,14],[3,29],[6,26],[3,1],[3,22],[-2,23],[4,14],[3,5],[7,-4],[0,14],[1,9],[4,10],[2,13],[7,-2],[6,2],[9,-5],[2,-7],[9,12],[-1,15],[-10,1],[-3,6],[2,14],[8,14],[2,18],[5,6],[4,32],[-3,9],[-3,-11],[-3,6],[1,11],[0,16],[2,9],[2,37],[5,8],[-2,25],[4,12],[2,14],[0,16],[-5,-8],[-2,-19],[-7,-11],[-2,-17],[-9,8],[-2,-8],[-5,1],[-9,-12],[-4,-36],[-4,-20],[7,-15],[8,-1],[3,-29],[-6,-16],[-2,10],[-3,-2],[-2,-12],[-11,-32],[-4,1],[-4,-20],[-3,-10],[-3,-15],[-10,-18],[-6,21],[1,23],[2,20],[5,22],[-3,14],[1,21],[-3,6],[-3,-22],[2,-9],[-2,-27],[-4,-10],[1,-12],[-4,-25],[4,-14],[2,-25],[-6,-18],[-1,-26],[-4,2],[2,18],[-3,14],[1,24],[-4,5],[2,27],[-2,13],[-13,7],[2,-22],[4,-3],[-2,-18],[3,-21],[-5,0],[-1,-12],[6,-6],[-2,-15],[-4,5],[-7,-20],[-5,9],[0,-10],[1,-13],[0,-23],[-6,-22],[-6,7],[-1,-13],[5,-12],[6,0],[-5,-15],[-2,-16],[-3,-4],[-3,19],[-4,-3],[0,-12],[-9,-4],[-2,8],[1,21],[-4,2],[-1,15],[-5,-3],[-2,13],[-3,8],[-10,5],[1,-9],[5,-15],[0,-19],[3,-9],[6,-8],[2,-17],[-2,-6],[2,-14],[11,-24],[4,-4],[12,-26],[-1,-24],[3,-40],[-5,-28],[10,-23],[3,-24],[-6,-13],[-4,0],[-5,-8],[-1,-20],[-7,4],[1,-29],[6,-18],[-3,-16],[1,-14],[-3,-4],[-6,18],[-5,-8],[4,-13],[1,-28],[-8,-26],[-5,-2],[0,-11],[6,1],[7,-16],[-2,-28],[-3,-16],[-5,-7],[-4,-24],[-5,-8],[1,-16],[-1,-11],[4,-20],[5,-4],[-2,-28],[0,-25],[3,-38],[3,-35],[-1,-30],[0,-71],[3,-29],[3,-25],[11,-37],[1,-10],[4,-11],[6,-22],[4,-23],[5,-10],[-2,-13],[1,-16],[-9,-45],[-9,1],[-5,6],[-2,-18],[5,-22],[5,-3],[3,3],[2,12],[7,5],[6,-11],[-5,-25],[-2,-22],[4,-48],[7,-30],[2,-17],[6,-21],[3,-25],[-5,-26],[2,-19],[1,-32],[2,-27],[-9,5],[-2,7],[-3,23],[-6,28],[-8,3],[-4,35],[0,22],[-1,7],[-8,-9],[2,-16],[-2,-23],[-3,-4],[-6,27],[-5,2],[-6,14],[-3,40],[-6,19],[-5,12],[-12,14],[-4,-1],[-14,18],[-2,-8],[-4,-1],[-3,15],[-6,-27],[-7,7],[0,17],[-4,10],[-4,2],[-1,18],[2,9],[-6,31],[-3,36],[2,16],[-8,13],[-4,-31],[5,-19],[5,-49],[-3,-21],[-5,15],[-12,23],[-5,3],[1,24],[-3,13],[-10,22],[-3,1],[1,16],[-2,8],[-2,37],[-3,17],[0,15],[-4,27],[-7,-1],[-10,-23],[-4,-20],[-5,-2],[-4,6],[-4,-22],[-6,-11],[-6,-17],[-8,-10],[-12,27],[-4,36],[3,20],[-3,15],[1,7],[-2,17],[1,11],[-2,10],[3,35],[7,46],[4,4],[5,22],[4,13],[2,18],[4,7],[6,-1],[9,21],[1,11],[-5,2]],[[28797,63102],[0,-74],[2,-126],[3,-157],[6,-293],[4,-242],[4,-223],[3,-152],[4,-205],[37,-5],[37,-3],[68,-2],[38,0]],[[29003,61620],[-2,-43],[-5,-69],[-4,-36],[-2,-1],[-2,-14],[-8,-75],[-8,-74],[-6,-67],[-4,-35],[-6,-40],[-7,-41]],[[28725,61039],[-1,43],[1,22],[-1,12],[2,15],[6,7],[4,-2],[1,-13],[4,-7],[2,-17],[-3,-23],[-2,-20],[1,-17]],[[28723,61203],[4,9],[-1,18],[5,6],[0,-19],[4,-17],[1,-15],[-5,6],[-5,-2],[-3,14]],[[28713,61284],[2,15],[-1,16],[5,-2],[5,18],[6,-25],[1,-10],[-4,-7],[3,-16],[-1,-7],[-6,0],[-2,24],[-5,-12],[-3,6]],[[28630,62551],[8,13],[3,-12],[-7,-14],[-4,13]],[[28629,61987],[3,17],[2,-8],[2,-32],[-3,-4],[-4,17],[0,10]],[[30107,69615],[7,10],[8,-4],[6,10],[2,10],[-2,8],[1,13],[6,-16],[5,1],[4,8],[2,-16],[8,-16],[1,-19],[-2,-19],[6,-24],[0,-17],[4,-11],[8,-7],[4,12],[-2,6],[0,22],[5,19],[0,13],[5,13],[2,22],[-4,17],[3,15],[1,33],[-6,28],[7,21],[1,10],[5,5],[7,-3],[3,-9],[0,-11],[4,-14],[5,-10],[9,4],[8,-20],[8,34],[-4,7],[2,11],[-3,12],[-3,15],[-7,9],[-4,13],[-1,13],[-7,18],[2,14],[-3,15],[3,6],[7,33],[-1,15],[9,30],[4,23],[7,6],[3,17],[4,4],[10,43],[9,-1],[4,15],[9,19],[3,13],[8,-2],[11,18],[3,19],[0,16],[-5,14],[0,17],[-3,22],[6,4],[0,11],[2,12],[8,20],[5,19],[10,9],[6,14],[9,36],[-3,25],[6,23],[-5,18],[-5,9],[-8,-3],[-1,18],[6,14],[-4,8],[-1,13],[-3,11],[4,9],[1,13],[5,16],[1,10],[-8,1],[1,26],[4,12],[4,10],[6,-3],[-1,12],[5,38],[-8,31],[-3,7],[-4,19],[6,24],[3,22],[3,42],[5,28],[7,10],[0,37],[5,22],[4,11],[7,-1],[6,26],[7,20],[3,15],[4,-2],[5,7],[9,165],[2,41],[6,120],[50,210],[70,292],[36,146],[59,244],[5,-6],[8,3],[4,-7],[12,-10],[4,-13],[7,-8],[5,10],[6,-6],[2,-16],[-3,-35],[-2,-7],[0,-73],[2,-52],[-1,-18],[2,-12],[17,-29],[6,-17],[5,1],[10,-25],[7,-2],[5,6],[14,31],[14,8],[13,22],[4,-3],[7,5],[4,-7],[14,10],[5,17],[-1,12],[5,20],[7,-6],[4,4],[6,12],[8,-2],[4,4],[5,-15],[8,-4],[3,7],[10,-1],[1,11],[-2,31],[2,24],[7,16],[7,4],[8,-5],[4,5],[6,-9],[8,3],[3,-12],[6,-6],[14,-21],[0,-14],[4,-16],[15,-28],[3,-14],[3,-4],[13,-26],[7,-28],[5,-4],[6,-12],[0,-15],[7,-33],[4,-8],[6,-28],[0,-17],[15,-27],[4,-3],[9,-19],[0,-218],[0,-100],[0,-226],[2,-191],[0,-185],[0,-108],[1,-284],[0,-10],[8,-19],[-4,-9],[-1,-14],[-5,-3],[-5,-15],[1,-18],[3,-18],[5,-13],[5,-20],[-7,-9],[-6,-15],[-1,-25],[-1,-17],[0,-14],[4,-6],[3,-22],[-7,-2],[1,-39],[-4,-3],[4,-18],[10,-1],[4,-11],[3,6],[3,-10],[4,4],[-3,12],[4,4],[4,-15],[2,-21],[5,-23],[8,-20],[2,13],[9,-22],[5,1],[8,-14],[4,3],[8,-11],[5,-1],[4,17],[8,3],[7,-24],[3,-39],[-3,-11],[0,-24],[2,-17],[-7,-7],[-4,10],[-7,-22],[-3,-13],[5,-20],[-1,-14],[3,-30],[4,-1],[9,-38],[2,-19],[-4,-10],[2,-9],[0,-15],[-5,-17],[-4,-35],[-8,-22],[3,-7],[1,-19],[3,-17],[3,-4],[4,-16],[3,-30],[3,-13],[5,-15],[-2,-20],[7,-10],[7,-26],[4,-5],[6,7],[0,13],[6,5],[-1,12],[3,37],[6,3],[6,-12],[2,-10],[4,-10],[6,9],[4,-7],[9,-5],[8,-34],[5,-23],[6,-51],[-4,-3],[-4,-11],[10,-31],[4,-34],[4,-16],[6,-55],[5,-3],[0,-14],[8,-15],[1,-17],[-3,-7],[2,-14],[2,-28],[-5,-13],[2,-9],[0,-14],[4,-20],[-6,-23],[-8,-23],[-5,-4],[-4,8],[-2,-23],[-2,-12],[-6,1],[-3,-30],[-4,-6],[0,-11],[-6,-10],[-4,-29],[-4,-8],[-5,0],[-1,-20],[-6,-7],[-6,-2],[-3,4],[1,29],[-2,4],[-7,-6],[2,-39],[-6,-8],[-2,16],[1,13],[-5,15],[1,21],[-1,14],[3,6],[-3,13],[-9,-10],[-5,1],[-7,-13],[-2,-10],[1,-17],[4,-3],[3,-27],[-1,-18],[-6,-12],[-5,-23],[-4,10],[0,18],[-2,12],[0,14],[-6,-6],[1,-10],[4,-16],[-5,-15],[-5,3],[-4,9],[-3,-4],[0,25],[-4,9],[-5,-4],[-2,-13],[-3,5],[-5,-20],[1,-11],[-5,-46],[4,-24],[-1,-9],[-8,0],[-6,-5],[-11,-2],[-1,13],[-4,3],[-7,-7],[0,-28],[-5,-19],[-2,6],[-6,-1],[0,39],[-4,21],[-5,-2],[-1,-12],[0,-17],[-6,2],[-1,22],[-4,-2],[-3,21],[-5,4],[2,-22],[-3,-9],[-2,-20],[2,-27],[-3,-26],[-7,-2],[1,-23],[-1,-12],[-1,-39],[-2,-17],[-4,27],[-1,19],[2,22],[-7,-11],[2,-9],[-1,-27],[-5,5],[-2,14],[-1,30],[-3,20],[-4,3],[-2,-15],[-10,18],[1,-16],[2,-10],[5,-3],[5,-12],[2,-35],[4,-14],[-7,-17],[-6,31],[-4,-14],[2,-15],[-4,-22],[-5,-11],[1,-17],[-7,-9],[-3,14],[0,48],[-5,-2],[-5,17],[1,18],[-3,33],[1,26],[-1,13],[-5,0],[-1,15],[-5,5],[-2,-11],[2,-15],[-3,-4],[-5,6],[0,14],[-2,7],[-2,31],[-2,0],[-2,-31],[-4,-17],[-3,-7],[-3,13],[-4,-15],[-7,1],[3,-24],[-5,-2],[-7,15],[-1,-15],[-7,5],[0,-12],[-4,-15],[6,-10],[4,5],[0,10],[6,11],[5,-13],[7,7],[6,-7],[2,-28],[6,-22],[6,-5],[6,-48],[0,-15],[-4,-17],[0,-12],[-10,-20],[-10,-3],[-4,4],[-6,-5],[-4,12],[-3,-11],[7,-30],[1,-18],[-5,-21],[-8,-7],[-3,17],[-4,1],[-4,11],[-3,-3],[-4,11],[-3,24],[-3,11],[-2,17],[0,16],[6,11],[1,18],[-3,8],[2,14],[4,9],[0,14],[5,7],[0,10],[6,2],[-3,33],[-4,15],[-3,-18],[-6,-21],[-5,-3],[0,19],[2,32],[-1,18],[1,26],[-12,13],[0,-25],[3,-25],[-4,-8],[4,-24],[0,-14],[-2,-11],[1,-22],[-5,0],[-1,10],[3,19],[-4,48],[-4,-36],[-4,-1],[-4,-18],[-7,6],[-3,-10],[2,-24],[2,-3],[2,-19],[-5,-26],[-1,-29],[8,-20],[5,-37],[-4,-6],[3,-30],[-8,9],[1,9],[-8,12],[-8,24],[-3,1],[-4,12],[-10,8],[-4,10],[-4,-2],[-1,11],[-8,15],[-3,13],[-7,-4],[-3,-13],[-4,0],[-2,-12],[-9,5],[2,17],[-1,9],[4,46],[-3,8],[0,30],[1,22],[4,11],[1,16],[4,7],[-1,10],[3,25],[-2,32],[-4,16],[-2,-2],[-2,-32],[-6,-18],[3,-15],[-2,-12],[-8,-16],[-4,-17],[-3,-2],[-3,26],[-7,7],[-3,-21],[-5,-9],[-13,-10],[4,-27],[0,-15],[4,-6],[5,-29],[-1,-38],[-3,-18],[-5,-16],[-4,4],[-3,-18],[1,-10],[-4,-20],[-6,-27],[-1,-22],[-5,-8],[2,-14],[-1,-15],[-4,-8],[-3,-23],[0,-20],[2,-6],[-2,-22],[-5,2],[-1,-18],[2,-22],[11,14],[1,-20],[-7,-26],[0,-15],[-4,-4],[-10,-25],[4,-27],[-6,3],[-11,-13],[-3,-31],[-2,-2],[-3,-18],[-19,-33],[-2,10],[3,25],[-5,16],[-11,16],[-2,-7],[3,-17],[-6,-4],[-3,-20],[-3,16],[4,11],[1,11],[5,11],[-6,13],[-1,-13],[-4,6],[2,19],[-5,2],[-1,-25],[-4,-4],[0,14],[-5,-6],[-2,-18],[-4,16],[-7,-90],[-5,-23],[-6,-48],[-3,8],[-3,38],[-7,4],[1,-22],[-2,-31],[-4,11],[-2,-3],[-2,-24],[-3,-12],[-4,5],[0,12],[4,6],[0,25],[-4,7],[-2,-24],[-5,3],[-5,-4],[1,-20],[-2,-33],[-9,22],[0,37],[-1,30],[1,34],[4,31],[-6,-7],[-2,-48],[-1,-8],[0,-22],[-1,-35],[-2,-12],[-2,-33],[-6,-15],[-3,-29],[-3,2],[-7,-7],[0,-8],[-7,-7],[-5,-11],[1,-13],[-7,-2],[1,15],[-2,7],[2,22],[-5,0],[2,20],[-3,8],[0,14],[-8,-8],[-9,14],[-3,-24],[-3,10],[-8,-32],[-17,5],[7,35],[6,24],[1,12],[4,3],[1,18],[6,24],[-3,5],[-8,0],[-7,8],[-6,-20],[-1,-8],[-14,-23],[-9,-30],[-3,5],[-5,-22],[-9,-2],[-3,-23],[1,-14],[-6,-25],[0,-18],[-4,0],[-6,-23],[0,-12],[3,-5],[0,-13],[5,-11],[1,-20],[4,-11],[-3,-31],[4,-12],[-2,-10],[3,-15],[-2,-9],[-5,8],[-6,-14],[-5,1],[-3,11],[-7,-14],[-4,-18],[-8,6],[-5,-13],[-7,-38],[1,-31],[3,-17],[9,2],[0,-16],[-7,-5],[-4,-13],[-3,-26],[-9,-11],[-2,-8],[3,-33],[-3,-7],[-5,-1],[-6,-16],[-2,7],[-12,-3],[-5,-8],[-7,-31],[-3,-23],[-4,-24],[-2,-24],[5,-32],[-4,-16],[-1,-22],[-7,-30],[-4,-36],[0,-15],[-8,-37],[-3,-21],[-9,-12]],[[31094,68780],[3,-7],[8,6],[4,-2],[-1,-13],[-6,10],[-2,-5],[3,-16],[5,-12],[-7,-2],[-4,12],[-3,16],[0,13]],[[31088,68688],[3,6],[7,-3],[3,-8],[2,-11],[-9,-27],[-1,26],[-5,17]],[[31072,68685],[5,1],[7,15],[-3,-32],[2,-4],[3,-22],[0,-17],[-4,-11],[-5,43],[-1,22],[-4,5]],[[31001,68612],[4,11],[3,-36],[-4,-1],[-3,26]],[[30925,68544],[4,19],[2,-5],[1,-14],[-5,-12],[-2,12]],[[30890,68394],[7,-1],[1,-24],[-6,-4],[-3,8],[1,21]],[[30862,68225],[4,17],[3,1],[4,-13],[1,-14],[-8,-3],[-4,12]],[[30862,68311],[3,12],[4,-3],[-6,-17],[-1,8]],[[30839,68494],[2,15],[7,17],[3,-17],[-4,-20],[0,-13],[-5,-5],[-3,23]],[[30830,68329],[1,12],[4,-7],[-2,-10],[-3,5]],[[30827,68272],[4,20],[3,-1],[4,24],[3,1],[1,-19],[3,-8],[8,9],[4,-8],[3,-16],[-3,-5],[0,-11],[-7,-13],[-2,-12],[-4,-5],[-4,24],[-1,21],[-5,0],[-1,-10],[-5,1],[-1,8]],[[30822,68225],[5,16],[3,-20],[-5,-10],[-3,14]],[[30819,68482],[2,28],[1,27],[5,1],[4,-48],[0,-10],[2,-15],[-3,-9],[-3,14],[-7,0],[-1,12]],[[30780,68181],[11,9],[2,14],[4,-1],[2,-10],[0,-48],[-3,-37],[-4,10],[-4,-7],[-5,-14],[-1,15],[2,25],[0,12],[1,19],[-5,13]],[[30763,68352],[4,9],[5,3],[0,17],[5,20],[5,6],[7,-6],[8,-23],[2,-25],[10,-21],[0,-16],[-4,-7],[-6,7],[3,12],[-4,4],[-4,-6],[2,-19],[-8,-30],[-8,-7],[1,-20],[-4,4],[-2,16],[-6,6],[1,8],[-4,8],[2,33],[-5,27]],[[30759,68444],[3,9],[9,-19],[6,-6],[-1,-12],[-5,-7],[-6,12],[-6,23]],[[30714,67922],[1,18],[4,7],[3,-14],[-5,-17],[-3,6]],[[30712,68205],[1,18],[3,13],[3,3],[7,-7],[1,-9],[10,13],[5,-7],[0,-12],[3,-6],[6,-27],[0,-16],[-5,-12],[-2,-13],[-4,-13],[-4,-1],[-5,11],[-3,-16],[-4,6],[0,22],[-3,10],[0,18],[-9,25]],[[30704,68424],[4,22],[7,25],[-5,15],[3,9],[0,23],[2,16],[11,-4],[0,-24],[-3,-12],[-5,-9],[-2,-29],[4,-8],[-5,-29],[-3,-33],[-4,-8],[2,32],[-2,14],[-4,0]],[[30703,68224],[4,13],[4,29],[8,14],[12,28],[6,2],[1,-8],[0,-19],[2,-15],[-5,0],[-9,-16],[2,-11],[-8,2],[-2,12],[-10,-16],[-2,-19],[-3,4]],[[30698,68390],[2,8],[5,-8],[-5,-10],[-2,10]],[[30598,67930],[2,26],[3,-7],[-2,-20],[-3,1]],[[30598,67811],[3,16],[3,-4],[-4,-14],[-2,2]],[[30565,67995],[0,26],[5,-5],[-5,-21]],[[30366,67755],[4,8],[4,33],[6,13],[3,-9],[-4,-17],[1,-10],[-9,-9],[-2,-12],[-3,3]],[[30365,67801],[4,13],[0,17],[4,-1],[-1,-13],[3,-7],[-5,-10],[-5,1]],[[30361,67724],[8,20],[2,-2],[-4,-21],[-6,3]],[[30353,67686],[4,26],[3,-16],[-2,-11],[-5,1]],[[30350,67703],[3,23],[6,11],[-3,-25],[-6,-9]],[[31155,68806],[7,11],[5,-6],[-3,-20],[-6,-2],[-3,17]],[[6432,39782],[2,8],[1,41],[1,13],[5,10],[7,26],[3,17],[2,3],[2,14],[5,10],[4,2],[3,-5],[4,9],[0,16],[4,20],[0,10],[3,16],[2,3],[0,18],[3,16],[4,12],[2,12],[4,12],[3,1],[3,63],[-10,47],[-3,12],[-5,33],[-2,22],[-2,46],[-1,38],[1,38],[3,26],[6,16],[8,3],[18,-30],[5,-5],[7,-22],[-1,-11],[3,-10],[11,-26],[9,-16],[3,-12],[2,-13],[7,-7],[3,-16],[3,-6],[3,2],[6,9],[11,-16],[5,-3],[17,-23],[10,-20],[3,-10],[7,-11],[10,-22],[9,-17],[5,-5],[7,-21],[2,-8],[12,-30],[4,-17],[3,-6],[10,-34],[5,-25],[5,-31],[4,-9],[3,-34],[-3,-31],[2,-30],[-1,-35],[0,-22],[2,-12],[6,2],[5,15],[6,-6],[5,3],[3,-15],[4,-40],[-1,-19],[1,-41],[5,-16],[4,-2],[0,-20],[5,-16],[7,-27],[8,-14],[2,-8],[5,-3],[5,-14],[5,-9],[2,-13],[-4,-43],[-4,-20],[-9,-30],[-5,-16],[-1,-8],[-6,-11],[-7,-26],[-9,-30],[-1,-10],[-13,-25],[-6,-9],[-3,-7],[-6,-3],[-5,-17],[-2,-3],[-9,-24],[-4,-1],[-4,-9],[-8,-3],[-2,-8],[-4,0],[-7,8],[-3,7],[-5,3],[-9,-9],[-6,-24],[-5,-10],[-4,-23],[-7,-18],[-4,-1],[-3,-12],[-5,-4],[-4,-21],[-6,-21],[-9,-12],[-5,-5],[-2,-15],[-5,-12],[-4,-24],[-4,-15],[1,-30],[-4,-27],[-3,-6],[-2,-23],[-3,-10],[0,-21],[-1,-11],[-6,-1],[-2,-22],[-8,-30],[-7,-14],[-1,27],[-3,15],[-8,23],[-10,13],[-1,6],[-7,19],[-3,13],[-10,10],[-4,1],[-5,12],[-3,4],[-1,22],[-7,32],[-3,41],[0,23],[2,20],[-1,6],[2,14],[1,39],[1,9],[-1,15],[2,20],[-1,9],[3,48],[1,47],[0,19],[-4,38],[-3,22],[2,16],[-3,12],[-2,18],[0,20],[-2,6],[3,20],[-2,7],[-7,6],[1,10],[-4,29],[1,17],[-3,40],[-1,20],[-2,26],[-5,36],[-1,-2],[-9,21],[2,24],[-2,13],[-4,13],[-1,18],[-3,19]],[[6255,41166],[1,35],[8,67],[4,1],[3,11],[0,10],[9,2],[1,8],[4,-1],[2,-14],[6,-6],[3,-18],[2,4],[2,-19],[3,2],[0,-27],[5,-19],[0,-13],[3,-6],[1,-19],[4,-20],[8,-1],[7,15],[2,-2],[9,9],[4,16],[6,10],[3,1],[5,9],[4,-8],[7,7],[2,-13],[3,6],[6,-5],[4,-8],[0,-16],[4,-2],[1,-12],[8,-27],[4,-10],[0,-7],[6,-8],[4,1],[1,-21],[5,-19],[6,4],[9,-24],[6,-3],[7,-10],[6,-27],[1,-27],[0,-33],[-1,-16],[-7,-31],[-5,-3],[-3,-14],[-2,-17],[-5,-7],[-4,5],[-4,-11],[-5,-2],[-4,-19],[-4,-6],[-4,9],[-6,-4],[-4,7],[-6,-6],[-6,-15],[-14,-22],[-4,-10],[-7,2],[-14,-12],[-1,4],[-10,6],[0,13],[-3,-1],[-5,13],[1,19],[-4,19],[3,12],[-1,51],[-1,36],[-2,16],[-1,20],[0,30],[-4,14],[-4,6],[-5,-1],[-5,-22],[-4,-2],[-8,21],[-4,3],[-7,17],[-3,-2],[-3,17],[-5,14],[-6,27],[-1,4],[-4,31],[0,17],[-3,17]],[[6254,40712],[2,13],[4,19],[9,10],[11,31],[5,12],[6,3],[4,-10],[4,-21],[-2,-13],[0,-15],[-2,-18],[6,-3],[0,-7],[-4,-19],[-2,6],[-4,-1],[-5,-9],[-2,8],[-5,1],[-8,-13],[-2,12],[-5,-17],[-4,3],[-6,25],[0,3]],[[6154,41149],[1,10],[6,14],[4,4],[9,3],[5,-6],[9,0],[6,-5],[6,-9],[3,-8],[15,-57],[7,-40],[0,-17],[-5,-28],[-2,-19],[-4,-11],[-6,-7],[-7,-19],[-13,2],[-7,-6],[-5,26],[-3,39],[1,35],[-5,38],[-10,21],[-2,3],[-3,24],[0,13]],[[6085,41389],[5,41],[3,18],[2,2],[6,21],[1,22],[-1,12],[-3,14],[2,6],[4,-8],[7,1],[5,-5],[3,-13],[8,-5],[7,1],[5,-5],[6,-1],[9,-10],[5,3],[12,-11],[4,8],[1,26],[3,9],[2,-4],[4,-28],[1,-18],[3,-4],[11,-7],[3,6],[5,-9],[11,9],[6,8],[2,-8],[8,9],[8,-3],[1,-17],[8,-1],[-1,-17],[-7,-35],[-10,-33],[-8,-22],[-4,-2],[-6,-13],[-6,2],[-4,-12],[-8,11],[-13,10],[-23,29],[-1,7],[-9,7],[-8,4],[-9,-7],[-6,-7],[-2,1],[-27,-6],[-8,7],[-5,0],[-3,10],[1,7]],[[5815,41936],[12,6],[5,-2],[7,3],[10,-2],[5,4],[4,-1],[3,7],[1,16],[6,17],[6,25],[1,19],[8,32],[1,8],[5,12],[6,6],[2,6],[4,0],[5,-20],[3,-19],[3,-27],[3,-8],[-1,-24],[4,-21],[2,-3],[4,-29],[3,-9],[0,-16],[5,-2],[3,-9],[3,-27],[0,-21],[-4,-3],[0,-22],[2,-8],[-1,-13],[2,-15],[6,-2],[3,-23],[5,-12],[3,-15],[4,30],[-4,10],[1,13],[3,2],[5,-7],[4,8],[1,-12],[-2,-6],[0,-15],[-3,-11],[3,-26],[5,-8],[3,-15],[-1,-24],[4,-32],[5,-9],[5,-17],[2,-13],[-9,-27],[-2,-14],[-5,-5],[0,21],[-3,8],[-12,-11],[-9,-21],[-5,-1],[-3,18],[-4,11],[-2,1],[-11,29],[-6,-4],[-11,1],[0,13],[-5,14],[-4,-13],[-20,-18],[-15,-6],[-2,7],[-5,46],[0,16],[-3,25],[-6,23],[-3,3],[-2,13],[0,22],[-7,34],[-4,12],[0,10],[-3,7],[0,50],[0,14],[-6,23],[-7,18],[0,5]],[[5394,42465],[1,20],[0,20],[11,38],[3,34],[1,16],[2,12],[7,15],[11,12],[4,9],[4,13],[7,14],[7,22],[6,4],[11,-18],[2,-9],[4,5],[-1,13],[3,12],[4,0],[3,-7],[3,4],[5,-4],[2,-6],[6,9],[1,8],[6,-18],[12,-10],[3,-16],[3,-9],[1,-17],[3,-15],[-1,-11],[4,-7],[0,-25],[-1,-21],[-6,-34],[-1,-23],[-3,-6],[-2,-32],[2,-28],[-1,-8],[1,-38],[-4,-28],[-2,1],[-4,-13],[-3,-5],[-3,-16],[-13,-39],[-3,-7],[-8,16],[-10,7],[-4,-5],[-14,11],[-4,11],[-5,-3],[-7,15],[-5,24],[-5,24],[-11,8],[-2,7],[-12,15],[-4,30],[-4,16],[0,13]],[[5266,42232],[0,19],[4,19],[0,15],[2,16],[6,20],[5,21],[14,24],[3,10],[3,24],[1,22],[5,9],[2,-4],[4,7],[5,-13],[0,-19],[-3,0],[-3,-25],[-2,-31],[2,-32],[0,-7],[-15,-24],[-4,-2],[-5,-8],[-9,-60],[-2,-22],[-1,-19],[-7,13],[-2,16],[-3,13],[0,18]],[[2063,46828],[2,13],[3,-3],[-2,-25],[-4,3],[1,12]],[[28898,63201],[-12,-24],[-6,-37],[-6,-40],[-14,-74],[-7,-7],[-8,-40],[1,-22],[13,-41],[-1,-25],[-1,-28],[-4,-24],[-2,-20],[1,-21],[5,-18],[0,-8],[9,-26],[7,-45],[0,-14],[6,-13],[0,-10],[4,-11],[6,-14],[5,-13],[1,-28],[8,-29],[1,-30],[-1,-18],[3,-9],[0,-28],[-3,-20],[-2,-25],[2,-23],[0,-13],[2,-27],[-1,-24],[2,-24],[4,-11],[11,-34],[7,-37],[1,-24],[0,-27],[-1,-13],[4,-23],[11,-42],[9,-39],[7,-24],[4,-19],[9,-20],[7,-9],[6,1],[4,7],[4,-20],[1,-39],[4,-90],[0,-34],[2,-29],[2,-141],[1,-41]],[[28861,62967],[-3,9],[-1,15],[3,4]],[[90203,32454],[6,19],[10,-2],[8,7],[6,11],[8,-1],[4,4],[2,16],[0,14],[6,1],[2,9],[-1,24],[5,28],[5,37],[0,38],[4,28],[5,5],[4,-11],[4,-24],[2,-18],[6,-7],[8,-2],[-1,-23],[-3,-13],[0,-18],[-4,-36],[-10,-18],[-1,-17],[-4,-7],[-6,-26],[-1,-1],[-6,-23],[-2,-2],[-4,-17],[-2,2],[-4,-8],[1,-12],[-3,-26],[-2,-26],[1,-27],[0,-48],[-4,-29],[-3,-8],[-4,-21],[-7,-7],[-8,9],[-5,20],[0,29],[-3,30],[1,6],[-4,13],[3,27],[1,19],[3,25],[-2,18],[-4,5],[-1,12],[-4,10],[-2,12]],[[90541,36963],[1,9],[4,-6],[-1,-23],[-3,6],[-1,14]],[[90536,37299],[3,19],[4,2],[4,-21],[-1,-14],[-3,-12],[-3,0],[-3,14],[-1,12]],[[90523,36253],[4,15],[3,-17],[-2,-15],[-2,4],[-3,13]],[[90507,37821],[2,31],[3,11],[3,0],[5,17],[0,28],[2,13],[-2,25],[4,12],[3,3],[6,-8],[1,-6],[1,-29],[-3,-28],[-6,-1],[-3,-5],[-6,-37],[-1,-13],[-3,-12],[-6,-1]],[[90502,34405],[5,51],[2,35],[0,27],[3,-1],[8,31],[6,11],[5,28],[5,16],[5,-20],[-2,-17],[-4,-2],[0,-19],[-5,-17],[-4,-19],[1,-7],[-1,-17],[2,-14],[4,-14],[-2,-11],[-5,-5],[-2,12],[-4,-2],[-3,-25],[1,-13],[3,-7],[-1,-31],[-4,13],[-8,5],[-5,12]],[[90487,38672],[1,19],[4,21],[6,-6],[6,-21],[0,-35],[-2,-4],[0,-19],[-4,-3],[-3,-15],[-4,19],[-4,29],[0,15]],[[90486,35857],[1,5],[7,1],[6,-3],[5,2],[6,-12],[0,-10],[-2,-16],[-4,-5],[-12,3],[-3,-4],[-4,22],[0,17]],[[90472,34285],[2,23],[2,4],[1,20],[5,21],[4,13],[3,15],[4,-21],[-1,-17],[1,-11],[-3,-15],[0,-13],[3,-18],[3,-3],[1,-11],[-4,-67],[-4,-27],[-3,-1],[-1,18],[1,13],[-2,11],[-4,10],[0,14],[-2,12],[-4,-2],[-2,8],[2,14],[-2,10]],[[90459,34084],[1,9],[9,15],[2,-11],[-5,-15],[-4,-3],[-3,5]],[[90417,39737],[3,17],[5,-6],[1,-16],[-3,-11],[-2,-3],[-3,9],[-1,10]],[[90343,33238],[1,8],[5,20],[5,28],[4,-1],[8,11],[3,11],[8,16],[5,-1],[8,-8],[-2,-37],[-4,-10],[-2,3],[-5,-3],[-3,-13],[0,-11],[-5,-19],[-8,1],[-4,-6],[-2,23],[-5,11],[-4,-19],[-3,-4]],[[90278,40731],[2,12],[2,-10],[-2,-11],[-2,9]],[[30097,65173],[-4,-4],[-1,-12],[-9,-18],[1,-8],[-7,-6],[1,33],[-5,17],[2,18],[-2,17],[1,14],[-3,7],[1,19],[1,36],[-2,19],[1,15],[-8,-5],[-1,-37],[2,-15],[-1,-18],[2,-8],[-1,-19],[2,-9],[-1,-16],[-4,-23],[-5,-7],[-9,-5],[0,-18],[-4,-21],[-3,5],[-4,-7],[-5,0],[-2,18],[4,7],[3,-1],[6,9],[-2,30],[-2,18],[6,24],[-1,9],[9,54],[2,16],[0,20],[3,4],[3,13],[4,0],[5,18],[3,-1],[3,25]],[[30068,65422],[-4,-15],[-1,-12],[2,-12],[-5,-19],[-4,-4],[-5,17],[-1,-11],[-4,-4],[0,26],[3,8],[1,17],[-5,11],[0,11],[-9,4],[0,11],[-6,12],[-3,45],[-5,-3],[3,-29],[0,-34],[3,-10],[1,-16],[0,-19],[-2,-4],[-2,-21],[-3,6],[0,14],[-14,3],[-2,-11],[2,-12],[4,4],[5,-8],[0,-48],[-1,-13],[2,-10],[0,-16],[-10,-9],[-2,-8],[1,-11],[7,-33],[1,-24],[-2,-20],[1,-31],[-3,-2],[1,-14],[-1,-13],[-7,-17],[1,-27],[-5,-19],[-4,-25],[-13,5],[-6,-2],[-18,-14],[-20,-23],[-8,-14],[-4,1],[-6,-7],[-6,3],[-11,-9],[-12,-17],[-1,17]],[[29891,64967],[9,25],[-3,27],[2,7],[0,19],[-3,9],[0,12],[6,16],[6,-3],[3,279],[-3,326],[0,85]],[[30032,65348],[8,-18],[5,-6],[1,-25],[-4,-26],[-5,3],[1,24],[2,21],[-7,11],[-1,16]],[[30019,65131],[2,7],[-2,30],[5,1],[1,13],[-3,11],[2,49],[1,13],[4,4],[1,-17],[-1,-17],[1,-18],[-1,-17],[2,-4],[-2,-16],[2,-20],[-5,-3],[-2,-8],[-5,-8]],[[29960,64780],[2,25],[2,4],[6,30],[0,16],[4,0],[2,-14],[-3,-28],[0,-10],[6,-18],[-1,-13],[-5,-5],[-9,-3],[-4,16]],[[25387,60859],[3,3],[5,-4],[6,-12],[5,-17],[4,2],[3,24],[7,14],[1,12],[-1,23],[-2,14],[-6,21],[-1,14],[1,13],[9,40],[3,3],[5,-4],[3,-11],[2,-16],[3,-9],[2,-13],[3,-7],[9,-1],[4,3],[6,15],[6,5],[8,-1],[7,11],[6,-12],[0,-16],[-5,-28],[1,-22],[2,-9],[7,-4],[9,8],[7,31],[1,16],[-1,14],[-9,27],[-2,17],[3,20],[3,11],[1,26],[5,4],[3,-8],[-1,-18],[4,-22],[3,-9],[9,-15],[3,-8],[4,6],[8,26],[8,12],[7,1],[8,-8],[11,-31],[7,-7],[11,-23],[7,-20],[10,-23],[4,-5],[11,-4],[2,-6],[5,-23],[3,-34],[5,-5],[6,6],[6,16],[3,30],[4,48],[-1,30],[3,14],[7,15],[9,13],[15,6],[6,13],[5,19],[8,29],[9,13],[8,-11],[4,-39],[8,-50],[6,-22],[3,-1],[9,23],[4,2],[6,-5],[2,-18],[-5,-44],[1,-15],[6,-2],[9,18],[2,11],[-1,46],[4,17],[6,1],[9,-6],[6,10],[1,12],[-3,18],[-2,19],[0,70],[2,17],[11,4],[8,5],[5,20],[0,23],[-7,11],[-2,21],[4,15],[6,-2],[7,-23],[2,2],[3,20],[3,7],[10,-3],[3,5],[2,17],[-2,9],[-10,8],[-4,11],[1,26],[5,6],[3,-4],[8,-26],[9,-17],[4,-20],[0,-13],[-2,-34],[0,-21],[3,-30],[10,-20],[3,-14],[12,-21],[14,7],[7,-4],[6,-14],[5,-29],[4,-18],[4,5],[0,20],[2,15],[14,10],[8,2],[6,20],[2,10],[1,36],[3,32],[0,13],[-1,40],[0,32],[1,15],[7,34],[8,21],[3,21],[1,30],[2,13],[3,7],[9,7],[4,-3],[3,-16],[6,-5],[16,32],[3,8],[5,25],[4,47],[2,37],[4,36],[4,17],[5,11],[17,8],[7,13],[5,23],[2,18],[2,8],[8,13],[5,13],[1,16],[0,20],[-5,41],[-1,15],[0,56],[-5,26],[1,31],[5,23],[7,10],[11,-7],[6,2],[12,11],[10,-2],[7,-10],[5,-30],[4,-12],[7,-9],[4,0],[10,14],[11,32],[7,17],[17,29],[5,14],[4,1],[9,-5],[4,2],[13,21],[13,-12],[7,0],[1,9],[-5,30],[0,14],[1,10],[6,14],[4,16],[1,21],[-4,10],[-9,7],[-8,1],[-3,3],[-2,18],[2,15],[10,34],[2,13],[-2,22],[-10,46],[-4,12],[-3,18],[2,15],[8,14],[8,26],[3,6]],[[26280,62383],[10,15],[5,24],[4,9],[6,-2],[4,-9],[8,-38],[11,-15],[5,-17],[8,-4],[8,10],[6,20],[8,-8],[4,1],[4,11],[4,16],[3,6],[7,-8],[3,-24],[1,-42],[6,-15],[13,-5],[10,-16],[6,-24],[2,-25],[1,-20],[2,-15],[8,-38],[7,-35],[0,-23],[0,-23],[1,-31],[5,-25],[4,-5],[11,-7],[14,-18],[10,-11],[7,0],[19,20],[9,-4],[5,-14],[11,-7],[8,-11],[4,-17],[1,-23],[5,-15],[9,-9],[2,-7],[3,-44],[3,-7],[12,-6],[9,-17],[5,-5],[6,11],[3,36],[3,13],[5,7],[11,9],[5,7],[8,5],[5,-5],[5,-10],[5,-18],[6,-6],[7,-2],[15,-11],[8,-15],[5,-18],[1,-25],[6,-15],[3,4],[7,27],[6,7],[10,-14],[13,4],[4,6],[4,23],[1,16],[6,22],[5,4],[9,17],[5,33],[6,7],[9,-5],[3,4],[7,17],[14,15],[4,-6],[3,-27],[-2,-44],[4,-25],[1,-27],[1,-29],[2,-30],[8,-26],[5,-12],[6,-4],[4,1],[11,-3],[10,-25],[4,-24],[5,-22],[5,-14],[7,-12],[3,-17],[1,-26],[2,-18]],[[26280,62383],[0,142],[1,91],[1,201],[0,208],[0,185],[1,211],[1,156],[0,80],[1,131],[0,119],[0,105],[0,167],[0,181],[0,220],[0,308],[0,213],[-1,207],[0,97]],[[26661,65448],[-4,-17],[-2,-23],[4,-3],[9,19],[2,-11],[-4,-8],[4,-8],[8,3],[3,-6],[8,1],[3,7],[2,15],[9,-22],[-1,-12],[7,-2],[12,-29],[1,-7],[11,-16],[14,-15],[11,-5],[11,-22],[5,-26],[6,-20],[8,-20],[8,-16],[9,-9],[7,-1],[7,8],[5,13],[3,17],[2,15],[-3,15],[2,10],[6,5],[4,-19],[9,-35],[4,0],[6,6],[9,-5],[2,-16],[-4,-19],[-8,-2],[-3,-9],[-4,4],[-8,0],[-5,-18],[-5,13],[-11,-15],[-20,0],[-3,-5],[-2,-20],[-6,-9],[-4,6],[-8,-6],[10,-26],[4,17],[4,-3],[4,-22],[5,-12],[5,1],[9,16],[3,10],[6,-2],[8,20],[0,17],[5,-4],[13,-28],[3,-2],[15,24],[1,-7],[7,-6],[3,-16],[10,-19],[7,-5],[24,-41],[9,-3],[14,18],[9,20],[7,9],[3,7],[11,3],[9,-2],[10,7],[21,43],[17,21],[30,30],[4,-1],[8,-11],[6,-15],[19,-10],[5,0],[11,12],[11,3],[10,-11],[4,6],[10,23],[8,23],[3,-2],[8,17],[8,19],[19,63],[4,4],[8,15],[6,21],[7,29],[24,63],[15,27],[4,11],[6,-3],[10,12],[22,41],[10,17],[8,8],[11,17],[8,9],[4,7],[18,11],[10,8],[16,23],[5,5],[7,18],[5,3],[3,-4],[5,10],[9,4],[21,26],[5,2],[9,13],[4,3],[10,16],[8,7]],[[26861,65297],[5,19],[5,-9],[5,-1],[0,-19],[-5,-12],[-1,9],[-6,3],[-3,10]],[[26836,65392],[6,9],[0,-24],[-6,15]],[[26833,65422],[3,14],[3,1],[2,-18],[-8,3]],[[26831,65347],[5,16],[6,-7],[-9,-29],[-2,20]],[[25508,69369],[3,-18],[-6,4],[-2,-8],[-4,-35],[0,-36],[-2,-44],[-6,-3],[-12,0],[-20,-11],[-14,-16],[-6,-23],[-1,-15],[1,-15],[3,-13],[-3,-24],[-2,-4],[-5,-35],[-4,-2],[-6,-13],[-5,-44],[-4,-28],[-10,-31],[-4,-22],[-2,-40],[1,-14],[-4,-12],[-2,-31],[1,-23],[-2,-4],[0,-14],[-2,-25],[-5,-5],[-1,-17],[3,-3],[6,-21],[11,-13],[7,-1],[4,8],[4,14],[5,30],[-4,8],[7,13],[2,13],[3,4],[3,15],[5,-1],[9,21],[12,6],[4,17],[1,13],[5,17],[3,19],[-1,31],[10,43],[6,21],[1,10],[4,12],[3,18],[7,28],[5,6],[4,12],[5,-11],[-2,-16],[5,-4],[5,29],[5,-1],[4,9],[4,-5],[8,29],[4,7],[4,-3],[6,-26],[4,-34],[3,4],[-2,46],[1,13],[-3,15],[-3,8],[2,24],[7,36],[4,37],[7,32],[3,27],[7,18],[4,-9],[1,34],[5,13],[1,31],[2,21],[3,1],[-1,20],[2,24],[12,-8],[2,-13],[4,0],[-1,25],[2,12],[6,10],[8,-1],[-1,37],[4,40],[2,3],[6,-8],[3,50],[5,-12],[8,2],[7,13],[4,-3],[3,-20],[-4,-17],[0,-30],[1,-24],[-6,-5],[-2,15],[-4,7],[-3,-3],[1,-19],[-4,-46],[0,-18],[5,-14],[-3,-12],[-9,19],[-3,-13],[2,-14],[5,-6],[2,-10],[1,-25],[-5,-18],[-6,19],[-3,-15],[5,-10],[0,-19],[-5,-2],[0,12],[-4,6],[-3,-6],[-1,-28],[-4,-34],[-7,-9],[-7,-43],[1,-24],[4,-14],[-1,-9],[-8,-13],[-3,-12],[-1,-10],[4,-14],[0,-12],[-9,-18],[-7,-11],[-3,-9],[-3,-33],[-6,-12],[-4,-19],[0,-20],[-4,-25],[-3,-36],[-3,-20],[-5,-28],[-6,-43],[-3,-16],[-9,-26],[-4,-37],[-4,-25],[-2,-24],[-3,-23],[-2,-40],[-2,-24],[-1,-25],[-4,-48],[0,-21],[-5,-29],[0,-11],[-3,-24],[1,-33],[6,-38],[3,-36],[1,-22],[-4,-36],[-5,-23],[-7,-18],[-10,-15],[-6,-11],[-7,-20],[-3,-27],[0,-35],[-4,-17],[-3,-20],[-4,-36],[-1,-27],[-5,-33],[-2,-41],[-3,-26],[2,-33],[0,-24],[1,-25],[5,-43],[3,-12],[-4,-32],[2,-27],[0,-29],[-1,-9],[-8,-47],[-13,-71],[-2,-18],[-1,-45],[0,-38],[-3,-33],[-6,-34],[-11,-48],[-5,-48],[-2,-52],[-3,-28],[-3,-39],[0,-17],[4,-25],[0,-20],[5,-31],[-6,-44],[1,-14],[6,-26],[3,-33],[-8,-32],[-1,-27],[2,-15],[3,-17],[8,-25],[2,-11],[-1,-34],[2,-21],[-2,-21],[1,-27],[5,-45],[9,-33],[10,-28],[-5,-14],[-2,-24],[1,-23],[-2,-34],[-5,-30],[-4,-46],[0,-34],[3,-24],[-2,-8],[1,-68],[3,-33]],[[24498,67510],[0,14],[-4,13],[-3,30],[3,18],[0,20],[-7,25],[-3,14],[1,37],[-2,9],[0,25],[1,22],[0,17],[4,28],[-1,13],[4,35],[-6,20],[-2,25],[-2,28],[-2,11],[-7,24],[-3,24],[-5,11],[-2,17],[-3,6],[-2,21],[-6,22],[-6,11],[-9,44],[-8,10],[-3,-2],[-8,13],[-11,3],[-10,6],[-4,9],[-3,15],[-10,18],[-4,13],[-2,15],[-4,12],[-8,8],[0,19],[-6,15],[-6,2],[-6,15],[-12,19],[-3,17],[-13,25],[-2,19],[-3,22],[1,13],[-2,19],[0,12],[-7,16],[-1,12],[3,17],[-3,26],[-5,8],[-5,22],[-7,11],[-6,12],[-9,11],[-4,15],[-7,4],[-9,10],[-4,10],[-10,6],[-15,13],[-5,8],[-3,13],[-9,20],[-7,31],[0,19],[-4,25],[-4,15],[-5,7],[-11,1],[-8,3],[-4,6],[-7,-4],[-7,7],[-4,-2],[-6,10],[-7,-9],[-8,43],[-3,-4],[-6,13],[-5,4],[0,28],[-3,12],[-9,16],[-10,36],[-10,27],[-15,24],[-5,16],[1,20],[4,22],[3,29],[2,11],[2,23],[-1,24],[1,16],[-3,20],[1,10],[3,7],[3,35],[-1,21],[-4,19],[-1,35],[3,22],[-1,10],[-9,25],[-2,17],[3,17],[13,33],[0,18],[-3,33],[1,26],[-4,13],[1,23],[4,16],[-3,36],[3,14],[-3,20],[1,14],[6,11],[7,25],[3,17],[-1,21],[2,11],[5,11],[4,24],[4,6],[1,50],[-2,15],[-8,12],[-6,33],[-6,25],[0,31],[-13,30],[-4,1],[-10,-8],[-7,7],[-7,1],[-3,9],[-1,23],[1,18],[-1,33],[2,31],[3,61],[5,13],[6,6],[5,12],[7,23],[2,22],[6,33],[-2,19],[1,8],[6,16],[1,24],[8,31],[8,13],[1,7],[10,24],[7,2],[3,7],[14,13],[1,19],[8,19],[8,-10],[8,1],[6,46],[6,13],[16,-16],[3,3],[2,15],[0,17],[5,27],[9,9],[0,124],[0,276],[1,242],[0,48],[7,-17],[2,9],[4,-11],[4,4],[5,-3],[3,6],[-1,11],[8,30],[-6,7],[-2,7],[4,17],[6,3],[6,-4],[3,27],[5,11],[8,0],[16,-47],[5,-2]],[[24276,71250],[15,-28],[5,-3],[16,11],[8,3],[10,-2],[8,5],[12,17],[15,16],[14,14],[15,22],[5,4],[10,-3],[7,3],[5,11],[7,2],[13,16],[4,13],[5,-4],[6,4],[8,28],[14,19],[9,4],[7,27],[11,16],[-3,-18],[4,-12],[6,-4],[1,12],[8,7],[3,-6],[8,6],[0,22],[4,4],[4,-6],[7,13],[2,16],[4,10],[7,7],[6,27],[2,3],[10,-13],[5,1],[1,9],[8,13],[5,12],[7,-6],[2,-10],[0,-15],[4,-6],[3,8],[4,-4],[3,-29],[3,-1],[5,-18],[-1,-9],[-4,-10],[-5,-28],[0,-12],[-3,-22],[-8,-23],[-3,-16],[-5,-1],[-3,-29],[-5,-9],[4,-39],[5,-27],[-5,-23],[-6,-14],[-6,-6],[-3,-40],[-4,-24],[-3,-6],[1,-17],[7,-6],[4,3],[8,19],[4,2],[11,18],[8,6],[7,13],[9,23],[-3,17],[15,-7],[18,-47],[12,-28],[8,-16],[5,-6],[9,10],[9,-18],[10,-15],[6,6]],[[25685,69674],[3,12],[-3,21],[4,36],[3,3],[5,-11],[6,1],[4,6],[7,-10],[6,6],[0,18],[4,1],[3,-16],[-5,-8],[-5,-23],[-2,-19],[-4,-6],[-1,-18],[0,-16],[-2,-6],[-5,8],[-2,-2],[-5,-22],[-3,15],[-6,6],[-2,8],[0,16]],[[25568,69474],[0,16],[6,0],[6,10],[-1,-43],[3,-14],[-14,23],[0,8]],[[24708,71595],[2,12],[0,32],[2,30],[3,9],[6,4],[6,0],[0,-23],[-3,-25],[1,-12],[-3,-15],[-5,-13],[-10,-9],[1,10]],[[24693,71447],[6,12],[13,15],[-7,-28],[-6,-6],[-6,7]],[[24677,71631],[8,-19],[0,-14],[-5,-10],[-2,36],[-1,7]],[[24663,71597],[5,3],[1,-13],[-4,-7],[-2,17]],[[24655,71501],[5,23],[5,3],[5,9],[12,9],[8,10],[6,-12],[-4,-15],[-1,-15],[-4,1],[-2,-11],[-8,-3],[-6,-7],[-12,-10],[-4,18]],[[24648,71541],[7,24],[6,3],[0,-10],[-11,-26],[-2,9]],[[24644,71628],[1,14],[6,-2],[-3,-20],[-4,8]],[[24641,71460],[7,10],[2,-14],[-5,-5],[-4,9]],[[24639,71577],[3,21],[6,2],[3,-8],[-7,-20],[-5,5]],[[24625,71397],[1,20],[6,27],[4,-9],[-6,-32],[-5,-6]],[[24624,71530],[7,20],[7,-7],[6,-25],[1,-22],[-13,-5],[-8,39]],[[24621,71620],[5,12],[5,-24],[-4,-17],[-5,7],[-1,22]],[[24617,71341],[11,15],[5,3],[1,12],[5,12],[10,15],[5,11],[7,25],[4,12],[4,-3],[5,-17],[4,-9],[-4,-12],[-8,-2],[-17,-21],[2,-24],[3,-12],[-11,-8],[-5,4],[-7,-21],[-9,-17],[-4,0],[1,17],[-2,20]],[[24592,71582],[8,-7],[-1,-11],[-6,10],[-1,8]],[[24564,71575],[8,6],[6,13],[2,-16],[-3,-6],[1,-23],[-10,-1],[-4,11],[0,16]],[[15306,65758],[-2,11],[-9,21],[-6,23],[-4,-1],[-4,8],[-8,39],[-4,10],[-4,28],[2,20],[-3,10],[-2,17],[2,26],[-3,18],[-2,27],[-1,9],[-8,28],[1,35],[-1,31],[-6,19],[2,13],[0,49],[0,38],[-3,32],[4,29],[0,41],[6,48],[3,43],[-3,20],[0,41],[-4,22],[1,14],[-11,21],[1,10],[-7,56],[-5,11],[-7,-6],[1,10],[-4,52],[-3,28],[-6,24],[6,32],[1,16],[2,5],[7,44],[6,39],[5,47],[4,47],[3,46],[1,31],[0,21],[2,13],[7,68],[1,30],[0,15],[4,54],[-2,24],[-4,18],[9,38],[5,5],[3,10],[8,43],[8,56],[8,77],[7,70],[5,76],[2,54],[4,38],[4,71],[3,49],[5,118],[3,99],[0,32],[4,97],[-1,19],[3,58],[0,40],[2,34],[-2,12],[2,23],[-2,11],[2,34],[0,17],[3,16],[2,45],[2,70],[0,82],[3,36],[2,75],[-1,20],[3,53],[0,12],[-4,5],[2,11],[2,39],[0,22],[-3,38],[-1,4],[0,31],[2,38],[4,9],[6,73],[2,32],[0,25],[2,39],[2,39],[-1,20],[2,11],[-3,8],[1,32],[7,20],[3,60],[2,65],[-1,17],[3,75],[0,43],[-5,36],[2,8],[2,37],[2,51],[-1,22],[-3,21],[1,17],[-2,6],[4,12],[4,56],[0,23],[-2,7],[1,18],[3,88],[0,32],[-1,44],[0,7],[-7,21],[1,9],[-5,11],[4,15],[2,65],[0,32],[-1,51],[-3,12],[0,12],[-4,12],[-1,9],[6,11],[1,15],[9,10],[3,38],[-1,37],[-1,35],[-4,52],[-7,61],[-10,64],[-3,8],[6,7],[3,-14],[-2,-9],[4,-11],[2,7],[7,-13],[12,-25],[1,-14],[13,-13],[4,6],[-1,11],[-4,10],[3,14],[7,-3],[11,10],[7,17],[11,-28],[7,1],[5,10],[0,16],[2,7],[7,-6],[7,3],[10,17],[9,22],[1,12]],[[20923,73925],[22,-1],[104,0],[62,0],[5,0],[43,0],[73,0],[73,0],[74,0],[56,-1],[126,1],[84,0],[65,0],[28,0],[46,0],[106,0],[73,0],[112,0],[71,0],[79,0],[68,1],[110,0],[73,0],[75,0],[71,1],[73,0],[83,0],[45,0]],[[22823,73926],[1,-9],[-3,-12],[1,-41],[5,-18],[2,-35],[5,-9],[-2,-17],[5,-9],[2,-26],[-2,-29],[-3,-10],[9,-7],[-2,-17],[2,-22],[3,-13],[-2,-10],[4,-8],[-1,-15],[4,-10],[3,-21],[0,-11],[5,-24],[0,-26],[-4,-33],[-5,-20],[-3,-18],[0,-17],[-2,-18],[-6,-3],[5,-42],[1,-32],[5,-11],[-2,-9],[-5,-4],[4,-21],[4,-4],[-3,-25],[-1,-24],[3,-13],[-4,-12],[-3,-13],[4,-4],[1,-13],[-4,-8],[5,-13],[-1,-10],[4,-7],[-3,-31],[6,-16],[-3,-7],[0,-45],[-5,-8],[1,-28],[4,-6],[-4,-17],[-3,-23],[2,-24],[6,-6],[-7,-14],[6,-4],[-1,-10],[2,-19],[0,-12],[3,-2],[3,-22],[1,-18],[6,-21],[2,-29],[-1,-10],[2,-24],[3,-13],[-2,-28],[2,-20],[5,-8],[0,-11],[5,-12],[1,-15],[-3,-14],[1,-26],[4,-3],[3,-24],[4,-22],[1,-31],[6,-14],[0,-20],[6,-10],[2,-19],[-1,-15],[3,-17],[4,-34],[2,-5],[4,-30],[-1,-12],[4,-29],[-1,-9],[6,-12],[1,-12],[0,-24],[-4,-16],[5,-16],[-6,-27],[6,-36],[-4,-10],[3,-15],[0,-17],[-3,-29],[2,-15],[-2,-12],[7,-18],[-2,-36],[-2,-9],[3,-22],[3,-40],[-4,-16],[1,-19],[-1,-5],[3,-31],[-2,-17],[3,-6],[-1,-14],[2,-25],[-1,-11],[2,-11],[-2,-39],[2,-20],[2,-17],[0,-36],[-2,-9],[0,-18],[2,-11],[-5,-41],[3,-14],[1,-24],[3,-16],[5,-41],[8,7],[1,-8],[-2,-27],[-2,-19],[1,-13],[-3,-8],[1,-16],[-2,-23],[-5,-30],[2,-3],[0,-37],[5,-11],[-2,-29],[1,-23],[-2,-22],[1,-12],[-4,-47],[2,-18],[-1,-8],[5,-8],[1,-24],[7,-33],[1,-10],[-1,-20],[2,-11],[-1,-17],[3,-17],[-1,-12],[3,-34],[4,-8],[-2,-29],[7,-21],[4,-17],[4,-39],[6,-14],[7,-24],[5,-14],[1,-14],[-2,-17],[2,-5],[1,-26],[-2,-17],[5,-17],[-4,-5],[1,-34],[3,-11],[-2,-23],[3,-10],[1,-19],[-1,-14],[3,-18],[1,-21],[2,-11],[1,-25],[-1,-22],[-5,-44],[1,-12],[1,-62],[2,-21],[0,-12]],[[25527,65419],[4,-16],[12,-26],[5,14],[7,7],[5,-10],[-1,-13],[-7,-25],[4,-9],[2,3],[12,-16],[6,-4],[17,-7],[7,0],[12,4],[16,13],[0,11],[4,5],[5,-3],[8,6],[20,27],[18,29],[12,15],[3,17],[10,13],[14,26]],[[22823,73926],[83,-1],[73,0],[74,0],[54,0],[124,-1],[110,-1],[60,1],[0,209],[0,240],[8,-17],[19,-19],[12,4],[7,14],[9,2],[13,-24],[9,-19],[7,-11],[10,-4],[-2,-14],[0,-17],[8,-93],[-1,-19],[7,-90],[7,-25],[8,-116],[10,-135],[-2,-18],[0,-18],[2,-16],[-5,-9],[0,-9],[2,-18],[0,-31],[12,-31],[3,-17],[6,-4],[9,-23],[9,-2],[5,-16],[11,-5],[17,-4],[6,19],[7,1],[13,-10],[10,8],[12,-13],[4,-18],[-1,-23],[3,-12],[5,-5],[7,2],[12,-6],[18,-3],[7,3],[11,-6],[6,3],[14,-11],[8,-3],[4,4],[7,-5],[12,-1],[3,-6],[3,-18],[5,-45],[-4,-47],[7,-17],[12,-1],[12,4],[4,-4],[14,3],[5,16],[4,-11],[5,8],[4,-2],[9,2],[9,7],[4,8],[9,5],[3,19],[-2,35],[7,2],[9,17],[3,-6],[7,2],[4,8],[3,17],[25,19],[14,0],[8,-22],[25,5],[29,-5],[9,8],[0,-26],[6,-2],[5,-12],[5,-2],[46,-64],[20,8],[6,-4],[3,-35],[-3,-16],[-18,-5],[-4,-37],[7,-23],[9,-8],[23,5],[10,8],[9,0],[8,-34],[6,-5],[0,-16],[-6,-34],[2,-23],[11,-55],[4,-11],[7,-42],[4,-35],[2,-11],[5,12],[10,12],[10,4],[2,15],[-5,10],[-3,27],[2,21],[-3,12],[3,8],[1,23],[8,13],[15,-10],[8,7],[5,13],[5,3],[0,-11],[17,-3],[8,6],[2,-28],[4,-10],[9,-6],[-4,-28],[2,-37],[5,-6],[2,-14],[3,6],[5,-2],[-1,-22],[11,7],[7,-1],[2,-12],[5,-10],[1,-14],[13,5],[5,-10],[14,-5],[3,7],[6,-6],[1,-14],[-3,-19],[5,0],[-1,-21],[3,-13],[-4,-32],[6,2],[4,-10],[6,2],[4,-14],[7,5],[8,1],[8,7],[2,-6],[-5,-12],[-2,-31],[0,-21],[3,-6],[6,12],[15,17],[11,1],[4,-20],[2,-4],[11,10],[5,14],[9,5],[14,1],[11,12],[4,13],[6,9],[7,25],[2,-3],[7,21],[5,10],[7,20],[6,8],[3,9],[4,1],[3,7],[7,1],[15,36],[14,13],[11,18],[3,-9],[8,8],[2,-6],[2,-77],[4,7],[4,-2],[2,-22],[6,3],[-1,-18],[-5,-8],[6,-18],[4,-30],[6,-4],[10,1],[5,6],[12,3],[5,10],[14,10],[5,-4],[-4,-12],[4,-13],[11,4],[8,0],[6,11],[8,-11],[10,7],[6,-14],[12,4],[2,7],[7,3],[5,-7],[4,5],[5,-1],[9,7],[10,-1],[15,5],[5,-9],[7,0],[9,-9],[10,-14],[8,-41],[0,-24],[5,-7],[2,-10],[5,-4],[4,6],[2,-16],[9,-17],[7,-2],[11,17],[3,17],[5,-1],[10,10],[9,-1],[5,-6],[4,-12],[4,5],[9,-1],[1,-6],[8,8],[8,-9],[4,-9],[7,-3],[-8,-14],[-7,-2],[1,10],[-3,9],[-9,-20],[-2,-14],[-6,-2],[-5,-28],[-10,-19],[-1,-9],[-11,-18],[-5,-12],[-10,-14],[-7,-7],[-5,1],[-15,-14],[-1,-14],[-6,-12],[-4,0],[-3,-11],[-8,-7],[-6,-8],[-5,0],[-8,-8],[-2,-7],[-10,-12],[-13,-2],[-5,-8],[-2,-11],[-12,-1],[-21,-23],[-2,1],[-8,-14],[-14,-5],[-2,-4],[-11,-7],[-1,-8],[-8,-6],[-18,-19],[-4,-15],[-10,-11],[-12,-20],[-12,-20],[-4,-3],[-12,-19],[-17,-36],[-20,-43],[-19,-49],[-6,-11],[-23,-59],[-3,-2],[-7,-26],[-7,-22],[-9,-18],[-13,-47],[-3,-18],[-6,-17],[-6,-26],[-3,-2],[-3,-25],[-6,-8],[-2,-12],[-7,-14],[-6,-18],[-1,-7],[-7,-19],[0,-8],[-7,-18],[-2,-9],[-9,-17],[-12,-44],[-5,-12],[-8,-7],[-4,-16],[-5,-3],[-3,-10],[-6,-4],[-6,-32],[-2,1],[-8,-19],[-6,-21],[-2,-16],[-5,2],[-2,-13],[-6,-1],[-9,-26],[-8,-30],[-4,-16],[-9,-15],[-8,-6],[-4,-13],[-5,-8],[-11,-27],[-11,-20],[-9,-20],[-4,-13],[-5,-7],[-8,-16],[-4,-18],[-7,-9],[-2,-10],[1,-11],[4,-22],[7,-32],[7,-24],[3,-5]],[[24951,72720],[3,13],[6,1],[1,-8],[-9,-16],[-1,10]],[[29891,64967],[-5,18],[-5,-3],[-2,-7],[-5,1],[-4,11],[-3,0],[-4,-19],[-5,10],[-3,-11],[-3,-3],[-3,-13],[-3,12],[-2,-6],[-6,8],[-12,-6],[-5,-17],[-6,0],[-6,16],[-5,-4],[-1,15],[-4,1],[-3,-12],[0,-28],[-7,5],[-3,8],[-2,-3],[-5,-17],[-15,-6],[-5,6],[-3,33],[-3,-14],[4,-35],[-13,-9],[-3,19],[-8,-4],[-7,5],[-4,-11],[-5,2],[-7,-17],[-3,11],[-3,-4],[-3,-16],[-8,23],[-3,4],[-5,-4],[-5,4],[-11,-8],[-2,6],[-6,-14],[-2,-15],[-5,-1],[1,18],[-4,1],[-3,-7],[-2,9],[-5,5],[-4,-4],[-4,2],[-9,-19],[-2,17],[-10,-21],[-5,-3],[-7,6],[3,10],[-3,17],[-1,30],[-1,0],[-7,-27],[0,-16],[-7,-9],[-3,-17],[-3,-2],[-2,-14],[-3,-1],[-4,-21],[-9,7],[-11,-27],[-6,-22],[2,-20],[-8,-6],[-11,15],[-9,-2],[-7,-17],[-2,1],[-2,-18],[-6,-12],[-6,11],[-7,-15],[-3,0],[-8,-10],[-4,-10],[-5,-3],[-6,-11],[-3,-17],[-5,-18],[-5,2],[-5,-7],[-6,-13],[-1,9],[-7,-11],[-1,-22],[-4,14],[-4,-9],[-5,-15],[0,-11],[-4,-1],[-3,18],[-3,-1],[-6,-16],[-4,2],[-5,-21]]],"transform":{"scale":[0.003589302553145532,0.0008572715044750449],"translate":[-179.14821126799998,-14.373732476999976]},"objects":{"gb_USA_ADM1":{"type":"GeometryCollection","geometries":[{"arcs":[[[0]],[[1]],[[2]],[[3,4,5,6,7]]],"type":"MultiPolygon","properties":{"id":"US-MS","name":"Mississippi","pcode":"US-MS"}},{"arcs":[[[8]],[[9]],[[10]],[[11]],[[12]],[[13]],[[14]],[[15]],[[16]],[[17,18,19,20,21]]],"type":"MultiPolygon","properties":{"id":"US-NC","name":"North Carolina","pcode":"US-NC"}},{"arcs":[[22,23,24,25,26,27]],"type":"Polygon","properties":{"id":"US-OK","name":"Oklahoma","pcode":"US-OK"}},{"arcs":[[[-18,28,29,30,31,32,33,34]],[[35]],[[36,37]],[[38,39]]],"type":"MultiPolygon","properties":{"id":"US-VA","name":"Virginia","pcode":"US-VA"}},{"arcs":[[-31,40,41,42,43]],"type":"Polygon","properties":{"id":"US-WV","name":"West Virginia","pcode":"US-WV"}},{"arcs":[[[-8,44,45,46]],[[47]],[[48]],[[49]],[[50]],[[51]],[[52]],[[53]],[[54]],[[55]]],"type":"MultiPolygon","properties":{"id":"US-LA","name":"Louisiana","pcode":"US-LA"}},{"arcs":[[[56]],[[57]],[[58]],[[59]],[[60]],[[61]],[[62]],[[63]],[[64]],[[65]],[[66]],[[67]],[[68]],[[69]],[[70]],[[71]],[[72]],[[73]],[[74]],[[75]],[[76]],[[77,78,79]],[[80]],[[81]],[[82,83]]],"type":"MultiPolygon","properties":{"id":"US-MI","name":"Michigan","pcode":"US-MI"}},{"arcs":[[[84]],[[85]],[[86]],[[87]],[[88]],[[89]],[[90]],[[91]],[[92,93,94,95,96,97,98,99]]],"type":"MultiPolygon","properties":{"id":"US-MA","name":"Massachusetts","pcode":"US-MA"}},{"arcs":[[100,101,102,103,104,105,106]],"type":"Polygon","properties":{"id":"US-ID","name":"Idaho","pcode":"US-ID"}},{"arcs":[[[107]],[[108]],[[109]],[[110]],[[111]],[[112]],[[113]],[[114]],[[115]],[[116]],[[117]],[[118]],[[119]],[[120]],[[121]],[[122]],[[123,124,125]]],"type":"MultiPolygon","properties":{"id":"US-FL","name":"Florida","pcode":"US-FL"}},{"arcs":[[126,127,128,129,130,131]],"type":"Polygon","properties":{"id":"US-NE","name":"Nebraska","pcode":"US-NE"}},{"arcs":[[[-101,132,133]],[[134]],[[135]],[[136]],[[137]],[[138]],[[139]],[[140]],[[141]],[[142]],[[143]],[[144]],[[145]],[[146]],[[147]],[[148]],[[149]],[[150]],[[151]],[[152]],[[153]]],"type":"MultiPolygon","properties":{"id":"US-WA","name":"Washington","pcode":"US-WA"}},{"arcs":[[-28,154,155,156,157]],"type":"Polygon","properties":{"id":"US-NM","name":"New Mexico","pcode":"US-NM"}},{"arcs":[[[158]],[[159]],[[160]],[[161]],[[162]]],"type":"MultiPolygon","properties":{"id":"US-PR","name":"Puerto Rico","pcode":"US-PR"}},{"arcs":[[-127,163,164,165,166,167]],"type":"Polygon","properties":{"id":"SU-SD","name":"South Dakota","pcode":"SU-SD"}},{"arcs":[[[-27,168,-46,169,-155]],[[170]],[[171]],[[172]],[[173]],[[174]],[[175]],[[176]],[[177]]],"type":"MultiPolygon","properties":{"id":"US-TX","name":"Texas","pcode":"US-TX"}},{"arcs":[[[178]],[[179]],[[180]],[[181]],[[182]],[[183]],[[184]],[[185]],[[186]],[[187,188,189,190]]],"type":"MultiPolygon","properties":{"id":"US-CA","name":"California","pcode":"US-CA"}},{"arcs":[[[-6,191,192,-126,193]],[[194]],[[195]]],"type":"MultiPolygon","properties":{"id":"US-AL","name":"Alabama","pcode":"US-AL"}},{"arcs":[[-21,196,197,-124,-193,198]],"type":"Polygon","properties":{"id":"US-GA","name":"Georgia","pcode":"US-GA"}},{"arcs":[[-43,199,200,201,202,203,204,205]],"type":"Polygon","properties":{"id":"US-PA","name":"Pennsylvania","pcode":"US-PA"}},{"arcs":[[-25,206,-129,207,208,209,210,211,212,213]],"type":"Polygon","properties":{"id":"US-MO","name":"Missouri","pcode":"US-MO"}},{"arcs":[[-23,-158,214,215,-131,216]],"type":"Polygon","properties":{"id":"US-CO","name":"Colorado","pcode":"US-CO"}},{"arcs":[[-105,217,-215,218,219]],"type":"Polygon","properties":{"id":"US-UT","name":"Utah","pcode":"US-UT"}},{"arcs":[[-5,220,-213,221,-211,222,-29,-22,-199,-192]],"type":"Polygon","properties":{"id":"US-TN","name":"Tennessee","pcode":"US-TN"}},{"arcs":[[-104,223,-164,-132,-216,-218]],"type":"Polygon","properties":{"id":"US-WY","name":"Wyoming","pcode":"US-WY"}},{"arcs":[[[-100,224,225,226,-202,227,228]],[[229]],[[230]],[[231]],[[232]],[[233]],[[234]],[[235]]],"type":"MultiPolygon","properties":{"id":"US-NY","name":"New York","pcode":"US-NY"}},{"arcs":[[-24,-217,-130,-207]],"type":"Polygon","properties":{"id":"US-KS","name":"Kansas","pcode":"US-KS"}},{"arcs":[[[236]],[[237]],[[238]],[[239]],[[240]],[[241]],[[242]],[[243]],[[244]],[[245]],[[246]],[[247]],[[248]],[[249]],[[250]],[[251]],[[252]],[[253]],[[254]],[[255]],[[256]],[[257]],[[258]],[[259]],[[260]],[[261]],[[262]],[[263]],[[264]],[[265]],[[266]],[[267]],[[268]],[[269]],[[270]],[[271]],[[272]],[[273]],[[274]],[[275]],[[276]],[[277]],[[278]],[[279]],[[280]],[[281]],[[282]],[[283]],[[284]],[[285]],[[286]],[[287]],[[288]],[[289]],[[290]],[[291]],[[292]],[[293]],[[294]],[[295]],[[296]],[[297]],[[298]],[[299]],[[300]],[[301]],[[302]],[[303]],[[304]],[[305]],[[306]],[[307]],[[308]],[[309]],[[310]],[[311]],[[312]],[[313]],[[314]],[[315]],[[316]],[[317]],[[318]],[[319]],[[320]],[[321]],[[322]],[[323]],[[324]],[[325]],[[326]],[[327]],[[328]],[[329]],[[330]],[[331]],[[332]],[[333]],[[334]],[[335]],[[336]],[[337]],[[338]],[[339]],[[340]],[[341]],[[342]],[[343]],[[344]],[[345]],[[346]],[[347]],[[348]],[[349]],[[350]],[[351]],[[352]],[[353]],[[354]],[[355]],[[356]],[[357]],[[358]],[[359]],[[360]],[[361]],[[362]],[[363]],[[364]],[[365]],[[366]],[[367]],[[368]],[[369]],[[370]],[[371]],[[372]],[[373]],[[374]],[[375]],[[376]],[[377]],[[378]],[[379]],[[380]],[[381]],[[382]],[[383]],[[384]],[[385]],[[386]],[[387]],[[388]],[[389]],[[390]],[[391]],[[392]],[[393]],[[394]],[[395]],[[396]],[[397]],[[398]],[[399]],[[400]],[[401]],[[402]],[[403]],[[404]],[[405]],[[406]],[[407]],[[408]],[[409]],[[410]],[[411]],[[412]],[[413]],[[414]],[[415]],[[416]],[[417]],[[418]],[[419]],[[420]],[[421]],[[422]],[[423]],[[424]],[[425]],[[426]],[[427]],[[428]],[[429]],[[430]],[[431]],[[432]],[[433]],[[434]],[[435]],[[436]],[[437]],[[438]],[[439]],[[440]],[[441]],[[442]],[[443]],[[444]],[[445]],[[446]],[[447]],[[448]],[[449]],[[450]],[[451]],[[452]],[[453]],[[454]],[[455]],[[456]],[[457]],[[458]],[[459]],[[460]],[[461]],[[462]],[[463]],[[464]],[[465]],[[466]],[[467]],[[468]],[[469]],[[470]],[[471]],[[472]],[[473]],[[474]],[[475]],[[476]],[[477]],[[478]],[[479]],[[480]],[[481]],[[482]],[[483]],[[484]],[[485]],[[486]],[[487]],[[488]],[[489]],[[490]],[[491]],[[492]],[[493]],[[494]],[[495]],[[496]],[[497]]],"type":"MultiPolygon","properties":{"id":"US-AK","name":"Alaska","pcode":"US-AK"}},{"arcs":[[-106,-220,498,-189,499]],"type":"Polygon","properties":{"id":"US-NV","name":"Nevada","pcode":"US-NV"}},{"arcs":[[-209,500,501,502,503,504]],"type":"Polygon","properties":{"id":"US-IL","name":"Illinois","pcode":"US-IL"}},{"arcs":[[-93,-229,505,506]],"type":"Polygon","properties":{"id":"US-VT","name":"Vermont","pcode":"US-VT"}},{"arcs":[[-103,507,508,-165,-224]],"type":"Polygon","properties":{"id":"US-MT","name":"Montana","pcode":"US-MT"}},{"arcs":[[-128,-168,509,510,-501,-208]],"type":"Polygon","properties":{"id":"US-IA","name":"Iowa","pcode":"US-IA"}},{"arcs":[[-20,511,-197]],"type":"Polygon","properties":{"id":"US-SC","name":"South Carolina","pcode":"US-SC"}},{"arcs":[[-94,-507,512,513,514]],"type":"Polygon","properties":{"id":"US-NH","name":"New Hampshire","pcode":"US-NH"}},{"arcs":[[-157,515,-190,-499,-219]],"type":"Polygon","properties":{"id":"US-AZ","name":"Arizona","pcode":"US-AZ"}},{"arcs":[[-33,516]],"type":"Polygon","properties":{"id":"US-DC","name":"District of Columbia","pcode":"US-DC"}},{"arcs":[[[517]],[[518]],[[519]],[[520]],[[521]]],"type":"MultiPolygon","properties":{"id":"US-AS","name":"American Samoa","pcode":"US-AS"}},{"arcs":[[[522]],[[523]],[[524]],[[525]]],"type":"MultiPolygon","properties":{"id":"US-VI","name":"United States Virgin Islands","pcode":"US-VI"}},{"arcs":[[-203,-227,526,527,528]],"type":"Polygon","properties":{"id":"US-NJ","name":"New Jersey","pcode":"US-NJ"}},{"arcs":[[[-37,529,-34,-517,-32,-44,-206,530,531]],[[-39,532]],[[533]],[[534]],[[535]],[[536]]],"type":"MultiPolygon","properties":{"id":"US-MD","name":"Maryland","pcode":"US-MD"}},{"arcs":[[[-514,537]],[[538]],[[539]],[[540]],[[541]],[[542]],[[543]],[[544]],[[545]],[[546]],[[547]],[[548]],[[549]],[[550]],[[551]],[[552]],[[553]],[[554]],[[555]],[[556]],[[557]],[[558]],[[559]],[[560]],[[561]],[[562]],[[563]],[[564]],[[565]],[[566]],[[567]]],"type":"MultiPolygon","properties":{"id":"US-ME","name":"Maine","pcode":"US-ME"}},{"arcs":[[[568]],[[569]],[[570]],[[571]],[[572]],[[573]],[[574]],[[575]],[[576]]],"type":"MultiPolygon","properties":{"id":"US-HI","name":"Hawaii","pcode":"US-HI"}},{"arcs":[[[-205,577,-531]],[[-528,578]]],"type":"MultiPolygon","properties":{"id":"US-DE","name":"Delaware","pcode":"US-DE"}},{"arcs":[[579]],"type":"Polygon","properties":{"id":"US-GU","name":"Guam","pcode":"US-GU"}},{"arcs":[[[580]],[[581]],[[582]],[[583]],[[584]],[[585]],[[586]],[[587]],[[588]],[[589]],[[590]],[[591]]],"type":"MultiPolygon","properties":{"id":"US-MP","name":"Commonwealth of the Northern Mariana Islands","pcode":"US-MP"}},{"arcs":[[[-96,592]],[[-98,593,594]],[[595]],[[596]],[[597]]],"type":"MultiPolygon","properties":{"id":"US-RI","name":"Rhode Island","pcode":"US-RI"}},{"arcs":[[[-30,-223,-210,-505,598,599,-41]],[[-212,-222]]],"type":"MultiPolygon","properties":{"id":"US-KY","name":"Kentucky","pcode":"US-KY"}},{"arcs":[[[-42,-600,600,-79,601,-200]],[[602]],[[603]],[[604]],[[605]]],"type":"MultiPolygon","properties":{"id":"US-OH","name":"Ohio","pcode":"US-OH"}},{"arcs":[[[-84,606,-502,-511,607,608]],[[609]],[[610]],[[611]],[[612]],[[613]],[[614]],[[615]],[[616]],[[617]],[[618]],[[619]],[[620]],[[621]],[[622]],[[623]],[[624]],[[625]]],"type":"MultiPolygon","properties":{"id":"US-WI","name":"Wisconsin","pcode":"US-WI"}},{"arcs":[[-107,-500,-188,626,-133]],"type":"Polygon","properties":{"id":"US-OR","name":"Oregon","pcode":"US-OR"}},{"arcs":[[-166,-509,627,628]],"type":"Polygon","properties":{"id":"US-ND","name":"North Dakota","pcode":"US-ND"}},{"arcs":[[-4,-47,-169,-26,-214,-221]],"type":"Polygon","properties":{"id":"US-AR","name":"Arkansas","pcode":"US-AR"}},{"arcs":[[-80,-601,-599,-504,629]],"type":"Polygon","properties":{"id":"US-IN","name":"Indiana","pcode":"US-IN"}},{"arcs":[[[-167,-629,630,-608,-510]],[[631]]],"type":"MultiPolygon","properties":{"id":"US-MN","name":"Minnesota","pcode":"US-MN"}},{"arcs":[[-99,-595,632,-225]],"type":"Polygon","properties":{"id":"US-CT","name":"Connecticut","pcode":"US-CT"}}]}}}